Dataset,Source_Row,Column,Value,Issue
customer_master.csv,788,Join_Date,2027-01-15,Future Date
customer_master.csv,1575,Join_Date,2027-01-15,Future Date
customer_master.csv,2362,Join_Date,2027-01-15,Future Date
customer_master.csv,3149,Join_Date,2027-01-15,Future Date
customer_master.csv,3936,Join_Date,2027-01-15,Future Date
customer_master.csv,4723,Join_Date,2027-01-15,Future Date
customer_master.csv,5510,Join_Date,2027-01-15,Future Date
customer_master.csv,6297,Join_Date,2027-01-15,Future Date
customer_master.csv,7084,Join_Date,2027-01-15,Future Date
customer_master.csv,7871,Join_Date,2027-01-15,Future Date
customer_master.csv,8658,Join_Date,2027-01-15,Future Date
customer_master.csv,9445,Join_Date,2027-01-15,Future Date
customer_master.csv,10232,Join_Date,2027-01-15,Future Date
customer_master.csv,11019,Join_Date,2027-01-15,Future Date
customer_master.csv,11806,Join_Date,2027-01-15,Future Date
customer_master.csv,12593,Join_Date,2027-01-15,Future Date
customer_master.csv,13380,Join_Date,2027-01-15,Future Date
customer_master.csv,14167,Join_Date,2027-01-15,Future Date
customer_master.csv,14954,Join_Date,2027-01-15,Future Date
customer_master.csv,15741,Join_Date,2027-01-15,Future Date
customer_master.csv,16528,Join_Date,2027-01-15,Future Date
customer_master.csv,17315,Join_Date,2027-01-15,Future Date
customer_master.csv,18102,Join_Date,2027-01-15,Future Date
customer_master.csv,18889,Join_Date,2027-01-15,Future Date
customer_master.csv,19676,Join_Date,2027-01-15,Future Date
invoices.csv,351,Due_Date,2026-09-16,Future Date
invoices.csv,352,Due_Date,2026-09-17,Future Date
invoices.csv,353,Due_Date,2026-09-18,Future Date
invoices.csv,354,Due_Date,2026-09-19,Future Date
invoices.csv,355,Due_Date,2026-09-20,Future Date
invoices.csv,356,Due_Date,2026-09-21,Future Date
invoices.csv,357,Due_Date,2026-09-22,Future Date
invoices.csv,358,Due_Date,2026-09-23,Future Date
invoices.csv,359,Due_Date,2026-09-24,Future Date
invoices.csv,360,Due_Date,2026-09-25,Future Date
invoices.csv,361,Due_Date,2026-09-26,Future Date
invoices.csv,362,Due_Date,2026-09-27,Future Date
invoices.csv,363,Due_Date,2026-09-28,Future Date
invoices.csv,364,Due_Date,2026-09-29,Future Date
invoices.csv,365,Due_Date,2026-09-30,Future Date
invoices.csv,716,Due_Date,2026-09-16,Future Date
invoices.csv,717,Due_Date,2026-09-17,Future Date
invoices.csv,718,Due_Date,2026-09-18,Future Date
invoices.csv,719,Due_Date,2026-09-19,Future Date
invoices.csv,720,Due_Date,2026-09-20,Future Date
invoices.csv,721,Due_Date,2026-09-21,Future Date
invoices.csv,722,Due_Date,2026-09-22,Future Date
invoices.csv,723,Due_Date,2026-09-23,Future Date
invoices.csv,724,Due_Date,2026-09-24,Future Date
invoices.csv,725,Due_Date,2026-09-25,Future Date
invoices.csv,726,Due_Date,2026-09-26,Future Date
invoices.csv,727,Due_Date,2026-09-27,Future Date
invoices.csv,728,Due_Date,2026-09-28,Future Date
invoices.csv,729,Due_Date,2026-09-29,Future Date
invoices.csv,730,Due_Date,2026-09-30,Future Date
invoices.csv,1081,Due_Date,2026-09-16,Future Date
invoices.csv,1082,Due_Date,2026-09-17,Future Date
invoices.csv,1083,Due_Date,2026-09-18,Future Date
invoices.csv,1084,Due_Date,2026-09-19,Future Date
invoices.csv,1085,Due_Date,2026-09-20,Future Date
invoices.csv,1086,Due_Date,2026-09-21,Future Date
invoices.csv,1087,Due_Date,2026-09-22,Future Date
invoices.csv,1088,Due_Date,2026-09-23,Future Date
invoices.csv,1089,Due_Date,2026-09-24,Future Date
invoices.csv,1090,Due_Date,2026-09-25,Future Date
invoices.csv,1091,Due_Date,2026-09-26,Future Date
invoices.csv,1092,Due_Date,2026-09-27,Future Date
invoices.csv,1093,Due_Date,2026-09-28,Future Date
invoices.csv,1094,Due_Date,2026-09-29,Future Date
invoices.csv,1095,Due_Date,2026-09-30,Future Date
invoices.csv,1446,Due_Date,2026-09-16,Future Date
invoices.csv,1447,Due_Date,2026-09-17,Future Date
invoices.csv,1448,Due_Date,2026-09-18,Future Date
invoices.csv,1449,Due_Date,2026-09-19,Future Date
invoices.csv,1450,Due_Date,2026-09-20,Future Date
invoices.csv,1451,Due_Date,2026-09-21,Future Date
invoices.csv,1452,Due_Date,2026-09-22,Future Date
invoices.csv,1453,Due_Date,2026-09-23,Future Date
invoices.csv,1454,Due_Date,2026-09-24,Future Date
invoices.csv,1455,Due_Date,2026-09-25,Future Date
invoices.csv,1456,Due_Date,2026-09-26,Future Date
invoices.csv,1457,Due_Date,2026-09-27,Future Date
invoices.csv,1458,Due_Date,2026-09-28,Future Date
invoices.csv,1459,Due_Date,2026-09-29,Future Date
invoices.csv,1460,Due_Date,2026-09-30,Future Date
invoices.csv,1811,Due_Date,2026-09-16,Future Date
invoices.csv,1812,Due_Date,2026-09-17,Future Date
invoices.csv,1813,Due_Date,2026-09-18,Future Date
invoices.csv,1814,Due_Date,2026-09-19,Future Date
invoices.csv,1815,Due_Date,2026-09-20,Future Date
invoices.csv,1816,Due_Date,2026-09-21,Future Date
invoices.csv,1817,Due_Date,2026-09-22,Future Date
invoices.csv,1818,Due_Date,2026-09-23,Future Date
invoices.csv,1819,Due_Date,2026-09-24,Future Date
invoices.csv,1820,Due_Date,2026-09-25,Future Date
invoices.csv,1821,Due_Date,2026-09-26,Future Date
invoices.csv,1822,Due_Date,2026-09-27,Future Date
invoices.csv,1823,Due_Date,2026-09-28,Future Date
invoices.csv,1824,Due_Date,2026-09-29,Future Date
invoices.csv,1825,Due_Date,2026-09-30,Future Date
invoices.csv,2176,Due_Date,2026-09-16,Future Date
invoices.csv,2177,Due_Date,2026-09-17,Future Date
invoices.csv,2178,Due_Date,2026-09-18,Future Date
invoices.csv,2179,Due_Date,2026-09-19,Future Date
invoices.csv,2180,Due_Date,2026-09-20,Future Date
invoices.csv,2181,Due_Date,2026-09-21,Future Date
invoices.csv,2182,Due_Date,2026-09-22,Future Date
invoices.csv,2183,Due_Date,2026-09-23,Future Date
invoices.csv,2184,Due_Date,2026-09-24,Future Date
invoices.csv,2185,Due_Date,2026-09-25,Future Date
invoices.csv,2186,Due_Date,2026-09-26,Future Date
invoices.csv,2187,Due_Date,2026-09-27,Future Date
invoices.csv,2188,Due_Date,2026-09-28,Future Date
invoices.csv,2189,Due_Date,2026-09-29,Future Date
invoices.csv,2190,Due_Date,2026-09-30,Future Date
invoices.csv,2541,Due_Date,2026-09-16,Future Date
invoices.csv,2542,Due_Date,2026-09-17,Future Date
invoices.csv,2543,Due_Date,2026-09-18,Future Date
invoices.csv,2544,Due_Date,2026-09-19,Future Date
invoices.csv,2545,Due_Date,2026-09-20,Future Date
invoices.csv,2546,Due_Date,2026-09-21,Future Date
invoices.csv,2547,Due_Date,2026-09-22,Future Date
invoices.csv,2548,Due_Date,2026-09-23,Future Date
invoices.csv,2549,Due_Date,2026-09-24,Future Date
invoices.csv,2550,Due_Date,2026-09-25,Future Date
invoices.csv,2551,Due_Date,2026-09-26,Future Date
invoices.csv,2552,Due_Date,2026-09-27,Future Date
invoices.csv,2553,Due_Date,2026-09-28,Future Date
invoices.csv,2554,Due_Date,2026-09-29,Future Date
invoices.csv,2555,Due_Date,2026-09-30,Future Date
invoices.csv,2906,Due_Date,2026-09-16,Future Date
invoices.csv,2907,Due_Date,2026-09-17,Future Date
invoices.csv,2908,Due_Date,2026-09-18,Future Date
invoices.csv,2909,Due_Date,2026-09-19,Future Date
invoices.csv,2910,Due_Date,2026-09-20,Future Date
invoices.csv,2911,Due_Date,2026-09-21,Future Date
invoices.csv,2912,Due_Date,2026-09-22,Future Date
invoices.csv,2913,Due_Date,2026-09-23,Future Date
invoices.csv,2914,Due_Date,2026-09-24,Future Date
invoices.csv,2915,Due_Date,2026-09-25,Future Date
invoices.csv,2916,Due_Date,2026-09-26,Future Date
invoices.csv,2917,Due_Date,2026-09-27,Future Date
invoices.csv,2918,Due_Date,2026-09-28,Future Date
invoices.csv,2919,Due_Date,2026-09-29,Future Date
invoices.csv,2920,Due_Date,2026-09-30,Future Date
invoices.csv,3271,Due_Date,2026-09-16,Future Date
invoices.csv,3272,Due_Date,2026-09-17,Future Date
invoices.csv,3273,Due_Date,2026-09-18,Future Date
invoices.csv,3274,Due_Date,2026-09-19,Future Date
invoices.csv,3275,Due_Date,2026-09-20,Future Date
invoices.csv,3276,Due_Date,2026-09-21,Future Date
invoices.csv,3277,Due_Date,2026-09-22,Future Date
invoices.csv,3278,Due_Date,2026-09-23,Future Date
invoices.csv,3279,Due_Date,2026-09-24,Future Date
invoices.csv,3280,Due_Date,2026-09-25,Future Date
invoices.csv,3281,Due_Date,2026-09-26,Future Date
invoices.csv,3282,Due_Date,2026-09-27,Future Date
invoices.csv,3283,Due_Date,2026-09-28,Future Date
invoices.csv,3284,Due_Date,2026-09-29,Future Date
invoices.csv,3285,Due_Date,2026-09-30,Future Date
invoices.csv,3636,Due_Date,2026-09-16,Future Date
invoices.csv,3637,Due_Date,2026-09-17,Future Date
invoices.csv,3638,Due_Date,2026-09-18,Future Date
invoices.csv,3639,Due_Date,2026-09-19,Future Date
invoices.csv,3640,Due_Date,2026-09-20,Future Date
invoices.csv,3641,Due_Date,2026-09-21,Future Date
invoices.csv,3642,Due_Date,2026-09-22,Future Date
invoices.csv,3643,Due_Date,2026-09-23,Future Date
invoices.csv,3644,Due_Date,2026-09-24,Future Date
invoices.csv,3645,Due_Date,2026-09-25,Future Date
invoices.csv,3646,Due_Date,2026-09-26,Future Date
invoices.csv,3647,Due_Date,2026-09-27,Future Date
invoices.csv,3648,Due_Date,2026-09-28,Future Date
invoices.csv,3649,Due_Date,2026-09-29,Future Date
invoices.csv,3650,Due_Date,2026-09-30,Future Date
invoices.csv,4001,Due_Date,2026-09-16,Future Date
invoices.csv,4002,Due_Date,2026-09-17,Future Date
invoices.csv,4003,Due_Date,2026-09-18,Future Date
invoices.csv,4004,Due_Date,2026-09-19,Future Date
invoices.csv,4005,Due_Date,2026-09-20,Future Date
invoices.csv,4006,Due_Date,2026-09-21,Future Date
invoices.csv,4007,Due_Date,2026-09-22,Future Date
invoices.csv,4008,Due_Date,2026-09-23,Future Date
invoices.csv,4009,Due_Date,2026-09-24,Future Date
invoices.csv,4010,Due_Date,2026-09-25,Future Date
invoices.csv,4011,Due_Date,2026-09-26,Future Date
invoices.csv,4012,Due_Date,2026-09-27,Future Date
invoices.csv,4013,Due_Date,2026-09-28,Future Date
invoices.csv,4014,Due_Date,2026-09-29,Future Date
invoices.csv,4015,Due_Date,2026-09-30,Future Date
invoices.csv,4366,Due_Date,2026-09-16,Future Date
invoices.csv,4367,Due_Date,2026-09-17,Future Date
invoices.csv,4368,Due_Date,2026-09-18,Future Date
invoices.csv,4369,Due_Date,2026-09-19,Future Date
invoices.csv,4370,Due_Date,2026-09-20,Future Date
invoices.csv,4371,Due_Date,2026-09-21,Future Date
invoices.csv,4372,Due_Date,2026-09-22,Future Date
invoices.csv,4373,Due_Date,2026-09-23,Future Date
invoices.csv,4374,Due_Date,2026-09-24,Future Date
invoices.csv,4375,Due_Date,2026-09-25,Future Date
invoices.csv,4376,Due_Date,2026-09-26,Future Date
invoices.csv,4377,Due_Date,2026-09-27,Future Date
invoices.csv,4378,Due_Date,2026-09-28,Future Date
invoices.csv,4379,Due_Date,2026-09-29,Future Date
invoices.csv,4380,Due_Date,2026-09-30,Future Date
invoices.csv,4731,Due_Date,2026-09-16,Future Date
invoices.csv,4732,Due_Date,2026-09-17,Future Date
invoices.csv,4733,Due_Date,2026-09-18,Future Date
invoices.csv,4734,Due_Date,2026-09-19,Future Date
invoices.csv,4735,Due_Date,2026-09-20,Future Date
invoices.csv,4736,Due_Date,2026-09-21,Future Date
invoices.csv,4737,Due_Date,2026-09-22,Future Date
invoices.csv,4738,Due_Date,2026-09-23,Future Date
invoices.csv,4739,Due_Date,2026-09-24,Future Date
invoices.csv,4740,Due_Date,2026-09-25,Future Date
invoices.csv,4741,Due_Date,2026-09-26,Future Date
invoices.csv,4742,Due_Date,2026-09-27,Future Date
invoices.csv,4743,Due_Date,2026-09-28,Future Date
invoices.csv,4744,Due_Date,2026-09-29,Future Date
invoices.csv,4745,Due_Date,2026-09-30,Future Date
invoices.csv,5096,Due_Date,2026-09-16,Future Date
invoices.csv,5097,Due_Date,2026-09-17,Future Date
invoices.csv,5098,Due_Date,2026-09-18,Future Date
invoices.csv,5099,Due_Date,2026-09-19,Future Date
invoices.csv,5100,Due_Date,2026-09-20,Future Date
invoices.csv,5101,Due_Date,2026-09-21,Future Date
invoices.csv,5102,Due_Date,2026-09-22,Future Date
invoices.csv,5103,Due_Date,2026-09-23,Future Date
invoices.csv,5104,Due_Date,2026-09-24,Future Date
invoices.csv,5105,Due_Date,2026-09-25,Future Date
invoices.csv,5106,Due_Date,2026-09-26,Future Date
invoices.csv,5107,Due_Date,2026-09-27,Future Date
invoices.csv,5108,Due_Date,2026-09-28,Future Date
invoices.csv,5109,Due_Date,2026-09-29,Future Date
invoices.csv,5110,Due_Date,2026-09-30,Future Date
invoices.csv,5461,Due_Date,2026-09-16,Future Date
invoices.csv,5462,Due_Date,2026-09-17,Future Date
invoices.csv,5463,Due_Date,2026-09-18,Future Date
invoices.csv,5464,Due_Date,2026-09-19,Future Date
invoices.csv,5465,Due_Date,2026-09-20,Future Date
invoices.csv,5466,Due_Date,2026-09-21,Future Date
invoices.csv,5467,Due_Date,2026-09-22,Future Date
invoices.csv,5468,Due_Date,2026-09-23,Future Date
invoices.csv,5469,Due_Date,2026-09-24,Future Date
invoices.csv,5470,Due_Date,2026-09-25,Future Date
invoices.csv,5471,Due_Date,2026-09-26,Future Date
invoices.csv,5472,Due_Date,2026-09-27,Future Date
invoices.csv,5473,Due_Date,2026-09-28,Future Date
invoices.csv,5474,Due_Date,2026-09-29,Future Date
invoices.csv,5475,Due_Date,2026-09-30,Future Date
invoices.csv,5826,Due_Date,2026-09-16,Future Date
invoices.csv,5827,Due_Date,2026-09-17,Future Date
invoices.csv,5828,Due_Date,2026-09-18,Future Date
invoices.csv,5829,Due_Date,2026-09-19,Future Date
invoices.csv,5830,Due_Date,2026-09-20,Future Date
invoices.csv,5831,Due_Date,2026-09-21,Future Date
invoices.csv,5832,Due_Date,2026-09-22,Future Date
invoices.csv,5833,Due_Date,2026-09-23,Future Date
invoices.csv,5834,Due_Date,2026-09-24,Future Date
invoices.csv,5835,Due_Date,2026-09-25,Future Date
invoices.csv,5836,Due_Date,2026-09-26,Future Date
invoices.csv,5837,Due_Date,2026-09-27,Future Date
invoices.csv,5838,Due_Date,2026-09-28,Future Date
invoices.csv,5839,Due_Date,2026-09-29,Future Date
invoices.csv,5840,Due_Date,2026-09-30,Future Date
invoices.csv,6191,Due_Date,2026-09-16,Future Date
invoices.csv,6192,Due_Date,2026-09-17,Future Date
invoices.csv,6193,Due_Date,2026-09-18,Future Date
invoices.csv,6194,Due_Date,2026-09-19,Future Date
invoices.csv,6195,Due_Date,2026-09-20,Future Date
invoices.csv,6196,Due_Date,2026-09-21,Future Date
invoices.csv,6197,Due_Date,2026-09-22,Future Date
invoices.csv,6198,Due_Date,2026-09-23,Future Date
invoices.csv,6199,Due_Date,2026-09-24,Future Date
invoices.csv,6200,Due_Date,2026-09-25,Future Date
invoices.csv,6201,Due_Date,2026-09-26,Future Date
invoices.csv,6202,Due_Date,2026-09-27,Future Date
invoices.csv,6203,Due_Date,2026-09-28,Future Date
invoices.csv,6204,Due_Date,2026-09-29,Future Date
invoices.csv,6205,Due_Date,2026-09-30,Future Date
invoices.csv,6556,Due_Date,2026-09-16,Future Date
invoices.csv,6557,Due_Date,2026-09-17,Future Date
invoices.csv,6558,Due_Date,2026-09-18,Future Date
invoices.csv,6559,Due_Date,2026-09-19,Future Date
invoices.csv,6560,Due_Date,2026-09-20,Future Date
invoices.csv,6561,Due_Date,2026-09-21,Future Date
invoices.csv,6562,Due_Date,2026-09-22,Future Date
invoices.csv,6563,Due_Date,2026-09-23,Future Date
invoices.csv,6564,Due_Date,2026-09-24,Future Date
invoices.csv,6565,Due_Date,2026-09-25,Future Date
invoices.csv,6566,Due_Date,2026-09-26,Future Date
invoices.csv,6567,Due_Date,2026-09-27,Future Date
invoices.csv,6568,Due_Date,2026-09-28,Future Date
invoices.csv,6569,Due_Date,2026-09-29,Future Date
invoices.csv,6570,Due_Date,2026-09-30,Future Date
invoices.csv,6921,Due_Date,2026-09-16,Future Date
invoices.csv,6922,Due_Date,2026-09-17,Future Date
invoices.csv,6923,Due_Date,2026-09-18,Future Date
invoices.csv,6924,Due_Date,2026-09-19,Future Date
invoices.csv,6925,Due_Date,2026-09-20,Future Date
invoices.csv,6926,Due_Date,2026-09-21,Future Date
invoices.csv,6927,Due_Date,2026-09-22,Future Date
invoices.csv,6928,Due_Date,2026-09-23,Future Date
invoices.csv,6929,Due_Date,2026-09-24,Future Date
invoices.csv,6930,Due_Date,2026-09-25,Future Date
invoices.csv,6931,Due_Date,2026-09-26,Future Date
invoices.csv,6932,Due_Date,2026-09-27,Future Date
invoices.csv,6933,Due_Date,2026-09-28,Future Date
invoices.csv,6934,Due_Date,2026-09-29,Future Date
invoices.csv,6935,Due_Date,2026-09-30,Future Date
invoices.csv,7286,Due_Date,2026-09-16,Future Date
invoices.csv,7287,Due_Date,2026-09-17,Future Date
invoices.csv,7288,Due_Date,2026-09-18,Future Date
invoices.csv,7289,Due_Date,2026-09-19,Future Date
invoices.csv,7290,Due_Date,2026-09-20,Future Date
invoices.csv,7291,Due_Date,2026-09-21,Future Date
invoices.csv,7292,Due_Date,2026-09-22,Future Date
invoices.csv,7293,Due_Date,2026-09-23,Future Date
invoices.csv,7294,Due_Date,2026-09-24,Future Date
invoices.csv,7295,Due_Date,2026-09-25,Future Date
invoices.csv,7296,Due_Date,2026-09-26,Future Date
invoices.csv,7297,Due_Date,2026-09-27,Future Date
invoices.csv,7298,Due_Date,2026-09-28,Future Date
invoices.csv,7299,Due_Date,2026-09-29,Future Date
invoices.csv,7300,Due_Date,2026-09-30,Future Date
invoices.csv,7651,Due_Date,2026-09-16,Future Date
invoices.csv,7652,Due_Date,2026-09-17,Future Date
invoices.csv,7653,Due_Date,2026-09-18,Future Date
invoices.csv,7654,Due_Date,2026-09-19,Future Date
invoices.csv,7655,Due_Date,2026-09-20,Future Date
invoices.csv,7656,Due_Date,2026-09-21,Future Date
invoices.csv,7657,Due_Date,2026-09-22,Future Date
invoices.csv,7658,Due_Date,2026-09-23,Future Date
invoices.csv,7659,Due_Date,2026-09-24,Future Date
invoices.csv,7660,Due_Date,2026-09-25,Future Date
invoices.csv,7661,Due_Date,2026-09-26,Future Date
invoices.csv,7662,Due_Date,2026-09-27,Future Date
invoices.csv,7663,Due_Date,2026-09-28,Future Date
invoices.csv,7664,Due_Date,2026-09-29,Future Date
invoices.csv,7665,Due_Date,2026-09-30,Future Date
invoices.csv,8016,Due_Date,2026-09-16,Future Date
invoices.csv,8017,Due_Date,2026-09-17,Future Date
invoices.csv,8018,Due_Date,2026-09-18,Future Date
invoices.csv,8019,Due_Date,2026-09-19,Future Date
invoices.csv,8020,Due_Date,2026-09-20,Future Date
invoices.csv,8021,Due_Date,2026-09-21,Future Date
invoices.csv,8022,Due_Date,2026-09-22,Future Date
invoices.csv,8023,Due_Date,2026-09-23,Future Date
invoices.csv,8024,Due_Date,2026-09-24,Future Date
invoices.csv,8025,Due_Date,2026-09-25,Future Date
invoices.csv,8026,Due_Date,2026-09-26,Future Date
invoices.csv,8027,Due_Date,2026-09-27,Future Date
invoices.csv,8028,Due_Date,2026-09-28,Future Date
invoices.csv,8029,Due_Date,2026-09-29,Future Date
invoices.csv,8030,Due_Date,2026-09-30,Future Date
invoices.csv,8381,Due_Date,2026-09-16,Future Date
invoices.csv,8382,Due_Date,2026-09-17,Future Date
invoices.csv,8383,Due_Date,2026-09-18,Future Date
invoices.csv,8384,Due_Date,2026-09-19,Future Date
invoices.csv,8385,Due_Date,2026-09-20,Future Date
invoices.csv,8386,Due_Date,2026-09-21,Future Date
invoices.csv,8387,Due_Date,2026-09-22,Future Date
invoices.csv,8388,Due_Date,2026-09-23,Future Date
invoices.csv,8389,Due_Date,2026-09-24,Future Date
invoices.csv,8390,Due_Date,2026-09-25,Future Date
invoices.csv,8391,Due_Date,2026-09-26,Future Date
invoices.csv,8392,Due_Date,2026-09-27,Future Date
invoices.csv,8393,Due_Date,2026-09-28,Future Date
invoices.csv,8394,Due_Date,2026-09-29,Future Date
invoices.csv,8395,Due_Date,2026-09-30,Future Date
invoices.csv,8746,Due_Date,2026-09-16,Future Date
invoices.csv,8747,Due_Date,2026-09-17,Future Date
invoices.csv,8748,Due_Date,2026-09-18,Future Date
invoices.csv,8749,Due_Date,2026-09-19,Future Date
invoices.csv,8750,Due_Date,2026-09-20,Future Date
invoices.csv,8751,Due_Date,2026-09-21,Future Date
invoices.csv,8752,Due_Date,2026-09-22,Future Date
invoices.csv,8753,Due_Date,2026-09-23,Future Date
invoices.csv,8754,Due_Date,2026-09-24,Future Date
invoices.csv,8755,Due_Date,2026-09-25,Future Date
invoices.csv,8756,Due_Date,2026-09-26,Future Date
invoices.csv,8757,Due_Date,2026-09-27,Future Date
invoices.csv,8758,Due_Date,2026-09-28,Future Date
invoices.csv,8759,Due_Date,2026-09-29,Future Date
invoices.csv,8760,Due_Date,2026-09-30,Future Date
invoices.csv,9111,Due_Date,2026-09-16,Future Date
invoices.csv,9112,Due_Date,2026-09-17,Future Date
invoices.csv,9113,Due_Date,2026-09-18,Future Date
invoices.csv,9114,Due_Date,2026-09-19,Future Date
invoices.csv,9115,Due_Date,2026-09-20,Future Date
invoices.csv,9116,Due_Date,2026-09-21,Future Date
invoices.csv,9117,Due_Date,2026-09-22,Future Date
invoices.csv,9118,Due_Date,2026-09-23,Future Date
invoices.csv,9119,Due_Date,2026-09-24,Future Date
invoices.csv,9120,Due_Date,2026-09-25,Future Date
invoices.csv,9121,Due_Date,2026-09-26,Future Date
invoices.csv,9122,Due_Date,2026-09-27,Future Date
invoices.csv,9123,Due_Date,2026-09-28,Future Date
invoices.csv,9124,Due_Date,2026-09-29,Future Date
invoices.csv,9125,Due_Date,2026-09-30,Future Date
invoices.csv,9476,Due_Date,2026-09-16,Future Date
invoices.csv,9477,Due_Date,2026-09-17,Future Date
invoices.csv,9478,Due_Date,2026-09-18,Future Date
invoices.csv,9479,Due_Date,2026-09-19,Future Date
invoices.csv,9480,Due_Date,2026-09-20,Future Date
invoices.csv,9481,Due_Date,2026-09-21,Future Date
invoices.csv,9482,Due_Date,2026-09-22,Future Date
invoices.csv,9483,Due_Date,2026-09-23,Future Date
invoices.csv,9484,Due_Date,2026-09-24,Future Date
invoices.csv,9485,Due_Date,2026-09-25,Future Date
invoices.csv,9486,Due_Date,2026-09-26,Future Date
invoices.csv,9487,Due_Date,2026-09-27,Future Date
invoices.csv,9488,Due_Date,2026-09-28,Future Date
invoices.csv,9489,Due_Date,2026-09-29,Future Date
invoices.csv,9490,Due_Date,2026-09-30,Future Date
invoices.csv,9841,Due_Date,2026-09-16,Future Date
invoices.csv,9842,Due_Date,2026-09-17,Future Date
invoices.csv,9843,Due_Date,2026-09-18,Future Date
invoices.csv,9844,Due_Date,2026-09-19,Future Date
invoices.csv,9845,Due_Date,2026-09-20,Future Date
invoices.csv,9846,Due_Date,2026-09-21,Future Date
invoices.csv,9847,Due_Date,2026-09-22,Future Date
invoices.csv,9848,Due_Date,2026-09-23,Future Date
invoices.csv,9849,Due_Date,2026-09-24,Future Date
invoices.csv,9850,Due_Date,2026-09-25,Future Date
invoices.csv,9851,Due_Date,2026-09-26,Future Date
invoices.csv,9852,Due_Date,2026-09-27,Future Date
invoices.csv,9853,Due_Date,2026-09-28,Future Date
invoices.csv,9854,Due_Date,2026-09-29,Future Date
invoices.csv,9855,Due_Date,2026-09-30,Future Date
invoices.csv,10206,Due_Date,2026-09-16,Future Date
invoices.csv,10207,Due_Date,2026-09-17,Future Date
invoices.csv,10208,Due_Date,2026-09-18,Future Date
invoices.csv,10209,Due_Date,2026-09-19,Future Date
invoices.csv,10210,Due_Date,2026-09-20,Future Date
invoices.csv,10211,Due_Date,2026-09-21,Future Date
invoices.csv,10212,Due_Date,2026-09-22,Future Date
invoices.csv,10213,Due_Date,2026-09-23,Future Date
invoices.csv,10214,Due_Date,2026-09-24,Future Date
invoices.csv,10215,Due_Date,2026-09-25,Future Date
invoices.csv,10216,Due_Date,2026-09-26,Future Date
invoices.csv,10217,Due_Date,2026-09-27,Future Date
invoices.csv,10218,Due_Date,2026-09-28,Future Date
invoices.csv,10219,Due_Date,2026-09-29,Future Date
invoices.csv,10220,Due_Date,2026-09-30,Future Date
invoices.csv,10571,Due_Date,2026-09-16,Future Date
invoices.csv,10572,Due_Date,2026-09-17,Future Date
invoices.csv,10573,Due_Date,2026-09-18,Future Date
invoices.csv,10574,Due_Date,2026-09-19,Future Date
invoices.csv,10575,Due_Date,2026-09-20,Future Date
invoices.csv,10576,Due_Date,2026-09-21,Future Date
invoices.csv,10577,Due_Date,2026-09-22,Future Date
invoices.csv,10578,Due_Date,2026-09-23,Future Date
invoices.csv,10579,Due_Date,2026-09-24,Future Date
invoices.csv,10580,Due_Date,2026-09-25,Future Date
invoices.csv,10581,Due_Date,2026-09-26,Future Date
invoices.csv,10582,Due_Date,2026-09-27,Future Date
invoices.csv,10583,Due_Date,2026-09-28,Future Date
invoices.csv,10584,Due_Date,2026-09-29,Future Date
invoices.csv,10585,Due_Date,2026-09-30,Future Date
invoices.csv,10936,Due_Date,2026-09-16,Future Date
invoices.csv,10937,Due_Date,2026-09-17,Future Date
invoices.csv,10938,Due_Date,2026-09-18,Future Date
invoices.csv,10939,Due_Date,2026-09-19,Future Date
invoices.csv,10940,Due_Date,2026-09-20,Future Date
invoices.csv,10941,Due_Date,2026-09-21,Future Date
invoices.csv,10942,Due_Date,2026-09-22,Future Date
invoices.csv,10943,Due_Date,2026-09-23,Future Date
invoices.csv,10944,Due_Date,2026-09-24,Future Date
invoices.csv,10945,Due_Date,2026-09-25,Future Date
invoices.csv,10946,Due_Date,2026-09-26,Future Date
invoices.csv,10947,Due_Date,2026-09-27,Future Date
invoices.csv,10948,Due_Date,2026-09-28,Future Date
invoices.csv,10949,Due_Date,2026-09-29,Future Date
invoices.csv,10950,Due_Date,2026-09-30,Future Date
invoices.csv,11301,Due_Date,2026-09-16,Future Date
invoices.csv,11302,Due_Date,2026-09-17,Future Date
invoices.csv,11303,Due_Date,2026-09-18,Future Date
invoices.csv,11304,Due_Date,2026-09-19,Future Date
invoices.csv,11305,Due_Date,2026-09-20,Future Date
invoices.csv,11306,Due_Date,2026-09-21,Future Date
invoices.csv,11307,Due_Date,2026-09-22,Future Date
invoices.csv,11308,Due_Date,2026-09-23,Future Date
invoices.csv,11309,Due_Date,2026-09-24,Future Date
invoices.csv,11310,Due_Date,2026-09-25,Future Date
invoices.csv,11311,Due_Date,2026-09-26,Future Date
invoices.csv,11312,Due_Date,2026-09-27,Future Date
invoices.csv,11313,Due_Date,2026-09-28,Future Date
invoices.csv,11314,Due_Date,2026-09-29,Future Date
invoices.csv,11315,Due_Date,2026-09-30,Future Date
invoices.csv,11666,Due_Date,2026-09-16,Future Date
invoices.csv,11667,Due_Date,2026-09-17,Future Date
invoices.csv,11668,Due_Date,2026-09-18,Future Date
invoices.csv,11669,Due_Date,2026-09-19,Future Date
invoices.csv,11670,Due_Date,2026-09-20,Future Date
invoices.csv,11671,Due_Date,2026-09-21,Future Date
invoices.csv,11672,Due_Date,2026-09-22,Future Date
invoices.csv,11673,Due_Date,2026-09-23,Future Date
invoices.csv,11674,Due_Date,2026-09-24,Future Date
invoices.csv,11675,Due_Date,2026-09-25,Future Date
invoices.csv,11676,Due_Date,2026-09-26,Future Date
invoices.csv,11677,Due_Date,2026-09-27,Future Date
invoices.csv,11678,Due_Date,2026-09-28,Future Date
invoices.csv,11679,Due_Date,2026-09-29,Future Date
invoices.csv,11680,Due_Date,2026-09-30,Future Date
invoices.csv,12031,Due_Date,2026-09-16,Future Date
invoices.csv,12032,Due_Date,2026-09-17,Future Date
invoices.csv,12033,Due_Date,2026-09-18,Future Date
invoices.csv,12034,Due_Date,2026-09-19,Future Date
invoices.csv,12035,Due_Date,2026-09-20,Future Date
invoices.csv,12036,Due_Date,2026-09-21,Future Date
invoices.csv,12037,Due_Date,2026-09-22,Future Date
invoices.csv,12038,Due_Date,2026-09-23,Future Date
invoices.csv,12039,Due_Date,2026-09-24,Future Date
invoices.csv,12040,Due_Date,2026-09-25,Future Date
invoices.csv,12041,Due_Date,2026-09-26,Future Date
invoices.csv,12042,Due_Date,2026-09-27,Future Date
invoices.csv,12043,Due_Date,2026-09-28,Future Date
invoices.csv,12044,Due_Date,2026-09-29,Future Date
invoices.csv,12045,Due_Date,2026-09-30,Future Date
invoices.csv,12396,Due_Date,2026-09-16,Future Date
invoices.csv,12397,Due_Date,2026-09-17,Future Date
invoices.csv,12398,Due_Date,2026-09-18,Future Date
invoices.csv,12399,Due_Date,2026-09-19,Future Date
invoices.csv,12400,Due_Date,2026-09-20,Future Date
invoices.csv,12401,Due_Date,2026-09-21,Future Date
invoices.csv,12402,Due_Date,2026-09-22,Future Date
invoices.csv,12403,Due_Date,2026-09-23,Future Date
invoices.csv,12404,Due_Date,2026-09-24,Future Date
invoices.csv,12405,Due_Date,2026-09-25,Future Date
invoices.csv,12406,Due_Date,2026-09-26,Future Date
invoices.csv,12407,Due_Date,2026-09-27,Future Date
invoices.csv,12408,Due_Date,2026-09-28,Future Date
invoices.csv,12409,Due_Date,2026-09-29,Future Date
invoices.csv,12410,Due_Date,2026-09-30,Future Date
invoices.csv,12761,Due_Date,2026-09-16,Future Date
invoices.csv,12762,Due_Date,2026-09-17,Future Date
invoices.csv,12763,Due_Date,2026-09-18,Future Date
invoices.csv,12764,Due_Date,2026-09-19,Future Date
invoices.csv,12765,Due_Date,2026-09-20,Future Date
invoices.csv,12766,Due_Date,2026-09-21,Future Date
invoices.csv,12767,Due_Date,2026-09-22,Future Date
invoices.csv,12768,Due_Date,2026-09-23,Future Date
invoices.csv,12769,Due_Date,2026-09-24,Future Date
invoices.csv,12770,Due_Date,2026-09-25,Future Date
invoices.csv,12771,Due_Date,2026-09-26,Future Date
invoices.csv,12772,Due_Date,2026-09-27,Future Date
invoices.csv,12773,Due_Date,2026-09-28,Future Date
invoices.csv,12774,Due_Date,2026-09-29,Future Date
invoices.csv,12775,Due_Date,2026-09-30,Future Date
invoices.csv,13126,Due_Date,2026-09-16,Future Date
invoices.csv,13127,Due_Date,2026-09-17,Future Date
invoices.csv,13128,Due_Date,2026-09-18,Future Date
invoices.csv,13129,Due_Date,2026-09-19,Future Date
invoices.csv,13130,Due_Date,2026-09-20,Future Date
invoices.csv,13131,Due_Date,2026-09-21,Future Date
invoices.csv,13132,Due_Date,2026-09-22,Future Date
invoices.csv,13133,Due_Date,2026-09-23,Future Date
invoices.csv,13134,Due_Date,2026-09-24,Future Date
invoices.csv,13135,Due_Date,2026-09-25,Future Date
invoices.csv,13136,Due_Date,2026-09-26,Future Date
invoices.csv,13137,Due_Date,2026-09-27,Future Date
invoices.csv,13138,Due_Date,2026-09-28,Future Date
invoices.csv,13139,Due_Date,2026-09-29,Future Date
invoices.csv,13140,Due_Date,2026-09-30,Future Date
invoices.csv,13491,Due_Date,2026-09-16,Future Date
invoices.csv,13492,Due_Date,2026-09-17,Future Date
invoices.csv,13493,Due_Date,2026-09-18,Future Date
invoices.csv,13494,Due_Date,2026-09-19,Future Date
invoices.csv,13495,Due_Date,2026-09-20,Future Date
invoices.csv,13496,Due_Date,2026-09-21,Future Date
invoices.csv,13497,Due_Date,2026-09-22,Future Date
invoices.csv,13498,Due_Date,2026-09-23,Future Date
invoices.csv,13499,Due_Date,2026-09-24,Future Date
invoices.csv,13500,Due_Date,2026-09-25,Future Date
invoices.csv,13501,Due_Date,2026-09-26,Future Date
invoices.csv,13502,Due_Date,2026-09-27,Future Date
invoices.csv,13503,Due_Date,2026-09-28,Future Date
invoices.csv,13504,Due_Date,2026-09-29,Future Date
invoices.csv,13505,Due_Date,2026-09-30,Future Date
invoices.csv,13856,Due_Date,2026-09-16,Future Date
invoices.csv,13857,Due_Date,2026-09-17,Future Date
invoices.csv,13858,Due_Date,2026-09-18,Future Date
invoices.csv,13859,Due_Date,2026-09-19,Future Date
invoices.csv,13860,Due_Date,2026-09-20,Future Date
invoices.csv,13861,Due_Date,2026-09-21,Future Date
invoices.csv,13862,Due_Date,2026-09-22,Future Date
invoices.csv,13863,Due_Date,2026-09-23,Future Date
invoices.csv,13864,Due_Date,2026-09-24,Future Date
invoices.csv,13865,Due_Date,2026-09-25,Future Date
invoices.csv,13866,Due_Date,2026-09-26,Future Date
invoices.csv,13867,Due_Date,2026-09-27,Future Date
invoices.csv,13868,Due_Date,2026-09-28,Future Date
invoices.csv,13869,Due_Date,2026-09-29,Future Date
invoices.csv,13870,Due_Date,2026-09-30,Future Date
invoices.csv,14221,Due_Date,2026-09-16,Future Date
invoices.csv,14222,Due_Date,2026-09-17,Future Date
invoices.csv,14223,Due_Date,2026-09-18,Future Date
invoices.csv,14224,Due_Date,2026-09-19,Future Date
invoices.csv,14225,Due_Date,2026-09-20,Future Date
invoices.csv,14226,Due_Date,2026-09-21,Future Date
invoices.csv,14227,Due_Date,2026-09-22,Future Date
invoices.csv,14228,Due_Date,2026-09-23,Future Date
invoices.csv,14229,Due_Date,2026-09-24,Future Date
invoices.csv,14230,Due_Date,2026-09-25,Future Date
invoices.csv,14231,Due_Date,2026-09-26,Future Date
invoices.csv,14232,Due_Date,2026-09-27,Future Date
invoices.csv,14233,Due_Date,2026-09-28,Future Date
invoices.csv,14234,Due_Date,2026-09-29,Future Date
invoices.csv,14235,Due_Date,2026-09-30,Future Date
invoices.csv,14586,Due_Date,2026-09-16,Future Date
invoices.csv,14587,Due_Date,2026-09-17,Future Date
invoices.csv,14588,Due_Date,2026-09-18,Future Date
invoices.csv,14589,Due_Date,2026-09-19,Future Date
invoices.csv,14590,Due_Date,2026-09-20,Future Date
invoices.csv,14591,Due_Date,2026-09-21,Future Date
invoices.csv,14592,Due_Date,2026-09-22,Future Date
invoices.csv,14593,Due_Date,2026-09-23,Future Date
invoices.csv,14594,Due_Date,2026-09-24,Future Date
invoices.csv,14595,Due_Date,2026-09-25,Future Date
invoices.csv,14596,Due_Date,2026-09-26,Future Date
invoices.csv,14597,Due_Date,2026-09-27,Future Date
invoices.csv,14598,Due_Date,2026-09-28,Future Date
invoices.csv,14599,Due_Date,2026-09-29,Future Date
invoices.csv,14600,Due_Date,2026-09-30,Future Date
invoices.csv,14951,Due_Date,2026-09-16,Future Date
invoices.csv,14952,Due_Date,2026-09-17,Future Date
invoices.csv,14953,Due_Date,2026-09-18,Future Date
invoices.csv,14954,Due_Date,2026-09-19,Future Date
invoices.csv,14955,Due_Date,2026-09-20,Future Date
invoices.csv,14956,Due_Date,2026-09-21,Future Date
invoices.csv,14957,Due_Date,2026-09-22,Future Date
invoices.csv,14958,Due_Date,2026-09-23,Future Date
invoices.csv,14959,Due_Date,2026-09-24,Future Date
invoices.csv,14960,Due_Date,2026-09-25,Future Date
invoices.csv,14961,Due_Date,2026-09-26,Future Date
invoices.csv,14962,Due_Date,2026-09-27,Future Date
invoices.csv,14963,Due_Date,2026-09-28,Future Date
invoices.csv,14964,Due_Date,2026-09-29,Future Date
invoices.csv,14965,Due_Date,2026-09-30,Future Date
invoices.csv,15316,Due_Date,2026-09-16,Future Date
invoices.csv,15317,Due_Date,2026-09-17,Future Date
invoices.csv,15318,Due_Date,2026-09-18,Future Date
invoices.csv,15319,Due_Date,2026-09-19,Future Date
invoices.csv,15320,Due_Date,2026-09-20,Future Date
invoices.csv,15321,Due_Date,2026-09-21,Future Date
invoices.csv,15322,Due_Date,2026-09-22,Future Date
invoices.csv,15323,Due_Date,2026-09-23,Future Date
invoices.csv,15324,Due_Date,2026-09-24,Future Date
invoices.csv,15325,Due_Date,2026-09-25,Future Date
invoices.csv,15326,Due_Date,2026-09-26,Future Date
invoices.csv,15327,Due_Date,2026-09-27,Future Date
invoices.csv,15328,Due_Date,2026-09-28,Future Date
invoices.csv,15329,Due_Date,2026-09-29,Future Date
invoices.csv,15330,Due_Date,2026-09-30,Future Date
invoices.csv,15681,Due_Date,2026-09-16,Future Date
invoices.csv,15682,Due_Date,2026-09-17,Future Date
invoices.csv,15683,Due_Date,2026-09-18,Future Date
invoices.csv,15684,Due_Date,2026-09-19,Future Date
invoices.csv,15685,Due_Date,2026-09-20,Future Date
invoices.csv,15686,Due_Date,2026-09-21,Future Date
invoices.csv,15687,Due_Date,2026-09-22,Future Date
invoices.csv,15688,Due_Date,2026-09-23,Future Date
invoices.csv,15689,Due_Date,2026-09-24,Future Date
invoices.csv,15690,Due_Date,2026-09-25,Future Date
invoices.csv,15691,Due_Date,2026-09-26,Future Date
invoices.csv,15692,Due_Date,2026-09-27,Future Date
invoices.csv,15693,Due_Date,2026-09-28,Future Date
invoices.csv,15694,Due_Date,2026-09-29,Future Date
invoices.csv,15695,Due_Date,2026-09-30,Future Date
invoices.csv,16046,Due_Date,2026-09-16,Future Date
invoices.csv,16047,Due_Date,2026-09-17,Future Date
invoices.csv,16048,Due_Date,2026-09-18,Future Date
invoices.csv,16049,Due_Date,2026-09-19,Future Date
invoices.csv,16050,Due_Date,2026-09-20,Future Date
invoices.csv,16051,Due_Date,2026-09-21,Future Date
invoices.csv,16052,Due_Date,2026-09-22,Future Date
invoices.csv,16053,Due_Date,2026-09-23,Future Date
invoices.csv,16054,Due_Date,2026-09-24,Future Date
invoices.csv,16055,Due_Date,2026-09-25,Future Date
invoices.csv,16056,Due_Date,2026-09-26,Future Date
invoices.csv,16057,Due_Date,2026-09-27,Future Date
invoices.csv,16058,Due_Date,2026-09-28,Future Date
invoices.csv,16059,Due_Date,2026-09-29,Future Date
invoices.csv,16060,Due_Date,2026-09-30,Future Date
invoices.csv,16411,Due_Date,2026-09-16,Future Date
invoices.csv,16412,Due_Date,2026-09-17,Future Date
invoices.csv,16413,Due_Date,2026-09-18,Future Date
invoices.csv,16414,Due_Date,2026-09-19,Future Date
invoices.csv,16415,Due_Date,2026-09-20,Future Date
invoices.csv,16416,Due_Date,2026-09-21,Future Date
invoices.csv,16417,Due_Date,2026-09-22,Future Date
invoices.csv,16418,Due_Date,2026-09-23,Future Date
invoices.csv,16419,Due_Date,2026-09-24,Future Date
invoices.csv,16420,Due_Date,2026-09-25,Future Date
invoices.csv,16421,Due_Date,2026-09-26,Future Date
invoices.csv,16422,Due_Date,2026-09-27,Future Date
invoices.csv,16423,Due_Date,2026-09-28,Future Date
invoices.csv,16424,Due_Date,2026-09-29,Future Date
invoices.csv,16425,Due_Date,2026-09-30,Future Date
invoices.csv,16776,Due_Date,2026-09-16,Future Date
invoices.csv,16777,Due_Date,2026-09-17,Future Date
invoices.csv,16778,Due_Date,2026-09-18,Future Date
invoices.csv,16779,Due_Date,2026-09-19,Future Date
invoices.csv,16780,Due_Date,2026-09-20,Future Date
invoices.csv,16781,Due_Date,2026-09-21,Future Date
invoices.csv,16782,Due_Date,2026-09-22,Future Date
invoices.csv,16783,Due_Date,2026-09-23,Future Date
invoices.csv,16784,Due_Date,2026-09-24,Future Date
invoices.csv,16785,Due_Date,2026-09-25,Future Date
invoices.csv,16786,Due_Date,2026-09-26,Future Date
invoices.csv,16787,Due_Date,2026-09-27,Future Date
invoices.csv,16788,Due_Date,2026-09-28,Future Date
invoices.csv,16789,Due_Date,2026-09-29,Future Date
invoices.csv,16790,Due_Date,2026-09-30,Future Date
invoices.csv,17141,Due_Date,2026-09-16,Future Date
invoices.csv,17142,Due_Date,2026-09-17,Future Date
invoices.csv,17143,Due_Date,2026-09-18,Future Date
invoices.csv,17144,Due_Date,2026-09-19,Future Date
invoices.csv,17145,Due_Date,2026-09-20,Future Date
invoices.csv,17146,Due_Date,2026-09-21,Future Date
invoices.csv,17147,Due_Date,2026-09-22,Future Date
invoices.csv,17148,Due_Date,2026-09-23,Future Date
invoices.csv,17149,Due_Date,2026-09-24,Future Date
invoices.csv,17150,Due_Date,2026-09-25,Future Date
invoices.csv,17151,Due_Date,2026-09-26,Future Date
invoices.csv,17152,Due_Date,2026-09-27,Future Date
invoices.csv,17153,Due_Date,2026-09-28,Future Date
invoices.csv,17154,Due_Date,2026-09-29,Future Date
invoices.csv,17155,Due_Date,2026-09-30,Future Date
invoices.csv,17506,Due_Date,2026-09-16,Future Date
invoices.csv,17507,Due_Date,2026-09-17,Future Date
invoices.csv,17508,Due_Date,2026-09-18,Future Date
invoices.csv,17509,Due_Date,2026-09-19,Future Date
invoices.csv,17510,Due_Date,2026-09-20,Future Date
invoices.csv,17511,Due_Date,2026-09-21,Future Date
invoices.csv,17512,Due_Date,2026-09-22,Future Date
invoices.csv,17513,Due_Date,2026-09-23,Future Date
invoices.csv,17514,Due_Date,2026-09-24,Future Date
invoices.csv,17515,Due_Date,2026-09-25,Future Date
invoices.csv,17516,Due_Date,2026-09-26,Future Date
invoices.csv,17517,Due_Date,2026-09-27,Future Date
invoices.csv,17518,Due_Date,2026-09-28,Future Date
invoices.csv,17519,Due_Date,2026-09-29,Future Date
invoices.csv,17520,Due_Date,2026-09-30,Future Date
invoices.csv,17871,Due_Date,2026-09-16,Future Date
invoices.csv,17872,Due_Date,2026-09-17,Future Date
invoices.csv,17873,Due_Date,2026-09-18,Future Date
invoices.csv,17874,Due_Date,2026-09-19,Future Date
invoices.csv,17875,Due_Date,2026-09-20,Future Date
invoices.csv,17876,Due_Date,2026-09-21,Future Date
invoices.csv,17877,Due_Date,2026-09-22,Future Date
invoices.csv,17878,Due_Date,2026-09-23,Future Date
invoices.csv,17879,Due_Date,2026-09-24,Future Date
invoices.csv,17880,Due_Date,2026-09-25,Future Date
invoices.csv,17881,Due_Date,2026-09-26,Future Date
invoices.csv,17882,Due_Date,2026-09-27,Future Date
invoices.csv,17883,Due_Date,2026-09-28,Future Date
invoices.csv,17884,Due_Date,2026-09-29,Future Date
invoices.csv,17885,Due_Date,2026-09-30,Future Date
invoices.csv,18236,Due_Date,2026-09-16,Future Date
invoices.csv,18237,Due_Date,2026-09-17,Future Date
invoices.csv,18238,Due_Date,2026-09-18,Future Date
invoices.csv,18239,Due_Date,2026-09-19,Future Date
invoices.csv,18240,Due_Date,2026-09-20,Future Date
invoices.csv,18241,Due_Date,2026-09-21,Future Date
invoices.csv,18242,Due_Date,2026-09-22,Future Date
invoices.csv,18243,Due_Date,2026-09-23,Future Date
invoices.csv,18244,Due_Date,2026-09-24,Future Date
invoices.csv,18245,Due_Date,2026-09-25,Future Date
invoices.csv,18246,Due_Date,2026-09-26,Future Date
invoices.csv,18247,Due_Date,2026-09-27,Future Date
invoices.csv,18248,Due_Date,2026-09-28,Future Date
invoices.csv,18249,Due_Date,2026-09-29,Future Date
invoices.csv,18250,Due_Date,2026-09-30,Future Date
invoices.csv,18601,Due_Date,2026-09-16,Future Date
invoices.csv,18602,Due_Date,2026-09-17,Future Date
invoices.csv,18603,Due_Date,2026-09-18,Future Date
invoices.csv,18604,Due_Date,2026-09-19,Future Date
invoices.csv,18605,Due_Date,2026-09-20,Future Date
invoices.csv,18606,Due_Date,2026-09-21,Future Date
invoices.csv,18607,Due_Date,2026-09-22,Future Date
invoices.csv,18608,Due_Date,2026-09-23,Future Date
invoices.csv,18609,Due_Date,2026-09-24,Future Date
invoices.csv,18610,Due_Date,2026-09-25,Future Date
invoices.csv,18611,Due_Date,2026-09-26,Future Date
invoices.csv,18612,Due_Date,2026-09-27,Future Date
invoices.csv,18613,Due_Date,2026-09-28,Future Date
invoices.csv,18614,Due_Date,2026-09-29,Future Date
invoices.csv,18615,Due_Date,2026-09-30,Future Date
invoices.csv,18966,Due_Date,2026-09-16,Future Date
invoices.csv,18967,Due_Date,2026-09-17,Future Date
invoices.csv,18968,Due_Date,2026-09-18,Future Date
invoices.csv,18969,Due_Date,2026-09-19,Future Date
invoices.csv,18970,Due_Date,2026-09-20,Future Date
invoices.csv,18971,Due_Date,2026-09-21,Future Date
invoices.csv,18972,Due_Date,2026-09-22,Future Date
invoices.csv,18973,Due_Date,2026-09-23,Future Date
invoices.csv,18974,Due_Date,2026-09-24,Future Date
invoices.csv,18975,Due_Date,2026-09-25,Future Date
invoices.csv,18976,Due_Date,2026-09-26,Future Date
invoices.csv,18977,Due_Date,2026-09-27,Future Date
invoices.csv,18978,Due_Date,2026-09-28,Future Date
invoices.csv,18979,Due_Date,2026-09-29,Future Date
invoices.csv,18980,Due_Date,2026-09-30,Future Date
invoices.csv,19331,Due_Date,2026-09-16,Future Date
invoices.csv,19332,Due_Date,2026-09-17,Future Date
invoices.csv,19333,Due_Date,2026-09-18,Future Date
invoices.csv,19334,Due_Date,2026-09-19,Future Date
invoices.csv,19335,Due_Date,2026-09-20,Future Date
invoices.csv,19336,Due_Date,2026-09-21,Future Date
invoices.csv,19337,Due_Date,2026-09-22,Future Date
invoices.csv,19338,Due_Date,2026-09-23,Future Date
invoices.csv,19339,Due_Date,2026-09-24,Future Date
invoices.csv,19340,Due_Date,2026-09-25,Future Date
invoices.csv,19341,Due_Date,2026-09-26,Future Date
invoices.csv,19342,Due_Date,2026-09-27,Future Date
invoices.csv,19343,Due_Date,2026-09-28,Future Date
invoices.csv,19344,Due_Date,2026-09-29,Future Date
invoices.csv,19345,Due_Date,2026-09-30,Future Date
invoices.csv,19696,Due_Date,2026-09-16,Future Date
invoices.csv,19697,Due_Date,2026-09-17,Future Date
invoices.csv,19698,Due_Date,2026-09-18,Future Date
invoices.csv,19699,Due_Date,2026-09-19,Future Date
invoices.csv,19700,Due_Date,2026-09-20,Future Date
invoices.csv,19701,Due_Date,2026-09-21,Future Date
invoices.csv,19702,Due_Date,2026-09-22,Future Date
invoices.csv,19703,Due_Date,2026-09-23,Future Date
invoices.csv,19704,Due_Date,2026-09-24,Future Date
invoices.csv,19705,Due_Date,2026-09-25,Future Date
invoices.csv,19706,Due_Date,2026-09-26,Future Date
invoices.csv,19707,Due_Date,2026-09-27,Future Date
invoices.csv,19708,Due_Date,2026-09-28,Future Date
invoices.csv,19709,Due_Date,2026-09-29,Future Date
invoices.csv,19710,Due_Date,2026-09-30,Future Date
invoices.csv,20061,Due_Date,2026-09-16,Future Date
invoices.csv,20062,Due_Date,2026-09-17,Future Date
invoices.csv,20063,Due_Date,2026-09-18,Future Date
invoices.csv,20064,Due_Date,2026-09-19,Future Date
invoices.csv,20065,Due_Date,2026-09-20,Future Date
invoices.csv,20066,Due_Date,2026-09-21,Future Date
invoices.csv,20067,Due_Date,2026-09-22,Future Date
invoices.csv,20068,Due_Date,2026-09-23,Future Date
invoices.csv,20069,Due_Date,2026-09-24,Future Date
invoices.csv,20070,Due_Date,2026-09-25,Future Date
invoices.csv,20071,Due_Date,2026-09-26,Future Date
invoices.csv,20072,Due_Date,2026-09-27,Future Date
invoices.csv,20073,Due_Date,2026-09-28,Future Date
invoices.csv,20074,Due_Date,2026-09-29,Future Date
invoices.csv,20075,Due_Date,2026-09-30,Future Date
invoices.csv,20426,Due_Date,2026-09-16,Future Date
invoices.csv,20427,Due_Date,2026-09-17,Future Date
invoices.csv,20428,Due_Date,2026-09-18,Future Date
invoices.csv,20429,Due_Date,2026-09-19,Future Date
invoices.csv,20430,Due_Date,2026-09-20,Future Date
invoices.csv,20431,Due_Date,2026-09-21,Future Date
invoices.csv,20432,Due_Date,2026-09-22,Future Date
invoices.csv,20433,Due_Date,2026-09-23,Future Date
invoices.csv,20434,Due_Date,2026-09-24,Future Date
invoices.csv,20435,Due_Date,2026-09-25,Future Date
invoices.csv,20436,Due_Date,2026-09-26,Future Date
invoices.csv,20437,Due_Date,2026-09-27,Future Date
invoices.csv,20438,Due_Date,2026-09-28,Future Date
invoices.csv,20439,Due_Date,2026-09-29,Future Date
invoices.csv,20440,Due_Date,2026-09-30,Future Date
invoices.csv,20791,Due_Date,2026-09-16,Future Date
invoices.csv,20792,Due_Date,2026-09-17,Future Date
invoices.csv,20793,Due_Date,2026-09-18,Future Date
invoices.csv,20794,Due_Date,2026-09-19,Future Date
invoices.csv,20795,Due_Date,2026-09-20,Future Date
invoices.csv,20796,Due_Date,2026-09-21,Future Date
invoices.csv,20797,Due_Date,2026-09-22,Future Date
invoices.csv,20798,Due_Date,2026-09-23,Future Date
invoices.csv,20799,Due_Date,2026-09-24,Future Date
invoices.csv,20800,Due_Date,2026-09-25,Future Date
invoices.csv,20801,Due_Date,2026-09-26,Future Date
invoices.csv,20802,Due_Date,2026-09-27,Future Date
invoices.csv,20803,Due_Date,2026-09-28,Future Date
invoices.csv,20804,Due_Date,2026-09-29,Future Date
invoices.csv,20805,Due_Date,2026-09-30,Future Date
invoices.csv,21156,Due_Date,2026-09-16,Future Date
invoices.csv,21157,Due_Date,2026-09-17,Future Date
invoices.csv,21158,Due_Date,2026-09-18,Future Date
invoices.csv,21159,Due_Date,2026-09-19,Future Date
invoices.csv,21160,Due_Date,2026-09-20,Future Date
invoices.csv,21161,Due_Date,2026-09-21,Future Date
invoices.csv,21162,Due_Date,2026-09-22,Future Date
invoices.csv,21163,Due_Date,2026-09-23,Future Date
invoices.csv,21164,Due_Date,2026-09-24,Future Date
invoices.csv,21165,Due_Date,2026-09-25,Future Date
invoices.csv,21166,Due_Date,2026-09-26,Future Date
invoices.csv,21167,Due_Date,2026-09-27,Future Date
invoices.csv,21168,Due_Date,2026-09-28,Future Date
invoices.csv,21169,Due_Date,2026-09-29,Future Date
invoices.csv,21170,Due_Date,2026-09-30,Future Date
invoices.csv,21521,Due_Date,2026-09-16,Future Date
invoices.csv,21522,Due_Date,2026-09-17,Future Date
invoices.csv,21523,Due_Date,2026-09-18,Future Date
invoices.csv,21524,Due_Date,2026-09-19,Future Date
invoices.csv,21525,Due_Date,2026-09-20,Future Date
invoices.csv,21526,Due_Date,2026-09-21,Future Date
invoices.csv,21527,Due_Date,2026-09-22,Future Date
invoices.csv,21528,Due_Date,2026-09-23,Future Date
invoices.csv,21529,Due_Date,2026-09-24,Future Date
invoices.csv,21530,Due_Date,2026-09-25,Future Date
invoices.csv,21531,Due_Date,2026-09-26,Future Date
invoices.csv,21532,Due_Date,2026-09-27,Future Date
invoices.csv,21533,Due_Date,2026-09-28,Future Date
invoices.csv,21534,Due_Date,2026-09-29,Future Date
invoices.csv,21535,Due_Date,2026-09-30,Future Date
invoices.csv,21886,Due_Date,2026-09-16,Future Date
invoices.csv,21887,Due_Date,2026-09-17,Future Date
invoices.csv,21888,Due_Date,2026-09-18,Future Date
invoices.csv,21889,Due_Date,2026-09-19,Future Date
invoices.csv,21890,Due_Date,2026-09-20,Future Date
invoices.csv,21891,Due_Date,2026-09-21,Future Date
invoices.csv,21892,Due_Date,2026-09-22,Future Date
invoices.csv,21893,Due_Date,2026-09-23,Future Date
invoices.csv,21894,Due_Date,2026-09-24,Future Date
invoices.csv,21895,Due_Date,2026-09-25,Future Date
invoices.csv,21896,Due_Date,2026-09-26,Future Date
invoices.csv,21897,Due_Date,2026-09-27,Future Date
invoices.csv,21898,Due_Date,2026-09-28,Future Date
invoices.csv,21899,Due_Date,2026-09-29,Future Date
invoices.csv,21900,Due_Date,2026-09-30,Future Date
invoices.csv,22251,Due_Date,2026-09-16,Future Date
invoices.csv,22252,Due_Date,2026-09-17,Future Date
invoices.csv,22253,Due_Date,2026-09-18,Future Date
invoices.csv,22254,Due_Date,2026-09-19,Future Date
invoices.csv,22255,Due_Date,2026-09-20,Future Date
invoices.csv,22256,Due_Date,2026-09-21,Future Date
invoices.csv,22257,Due_Date,2026-09-22,Future Date
invoices.csv,22258,Due_Date,2026-09-23,Future Date
invoices.csv,22259,Due_Date,2026-09-24,Future Date
invoices.csv,22260,Due_Date,2026-09-25,Future Date
invoices.csv,22261,Due_Date,2026-09-26,Future Date
invoices.csv,22262,Due_Date,2026-09-27,Future Date
invoices.csv,22263,Due_Date,2026-09-28,Future Date
invoices.csv,22264,Due_Date,2026-09-29,Future Date
invoices.csv,22265,Due_Date,2026-09-30,Future Date
invoices.csv,22616,Due_Date,2026-09-16,Future Date
invoices.csv,22617,Due_Date,2026-09-17,Future Date
invoices.csv,22618,Due_Date,2026-09-18,Future Date
invoices.csv,22619,Due_Date,2026-09-19,Future Date
invoices.csv,22620,Due_Date,2026-09-20,Future Date
invoices.csv,22621,Due_Date,2026-09-21,Future Date
invoices.csv,22622,Due_Date,2026-09-22,Future Date
invoices.csv,22623,Due_Date,2026-09-23,Future Date
invoices.csv,22624,Due_Date,2026-09-24,Future Date
invoices.csv,22625,Due_Date,2026-09-25,Future Date
invoices.csv,22626,Due_Date,2026-09-26,Future Date
invoices.csv,22627,Due_Date,2026-09-27,Future Date
invoices.csv,22628,Due_Date,2026-09-28,Future Date
invoices.csv,22629,Due_Date,2026-09-29,Future Date
invoices.csv,22630,Due_Date,2026-09-30,Future Date
invoices.csv,22981,Due_Date,2026-09-16,Future Date
invoices.csv,22982,Due_Date,2026-09-17,Future Date
invoices.csv,22983,Due_Date,2026-09-18,Future Date
invoices.csv,22984,Due_Date,2026-09-19,Future Date
invoices.csv,22985,Due_Date,2026-09-20,Future Date
invoices.csv,22986,Due_Date,2026-09-21,Future Date
invoices.csv,22987,Due_Date,2026-09-22,Future Date
invoices.csv,22988,Due_Date,2026-09-23,Future Date
invoices.csv,22989,Due_Date,2026-09-24,Future Date
invoices.csv,22990,Due_Date,2026-09-25,Future Date
invoices.csv,22991,Due_Date,2026-09-26,Future Date
invoices.csv,22992,Due_Date,2026-09-27,Future Date
invoices.csv,22993,Due_Date,2026-09-28,Future Date
invoices.csv,22994,Due_Date,2026-09-29,Future Date
invoices.csv,22995,Due_Date,2026-09-30,Future Date
invoices.csv,23346,Due_Date,2026-09-16,Future Date
invoices.csv,23347,Due_Date,2026-09-17,Future Date
invoices.csv,23348,Due_Date,2026-09-18,Future Date
invoices.csv,23349,Due_Date,2026-09-19,Future Date
invoices.csv,23350,Due_Date,2026-09-20,Future Date
invoices.csv,23351,Due_Date,2026-09-21,Future Date
invoices.csv,23352,Due_Date,2026-09-22,Future Date
invoices.csv,23353,Due_Date,2026-09-23,Future Date
invoices.csv,23354,Due_Date,2026-09-24,Future Date
invoices.csv,23355,Due_Date,2026-09-25,Future Date
invoices.csv,23356,Due_Date,2026-09-26,Future Date
invoices.csv,23357,Due_Date,2026-09-27,Future Date
invoices.csv,23358,Due_Date,2026-09-28,Future Date
invoices.csv,23359,Due_Date,2026-09-29,Future Date
invoices.csv,23360,Due_Date,2026-09-30,Future Date
invoices.csv,23711,Due_Date,2026-09-16,Future Date
invoices.csv,23712,Due_Date,2026-09-17,Future Date
invoices.csv,23713,Due_Date,2026-09-18,Future Date
invoices.csv,23714,Due_Date,2026-09-19,Future Date
invoices.csv,23715,Due_Date,2026-09-20,Future Date
invoices.csv,23716,Due_Date,2026-09-21,Future Date
invoices.csv,23717,Due_Date,2026-09-22,Future Date
invoices.csv,23718,Due_Date,2026-09-23,Future Date
invoices.csv,23719,Due_Date,2026-09-24,Future Date
invoices.csv,23720,Due_Date,2026-09-25,Future Date
invoices.csv,23721,Due_Date,2026-09-26,Future Date
invoices.csv,23722,Due_Date,2026-09-27,Future Date
invoices.csv,23723,Due_Date,2026-09-28,Future Date
invoices.csv,23724,Due_Date,2026-09-29,Future Date
invoices.csv,23725,Due_Date,2026-09-30,Future Date
invoices.csv,24076,Due_Date,2026-09-16,Future Date
invoices.csv,24077,Due_Date,2026-09-17,Future Date
invoices.csv,24078,Due_Date,2026-09-18,Future Date
invoices.csv,24079,Due_Date,2026-09-19,Future Date
invoices.csv,24080,Due_Date,2026-09-20,Future Date
invoices.csv,24081,Due_Date,2026-09-21,Future Date
invoices.csv,24082,Due_Date,2026-09-22,Future Date
invoices.csv,24083,Due_Date,2026-09-23,Future Date
invoices.csv,24084,Due_Date,2026-09-24,Future Date
invoices.csv,24085,Due_Date,2026-09-25,Future Date
invoices.csv,24086,Due_Date,2026-09-26,Future Date
invoices.csv,24087,Due_Date,2026-09-27,Future Date
invoices.csv,24088,Due_Date,2026-09-28,Future Date
invoices.csv,24089,Due_Date,2026-09-29,Future Date
invoices.csv,24090,Due_Date,2026-09-30,Future Date
invoices.csv,24441,Due_Date,2026-09-16,Future Date
invoices.csv,24442,Due_Date,2026-09-17,Future Date
invoices.csv,24443,Due_Date,2026-09-18,Future Date
invoices.csv,24444,Due_Date,2026-09-19,Future Date
invoices.csv,24445,Due_Date,2026-09-20,Future Date
invoices.csv,24446,Due_Date,2026-09-21,Future Date
invoices.csv,24447,Due_Date,2026-09-22,Future Date
invoices.csv,24448,Due_Date,2026-09-23,Future Date
invoices.csv,24449,Due_Date,2026-09-24,Future Date
invoices.csv,24450,Due_Date,2026-09-25,Future Date
invoices.csv,24451,Due_Date,2026-09-26,Future Date
invoices.csv,24452,Due_Date,2026-09-27,Future Date
invoices.csv,24453,Due_Date,2026-09-28,Future Date
invoices.csv,24454,Due_Date,2026-09-29,Future Date
invoices.csv,24455,Due_Date,2026-09-30,Future Date
invoices.csv,24806,Due_Date,2026-09-16,Future Date
invoices.csv,24807,Due_Date,2026-09-17,Future Date
invoices.csv,24808,Due_Date,2026-09-18,Future Date
invoices.csv,24809,Due_Date,2026-09-19,Future Date
invoices.csv,24810,Due_Date,2026-09-20,Future Date
invoices.csv,24811,Due_Date,2026-09-21,Future Date
invoices.csv,24812,Due_Date,2026-09-22,Future Date
invoices.csv,24813,Due_Date,2026-09-23,Future Date
invoices.csv,24814,Due_Date,2026-09-24,Future Date
invoices.csv,24815,Due_Date,2026-09-25,Future Date
invoices.csv,24816,Due_Date,2026-09-26,Future Date
invoices.csv,24817,Due_Date,2026-09-27,Future Date
invoices.csv,24818,Due_Date,2026-09-28,Future Date
invoices.csv,24819,Due_Date,2026-09-29,Future Date
invoices.csv,24820,Due_Date,2026-09-30,Future Date
invoices.csv,25171,Due_Date,2026-09-16,Future Date
invoices.csv,25172,Due_Date,2026-09-17,Future Date
invoices.csv,25173,Due_Date,2026-09-18,Future Date
invoices.csv,25174,Due_Date,2026-09-19,Future Date
invoices.csv,25175,Due_Date,2026-09-20,Future Date
invoices.csv,25176,Due_Date,2026-09-21,Future Date
invoices.csv,25177,Due_Date,2026-09-22,Future Date
invoices.csv,25178,Due_Date,2026-09-23,Future Date
invoices.csv,25179,Due_Date,2026-09-24,Future Date
invoices.csv,25180,Due_Date,2026-09-25,Future Date
invoices.csv,25181,Due_Date,2026-09-26,Future Date
invoices.csv,25182,Due_Date,2026-09-27,Future Date
invoices.csv,25183,Due_Date,2026-09-28,Future Date
invoices.csv,25184,Due_Date,2026-09-29,Future Date
invoices.csv,25185,Due_Date,2026-09-30,Future Date
invoices.csv,25536,Due_Date,2026-09-16,Future Date
invoices.csv,25537,Due_Date,2026-09-17,Future Date
invoices.csv,25538,Due_Date,2026-09-18,Future Date
invoices.csv,25539,Due_Date,2026-09-19,Future Date
invoices.csv,25540,Due_Date,2026-09-20,Future Date
invoices.csv,25541,Due_Date,2026-09-21,Future Date
invoices.csv,25542,Due_Date,2026-09-22,Future Date
invoices.csv,25543,Due_Date,2026-09-23,Future Date
invoices.csv,25544,Due_Date,2026-09-24,Future Date
invoices.csv,25545,Due_Date,2026-09-25,Future Date
invoices.csv,25546,Due_Date,2026-09-26,Future Date
invoices.csv,25547,Due_Date,2026-09-27,Future Date
invoices.csv,25548,Due_Date,2026-09-28,Future Date
invoices.csv,25549,Due_Date,2026-09-29,Future Date
invoices.csv,25550,Due_Date,2026-09-30,Future Date
invoices.csv,25901,Due_Date,2026-09-16,Future Date
invoices.csv,25902,Due_Date,2026-09-17,Future Date
invoices.csv,25903,Due_Date,2026-09-18,Future Date
invoices.csv,25904,Due_Date,2026-09-19,Future Date
invoices.csv,25905,Due_Date,2026-09-20,Future Date
invoices.csv,25906,Due_Date,2026-09-21,Future Date
invoices.csv,25907,Due_Date,2026-09-22,Future Date
invoices.csv,25908,Due_Date,2026-09-23,Future Date
invoices.csv,25909,Due_Date,2026-09-24,Future Date
invoices.csv,25910,Due_Date,2026-09-25,Future Date
invoices.csv,25911,Due_Date,2026-09-26,Future Date
invoices.csv,25912,Due_Date,2026-09-27,Future Date
invoices.csv,25913,Due_Date,2026-09-28,Future Date
invoices.csv,25914,Due_Date,2026-09-29,Future Date
invoices.csv,25915,Due_Date,2026-09-30,Future Date
invoices.csv,26266,Due_Date,2026-09-16,Future Date
invoices.csv,26267,Due_Date,2026-09-17,Future Date
invoices.csv,26268,Due_Date,2026-09-18,Future Date
invoices.csv,26269,Due_Date,2026-09-19,Future Date
invoices.csv,26270,Due_Date,2026-09-20,Future Date
invoices.csv,26271,Due_Date,2026-09-21,Future Date
invoices.csv,26272,Due_Date,2026-09-22,Future Date
invoices.csv,26273,Due_Date,2026-09-23,Future Date
invoices.csv,26274,Due_Date,2026-09-24,Future Date
invoices.csv,26275,Due_Date,2026-09-25,Future Date
invoices.csv,26276,Due_Date,2026-09-26,Future Date
invoices.csv,26277,Due_Date,2026-09-27,Future Date
invoices.csv,26278,Due_Date,2026-09-28,Future Date
invoices.csv,26279,Due_Date,2026-09-29,Future Date
invoices.csv,26280,Due_Date,2026-09-30,Future Date
invoices.csv,26631,Due_Date,2026-09-16,Future Date
invoices.csv,26632,Due_Date,2026-09-17,Future Date
invoices.csv,26633,Due_Date,2026-09-18,Future Date
invoices.csv,26634,Due_Date,2026-09-19,Future Date
invoices.csv,26635,Due_Date,2026-09-20,Future Date
invoices.csv,26636,Due_Date,2026-09-21,Future Date
invoices.csv,26637,Due_Date,2026-09-22,Future Date
invoices.csv,26638,Due_Date,2026-09-23,Future Date
invoices.csv,26639,Due_Date,2026-09-24,Future Date
invoices.csv,26640,Due_Date,2026-09-25,Future Date
invoices.csv,26641,Due_Date,2026-09-26,Future Date
invoices.csv,26642,Due_Date,2026-09-27,Future Date
invoices.csv,26643,Due_Date,2026-09-28,Future Date
invoices.csv,26644,Due_Date,2026-09-29,Future Date
invoices.csv,26645,Due_Date,2026-09-30,Future Date
invoices.csv,26996,Due_Date,2026-09-16,Future Date
invoices.csv,26997,Due_Date,2026-09-17,Future Date
invoices.csv,26998,Due_Date,2026-09-18,Future Date
invoices.csv,26999,Due_Date,2026-09-19,Future Date
invoices.csv,27000,Due_Date,2026-09-20,Future Date
invoices.csv,27001,Due_Date,2026-09-21,Future Date
invoices.csv,27002,Due_Date,2026-09-22,Future Date
invoices.csv,27003,Due_Date,2026-09-23,Future Date
invoices.csv,27004,Due_Date,2026-09-24,Future Date
invoices.csv,27005,Due_Date,2026-09-25,Future Date
invoices.csv,27006,Due_Date,2026-09-26,Future Date
invoices.csv,27007,Due_Date,2026-09-27,Future Date
invoices.csv,27008,Due_Date,2026-09-28,Future Date
invoices.csv,27009,Due_Date,2026-09-29,Future Date
invoices.csv,27010,Due_Date,2026-09-30,Future Date
invoices.csv,27361,Due_Date,2026-09-16,Future Date
invoices.csv,27362,Due_Date,2026-09-17,Future Date
invoices.csv,27363,Due_Date,2026-09-18,Future Date
invoices.csv,27364,Due_Date,2026-09-19,Future Date
invoices.csv,27365,Due_Date,2026-09-20,Future Date
invoices.csv,27366,Due_Date,2026-09-21,Future Date
invoices.csv,27367,Due_Date,2026-09-22,Future Date
invoices.csv,27368,Due_Date,2026-09-23,Future Date
invoices.csv,27369,Due_Date,2026-09-24,Future Date
invoices.csv,27370,Due_Date,2026-09-25,Future Date
invoices.csv,27371,Due_Date,2026-09-26,Future Date
invoices.csv,27372,Due_Date,2026-09-27,Future Date
invoices.csv,27373,Due_Date,2026-09-28,Future Date
invoices.csv,27374,Due_Date,2026-09-29,Future Date
invoices.csv,27375,Due_Date,2026-09-30,Future Date
invoices.csv,27726,Due_Date,2026-09-16,Future Date
invoices.csv,27727,Due_Date,2026-09-17,Future Date
invoices.csv,27728,Due_Date,2026-09-18,Future Date
invoices.csv,27729,Due_Date,2026-09-19,Future Date
invoices.csv,27730,Due_Date,2026-09-20,Future Date
invoices.csv,27731,Due_Date,2026-09-21,Future Date
invoices.csv,27732,Due_Date,2026-09-22,Future Date
invoices.csv,27733,Due_Date,2026-09-23,Future Date
invoices.csv,27734,Due_Date,2026-09-24,Future Date
invoices.csv,27735,Due_Date,2026-09-25,Future Date
invoices.csv,27736,Due_Date,2026-09-26,Future Date
invoices.csv,27737,Due_Date,2026-09-27,Future Date
invoices.csv,27738,Due_Date,2026-09-28,Future Date
invoices.csv,27739,Due_Date,2026-09-29,Future Date
invoices.csv,27740,Due_Date,2026-09-30,Future Date
invoices.csv,28091,Due_Date,2026-09-16,Future Date
invoices.csv,28092,Due_Date,2026-09-17,Future Date
invoices.csv,28093,Due_Date,2026-09-18,Future Date
invoices.csv,28094,Due_Date,2026-09-19,Future Date
invoices.csv,28095,Due_Date,2026-09-20,Future Date
invoices.csv,28096,Due_Date,2026-09-21,Future Date
invoices.csv,28097,Due_Date,2026-09-22,Future Date
invoices.csv,28098,Due_Date,2026-09-23,Future Date
invoices.csv,28099,Due_Date,2026-09-24,Future Date
invoices.csv,28100,Due_Date,2026-09-25,Future Date
invoices.csv,28101,Due_Date,2026-09-26,Future Date
invoices.csv,28102,Due_Date,2026-09-27,Future Date
invoices.csv,28103,Due_Date,2026-09-28,Future Date
invoices.csv,28104,Due_Date,2026-09-29,Future Date
invoices.csv,28105,Due_Date,2026-09-30,Future Date
invoices.csv,28456,Due_Date,2026-09-16,Future Date
invoices.csv,28457,Due_Date,2026-09-17,Future Date
invoices.csv,28458,Due_Date,2026-09-18,Future Date
invoices.csv,28459,Due_Date,2026-09-19,Future Date
invoices.csv,28460,Due_Date,2026-09-20,Future Date
invoices.csv,28461,Due_Date,2026-09-21,Future Date
invoices.csv,28462,Due_Date,2026-09-22,Future Date
invoices.csv,28463,Due_Date,2026-09-23,Future Date
invoices.csv,28464,Due_Date,2026-09-24,Future Date
invoices.csv,28465,Due_Date,2026-09-25,Future Date
invoices.csv,28466,Due_Date,2026-09-26,Future Date
invoices.csv,28467,Due_Date,2026-09-27,Future Date
invoices.csv,28468,Due_Date,2026-09-28,Future Date
invoices.csv,28469,Due_Date,2026-09-29,Future Date
invoices.csv,28470,Due_Date,2026-09-30,Future Date
invoices.csv,28821,Due_Date,2026-09-16,Future Date
invoices.csv,28822,Due_Date,2026-09-17,Future Date
invoices.csv,28823,Due_Date,2026-09-18,Future Date
invoices.csv,28824,Due_Date,2026-09-19,Future Date
invoices.csv,28825,Due_Date,2026-09-20,Future Date
invoices.csv,28826,Due_Date,2026-09-21,Future Date
invoices.csv,28827,Due_Date,2026-09-22,Future Date
invoices.csv,28828,Due_Date,2026-09-23,Future Date
invoices.csv,28829,Due_Date,2026-09-24,Future Date
invoices.csv,28830,Due_Date,2026-09-25,Future Date
invoices.csv,28831,Due_Date,2026-09-26,Future Date
invoices.csv,28832,Due_Date,2026-09-27,Future Date
invoices.csv,28833,Due_Date,2026-09-28,Future Date
invoices.csv,28834,Due_Date,2026-09-29,Future Date
invoices.csv,28835,Due_Date,2026-09-30,Future Date
invoices.csv,29186,Due_Date,2026-09-16,Future Date
invoices.csv,29187,Due_Date,2026-09-17,Future Date
invoices.csv,29188,Due_Date,2026-09-18,Future Date
invoices.csv,29189,Due_Date,2026-09-19,Future Date
invoices.csv,29190,Due_Date,2026-09-20,Future Date
invoices.csv,29191,Due_Date,2026-09-21,Future Date
invoices.csv,29192,Due_Date,2026-09-22,Future Date
invoices.csv,29193,Due_Date,2026-09-23,Future Date
invoices.csv,29194,Due_Date,2026-09-24,Future Date
invoices.csv,29195,Due_Date,2026-09-25,Future Date
invoices.csv,29196,Due_Date,2026-09-26,Future Date
invoices.csv,29197,Due_Date,2026-09-27,Future Date
invoices.csv,29198,Due_Date,2026-09-28,Future Date
invoices.csv,29199,Due_Date,2026-09-29,Future Date
invoices.csv,29200,Due_Date,2026-09-30,Future Date
invoices.csv,29551,Due_Date,2026-09-16,Future Date
invoices.csv,29552,Due_Date,2026-09-17,Future Date
invoices.csv,29553,Due_Date,2026-09-18,Future Date
invoices.csv,29554,Due_Date,2026-09-19,Future Date
invoices.csv,29555,Due_Date,2026-09-20,Future Date
invoices.csv,29556,Due_Date,2026-09-21,Future Date
invoices.csv,29557,Due_Date,2026-09-22,Future Date
invoices.csv,29558,Due_Date,2026-09-23,Future Date
invoices.csv,29559,Due_Date,2026-09-24,Future Date
invoices.csv,29560,Due_Date,2026-09-25,Future Date
invoices.csv,29561,Due_Date,2026-09-26,Future Date
invoices.csv,29562,Due_Date,2026-09-27,Future Date
invoices.csv,29563,Due_Date,2026-09-28,Future Date
invoices.csv,29564,Due_Date,2026-09-29,Future Date
invoices.csv,29565,Due_Date,2026-09-30,Future Date
invoices.csv,29916,Due_Date,2026-09-16,Future Date
invoices.csv,29917,Due_Date,2026-09-17,Future Date
invoices.csv,29918,Due_Date,2026-09-18,Future Date
invoices.csv,29919,Due_Date,2026-09-19,Future Date
invoices.csv,29920,Due_Date,2026-09-20,Future Date
invoices.csv,29921,Due_Date,2026-09-21,Future Date
invoices.csv,29922,Due_Date,2026-09-22,Future Date
invoices.csv,29923,Due_Date,2026-09-23,Future Date
invoices.csv,29924,Due_Date,2026-09-24,Future Date
invoices.csv,29925,Due_Date,2026-09-25,Future Date
invoices.csv,29926,Due_Date,2026-09-26,Future Date
invoices.csv,29927,Due_Date,2026-09-27,Future Date
invoices.csv,29928,Due_Date,2026-09-28,Future Date
invoices.csv,29929,Due_Date,2026-09-29,Future Date
invoices.csv,29930,Due_Date,2026-09-30,Future Date
invoices.csv,30281,Due_Date,2026-09-16,Future Date
invoices.csv,30282,Due_Date,2026-09-17,Future Date
invoices.csv,30283,Due_Date,2026-09-18,Future Date
invoices.csv,30284,Due_Date,2026-09-19,Future Date
invoices.csv,30285,Due_Date,2026-09-20,Future Date
invoices.csv,30286,Due_Date,2026-09-21,Future Date
invoices.csv,30287,Due_Date,2026-09-22,Future Date
invoices.csv,30288,Due_Date,2026-09-23,Future Date
invoices.csv,30289,Due_Date,2026-09-24,Future Date
invoices.csv,30290,Due_Date,2026-09-25,Future Date
invoices.csv,30291,Due_Date,2026-09-26,Future Date
invoices.csv,30292,Due_Date,2026-09-27,Future Date
invoices.csv,30293,Due_Date,2026-09-28,Future Date
invoices.csv,30294,Due_Date,2026-09-29,Future Date
invoices.csv,30295,Due_Date,2026-09-30,Future Date
invoices.csv,30646,Due_Date,2026-09-16,Future Date
invoices.csv,30647,Due_Date,2026-09-17,Future Date
invoices.csv,30648,Due_Date,2026-09-18,Future Date
invoices.csv,30649,Due_Date,2026-09-19,Future Date
invoices.csv,30650,Due_Date,2026-09-20,Future Date
invoices.csv,30651,Due_Date,2026-09-21,Future Date
invoices.csv,30652,Due_Date,2026-09-22,Future Date
invoices.csv,30653,Due_Date,2026-09-23,Future Date
invoices.csv,30654,Due_Date,2026-09-24,Future Date
invoices.csv,30655,Due_Date,2026-09-25,Future Date
invoices.csv,30656,Due_Date,2026-09-26,Future Date
invoices.csv,30657,Due_Date,2026-09-27,Future Date
invoices.csv,30658,Due_Date,2026-09-28,Future Date
invoices.csv,30659,Due_Date,2026-09-29,Future Date
invoices.csv,30660,Due_Date,2026-09-30,Future Date
invoices.csv,31011,Due_Date,2026-09-16,Future Date
invoices.csv,31012,Due_Date,2026-09-17,Future Date
invoices.csv,31013,Due_Date,2026-09-18,Future Date
invoices.csv,31014,Due_Date,2026-09-19,Future Date
invoices.csv,31015,Due_Date,2026-09-20,Future Date
invoices.csv,31016,Due_Date,2026-09-21,Future Date
invoices.csv,31017,Due_Date,2026-09-22,Future Date
invoices.csv,31018,Due_Date,2026-09-23,Future Date
invoices.csv,31019,Due_Date,2026-09-24,Future Date
invoices.csv,31020,Due_Date,2026-09-25,Future Date
invoices.csv,31021,Due_Date,2026-09-26,Future Date
invoices.csv,31022,Due_Date,2026-09-27,Future Date
invoices.csv,31023,Due_Date,2026-09-28,Future Date
invoices.csv,31024,Due_Date,2026-09-29,Future Date
invoices.csv,31025,Due_Date,2026-09-30,Future Date
invoices.csv,31376,Due_Date,2026-09-16,Future Date
invoices.csv,31377,Due_Date,2026-09-17,Future Date
invoices.csv,31378,Due_Date,2026-09-18,Future Date
invoices.csv,31379,Due_Date,2026-09-19,Future Date
invoices.csv,31380,Due_Date,2026-09-20,Future Date
invoices.csv,31381,Due_Date,2026-09-21,Future Date
invoices.csv,31382,Due_Date,2026-09-22,Future Date
invoices.csv,31383,Due_Date,2026-09-23,Future Date
invoices.csv,31384,Due_Date,2026-09-24,Future Date
invoices.csv,31385,Due_Date,2026-09-25,Future Date
invoices.csv,31386,Due_Date,2026-09-26,Future Date
invoices.csv,31387,Due_Date,2026-09-27,Future Date
invoices.csv,31388,Due_Date,2026-09-28,Future Date
invoices.csv,31389,Due_Date,2026-09-29,Future Date
invoices.csv,31390,Due_Date,2026-09-30,Future Date
invoices.csv,31741,Due_Date,2026-09-16,Future Date
invoices.csv,31742,Due_Date,2026-09-17,Future Date
invoices.csv,31743,Due_Date,2026-09-18,Future Date
invoices.csv,31744,Due_Date,2026-09-19,Future Date
invoices.csv,31745,Due_Date,2026-09-20,Future Date
invoices.csv,31746,Due_Date,2026-09-21,Future Date
invoices.csv,31747,Due_Date,2026-09-22,Future Date
invoices.csv,31748,Due_Date,2026-09-23,Future Date
invoices.csv,31749,Due_Date,2026-09-24,Future Date
invoices.csv,31750,Due_Date,2026-09-25,Future Date
invoices.csv,31751,Due_Date,2026-09-26,Future Date
invoices.csv,31752,Due_Date,2026-09-27,Future Date
invoices.csv,31753,Due_Date,2026-09-28,Future Date
invoices.csv,31754,Due_Date,2026-09-29,Future Date
invoices.csv,31755,Due_Date,2026-09-30,Future Date
invoices.csv,32106,Due_Date,2026-09-16,Future Date
invoices.csv,32107,Due_Date,2026-09-17,Future Date
invoices.csv,32108,Due_Date,2026-09-18,Future Date
invoices.csv,32109,Due_Date,2026-09-19,Future Date
invoices.csv,32110,Due_Date,2026-09-20,Future Date
invoices.csv,32111,Due_Date,2026-09-21,Future Date
invoices.csv,32112,Due_Date,2026-09-22,Future Date
invoices.csv,32113,Due_Date,2026-09-23,Future Date
invoices.csv,32114,Due_Date,2026-09-24,Future Date
invoices.csv,32115,Due_Date,2026-09-25,Future Date
invoices.csv,32116,Due_Date,2026-09-26,Future Date
invoices.csv,32117,Due_Date,2026-09-27,Future Date
invoices.csv,32118,Due_Date,2026-09-28,Future Date
invoices.csv,32119,Due_Date,2026-09-29,Future Date
invoices.csv,32120,Due_Date,2026-09-30,Future Date
invoices.csv,32471,Due_Date,2026-09-16,Future Date
invoices.csv,32472,Due_Date,2026-09-17,Future Date
invoices.csv,32473,Due_Date,2026-09-18,Future Date
invoices.csv,32474,Due_Date,2026-09-19,Future Date
invoices.csv,32475,Due_Date,2026-09-20,Future Date
invoices.csv,32476,Due_Date,2026-09-21,Future Date
invoices.csv,32477,Due_Date,2026-09-22,Future Date
invoices.csv,32478,Due_Date,2026-09-23,Future Date
invoices.csv,32479,Due_Date,2026-09-24,Future Date
invoices.csv,32480,Due_Date,2026-09-25,Future Date
invoices.csv,32481,Due_Date,2026-09-26,Future Date
invoices.csv,32482,Due_Date,2026-09-27,Future Date
invoices.csv,32483,Due_Date,2026-09-28,Future Date
invoices.csv,32484,Due_Date,2026-09-29,Future Date
invoices.csv,32485,Due_Date,2026-09-30,Future Date
invoices.csv,32836,Due_Date,2026-09-16,Future Date
invoices.csv,32837,Due_Date,2026-09-17,Future Date
invoices.csv,32838,Due_Date,2026-09-18,Future Date
invoices.csv,32839,Due_Date,2026-09-19,Future Date
invoices.csv,32840,Due_Date,2026-09-20,Future Date
invoices.csv,32841,Due_Date,2026-09-21,Future Date
invoices.csv,32842,Due_Date,2026-09-22,Future Date
invoices.csv,32843,Due_Date,2026-09-23,Future Date
invoices.csv,32844,Due_Date,2026-09-24,Future Date
invoices.csv,32845,Due_Date,2026-09-25,Future Date
invoices.csv,32846,Due_Date,2026-09-26,Future Date
invoices.csv,32847,Due_Date,2026-09-27,Future Date
invoices.csv,32848,Due_Date,2026-09-28,Future Date
invoices.csv,32849,Due_Date,2026-09-29,Future Date
invoices.csv,32850,Due_Date,2026-09-30,Future Date
invoices.csv,33201,Due_Date,2026-09-16,Future Date
invoices.csv,33202,Due_Date,2026-09-17,Future Date
invoices.csv,33203,Due_Date,2026-09-18,Future Date
invoices.csv,33204,Due_Date,2026-09-19,Future Date
invoices.csv,33205,Due_Date,2026-09-20,Future Date
invoices.csv,33206,Due_Date,2026-09-21,Future Date
invoices.csv,33207,Due_Date,2026-09-22,Future Date
invoices.csv,33208,Due_Date,2026-09-23,Future Date
invoices.csv,33209,Due_Date,2026-09-24,Future Date
invoices.csv,33210,Due_Date,2026-09-25,Future Date
invoices.csv,33211,Due_Date,2026-09-26,Future Date
invoices.csv,33212,Due_Date,2026-09-27,Future Date
invoices.csv,33213,Due_Date,2026-09-28,Future Date
invoices.csv,33214,Due_Date,2026-09-29,Future Date
invoices.csv,33215,Due_Date,2026-09-30,Future Date
invoices.csv,33566,Due_Date,2026-09-16,Future Date
invoices.csv,33567,Due_Date,2026-09-17,Future Date
invoices.csv,33568,Due_Date,2026-09-18,Future Date
invoices.csv,33569,Due_Date,2026-09-19,Future Date
invoices.csv,33570,Due_Date,2026-09-20,Future Date
invoices.csv,33571,Due_Date,2026-09-21,Future Date
invoices.csv,33572,Due_Date,2026-09-22,Future Date
invoices.csv,33573,Due_Date,2026-09-23,Future Date
invoices.csv,33574,Due_Date,2026-09-24,Future Date
invoices.csv,33575,Due_Date,2026-09-25,Future Date
invoices.csv,33576,Due_Date,2026-09-26,Future Date
invoices.csv,33577,Due_Date,2026-09-27,Future Date
invoices.csv,33578,Due_Date,2026-09-28,Future Date
invoices.csv,33579,Due_Date,2026-09-29,Future Date
invoices.csv,33580,Due_Date,2026-09-30,Future Date
invoices.csv,33931,Due_Date,2026-09-16,Future Date
invoices.csv,33932,Due_Date,2026-09-17,Future Date
invoices.csv,33933,Due_Date,2026-09-18,Future Date
invoices.csv,33934,Due_Date,2026-09-19,Future Date
invoices.csv,33935,Due_Date,2026-09-20,Future Date
invoices.csv,33936,Due_Date,2026-09-21,Future Date
invoices.csv,33937,Due_Date,2026-09-22,Future Date
invoices.csv,33938,Due_Date,2026-09-23,Future Date
invoices.csv,33939,Due_Date,2026-09-24,Future Date
invoices.csv,33940,Due_Date,2026-09-25,Future Date
invoices.csv,33941,Due_Date,2026-09-26,Future Date
invoices.csv,33942,Due_Date,2026-09-27,Future Date
invoices.csv,33943,Due_Date,2026-09-28,Future Date
invoices.csv,33944,Due_Date,2026-09-29,Future Date
invoices.csv,33945,Due_Date,2026-09-30,Future Date
invoices.csv,34296,Due_Date,2026-09-16,Future Date
invoices.csv,34297,Due_Date,2026-09-17,Future Date
invoices.csv,34298,Due_Date,2026-09-18,Future Date
invoices.csv,34299,Due_Date,2026-09-19,Future Date
invoices.csv,34300,Due_Date,2026-09-20,Future Date
invoices.csv,34301,Due_Date,2026-09-21,Future Date
invoices.csv,34302,Due_Date,2026-09-22,Future Date
invoices.csv,34303,Due_Date,2026-09-23,Future Date
invoices.csv,34304,Due_Date,2026-09-24,Future Date
invoices.csv,34305,Due_Date,2026-09-25,Future Date
invoices.csv,34306,Due_Date,2026-09-26,Future Date
invoices.csv,34307,Due_Date,2026-09-27,Future Date
invoices.csv,34308,Due_Date,2026-09-28,Future Date
invoices.csv,34309,Due_Date,2026-09-29,Future Date
invoices.csv,34310,Due_Date,2026-09-30,Future Date
invoices.csv,34661,Due_Date,2026-09-16,Future Date
invoices.csv,34662,Due_Date,2026-09-17,Future Date
invoices.csv,34663,Due_Date,2026-09-18,Future Date
invoices.csv,34664,Due_Date,2026-09-19,Future Date
invoices.csv,34665,Due_Date,2026-09-20,Future Date
invoices.csv,34666,Due_Date,2026-09-21,Future Date
invoices.csv,34667,Due_Date,2026-09-22,Future Date
invoices.csv,34668,Due_Date,2026-09-23,Future Date
invoices.csv,34669,Due_Date,2026-09-24,Future Date
invoices.csv,34670,Due_Date,2026-09-25,Future Date
invoices.csv,34671,Due_Date,2026-09-26,Future Date
invoices.csv,34672,Due_Date,2026-09-27,Future Date
invoices.csv,34673,Due_Date,2026-09-28,Future Date
invoices.csv,34674,Due_Date,2026-09-29,Future Date
invoices.csv,34675,Due_Date,2026-09-30,Future Date
invoices.csv,35026,Due_Date,2026-09-16,Future Date
invoices.csv,35027,Due_Date,2026-09-17,Future Date
invoices.csv,35028,Due_Date,2026-09-18,Future Date
invoices.csv,35029,Due_Date,2026-09-19,Future Date
invoices.csv,35030,Due_Date,2026-09-20,Future Date
invoices.csv,35031,Due_Date,2026-09-21,Future Date
invoices.csv,35032,Due_Date,2026-09-22,Future Date
invoices.csv,35033,Due_Date,2026-09-23,Future Date
invoices.csv,35034,Due_Date,2026-09-24,Future Date
invoices.csv,35035,Due_Date,2026-09-25,Future Date
invoices.csv,35036,Due_Date,2026-09-26,Future Date
invoices.csv,35037,Due_Date,2026-09-27,Future Date
invoices.csv,35038,Due_Date,2026-09-28,Future Date
invoices.csv,35039,Due_Date,2026-09-29,Future Date
invoices.csv,35040,Due_Date,2026-09-30,Future Date
invoices.csv,35391,Due_Date,2026-09-16,Future Date
invoices.csv,35392,Due_Date,2026-09-17,Future Date
invoices.csv,35393,Due_Date,2026-09-18,Future Date
invoices.csv,35394,Due_Date,2026-09-19,Future Date
invoices.csv,35395,Due_Date,2026-09-20,Future Date
invoices.csv,35396,Due_Date,2026-09-21,Future Date
invoices.csv,35397,Due_Date,2026-09-22,Future Date
invoices.csv,35398,Due_Date,2026-09-23,Future Date
invoices.csv,35399,Due_Date,2026-09-24,Future Date
invoices.csv,35400,Due_Date,2026-09-25,Future Date
invoices.csv,35401,Due_Date,2026-09-26,Future Date
invoices.csv,35402,Due_Date,2026-09-27,Future Date
invoices.csv,35403,Due_Date,2026-09-28,Future Date
invoices.csv,35404,Due_Date,2026-09-29,Future Date
invoices.csv,35405,Due_Date,2026-09-30,Future Date
invoices.csv,35756,Due_Date,2026-09-16,Future Date
invoices.csv,35757,Due_Date,2026-09-17,Future Date
invoices.csv,35758,Due_Date,2026-09-18,Future Date
invoices.csv,35759,Due_Date,2026-09-19,Future Date
invoices.csv,35760,Due_Date,2026-09-20,Future Date
invoices.csv,35761,Due_Date,2026-09-21,Future Date
invoices.csv,35762,Due_Date,2026-09-22,Future Date
invoices.csv,35763,Due_Date,2026-09-23,Future Date
invoices.csv,35764,Due_Date,2026-09-24,Future Date
invoices.csv,35765,Due_Date,2026-09-25,Future Date
invoices.csv,35766,Due_Date,2026-09-26,Future Date
invoices.csv,35767,Due_Date,2026-09-27,Future Date
invoices.csv,35768,Due_Date,2026-09-28,Future Date
invoices.csv,35769,Due_Date,2026-09-29,Future Date
invoices.csv,35770,Due_Date,2026-09-30,Future Date
invoices.csv,36121,Due_Date,2026-09-16,Future Date
invoices.csv,36122,Due_Date,2026-09-17,Future Date
invoices.csv,36123,Due_Date,2026-09-18,Future Date
invoices.csv,36124,Due_Date,2026-09-19,Future Date
invoices.csv,36125,Due_Date,2026-09-20,Future Date
invoices.csv,36126,Due_Date,2026-09-21,Future Date
invoices.csv,36127,Due_Date,2026-09-22,Future Date
invoices.csv,36128,Due_Date,2026-09-23,Future Date
invoices.csv,36129,Due_Date,2026-09-24,Future Date
invoices.csv,36130,Due_Date,2026-09-25,Future Date
invoices.csv,36131,Due_Date,2026-09-26,Future Date
invoices.csv,36132,Due_Date,2026-09-27,Future Date
invoices.csv,36133,Due_Date,2026-09-28,Future Date
invoices.csv,36134,Due_Date,2026-09-29,Future Date
invoices.csv,36135,Due_Date,2026-09-30,Future Date
invoices.csv,36486,Due_Date,2026-09-16,Future Date
invoices.csv,36487,Due_Date,2026-09-17,Future Date
invoices.csv,36488,Due_Date,2026-09-18,Future Date
invoices.csv,36489,Due_Date,2026-09-19,Future Date
invoices.csv,36490,Due_Date,2026-09-20,Future Date
invoices.csv,36491,Due_Date,2026-09-21,Future Date
invoices.csv,36492,Due_Date,2026-09-22,Future Date
invoices.csv,36493,Due_Date,2026-09-23,Future Date
invoices.csv,36494,Due_Date,2026-09-24,Future Date
invoices.csv,36495,Due_Date,2026-09-25,Future Date
invoices.csv,36496,Due_Date,2026-09-26,Future Date
invoices.csv,36497,Due_Date,2026-09-27,Future Date
invoices.csv,36498,Due_Date,2026-09-28,Future Date
invoices.csv,36499,Due_Date,2026-09-29,Future Date
invoices.csv,36500,Due_Date,2026-09-30,Future Date
invoices.csv,36851,Due_Date,2026-09-16,Future Date
invoices.csv,36852,Due_Date,2026-09-17,Future Date
invoices.csv,36853,Due_Date,2026-09-18,Future Date
invoices.csv,36854,Due_Date,2026-09-19,Future Date
invoices.csv,36855,Due_Date,2026-09-20,Future Date
invoices.csv,36856,Due_Date,2026-09-21,Future Date
invoices.csv,36857,Due_Date,2026-09-22,Future Date
invoices.csv,36858,Due_Date,2026-09-23,Future Date
invoices.csv,36859,Due_Date,2026-09-24,Future Date
invoices.csv,36860,Due_Date,2026-09-25,Future Date
invoices.csv,36861,Due_Date,2026-09-26,Future Date
invoices.csv,36862,Due_Date,2026-09-27,Future Date
invoices.csv,36863,Due_Date,2026-09-28,Future Date
invoices.csv,36864,Due_Date,2026-09-29,Future Date
invoices.csv,36865,Due_Date,2026-09-30,Future Date
invoices.csv,37216,Due_Date,2026-09-16,Future Date
invoices.csv,37217,Due_Date,2026-09-17,Future Date
invoices.csv,37218,Due_Date,2026-09-18,Future Date
invoices.csv,37219,Due_Date,2026-09-19,Future Date
invoices.csv,37220,Due_Date,2026-09-20,Future Date
invoices.csv,37221,Due_Date,2026-09-21,Future Date
invoices.csv,37222,Due_Date,2026-09-22,Future Date
invoices.csv,37223,Due_Date,2026-09-23,Future Date
invoices.csv,37224,Due_Date,2026-09-24,Future Date
invoices.csv,37225,Due_Date,2026-09-25,Future Date
invoices.csv,37226,Due_Date,2026-09-26,Future Date
invoices.csv,37227,Due_Date,2026-09-27,Future Date
invoices.csv,37228,Due_Date,2026-09-28,Future Date
invoices.csv,37229,Due_Date,2026-09-29,Future Date
invoices.csv,37230,Due_Date,2026-09-30,Future Date
invoices.csv,37581,Due_Date,2026-09-16,Future Date
invoices.csv,37582,Due_Date,2026-09-17,Future Date
invoices.csv,37583,Due_Date,2026-09-18,Future Date
invoices.csv,37584,Due_Date,2026-09-19,Future Date
invoices.csv,37585,Due_Date,2026-09-20,Future Date
invoices.csv,37586,Due_Date,2026-09-21,Future Date
invoices.csv,37587,Due_Date,2026-09-22,Future Date
invoices.csv,37588,Due_Date,2026-09-23,Future Date
invoices.csv,37589,Due_Date,2026-09-24,Future Date
invoices.csv,37590,Due_Date,2026-09-25,Future Date
invoices.csv,37591,Due_Date,2026-09-26,Future Date
invoices.csv,37592,Due_Date,2026-09-27,Future Date
invoices.csv,37593,Due_Date,2026-09-28,Future Date
invoices.csv,37594,Due_Date,2026-09-29,Future Date
invoices.csv,37595,Due_Date,2026-09-30,Future Date
invoices.csv,37946,Due_Date,2026-09-16,Future Date
invoices.csv,37947,Due_Date,2026-09-17,Future Date
invoices.csv,37948,Due_Date,2026-09-18,Future Date
invoices.csv,37949,Due_Date,2026-09-19,Future Date
invoices.csv,37950,Due_Date,2026-09-20,Future Date
invoices.csv,37951,Due_Date,2026-09-21,Future Date
invoices.csv,37952,Due_Date,2026-09-22,Future Date
invoices.csv,37953,Due_Date,2026-09-23,Future Date
invoices.csv,37954,Due_Date,2026-09-24,Future Date
invoices.csv,37955,Due_Date,2026-09-25,Future Date
invoices.csv,37956,Due_Date,2026-09-26,Future Date
invoices.csv,37957,Due_Date,2026-09-27,Future Date
invoices.csv,37958,Due_Date,2026-09-28,Future Date
invoices.csv,37959,Due_Date,2026-09-29,Future Date
invoices.csv,37960,Due_Date,2026-09-30,Future Date
invoices.csv,38311,Due_Date,2026-09-16,Future Date
invoices.csv,38312,Due_Date,2026-09-17,Future Date
invoices.csv,38313,Due_Date,2026-09-18,Future Date
invoices.csv,38314,Due_Date,2026-09-19,Future Date
invoices.csv,38315,Due_Date,2026-09-20,Future Date
invoices.csv,38316,Due_Date,2026-09-21,Future Date
invoices.csv,38317,Due_Date,2026-09-22,Future Date
invoices.csv,38318,Due_Date,2026-09-23,Future Date
invoices.csv,38319,Due_Date,2026-09-24,Future Date
invoices.csv,38320,Due_Date,2026-09-25,Future Date
invoices.csv,38321,Due_Date,2026-09-26,Future Date
invoices.csv,38322,Due_Date,2026-09-27,Future Date
invoices.csv,38323,Due_Date,2026-09-28,Future Date
invoices.csv,38324,Due_Date,2026-09-29,Future Date
invoices.csv,38325,Due_Date,2026-09-30,Future Date
invoices.csv,38676,Due_Date,2026-09-16,Future Date
invoices.csv,38677,Due_Date,2026-09-17,Future Date
invoices.csv,38678,Due_Date,2026-09-18,Future Date
invoices.csv,38679,Due_Date,2026-09-19,Future Date
invoices.csv,38680,Due_Date,2026-09-20,Future Date
invoices.csv,38681,Due_Date,2026-09-21,Future Date
invoices.csv,38682,Due_Date,2026-09-22,Future Date
invoices.csv,38683,Due_Date,2026-09-23,Future Date
invoices.csv,38684,Due_Date,2026-09-24,Future Date
invoices.csv,38685,Due_Date,2026-09-25,Future Date
invoices.csv,38686,Due_Date,2026-09-26,Future Date
invoices.csv,38687,Due_Date,2026-09-27,Future Date
invoices.csv,38688,Due_Date,2026-09-28,Future Date
invoices.csv,38689,Due_Date,2026-09-29,Future Date
invoices.csv,38690,Due_Date,2026-09-30,Future Date
invoices.csv,39041,Due_Date,2026-09-16,Future Date
invoices.csv,39042,Due_Date,2026-09-17,Future Date
invoices.csv,39043,Due_Date,2026-09-18,Future Date
invoices.csv,39044,Due_Date,2026-09-19,Future Date
invoices.csv,39045,Due_Date,2026-09-20,Future Date
invoices.csv,39046,Due_Date,2026-09-21,Future Date
invoices.csv,39047,Due_Date,2026-09-22,Future Date
invoices.csv,39048,Due_Date,2026-09-23,Future Date
invoices.csv,39049,Due_Date,2026-09-24,Future Date
invoices.csv,39050,Due_Date,2026-09-25,Future Date
invoices.csv,39051,Due_Date,2026-09-26,Future Date
invoices.csv,39052,Due_Date,2026-09-27,Future Date
invoices.csv,39053,Due_Date,2026-09-28,Future Date
invoices.csv,39054,Due_Date,2026-09-29,Future Date
invoices.csv,39055,Due_Date,2026-09-30,Future Date
invoices.csv,39406,Due_Date,2026-09-16,Future Date
invoices.csv,39407,Due_Date,2026-09-17,Future Date
invoices.csv,39408,Due_Date,2026-09-18,Future Date
invoices.csv,39409,Due_Date,2026-09-19,Future Date
invoices.csv,39410,Due_Date,2026-09-20,Future Date
invoices.csv,39411,Due_Date,2026-09-21,Future Date
invoices.csv,39412,Due_Date,2026-09-22,Future Date
invoices.csv,39413,Due_Date,2026-09-23,Future Date
invoices.csv,39414,Due_Date,2026-09-24,Future Date
invoices.csv,39415,Due_Date,2026-09-25,Future Date
invoices.csv,39416,Due_Date,2026-09-26,Future Date
invoices.csv,39417,Due_Date,2026-09-27,Future Date
invoices.csv,39418,Due_Date,2026-09-28,Future Date
invoices.csv,39419,Due_Date,2026-09-29,Future Date
invoices.csv,39420,Due_Date,2026-09-30,Future Date
invoices.csv,39771,Due_Date,2026-09-16,Future Date
invoices.csv,39772,Due_Date,2026-09-17,Future Date
invoices.csv,39773,Due_Date,2026-09-18,Future Date
invoices.csv,39774,Due_Date,2026-09-19,Future Date
invoices.csv,39775,Due_Date,2026-09-20,Future Date
invoices.csv,39776,Due_Date,2026-09-21,Future Date
invoices.csv,39777,Due_Date,2026-09-22,Future Date
invoices.csv,39778,Due_Date,2026-09-23,Future Date
invoices.csv,39779,Due_Date,2026-09-24,Future Date
invoices.csv,39780,Due_Date,2026-09-25,Future Date
invoices.csv,39781,Due_Date,2026-09-26,Future Date
invoices.csv,39782,Due_Date,2026-09-27,Future Date
invoices.csv,39783,Due_Date,2026-09-28,Future Date
invoices.csv,39784,Due_Date,2026-09-29,Future Date
invoices.csv,39785,Due_Date,2026-09-30,Future Date
invoices.csv,40136,Due_Date,2026-09-16,Future Date
invoices.csv,40137,Due_Date,2026-09-17,Future Date
invoices.csv,40138,Due_Date,2026-09-18,Future Date
invoices.csv,40139,Due_Date,2026-09-19,Future Date
invoices.csv,40140,Due_Date,2026-09-20,Future Date
invoices.csv,40141,Due_Date,2026-09-21,Future Date
invoices.csv,40142,Due_Date,2026-09-22,Future Date
invoices.csv,40143,Due_Date,2026-09-23,Future Date
invoices.csv,40144,Due_Date,2026-09-24,Future Date
invoices.csv,40145,Due_Date,2026-09-25,Future Date
invoices.csv,40146,Due_Date,2026-09-26,Future Date
invoices.csv,40147,Due_Date,2026-09-27,Future Date
invoices.csv,40148,Due_Date,2026-09-28,Future Date
invoices.csv,40149,Due_Date,2026-09-29,Future Date
invoices.csv,40150,Due_Date,2026-09-30,Future Date
invoices.csv,40501,Due_Date,2026-09-16,Future Date
invoices.csv,40502,Due_Date,2026-09-17,Future Date
invoices.csv,40503,Due_Date,2026-09-18,Future Date
invoices.csv,40504,Due_Date,2026-09-19,Future Date
invoices.csv,40505,Due_Date,2026-09-20,Future Date
invoices.csv,40506,Due_Date,2026-09-21,Future Date
invoices.csv,40507,Due_Date,2026-09-22,Future Date
invoices.csv,40508,Due_Date,2026-09-23,Future Date
invoices.csv,40509,Due_Date,2026-09-24,Future Date
invoices.csv,40510,Due_Date,2026-09-25,Future Date
invoices.csv,40511,Due_Date,2026-09-26,Future Date
invoices.csv,40512,Due_Date,2026-09-27,Future Date
invoices.csv,40513,Due_Date,2026-09-28,Future Date
invoices.csv,40514,Due_Date,2026-09-29,Future Date
invoices.csv,40515,Due_Date,2026-09-30,Future Date
invoices.csv,40866,Due_Date,2026-09-16,Future Date
invoices.csv,40867,Due_Date,2026-09-17,Future Date
invoices.csv,40868,Due_Date,2026-09-18,Future Date
invoices.csv,40869,Due_Date,2026-09-19,Future Date
invoices.csv,40870,Due_Date,2026-09-20,Future Date
invoices.csv,40871,Due_Date,2026-09-21,Future Date
invoices.csv,40872,Due_Date,2026-09-22,Future Date
invoices.csv,40873,Due_Date,2026-09-23,Future Date
invoices.csv,40874,Due_Date,2026-09-24,Future Date
invoices.csv,40875,Due_Date,2026-09-25,Future Date
invoices.csv,40876,Due_Date,2026-09-26,Future Date
invoices.csv,40877,Due_Date,2026-09-27,Future Date
invoices.csv,40878,Due_Date,2026-09-28,Future Date
invoices.csv,40879,Due_Date,2026-09-29,Future Date
invoices.csv,40880,Due_Date,2026-09-30,Future Date
invoices.csv,41231,Due_Date,2026-09-16,Future Date
invoices.csv,41232,Due_Date,2026-09-17,Future Date
invoices.csv,41233,Due_Date,2026-09-18,Future Date
invoices.csv,41234,Due_Date,2026-09-19,Future Date
invoices.csv,41235,Due_Date,2026-09-20,Future Date
invoices.csv,41236,Due_Date,2026-09-21,Future Date
invoices.csv,41237,Due_Date,2026-09-22,Future Date
invoices.csv,41238,Due_Date,2026-09-23,Future Date
invoices.csv,41239,Due_Date,2026-09-24,Future Date
invoices.csv,41240,Due_Date,2026-09-25,Future Date
invoices.csv,41241,Due_Date,2026-09-26,Future Date
invoices.csv,41242,Due_Date,2026-09-27,Future Date
invoices.csv,41243,Due_Date,2026-09-28,Future Date
invoices.csv,41244,Due_Date,2026-09-29,Future Date
invoices.csv,41245,Due_Date,2026-09-30,Future Date
invoices.csv,41596,Due_Date,2026-09-16,Future Date
invoices.csv,41597,Due_Date,2026-09-17,Future Date
invoices.csv,41598,Due_Date,2026-09-18,Future Date
invoices.csv,41599,Due_Date,2026-09-19,Future Date
invoices.csv,41600,Due_Date,2026-09-20,Future Date
invoices.csv,41601,Due_Date,2026-09-21,Future Date
invoices.csv,41602,Due_Date,2026-09-22,Future Date
invoices.csv,41603,Due_Date,2026-09-23,Future Date
invoices.csv,41604,Due_Date,2026-09-24,Future Date
invoices.csv,41605,Due_Date,2026-09-25,Future Date
invoices.csv,41606,Due_Date,2026-09-26,Future Date
invoices.csv,41607,Due_Date,2026-09-27,Future Date
invoices.csv,41608,Due_Date,2026-09-28,Future Date
invoices.csv,41609,Due_Date,2026-09-29,Future Date
invoices.csv,41610,Due_Date,2026-09-30,Future Date
invoices.csv,41961,Due_Date,2026-09-16,Future Date
invoices.csv,41962,Due_Date,2026-09-17,Future Date
invoices.csv,41963,Due_Date,2026-09-18,Future Date
invoices.csv,41964,Due_Date,2026-09-19,Future Date
invoices.csv,41965,Due_Date,2026-09-20,Future Date
invoices.csv,41966,Due_Date,2026-09-21,Future Date
invoices.csv,41967,Due_Date,2026-09-22,Future Date
invoices.csv,41968,Due_Date,2026-09-23,Future Date
invoices.csv,41969,Due_Date,2026-09-24,Future Date
invoices.csv,41970,Due_Date,2026-09-25,Future Date
invoices.csv,41971,Due_Date,2026-09-26,Future Date
invoices.csv,41972,Due_Date,2026-09-27,Future Date
invoices.csv,41973,Due_Date,2026-09-28,Future Date
invoices.csv,41974,Due_Date,2026-09-29,Future Date
invoices.csv,41975,Due_Date,2026-09-30,Future Date
invoices.csv,42326,Due_Date,2026-09-16,Future Date
invoices.csv,42327,Due_Date,2026-09-17,Future Date
invoices.csv,42328,Due_Date,2026-09-18,Future Date
invoices.csv,42329,Due_Date,2026-09-19,Future Date
invoices.csv,42330,Due_Date,2026-09-20,Future Date
invoices.csv,42331,Due_Date,2026-09-21,Future Date
invoices.csv,42332,Due_Date,2026-09-22,Future Date
invoices.csv,42333,Due_Date,2026-09-23,Future Date
invoices.csv,42334,Due_Date,2026-09-24,Future Date
invoices.csv,42335,Due_Date,2026-09-25,Future Date
invoices.csv,42336,Due_Date,2026-09-26,Future Date
invoices.csv,42337,Due_Date,2026-09-27,Future Date
invoices.csv,42338,Due_Date,2026-09-28,Future Date
invoices.csv,42339,Due_Date,2026-09-29,Future Date
invoices.csv,42340,Due_Date,2026-09-30,Future Date
invoices.csv,42691,Due_Date,2026-09-16,Future Date
invoices.csv,42692,Due_Date,2026-09-17,Future Date
invoices.csv,42693,Due_Date,2026-09-18,Future Date
invoices.csv,42694,Due_Date,2026-09-19,Future Date
invoices.csv,42695,Due_Date,2026-09-20,Future Date
invoices.csv,42696,Due_Date,2026-09-21,Future Date
invoices.csv,42697,Due_Date,2026-09-22,Future Date
invoices.csv,42698,Due_Date,2026-09-23,Future Date
invoices.csv,42699,Due_Date,2026-09-24,Future Date
invoices.csv,42700,Due_Date,2026-09-25,Future Date
invoices.csv,42701,Due_Date,2026-09-26,Future Date
invoices.csv,42702,Due_Date,2026-09-27,Future Date
invoices.csv,42703,Due_Date,2026-09-28,Future Date
invoices.csv,42704,Due_Date,2026-09-29,Future Date
invoices.csv,42705,Due_Date,2026-09-30,Future Date
invoices.csv,43056,Due_Date,2026-09-16,Future Date
invoices.csv,43057,Due_Date,2026-09-17,Future Date
invoices.csv,43058,Due_Date,2026-09-18,Future Date
invoices.csv,43059,Due_Date,2026-09-19,Future Date
invoices.csv,43060,Due_Date,2026-09-20,Future Date
invoices.csv,43061,Due_Date,2026-09-21,Future Date
invoices.csv,43062,Due_Date,2026-09-22,Future Date
invoices.csv,43063,Due_Date,2026-09-23,Future Date
invoices.csv,43064,Due_Date,2026-09-24,Future Date
invoices.csv,43065,Due_Date,2026-09-25,Future Date
invoices.csv,43066,Due_Date,2026-09-26,Future Date
invoices.csv,43067,Due_Date,2026-09-27,Future Date
invoices.csv,43068,Due_Date,2026-09-28,Future Date
invoices.csv,43069,Due_Date,2026-09-29,Future Date
invoices.csv,43070,Due_Date,2026-09-30,Future Date
invoices.csv,43421,Due_Date,2026-09-16,Future Date
invoices.csv,43422,Due_Date,2026-09-17,Future Date
invoices.csv,43423,Due_Date,2026-09-18,Future Date
invoices.csv,43424,Due_Date,2026-09-19,Future Date
invoices.csv,43425,Due_Date,2026-09-20,Future Date
invoices.csv,43426,Due_Date,2026-09-21,Future Date
invoices.csv,43427,Due_Date,2026-09-22,Future Date
invoices.csv,43428,Due_Date,2026-09-23,Future Date
invoices.csv,43429,Due_Date,2026-09-24,Future Date
invoices.csv,43430,Due_Date,2026-09-25,Future Date
invoices.csv,43431,Due_Date,2026-09-26,Future Date
invoices.csv,43432,Due_Date,2026-09-27,Future Date
invoices.csv,43433,Due_Date,2026-09-28,Future Date
invoices.csv,43434,Due_Date,2026-09-29,Future Date
invoices.csv,43435,Due_Date,2026-09-30,Future Date
invoices.csv,43786,Due_Date,2026-09-16,Future Date
invoices.csv,43787,Due_Date,2026-09-17,Future Date
invoices.csv,43788,Due_Date,2026-09-18,Future Date
invoices.csv,43789,Due_Date,2026-09-19,Future Date
invoices.csv,43790,Due_Date,2026-09-20,Future Date
invoices.csv,43791,Due_Date,2026-09-21,Future Date
invoices.csv,43792,Due_Date,2026-09-22,Future Date
invoices.csv,43793,Due_Date,2026-09-23,Future Date
invoices.csv,43794,Due_Date,2026-09-24,Future Date
invoices.csv,43795,Due_Date,2026-09-25,Future Date
invoices.csv,43796,Due_Date,2026-09-26,Future Date
invoices.csv,43797,Due_Date,2026-09-27,Future Date
invoices.csv,43798,Due_Date,2026-09-28,Future Date
invoices.csv,43799,Due_Date,2026-09-29,Future Date
invoices.csv,43800,Due_Date,2026-09-30,Future Date
invoices.csv,44151,Due_Date,2026-09-16,Future Date
invoices.csv,44152,Due_Date,2026-09-17,Future Date
invoices.csv,44153,Due_Date,2026-09-18,Future Date
invoices.csv,44154,Due_Date,2026-09-19,Future Date
invoices.csv,44155,Due_Date,2026-09-20,Future Date
invoices.csv,44156,Due_Date,2026-09-21,Future Date
invoices.csv,44157,Due_Date,2026-09-22,Future Date
invoices.csv,44158,Due_Date,2026-09-23,Future Date
invoices.csv,44159,Due_Date,2026-09-24,Future Date
invoices.csv,44160,Due_Date,2026-09-25,Future Date
invoices.csv,44161,Due_Date,2026-09-26,Future Date
invoices.csv,44162,Due_Date,2026-09-27,Future Date
invoices.csv,44163,Due_Date,2026-09-28,Future Date
invoices.csv,44164,Due_Date,2026-09-29,Future Date
invoices.csv,44165,Due_Date,2026-09-30,Future Date
invoices.csv,44516,Due_Date,2026-09-16,Future Date
invoices.csv,44517,Due_Date,2026-09-17,Future Date
invoices.csv,44518,Due_Date,2026-09-18,Future Date
invoices.csv,44519,Due_Date,2026-09-19,Future Date
invoices.csv,44520,Due_Date,2026-09-20,Future Date
invoices.csv,44521,Due_Date,2026-09-21,Future Date
invoices.csv,44522,Due_Date,2026-09-22,Future Date
invoices.csv,44523,Due_Date,2026-09-23,Future Date
invoices.csv,44524,Due_Date,2026-09-24,Future Date
invoices.csv,44525,Due_Date,2026-09-25,Future Date
invoices.csv,44526,Due_Date,2026-09-26,Future Date
invoices.csv,44527,Due_Date,2026-09-27,Future Date
invoices.csv,44528,Due_Date,2026-09-28,Future Date
invoices.csv,44529,Due_Date,2026-09-29,Future Date
invoices.csv,44530,Due_Date,2026-09-30,Future Date
invoices.csv,44881,Due_Date,2026-09-16,Future Date
invoices.csv,44882,Due_Date,2026-09-17,Future Date
invoices.csv,44883,Due_Date,2026-09-18,Future Date
invoices.csv,44884,Due_Date,2026-09-19,Future Date
invoices.csv,44885,Due_Date,2026-09-20,Future Date
invoices.csv,44886,Due_Date,2026-09-21,Future Date
invoices.csv,44887,Due_Date,2026-09-22,Future Date
invoices.csv,44888,Due_Date,2026-09-23,Future Date
invoices.csv,44889,Due_Date,2026-09-24,Future Date
invoices.csv,44890,Due_Date,2026-09-25,Future Date
invoices.csv,44891,Due_Date,2026-09-26,Future Date
invoices.csv,44892,Due_Date,2026-09-27,Future Date
invoices.csv,44893,Due_Date,2026-09-28,Future Date
invoices.csv,44894,Due_Date,2026-09-29,Future Date
invoices.csv,44895,Due_Date,2026-09-30,Future Date
invoices.csv,45246,Due_Date,2026-09-16,Future Date
invoices.csv,45247,Due_Date,2026-09-17,Future Date
invoices.csv,45248,Due_Date,2026-09-18,Future Date
invoices.csv,45249,Due_Date,2026-09-19,Future Date
invoices.csv,45250,Due_Date,2026-09-20,Future Date
invoices.csv,45251,Due_Date,2026-09-21,Future Date
invoices.csv,45252,Due_Date,2026-09-22,Future Date
invoices.csv,45253,Due_Date,2026-09-23,Future Date
invoices.csv,45254,Due_Date,2026-09-24,Future Date
invoices.csv,45255,Due_Date,2026-09-25,Future Date
invoices.csv,45256,Due_Date,2026-09-26,Future Date
invoices.csv,45257,Due_Date,2026-09-27,Future Date
invoices.csv,45258,Due_Date,2026-09-28,Future Date
invoices.csv,45259,Due_Date,2026-09-29,Future Date
invoices.csv,45260,Due_Date,2026-09-30,Future Date
invoices.csv,45611,Due_Date,2026-09-16,Future Date
invoices.csv,45612,Due_Date,2026-09-17,Future Date
invoices.csv,45613,Due_Date,2026-09-18,Future Date
invoices.csv,45614,Due_Date,2026-09-19,Future Date
invoices.csv,45615,Due_Date,2026-09-20,Future Date
invoices.csv,45616,Due_Date,2026-09-21,Future Date
invoices.csv,45617,Due_Date,2026-09-22,Future Date
invoices.csv,45618,Due_Date,2026-09-23,Future Date
invoices.csv,45619,Due_Date,2026-09-24,Future Date
invoices.csv,45620,Due_Date,2026-09-25,Future Date
invoices.csv,45621,Due_Date,2026-09-26,Future Date
invoices.csv,45622,Due_Date,2026-09-27,Future Date
invoices.csv,45623,Due_Date,2026-09-28,Future Date
invoices.csv,45624,Due_Date,2026-09-29,Future Date
invoices.csv,45625,Due_Date,2026-09-30,Future Date
invoices.csv,45976,Due_Date,2026-09-16,Future Date
invoices.csv,45977,Due_Date,2026-09-17,Future Date
invoices.csv,45978,Due_Date,2026-09-18,Future Date
invoices.csv,45979,Due_Date,2026-09-19,Future Date
invoices.csv,45980,Due_Date,2026-09-20,Future Date
invoices.csv,45981,Due_Date,2026-09-21,Future Date
invoices.csv,45982,Due_Date,2026-09-22,Future Date
invoices.csv,45983,Due_Date,2026-09-23,Future Date
invoices.csv,45984,Due_Date,2026-09-24,Future Date
invoices.csv,45985,Due_Date,2026-09-25,Future Date
invoices.csv,45986,Due_Date,2026-09-26,Future Date
invoices.csv,45987,Due_Date,2026-09-27,Future Date
invoices.csv,45988,Due_Date,2026-09-28,Future Date
invoices.csv,45989,Due_Date,2026-09-29,Future Date
invoices.csv,45990,Due_Date,2026-09-30,Future Date
invoices.csv,46341,Due_Date,2026-09-16,Future Date
invoices.csv,46342,Due_Date,2026-09-17,Future Date
invoices.csv,46343,Due_Date,2026-09-18,Future Date
invoices.csv,46344,Due_Date,2026-09-19,Future Date
invoices.csv,46345,Due_Date,2026-09-20,Future Date
invoices.csv,46346,Due_Date,2026-09-21,Future Date
invoices.csv,46347,Due_Date,2026-09-22,Future Date
invoices.csv,46348,Due_Date,2026-09-23,Future Date
invoices.csv,46349,Due_Date,2026-09-24,Future Date
invoices.csv,46350,Due_Date,2026-09-25,Future Date
invoices.csv,46351,Due_Date,2026-09-26,Future Date
invoices.csv,46352,Due_Date,2026-09-27,Future Date
invoices.csv,46353,Due_Date,2026-09-28,Future Date
invoices.csv,46354,Due_Date,2026-09-29,Future Date
invoices.csv,46355,Due_Date,2026-09-30,Future Date
invoices.csv,46706,Due_Date,2026-09-16,Future Date
invoices.csv,46707,Due_Date,2026-09-17,Future Date
invoices.csv,46708,Due_Date,2026-09-18,Future Date
invoices.csv,46709,Due_Date,2026-09-19,Future Date
invoices.csv,46710,Due_Date,2026-09-20,Future Date
invoices.csv,46711,Due_Date,2026-09-21,Future Date
invoices.csv,46712,Due_Date,2026-09-22,Future Date
invoices.csv,46713,Due_Date,2026-09-23,Future Date
invoices.csv,46714,Due_Date,2026-09-24,Future Date
invoices.csv,46715,Due_Date,2026-09-25,Future Date
invoices.csv,46716,Due_Date,2026-09-26,Future Date
invoices.csv,46717,Due_Date,2026-09-27,Future Date
invoices.csv,46718,Due_Date,2026-09-28,Future Date
invoices.csv,46719,Due_Date,2026-09-29,Future Date
invoices.csv,46720,Due_Date,2026-09-30,Future Date
invoices.csv,47071,Due_Date,2026-09-16,Future Date
invoices.csv,47072,Due_Date,2026-09-17,Future Date
invoices.csv,47073,Due_Date,2026-09-18,Future Date
invoices.csv,47074,Due_Date,2026-09-19,Future Date
invoices.csv,47075,Due_Date,2026-09-20,Future Date
invoices.csv,47076,Due_Date,2026-09-21,Future Date
invoices.csv,47077,Due_Date,2026-09-22,Future Date
invoices.csv,47078,Due_Date,2026-09-23,Future Date
invoices.csv,47079,Due_Date,2026-09-24,Future Date
invoices.csv,47080,Due_Date,2026-09-25,Future Date
invoices.csv,47081,Due_Date,2026-09-26,Future Date
invoices.csv,47082,Due_Date,2026-09-27,Future Date
invoices.csv,47083,Due_Date,2026-09-28,Future Date
invoices.csv,47084,Due_Date,2026-09-29,Future Date
invoices.csv,47085,Due_Date,2026-09-30,Future Date
invoices.csv,47436,Due_Date,2026-09-16,Future Date
invoices.csv,47437,Due_Date,2026-09-17,Future Date
invoices.csv,47438,Due_Date,2026-09-18,Future Date
invoices.csv,47439,Due_Date,2026-09-19,Future Date
invoices.csv,47440,Due_Date,2026-09-20,Future Date
invoices.csv,47441,Due_Date,2026-09-21,Future Date
invoices.csv,47442,Due_Date,2026-09-22,Future Date
invoices.csv,47443,Due_Date,2026-09-23,Future Date
invoices.csv,47444,Due_Date,2026-09-24,Future Date
invoices.csv,47445,Due_Date,2026-09-25,Future Date
invoices.csv,47446,Due_Date,2026-09-26,Future Date
invoices.csv,47447,Due_Date,2026-09-27,Future Date
invoices.csv,47448,Due_Date,2026-09-28,Future Date
invoices.csv,47449,Due_Date,2026-09-29,Future Date
invoices.csv,47450,Due_Date,2026-09-30,Future Date
invoices.csv,47801,Due_Date,2026-09-16,Future Date
invoices.csv,47802,Due_Date,2026-09-17,Future Date
invoices.csv,47803,Due_Date,2026-09-18,Future Date
invoices.csv,47804,Due_Date,2026-09-19,Future Date
invoices.csv,47805,Due_Date,2026-09-20,Future Date
invoices.csv,47806,Due_Date,2026-09-21,Future Date
invoices.csv,47807,Due_Date,2026-09-22,Future Date
invoices.csv,47808,Due_Date,2026-09-23,Future Date
invoices.csv,47809,Due_Date,2026-09-24,Future Date
invoices.csv,47810,Due_Date,2026-09-25,Future Date
invoices.csv,47811,Due_Date,2026-09-26,Future Date
invoices.csv,47812,Due_Date,2026-09-27,Future Date
invoices.csv,47813,Due_Date,2026-09-28,Future Date
invoices.csv,47814,Due_Date,2026-09-29,Future Date
invoices.csv,47815,Due_Date,2026-09-30,Future Date
invoices.csv,48166,Due_Date,2026-09-16,Future Date
invoices.csv,48167,Due_Date,2026-09-17,Future Date
invoices.csv,48168,Due_Date,2026-09-18,Future Date
invoices.csv,48169,Due_Date,2026-09-19,Future Date
invoices.csv,48170,Due_Date,2026-09-20,Future Date
invoices.csv,48171,Due_Date,2026-09-21,Future Date
invoices.csv,48172,Due_Date,2026-09-22,Future Date
invoices.csv,48173,Due_Date,2026-09-23,Future Date
invoices.csv,48174,Due_Date,2026-09-24,Future Date
invoices.csv,48175,Due_Date,2026-09-25,Future Date
invoices.csv,48176,Due_Date,2026-09-26,Future Date
invoices.csv,48177,Due_Date,2026-09-27,Future Date
invoices.csv,48178,Due_Date,2026-09-28,Future Date
invoices.csv,48179,Due_Date,2026-09-29,Future Date
invoices.csv,48180,Due_Date,2026-09-30,Future Date
invoices.csv,48531,Due_Date,2026-09-16,Future Date
invoices.csv,48532,Due_Date,2026-09-17,Future Date
invoices.csv,48533,Due_Date,2026-09-18,Future Date
invoices.csv,48534,Due_Date,2026-09-19,Future Date
invoices.csv,48535,Due_Date,2026-09-20,Future Date
invoices.csv,48536,Due_Date,2026-09-21,Future Date
invoices.csv,48537,Due_Date,2026-09-22,Future Date
invoices.csv,48538,Due_Date,2026-09-23,Future Date
invoices.csv,48539,Due_Date,2026-09-24,Future Date
invoices.csv,48540,Due_Date,2026-09-25,Future Date
invoices.csv,48541,Due_Date,2026-09-26,Future Date
invoices.csv,48542,Due_Date,2026-09-27,Future Date
invoices.csv,48543,Due_Date,2026-09-28,Future Date
invoices.csv,48544,Due_Date,2026-09-29,Future Date
invoices.csv,48545,Due_Date,2026-09-30,Future Date
invoices.csv,48896,Due_Date,2026-09-16,Future Date
invoices.csv,48897,Due_Date,2026-09-17,Future Date
invoices.csv,48898,Due_Date,2026-09-18,Future Date
invoices.csv,48899,Due_Date,2026-09-19,Future Date
invoices.csv,48900,Due_Date,2026-09-20,Future Date
invoices.csv,48901,Due_Date,2026-09-21,Future Date
invoices.csv,48902,Due_Date,2026-09-22,Future Date
invoices.csv,48903,Due_Date,2026-09-23,Future Date
invoices.csv,48904,Due_Date,2026-09-24,Future Date
invoices.csv,48905,Due_Date,2026-09-25,Future Date
invoices.csv,48906,Due_Date,2026-09-26,Future Date
invoices.csv,48907,Due_Date,2026-09-27,Future Date
invoices.csv,48908,Due_Date,2026-09-28,Future Date
invoices.csv,48909,Due_Date,2026-09-29,Future Date
invoices.csv,48910,Due_Date,2026-09-30,Future Date
invoices.csv,49261,Due_Date,2026-09-16,Future Date
invoices.csv,49262,Due_Date,2026-09-17,Future Date
invoices.csv,49263,Due_Date,2026-09-18,Future Date
invoices.csv,49264,Due_Date,2026-09-19,Future Date
invoices.csv,49265,Due_Date,2026-09-20,Future Date
invoices.csv,49266,Due_Date,2026-09-21,Future Date
invoices.csv,49267,Due_Date,2026-09-22,Future Date
invoices.csv,49268,Due_Date,2026-09-23,Future Date
invoices.csv,49269,Due_Date,2026-09-24,Future Date
invoices.csv,49270,Due_Date,2026-09-25,Future Date
invoices.csv,49271,Due_Date,2026-09-26,Future Date
invoices.csv,49272,Due_Date,2026-09-27,Future Date
invoices.csv,49273,Due_Date,2026-09-28,Future Date
invoices.csv,49274,Due_Date,2026-09-29,Future Date
invoices.csv,49275,Due_Date,2026-09-30,Future Date
invoices.csv,49626,Due_Date,2026-09-16,Future Date
invoices.csv,49627,Due_Date,2026-09-17,Future Date
invoices.csv,49628,Due_Date,2026-09-18,Future Date
invoices.csv,49629,Due_Date,2026-09-19,Future Date
invoices.csv,49630,Due_Date,2026-09-20,Future Date
invoices.csv,49631,Due_Date,2026-09-21,Future Date
invoices.csv,49632,Due_Date,2026-09-22,Future Date
invoices.csv,49633,Due_Date,2026-09-23,Future Date
invoices.csv,49634,Due_Date,2026-09-24,Future Date
invoices.csv,49635,Due_Date,2026-09-25,Future Date
invoices.csv,49636,Due_Date,2026-09-26,Future Date
invoices.csv,49637,Due_Date,2026-09-27,Future Date
invoices.csv,49638,Due_Date,2026-09-28,Future Date
invoices.csv,49639,Due_Date,2026-09-29,Future Date
invoices.csv,49640,Due_Date,2026-09-30,Future Date
invoices.csv,49991,Due_Date,2026-09-16,Future Date
invoices.csv,49992,Due_Date,2026-09-17,Future Date
invoices.csv,49993,Due_Date,2026-09-18,Future Date
invoices.csv,49994,Due_Date,2026-09-19,Future Date
invoices.csv,49995,Due_Date,2026-09-20,Future Date
invoices.csv,49996,Due_Date,2026-09-21,Future Date
invoices.csv,49997,Due_Date,2026-09-22,Future Date
invoices.csv,49998,Due_Date,2026-09-23,Future Date
invoices.csv,49999,Due_Date,2026-09-24,Future Date
invoices.csv,50000,Due_Date,2026-09-25,Future Date
invoices.csv,50001,Due_Date,2026-09-26,Future Date
invoices.csv,50002,Due_Date,2026-09-27,Future Date
invoices.csv,50003,Due_Date,2026-09-28,Future Date
invoices.csv,50004,Due_Date,2026-09-29,Future Date
invoices.csv,50005,Due_Date,2026-09-30,Future Date
invoices.csv,50356,Due_Date,2026-09-16,Future Date
invoices.csv,50357,Due_Date,2026-09-17,Future Date
invoices.csv,50358,Due_Date,2026-09-18,Future Date
invoices.csv,50359,Due_Date,2026-09-19,Future Date
invoices.csv,50360,Due_Date,2026-09-20,Future Date
invoices.csv,50361,Due_Date,2026-09-21,Future Date
invoices.csv,50362,Due_Date,2026-09-22,Future Date
invoices.csv,50363,Due_Date,2026-09-23,Future Date
invoices.csv,50364,Due_Date,2026-09-24,Future Date
invoices.csv,50365,Due_Date,2026-09-25,Future Date
invoices.csv,50366,Due_Date,2026-09-26,Future Date
invoices.csv,50367,Due_Date,2026-09-27,Future Date
invoices.csv,50368,Due_Date,2026-09-28,Future Date
invoices.csv,50369,Due_Date,2026-09-29,Future Date
invoices.csv,50370,Due_Date,2026-09-30,Future Date
invoices.csv,50721,Due_Date,2026-09-16,Future Date
invoices.csv,50722,Due_Date,2026-09-17,Future Date
invoices.csv,50723,Due_Date,2026-09-18,Future Date
invoices.csv,50724,Due_Date,2026-09-19,Future Date
invoices.csv,50725,Due_Date,2026-09-20,Future Date
invoices.csv,50726,Due_Date,2026-09-21,Future Date
invoices.csv,50727,Due_Date,2026-09-22,Future Date
invoices.csv,50728,Due_Date,2026-09-23,Future Date
invoices.csv,50729,Due_Date,2026-09-24,Future Date
invoices.csv,50730,Due_Date,2026-09-25,Future Date
invoices.csv,50731,Due_Date,2026-09-26,Future Date
invoices.csv,50732,Due_Date,2026-09-27,Future Date
invoices.csv,50733,Due_Date,2026-09-28,Future Date
invoices.csv,50734,Due_Date,2026-09-29,Future Date
invoices.csv,50735,Due_Date,2026-09-30,Future Date
invoices.csv,51086,Due_Date,2026-09-16,Future Date
invoices.csv,51087,Due_Date,2026-09-17,Future Date
invoices.csv,51088,Due_Date,2026-09-18,Future Date
invoices.csv,51089,Due_Date,2026-09-19,Future Date
invoices.csv,51090,Due_Date,2026-09-20,Future Date
invoices.csv,51091,Due_Date,2026-09-21,Future Date
invoices.csv,51092,Due_Date,2026-09-22,Future Date
invoices.csv,51093,Due_Date,2026-09-23,Future Date
invoices.csv,51094,Due_Date,2026-09-24,Future Date
invoices.csv,51095,Due_Date,2026-09-25,Future Date
invoices.csv,51096,Due_Date,2026-09-26,Future Date
invoices.csv,51097,Due_Date,2026-09-27,Future Date
invoices.csv,51098,Due_Date,2026-09-28,Future Date
invoices.csv,51099,Due_Date,2026-09-29,Future Date
invoices.csv,51100,Due_Date,2026-09-30,Future Date
invoices.csv,51451,Due_Date,2026-09-16,Future Date
invoices.csv,51452,Due_Date,2026-09-17,Future Date
invoices.csv,51453,Due_Date,2026-09-18,Future Date
invoices.csv,51454,Due_Date,2026-09-19,Future Date
invoices.csv,51455,Due_Date,2026-09-20,Future Date
invoices.csv,51456,Due_Date,2026-09-21,Future Date
invoices.csv,51457,Due_Date,2026-09-22,Future Date
invoices.csv,51458,Due_Date,2026-09-23,Future Date
invoices.csv,51459,Due_Date,2026-09-24,Future Date
invoices.csv,51460,Due_Date,2026-09-25,Future Date
invoices.csv,51461,Due_Date,2026-09-26,Future Date
invoices.csv,51462,Due_Date,2026-09-27,Future Date
invoices.csv,51463,Due_Date,2026-09-28,Future Date
invoices.csv,51464,Due_Date,2026-09-29,Future Date
invoices.csv,51465,Due_Date,2026-09-30,Future Date
invoices.csv,51816,Due_Date,2026-09-16,Future Date
invoices.csv,51817,Due_Date,2026-09-17,Future Date
invoices.csv,51818,Due_Date,2026-09-18,Future Date
invoices.csv,51819,Due_Date,2026-09-19,Future Date
invoices.csv,51820,Due_Date,2026-09-20,Future Date
invoices.csv,51821,Due_Date,2026-09-21,Future Date
invoices.csv,51822,Due_Date,2026-09-22,Future Date
invoices.csv,51823,Due_Date,2026-09-23,Future Date
invoices.csv,51824,Due_Date,2026-09-24,Future Date
invoices.csv,51825,Due_Date,2026-09-25,Future Date
invoices.csv,51826,Due_Date,2026-09-26,Future Date
invoices.csv,51827,Due_Date,2026-09-27,Future Date
invoices.csv,51828,Due_Date,2026-09-28,Future Date
invoices.csv,51829,Due_Date,2026-09-29,Future Date
invoices.csv,51830,Due_Date,2026-09-30,Future Date
invoices.csv,52181,Due_Date,2026-09-16,Future Date
invoices.csv,52182,Due_Date,2026-09-17,Future Date
invoices.csv,52183,Due_Date,2026-09-18,Future Date
invoices.csv,52184,Due_Date,2026-09-19,Future Date
invoices.csv,52185,Due_Date,2026-09-20,Future Date
invoices.csv,52186,Due_Date,2026-09-21,Future Date
invoices.csv,52187,Due_Date,2026-09-22,Future Date
invoices.csv,52188,Due_Date,2026-09-23,Future Date
invoices.csv,52189,Due_Date,2026-09-24,Future Date
invoices.csv,52190,Due_Date,2026-09-25,Future Date
invoices.csv,52191,Due_Date,2026-09-26,Future Date
invoices.csv,52192,Due_Date,2026-09-27,Future Date
invoices.csv,52193,Due_Date,2026-09-28,Future Date
invoices.csv,52194,Due_Date,2026-09-29,Future Date
invoices.csv,52195,Due_Date,2026-09-30,Future Date
invoices.csv,52546,Due_Date,2026-09-16,Future Date
invoices.csv,52547,Due_Date,2026-09-17,Future Date
invoices.csv,52548,Due_Date,2026-09-18,Future Date
invoices.csv,52549,Due_Date,2026-09-19,Future Date
invoices.csv,52550,Due_Date,2026-09-20,Future Date
invoices.csv,52551,Due_Date,2026-09-21,Future Date
invoices.csv,52552,Due_Date,2026-09-22,Future Date
invoices.csv,52553,Due_Date,2026-09-23,Future Date
invoices.csv,52554,Due_Date,2026-09-24,Future Date
invoices.csv,52555,Due_Date,2026-09-25,Future Date
invoices.csv,52556,Due_Date,2026-09-26,Future Date
invoices.csv,52557,Due_Date,2026-09-27,Future Date
invoices.csv,52558,Due_Date,2026-09-28,Future Date
invoices.csv,52559,Due_Date,2026-09-29,Future Date
invoices.csv,52560,Due_Date,2026-09-30,Future Date
invoices.csv,52911,Due_Date,2026-09-16,Future Date
invoices.csv,52912,Due_Date,2026-09-17,Future Date
invoices.csv,52913,Due_Date,2026-09-18,Future Date
invoices.csv,52914,Due_Date,2026-09-19,Future Date
invoices.csv,52915,Due_Date,2026-09-20,Future Date
invoices.csv,52916,Due_Date,2026-09-21,Future Date
invoices.csv,52917,Due_Date,2026-09-22,Future Date
invoices.csv,52918,Due_Date,2026-09-23,Future Date
invoices.csv,52919,Due_Date,2026-09-24,Future Date
invoices.csv,52920,Due_Date,2026-09-25,Future Date
invoices.csv,52921,Due_Date,2026-09-26,Future Date
invoices.csv,52922,Due_Date,2026-09-27,Future Date
invoices.csv,52923,Due_Date,2026-09-28,Future Date
invoices.csv,52924,Due_Date,2026-09-29,Future Date
invoices.csv,52925,Due_Date,2026-09-30,Future Date
invoices.csv,53276,Due_Date,2026-09-16,Future Date
invoices.csv,53277,Due_Date,2026-09-17,Future Date
invoices.csv,53278,Due_Date,2026-09-18,Future Date
invoices.csv,53279,Due_Date,2026-09-19,Future Date
invoices.csv,53280,Due_Date,2026-09-20,Future Date
invoices.csv,53281,Due_Date,2026-09-21,Future Date
invoices.csv,53282,Due_Date,2026-09-22,Future Date
invoices.csv,53283,Due_Date,2026-09-23,Future Date
invoices.csv,53284,Due_Date,2026-09-24,Future Date
invoices.csv,53285,Due_Date,2026-09-25,Future Date
invoices.csv,53286,Due_Date,2026-09-26,Future Date
invoices.csv,53287,Due_Date,2026-09-27,Future Date
invoices.csv,53288,Due_Date,2026-09-28,Future Date
invoices.csv,53289,Due_Date,2026-09-29,Future Date
invoices.csv,53290,Due_Date,2026-09-30,Future Date
invoices.csv,53641,Due_Date,2026-09-16,Future Date
invoices.csv,53642,Due_Date,2026-09-17,Future Date
invoices.csv,53643,Due_Date,2026-09-18,Future Date
invoices.csv,53644,Due_Date,2026-09-19,Future Date
invoices.csv,53645,Due_Date,2026-09-20,Future Date
invoices.csv,53646,Due_Date,2026-09-21,Future Date
invoices.csv,53647,Due_Date,2026-09-22,Future Date
invoices.csv,53648,Due_Date,2026-09-23,Future Date
invoices.csv,53649,Due_Date,2026-09-24,Future Date
invoices.csv,53650,Due_Date,2026-09-25,Future Date
invoices.csv,53651,Due_Date,2026-09-26,Future Date
invoices.csv,53652,Due_Date,2026-09-27,Future Date
invoices.csv,53653,Due_Date,2026-09-28,Future Date
invoices.csv,53654,Due_Date,2026-09-29,Future Date
invoices.csv,53655,Due_Date,2026-09-30,Future Date
invoices.csv,54006,Due_Date,2026-09-16,Future Date
invoices.csv,54007,Due_Date,2026-09-17,Future Date
invoices.csv,54008,Due_Date,2026-09-18,Future Date
invoices.csv,54009,Due_Date,2026-09-19,Future Date
invoices.csv,54010,Due_Date,2026-09-20,Future Date
invoices.csv,54011,Due_Date,2026-09-21,Future Date
invoices.csv,54012,Due_Date,2026-09-22,Future Date
invoices.csv,54013,Due_Date,2026-09-23,Future Date
invoices.csv,54014,Due_Date,2026-09-24,Future Date
invoices.csv,54015,Due_Date,2026-09-25,Future Date
invoices.csv,54016,Due_Date,2026-09-26,Future Date
invoices.csv,54017,Due_Date,2026-09-27,Future Date
invoices.csv,54018,Due_Date,2026-09-28,Future Date
invoices.csv,54019,Due_Date,2026-09-29,Future Date
invoices.csv,54020,Due_Date,2026-09-30,Future Date
invoices.csv,54371,Due_Date,2026-09-16,Future Date
invoices.csv,54372,Due_Date,2026-09-17,Future Date
invoices.csv,54373,Due_Date,2026-09-18,Future Date
invoices.csv,54374,Due_Date,2026-09-19,Future Date
invoices.csv,54375,Due_Date,2026-09-20,Future Date
invoices.csv,54376,Due_Date,2026-09-21,Future Date
invoices.csv,54377,Due_Date,2026-09-22,Future Date
invoices.csv,54378,Due_Date,2026-09-23,Future Date
invoices.csv,54379,Due_Date,2026-09-24,Future Date
invoices.csv,54380,Due_Date,2026-09-25,Future Date
invoices.csv,54381,Due_Date,2026-09-26,Future Date
invoices.csv,54382,Due_Date,2026-09-27,Future Date
invoices.csv,54383,Due_Date,2026-09-28,Future Date
invoices.csv,54384,Due_Date,2026-09-29,Future Date
invoices.csv,54385,Due_Date,2026-09-30,Future Date
invoices.csv,54736,Due_Date,2026-09-16,Future Date
invoices.csv,54737,Due_Date,2026-09-17,Future Date
invoices.csv,54738,Due_Date,2026-09-18,Future Date
invoices.csv,54739,Due_Date,2026-09-19,Future Date
invoices.csv,54740,Due_Date,2026-09-20,Future Date
invoices.csv,54741,Due_Date,2026-09-21,Future Date
invoices.csv,54742,Due_Date,2026-09-22,Future Date
invoices.csv,54743,Due_Date,2026-09-23,Future Date
invoices.csv,54744,Due_Date,2026-09-24,Future Date
invoices.csv,54745,Due_Date,2026-09-25,Future Date
invoices.csv,54746,Due_Date,2026-09-26,Future Date
invoices.csv,54747,Due_Date,2026-09-27,Future Date
invoices.csv,54748,Due_Date,2026-09-28,Future Date
invoices.csv,54749,Due_Date,2026-09-29,Future Date
invoices.csv,54750,Due_Date,2026-09-30,Future Date
invoices.csv,55101,Due_Date,2026-09-16,Future Date
invoices.csv,55102,Due_Date,2026-09-17,Future Date
invoices.csv,55103,Due_Date,2026-09-18,Future Date
invoices.csv,55104,Due_Date,2026-09-19,Future Date
invoices.csv,55105,Due_Date,2026-09-20,Future Date
invoices.csv,55106,Due_Date,2026-09-21,Future Date
invoices.csv,55107,Due_Date,2026-09-22,Future Date
invoices.csv,55108,Due_Date,2026-09-23,Future Date
invoices.csv,55109,Due_Date,2026-09-24,Future Date
invoices.csv,55110,Due_Date,2026-09-25,Future Date
invoices.csv,55111,Due_Date,2026-09-26,Future Date
invoices.csv,55112,Due_Date,2026-09-27,Future Date
invoices.csv,55113,Due_Date,2026-09-28,Future Date
invoices.csv,55114,Due_Date,2026-09-29,Future Date
invoices.csv,55115,Due_Date,2026-09-30,Future Date
invoices.csv,55466,Due_Date,2026-09-16,Future Date
invoices.csv,55467,Due_Date,2026-09-17,Future Date
invoices.csv,55468,Due_Date,2026-09-18,Future Date
invoices.csv,55469,Due_Date,2026-09-19,Future Date
invoices.csv,55470,Due_Date,2026-09-20,Future Date
invoices.csv,55471,Due_Date,2026-09-21,Future Date
invoices.csv,55472,Due_Date,2026-09-22,Future Date
invoices.csv,55473,Due_Date,2026-09-23,Future Date
invoices.csv,55474,Due_Date,2026-09-24,Future Date
invoices.csv,55475,Due_Date,2026-09-25,Future Date
invoices.csv,55476,Due_Date,2026-09-26,Future Date
invoices.csv,55477,Due_Date,2026-09-27,Future Date
invoices.csv,55478,Due_Date,2026-09-28,Future Date
invoices.csv,55479,Due_Date,2026-09-29,Future Date
invoices.csv,55480,Due_Date,2026-09-30,Future Date
invoices.csv,55831,Due_Date,2026-09-16,Future Date
invoices.csv,55832,Due_Date,2026-09-17,Future Date
invoices.csv,55833,Due_Date,2026-09-18,Future Date
invoices.csv,55834,Due_Date,2026-09-19,Future Date
invoices.csv,55835,Due_Date,2026-09-20,Future Date
invoices.csv,55836,Due_Date,2026-09-21,Future Date
invoices.csv,55837,Due_Date,2026-09-22,Future Date
invoices.csv,55838,Due_Date,2026-09-23,Future Date
invoices.csv,55839,Due_Date,2026-09-24,Future Date
invoices.csv,55840,Due_Date,2026-09-25,Future Date
invoices.csv,55841,Due_Date,2026-09-26,Future Date
invoices.csv,55842,Due_Date,2026-09-27,Future Date
invoices.csv,55843,Due_Date,2026-09-28,Future Date
invoices.csv,55844,Due_Date,2026-09-29,Future Date
invoices.csv,55845,Due_Date,2026-09-30,Future Date
invoices.csv,56196,Due_Date,2026-09-16,Future Date
invoices.csv,56197,Due_Date,2026-09-17,Future Date
invoices.csv,56198,Due_Date,2026-09-18,Future Date
invoices.csv,56199,Due_Date,2026-09-19,Future Date
invoices.csv,56200,Due_Date,2026-09-20,Future Date
invoices.csv,56201,Due_Date,2026-09-21,Future Date
invoices.csv,56202,Due_Date,2026-09-22,Future Date
invoices.csv,56203,Due_Date,2026-09-23,Future Date
invoices.csv,56204,Due_Date,2026-09-24,Future Date
invoices.csv,56205,Due_Date,2026-09-25,Future Date
invoices.csv,56206,Due_Date,2026-09-26,Future Date
invoices.csv,56207,Due_Date,2026-09-27,Future Date
invoices.csv,56208,Due_Date,2026-09-28,Future Date
invoices.csv,56209,Due_Date,2026-09-29,Future Date
invoices.csv,56210,Due_Date,2026-09-30,Future Date
invoices.csv,56561,Due_Date,2026-09-16,Future Date
invoices.csv,56562,Due_Date,2026-09-17,Future Date
invoices.csv,56563,Due_Date,2026-09-18,Future Date
invoices.csv,56564,Due_Date,2026-09-19,Future Date
invoices.csv,56565,Due_Date,2026-09-20,Future Date
invoices.csv,56566,Due_Date,2026-09-21,Future Date
invoices.csv,56567,Due_Date,2026-09-22,Future Date
invoices.csv,56568,Due_Date,2026-09-23,Future Date
invoices.csv,56569,Due_Date,2026-09-24,Future Date
invoices.csv,56570,Due_Date,2026-09-25,Future Date
invoices.csv,56571,Due_Date,2026-09-26,Future Date
invoices.csv,56572,Due_Date,2026-09-27,Future Date
invoices.csv,56573,Due_Date,2026-09-28,Future Date
invoices.csv,56574,Due_Date,2026-09-29,Future Date
invoices.csv,56575,Due_Date,2026-09-30,Future Date
invoices.csv,56926,Due_Date,2026-09-16,Future Date
invoices.csv,56927,Due_Date,2026-09-17,Future Date
invoices.csv,56928,Due_Date,2026-09-18,Future Date
invoices.csv,56929,Due_Date,2026-09-19,Future Date
invoices.csv,56930,Due_Date,2026-09-20,Future Date
invoices.csv,56931,Due_Date,2026-09-21,Future Date
invoices.csv,56932,Due_Date,2026-09-22,Future Date
invoices.csv,56933,Due_Date,2026-09-23,Future Date
invoices.csv,56934,Due_Date,2026-09-24,Future Date
invoices.csv,56935,Due_Date,2026-09-25,Future Date
invoices.csv,56936,Due_Date,2026-09-26,Future Date
invoices.csv,56937,Due_Date,2026-09-27,Future Date
invoices.csv,56938,Due_Date,2026-09-28,Future Date
invoices.csv,56939,Due_Date,2026-09-29,Future Date
invoices.csv,56940,Due_Date,2026-09-30,Future Date
invoices.csv,57291,Due_Date,2026-09-16,Future Date
invoices.csv,57292,Due_Date,2026-09-17,Future Date
invoices.csv,57293,Due_Date,2026-09-18,Future Date
invoices.csv,57294,Due_Date,2026-09-19,Future Date
invoices.csv,57295,Due_Date,2026-09-20,Future Date
invoices.csv,57296,Due_Date,2026-09-21,Future Date
invoices.csv,57297,Due_Date,2026-09-22,Future Date
invoices.csv,57298,Due_Date,2026-09-23,Future Date
invoices.csv,57299,Due_Date,2026-09-24,Future Date
invoices.csv,57300,Due_Date,2026-09-25,Future Date
invoices.csv,57301,Due_Date,2026-09-26,Future Date
invoices.csv,57302,Due_Date,2026-09-27,Future Date
invoices.csv,57303,Due_Date,2026-09-28,Future Date
invoices.csv,57304,Due_Date,2026-09-29,Future Date
invoices.csv,57305,Due_Date,2026-09-30,Future Date
invoices.csv,57656,Due_Date,2026-09-16,Future Date
invoices.csv,57657,Due_Date,2026-09-17,Future Date
invoices.csv,57658,Due_Date,2026-09-18,Future Date
invoices.csv,57659,Due_Date,2026-09-19,Future Date
invoices.csv,57660,Due_Date,2026-09-20,Future Date
invoices.csv,57661,Due_Date,2026-09-21,Future Date
invoices.csv,57662,Due_Date,2026-09-22,Future Date
invoices.csv,57663,Due_Date,2026-09-23,Future Date
invoices.csv,57664,Due_Date,2026-09-24,Future Date
invoices.csv,57665,Due_Date,2026-09-25,Future Date
invoices.csv,57666,Due_Date,2026-09-26,Future Date
invoices.csv,57667,Due_Date,2026-09-27,Future Date
invoices.csv,57668,Due_Date,2026-09-28,Future Date
invoices.csv,57669,Due_Date,2026-09-29,Future Date
invoices.csv,57670,Due_Date,2026-09-30,Future Date
invoices.csv,58021,Due_Date,2026-09-16,Future Date
invoices.csv,58022,Due_Date,2026-09-17,Future Date
invoices.csv,58023,Due_Date,2026-09-18,Future Date
invoices.csv,58024,Due_Date,2026-09-19,Future Date
invoices.csv,58025,Due_Date,2026-09-20,Future Date
invoices.csv,58026,Due_Date,2026-09-21,Future Date
invoices.csv,58027,Due_Date,2026-09-22,Future Date
invoices.csv,58028,Due_Date,2026-09-23,Future Date
invoices.csv,58029,Due_Date,2026-09-24,Future Date
invoices.csv,58030,Due_Date,2026-09-25,Future Date
invoices.csv,58031,Due_Date,2026-09-26,Future Date
invoices.csv,58032,Due_Date,2026-09-27,Future Date
invoices.csv,58033,Due_Date,2026-09-28,Future Date
invoices.csv,58034,Due_Date,2026-09-29,Future Date
invoices.csv,58035,Due_Date,2026-09-30,Future Date
invoices.csv,58386,Due_Date,2026-09-16,Future Date
invoices.csv,58387,Due_Date,2026-09-17,Future Date
invoices.csv,58388,Due_Date,2026-09-18,Future Date
invoices.csv,58389,Due_Date,2026-09-19,Future Date
invoices.csv,58390,Due_Date,2026-09-20,Future Date
invoices.csv,58391,Due_Date,2026-09-21,Future Date
invoices.csv,58392,Due_Date,2026-09-22,Future Date
invoices.csv,58393,Due_Date,2026-09-23,Future Date
invoices.csv,58394,Due_Date,2026-09-24,Future Date
invoices.csv,58395,Due_Date,2026-09-25,Future Date
invoices.csv,58396,Due_Date,2026-09-26,Future Date
invoices.csv,58397,Due_Date,2026-09-27,Future Date
invoices.csv,58398,Due_Date,2026-09-28,Future Date
invoices.csv,58399,Due_Date,2026-09-29,Future Date
invoices.csv,58400,Due_Date,2026-09-30,Future Date
invoices.csv,58751,Due_Date,2026-09-16,Future Date
invoices.csv,58752,Due_Date,2026-09-17,Future Date
invoices.csv,58753,Due_Date,2026-09-18,Future Date
invoices.csv,58754,Due_Date,2026-09-19,Future Date
invoices.csv,58755,Due_Date,2026-09-20,Future Date
invoices.csv,58756,Due_Date,2026-09-21,Future Date
invoices.csv,58757,Due_Date,2026-09-22,Future Date
invoices.csv,58758,Due_Date,2026-09-23,Future Date
invoices.csv,58759,Due_Date,2026-09-24,Future Date
invoices.csv,58760,Due_Date,2026-09-25,Future Date
invoices.csv,58761,Due_Date,2026-09-26,Future Date
invoices.csv,58762,Due_Date,2026-09-27,Future Date
invoices.csv,58763,Due_Date,2026-09-28,Future Date
invoices.csv,58764,Due_Date,2026-09-29,Future Date
invoices.csv,58765,Due_Date,2026-09-30,Future Date
invoices.csv,59116,Due_Date,2026-09-16,Future Date
invoices.csv,59117,Due_Date,2026-09-17,Future Date
invoices.csv,59118,Due_Date,2026-09-18,Future Date
invoices.csv,59119,Due_Date,2026-09-19,Future Date
invoices.csv,59120,Due_Date,2026-09-20,Future Date
invoices.csv,59121,Due_Date,2026-09-21,Future Date
invoices.csv,59122,Due_Date,2026-09-22,Future Date
invoices.csv,59123,Due_Date,2026-09-23,Future Date
invoices.csv,59124,Due_Date,2026-09-24,Future Date
invoices.csv,59125,Due_Date,2026-09-25,Future Date
invoices.csv,59126,Due_Date,2026-09-26,Future Date
invoices.csv,59127,Due_Date,2026-09-27,Future Date
invoices.csv,59128,Due_Date,2026-09-28,Future Date
invoices.csv,59129,Due_Date,2026-09-29,Future Date
invoices.csv,59130,Due_Date,2026-09-30,Future Date
invoices.csv,59481,Due_Date,2026-09-16,Future Date
invoices.csv,59482,Due_Date,2026-09-17,Future Date
invoices.csv,59483,Due_Date,2026-09-18,Future Date
invoices.csv,59484,Due_Date,2026-09-19,Future Date
invoices.csv,59485,Due_Date,2026-09-20,Future Date
invoices.csv,59486,Due_Date,2026-09-21,Future Date
invoices.csv,59487,Due_Date,2026-09-22,Future Date
invoices.csv,59488,Due_Date,2026-09-23,Future Date
invoices.csv,59489,Due_Date,2026-09-24,Future Date
invoices.csv,59490,Due_Date,2026-09-25,Future Date
invoices.csv,59491,Due_Date,2026-09-26,Future Date
invoices.csv,59492,Due_Date,2026-09-27,Future Date
invoices.csv,59493,Due_Date,2026-09-28,Future Date
invoices.csv,59494,Due_Date,2026-09-29,Future Date
invoices.csv,59495,Due_Date,2026-09-30,Future Date
invoices.csv,59846,Due_Date,2026-09-16,Future Date
invoices.csv,59847,Due_Date,2026-09-17,Future Date
invoices.csv,59848,Due_Date,2026-09-18,Future Date
invoices.csv,59849,Due_Date,2026-09-19,Future Date
invoices.csv,59850,Due_Date,2026-09-20,Future Date
invoices.csv,59851,Due_Date,2026-09-21,Future Date
invoices.csv,59852,Due_Date,2026-09-22,Future Date
invoices.csv,59853,Due_Date,2026-09-23,Future Date
invoices.csv,59854,Due_Date,2026-09-24,Future Date
invoices.csv,59855,Due_Date,2026-09-25,Future Date
invoices.csv,59856,Due_Date,2026-09-26,Future Date
invoices.csv,59857,Due_Date,2026-09-27,Future Date
invoices.csv,59858,Due_Date,2026-09-28,Future Date
invoices.csv,59859,Due_Date,2026-09-29,Future Date
invoices.csv,59860,Due_Date,2026-09-30,Future Date
invoices.csv,60211,Due_Date,2026-09-16,Future Date
invoices.csv,60212,Due_Date,2026-09-17,Future Date
invoices.csv,60213,Due_Date,2026-09-18,Future Date
invoices.csv,60214,Due_Date,2026-09-19,Future Date
invoices.csv,60215,Due_Date,2026-09-20,Future Date
invoices.csv,60216,Due_Date,2026-09-21,Future Date
invoices.csv,60217,Due_Date,2026-09-22,Future Date
invoices.csv,60218,Due_Date,2026-09-23,Future Date
invoices.csv,60219,Due_Date,2026-09-24,Future Date
invoices.csv,60220,Due_Date,2026-09-25,Future Date
invoices.csv,60221,Due_Date,2026-09-26,Future Date
invoices.csv,60222,Due_Date,2026-09-27,Future Date
invoices.csv,60223,Due_Date,2026-09-28,Future Date
invoices.csv,60224,Due_Date,2026-09-29,Future Date
invoices.csv,60225,Due_Date,2026-09-30,Future Date
invoices.csv,60576,Due_Date,2026-09-16,Future Date
invoices.csv,60577,Due_Date,2026-09-17,Future Date
invoices.csv,60578,Due_Date,2026-09-18,Future Date
invoices.csv,60579,Due_Date,2026-09-19,Future Date
invoices.csv,60580,Due_Date,2026-09-20,Future Date
invoices.csv,60581,Due_Date,2026-09-21,Future Date
invoices.csv,60582,Due_Date,2026-09-22,Future Date
invoices.csv,60583,Due_Date,2026-09-23,Future Date
invoices.csv,60584,Due_Date,2026-09-24,Future Date
invoices.csv,60585,Due_Date,2026-09-25,Future Date
invoices.csv,60586,Due_Date,2026-09-26,Future Date
invoices.csv,60587,Due_Date,2026-09-27,Future Date
invoices.csv,60588,Due_Date,2026-09-28,Future Date
invoices.csv,60589,Due_Date,2026-09-29,Future Date
invoices.csv,60590,Due_Date,2026-09-30,Future Date
invoices.csv,60941,Due_Date,2026-09-16,Future Date
invoices.csv,60942,Due_Date,2026-09-17,Future Date
invoices.csv,60943,Due_Date,2026-09-18,Future Date
invoices.csv,60944,Due_Date,2026-09-19,Future Date
invoices.csv,60945,Due_Date,2026-09-20,Future Date
invoices.csv,60946,Due_Date,2026-09-21,Future Date
invoices.csv,60947,Due_Date,2026-09-22,Future Date
invoices.csv,60948,Due_Date,2026-09-23,Future Date
invoices.csv,60949,Due_Date,2026-09-24,Future Date
invoices.csv,60950,Due_Date,2026-09-25,Future Date
invoices.csv,60951,Due_Date,2026-09-26,Future Date
invoices.csv,60952,Due_Date,2026-09-27,Future Date
invoices.csv,60953,Due_Date,2026-09-28,Future Date
invoices.csv,60954,Due_Date,2026-09-29,Future Date
invoices.csv,60955,Due_Date,2026-09-30,Future Date
invoices.csv,61306,Due_Date,2026-09-16,Future Date
invoices.csv,61307,Due_Date,2026-09-17,Future Date
invoices.csv,61308,Due_Date,2026-09-18,Future Date
invoices.csv,61309,Due_Date,2026-09-19,Future Date
invoices.csv,61310,Due_Date,2026-09-20,Future Date
invoices.csv,61311,Due_Date,2026-09-21,Future Date
invoices.csv,61312,Due_Date,2026-09-22,Future Date
invoices.csv,61313,Due_Date,2026-09-23,Future Date
invoices.csv,61314,Due_Date,2026-09-24,Future Date
invoices.csv,61315,Due_Date,2026-09-25,Future Date
invoices.csv,61316,Due_Date,2026-09-26,Future Date
invoices.csv,61317,Due_Date,2026-09-27,Future Date
invoices.csv,61318,Due_Date,2026-09-28,Future Date
invoices.csv,61319,Due_Date,2026-09-29,Future Date
invoices.csv,61320,Due_Date,2026-09-30,Future Date
invoices.csv,61671,Due_Date,2026-09-16,Future Date
invoices.csv,61672,Due_Date,2026-09-17,Future Date
invoices.csv,61673,Due_Date,2026-09-18,Future Date
invoices.csv,61674,Due_Date,2026-09-19,Future Date
invoices.csv,61675,Due_Date,2026-09-20,Future Date
invoices.csv,61676,Due_Date,2026-09-21,Future Date
invoices.csv,61677,Due_Date,2026-09-22,Future Date
invoices.csv,61678,Due_Date,2026-09-23,Future Date
invoices.csv,61679,Due_Date,2026-09-24,Future Date
invoices.csv,61680,Due_Date,2026-09-25,Future Date
invoices.csv,61681,Due_Date,2026-09-26,Future Date
invoices.csv,61682,Due_Date,2026-09-27,Future Date
invoices.csv,61683,Due_Date,2026-09-28,Future Date
invoices.csv,61684,Due_Date,2026-09-29,Future Date
invoices.csv,61685,Due_Date,2026-09-30,Future Date
invoices.csv,62036,Due_Date,2026-09-16,Future Date
invoices.csv,62037,Due_Date,2026-09-17,Future Date
invoices.csv,62038,Due_Date,2026-09-18,Future Date
invoices.csv,62039,Due_Date,2026-09-19,Future Date
invoices.csv,62040,Due_Date,2026-09-20,Future Date
invoices.csv,62041,Due_Date,2026-09-21,Future Date
invoices.csv,62042,Due_Date,2026-09-22,Future Date
invoices.csv,62043,Due_Date,2026-09-23,Future Date
invoices.csv,62044,Due_Date,2026-09-24,Future Date
invoices.csv,62045,Due_Date,2026-09-25,Future Date
invoices.csv,62046,Due_Date,2026-09-26,Future Date
invoices.csv,62047,Due_Date,2026-09-27,Future Date
invoices.csv,62048,Due_Date,2026-09-28,Future Date
invoices.csv,62049,Due_Date,2026-09-29,Future Date
invoices.csv,62050,Due_Date,2026-09-30,Future Date
invoices.csv,62401,Due_Date,2026-09-16,Future Date
invoices.csv,62402,Due_Date,2026-09-17,Future Date
invoices.csv,62403,Due_Date,2026-09-18,Future Date
invoices.csv,62404,Due_Date,2026-09-19,Future Date
invoices.csv,62405,Due_Date,2026-09-20,Future Date
invoices.csv,62406,Due_Date,2026-09-21,Future Date
invoices.csv,62407,Due_Date,2026-09-22,Future Date
invoices.csv,62408,Due_Date,2026-09-23,Future Date
invoices.csv,62409,Due_Date,2026-09-24,Future Date
invoices.csv,62410,Due_Date,2026-09-25,Future Date
invoices.csv,62411,Due_Date,2026-09-26,Future Date
invoices.csv,62412,Due_Date,2026-09-27,Future Date
invoices.csv,62413,Due_Date,2026-09-28,Future Date
invoices.csv,62414,Due_Date,2026-09-29,Future Date
invoices.csv,62415,Due_Date,2026-09-30,Future Date
invoices.csv,62766,Due_Date,2026-09-16,Future Date
invoices.csv,62767,Due_Date,2026-09-17,Future Date
invoices.csv,62768,Due_Date,2026-09-18,Future Date
invoices.csv,62769,Due_Date,2026-09-19,Future Date
invoices.csv,62770,Due_Date,2026-09-20,Future Date
invoices.csv,62771,Due_Date,2026-09-21,Future Date
invoices.csv,62772,Due_Date,2026-09-22,Future Date
invoices.csv,62773,Due_Date,2026-09-23,Future Date
invoices.csv,62774,Due_Date,2026-09-24,Future Date
invoices.csv,62775,Due_Date,2026-09-25,Future Date
invoices.csv,62776,Due_Date,2026-09-26,Future Date
invoices.csv,62777,Due_Date,2026-09-27,Future Date
invoices.csv,62778,Due_Date,2026-09-28,Future Date
invoices.csv,62779,Due_Date,2026-09-29,Future Date
invoices.csv,62780,Due_Date,2026-09-30,Future Date
invoices.csv,63131,Due_Date,2026-09-16,Future Date
invoices.csv,63132,Due_Date,2026-09-17,Future Date
invoices.csv,63133,Due_Date,2026-09-18,Future Date
invoices.csv,63134,Due_Date,2026-09-19,Future Date
invoices.csv,63135,Due_Date,2026-09-20,Future Date
invoices.csv,63136,Due_Date,2026-09-21,Future Date
invoices.csv,63137,Due_Date,2026-09-22,Future Date
invoices.csv,63138,Due_Date,2026-09-23,Future Date
invoices.csv,63139,Due_Date,2026-09-24,Future Date
invoices.csv,63140,Due_Date,2026-09-25,Future Date
invoices.csv,63141,Due_Date,2026-09-26,Future Date
invoices.csv,63142,Due_Date,2026-09-27,Future Date
invoices.csv,63143,Due_Date,2026-09-28,Future Date
invoices.csv,63144,Due_Date,2026-09-29,Future Date
invoices.csv,63145,Due_Date,2026-09-30,Future Date
invoices.csv,63496,Due_Date,2026-09-16,Future Date
invoices.csv,63497,Due_Date,2026-09-17,Future Date
invoices.csv,63498,Due_Date,2026-09-18,Future Date
invoices.csv,63499,Due_Date,2026-09-19,Future Date
invoices.csv,63500,Due_Date,2026-09-20,Future Date
invoices.csv,63501,Due_Date,2026-09-21,Future Date
invoices.csv,63502,Due_Date,2026-09-22,Future Date
invoices.csv,63503,Due_Date,2026-09-23,Future Date
invoices.csv,63504,Due_Date,2026-09-24,Future Date
invoices.csv,63505,Due_Date,2026-09-25,Future Date
invoices.csv,63506,Due_Date,2026-09-26,Future Date
invoices.csv,63507,Due_Date,2026-09-27,Future Date
invoices.csv,63508,Due_Date,2026-09-28,Future Date
invoices.csv,63509,Due_Date,2026-09-29,Future Date
invoices.csv,63510,Due_Date,2026-09-30,Future Date
invoices.csv,63861,Due_Date,2026-09-16,Future Date
invoices.csv,63862,Due_Date,2026-09-17,Future Date
invoices.csv,63863,Due_Date,2026-09-18,Future Date
invoices.csv,63864,Due_Date,2026-09-19,Future Date
invoices.csv,63865,Due_Date,2026-09-20,Future Date
invoices.csv,63866,Due_Date,2026-09-21,Future Date
invoices.csv,63867,Due_Date,2026-09-22,Future Date
invoices.csv,63868,Due_Date,2026-09-23,Future Date
invoices.csv,63869,Due_Date,2026-09-24,Future Date
invoices.csv,63870,Due_Date,2026-09-25,Future Date
invoices.csv,63871,Due_Date,2026-09-26,Future Date
invoices.csv,63872,Due_Date,2026-09-27,Future Date
invoices.csv,63873,Due_Date,2026-09-28,Future Date
invoices.csv,63874,Due_Date,2026-09-29,Future Date
invoices.csv,63875,Due_Date,2026-09-30,Future Date
invoices.csv,64226,Due_Date,2026-09-16,Future Date
invoices.csv,64227,Due_Date,2026-09-17,Future Date
invoices.csv,64228,Due_Date,2026-09-18,Future Date
invoices.csv,64229,Due_Date,2026-09-19,Future Date
invoices.csv,64230,Due_Date,2026-09-20,Future Date
invoices.csv,64231,Due_Date,2026-09-21,Future Date
invoices.csv,64232,Due_Date,2026-09-22,Future Date
invoices.csv,64233,Due_Date,2026-09-23,Future Date
invoices.csv,64234,Due_Date,2026-09-24,Future Date
invoices.csv,64235,Due_Date,2026-09-25,Future Date
invoices.csv,64236,Due_Date,2026-09-26,Future Date
invoices.csv,64237,Due_Date,2026-09-27,Future Date
invoices.csv,64238,Due_Date,2026-09-28,Future Date
invoices.csv,64239,Due_Date,2026-09-29,Future Date
invoices.csv,64240,Due_Date,2026-09-30,Future Date
invoices.csv,64591,Due_Date,2026-09-16,Future Date
invoices.csv,64592,Due_Date,2026-09-17,Future Date
invoices.csv,64593,Due_Date,2026-09-18,Future Date
invoices.csv,64594,Due_Date,2026-09-19,Future Date
invoices.csv,64595,Due_Date,2026-09-20,Future Date
invoices.csv,64596,Due_Date,2026-09-21,Future Date
invoices.csv,64597,Due_Date,2026-09-22,Future Date
invoices.csv,64598,Due_Date,2026-09-23,Future Date
invoices.csv,64599,Due_Date,2026-09-24,Future Date
invoices.csv,64600,Due_Date,2026-09-25,Future Date
invoices.csv,64601,Due_Date,2026-09-26,Future Date
invoices.csv,64602,Due_Date,2026-09-27,Future Date
invoices.csv,64603,Due_Date,2026-09-28,Future Date
invoices.csv,64604,Due_Date,2026-09-29,Future Date
invoices.csv,64605,Due_Date,2026-09-30,Future Date
invoices.csv,64956,Due_Date,2026-09-16,Future Date
invoices.csv,64957,Due_Date,2026-09-17,Future Date
invoices.csv,64958,Due_Date,2026-09-18,Future Date
invoices.csv,64959,Due_Date,2026-09-19,Future Date
invoices.csv,64960,Due_Date,2026-09-20,Future Date
invoices.csv,64961,Due_Date,2026-09-21,Future Date
invoices.csv,64962,Due_Date,2026-09-22,Future Date
invoices.csv,64963,Due_Date,2026-09-23,Future Date
invoices.csv,64964,Due_Date,2026-09-24,Future Date
invoices.csv,64965,Due_Date,2026-09-25,Future Date
invoices.csv,64966,Due_Date,2026-09-26,Future Date
invoices.csv,64967,Due_Date,2026-09-27,Future Date
invoices.csv,64968,Due_Date,2026-09-28,Future Date
invoices.csv,64969,Due_Date,2026-09-29,Future Date
invoices.csv,64970,Due_Date,2026-09-30,Future Date
invoices.csv,65321,Due_Date,2026-09-16,Future Date
invoices.csv,65322,Due_Date,2026-09-17,Future Date
invoices.csv,65323,Due_Date,2026-09-18,Future Date
invoices.csv,65324,Due_Date,2026-09-19,Future Date
invoices.csv,65325,Due_Date,2026-09-20,Future Date
invoices.csv,65326,Due_Date,2026-09-21,Future Date
invoices.csv,65327,Due_Date,2026-09-22,Future Date
invoices.csv,65328,Due_Date,2026-09-23,Future Date
invoices.csv,65329,Due_Date,2026-09-24,Future Date
invoices.csv,65330,Due_Date,2026-09-25,Future Date
invoices.csv,65331,Due_Date,2026-09-26,Future Date
invoices.csv,65332,Due_Date,2026-09-27,Future Date
invoices.csv,65333,Due_Date,2026-09-28,Future Date
invoices.csv,65334,Due_Date,2026-09-29,Future Date
invoices.csv,65335,Due_Date,2026-09-30,Future Date
invoices.csv,65686,Due_Date,2026-09-16,Future Date
invoices.csv,65687,Due_Date,2026-09-17,Future Date
invoices.csv,65688,Due_Date,2026-09-18,Future Date
invoices.csv,65689,Due_Date,2026-09-19,Future Date
invoices.csv,65690,Due_Date,2026-09-20,Future Date
invoices.csv,65691,Due_Date,2026-09-21,Future Date
invoices.csv,65692,Due_Date,2026-09-22,Future Date
invoices.csv,65693,Due_Date,2026-09-23,Future Date
invoices.csv,65694,Due_Date,2026-09-24,Future Date
invoices.csv,65695,Due_Date,2026-09-25,Future Date
invoices.csv,65696,Due_Date,2026-09-26,Future Date
invoices.csv,65697,Due_Date,2026-09-27,Future Date
invoices.csv,65698,Due_Date,2026-09-28,Future Date
invoices.csv,65699,Due_Date,2026-09-29,Future Date
invoices.csv,65700,Due_Date,2026-09-30,Future Date
invoices.csv,66051,Due_Date,2026-09-16,Future Date
invoices.csv,66052,Due_Date,2026-09-17,Future Date
invoices.csv,66053,Due_Date,2026-09-18,Future Date
invoices.csv,66054,Due_Date,2026-09-19,Future Date
invoices.csv,66055,Due_Date,2026-09-20,Future Date
invoices.csv,66056,Due_Date,2026-09-21,Future Date
invoices.csv,66057,Due_Date,2026-09-22,Future Date
invoices.csv,66058,Due_Date,2026-09-23,Future Date
invoices.csv,66059,Due_Date,2026-09-24,Future Date
invoices.csv,66060,Due_Date,2026-09-25,Future Date
invoices.csv,66061,Due_Date,2026-09-26,Future Date
invoices.csv,66062,Due_Date,2026-09-27,Future Date
invoices.csv,66063,Due_Date,2026-09-28,Future Date
invoices.csv,66064,Due_Date,2026-09-29,Future Date
invoices.csv,66065,Due_Date,2026-09-30,Future Date
invoices.csv,66416,Due_Date,2026-09-16,Future Date
invoices.csv,66417,Due_Date,2026-09-17,Future Date
invoices.csv,66418,Due_Date,2026-09-18,Future Date
invoices.csv,66419,Due_Date,2026-09-19,Future Date
invoices.csv,66420,Due_Date,2026-09-20,Future Date
invoices.csv,66421,Due_Date,2026-09-21,Future Date
invoices.csv,66422,Due_Date,2026-09-22,Future Date
invoices.csv,66423,Due_Date,2026-09-23,Future Date
invoices.csv,66424,Due_Date,2026-09-24,Future Date
invoices.csv,66425,Due_Date,2026-09-25,Future Date
invoices.csv,66426,Due_Date,2026-09-26,Future Date
invoices.csv,66427,Due_Date,2026-09-27,Future Date
invoices.csv,66428,Due_Date,2026-09-28,Future Date
invoices.csv,66429,Due_Date,2026-09-29,Future Date
invoices.csv,66430,Due_Date,2026-09-30,Future Date
invoices.csv,66781,Due_Date,2026-09-16,Future Date
invoices.csv,66782,Due_Date,2026-09-17,Future Date
invoices.csv,66783,Due_Date,2026-09-18,Future Date
invoices.csv,66784,Due_Date,2026-09-19,Future Date
invoices.csv,66785,Due_Date,2026-09-20,Future Date
invoices.csv,66786,Due_Date,2026-09-21,Future Date
invoices.csv,66787,Due_Date,2026-09-22,Future Date
invoices.csv,66788,Due_Date,2026-09-23,Future Date
invoices.csv,66789,Due_Date,2026-09-24,Future Date
invoices.csv,66790,Due_Date,2026-09-25,Future Date
invoices.csv,66791,Due_Date,2026-09-26,Future Date
invoices.csv,66792,Due_Date,2026-09-27,Future Date
invoices.csv,66793,Due_Date,2026-09-28,Future Date
invoices.csv,66794,Due_Date,2026-09-29,Future Date
invoices.csv,66795,Due_Date,2026-09-30,Future Date
invoices.csv,67146,Due_Date,2026-09-16,Future Date
invoices.csv,67147,Due_Date,2026-09-17,Future Date
invoices.csv,67148,Due_Date,2026-09-18,Future Date
invoices.csv,67149,Due_Date,2026-09-19,Future Date
invoices.csv,67150,Due_Date,2026-09-20,Future Date
invoices.csv,67151,Due_Date,2026-09-21,Future Date
invoices.csv,67152,Due_Date,2026-09-22,Future Date
invoices.csv,67153,Due_Date,2026-09-23,Future Date
invoices.csv,67154,Due_Date,2026-09-24,Future Date
invoices.csv,67155,Due_Date,2026-09-25,Future Date
invoices.csv,67156,Due_Date,2026-09-26,Future Date
invoices.csv,67157,Due_Date,2026-09-27,Future Date
invoices.csv,67158,Due_Date,2026-09-28,Future Date
invoices.csv,67159,Due_Date,2026-09-29,Future Date
invoices.csv,67160,Due_Date,2026-09-30,Future Date
invoices.csv,67511,Due_Date,2026-09-16,Future Date
invoices.csv,67512,Due_Date,2026-09-17,Future Date
invoices.csv,67513,Due_Date,2026-09-18,Future Date
invoices.csv,67514,Due_Date,2026-09-19,Future Date
invoices.csv,67515,Due_Date,2026-09-20,Future Date
invoices.csv,67516,Due_Date,2026-09-21,Future Date
invoices.csv,67517,Due_Date,2026-09-22,Future Date
invoices.csv,67518,Due_Date,2026-09-23,Future Date
invoices.csv,67519,Due_Date,2026-09-24,Future Date
invoices.csv,67520,Due_Date,2026-09-25,Future Date
invoices.csv,67521,Due_Date,2026-09-26,Future Date
invoices.csv,67522,Due_Date,2026-09-27,Future Date
invoices.csv,67523,Due_Date,2026-09-28,Future Date
invoices.csv,67524,Due_Date,2026-09-29,Future Date
invoices.csv,67525,Due_Date,2026-09-30,Future Date
invoices.csv,67876,Due_Date,2026-09-16,Future Date
invoices.csv,67877,Due_Date,2026-09-17,Future Date
invoices.csv,67878,Due_Date,2026-09-18,Future Date
invoices.csv,67879,Due_Date,2026-09-19,Future Date
invoices.csv,67880,Due_Date,2026-09-20,Future Date
invoices.csv,67881,Due_Date,2026-09-21,Future Date
invoices.csv,67882,Due_Date,2026-09-22,Future Date
invoices.csv,67883,Due_Date,2026-09-23,Future Date
invoices.csv,67884,Due_Date,2026-09-24,Future Date
invoices.csv,67885,Due_Date,2026-09-25,Future Date
invoices.csv,67886,Due_Date,2026-09-26,Future Date
invoices.csv,67887,Due_Date,2026-09-27,Future Date
invoices.csv,67888,Due_Date,2026-09-28,Future Date
invoices.csv,67889,Due_Date,2026-09-29,Future Date
invoices.csv,67890,Due_Date,2026-09-30,Future Date
invoices.csv,68241,Due_Date,2026-09-16,Future Date
invoices.csv,68242,Due_Date,2026-09-17,Future Date
invoices.csv,68243,Due_Date,2026-09-18,Future Date
invoices.csv,68244,Due_Date,2026-09-19,Future Date
invoices.csv,68245,Due_Date,2026-09-20,Future Date
invoices.csv,68246,Due_Date,2026-09-21,Future Date
invoices.csv,68247,Due_Date,2026-09-22,Future Date
invoices.csv,68248,Due_Date,2026-09-23,Future Date
invoices.csv,68249,Due_Date,2026-09-24,Future Date
invoices.csv,68250,Due_Date,2026-09-25,Future Date
invoices.csv,68251,Due_Date,2026-09-26,Future Date
invoices.csv,68252,Due_Date,2026-09-27,Future Date
invoices.csv,68253,Due_Date,2026-09-28,Future Date
invoices.csv,68254,Due_Date,2026-09-29,Future Date
invoices.csv,68255,Due_Date,2026-09-30,Future Date
invoices.csv,68606,Due_Date,2026-09-16,Future Date
invoices.csv,68607,Due_Date,2026-09-17,Future Date
invoices.csv,68608,Due_Date,2026-09-18,Future Date
invoices.csv,68609,Due_Date,2026-09-19,Future Date
invoices.csv,68610,Due_Date,2026-09-20,Future Date
invoices.csv,68611,Due_Date,2026-09-21,Future Date
invoices.csv,68612,Due_Date,2026-09-22,Future Date
invoices.csv,68613,Due_Date,2026-09-23,Future Date
invoices.csv,68614,Due_Date,2026-09-24,Future Date
invoices.csv,68615,Due_Date,2026-09-25,Future Date
invoices.csv,68616,Due_Date,2026-09-26,Future Date
invoices.csv,68617,Due_Date,2026-09-27,Future Date
invoices.csv,68618,Due_Date,2026-09-28,Future Date
invoices.csv,68619,Due_Date,2026-09-29,Future Date
invoices.csv,68620,Due_Date,2026-09-30,Future Date
invoices.csv,68971,Due_Date,2026-09-16,Future Date
invoices.csv,68972,Due_Date,2026-09-17,Future Date
invoices.csv,68973,Due_Date,2026-09-18,Future Date
invoices.csv,68974,Due_Date,2026-09-19,Future Date
invoices.csv,68975,Due_Date,2026-09-20,Future Date
invoices.csv,68976,Due_Date,2026-09-21,Future Date
invoices.csv,68977,Due_Date,2026-09-22,Future Date
invoices.csv,68978,Due_Date,2026-09-23,Future Date
invoices.csv,68979,Due_Date,2026-09-24,Future Date
invoices.csv,68980,Due_Date,2026-09-25,Future Date
invoices.csv,68981,Due_Date,2026-09-26,Future Date
invoices.csv,68982,Due_Date,2026-09-27,Future Date
invoices.csv,68983,Due_Date,2026-09-28,Future Date
invoices.csv,68984,Due_Date,2026-09-29,Future Date
invoices.csv,68985,Due_Date,2026-09-30,Future Date
invoices.csv,69336,Due_Date,2026-09-16,Future Date
invoices.csv,69337,Due_Date,2026-09-17,Future Date
invoices.csv,69338,Due_Date,2026-09-18,Future Date
invoices.csv,69339,Due_Date,2026-09-19,Future Date
invoices.csv,69340,Due_Date,2026-09-20,Future Date
invoices.csv,69341,Due_Date,2026-09-21,Future Date
invoices.csv,69342,Due_Date,2026-09-22,Future Date
invoices.csv,69343,Due_Date,2026-09-23,Future Date
invoices.csv,69344,Due_Date,2026-09-24,Future Date
invoices.csv,69345,Due_Date,2026-09-25,Future Date
invoices.csv,69346,Due_Date,2026-09-26,Future Date
invoices.csv,69347,Due_Date,2026-09-27,Future Date
invoices.csv,69348,Due_Date,2026-09-28,Future Date
invoices.csv,69349,Due_Date,2026-09-29,Future Date
invoices.csv,69350,Due_Date,2026-09-30,Future Date
invoices.csv,69701,Due_Date,2026-09-16,Future Date
invoices.csv,69702,Due_Date,2026-09-17,Future Date
invoices.csv,69703,Due_Date,2026-09-18,Future Date
invoices.csv,69704,Due_Date,2026-09-19,Future Date
invoices.csv,69705,Due_Date,2026-09-20,Future Date
invoices.csv,69706,Due_Date,2026-09-21,Future Date
invoices.csv,69707,Due_Date,2026-09-22,Future Date
invoices.csv,69708,Due_Date,2026-09-23,Future Date
invoices.csv,69709,Due_Date,2026-09-24,Future Date
invoices.csv,69710,Due_Date,2026-09-25,Future Date
invoices.csv,69711,Due_Date,2026-09-26,Future Date
invoices.csv,69712,Due_Date,2026-09-27,Future Date
invoices.csv,69713,Due_Date,2026-09-28,Future Date
invoices.csv,69714,Due_Date,2026-09-29,Future Date
invoices.csv,69715,Due_Date,2026-09-30,Future Date
invoices.csv,70066,Due_Date,2026-09-16,Future Date
invoices.csv,70067,Due_Date,2026-09-17,Future Date
invoices.csv,70068,Due_Date,2026-09-18,Future Date
invoices.csv,70069,Due_Date,2026-09-19,Future Date
invoices.csv,70070,Due_Date,2026-09-20,Future Date
invoices.csv,70071,Due_Date,2026-09-21,Future Date
invoices.csv,70072,Due_Date,2026-09-22,Future Date
invoices.csv,70073,Due_Date,2026-09-23,Future Date
invoices.csv,70074,Due_Date,2026-09-24,Future Date
invoices.csv,70075,Due_Date,2026-09-25,Future Date
invoices.csv,70076,Due_Date,2026-09-26,Future Date
invoices.csv,70077,Due_Date,2026-09-27,Future Date
invoices.csv,70078,Due_Date,2026-09-28,Future Date
invoices.csv,70079,Due_Date,2026-09-29,Future Date
invoices.csv,70080,Due_Date,2026-09-30,Future Date
invoices.csv,70431,Due_Date,2026-09-16,Future Date
invoices.csv,70432,Due_Date,2026-09-17,Future Date
invoices.csv,70433,Due_Date,2026-09-18,Future Date
invoices.csv,70434,Due_Date,2026-09-19,Future Date
invoices.csv,70435,Due_Date,2026-09-20,Future Date
invoices.csv,70436,Due_Date,2026-09-21,Future Date
invoices.csv,70437,Due_Date,2026-09-22,Future Date
invoices.csv,70438,Due_Date,2026-09-23,Future Date
invoices.csv,70439,Due_Date,2026-09-24,Future Date
invoices.csv,70440,Due_Date,2026-09-25,Future Date
invoices.csv,70441,Due_Date,2026-09-26,Future Date
invoices.csv,70442,Due_Date,2026-09-27,Future Date
invoices.csv,70443,Due_Date,2026-09-28,Future Date
invoices.csv,70444,Due_Date,2026-09-29,Future Date
invoices.csv,70445,Due_Date,2026-09-30,Future Date
invoices.csv,70796,Due_Date,2026-09-16,Future Date
invoices.csv,70797,Due_Date,2026-09-17,Future Date
invoices.csv,70798,Due_Date,2026-09-18,Future Date
invoices.csv,70799,Due_Date,2026-09-19,Future Date
invoices.csv,70800,Due_Date,2026-09-20,Future Date
invoices.csv,70801,Due_Date,2026-09-21,Future Date
invoices.csv,70802,Due_Date,2026-09-22,Future Date
invoices.csv,70803,Due_Date,2026-09-23,Future Date
invoices.csv,70804,Due_Date,2026-09-24,Future Date
invoices.csv,70805,Due_Date,2026-09-25,Future Date
invoices.csv,70806,Due_Date,2026-09-26,Future Date
invoices.csv,70807,Due_Date,2026-09-27,Future Date
invoices.csv,70808,Due_Date,2026-09-28,Future Date
invoices.csv,70809,Due_Date,2026-09-29,Future Date
invoices.csv,70810,Due_Date,2026-09-30,Future Date
invoices.csv,71161,Due_Date,2026-09-16,Future Date
invoices.csv,71162,Due_Date,2026-09-17,Future Date
invoices.csv,71163,Due_Date,2026-09-18,Future Date
invoices.csv,71164,Due_Date,2026-09-19,Future Date
invoices.csv,71165,Due_Date,2026-09-20,Future Date
invoices.csv,71166,Due_Date,2026-09-21,Future Date
invoices.csv,71167,Due_Date,2026-09-22,Future Date
invoices.csv,71168,Due_Date,2026-09-23,Future Date
invoices.csv,71169,Due_Date,2026-09-24,Future Date
invoices.csv,71170,Due_Date,2026-09-25,Future Date
invoices.csv,71171,Due_Date,2026-09-26,Future Date
invoices.csv,71172,Due_Date,2026-09-27,Future Date
invoices.csv,71173,Due_Date,2026-09-28,Future Date
invoices.csv,71174,Due_Date,2026-09-29,Future Date
invoices.csv,71175,Due_Date,2026-09-30,Future Date
invoices.csv,71526,Due_Date,2026-09-16,Future Date
invoices.csv,71527,Due_Date,2026-09-17,Future Date
invoices.csv,71528,Due_Date,2026-09-18,Future Date
invoices.csv,71529,Due_Date,2026-09-19,Future Date
invoices.csv,71530,Due_Date,2026-09-20,Future Date
invoices.csv,71531,Due_Date,2026-09-21,Future Date
invoices.csv,71532,Due_Date,2026-09-22,Future Date
invoices.csv,71533,Due_Date,2026-09-23,Future Date
invoices.csv,71534,Due_Date,2026-09-24,Future Date
invoices.csv,71535,Due_Date,2026-09-25,Future Date
invoices.csv,71536,Due_Date,2026-09-26,Future Date
invoices.csv,71537,Due_Date,2026-09-27,Future Date
invoices.csv,71538,Due_Date,2026-09-28,Future Date
invoices.csv,71539,Due_Date,2026-09-29,Future Date
invoices.csv,71540,Due_Date,2026-09-30,Future Date
invoices.csv,71891,Due_Date,2026-09-16,Future Date
invoices.csv,71892,Due_Date,2026-09-17,Future Date
invoices.csv,71893,Due_Date,2026-09-18,Future Date
invoices.csv,71894,Due_Date,2026-09-19,Future Date
invoices.csv,71895,Due_Date,2026-09-20,Future Date
invoices.csv,71896,Due_Date,2026-09-21,Future Date
invoices.csv,71897,Due_Date,2026-09-22,Future Date
invoices.csv,71898,Due_Date,2026-09-23,Future Date
invoices.csv,71899,Due_Date,2026-09-24,Future Date
invoices.csv,71900,Due_Date,2026-09-25,Future Date
invoices.csv,71901,Due_Date,2026-09-26,Future Date
invoices.csv,71902,Due_Date,2026-09-27,Future Date
invoices.csv,71903,Due_Date,2026-09-28,Future Date
invoices.csv,71904,Due_Date,2026-09-29,Future Date
invoices.csv,71905,Due_Date,2026-09-30,Future Date
invoices.csv,72256,Due_Date,2026-09-16,Future Date
invoices.csv,72257,Due_Date,2026-09-17,Future Date
invoices.csv,72258,Due_Date,2026-09-18,Future Date
invoices.csv,72259,Due_Date,2026-09-19,Future Date
invoices.csv,72260,Due_Date,2026-09-20,Future Date
invoices.csv,72261,Due_Date,2026-09-21,Future Date
invoices.csv,72262,Due_Date,2026-09-22,Future Date
invoices.csv,72263,Due_Date,2026-09-23,Future Date
invoices.csv,72264,Due_Date,2026-09-24,Future Date
invoices.csv,72265,Due_Date,2026-09-25,Future Date
invoices.csv,72266,Due_Date,2026-09-26,Future Date
invoices.csv,72267,Due_Date,2026-09-27,Future Date
invoices.csv,72268,Due_Date,2026-09-28,Future Date
invoices.csv,72269,Due_Date,2026-09-29,Future Date
invoices.csv,72270,Due_Date,2026-09-30,Future Date
invoices.csv,72621,Due_Date,2026-09-16,Future Date
invoices.csv,72622,Due_Date,2026-09-17,Future Date
invoices.csv,72623,Due_Date,2026-09-18,Future Date
invoices.csv,72624,Due_Date,2026-09-19,Future Date
invoices.csv,72625,Due_Date,2026-09-20,Future Date
invoices.csv,72626,Due_Date,2026-09-21,Future Date
invoices.csv,72627,Due_Date,2026-09-22,Future Date
invoices.csv,72628,Due_Date,2026-09-23,Future Date
invoices.csv,72629,Due_Date,2026-09-24,Future Date
invoices.csv,72630,Due_Date,2026-09-25,Future Date
invoices.csv,72631,Due_Date,2026-09-26,Future Date
invoices.csv,72632,Due_Date,2026-09-27,Future Date
invoices.csv,72633,Due_Date,2026-09-28,Future Date
invoices.csv,72634,Due_Date,2026-09-29,Future Date
invoices.csv,72635,Due_Date,2026-09-30,Future Date
invoices.csv,72986,Due_Date,2026-09-16,Future Date
invoices.csv,72987,Due_Date,2026-09-17,Future Date
invoices.csv,72988,Due_Date,2026-09-18,Future Date
invoices.csv,72989,Due_Date,2026-09-19,Future Date
invoices.csv,72990,Due_Date,2026-09-20,Future Date
invoices.csv,72991,Due_Date,2026-09-21,Future Date
invoices.csv,72992,Due_Date,2026-09-22,Future Date
invoices.csv,72993,Due_Date,2026-09-23,Future Date
invoices.csv,72994,Due_Date,2026-09-24,Future Date
invoices.csv,72995,Due_Date,2026-09-25,Future Date
invoices.csv,72996,Due_Date,2026-09-26,Future Date
invoices.csv,72997,Due_Date,2026-09-27,Future Date
invoices.csv,72998,Due_Date,2026-09-28,Future Date
invoices.csv,72999,Due_Date,2026-09-29,Future Date
invoices.csv,73000,Due_Date,2026-09-30,Future Date
invoices.csv,73351,Due_Date,2026-09-16,Future Date
invoices.csv,73352,Due_Date,2026-09-17,Future Date
invoices.csv,73353,Due_Date,2026-09-18,Future Date
invoices.csv,73354,Due_Date,2026-09-19,Future Date
invoices.csv,73355,Due_Date,2026-09-20,Future Date
invoices.csv,73356,Due_Date,2026-09-21,Future Date
invoices.csv,73357,Due_Date,2026-09-22,Future Date
invoices.csv,73358,Due_Date,2026-09-23,Future Date
invoices.csv,73359,Due_Date,2026-09-24,Future Date
invoices.csv,73360,Due_Date,2026-09-25,Future Date
invoices.csv,73361,Due_Date,2026-09-26,Future Date
invoices.csv,73362,Due_Date,2026-09-27,Future Date
invoices.csv,73363,Due_Date,2026-09-28,Future Date
invoices.csv,73364,Due_Date,2026-09-29,Future Date
invoices.csv,73365,Due_Date,2026-09-30,Future Date
invoices.csv,73716,Due_Date,2026-09-16,Future Date
invoices.csv,73717,Due_Date,2026-09-17,Future Date
invoices.csv,73718,Due_Date,2026-09-18,Future Date
invoices.csv,73719,Due_Date,2026-09-19,Future Date
invoices.csv,73720,Due_Date,2026-09-20,Future Date
invoices.csv,73721,Due_Date,2026-09-21,Future Date
invoices.csv,73722,Due_Date,2026-09-22,Future Date
invoices.csv,73723,Due_Date,2026-09-23,Future Date
invoices.csv,73724,Due_Date,2026-09-24,Future Date
invoices.csv,73725,Due_Date,2026-09-25,Future Date
invoices.csv,73726,Due_Date,2026-09-26,Future Date
invoices.csv,73727,Due_Date,2026-09-27,Future Date
invoices.csv,73728,Due_Date,2026-09-28,Future Date
invoices.csv,73729,Due_Date,2026-09-29,Future Date
invoices.csv,73730,Due_Date,2026-09-30,Future Date
invoices.csv,74081,Due_Date,2026-09-16,Future Date
invoices.csv,74082,Due_Date,2026-09-17,Future Date
invoices.csv,74083,Due_Date,2026-09-18,Future Date
invoices.csv,74084,Due_Date,2026-09-19,Future Date
invoices.csv,74085,Due_Date,2026-09-20,Future Date
invoices.csv,74086,Due_Date,2026-09-21,Future Date
invoices.csv,74087,Due_Date,2026-09-22,Future Date
invoices.csv,74088,Due_Date,2026-09-23,Future Date
invoices.csv,74089,Due_Date,2026-09-24,Future Date
invoices.csv,74090,Due_Date,2026-09-25,Future Date
invoices.csv,74091,Due_Date,2026-09-26,Future Date
invoices.csv,74092,Due_Date,2026-09-27,Future Date
invoices.csv,74093,Due_Date,2026-09-28,Future Date
invoices.csv,74094,Due_Date,2026-09-29,Future Date
invoices.csv,74095,Due_Date,2026-09-30,Future Date
invoices.csv,74446,Due_Date,2026-09-16,Future Date
invoices.csv,74447,Due_Date,2026-09-17,Future Date
invoices.csv,74448,Due_Date,2026-09-18,Future Date
invoices.csv,74449,Due_Date,2026-09-19,Future Date
invoices.csv,74450,Due_Date,2026-09-20,Future Date
invoices.csv,74451,Due_Date,2026-09-21,Future Date
invoices.csv,74452,Due_Date,2026-09-22,Future Date
invoices.csv,74453,Due_Date,2026-09-23,Future Date
invoices.csv,74454,Due_Date,2026-09-24,Future Date
invoices.csv,74455,Due_Date,2026-09-25,Future Date
invoices.csv,74456,Due_Date,2026-09-26,Future Date
invoices.csv,74457,Due_Date,2026-09-27,Future Date
invoices.csv,74458,Due_Date,2026-09-28,Future Date
invoices.csv,74459,Due_Date,2026-09-29,Future Date
invoices.csv,74460,Due_Date,2026-09-30,Future Date
invoices.csv,74811,Due_Date,2026-09-16,Future Date
invoices.csv,74812,Due_Date,2026-09-17,Future Date
invoices.csv,74813,Due_Date,2026-09-18,Future Date
invoices.csv,74814,Due_Date,2026-09-19,Future Date
invoices.csv,74815,Due_Date,2026-09-20,Future Date
invoices.csv,74816,Due_Date,2026-09-21,Future Date
invoices.csv,74817,Due_Date,2026-09-22,Future Date
invoices.csv,74818,Due_Date,2026-09-23,Future Date
invoices.csv,74819,Due_Date,2026-09-24,Future Date
invoices.csv,74820,Due_Date,2026-09-25,Future Date
invoices.csv,74821,Due_Date,2026-09-26,Future Date
invoices.csv,74822,Due_Date,2026-09-27,Future Date
invoices.csv,74823,Due_Date,2026-09-28,Future Date
invoices.csv,74824,Due_Date,2026-09-29,Future Date
invoices.csv,74825,Due_Date,2026-09-30,Future Date
invoices.csv,75176,Due_Date,2026-09-16,Future Date
invoices.csv,75177,Due_Date,2026-09-17,Future Date
invoices.csv,75178,Due_Date,2026-09-18,Future Date
invoices.csv,75179,Due_Date,2026-09-19,Future Date
invoices.csv,75180,Due_Date,2026-09-20,Future Date
invoices.csv,75181,Due_Date,2026-09-21,Future Date
invoices.csv,75182,Due_Date,2026-09-22,Future Date
invoices.csv,75183,Due_Date,2026-09-23,Future Date
invoices.csv,75184,Due_Date,2026-09-24,Future Date
invoices.csv,75185,Due_Date,2026-09-25,Future Date
invoices.csv,75186,Due_Date,2026-09-26,Future Date
invoices.csv,75187,Due_Date,2026-09-27,Future Date
invoices.csv,75188,Due_Date,2026-09-28,Future Date
invoices.csv,75189,Due_Date,2026-09-29,Future Date
invoices.csv,75190,Due_Date,2026-09-30,Future Date
invoices.csv,75541,Due_Date,2026-09-16,Future Date
invoices.csv,75542,Due_Date,2026-09-17,Future Date
invoices.csv,75543,Due_Date,2026-09-18,Future Date
invoices.csv,75544,Due_Date,2026-09-19,Future Date
invoices.csv,75545,Due_Date,2026-09-20,Future Date
invoices.csv,75546,Due_Date,2026-09-21,Future Date
invoices.csv,75547,Due_Date,2026-09-22,Future Date
invoices.csv,75548,Due_Date,2026-09-23,Future Date
invoices.csv,75549,Due_Date,2026-09-24,Future Date
invoices.csv,75550,Due_Date,2026-09-25,Future Date
invoices.csv,75551,Due_Date,2026-09-26,Future Date
invoices.csv,75552,Due_Date,2026-09-27,Future Date
invoices.csv,75553,Due_Date,2026-09-28,Future Date
invoices.csv,75554,Due_Date,2026-09-29,Future Date
invoices.csv,75555,Due_Date,2026-09-30,Future Date
invoices.csv,75906,Due_Date,2026-09-16,Future Date
invoices.csv,75907,Due_Date,2026-09-17,Future Date
invoices.csv,75908,Due_Date,2026-09-18,Future Date
invoices.csv,75909,Due_Date,2026-09-19,Future Date
invoices.csv,75910,Due_Date,2026-09-20,Future Date
invoices.csv,75911,Due_Date,2026-09-21,Future Date
invoices.csv,75912,Due_Date,2026-09-22,Future Date
invoices.csv,75913,Due_Date,2026-09-23,Future Date
invoices.csv,75914,Due_Date,2026-09-24,Future Date
invoices.csv,75915,Due_Date,2026-09-25,Future Date
invoices.csv,75916,Due_Date,2026-09-26,Future Date
invoices.csv,75917,Due_Date,2026-09-27,Future Date
invoices.csv,75918,Due_Date,2026-09-28,Future Date
invoices.csv,75919,Due_Date,2026-09-29,Future Date
invoices.csv,75920,Due_Date,2026-09-30,Future Date
invoices.csv,76271,Due_Date,2026-09-16,Future Date
invoices.csv,76272,Due_Date,2026-09-17,Future Date
invoices.csv,76273,Due_Date,2026-09-18,Future Date
invoices.csv,76274,Due_Date,2026-09-19,Future Date
invoices.csv,76275,Due_Date,2026-09-20,Future Date
invoices.csv,76276,Due_Date,2026-09-21,Future Date
invoices.csv,76277,Due_Date,2026-09-22,Future Date
invoices.csv,76278,Due_Date,2026-09-23,Future Date
invoices.csv,76279,Due_Date,2026-09-24,Future Date
invoices.csv,76280,Due_Date,2026-09-25,Future Date
invoices.csv,76281,Due_Date,2026-09-26,Future Date
invoices.csv,76282,Due_Date,2026-09-27,Future Date
invoices.csv,76283,Due_Date,2026-09-28,Future Date
invoices.csv,76284,Due_Date,2026-09-29,Future Date
invoices.csv,76285,Due_Date,2026-09-30,Future Date
invoices.csv,76636,Due_Date,2026-09-16,Future Date
invoices.csv,76637,Due_Date,2026-09-17,Future Date
invoices.csv,76638,Due_Date,2026-09-18,Future Date
invoices.csv,76639,Due_Date,2026-09-19,Future Date
invoices.csv,76640,Due_Date,2026-09-20,Future Date
invoices.csv,76641,Due_Date,2026-09-21,Future Date
invoices.csv,76642,Due_Date,2026-09-22,Future Date
invoices.csv,76643,Due_Date,2026-09-23,Future Date
invoices.csv,76644,Due_Date,2026-09-24,Future Date
invoices.csv,76645,Due_Date,2026-09-25,Future Date
invoices.csv,76646,Due_Date,2026-09-26,Future Date
invoices.csv,76647,Due_Date,2026-09-27,Future Date
invoices.csv,76648,Due_Date,2026-09-28,Future Date
invoices.csv,76649,Due_Date,2026-09-29,Future Date
invoices.csv,76650,Due_Date,2026-09-30,Future Date
invoices.csv,77001,Due_Date,2026-09-16,Future Date
invoices.csv,77002,Due_Date,2026-09-17,Future Date
invoices.csv,77003,Due_Date,2026-09-18,Future Date
invoices.csv,77004,Due_Date,2026-09-19,Future Date
invoices.csv,77005,Due_Date,2026-09-20,Future Date
invoices.csv,77006,Due_Date,2026-09-21,Future Date
invoices.csv,77007,Due_Date,2026-09-22,Future Date
invoices.csv,77008,Due_Date,2026-09-23,Future Date
invoices.csv,77009,Due_Date,2026-09-24,Future Date
invoices.csv,77010,Due_Date,2026-09-25,Future Date
invoices.csv,77011,Due_Date,2026-09-26,Future Date
invoices.csv,77012,Due_Date,2026-09-27,Future Date
invoices.csv,77013,Due_Date,2026-09-28,Future Date
invoices.csv,77014,Due_Date,2026-09-29,Future Date
invoices.csv,77015,Due_Date,2026-09-30,Future Date
invoices.csv,77366,Due_Date,2026-09-16,Future Date
invoices.csv,77367,Due_Date,2026-09-17,Future Date
invoices.csv,77368,Due_Date,2026-09-18,Future Date
invoices.csv,77369,Due_Date,2026-09-19,Future Date
invoices.csv,77370,Due_Date,2026-09-20,Future Date
invoices.csv,77371,Due_Date,2026-09-21,Future Date
invoices.csv,77372,Due_Date,2026-09-22,Future Date
invoices.csv,77373,Due_Date,2026-09-23,Future Date
invoices.csv,77374,Due_Date,2026-09-24,Future Date
invoices.csv,77375,Due_Date,2026-09-25,Future Date
invoices.csv,77376,Due_Date,2026-09-26,Future Date
invoices.csv,77377,Due_Date,2026-09-27,Future Date
invoices.csv,77378,Due_Date,2026-09-28,Future Date
invoices.csv,77379,Due_Date,2026-09-29,Future Date
invoices.csv,77380,Due_Date,2026-09-30,Future Date
invoices.csv,77731,Due_Date,2026-09-16,Future Date
invoices.csv,77732,Due_Date,2026-09-17,Future Date
invoices.csv,77733,Due_Date,2026-09-18,Future Date
invoices.csv,77734,Due_Date,2026-09-19,Future Date
invoices.csv,77735,Due_Date,2026-09-20,Future Date
invoices.csv,77736,Due_Date,2026-09-21,Future Date
invoices.csv,77737,Due_Date,2026-09-22,Future Date
invoices.csv,77738,Due_Date,2026-09-23,Future Date
invoices.csv,77739,Due_Date,2026-09-24,Future Date
invoices.csv,77740,Due_Date,2026-09-25,Future Date
invoices.csv,77741,Due_Date,2026-09-26,Future Date
invoices.csv,77742,Due_Date,2026-09-27,Future Date
invoices.csv,77743,Due_Date,2026-09-28,Future Date
invoices.csv,77744,Due_Date,2026-09-29,Future Date
invoices.csv,77745,Due_Date,2026-09-30,Future Date
invoices.csv,78096,Due_Date,2026-09-16,Future Date
invoices.csv,78097,Due_Date,2026-09-17,Future Date
invoices.csv,78098,Due_Date,2026-09-18,Future Date
invoices.csv,78099,Due_Date,2026-09-19,Future Date
invoices.csv,78100,Due_Date,2026-09-20,Future Date
invoices.csv,78101,Due_Date,2026-09-21,Future Date
invoices.csv,78102,Due_Date,2026-09-22,Future Date
invoices.csv,78103,Due_Date,2026-09-23,Future Date
invoices.csv,78104,Due_Date,2026-09-24,Future Date
invoices.csv,78105,Due_Date,2026-09-25,Future Date
invoices.csv,78106,Due_Date,2026-09-26,Future Date
invoices.csv,78107,Due_Date,2026-09-27,Future Date
invoices.csv,78108,Due_Date,2026-09-28,Future Date
invoices.csv,78109,Due_Date,2026-09-29,Future Date
invoices.csv,78110,Due_Date,2026-09-30,Future Date
invoices.csv,78461,Due_Date,2026-09-16,Future Date
invoices.csv,78462,Due_Date,2026-09-17,Future Date
invoices.csv,78463,Due_Date,2026-09-18,Future Date
invoices.csv,78464,Due_Date,2026-09-19,Future Date
invoices.csv,78465,Due_Date,2026-09-20,Future Date
invoices.csv,78466,Due_Date,2026-09-21,Future Date
invoices.csv,78467,Due_Date,2026-09-22,Future Date
invoices.csv,78468,Due_Date,2026-09-23,Future Date
invoices.csv,78469,Due_Date,2026-09-24,Future Date
invoices.csv,78470,Due_Date,2026-09-25,Future Date
invoices.csv,78471,Due_Date,2026-09-26,Future Date
invoices.csv,78472,Due_Date,2026-09-27,Future Date
invoices.csv,78473,Due_Date,2026-09-28,Future Date
invoices.csv,78474,Due_Date,2026-09-29,Future Date
invoices.csv,78475,Due_Date,2026-09-30,Future Date
invoices.csv,78826,Due_Date,2026-09-16,Future Date
invoices.csv,78827,Due_Date,2026-09-17,Future Date
invoices.csv,78828,Due_Date,2026-09-18,Future Date
invoices.csv,78829,Due_Date,2026-09-19,Future Date
invoices.csv,78830,Due_Date,2026-09-20,Future Date
invoices.csv,78831,Due_Date,2026-09-21,Future Date
invoices.csv,78832,Due_Date,2026-09-22,Future Date
invoices.csv,78833,Due_Date,2026-09-23,Future Date
invoices.csv,78834,Due_Date,2026-09-24,Future Date
invoices.csv,78835,Due_Date,2026-09-25,Future Date
invoices.csv,78836,Due_Date,2026-09-26,Future Date
invoices.csv,78837,Due_Date,2026-09-27,Future Date
invoices.csv,78838,Due_Date,2026-09-28,Future Date
invoices.csv,78839,Due_Date,2026-09-29,Future Date
invoices.csv,78840,Due_Date,2026-09-30,Future Date
invoices.csv,79191,Due_Date,2026-09-16,Future Date
invoices.csv,79192,Due_Date,2026-09-17,Future Date
invoices.csv,79193,Due_Date,2026-09-18,Future Date
invoices.csv,79194,Due_Date,2026-09-19,Future Date
invoices.csv,79195,Due_Date,2026-09-20,Future Date
invoices.csv,79196,Due_Date,2026-09-21,Future Date
invoices.csv,79197,Due_Date,2026-09-22,Future Date
invoices.csv,79198,Due_Date,2026-09-23,Future Date
invoices.csv,79199,Due_Date,2026-09-24,Future Date
invoices.csv,79200,Due_Date,2026-09-25,Future Date
invoices.csv,79201,Due_Date,2026-09-26,Future Date
invoices.csv,79202,Due_Date,2026-09-27,Future Date
invoices.csv,79203,Due_Date,2026-09-28,Future Date
invoices.csv,79204,Due_Date,2026-09-29,Future Date
invoices.csv,79205,Due_Date,2026-09-30,Future Date
invoices.csv,79556,Due_Date,2026-09-16,Future Date
invoices.csv,79557,Due_Date,2026-09-17,Future Date
invoices.csv,79558,Due_Date,2026-09-18,Future Date
invoices.csv,79559,Due_Date,2026-09-19,Future Date
invoices.csv,79560,Due_Date,2026-09-20,Future Date
invoices.csv,79561,Due_Date,2026-09-21,Future Date
invoices.csv,79562,Due_Date,2026-09-22,Future Date
invoices.csv,79563,Due_Date,2026-09-23,Future Date
invoices.csv,79564,Due_Date,2026-09-24,Future Date
invoices.csv,79565,Due_Date,2026-09-25,Future Date
invoices.csv,79566,Due_Date,2026-09-26,Future Date
invoices.csv,79567,Due_Date,2026-09-27,Future Date
invoices.csv,79568,Due_Date,2026-09-28,Future Date
invoices.csv,79569,Due_Date,2026-09-29,Future Date
invoices.csv,79570,Due_Date,2026-09-30,Future Date
invoices.csv,79921,Due_Date,2026-09-16,Future Date
invoices.csv,79922,Due_Date,2026-09-17,Future Date
invoices.csv,79923,Due_Date,2026-09-18,Future Date
invoices.csv,79924,Due_Date,2026-09-19,Future Date
invoices.csv,79925,Due_Date,2026-09-20,Future Date
invoices.csv,79926,Due_Date,2026-09-21,Future Date
invoices.csv,79927,Due_Date,2026-09-22,Future Date
invoices.csv,79928,Due_Date,2026-09-23,Future Date
invoices.csv,79929,Due_Date,2026-09-24,Future Date
invoices.csv,79930,Due_Date,2026-09-25,Future Date
invoices.csv,79931,Due_Date,2026-09-26,Future Date
invoices.csv,79932,Due_Date,2026-09-27,Future Date
invoices.csv,79933,Due_Date,2026-09-28,Future Date
invoices.csv,79934,Due_Date,2026-09-29,Future Date
invoices.csv,79935,Due_Date,2026-09-30,Future Date
invoices.csv,80286,Due_Date,2026-09-16,Future Date
invoices.csv,80287,Due_Date,2026-09-17,Future Date
invoices.csv,80288,Due_Date,2026-09-18,Future Date
invoices.csv,80289,Due_Date,2026-09-19,Future Date
invoices.csv,80290,Due_Date,2026-09-20,Future Date
invoices.csv,80291,Due_Date,2026-09-21,Future Date
invoices.csv,80292,Due_Date,2026-09-22,Future Date
invoices.csv,80293,Due_Date,2026-09-23,Future Date
invoices.csv,80294,Due_Date,2026-09-24,Future Date
invoices.csv,80295,Due_Date,2026-09-25,Future Date
invoices.csv,80296,Due_Date,2026-09-26,Future Date
invoices.csv,80297,Due_Date,2026-09-27,Future Date
invoices.csv,80298,Due_Date,2026-09-28,Future Date
invoices.csv,80299,Due_Date,2026-09-29,Future Date
invoices.csv,80300,Due_Date,2026-09-30,Future Date
invoices.csv,80651,Due_Date,2026-09-16,Future Date
invoices.csv,80652,Due_Date,2026-09-17,Future Date
invoices.csv,80653,Due_Date,2026-09-18,Future Date
invoices.csv,80654,Due_Date,2026-09-19,Future Date
invoices.csv,80655,Due_Date,2026-09-20,Future Date
invoices.csv,80656,Due_Date,2026-09-21,Future Date
invoices.csv,80657,Due_Date,2026-09-22,Future Date
invoices.csv,80658,Due_Date,2026-09-23,Future Date
invoices.csv,80659,Due_Date,2026-09-24,Future Date
invoices.csv,80660,Due_Date,2026-09-25,Future Date
invoices.csv,80661,Due_Date,2026-09-26,Future Date
invoices.csv,80662,Due_Date,2026-09-27,Future Date
invoices.csv,80663,Due_Date,2026-09-28,Future Date
invoices.csv,80664,Due_Date,2026-09-29,Future Date
invoices.csv,80665,Due_Date,2026-09-30,Future Date
invoices.csv,81016,Due_Date,2026-09-16,Future Date
invoices.csv,81017,Due_Date,2026-09-17,Future Date
invoices.csv,81018,Due_Date,2026-09-18,Future Date
invoices.csv,81019,Due_Date,2026-09-19,Future Date
invoices.csv,81020,Due_Date,2026-09-20,Future Date
invoices.csv,81021,Due_Date,2026-09-21,Future Date
invoices.csv,81022,Due_Date,2026-09-22,Future Date
invoices.csv,81023,Due_Date,2026-09-23,Future Date
invoices.csv,81024,Due_Date,2026-09-24,Future Date
invoices.csv,81025,Due_Date,2026-09-25,Future Date
invoices.csv,81026,Due_Date,2026-09-26,Future Date
invoices.csv,81027,Due_Date,2026-09-27,Future Date
invoices.csv,81028,Due_Date,2026-09-28,Future Date
invoices.csv,81029,Due_Date,2026-09-29,Future Date
invoices.csv,81030,Due_Date,2026-09-30,Future Date
invoices.csv,81381,Due_Date,2026-09-16,Future Date
invoices.csv,81382,Due_Date,2026-09-17,Future Date
invoices.csv,81383,Due_Date,2026-09-18,Future Date
invoices.csv,81384,Due_Date,2026-09-19,Future Date
invoices.csv,81385,Due_Date,2026-09-20,Future Date
invoices.csv,81386,Due_Date,2026-09-21,Future Date
invoices.csv,81387,Due_Date,2026-09-22,Future Date
invoices.csv,81388,Due_Date,2026-09-23,Future Date
invoices.csv,81389,Due_Date,2026-09-24,Future Date
invoices.csv,81390,Due_Date,2026-09-25,Future Date
invoices.csv,81391,Due_Date,2026-09-26,Future Date
invoices.csv,81392,Due_Date,2026-09-27,Future Date
invoices.csv,81393,Due_Date,2026-09-28,Future Date
invoices.csv,81394,Due_Date,2026-09-29,Future Date
invoices.csv,81395,Due_Date,2026-09-30,Future Date
invoices.csv,81746,Due_Date,2026-09-16,Future Date
invoices.csv,81747,Due_Date,2026-09-17,Future Date
invoices.csv,81748,Due_Date,2026-09-18,Future Date
invoices.csv,81749,Due_Date,2026-09-19,Future Date
invoices.csv,81750,Due_Date,2026-09-20,Future Date
invoices.csv,81751,Due_Date,2026-09-21,Future Date
invoices.csv,81752,Due_Date,2026-09-22,Future Date
invoices.csv,81753,Due_Date,2026-09-23,Future Date
invoices.csv,81754,Due_Date,2026-09-24,Future Date
invoices.csv,81755,Due_Date,2026-09-25,Future Date
invoices.csv,81756,Due_Date,2026-09-26,Future Date
invoices.csv,81757,Due_Date,2026-09-27,Future Date
invoices.csv,81758,Due_Date,2026-09-28,Future Date
invoices.csv,81759,Due_Date,2026-09-29,Future Date
invoices.csv,81760,Due_Date,2026-09-30,Future Date
invoices.csv,82111,Due_Date,2026-09-16,Future Date
invoices.csv,82112,Due_Date,2026-09-17,Future Date
invoices.csv,82113,Due_Date,2026-09-18,Future Date
invoices.csv,82114,Due_Date,2026-09-19,Future Date
invoices.csv,82115,Due_Date,2026-09-20,Future Date
invoices.csv,82116,Due_Date,2026-09-21,Future Date
invoices.csv,82117,Due_Date,2026-09-22,Future Date
invoices.csv,82118,Due_Date,2026-09-23,Future Date
invoices.csv,82119,Due_Date,2026-09-24,Future Date
invoices.csv,82120,Due_Date,2026-09-25,Future Date
invoices.csv,82121,Due_Date,2026-09-26,Future Date
invoices.csv,82122,Due_Date,2026-09-27,Future Date
invoices.csv,82123,Due_Date,2026-09-28,Future Date
invoices.csv,82124,Due_Date,2026-09-29,Future Date
invoices.csv,82125,Due_Date,2026-09-30,Future Date
invoices.csv,82476,Due_Date,2026-09-16,Future Date
invoices.csv,82477,Due_Date,2026-09-17,Future Date
invoices.csv,82478,Due_Date,2026-09-18,Future Date
invoices.csv,82479,Due_Date,2026-09-19,Future Date
invoices.csv,82480,Due_Date,2026-09-20,Future Date
invoices.csv,82481,Due_Date,2026-09-21,Future Date
invoices.csv,82482,Due_Date,2026-09-22,Future Date
invoices.csv,82483,Due_Date,2026-09-23,Future Date
invoices.csv,82484,Due_Date,2026-09-24,Future Date
invoices.csv,82485,Due_Date,2026-09-25,Future Date
invoices.csv,82486,Due_Date,2026-09-26,Future Date
invoices.csv,82487,Due_Date,2026-09-27,Future Date
invoices.csv,82488,Due_Date,2026-09-28,Future Date
invoices.csv,82489,Due_Date,2026-09-29,Future Date
invoices.csv,82490,Due_Date,2026-09-30,Future Date
invoices.csv,82841,Due_Date,2026-09-16,Future Date
invoices.csv,82842,Due_Date,2026-09-17,Future Date
invoices.csv,82843,Due_Date,2026-09-18,Future Date
invoices.csv,82844,Due_Date,2026-09-19,Future Date
invoices.csv,82845,Due_Date,2026-09-20,Future Date
invoices.csv,82846,Due_Date,2026-09-21,Future Date
invoices.csv,82847,Due_Date,2026-09-22,Future Date
invoices.csv,82848,Due_Date,2026-09-23,Future Date
invoices.csv,82849,Due_Date,2026-09-24,Future Date
invoices.csv,82850,Due_Date,2026-09-25,Future Date
invoices.csv,82851,Due_Date,2026-09-26,Future Date
invoices.csv,82852,Due_Date,2026-09-27,Future Date
invoices.csv,82853,Due_Date,2026-09-28,Future Date
invoices.csv,82854,Due_Date,2026-09-29,Future Date
invoices.csv,82855,Due_Date,2026-09-30,Future Date
invoices.csv,83206,Due_Date,2026-09-16,Future Date
invoices.csv,83207,Due_Date,2026-09-17,Future Date
invoices.csv,83208,Due_Date,2026-09-18,Future Date
invoices.csv,83209,Due_Date,2026-09-19,Future Date
invoices.csv,83210,Due_Date,2026-09-20,Future Date
invoices.csv,83211,Due_Date,2026-09-21,Future Date
invoices.csv,83212,Due_Date,2026-09-22,Future Date
invoices.csv,83213,Due_Date,2026-09-23,Future Date
invoices.csv,83214,Due_Date,2026-09-24,Future Date
invoices.csv,83215,Due_Date,2026-09-25,Future Date
invoices.csv,83216,Due_Date,2026-09-26,Future Date
invoices.csv,83217,Due_Date,2026-09-27,Future Date
invoices.csv,83218,Due_Date,2026-09-28,Future Date
invoices.csv,83219,Due_Date,2026-09-29,Future Date
invoices.csv,83220,Due_Date,2026-09-30,Future Date
invoices.csv,83571,Due_Date,2026-09-16,Future Date
invoices.csv,83572,Due_Date,2026-09-17,Future Date
invoices.csv,83573,Due_Date,2026-09-18,Future Date
invoices.csv,83574,Due_Date,2026-09-19,Future Date
invoices.csv,83575,Due_Date,2026-09-20,Future Date
invoices.csv,83576,Due_Date,2026-09-21,Future Date
invoices.csv,83577,Due_Date,2026-09-22,Future Date
invoices.csv,83578,Due_Date,2026-09-23,Future Date
invoices.csv,83579,Due_Date,2026-09-24,Future Date
invoices.csv,83580,Due_Date,2026-09-25,Future Date
invoices.csv,83581,Due_Date,2026-09-26,Future Date
invoices.csv,83582,Due_Date,2026-09-27,Future Date
invoices.csv,83583,Due_Date,2026-09-28,Future Date
invoices.csv,83584,Due_Date,2026-09-29,Future Date
invoices.csv,83585,Due_Date,2026-09-30,Future Date
invoices.csv,83936,Due_Date,2026-09-16,Future Date
invoices.csv,83937,Due_Date,2026-09-17,Future Date
invoices.csv,83938,Due_Date,2026-09-18,Future Date
invoices.csv,83939,Due_Date,2026-09-19,Future Date
invoices.csv,83940,Due_Date,2026-09-20,Future Date
invoices.csv,83941,Due_Date,2026-09-21,Future Date
invoices.csv,83942,Due_Date,2026-09-22,Future Date
invoices.csv,83943,Due_Date,2026-09-23,Future Date
invoices.csv,83944,Due_Date,2026-09-24,Future Date
invoices.csv,83945,Due_Date,2026-09-25,Future Date
invoices.csv,83946,Due_Date,2026-09-26,Future Date
invoices.csv,83947,Due_Date,2026-09-27,Future Date
invoices.csv,83948,Due_Date,2026-09-28,Future Date
invoices.csv,83949,Due_Date,2026-09-29,Future Date
invoices.csv,83950,Due_Date,2026-09-30,Future Date
invoices.csv,84301,Due_Date,2026-09-16,Future Date
invoices.csv,84302,Due_Date,2026-09-17,Future Date
invoices.csv,84303,Due_Date,2026-09-18,Future Date
invoices.csv,84304,Due_Date,2026-09-19,Future Date
invoices.csv,84305,Due_Date,2026-09-20,Future Date
invoices.csv,84306,Due_Date,2026-09-21,Future Date
invoices.csv,84307,Due_Date,2026-09-22,Future Date
invoices.csv,84308,Due_Date,2026-09-23,Future Date
invoices.csv,84309,Due_Date,2026-09-24,Future Date
invoices.csv,84310,Due_Date,2026-09-25,Future Date
invoices.csv,84311,Due_Date,2026-09-26,Future Date
invoices.csv,84312,Due_Date,2026-09-27,Future Date
invoices.csv,84313,Due_Date,2026-09-28,Future Date
invoices.csv,84314,Due_Date,2026-09-29,Future Date
invoices.csv,84315,Due_Date,2026-09-30,Future Date
invoices.csv,84666,Due_Date,2026-09-16,Future Date
invoices.csv,84667,Due_Date,2026-09-17,Future Date
invoices.csv,84668,Due_Date,2026-09-18,Future Date
invoices.csv,84669,Due_Date,2026-09-19,Future Date
invoices.csv,84670,Due_Date,2026-09-20,Future Date
invoices.csv,84671,Due_Date,2026-09-21,Future Date
invoices.csv,84672,Due_Date,2026-09-22,Future Date
invoices.csv,84673,Due_Date,2026-09-23,Future Date
invoices.csv,84674,Due_Date,2026-09-24,Future Date
invoices.csv,84675,Due_Date,2026-09-25,Future Date
invoices.csv,84676,Due_Date,2026-09-26,Future Date
invoices.csv,84677,Due_Date,2026-09-27,Future Date
invoices.csv,84678,Due_Date,2026-09-28,Future Date
invoices.csv,84679,Due_Date,2026-09-29,Future Date
invoices.csv,84680,Due_Date,2026-09-30,Future Date
invoices.csv,85031,Due_Date,2026-09-16,Future Date
invoices.csv,85032,Due_Date,2026-09-17,Future Date
invoices.csv,85033,Due_Date,2026-09-18,Future Date
invoices.csv,85034,Due_Date,2026-09-19,Future Date
invoices.csv,85035,Due_Date,2026-09-20,Future Date
invoices.csv,85036,Due_Date,2026-09-21,Future Date
invoices.csv,85037,Due_Date,2026-09-22,Future Date
invoices.csv,85038,Due_Date,2026-09-23,Future Date
invoices.csv,85039,Due_Date,2026-09-24,Future Date
invoices.csv,85040,Due_Date,2026-09-25,Future Date
invoices.csv,85041,Due_Date,2026-09-26,Future Date
invoices.csv,85042,Due_Date,2026-09-27,Future Date
invoices.csv,85043,Due_Date,2026-09-28,Future Date
invoices.csv,85044,Due_Date,2026-09-29,Future Date
invoices.csv,85045,Due_Date,2026-09-30,Future Date
invoices.csv,85396,Due_Date,2026-09-16,Future Date
invoices.csv,85397,Due_Date,2026-09-17,Future Date
invoices.csv,85398,Due_Date,2026-09-18,Future Date
invoices.csv,85399,Due_Date,2026-09-19,Future Date
invoices.csv,85400,Due_Date,2026-09-20,Future Date
invoices.csv,85401,Due_Date,2026-09-21,Future Date
invoices.csv,85402,Due_Date,2026-09-22,Future Date
invoices.csv,85403,Due_Date,2026-09-23,Future Date
invoices.csv,85404,Due_Date,2026-09-24,Future Date
invoices.csv,85405,Due_Date,2026-09-25,Future Date
invoices.csv,85406,Due_Date,2026-09-26,Future Date
invoices.csv,85407,Due_Date,2026-09-27,Future Date
invoices.csv,85408,Due_Date,2026-09-28,Future Date
invoices.csv,85409,Due_Date,2026-09-29,Future Date
invoices.csv,85410,Due_Date,2026-09-30,Future Date
invoices.csv,85761,Due_Date,2026-09-16,Future Date
invoices.csv,85762,Due_Date,2026-09-17,Future Date
invoices.csv,85763,Due_Date,2026-09-18,Future Date
invoices.csv,85764,Due_Date,2026-09-19,Future Date
invoices.csv,85765,Due_Date,2026-09-20,Future Date
invoices.csv,85766,Due_Date,2026-09-21,Future Date
invoices.csv,85767,Due_Date,2026-09-22,Future Date
invoices.csv,85768,Due_Date,2026-09-23,Future Date
invoices.csv,85769,Due_Date,2026-09-24,Future Date
invoices.csv,85770,Due_Date,2026-09-25,Future Date
invoices.csv,85771,Due_Date,2026-09-26,Future Date
invoices.csv,85772,Due_Date,2026-09-27,Future Date
invoices.csv,85773,Due_Date,2026-09-28,Future Date
invoices.csv,85774,Due_Date,2026-09-29,Future Date
invoices.csv,85775,Due_Date,2026-09-30,Future Date
invoices.csv,86126,Due_Date,2026-09-16,Future Date
invoices.csv,86127,Due_Date,2026-09-17,Future Date
invoices.csv,86128,Due_Date,2026-09-18,Future Date
invoices.csv,86129,Due_Date,2026-09-19,Future Date
invoices.csv,86130,Due_Date,2026-09-20,Future Date
invoices.csv,86131,Due_Date,2026-09-21,Future Date
invoices.csv,86132,Due_Date,2026-09-22,Future Date
invoices.csv,86133,Due_Date,2026-09-23,Future Date
invoices.csv,86134,Due_Date,2026-09-24,Future Date
invoices.csv,86135,Due_Date,2026-09-25,Future Date
invoices.csv,86136,Due_Date,2026-09-26,Future Date
invoices.csv,86137,Due_Date,2026-09-27,Future Date
invoices.csv,86138,Due_Date,2026-09-28,Future Date
invoices.csv,86139,Due_Date,2026-09-29,Future Date
invoices.csv,86140,Due_Date,2026-09-30,Future Date
invoices.csv,86491,Due_Date,2026-09-16,Future Date
invoices.csv,86492,Due_Date,2026-09-17,Future Date
invoices.csv,86493,Due_Date,2026-09-18,Future Date
invoices.csv,86494,Due_Date,2026-09-19,Future Date
invoices.csv,86495,Due_Date,2026-09-20,Future Date
invoices.csv,86496,Due_Date,2026-09-21,Future Date
invoices.csv,86497,Due_Date,2026-09-22,Future Date
invoices.csv,86498,Due_Date,2026-09-23,Future Date
invoices.csv,86499,Due_Date,2026-09-24,Future Date
invoices.csv,86500,Due_Date,2026-09-25,Future Date
invoices.csv,86501,Due_Date,2026-09-26,Future Date
invoices.csv,86502,Due_Date,2026-09-27,Future Date
invoices.csv,86503,Due_Date,2026-09-28,Future Date
invoices.csv,86504,Due_Date,2026-09-29,Future Date
invoices.csv,86505,Due_Date,2026-09-30,Future Date
invoices.csv,86856,Due_Date,2026-09-16,Future Date
invoices.csv,86857,Due_Date,2026-09-17,Future Date
invoices.csv,86858,Due_Date,2026-09-18,Future Date
invoices.csv,86859,Due_Date,2026-09-19,Future Date
invoices.csv,86860,Due_Date,2026-09-20,Future Date
invoices.csv,86861,Due_Date,2026-09-21,Future Date
invoices.csv,86862,Due_Date,2026-09-22,Future Date
invoices.csv,86863,Due_Date,2026-09-23,Future Date
invoices.csv,86864,Due_Date,2026-09-24,Future Date
invoices.csv,86865,Due_Date,2026-09-25,Future Date
invoices.csv,86866,Due_Date,2026-09-26,Future Date
invoices.csv,86867,Due_Date,2026-09-27,Future Date
invoices.csv,86868,Due_Date,2026-09-28,Future Date
invoices.csv,86869,Due_Date,2026-09-29,Future Date
invoices.csv,86870,Due_Date,2026-09-30,Future Date
invoices.csv,87221,Due_Date,2026-09-16,Future Date
invoices.csv,87222,Due_Date,2026-09-17,Future Date
invoices.csv,87223,Due_Date,2026-09-18,Future Date
invoices.csv,87224,Due_Date,2026-09-19,Future Date
invoices.csv,87225,Due_Date,2026-09-20,Future Date
invoices.csv,87226,Due_Date,2026-09-21,Future Date
invoices.csv,87227,Due_Date,2026-09-22,Future Date
invoices.csv,87228,Due_Date,2026-09-23,Future Date
invoices.csv,87229,Due_Date,2026-09-24,Future Date
invoices.csv,87230,Due_Date,2026-09-25,Future Date
invoices.csv,87231,Due_Date,2026-09-26,Future Date
invoices.csv,87232,Due_Date,2026-09-27,Future Date
invoices.csv,87233,Due_Date,2026-09-28,Future Date
invoices.csv,87234,Due_Date,2026-09-29,Future Date
invoices.csv,87235,Due_Date,2026-09-30,Future Date
invoices.csv,87586,Due_Date,2026-09-16,Future Date
invoices.csv,87587,Due_Date,2026-09-17,Future Date
invoices.csv,87588,Due_Date,2026-09-18,Future Date
invoices.csv,87589,Due_Date,2026-09-19,Future Date
invoices.csv,87590,Due_Date,2026-09-20,Future Date
invoices.csv,87591,Due_Date,2026-09-21,Future Date
invoices.csv,87592,Due_Date,2026-09-22,Future Date
invoices.csv,87593,Due_Date,2026-09-23,Future Date
invoices.csv,87594,Due_Date,2026-09-24,Future Date
invoices.csv,87595,Due_Date,2026-09-25,Future Date
invoices.csv,87596,Due_Date,2026-09-26,Future Date
invoices.csv,87597,Due_Date,2026-09-27,Future Date
invoices.csv,87598,Due_Date,2026-09-28,Future Date
invoices.csv,87599,Due_Date,2026-09-29,Future Date
invoices.csv,87600,Due_Date,2026-09-30,Future Date
invoices.csv,87951,Due_Date,2026-09-16,Future Date
invoices.csv,87952,Due_Date,2026-09-17,Future Date
invoices.csv,87953,Due_Date,2026-09-18,Future Date
invoices.csv,87954,Due_Date,2026-09-19,Future Date
invoices.csv,87955,Due_Date,2026-09-20,Future Date
invoices.csv,87956,Due_Date,2026-09-21,Future Date
invoices.csv,87957,Due_Date,2026-09-22,Future Date
invoices.csv,87958,Due_Date,2026-09-23,Future Date
invoices.csv,87959,Due_Date,2026-09-24,Future Date
invoices.csv,87960,Due_Date,2026-09-25,Future Date
invoices.csv,87961,Due_Date,2026-09-26,Future Date
invoices.csv,87962,Due_Date,2026-09-27,Future Date
invoices.csv,87963,Due_Date,2026-09-28,Future Date
invoices.csv,87964,Due_Date,2026-09-29,Future Date
invoices.csv,87965,Due_Date,2026-09-30,Future Date
invoices.csv,88316,Due_Date,2026-09-16,Future Date
invoices.csv,88317,Due_Date,2026-09-17,Future Date
invoices.csv,88318,Due_Date,2026-09-18,Future Date
invoices.csv,88319,Due_Date,2026-09-19,Future Date
invoices.csv,88320,Due_Date,2026-09-20,Future Date
invoices.csv,88321,Due_Date,2026-09-21,Future Date
invoices.csv,88322,Due_Date,2026-09-22,Future Date
invoices.csv,88323,Due_Date,2026-09-23,Future Date
invoices.csv,88324,Due_Date,2026-09-24,Future Date
invoices.csv,88325,Due_Date,2026-09-25,Future Date
invoices.csv,88326,Due_Date,2026-09-26,Future Date
invoices.csv,88327,Due_Date,2026-09-27,Future Date
invoices.csv,88328,Due_Date,2026-09-28,Future Date
invoices.csv,88329,Due_Date,2026-09-29,Future Date
invoices.csv,88330,Due_Date,2026-09-30,Future Date
invoices.csv,88681,Due_Date,2026-09-16,Future Date
invoices.csv,88682,Due_Date,2026-09-17,Future Date
invoices.csv,88683,Due_Date,2026-09-18,Future Date
invoices.csv,88684,Due_Date,2026-09-19,Future Date
invoices.csv,88685,Due_Date,2026-09-20,Future Date
invoices.csv,88686,Due_Date,2026-09-21,Future Date
invoices.csv,88687,Due_Date,2026-09-22,Future Date
invoices.csv,88688,Due_Date,2026-09-23,Future Date
invoices.csv,88689,Due_Date,2026-09-24,Future Date
invoices.csv,88690,Due_Date,2026-09-25,Future Date
invoices.csv,88691,Due_Date,2026-09-26,Future Date
invoices.csv,88692,Due_Date,2026-09-27,Future Date
invoices.csv,88693,Due_Date,2026-09-28,Future Date
invoices.csv,88694,Due_Date,2026-09-29,Future Date
invoices.csv,88695,Due_Date,2026-09-30,Future Date
invoices.csv,89046,Due_Date,2026-09-16,Future Date
invoices.csv,89047,Due_Date,2026-09-17,Future Date
invoices.csv,89048,Due_Date,2026-09-18,Future Date
invoices.csv,89049,Due_Date,2026-09-19,Future Date
invoices.csv,89050,Due_Date,2026-09-20,Future Date
invoices.csv,89051,Due_Date,2026-09-21,Future Date
invoices.csv,89052,Due_Date,2026-09-22,Future Date
invoices.csv,89053,Due_Date,2026-09-23,Future Date
invoices.csv,89054,Due_Date,2026-09-24,Future Date
invoices.csv,89055,Due_Date,2026-09-25,Future Date
invoices.csv,89056,Due_Date,2026-09-26,Future Date
invoices.csv,89057,Due_Date,2026-09-27,Future Date
invoices.csv,89058,Due_Date,2026-09-28,Future Date
invoices.csv,89059,Due_Date,2026-09-29,Future Date
invoices.csv,89060,Due_Date,2026-09-30,Future Date
invoices.csv,89411,Due_Date,2026-09-16,Future Date
invoices.csv,89412,Due_Date,2026-09-17,Future Date
invoices.csv,89413,Due_Date,2026-09-18,Future Date
invoices.csv,89414,Due_Date,2026-09-19,Future Date
invoices.csv,89415,Due_Date,2026-09-20,Future Date
invoices.csv,89416,Due_Date,2026-09-21,Future Date
invoices.csv,89417,Due_Date,2026-09-22,Future Date
invoices.csv,89418,Due_Date,2026-09-23,Future Date
invoices.csv,89419,Due_Date,2026-09-24,Future Date
invoices.csv,89420,Due_Date,2026-09-25,Future Date
invoices.csv,89421,Due_Date,2026-09-26,Future Date
invoices.csv,89422,Due_Date,2026-09-27,Future Date
invoices.csv,89423,Due_Date,2026-09-28,Future Date
invoices.csv,89424,Due_Date,2026-09-29,Future Date
invoices.csv,89425,Due_Date,2026-09-30,Future Date
invoices.csv,89776,Due_Date,2026-09-16,Future Date
invoices.csv,89777,Due_Date,2026-09-17,Future Date
invoices.csv,89778,Due_Date,2026-09-18,Future Date
invoices.csv,89779,Due_Date,2026-09-19,Future Date
invoices.csv,89780,Due_Date,2026-09-20,Future Date
invoices.csv,89781,Due_Date,2026-09-21,Future Date
invoices.csv,89782,Due_Date,2026-09-22,Future Date
invoices.csv,89783,Due_Date,2026-09-23,Future Date
invoices.csv,89784,Due_Date,2026-09-24,Future Date
invoices.csv,89785,Due_Date,2026-09-25,Future Date
invoices.csv,89786,Due_Date,2026-09-26,Future Date
invoices.csv,89787,Due_Date,2026-09-27,Future Date
invoices.csv,89788,Due_Date,2026-09-28,Future Date
invoices.csv,89789,Due_Date,2026-09-29,Future Date
invoices.csv,89790,Due_Date,2026-09-30,Future Date
invoices.csv,90141,Due_Date,2026-09-16,Future Date
invoices.csv,90142,Due_Date,2026-09-17,Future Date
invoices.csv,90143,Due_Date,2026-09-18,Future Date
invoices.csv,90144,Due_Date,2026-09-19,Future Date
invoices.csv,90145,Due_Date,2026-09-20,Future Date
invoices.csv,90146,Due_Date,2026-09-21,Future Date
invoices.csv,90147,Due_Date,2026-09-22,Future Date
invoices.csv,90148,Due_Date,2026-09-23,Future Date
invoices.csv,90149,Due_Date,2026-09-24,Future Date
invoices.csv,90150,Due_Date,2026-09-25,Future Date
invoices.csv,90151,Due_Date,2026-09-26,Future Date
invoices.csv,90152,Due_Date,2026-09-27,Future Date
invoices.csv,90153,Due_Date,2026-09-28,Future Date
invoices.csv,90154,Due_Date,2026-09-29,Future Date
invoices.csv,90155,Due_Date,2026-09-30,Future Date
invoices.csv,90506,Due_Date,2026-09-16,Future Date
invoices.csv,90507,Due_Date,2026-09-17,Future Date
invoices.csv,90508,Due_Date,2026-09-18,Future Date
invoices.csv,90509,Due_Date,2026-09-19,Future Date
invoices.csv,90510,Due_Date,2026-09-20,Future Date
invoices.csv,90511,Due_Date,2026-09-21,Future Date
invoices.csv,90512,Due_Date,2026-09-22,Future Date
invoices.csv,90513,Due_Date,2026-09-23,Future Date
invoices.csv,90514,Due_Date,2026-09-24,Future Date
invoices.csv,90515,Due_Date,2026-09-25,Future Date
invoices.csv,90516,Due_Date,2026-09-26,Future Date
invoices.csv,90517,Due_Date,2026-09-27,Future Date
invoices.csv,90518,Due_Date,2026-09-28,Future Date
invoices.csv,90519,Due_Date,2026-09-29,Future Date
invoices.csv,90520,Due_Date,2026-09-30,Future Date
invoices.csv,90871,Due_Date,2026-09-16,Future Date
invoices.csv,90872,Due_Date,2026-09-17,Future Date
invoices.csv,90873,Due_Date,2026-09-18,Future Date
invoices.csv,90874,Due_Date,2026-09-19,Future Date
invoices.csv,90875,Due_Date,2026-09-20,Future Date
invoices.csv,90876,Due_Date,2026-09-21,Future Date
invoices.csv,90877,Due_Date,2026-09-22,Future Date
invoices.csv,90878,Due_Date,2026-09-23,Future Date
invoices.csv,90879,Due_Date,2026-09-24,Future Date
invoices.csv,90880,Due_Date,2026-09-25,Future Date
invoices.csv,90881,Due_Date,2026-09-26,Future Date
invoices.csv,90882,Due_Date,2026-09-27,Future Date
invoices.csv,90883,Due_Date,2026-09-28,Future Date
invoices.csv,90884,Due_Date,2026-09-29,Future Date
invoices.csv,90885,Due_Date,2026-09-30,Future Date
invoices.csv,91236,Due_Date,2026-09-16,Future Date
invoices.csv,91237,Due_Date,2026-09-17,Future Date
invoices.csv,91238,Due_Date,2026-09-18,Future Date
invoices.csv,91239,Due_Date,2026-09-19,Future Date
invoices.csv,91240,Due_Date,2026-09-20,Future Date
invoices.csv,91241,Due_Date,2026-09-21,Future Date
invoices.csv,91242,Due_Date,2026-09-22,Future Date
invoices.csv,91243,Due_Date,2026-09-23,Future Date
invoices.csv,91244,Due_Date,2026-09-24,Future Date
invoices.csv,91245,Due_Date,2026-09-25,Future Date
invoices.csv,91246,Due_Date,2026-09-26,Future Date
invoices.csv,91247,Due_Date,2026-09-27,Future Date
invoices.csv,91248,Due_Date,2026-09-28,Future Date
invoices.csv,91249,Due_Date,2026-09-29,Future Date
invoices.csv,91250,Due_Date,2026-09-30,Future Date
invoices.csv,91601,Due_Date,2026-09-16,Future Date
invoices.csv,91602,Due_Date,2026-09-17,Future Date
invoices.csv,91603,Due_Date,2026-09-18,Future Date
invoices.csv,91604,Due_Date,2026-09-19,Future Date
invoices.csv,91605,Due_Date,2026-09-20,Future Date
invoices.csv,91606,Due_Date,2026-09-21,Future Date
invoices.csv,91607,Due_Date,2026-09-22,Future Date
invoices.csv,91608,Due_Date,2026-09-23,Future Date
invoices.csv,91609,Due_Date,2026-09-24,Future Date
invoices.csv,91610,Due_Date,2026-09-25,Future Date
invoices.csv,91611,Due_Date,2026-09-26,Future Date
invoices.csv,91612,Due_Date,2026-09-27,Future Date
invoices.csv,91613,Due_Date,2026-09-28,Future Date
invoices.csv,91614,Due_Date,2026-09-29,Future Date
invoices.csv,91615,Due_Date,2026-09-30,Future Date
invoices.csv,91966,Due_Date,2026-09-16,Future Date
invoices.csv,91967,Due_Date,2026-09-17,Future Date
invoices.csv,91968,Due_Date,2026-09-18,Future Date
invoices.csv,91969,Due_Date,2026-09-19,Future Date
invoices.csv,91970,Due_Date,2026-09-20,Future Date
invoices.csv,91971,Due_Date,2026-09-21,Future Date
invoices.csv,91972,Due_Date,2026-09-22,Future Date
invoices.csv,91973,Due_Date,2026-09-23,Future Date
invoices.csv,91974,Due_Date,2026-09-24,Future Date
invoices.csv,91975,Due_Date,2026-09-25,Future Date
invoices.csv,91976,Due_Date,2026-09-26,Future Date
invoices.csv,91977,Due_Date,2026-09-27,Future Date
invoices.csv,91978,Due_Date,2026-09-28,Future Date
invoices.csv,91979,Due_Date,2026-09-29,Future Date
invoices.csv,91980,Due_Date,2026-09-30,Future Date
invoices.csv,92331,Due_Date,2026-09-16,Future Date
invoices.csv,92332,Due_Date,2026-09-17,Future Date
invoices.csv,92333,Due_Date,2026-09-18,Future Date
invoices.csv,92334,Due_Date,2026-09-19,Future Date
invoices.csv,92335,Due_Date,2026-09-20,Future Date
invoices.csv,92336,Due_Date,2026-09-21,Future Date
invoices.csv,92337,Due_Date,2026-09-22,Future Date
invoices.csv,92338,Due_Date,2026-09-23,Future Date
invoices.csv,92339,Due_Date,2026-09-24,Future Date
invoices.csv,92340,Due_Date,2026-09-25,Future Date
invoices.csv,92341,Due_Date,2026-09-26,Future Date
invoices.csv,92342,Due_Date,2026-09-27,Future Date
invoices.csv,92343,Due_Date,2026-09-28,Future Date
invoices.csv,92344,Due_Date,2026-09-29,Future Date
invoices.csv,92345,Due_Date,2026-09-30,Future Date
invoices.csv,92696,Due_Date,2026-09-16,Future Date
invoices.csv,92697,Due_Date,2026-09-17,Future Date
invoices.csv,92698,Due_Date,2026-09-18,Future Date
invoices.csv,92699,Due_Date,2026-09-19,Future Date
invoices.csv,92700,Due_Date,2026-09-20,Future Date
invoices.csv,92701,Due_Date,2026-09-21,Future Date
invoices.csv,92702,Due_Date,2026-09-22,Future Date
invoices.csv,92703,Due_Date,2026-09-23,Future Date
invoices.csv,92704,Due_Date,2026-09-24,Future Date
invoices.csv,92705,Due_Date,2026-09-25,Future Date
invoices.csv,92706,Due_Date,2026-09-26,Future Date
invoices.csv,92707,Due_Date,2026-09-27,Future Date
invoices.csv,92708,Due_Date,2026-09-28,Future Date
invoices.csv,92709,Due_Date,2026-09-29,Future Date
invoices.csv,92710,Due_Date,2026-09-30,Future Date
invoices.csv,93061,Due_Date,2026-09-16,Future Date
invoices.csv,93062,Due_Date,2026-09-17,Future Date
invoices.csv,93063,Due_Date,2026-09-18,Future Date
invoices.csv,93064,Due_Date,2026-09-19,Future Date
invoices.csv,93065,Due_Date,2026-09-20,Future Date
invoices.csv,93066,Due_Date,2026-09-21,Future Date
invoices.csv,93067,Due_Date,2026-09-22,Future Date
invoices.csv,93068,Due_Date,2026-09-23,Future Date
invoices.csv,93069,Due_Date,2026-09-24,Future Date
invoices.csv,93070,Due_Date,2026-09-25,Future Date
invoices.csv,93071,Due_Date,2026-09-26,Future Date
invoices.csv,93072,Due_Date,2026-09-27,Future Date
invoices.csv,93073,Due_Date,2026-09-28,Future Date
invoices.csv,93074,Due_Date,2026-09-29,Future Date
invoices.csv,93075,Due_Date,2026-09-30,Future Date
invoices.csv,93426,Due_Date,2026-09-16,Future Date
invoices.csv,93427,Due_Date,2026-09-17,Future Date
invoices.csv,93428,Due_Date,2026-09-18,Future Date
invoices.csv,93429,Due_Date,2026-09-19,Future Date
invoices.csv,93430,Due_Date,2026-09-20,Future Date
invoices.csv,93431,Due_Date,2026-09-21,Future Date
invoices.csv,93432,Due_Date,2026-09-22,Future Date
invoices.csv,93433,Due_Date,2026-09-23,Future Date
invoices.csv,93434,Due_Date,2026-09-24,Future Date
invoices.csv,93435,Due_Date,2026-09-25,Future Date
invoices.csv,93436,Due_Date,2026-09-26,Future Date
invoices.csv,93437,Due_Date,2026-09-27,Future Date
invoices.csv,93438,Due_Date,2026-09-28,Future Date
invoices.csv,93439,Due_Date,2026-09-29,Future Date
invoices.csv,93440,Due_Date,2026-09-30,Future Date
invoices.csv,93791,Due_Date,2026-09-16,Future Date
invoices.csv,93792,Due_Date,2026-09-17,Future Date
invoices.csv,93793,Due_Date,2026-09-18,Future Date
invoices.csv,93794,Due_Date,2026-09-19,Future Date
invoices.csv,93795,Due_Date,2026-09-20,Future Date
invoices.csv,93796,Due_Date,2026-09-21,Future Date
invoices.csv,93797,Due_Date,2026-09-22,Future Date
invoices.csv,93798,Due_Date,2026-09-23,Future Date
invoices.csv,93799,Due_Date,2026-09-24,Future Date
invoices.csv,93800,Due_Date,2026-09-25,Future Date
invoices.csv,93801,Due_Date,2026-09-26,Future Date
invoices.csv,93802,Due_Date,2026-09-27,Future Date
invoices.csv,93803,Due_Date,2026-09-28,Future Date
invoices.csv,93804,Due_Date,2026-09-29,Future Date
invoices.csv,93805,Due_Date,2026-09-30,Future Date
invoices.csv,94156,Due_Date,2026-09-16,Future Date
invoices.csv,94157,Due_Date,2026-09-17,Future Date
invoices.csv,94158,Due_Date,2026-09-18,Future Date
invoices.csv,94159,Due_Date,2026-09-19,Future Date
invoices.csv,94160,Due_Date,2026-09-20,Future Date
invoices.csv,94161,Due_Date,2026-09-21,Future Date
invoices.csv,94162,Due_Date,2026-09-22,Future Date
invoices.csv,94163,Due_Date,2026-09-23,Future Date
invoices.csv,94164,Due_Date,2026-09-24,Future Date
invoices.csv,94165,Due_Date,2026-09-25,Future Date
invoices.csv,94166,Due_Date,2026-09-26,Future Date
invoices.csv,94167,Due_Date,2026-09-27,Future Date
invoices.csv,94168,Due_Date,2026-09-28,Future Date
invoices.csv,94169,Due_Date,2026-09-29,Future Date
invoices.csv,94170,Due_Date,2026-09-30,Future Date
invoices.csv,94521,Due_Date,2026-09-16,Future Date
invoices.csv,94522,Due_Date,2026-09-17,Future Date
invoices.csv,94523,Due_Date,2026-09-18,Future Date
invoices.csv,94524,Due_Date,2026-09-19,Future Date
invoices.csv,94525,Due_Date,2026-09-20,Future Date
invoices.csv,94526,Due_Date,2026-09-21,Future Date
invoices.csv,94527,Due_Date,2026-09-22,Future Date
invoices.csv,94528,Due_Date,2026-09-23,Future Date
invoices.csv,94529,Due_Date,2026-09-24,Future Date
invoices.csv,94530,Due_Date,2026-09-25,Future Date
invoices.csv,94531,Due_Date,2026-09-26,Future Date
invoices.csv,94532,Due_Date,2026-09-27,Future Date
invoices.csv,94533,Due_Date,2026-09-28,Future Date
invoices.csv,94534,Due_Date,2026-09-29,Future Date
invoices.csv,94535,Due_Date,2026-09-30,Future Date
invoices.csv,94886,Due_Date,2026-09-16,Future Date
invoices.csv,94887,Due_Date,2026-09-17,Future Date
invoices.csv,94888,Due_Date,2026-09-18,Future Date
invoices.csv,94889,Due_Date,2026-09-19,Future Date
invoices.csv,94890,Due_Date,2026-09-20,Future Date
invoices.csv,94891,Due_Date,2026-09-21,Future Date
invoices.csv,94892,Due_Date,2026-09-22,Future Date
invoices.csv,94893,Due_Date,2026-09-23,Future Date
invoices.csv,94894,Due_Date,2026-09-24,Future Date
invoices.csv,94895,Due_Date,2026-09-25,Future Date
invoices.csv,94896,Due_Date,2026-09-26,Future Date
invoices.csv,94897,Due_Date,2026-09-27,Future Date
invoices.csv,94898,Due_Date,2026-09-28,Future Date
invoices.csv,94899,Due_Date,2026-09-29,Future Date
invoices.csv,94900,Due_Date,2026-09-30,Future Date
invoices.csv,95251,Due_Date,2026-09-16,Future Date
invoices.csv,95252,Due_Date,2026-09-17,Future Date
invoices.csv,95253,Due_Date,2026-09-18,Future Date
invoices.csv,95254,Due_Date,2026-09-19,Future Date
invoices.csv,95255,Due_Date,2026-09-20,Future Date
invoices.csv,95256,Due_Date,2026-09-21,Future Date
invoices.csv,95257,Due_Date,2026-09-22,Future Date
invoices.csv,95258,Due_Date,2026-09-23,Future Date
invoices.csv,95259,Due_Date,2026-09-24,Future Date
invoices.csv,95260,Due_Date,2026-09-25,Future Date
invoices.csv,95261,Due_Date,2026-09-26,Future Date
invoices.csv,95262,Due_Date,2026-09-27,Future Date
invoices.csv,95263,Due_Date,2026-09-28,Future Date
invoices.csv,95264,Due_Date,2026-09-29,Future Date
invoices.csv,95265,Due_Date,2026-09-30,Future Date
invoices.csv,95616,Due_Date,2026-09-16,Future Date
invoices.csv,95617,Due_Date,2026-09-17,Future Date
invoices.csv,95618,Due_Date,2026-09-18,Future Date
invoices.csv,95619,Due_Date,2026-09-19,Future Date
invoices.csv,95620,Due_Date,2026-09-20,Future Date
invoices.csv,95621,Due_Date,2026-09-21,Future Date
invoices.csv,95622,Due_Date,2026-09-22,Future Date
invoices.csv,95623,Due_Date,2026-09-23,Future Date
invoices.csv,95624,Due_Date,2026-09-24,Future Date
invoices.csv,95625,Due_Date,2026-09-25,Future Date
invoices.csv,95626,Due_Date,2026-09-26,Future Date
invoices.csv,95627,Due_Date,2026-09-27,Future Date
invoices.csv,95628,Due_Date,2026-09-28,Future Date
invoices.csv,95629,Due_Date,2026-09-29,Future Date
invoices.csv,95630,Due_Date,2026-09-30,Future Date
invoices.csv,95981,Due_Date,2026-09-16,Future Date
invoices.csv,95982,Due_Date,2026-09-17,Future Date
invoices.csv,95983,Due_Date,2026-09-18,Future Date
invoices.csv,95984,Due_Date,2026-09-19,Future Date
invoices.csv,95985,Due_Date,2026-09-20,Future Date
invoices.csv,95986,Due_Date,2026-09-21,Future Date
invoices.csv,95987,Due_Date,2026-09-22,Future Date
invoices.csv,95988,Due_Date,2026-09-23,Future Date
invoices.csv,95989,Due_Date,2026-09-24,Future Date
invoices.csv,95990,Due_Date,2026-09-25,Future Date
invoices.csv,95991,Due_Date,2026-09-26,Future Date
invoices.csv,95992,Due_Date,2026-09-27,Future Date
invoices.csv,95993,Due_Date,2026-09-28,Future Date
invoices.csv,95994,Due_Date,2026-09-29,Future Date
invoices.csv,95995,Due_Date,2026-09-30,Future Date
invoices.csv,96346,Due_Date,2026-09-16,Future Date
invoices.csv,96347,Due_Date,2026-09-17,Future Date
invoices.csv,96348,Due_Date,2026-09-18,Future Date
invoices.csv,96349,Due_Date,2026-09-19,Future Date
invoices.csv,96350,Due_Date,2026-09-20,Future Date
invoices.csv,96351,Due_Date,2026-09-21,Future Date
invoices.csv,96352,Due_Date,2026-09-22,Future Date
invoices.csv,96353,Due_Date,2026-09-23,Future Date
invoices.csv,96354,Due_Date,2026-09-24,Future Date
invoices.csv,96355,Due_Date,2026-09-25,Future Date
invoices.csv,96356,Due_Date,2026-09-26,Future Date
invoices.csv,96357,Due_Date,2026-09-27,Future Date
invoices.csv,96358,Due_Date,2026-09-28,Future Date
invoices.csv,96359,Due_Date,2026-09-29,Future Date
invoices.csv,96360,Due_Date,2026-09-30,Future Date
invoices.csv,96711,Due_Date,2026-09-16,Future Date
invoices.csv,96712,Due_Date,2026-09-17,Future Date
invoices.csv,96713,Due_Date,2026-09-18,Future Date
invoices.csv,96714,Due_Date,2026-09-19,Future Date
invoices.csv,96715,Due_Date,2026-09-20,Future Date
invoices.csv,96716,Due_Date,2026-09-21,Future Date
invoices.csv,96717,Due_Date,2026-09-22,Future Date
invoices.csv,96718,Due_Date,2026-09-23,Future Date
invoices.csv,96719,Due_Date,2026-09-24,Future Date
invoices.csv,96720,Due_Date,2026-09-25,Future Date
invoices.csv,96721,Due_Date,2026-09-26,Future Date
invoices.csv,96722,Due_Date,2026-09-27,Future Date
invoices.csv,96723,Due_Date,2026-09-28,Future Date
invoices.csv,96724,Due_Date,2026-09-29,Future Date
invoices.csv,96725,Due_Date,2026-09-30,Future Date
invoices.csv,97076,Due_Date,2026-09-16,Future Date
invoices.csv,97077,Due_Date,2026-09-17,Future Date
invoices.csv,97078,Due_Date,2026-09-18,Future Date
invoices.csv,97079,Due_Date,2026-09-19,Future Date
invoices.csv,97080,Due_Date,2026-09-20,Future Date
invoices.csv,97081,Due_Date,2026-09-21,Future Date
invoices.csv,97082,Due_Date,2026-09-22,Future Date
invoices.csv,97083,Due_Date,2026-09-23,Future Date
invoices.csv,97084,Due_Date,2026-09-24,Future Date
invoices.csv,97085,Due_Date,2026-09-25,Future Date
invoices.csv,97086,Due_Date,2026-09-26,Future Date
invoices.csv,97087,Due_Date,2026-09-27,Future Date
invoices.csv,97088,Due_Date,2026-09-28,Future Date
invoices.csv,97089,Due_Date,2026-09-29,Future Date
invoices.csv,97090,Due_Date,2026-09-30,Future Date
invoices.csv,97441,Due_Date,2026-09-16,Future Date
invoices.csv,97442,Due_Date,2026-09-17,Future Date
invoices.csv,97443,Due_Date,2026-09-18,Future Date
invoices.csv,97444,Due_Date,2026-09-19,Future Date
invoices.csv,97445,Due_Date,2026-09-20,Future Date
invoices.csv,97446,Due_Date,2026-09-21,Future Date
invoices.csv,97447,Due_Date,2026-09-22,Future Date
invoices.csv,97448,Due_Date,2026-09-23,Future Date
invoices.csv,97449,Due_Date,2026-09-24,Future Date
invoices.csv,97450,Due_Date,2026-09-25,Future Date
invoices.csv,97451,Due_Date,2026-09-26,Future Date
invoices.csv,97452,Due_Date,2026-09-27,Future Date
invoices.csv,97453,Due_Date,2026-09-28,Future Date
invoices.csv,97454,Due_Date,2026-09-29,Future Date
invoices.csv,97455,Due_Date,2026-09-30,Future Date
invoices.csv,97806,Due_Date,2026-09-16,Future Date
invoices.csv,97807,Due_Date,2026-09-17,Future Date
invoices.csv,97808,Due_Date,2026-09-18,Future Date
invoices.csv,97809,Due_Date,2026-09-19,Future Date
invoices.csv,97810,Due_Date,2026-09-20,Future Date
invoices.csv,97811,Due_Date,2026-09-21,Future Date
invoices.csv,97812,Due_Date,2026-09-22,Future Date
invoices.csv,97813,Due_Date,2026-09-23,Future Date
invoices.csv,97814,Due_Date,2026-09-24,Future Date
invoices.csv,97815,Due_Date,2026-09-25,Future Date
invoices.csv,97816,Due_Date,2026-09-26,Future Date
invoices.csv,97817,Due_Date,2026-09-27,Future Date
invoices.csv,97818,Due_Date,2026-09-28,Future Date
invoices.csv,97819,Due_Date,2026-09-29,Future Date
invoices.csv,97820,Due_Date,2026-09-30,Future Date
invoices.csv,98171,Due_Date,2026-09-16,Future Date
invoices.csv,98172,Due_Date,2026-09-17,Future Date
invoices.csv,98173,Due_Date,2026-09-18,Future Date
invoices.csv,98174,Due_Date,2026-09-19,Future Date
invoices.csv,98175,Due_Date,2026-09-20,Future Date
invoices.csv,98176,Due_Date,2026-09-21,Future Date
invoices.csv,98177,Due_Date,2026-09-22,Future Date
invoices.csv,98178,Due_Date,2026-09-23,Future Date
invoices.csv,98179,Due_Date,2026-09-24,Future Date
invoices.csv,98180,Due_Date,2026-09-25,Future Date
invoices.csv,98181,Due_Date,2026-09-26,Future Date
invoices.csv,98182,Due_Date,2026-09-27,Future Date
invoices.csv,98183,Due_Date,2026-09-28,Future Date
invoices.csv,98184,Due_Date,2026-09-29,Future Date
invoices.csv,98185,Due_Date,2026-09-30,Future Date
invoices.csv,98536,Due_Date,2026-09-16,Future Date
invoices.csv,98537,Due_Date,2026-09-17,Future Date
invoices.csv,98538,Due_Date,2026-09-18,Future Date
invoices.csv,98539,Due_Date,2026-09-19,Future Date
invoices.csv,98540,Due_Date,2026-09-20,Future Date
invoices.csv,98541,Due_Date,2026-09-21,Future Date
invoices.csv,98542,Due_Date,2026-09-22,Future Date
invoices.csv,98543,Due_Date,2026-09-23,Future Date
invoices.csv,98544,Due_Date,2026-09-24,Future Date
invoices.csv,98545,Due_Date,2026-09-25,Future Date
invoices.csv,98546,Due_Date,2026-09-26,Future Date
invoices.csv,98547,Due_Date,2026-09-27,Future Date
invoices.csv,98548,Due_Date,2026-09-28,Future Date
invoices.csv,98549,Due_Date,2026-09-29,Future Date
invoices.csv,98550,Due_Date,2026-09-30,Future Date
invoices.csv,98901,Due_Date,2026-09-16,Future Date
invoices.csv,98902,Due_Date,2026-09-17,Future Date
invoices.csv,98903,Due_Date,2026-09-18,Future Date
invoices.csv,98904,Due_Date,2026-09-19,Future Date
invoices.csv,98905,Due_Date,2026-09-20,Future Date
invoices.csv,98906,Due_Date,2026-09-21,Future Date
invoices.csv,98907,Due_Date,2026-09-22,Future Date
invoices.csv,98908,Due_Date,2026-09-23,Future Date
invoices.csv,98909,Due_Date,2026-09-24,Future Date
invoices.csv,98910,Due_Date,2026-09-25,Future Date
invoices.csv,98911,Due_Date,2026-09-26,Future Date
invoices.csv,98912,Due_Date,2026-09-27,Future Date
invoices.csv,98913,Due_Date,2026-09-28,Future Date
invoices.csv,98914,Due_Date,2026-09-29,Future Date
invoices.csv,98915,Due_Date,2026-09-30,Future Date
invoices.csv,99266,Due_Date,2026-09-16,Future Date
invoices.csv,99267,Due_Date,2026-09-17,Future Date
invoices.csv,99268,Due_Date,2026-09-18,Future Date
invoices.csv,99269,Due_Date,2026-09-19,Future Date
invoices.csv,99270,Due_Date,2026-09-20,Future Date
invoices.csv,99271,Due_Date,2026-09-21,Future Date
invoices.csv,99272,Due_Date,2026-09-22,Future Date
invoices.csv,99273,Due_Date,2026-09-23,Future Date
invoices.csv,99274,Due_Date,2026-09-24,Future Date
invoices.csv,99275,Due_Date,2026-09-25,Future Date
invoices.csv,99276,Due_Date,2026-09-26,Future Date
invoices.csv,99277,Due_Date,2026-09-27,Future Date
invoices.csv,99278,Due_Date,2026-09-28,Future Date
invoices.csv,99279,Due_Date,2026-09-29,Future Date
invoices.csv,99280,Due_Date,2026-09-30,Future Date
invoices.csv,99631,Due_Date,2026-09-16,Future Date
invoices.csv,99632,Due_Date,2026-09-17,Future Date
invoices.csv,99633,Due_Date,2026-09-18,Future Date
invoices.csv,99634,Due_Date,2026-09-19,Future Date
invoices.csv,99635,Due_Date,2026-09-20,Future Date
invoices.csv,99636,Due_Date,2026-09-21,Future Date
invoices.csv,99637,Due_Date,2026-09-22,Future Date
invoices.csv,99638,Due_Date,2026-09-23,Future Date
invoices.csv,99639,Due_Date,2026-09-24,Future Date
invoices.csv,99640,Due_Date,2026-09-25,Future Date
invoices.csv,99641,Due_Date,2026-09-26,Future Date
invoices.csv,99642,Due_Date,2026-09-27,Future Date
invoices.csv,99643,Due_Date,2026-09-28,Future Date
invoices.csv,99644,Due_Date,2026-09-29,Future Date
invoices.csv,99645,Due_Date,2026-09-30,Future Date
invoices.csv,99996,Due_Date,2026-09-16,Future Date
invoices.csv,99997,Due_Date,2026-09-17,Future Date
invoices.csv,99998,Due_Date,2026-09-18,Future Date
invoices.csv,99999,Due_Date,2026-09-19,Future Date
invoices.csv,100000,Due_Date,2026-09-20,Future Date
invoices.csv,100001,Due_Date,2026-09-21,Future Date
invoices.csv,100351,Due_Date,2026-09-16,Future Date
invoices.csv,100352,Due_Date,2026-09-17,Future Date
invoices.csv,100353,Due_Date,2026-09-18,Future Date
invoices.csv,100354,Due_Date,2026-09-19,Future Date
invoices.csv,100355,Due_Date,2026-09-20,Future Date
invoices.csv,100356,Due_Date,2026-09-21,Future Date
invoices.csv,100357,Due_Date,2026-09-22,Future Date
invoices.csv,100358,Due_Date,2026-09-23,Future Date
invoices.csv,100359,Due_Date,2026-09-24,Future Date
invoices.csv,100360,Due_Date,2026-09-25,Future Date
invoices.csv,100361,Due_Date,2026-09-26,Future Date
invoices.csv,100362,Due_Date,2026-09-27,Future Date
invoices.csv,100363,Due_Date,2026-09-28,Future Date
invoices.csv,100364,Due_Date,2026-09-29,Future Date
invoices.csv,100365,Due_Date,2026-09-30,Future Date
invoices.csv,100716,Due_Date,2026-09-16,Future Date
invoices.csv,100717,Due_Date,2026-09-17,Future Date
invoices.csv,100718,Due_Date,2026-09-18,Future Date
invoices.csv,100719,Due_Date,2026-09-19,Future Date
invoices.csv,100720,Due_Date,2026-09-20,Future Date
invoices.csv,100721,Due_Date,2026-09-21,Future Date
invoices.csv,100722,Due_Date,2026-09-22,Future Date
invoices.csv,100723,Due_Date,2026-09-23,Future Date
invoices.csv,100724,Due_Date,2026-09-24,Future Date
invoices.csv,100725,Due_Date,2026-09-25,Future Date
invoices.csv,100726,Due_Date,2026-09-26,Future Date
invoices.csv,100727,Due_Date,2026-09-27,Future Date
invoices.csv,100728,Due_Date,2026-09-28,Future Date
invoices.csv,100729,Due_Date,2026-09-29,Future Date
invoices.csv,100730,Due_Date,2026-09-30,Future Date
invoices.csv,101081,Due_Date,2026-09-16,Future Date
invoices.csv,101082,Due_Date,2026-09-17,Future Date
invoices.csv,101083,Due_Date,2026-09-18,Future Date
invoices.csv,101084,Due_Date,2026-09-19,Future Date
invoices.csv,101085,Due_Date,2026-09-20,Future Date
invoices.csv,101086,Due_Date,2026-09-21,Future Date
invoices.csv,101087,Due_Date,2026-09-22,Future Date
invoices.csv,101088,Due_Date,2026-09-23,Future Date
invoices.csv,101089,Due_Date,2026-09-24,Future Date
invoices.csv,101090,Due_Date,2026-09-25,Future Date
invoices.csv,101091,Due_Date,2026-09-26,Future Date
invoices.csv,101092,Due_Date,2026-09-27,Future Date
invoices.csv,101093,Due_Date,2026-09-28,Future Date
invoices.csv,101094,Due_Date,2026-09-29,Future Date
invoices.csv,101095,Due_Date,2026-09-30,Future Date
invoices.csv,101446,Due_Date,2026-09-16,Future Date
invoices.csv,101447,Due_Date,2026-09-17,Future Date
invoices.csv,101448,Due_Date,2026-09-18,Future Date
invoices.csv,101449,Due_Date,2026-09-19,Future Date
invoices.csv,101450,Due_Date,2026-09-20,Future Date
invoices.csv,101451,Due_Date,2026-09-21,Future Date
invoices.csv,101452,Due_Date,2026-09-22,Future Date
invoices.csv,101453,Due_Date,2026-09-23,Future Date
invoices.csv,101454,Due_Date,2026-09-24,Future Date
invoices.csv,101455,Due_Date,2026-09-25,Future Date
invoices.csv,101456,Due_Date,2026-09-26,Future Date
invoices.csv,101457,Due_Date,2026-09-27,Future Date
invoices.csv,101458,Due_Date,2026-09-28,Future Date
invoices.csv,101459,Due_Date,2026-09-29,Future Date
invoices.csv,101460,Due_Date,2026-09-30,Future Date
invoices.csv,101811,Due_Date,2026-09-16,Future Date
invoices.csv,101812,Due_Date,2026-09-17,Future Date
invoices.csv,101813,Due_Date,2026-09-18,Future Date
invoices.csv,101814,Due_Date,2026-09-19,Future Date
invoices.csv,101815,Due_Date,2026-09-20,Future Date
invoices.csv,101816,Due_Date,2026-09-21,Future Date
invoices.csv,101817,Due_Date,2026-09-22,Future Date
invoices.csv,101818,Due_Date,2026-09-23,Future Date
invoices.csv,101819,Due_Date,2026-09-24,Future Date
invoices.csv,101820,Due_Date,2026-09-25,Future Date
invoices.csv,101821,Due_Date,2026-09-26,Future Date
invoices.csv,101822,Due_Date,2026-09-27,Future Date
invoices.csv,101823,Due_Date,2026-09-28,Future Date
invoices.csv,101824,Due_Date,2026-09-29,Future Date
invoices.csv,101825,Due_Date,2026-09-30,Future Date
orders.csv,3332,Order_Date,2027-02-01,Future Date
orders.csv,6663,Order_Date,2027-02-01,Future Date
orders.csv,9994,Order_Date,2027-02-01,Future Date
orders.csv,13325,Order_Date,2027-02-01,Future Date
orders.csv,16656,Order_Date,2027-02-01,Future Date
orders.csv,19987,Order_Date,2027-02-01,Future Date
orders.csv,23318,Order_Date,2027-02-01,Future Date
orders.csv,26649,Order_Date,2027-02-01,Future Date
orders.csv,29980,Order_Date,2027-02-01,Future Date
orders.csv,33311,Order_Date,2027-02-01,Future Date
orders.csv,36642,Order_Date,2027-02-01,Future Date
orders.csv,39973,Order_Date,2027-02-01,Future Date
orders.csv,43304,Order_Date,2027-02-01,Future Date
orders.csv,46635,Order_Date,2027-02-01,Future Date
orders.csv,49966,Order_Date,2027-02-01,Future Date
orders.csv,53297,Order_Date,2027-02-01,Future Date
orders.csv,56628,Order_Date,2027-02-01,Future Date
orders.csv,59959,Order_Date,2027-02-01,Future Date
orders.csv,63290,Order_Date,2027-02-01,Future Date
orders.csv,66621,Order_Date,2027-02-01,Future Date
orders.csv,69952,Order_Date,2027-02-01,Future Date
orders.csv,73283,Order_Date,2027-02-01,Future Date
orders.csv,76614,Order_Date,2027-02-01,Future Date
orders.csv,79945,Order_Date,2027-02-01,Future Date
orders.csv,83276,Order_Date,2027-02-01,Future Date
orders.csv,86607,Order_Date,2027-02-01,Future Date
orders.csv,89938,Order_Date,2027-02-01,Future Date
orders.csv,93269,Order_Date,2027-02-01,Future Date
orders.csv,96600,Order_Date,2027-02-01,Future Date
orders.csv,99931,Order_Date,2027-02-01,Future Date
payments.csv,5004,Payment_Date,2027-06-01,Future Date
payments.csv,10007,Payment_Date,2027-06-01,Future Date
payments.csv,15010,Payment_Date,2027-06-01,Future Date
payments.csv,20013,Payment_Date,2027-06-01,Future Date
payments.csv,25016,Payment_Date,2027-06-01,Future Date
payments.csv,30019,Payment_Date,2027-06-01,Future Date
payments.csv,35022,Payment_Date,2027-06-01,Future Date
payments.csv,40025,Payment_Date,2027-06-01,Future Date
payments.csv,45028,Payment_Date,2027-06-01,Future Date
payments.csv,50031,Payment_Date,2027-06-01,Future Date
payments.csv,55034,Payment_Date,2027-06-01,Future Date
payments.csv,60037,Payment_Date,2027-06-01,Future Date
payments.csv,65040,Payment_Date,2027-06-01,Future Date
payments.csv,70043,Payment_Date,2027-06-01,Future Date
payments.csv,75046,Payment_Date,2027-06-01,Future Date
product_master.csv,578,Launch_Date,2027-03-01,Future Date
purchases.csv,361,Expected_Date,2026-09-16,Future Date
purchases.csv,362,Expected_Date,2026-09-17,Future Date
purchases.csv,363,Expected_Date,2026-09-18,Future Date
purchases.csv,364,Expected_Date,2026-09-19,Future Date
purchases.csv,365,Expected_Date,2026-09-20,Future Date
purchases.csv,726,Expected_Date,2026-09-16,Future Date
purchases.csv,727,Expected_Date,2026-09-17,Future Date
purchases.csv,728,Expected_Date,2026-09-18,Future Date
purchases.csv,729,Expected_Date,2026-09-19,Future Date
purchases.csv,730,Expected_Date,2026-09-20,Future Date
purchases.csv,1091,Expected_Date,2026-09-16,Future Date
purchases.csv,1092,Expected_Date,2026-09-17,Future Date
purchases.csv,1093,Expected_Date,2026-09-18,Future Date
purchases.csv,1094,Expected_Date,2026-09-19,Future Date
purchases.csv,1095,Expected_Date,2026-09-20,Future Date
purchases.csv,1456,Expected_Date,2026-09-16,Future Date
purchases.csv,1457,Expected_Date,2026-09-17,Future Date
purchases.csv,1458,Expected_Date,2026-09-18,Future Date
purchases.csv,1459,Expected_Date,2026-09-19,Future Date
purchases.csv,1460,Expected_Date,2026-09-20,Future Date
purchases.csv,1821,Expected_Date,2026-09-16,Future Date
purchases.csv,1822,Expected_Date,2026-09-17,Future Date
purchases.csv,1823,Expected_Date,2026-09-18,Future Date
purchases.csv,1824,Expected_Date,2026-09-19,Future Date
purchases.csv,1825,Expected_Date,2026-09-20,Future Date
purchases.csv,2186,Expected_Date,2026-09-16,Future Date
purchases.csv,2187,Expected_Date,2026-09-17,Future Date
purchases.csv,2188,Expected_Date,2026-09-18,Future Date
purchases.csv,2189,Expected_Date,2026-09-19,Future Date
purchases.csv,2190,Expected_Date,2026-09-20,Future Date
purchases.csv,2551,Expected_Date,2026-09-16,Future Date
purchases.csv,2552,Expected_Date,2026-09-17,Future Date
purchases.csv,2553,Expected_Date,2026-09-18,Future Date
purchases.csv,2554,Expected_Date,2026-09-19,Future Date
purchases.csv,2555,Expected_Date,2026-09-20,Future Date
purchases.csv,2916,Expected_Date,2026-09-16,Future Date
purchases.csv,2917,Expected_Date,2026-09-17,Future Date
purchases.csv,2918,Expected_Date,2026-09-18,Future Date
purchases.csv,2919,Expected_Date,2026-09-19,Future Date
purchases.csv,2920,Expected_Date,2026-09-20,Future Date
purchases.csv,3281,Expected_Date,2026-09-16,Future Date
purchases.csv,3282,Expected_Date,2026-09-17,Future Date
purchases.csv,3283,Expected_Date,2026-09-18,Future Date
purchases.csv,3284,Expected_Date,2026-09-19,Future Date
purchases.csv,3285,Expected_Date,2026-09-20,Future Date
purchases.csv,3646,Expected_Date,2026-09-16,Future Date
purchases.csv,3647,Expected_Date,2026-09-17,Future Date
purchases.csv,3648,Expected_Date,2026-09-18,Future Date
purchases.csv,3649,Expected_Date,2026-09-19,Future Date
purchases.csv,3650,Expected_Date,2026-09-20,Future Date
purchases.csv,4011,Expected_Date,2026-09-16,Future Date
purchases.csv,4012,Expected_Date,2026-09-17,Future Date
purchases.csv,4013,Expected_Date,2026-09-18,Future Date
purchases.csv,4014,Expected_Date,2026-09-19,Future Date
purchases.csv,4015,Expected_Date,2026-09-20,Future Date
purchases.csv,4376,Expected_Date,2026-09-16,Future Date
purchases.csv,4377,Expected_Date,2026-09-17,Future Date
purchases.csv,4378,Expected_Date,2026-09-18,Future Date
purchases.csv,4379,Expected_Date,2026-09-19,Future Date
purchases.csv,4380,Expected_Date,2026-09-20,Future Date
purchases.csv,4741,Expected_Date,2026-09-16,Future Date
purchases.csv,4742,Expected_Date,2026-09-17,Future Date
purchases.csv,4743,Expected_Date,2026-09-18,Future Date
purchases.csv,4744,Expected_Date,2026-09-19,Future Date
purchases.csv,4745,Expected_Date,2026-09-20,Future Date
purchases.csv,5106,Expected_Date,2026-09-16,Future Date
purchases.csv,5107,Expected_Date,2026-09-17,Future Date
purchases.csv,5108,Expected_Date,2026-09-18,Future Date
purchases.csv,5109,Expected_Date,2026-09-19,Future Date
purchases.csv,5110,Expected_Date,2026-09-20,Future Date
purchases.csv,5471,Expected_Date,2026-09-16,Future Date
purchases.csv,5472,Expected_Date,2026-09-17,Future Date
purchases.csv,5473,Expected_Date,2026-09-18,Future Date
purchases.csv,5474,Expected_Date,2026-09-19,Future Date
purchases.csv,5475,Expected_Date,2026-09-20,Future Date
purchases.csv,5836,Expected_Date,2026-09-16,Future Date
purchases.csv,5837,Expected_Date,2026-09-17,Future Date
purchases.csv,5838,Expected_Date,2026-09-18,Future Date
purchases.csv,5839,Expected_Date,2026-09-19,Future Date
purchases.csv,5840,Expected_Date,2026-09-20,Future Date
purchases.csv,6201,Expected_Date,2026-09-16,Future Date
purchases.csv,6202,Expected_Date,2026-09-17,Future Date
purchases.csv,6203,Expected_Date,2026-09-18,Future Date
purchases.csv,6204,Expected_Date,2026-09-19,Future Date
purchases.csv,6205,Expected_Date,2026-09-20,Future Date
purchases.csv,6566,Expected_Date,2026-09-16,Future Date
purchases.csv,6567,Expected_Date,2026-09-17,Future Date
purchases.csv,6568,Expected_Date,2026-09-18,Future Date
purchases.csv,6569,Expected_Date,2026-09-19,Future Date
purchases.csv,6570,Expected_Date,2026-09-20,Future Date
purchases.csv,6931,Expected_Date,2026-09-16,Future Date
purchases.csv,6932,Expected_Date,2026-09-17,Future Date
purchases.csv,6933,Expected_Date,2026-09-18,Future Date
purchases.csv,6934,Expected_Date,2026-09-19,Future Date
purchases.csv,6935,Expected_Date,2026-09-20,Future Date
purchases.csv,7296,Expected_Date,2026-09-16,Future Date
purchases.csv,7297,Expected_Date,2026-09-17,Future Date
purchases.csv,7298,Expected_Date,2026-09-18,Future Date
purchases.csv,7299,Expected_Date,2026-09-19,Future Date
purchases.csv,7300,Expected_Date,2026-09-20,Future Date
purchases.csv,7661,Expected_Date,2026-09-16,Future Date
purchases.csv,7662,Expected_Date,2026-09-17,Future Date
purchases.csv,7663,Expected_Date,2026-09-18,Future Date
purchases.csv,7664,Expected_Date,2026-09-19,Future Date
purchases.csv,7665,Expected_Date,2026-09-20,Future Date
purchases.csv,8026,Expected_Date,2026-09-16,Future Date
purchases.csv,8027,Expected_Date,2026-09-17,Future Date
purchases.csv,8028,Expected_Date,2026-09-18,Future Date
purchases.csv,8029,Expected_Date,2026-09-19,Future Date
purchases.csv,8030,Expected_Date,2026-09-20,Future Date
purchases.csv,8391,Expected_Date,2026-09-16,Future Date
purchases.csv,8392,Expected_Date,2026-09-17,Future Date
purchases.csv,8393,Expected_Date,2026-09-18,Future Date
purchases.csv,8394,Expected_Date,2026-09-19,Future Date
purchases.csv,8395,Expected_Date,2026-09-20,Future Date
purchases.csv,8756,Expected_Date,2026-09-16,Future Date
purchases.csv,8757,Expected_Date,2026-09-17,Future Date
purchases.csv,8758,Expected_Date,2026-09-18,Future Date
purchases.csv,8759,Expected_Date,2026-09-19,Future Date
purchases.csv,8760,Expected_Date,2026-09-20,Future Date
purchases.csv,9121,Expected_Date,2026-09-16,Future Date
purchases.csv,9122,Expected_Date,2026-09-17,Future Date
purchases.csv,9123,Expected_Date,2026-09-18,Future Date
purchases.csv,9124,Expected_Date,2026-09-19,Future Date
purchases.csv,9125,Expected_Date,2026-09-20,Future Date
purchases.csv,9486,Expected_Date,2026-09-16,Future Date
purchases.csv,9487,Expected_Date,2026-09-17,Future Date
purchases.csv,9488,Expected_Date,2026-09-18,Future Date
purchases.csv,9489,Expected_Date,2026-09-19,Future Date
purchases.csv,9490,Expected_Date,2026-09-20,Future Date
purchases.csv,9851,Expected_Date,2026-09-16,Future Date
purchases.csv,9852,Expected_Date,2026-09-17,Future Date
purchases.csv,9853,Expected_Date,2026-09-18,Future Date
purchases.csv,9854,Expected_Date,2026-09-19,Future Date
purchases.csv,9855,Expected_Date,2026-09-20,Future Date
purchases.csv,10216,Expected_Date,2026-09-16,Future Date
purchases.csv,10217,Expected_Date,2026-09-17,Future Date
purchases.csv,10218,Expected_Date,2026-09-18,Future Date
purchases.csv,10219,Expected_Date,2026-09-19,Future Date
purchases.csv,10220,Expected_Date,2026-09-20,Future Date
purchases.csv,10581,Expected_Date,2026-09-16,Future Date
purchases.csv,10582,Expected_Date,2026-09-17,Future Date
purchases.csv,10583,Expected_Date,2026-09-18,Future Date
purchases.csv,10584,Expected_Date,2026-09-19,Future Date
purchases.csv,10585,Expected_Date,2026-09-20,Future Date
purchases.csv,10946,Expected_Date,2026-09-16,Future Date
purchases.csv,10947,Expected_Date,2026-09-17,Future Date
purchases.csv,10948,Expected_Date,2026-09-18,Future Date
purchases.csv,10949,Expected_Date,2026-09-19,Future Date
purchases.csv,10950,Expected_Date,2026-09-20,Future Date
purchases.csv,11311,Expected_Date,2026-09-16,Future Date
purchases.csv,11312,Expected_Date,2026-09-17,Future Date
purchases.csv,11313,Expected_Date,2026-09-18,Future Date
purchases.csv,11314,Expected_Date,2026-09-19,Future Date
purchases.csv,11315,Expected_Date,2026-09-20,Future Date
purchases.csv,11676,Expected_Date,2026-09-16,Future Date
purchases.csv,11677,Expected_Date,2026-09-17,Future Date
purchases.csv,11678,Expected_Date,2026-09-18,Future Date
purchases.csv,11679,Expected_Date,2026-09-19,Future Date
purchases.csv,11680,Expected_Date,2026-09-20,Future Date
purchases.csv,12041,Expected_Date,2026-09-16,Future Date
purchases.csv,12042,Expected_Date,2026-09-17,Future Date
purchases.csv,12043,Expected_Date,2026-09-18,Future Date
purchases.csv,12044,Expected_Date,2026-09-19,Future Date
purchases.csv,12045,Expected_Date,2026-09-20,Future Date
purchases.csv,12406,Expected_Date,2026-09-16,Future Date
purchases.csv,12407,Expected_Date,2026-09-17,Future Date
purchases.csv,12408,Expected_Date,2026-09-18,Future Date
purchases.csv,12409,Expected_Date,2026-09-19,Future Date
purchases.csv,12410,Expected_Date,2026-09-20,Future Date
purchases.csv,12771,Expected_Date,2026-09-16,Future Date
purchases.csv,12772,Expected_Date,2026-09-17,Future Date
purchases.csv,12773,Expected_Date,2026-09-18,Future Date
purchases.csv,12774,Expected_Date,2026-09-19,Future Date
purchases.csv,12775,Expected_Date,2026-09-20,Future Date
purchases.csv,13136,Expected_Date,2026-09-16,Future Date
purchases.csv,13137,Expected_Date,2026-09-17,Future Date
purchases.csv,13138,Expected_Date,2026-09-18,Future Date
purchases.csv,13139,Expected_Date,2026-09-19,Future Date
purchases.csv,13140,Expected_Date,2026-09-20,Future Date
purchases.csv,13501,Expected_Date,2026-09-16,Future Date
purchases.csv,13502,Expected_Date,2026-09-17,Future Date
purchases.csv,13503,Expected_Date,2026-09-18,Future Date
purchases.csv,13504,Expected_Date,2026-09-19,Future Date
purchases.csv,13505,Expected_Date,2026-09-20,Future Date
purchases.csv,13866,Expected_Date,2026-09-16,Future Date
purchases.csv,13867,Expected_Date,2026-09-17,Future Date
purchases.csv,13868,Expected_Date,2026-09-18,Future Date
purchases.csv,13869,Expected_Date,2026-09-19,Future Date
purchases.csv,13870,Expected_Date,2026-09-20,Future Date
purchases.csv,14231,Expected_Date,2026-09-16,Future Date
purchases.csv,14232,Expected_Date,2026-09-17,Future Date
purchases.csv,14233,Expected_Date,2026-09-18,Future Date
purchases.csv,14234,Expected_Date,2026-09-19,Future Date
purchases.csv,14235,Expected_Date,2026-09-20,Future Date
purchases.csv,14596,Expected_Date,2026-09-16,Future Date
purchases.csv,14597,Expected_Date,2026-09-17,Future Date
purchases.csv,14598,Expected_Date,2026-09-18,Future Date
purchases.csv,14599,Expected_Date,2026-09-19,Future Date
purchases.csv,14600,Expected_Date,2026-09-20,Future Date
purchases.csv,14961,Expected_Date,2026-09-16,Future Date
purchases.csv,14962,Expected_Date,2026-09-17,Future Date
purchases.csv,14963,Expected_Date,2026-09-18,Future Date
purchases.csv,14964,Expected_Date,2026-09-19,Future Date
purchases.csv,14965,Expected_Date,2026-09-20,Future Date
purchases.csv,15326,Expected_Date,2026-09-16,Future Date
purchases.csv,15327,Expected_Date,2026-09-17,Future Date
purchases.csv,15328,Expected_Date,2026-09-18,Future Date
purchases.csv,15329,Expected_Date,2026-09-19,Future Date
purchases.csv,15330,Expected_Date,2026-09-20,Future Date
purchases.csv,15691,Expected_Date,2026-09-16,Future Date
purchases.csv,15692,Expected_Date,2026-09-17,Future Date
purchases.csv,15693,Expected_Date,2026-09-18,Future Date
purchases.csv,15694,Expected_Date,2026-09-19,Future Date
purchases.csv,15695,Expected_Date,2026-09-20,Future Date
purchases.csv,16056,Expected_Date,2026-09-16,Future Date
purchases.csv,16057,Expected_Date,2026-09-17,Future Date
purchases.csv,16058,Expected_Date,2026-09-18,Future Date
purchases.csv,16059,Expected_Date,2026-09-19,Future Date
purchases.csv,16060,Expected_Date,2026-09-20,Future Date
purchases.csv,16421,Expected_Date,2026-09-16,Future Date
purchases.csv,16422,Expected_Date,2026-09-17,Future Date
purchases.csv,16423,Expected_Date,2026-09-18,Future Date
purchases.csv,16424,Expected_Date,2026-09-19,Future Date
purchases.csv,16425,Expected_Date,2026-09-20,Future Date
purchases.csv,16786,Expected_Date,2026-09-16,Future Date
purchases.csv,16787,Expected_Date,2026-09-17,Future Date
purchases.csv,16788,Expected_Date,2026-09-18,Future Date
purchases.csv,16789,Expected_Date,2026-09-19,Future Date
purchases.csv,16790,Expected_Date,2026-09-20,Future Date
purchases.csv,17151,Expected_Date,2026-09-16,Future Date
purchases.csv,17152,Expected_Date,2026-09-17,Future Date
purchases.csv,17153,Expected_Date,2026-09-18,Future Date
purchases.csv,17154,Expected_Date,2026-09-19,Future Date
purchases.csv,17155,Expected_Date,2026-09-20,Future Date
purchases.csv,17516,Expected_Date,2026-09-16,Future Date
purchases.csv,17517,Expected_Date,2026-09-17,Future Date
purchases.csv,17518,Expected_Date,2026-09-18,Future Date
purchases.csv,17519,Expected_Date,2026-09-19,Future Date
purchases.csv,17520,Expected_Date,2026-09-20,Future Date
purchases.csv,17881,Expected_Date,2026-09-16,Future Date
purchases.csv,17882,Expected_Date,2026-09-17,Future Date
purchases.csv,17883,Expected_Date,2026-09-18,Future Date
purchases.csv,17884,Expected_Date,2026-09-19,Future Date
purchases.csv,17885,Expected_Date,2026-09-20,Future Date
purchases.csv,18246,Expected_Date,2026-09-16,Future Date
purchases.csv,18247,Expected_Date,2026-09-17,Future Date
purchases.csv,18248,Expected_Date,2026-09-18,Future Date
purchases.csv,18249,Expected_Date,2026-09-19,Future Date
purchases.csv,18250,Expected_Date,2026-09-20,Future Date
purchases.csv,18611,Expected_Date,2026-09-16,Future Date
purchases.csv,18612,Expected_Date,2026-09-17,Future Date
purchases.csv,18613,Expected_Date,2026-09-18,Future Date
purchases.csv,18614,Expected_Date,2026-09-19,Future Date
purchases.csv,18615,Expected_Date,2026-09-20,Future Date
purchases.csv,18976,Expected_Date,2026-09-16,Future Date
purchases.csv,18977,Expected_Date,2026-09-17,Future Date
purchases.csv,18978,Expected_Date,2026-09-18,Future Date
purchases.csv,18979,Expected_Date,2026-09-19,Future Date
purchases.csv,18980,Expected_Date,2026-09-20,Future Date
purchases.csv,19341,Expected_Date,2026-09-16,Future Date
purchases.csv,19342,Expected_Date,2026-09-17,Future Date
purchases.csv,19343,Expected_Date,2026-09-18,Future Date
purchases.csv,19344,Expected_Date,2026-09-19,Future Date
purchases.csv,19345,Expected_Date,2026-09-20,Future Date
purchases.csv,19706,Expected_Date,2026-09-16,Future Date
purchases.csv,19707,Expected_Date,2026-09-17,Future Date
purchases.csv,19708,Expected_Date,2026-09-18,Future Date
purchases.csv,19709,Expected_Date,2026-09-19,Future Date
purchases.csv,19710,Expected_Date,2026-09-20,Future Date
purchases.csv,20071,Expected_Date,2026-09-16,Future Date
purchases.csv,20072,Expected_Date,2026-09-17,Future Date
purchases.csv,20073,Expected_Date,2026-09-18,Future Date
purchases.csv,20074,Expected_Date,2026-09-19,Future Date
purchases.csv,20075,Expected_Date,2026-09-20,Future Date
purchases.csv,20436,Expected_Date,2026-09-16,Future Date
purchases.csv,20437,Expected_Date,2026-09-17,Future Date
purchases.csv,20438,Expected_Date,2026-09-18,Future Date
purchases.csv,20439,Expected_Date,2026-09-19,Future Date
purchases.csv,20440,Expected_Date,2026-09-20,Future Date
purchases.csv,20801,Expected_Date,2026-09-16,Future Date
purchases.csv,20802,Expected_Date,2026-09-17,Future Date
purchases.csv,20803,Expected_Date,2026-09-18,Future Date
purchases.csv,20804,Expected_Date,2026-09-19,Future Date
purchases.csv,20805,Expected_Date,2026-09-20,Future Date
purchases.csv,21166,Expected_Date,2026-09-16,Future Date
purchases.csv,21167,Expected_Date,2026-09-17,Future Date
purchases.csv,21168,Expected_Date,2026-09-18,Future Date
purchases.csv,21169,Expected_Date,2026-09-19,Future Date
purchases.csv,21170,Expected_Date,2026-09-20,Future Date
purchases.csv,21531,Expected_Date,2026-09-16,Future Date
purchases.csv,21532,Expected_Date,2026-09-17,Future Date
purchases.csv,21533,Expected_Date,2026-09-18,Future Date
purchases.csv,21534,Expected_Date,2026-09-19,Future Date
purchases.csv,21535,Expected_Date,2026-09-20,Future Date
purchases.csv,21896,Expected_Date,2026-09-16,Future Date
purchases.csv,21897,Expected_Date,2026-09-17,Future Date
purchases.csv,21898,Expected_Date,2026-09-18,Future Date
purchases.csv,21899,Expected_Date,2026-09-19,Future Date
purchases.csv,21900,Expected_Date,2026-09-20,Future Date
purchases.csv,22261,Expected_Date,2026-09-16,Future Date
purchases.csv,22262,Expected_Date,2026-09-17,Future Date
purchases.csv,22263,Expected_Date,2026-09-18,Future Date
purchases.csv,22264,Expected_Date,2026-09-19,Future Date
purchases.csv,22265,Expected_Date,2026-09-20,Future Date
purchases.csv,22626,Expected_Date,2026-09-16,Future Date
purchases.csv,22627,Expected_Date,2026-09-17,Future Date
purchases.csv,22628,Expected_Date,2026-09-18,Future Date
purchases.csv,22629,Expected_Date,2026-09-19,Future Date
purchases.csv,22630,Expected_Date,2026-09-20,Future Date
purchases.csv,22991,Expected_Date,2026-09-16,Future Date
purchases.csv,22992,Expected_Date,2026-09-17,Future Date
purchases.csv,22993,Expected_Date,2026-09-18,Future Date
purchases.csv,22994,Expected_Date,2026-09-19,Future Date
purchases.csv,22995,Expected_Date,2026-09-20,Future Date
purchases.csv,23356,Expected_Date,2026-09-16,Future Date
purchases.csv,23357,Expected_Date,2026-09-17,Future Date
purchases.csv,23358,Expected_Date,2026-09-18,Future Date
purchases.csv,23359,Expected_Date,2026-09-19,Future Date
purchases.csv,23360,Expected_Date,2026-09-20,Future Date
purchases.csv,23721,Expected_Date,2026-09-16,Future Date
purchases.csv,23722,Expected_Date,2026-09-17,Future Date
purchases.csv,23723,Expected_Date,2026-09-18,Future Date
purchases.csv,23724,Expected_Date,2026-09-19,Future Date
purchases.csv,23725,Expected_Date,2026-09-20,Future Date
purchases.csv,24086,Expected_Date,2026-09-16,Future Date
purchases.csv,24087,Expected_Date,2026-09-17,Future Date
purchases.csv,24088,Expected_Date,2026-09-18,Future Date
purchases.csv,24089,Expected_Date,2026-09-19,Future Date
purchases.csv,24090,Expected_Date,2026-09-20,Future Date
purchases.csv,24451,Expected_Date,2026-09-16,Future Date
purchases.csv,24452,Expected_Date,2026-09-17,Future Date
purchases.csv,24453,Expected_Date,2026-09-18,Future Date
purchases.csv,24454,Expected_Date,2026-09-19,Future Date
purchases.csv,24455,Expected_Date,2026-09-20,Future Date
purchases.csv,24816,Expected_Date,2026-09-16,Future Date
purchases.csv,24817,Expected_Date,2026-09-17,Future Date
purchases.csv,24818,Expected_Date,2026-09-18,Future Date
purchases.csv,24819,Expected_Date,2026-09-19,Future Date
purchases.csv,24820,Expected_Date,2026-09-20,Future Date
purchases.csv,343,Delivery_Date,2026-09-18,Future Date
purchases.csv,352,Delivery_Date,2026-09-27,Future Date
purchases.csv,358,Delivery_Date,2026-09-16,Future Date
purchases.csv,359,Delivery_Date,2026-09-18,Future Date
purchases.csv,360,Delivery_Date,2026-09-20,Future Date
purchases.csv,361,Delivery_Date,2026-10-06,Future Date
purchases.csv,362,Delivery_Date,2026-09-18,Future Date
purchases.csv,363,Delivery_Date,2026-09-20,Future Date
purchases.csv,364,Delivery_Date,2026-09-22,Future Date
purchases.csv,365,Delivery_Date,2026-09-24,Future Date
purchases.csv,712,Delivery_Date,2026-09-22,Future Date
purchases.csv,721,Delivery_Date,2026-10-01,Future Date
purchases.csv,724,Delivery_Date,2026-09-17,Future Date
purchases.csv,725,Delivery_Date,2026-09-19,Future Date
purchases.csv,726,Delivery_Date,2026-09-21,Future Date
purchases.csv,727,Delivery_Date,2026-09-17,Future Date
purchases.csv,728,Delivery_Date,2026-09-19,Future Date
purchases.csv,729,Delivery_Date,2026-09-21,Future Date
purchases.csv,730,Delivery_Date,2026-10-10,Future Date
purchases.csv,1072,Delivery_Date,2026-09-17,Future Date
purchases.csv,1081,Delivery_Date,2026-09-26,Future Date
purchases.csv,1086,Delivery_Date,2026-09-16,Future Date
purchases.csv,1089,Delivery_Date,2026-09-16,Future Date
purchases.csv,1090,Delivery_Date,2026-10-05,Future Date
purchases.csv,1091,Delivery_Date,2026-09-20,Future Date
purchases.csv,1092,Delivery_Date,2026-09-22,Future Date
purchases.csv,1093,Delivery_Date,2026-09-18,Future Date
purchases.csv,1094,Delivery_Date,2026-09-20,Future Date
purchases.csv,1095,Delivery_Date,2026-09-22,Future Date
purchases.csv,1441,Delivery_Date,2026-09-21,Future Date
purchases.csv,1450,Delivery_Date,2026-09-30,Future Date
purchases.csv,1452,Delivery_Date,2026-09-17,Future Date
purchases.csv,1455,Delivery_Date,2026-09-17,Future Date
purchases.csv,1456,Delivery_Date,2026-09-19,Future Date
purchases.csv,1457,Delivery_Date,2026-09-21,Future Date
purchases.csv,1458,Delivery_Date,2026-09-23,Future Date
purchases.csv,1459,Delivery_Date,2026-10-09,Future Date
purchases.csv,1460,Delivery_Date,2026-09-21,Future Date
purchases.csv,1801,Delivery_Date,2026-09-16,Future Date
purchases.csv,1810,Delivery_Date,2026-09-25,Future Date
purchases.csv,1817,Delivery_Date,2026-09-16,Future Date
purchases.csv,1818,Delivery_Date,2026-09-18,Future Date
purchases.csv,1819,Delivery_Date,2026-10-04,Future Date
purchases.csv,1820,Delivery_Date,2026-09-16,Future Date
purchases.csv,1821,Delivery_Date,2026-09-18,Future Date
purchases.csv,1822,Delivery_Date,2026-09-20,Future Date
purchases.csv,1823,Delivery_Date,2026-09-22,Future Date
purchases.csv,1824,Delivery_Date,2026-09-24,Future Date
purchases.csv,1825,Delivery_Date,2026-09-20,Future Date
purchases.csv,2170,Delivery_Date,2026-09-20,Future Date
purchases.csv,2179,Delivery_Date,2026-09-29,Future Date
purchases.csv,2183,Delivery_Date,2026-09-17,Future Date
purchases.csv,2184,Delivery_Date,2026-09-19,Future Date
purchases.csv,2186,Delivery_Date,2026-09-17,Future Date
purchases.csv,2187,Delivery_Date,2026-09-19,Future Date
purchases.csv,2188,Delivery_Date,2026-10-08,Future Date
purchases.csv,2189,Delivery_Date,2026-09-23,Future Date
purchases.csv,2190,Delivery_Date,2026-09-25,Future Date
purchases.csv,2539,Delivery_Date,2026-09-24,Future Date
purchases.csv,2548,Delivery_Date,2026-10-03,Future Date
purchases.csv,2549,Delivery_Date,2026-09-18,Future Date
purchases.csv,2550,Delivery_Date,2026-09-20,Future Date
purchases.csv,2551,Delivery_Date,2026-09-16,Future Date
purchases.csv,2552,Delivery_Date,2026-09-18,Future Date
purchases.csv,2553,Delivery_Date,2026-09-20,Future Date
purchases.csv,2554,Delivery_Date,2026-09-22,Future Date
purchases.csv,2555,Delivery_Date,2026-09-24,Future Date
purchases.csv,2899,Delivery_Date,2026-09-19,Future Date
purchases.csv,2908,Delivery_Date,2026-09-28,Future Date
purchases.csv,2914,Delivery_Date,2026-09-17,Future Date
purchases.csv,2915,Delivery_Date,2026-09-19,Future Date
purchases.csv,2916,Delivery_Date,2026-09-21,Future Date
purchases.csv,2917,Delivery_Date,2026-10-07,Future Date
purchases.csv,2918,Delivery_Date,2026-09-19,Future Date
purchases.csv,2919,Delivery_Date,2026-09-21,Future Date
purchases.csv,2920,Delivery_Date,2026-09-23,Future Date
purchases.csv,3268,Delivery_Date,2026-09-23,Future Date
purchases.csv,3276,Delivery_Date,2026-09-16,Future Date
purchases.csv,3277,Delivery_Date,2026-10-02,Future Date
purchases.csv,3279,Delivery_Date,2026-09-16,Future Date
purchases.csv,3280,Delivery_Date,2026-09-18,Future Date
purchases.csv,3281,Delivery_Date,2026-09-20,Future Date
purchases.csv,3282,Delivery_Date,2026-09-22,Future Date
purchases.csv,3283,Delivery_Date,2026-09-18,Future Date
purchases.csv,3284,Delivery_Date,2026-09-20,Future Date
purchases.csv,3285,Delivery_Date,2026-09-22,Future Date
purchases.csv,3628,Delivery_Date,2026-09-18,Future Date
purchases.csv,3637,Delivery_Date,2026-09-27,Future Date
purchases.csv,3642,Delivery_Date,2026-09-17,Future Date
purchases.csv,3645,Delivery_Date,2026-09-17,Future Date
purchases.csv,3646,Delivery_Date,2026-10-06,Future Date
purchases.csv,3647,Delivery_Date,2026-09-21,Future Date
purchases.csv,3648,Delivery_Date,2026-09-23,Future Date
purchases.csv,3649,Delivery_Date,2026-09-19,Future Date
purchases.csv,3650,Delivery_Date,2026-09-21,Future Date
purchases.csv,3997,Delivery_Date,2026-09-22,Future Date
purchases.csv,4006,Delivery_Date,2026-10-01,Future Date
purchases.csv,4007,Delivery_Date,2026-09-16,Future Date
purchases.csv,4008,Delivery_Date,2026-09-18,Future Date
purchases.csv,4010,Delivery_Date,2026-09-16,Future Date
purchases.csv,4011,Delivery_Date,2026-09-18,Future Date
purchases.csv,4012,Delivery_Date,2026-09-20,Future Date
purchases.csv,4013,Delivery_Date,2026-09-22,Future Date
purchases.csv,4014,Delivery_Date,2026-09-24,Future Date
purchases.csv,4015,Delivery_Date,2026-10-10,Future Date
purchases.csv,4357,Delivery_Date,2026-09-17,Future Date
purchases.csv,4366,Delivery_Date,2026-09-26,Future Date
purchases.csv,4373,Delivery_Date,2026-09-17,Future Date
purchases.csv,4374,Delivery_Date,2026-09-19,Future Date
purchases.csv,4375,Delivery_Date,2026-10-05,Future Date
purchases.csv,4376,Delivery_Date,2026-09-17,Future Date
purchases.csv,4377,Delivery_Date,2026-09-19,Future Date
purchases.csv,4378,Delivery_Date,2026-09-21,Future Date
purchases.csv,4379,Delivery_Date,2026-09-23,Future Date
purchases.csv,4380,Delivery_Date,2026-09-25,Future Date
purchases.csv,4726,Delivery_Date,2026-09-21,Future Date
purchases.csv,4735,Delivery_Date,2026-09-30,Future Date
purchases.csv,4738,Delivery_Date,2026-09-16,Future Date
purchases.csv,4739,Delivery_Date,2026-09-18,Future Date
purchases.csv,4740,Delivery_Date,2026-09-20,Future Date
purchases.csv,4741,Delivery_Date,2026-09-16,Future Date
purchases.csv,4742,Delivery_Date,2026-09-18,Future Date
purchases.csv,4743,Delivery_Date,2026-09-20,Future Date
purchases.csv,4744,Delivery_Date,2026-10-09,Future Date
purchases.csv,4745,Delivery_Date,2026-09-24,Future Date
purchases.csv,5086,Delivery_Date,2026-09-16,Future Date
purchases.csv,5095,Delivery_Date,2026-09-25,Future Date
purchases.csv,5104,Delivery_Date,2026-10-04,Future Date
purchases.csv,5105,Delivery_Date,2026-09-19,Future Date
purchases.csv,5106,Delivery_Date,2026-09-21,Future Date
purchases.csv,5107,Delivery_Date,2026-09-17,Future Date
purchases.csv,5108,Delivery_Date,2026-09-19,Future Date
purchases.csv,5109,Delivery_Date,2026-09-21,Future Date
purchases.csv,5110,Delivery_Date,2026-09-23,Future Date
purchases.csv,5455,Delivery_Date,2026-09-20,Future Date
purchases.csv,5464,Delivery_Date,2026-09-29,Future Date
purchases.csv,5466,Delivery_Date,2026-09-16,Future Date
purchases.csv,5469,Delivery_Date,2026-09-16,Future Date
purchases.csv,5470,Delivery_Date,2026-09-18,Future Date
purchases.csv,5471,Delivery_Date,2026-09-20,Future Date
purchases.csv,5472,Delivery_Date,2026-09-22,Future Date
purchases.csv,5473,Delivery_Date,2026-10-08,Future Date
purchases.csv,5474,Delivery_Date,2026-09-20,Future Date
purchases.csv,5475,Delivery_Date,2026-09-22,Future Date
purchases.csv,5824,Delivery_Date,2026-09-24,Future Date
purchases.csv,5832,Delivery_Date,2026-09-17,Future Date
purchases.csv,5833,Delivery_Date,2026-10-03,Future Date
purchases.csv,5835,Delivery_Date,2026-09-17,Future Date
purchases.csv,5836,Delivery_Date,2026-09-19,Future Date
purchases.csv,5837,Delivery_Date,2026-09-21,Future Date
purchases.csv,5838,Delivery_Date,2026-09-23,Future Date
purchases.csv,5839,Delivery_Date,2026-09-19,Future Date
purchases.csv,5840,Delivery_Date,2026-09-21,Future Date
purchases.csv,6184,Delivery_Date,2026-09-19,Future Date
purchases.csv,6193,Delivery_Date,2026-09-28,Future Date
purchases.csv,6197,Delivery_Date,2026-09-16,Future Date
purchases.csv,6198,Delivery_Date,2026-09-18,Future Date
purchases.csv,6200,Delivery_Date,2026-09-16,Future Date
purchases.csv,6201,Delivery_Date,2026-09-18,Future Date
purchases.csv,6202,Delivery_Date,2026-10-07,Future Date
purchases.csv,6203,Delivery_Date,2026-09-22,Future Date
purchases.csv,6204,Delivery_Date,2026-09-24,Future Date
purchases.csv,6205,Delivery_Date,2026-09-20,Future Date
purchases.csv,6553,Delivery_Date,2026-09-23,Future Date
purchases.csv,6562,Delivery_Date,2026-10-02,Future Date
purchases.csv,6563,Delivery_Date,2026-09-17,Future Date
purchases.csv,6564,Delivery_Date,2026-09-19,Future Date
purchases.csv,6566,Delivery_Date,2026-09-17,Future Date
purchases.csv,6567,Delivery_Date,2026-09-19,Future Date
purchases.csv,6568,Delivery_Date,2026-09-21,Future Date
purchases.csv,6569,Delivery_Date,2026-09-23,Future Date
purchases.csv,6570,Delivery_Date,2026-09-25,Future Date
purchases.csv,6913,Delivery_Date,2026-09-18,Future Date
purchases.csv,6922,Delivery_Date,2026-09-27,Future Date
purchases.csv,6928,Delivery_Date,2026-09-16,Future Date
purchases.csv,6929,Delivery_Date,2026-09-18,Future Date
purchases.csv,6930,Delivery_Date,2026-09-20,Future Date
purchases.csv,6931,Delivery_Date,2026-10-06,Future Date
purchases.csv,6932,Delivery_Date,2026-09-18,Future Date
purchases.csv,6933,Delivery_Date,2026-09-20,Future Date
purchases.csv,6934,Delivery_Date,2026-09-22,Future Date
purchases.csv,6935,Delivery_Date,2026-09-24,Future Date
purchases.csv,7282,Delivery_Date,2026-09-22,Future Date
purchases.csv,7291,Delivery_Date,2026-10-01,Future Date
purchases.csv,7294,Delivery_Date,2026-09-17,Future Date
purchases.csv,7295,Delivery_Date,2026-09-19,Future Date
purchases.csv,7296,Delivery_Date,2026-09-21,Future Date
purchases.csv,7297,Delivery_Date,2026-09-17,Future Date
purchases.csv,7298,Delivery_Date,2026-09-19,Future Date
purchases.csv,7299,Delivery_Date,2026-09-21,Future Date
purchases.csv,7300,Delivery_Date,2026-10-10,Future Date
purchases.csv,7642,Delivery_Date,2026-09-17,Future Date
purchases.csv,7651,Delivery_Date,2026-09-26,Future Date
purchases.csv,7656,Delivery_Date,2026-09-16,Future Date
purchases.csv,7659,Delivery_Date,2026-09-16,Future Date
purchases.csv,7660,Delivery_Date,2026-10-05,Future Date
purchases.csv,7661,Delivery_Date,2026-09-20,Future Date
purchases.csv,7662,Delivery_Date,2026-09-22,Future Date
purchases.csv,7663,Delivery_Date,2026-09-18,Future Date
purchases.csv,7664,Delivery_Date,2026-09-20,Future Date
purchases.csv,7665,Delivery_Date,2026-09-22,Future Date
purchases.csv,8011,Delivery_Date,2026-09-21,Future Date
purchases.csv,8020,Delivery_Date,2026-09-30,Future Date
purchases.csv,8022,Delivery_Date,2026-09-17,Future Date
purchases.csv,8025,Delivery_Date,2026-09-17,Future Date
purchases.csv,8026,Delivery_Date,2026-09-19,Future Date
purchases.csv,8027,Delivery_Date,2026-09-21,Future Date
purchases.csv,8028,Delivery_Date,2026-09-23,Future Date
purchases.csv,8029,Delivery_Date,2026-10-09,Future Date
purchases.csv,8030,Delivery_Date,2026-09-21,Future Date
purchases.csv,8371,Delivery_Date,2026-09-16,Future Date
purchases.csv,8380,Delivery_Date,2026-09-25,Future Date
purchases.csv,8387,Delivery_Date,2026-09-16,Future Date
purchases.csv,8388,Delivery_Date,2026-09-18,Future Date
purchases.csv,8389,Delivery_Date,2026-10-04,Future Date
purchases.csv,8390,Delivery_Date,2026-09-16,Future Date
purchases.csv,8391,Delivery_Date,2026-09-18,Future Date
purchases.csv,8392,Delivery_Date,2026-09-20,Future Date
purchases.csv,8393,Delivery_Date,2026-09-22,Future Date
purchases.csv,8394,Delivery_Date,2026-09-24,Future Date
purchases.csv,8395,Delivery_Date,2026-09-20,Future Date
purchases.csv,8740,Delivery_Date,2026-09-20,Future Date
purchases.csv,8749,Delivery_Date,2026-09-29,Future Date
purchases.csv,8753,Delivery_Date,2026-09-17,Future Date
purchases.csv,8754,Delivery_Date,2026-09-19,Future Date
purchases.csv,8756,Delivery_Date,2026-09-17,Future Date
purchases.csv,8757,Delivery_Date,2026-09-19,Future Date
purchases.csv,8758,Delivery_Date,2026-10-08,Future Date
purchases.csv,8759,Delivery_Date,2026-09-23,Future Date
purchases.csv,8760,Delivery_Date,2026-09-25,Future Date
purchases.csv,9109,Delivery_Date,2026-09-24,Future Date
purchases.csv,9118,Delivery_Date,2026-10-03,Future Date
purchases.csv,9119,Delivery_Date,2026-09-18,Future Date
purchases.csv,9120,Delivery_Date,2026-09-20,Future Date
purchases.csv,9121,Delivery_Date,2026-09-16,Future Date
purchases.csv,9122,Delivery_Date,2026-09-18,Future Date
purchases.csv,9123,Delivery_Date,2026-09-20,Future Date
purchases.csv,9124,Delivery_Date,2026-09-22,Future Date
purchases.csv,9125,Delivery_Date,2026-09-24,Future Date
purchases.csv,9469,Delivery_Date,2026-09-19,Future Date
purchases.csv,9478,Delivery_Date,2026-09-28,Future Date
purchases.csv,9484,Delivery_Date,2026-09-17,Future Date
purchases.csv,9485,Delivery_Date,2026-09-19,Future Date
purchases.csv,9486,Delivery_Date,2026-09-21,Future Date
purchases.csv,9487,Delivery_Date,2026-10-07,Future Date
purchases.csv,9488,Delivery_Date,2026-09-19,Future Date
purchases.csv,9489,Delivery_Date,2026-09-21,Future Date
purchases.csv,9490,Delivery_Date,2026-09-23,Future Date
purchases.csv,9838,Delivery_Date,2026-09-23,Future Date
purchases.csv,9846,Delivery_Date,2026-09-16,Future Date
purchases.csv,9847,Delivery_Date,2026-10-02,Future Date
purchases.csv,9849,Delivery_Date,2026-09-16,Future Date
purchases.csv,9850,Delivery_Date,2026-09-18,Future Date
purchases.csv,9851,Delivery_Date,2026-09-20,Future Date
purchases.csv,9852,Delivery_Date,2026-09-22,Future Date
purchases.csv,9853,Delivery_Date,2026-09-18,Future Date
purchases.csv,9854,Delivery_Date,2026-09-20,Future Date
purchases.csv,9855,Delivery_Date,2026-09-22,Future Date
purchases.csv,10198,Delivery_Date,2026-09-18,Future Date
purchases.csv,10207,Delivery_Date,2026-09-27,Future Date
purchases.csv,10212,Delivery_Date,2026-09-17,Future Date
purchases.csv,10215,Delivery_Date,2026-09-17,Future Date
purchases.csv,10216,Delivery_Date,2026-10-06,Future Date
purchases.csv,10217,Delivery_Date,2026-09-21,Future Date
purchases.csv,10218,Delivery_Date,2026-09-23,Future Date
purchases.csv,10219,Delivery_Date,2026-09-19,Future Date
purchases.csv,10220,Delivery_Date,2026-09-21,Future Date
purchases.csv,10567,Delivery_Date,2026-09-22,Future Date
purchases.csv,10576,Delivery_Date,2026-10-01,Future Date
purchases.csv,10577,Delivery_Date,2026-09-16,Future Date
purchases.csv,10578,Delivery_Date,2026-09-18,Future Date
purchases.csv,10580,Delivery_Date,2026-09-16,Future Date
purchases.csv,10581,Delivery_Date,2026-09-18,Future Date
purchases.csv,10582,Delivery_Date,2026-09-20,Future Date
purchases.csv,10583,Delivery_Date,2026-09-22,Future Date
purchases.csv,10584,Delivery_Date,2026-09-24,Future Date
purchases.csv,10585,Delivery_Date,2026-10-10,Future Date
purchases.csv,10927,Delivery_Date,2026-09-17,Future Date
purchases.csv,10936,Delivery_Date,2026-09-26,Future Date
purchases.csv,10943,Delivery_Date,2026-09-17,Future Date
purchases.csv,10944,Delivery_Date,2026-09-19,Future Date
purchases.csv,10945,Delivery_Date,2026-10-05,Future Date
purchases.csv,10946,Delivery_Date,2026-09-17,Future Date
purchases.csv,10947,Delivery_Date,2026-09-19,Future Date
purchases.csv,10948,Delivery_Date,2026-09-21,Future Date
purchases.csv,10949,Delivery_Date,2026-09-23,Future Date
purchases.csv,10950,Delivery_Date,2026-09-25,Future Date
purchases.csv,11296,Delivery_Date,2026-09-21,Future Date
purchases.csv,11305,Delivery_Date,2026-09-30,Future Date
purchases.csv,11308,Delivery_Date,2026-09-16,Future Date
purchases.csv,11309,Delivery_Date,2026-09-18,Future Date
purchases.csv,11310,Delivery_Date,2026-09-20,Future Date
purchases.csv,11311,Delivery_Date,2026-09-16,Future Date
purchases.csv,11312,Delivery_Date,2026-09-18,Future Date
purchases.csv,11313,Delivery_Date,2026-09-20,Future Date
purchases.csv,11314,Delivery_Date,2026-10-09,Future Date
purchases.csv,11315,Delivery_Date,2026-09-24,Future Date
purchases.csv,11656,Delivery_Date,2026-09-16,Future Date
purchases.csv,11665,Delivery_Date,2026-09-25,Future Date
purchases.csv,11674,Delivery_Date,2026-10-04,Future Date
purchases.csv,11675,Delivery_Date,2026-09-19,Future Date
purchases.csv,11676,Delivery_Date,2026-09-21,Future Date
purchases.csv,11677,Delivery_Date,2026-09-17,Future Date
purchases.csv,11678,Delivery_Date,2026-09-19,Future Date
purchases.csv,11679,Delivery_Date,2026-09-21,Future Date
purchases.csv,11680,Delivery_Date,2026-09-23,Future Date
purchases.csv,12025,Delivery_Date,2026-09-20,Future Date
purchases.csv,12034,Delivery_Date,2026-09-29,Future Date
purchases.csv,12036,Delivery_Date,2026-09-16,Future Date
purchases.csv,12039,Delivery_Date,2026-09-16,Future Date
purchases.csv,12040,Delivery_Date,2026-09-18,Future Date
purchases.csv,12041,Delivery_Date,2026-09-20,Future Date
purchases.csv,12042,Delivery_Date,2026-09-22,Future Date
purchases.csv,12043,Delivery_Date,2026-10-08,Future Date
purchases.csv,12044,Delivery_Date,2026-09-20,Future Date
purchases.csv,12045,Delivery_Date,2026-09-22,Future Date
purchases.csv,12394,Delivery_Date,2026-09-24,Future Date
purchases.csv,12402,Delivery_Date,2026-09-17,Future Date
purchases.csv,12403,Delivery_Date,2026-10-03,Future Date
purchases.csv,12405,Delivery_Date,2026-09-17,Future Date
purchases.csv,12406,Delivery_Date,2026-09-19,Future Date
purchases.csv,12407,Delivery_Date,2026-09-21,Future Date
purchases.csv,12408,Delivery_Date,2026-09-23,Future Date
purchases.csv,12409,Delivery_Date,2026-09-19,Future Date
purchases.csv,12410,Delivery_Date,2026-09-21,Future Date
purchases.csv,12754,Delivery_Date,2026-09-19,Future Date
purchases.csv,12763,Delivery_Date,2026-09-28,Future Date
purchases.csv,12767,Delivery_Date,2026-09-16,Future Date
purchases.csv,12768,Delivery_Date,2026-09-18,Future Date
purchases.csv,12770,Delivery_Date,2026-09-16,Future Date
purchases.csv,12771,Delivery_Date,2026-09-18,Future Date
purchases.csv,12772,Delivery_Date,2026-10-07,Future Date
purchases.csv,12773,Delivery_Date,2026-09-22,Future Date
purchases.csv,12774,Delivery_Date,2026-09-24,Future Date
purchases.csv,12775,Delivery_Date,2026-09-20,Future Date
purchases.csv,13123,Delivery_Date,2026-09-23,Future Date
purchases.csv,13132,Delivery_Date,2026-10-02,Future Date
purchases.csv,13133,Delivery_Date,2026-09-17,Future Date
purchases.csv,13134,Delivery_Date,2026-09-19,Future Date
purchases.csv,13136,Delivery_Date,2026-09-17,Future Date
purchases.csv,13137,Delivery_Date,2026-09-19,Future Date
purchases.csv,13138,Delivery_Date,2026-09-21,Future Date
purchases.csv,13139,Delivery_Date,2026-09-23,Future Date
purchases.csv,13140,Delivery_Date,2026-09-25,Future Date
purchases.csv,13483,Delivery_Date,2026-09-18,Future Date
purchases.csv,13492,Delivery_Date,2026-09-27,Future Date
purchases.csv,13498,Delivery_Date,2026-09-16,Future Date
purchases.csv,13499,Delivery_Date,2026-09-18,Future Date
purchases.csv,13500,Delivery_Date,2026-09-20,Future Date
purchases.csv,13501,Delivery_Date,2026-10-06,Future Date
purchases.csv,13502,Delivery_Date,2026-09-18,Future Date
purchases.csv,13503,Delivery_Date,2026-09-20,Future Date
purchases.csv,13504,Delivery_Date,2026-09-22,Future Date
purchases.csv,13505,Delivery_Date,2026-09-24,Future Date
purchases.csv,13852,Delivery_Date,2026-09-22,Future Date
purchases.csv,13861,Delivery_Date,2026-10-01,Future Date
purchases.csv,13864,Delivery_Date,2026-09-17,Future Date
purchases.csv,13865,Delivery_Date,2026-09-19,Future Date
purchases.csv,13866,Delivery_Date,2026-09-21,Future Date
purchases.csv,13867,Delivery_Date,2026-09-17,Future Date
purchases.csv,13868,Delivery_Date,2026-09-19,Future Date
purchases.csv,13869,Delivery_Date,2026-09-21,Future Date
purchases.csv,13870,Delivery_Date,2026-10-10,Future Date
purchases.csv,14212,Delivery_Date,2026-09-17,Future Date
purchases.csv,14221,Delivery_Date,2026-09-26,Future Date
purchases.csv,14226,Delivery_Date,2026-09-16,Future Date
purchases.csv,14229,Delivery_Date,2026-09-16,Future Date
purchases.csv,14230,Delivery_Date,2026-10-05,Future Date
purchases.csv,14231,Delivery_Date,2026-09-20,Future Date
purchases.csv,14232,Delivery_Date,2026-09-22,Future Date
purchases.csv,14233,Delivery_Date,2026-09-18,Future Date
purchases.csv,14234,Delivery_Date,2026-09-20,Future Date
purchases.csv,14235,Delivery_Date,2026-09-22,Future Date
purchases.csv,14581,Delivery_Date,2026-09-21,Future Date
purchases.csv,14590,Delivery_Date,2026-09-30,Future Date
purchases.csv,14592,Delivery_Date,2026-09-17,Future Date
purchases.csv,14595,Delivery_Date,2026-09-17,Future Date
purchases.csv,14596,Delivery_Date,2026-09-19,Future Date
purchases.csv,14597,Delivery_Date,2026-09-21,Future Date
purchases.csv,14598,Delivery_Date,2026-09-23,Future Date
purchases.csv,14599,Delivery_Date,2026-10-09,Future Date
purchases.csv,14600,Delivery_Date,2026-09-21,Future Date
purchases.csv,14941,Delivery_Date,2026-09-16,Future Date
purchases.csv,14950,Delivery_Date,2026-09-25,Future Date
purchases.csv,14957,Delivery_Date,2026-09-16,Future Date
purchases.csv,14958,Delivery_Date,2026-09-18,Future Date
purchases.csv,14959,Delivery_Date,2026-10-04,Future Date
purchases.csv,14960,Delivery_Date,2026-09-16,Future Date
purchases.csv,14961,Delivery_Date,2026-09-18,Future Date
purchases.csv,14962,Delivery_Date,2026-09-20,Future Date
purchases.csv,14963,Delivery_Date,2026-09-22,Future Date
purchases.csv,14964,Delivery_Date,2026-09-24,Future Date
purchases.csv,14965,Delivery_Date,2026-09-20,Future Date
purchases.csv,15310,Delivery_Date,2026-09-20,Future Date
purchases.csv,15319,Delivery_Date,2026-09-29,Future Date
purchases.csv,15323,Delivery_Date,2026-09-17,Future Date
purchases.csv,15324,Delivery_Date,2026-09-19,Future Date
purchases.csv,15326,Delivery_Date,2026-09-17,Future Date
purchases.csv,15327,Delivery_Date,2026-09-19,Future Date
purchases.csv,15328,Delivery_Date,2026-10-08,Future Date
purchases.csv,15329,Delivery_Date,2026-09-23,Future Date
purchases.csv,15330,Delivery_Date,2026-09-25,Future Date
purchases.csv,15679,Delivery_Date,2026-09-24,Future Date
purchases.csv,15688,Delivery_Date,2026-10-03,Future Date
purchases.csv,15689,Delivery_Date,2026-09-18,Future Date
purchases.csv,15690,Delivery_Date,2026-09-20,Future Date
purchases.csv,15691,Delivery_Date,2026-09-16,Future Date
purchases.csv,15692,Delivery_Date,2026-09-18,Future Date
purchases.csv,15693,Delivery_Date,2026-09-20,Future Date
purchases.csv,15694,Delivery_Date,2026-09-22,Future Date
purchases.csv,15695,Delivery_Date,2026-09-24,Future Date
purchases.csv,16039,Delivery_Date,2026-09-19,Future Date
purchases.csv,16048,Delivery_Date,2026-09-28,Future Date
purchases.csv,16054,Delivery_Date,2026-09-17,Future Date
purchases.csv,16055,Delivery_Date,2026-09-19,Future Date
purchases.csv,16056,Delivery_Date,2026-09-21,Future Date
purchases.csv,16057,Delivery_Date,2026-10-07,Future Date
purchases.csv,16058,Delivery_Date,2026-09-19,Future Date
purchases.csv,16059,Delivery_Date,2026-09-21,Future Date
purchases.csv,16060,Delivery_Date,2026-09-23,Future Date
purchases.csv,16408,Delivery_Date,2026-09-23,Future Date
purchases.csv,16416,Delivery_Date,2026-09-16,Future Date
purchases.csv,16417,Delivery_Date,2026-10-02,Future Date
purchases.csv,16419,Delivery_Date,2026-09-16,Future Date
purchases.csv,16420,Delivery_Date,2026-09-18,Future Date
purchases.csv,16421,Delivery_Date,2026-09-20,Future Date
purchases.csv,16422,Delivery_Date,2026-09-22,Future Date
purchases.csv,16423,Delivery_Date,2026-09-18,Future Date
purchases.csv,16424,Delivery_Date,2026-09-20,Future Date
purchases.csv,16425,Delivery_Date,2026-09-22,Future Date
purchases.csv,16768,Delivery_Date,2026-09-18,Future Date
purchases.csv,16777,Delivery_Date,2026-09-27,Future Date
purchases.csv,16782,Delivery_Date,2026-09-17,Future Date
purchases.csv,16785,Delivery_Date,2026-09-17,Future Date
purchases.csv,16786,Delivery_Date,2026-10-06,Future Date
purchases.csv,16787,Delivery_Date,2026-09-21,Future Date
purchases.csv,16788,Delivery_Date,2026-09-23,Future Date
purchases.csv,16789,Delivery_Date,2026-09-19,Future Date
purchases.csv,16790,Delivery_Date,2026-09-21,Future Date
purchases.csv,17137,Delivery_Date,2026-09-22,Future Date
purchases.csv,17146,Delivery_Date,2026-10-01,Future Date
purchases.csv,17147,Delivery_Date,2026-09-16,Future Date
purchases.csv,17148,Delivery_Date,2026-09-18,Future Date
purchases.csv,17150,Delivery_Date,2026-09-16,Future Date
purchases.csv,17151,Delivery_Date,2026-09-18,Future Date
purchases.csv,17152,Delivery_Date,2026-09-20,Future Date
purchases.csv,17153,Delivery_Date,2026-09-22,Future Date
purchases.csv,17154,Delivery_Date,2026-09-24,Future Date
purchases.csv,17155,Delivery_Date,2026-10-10,Future Date
purchases.csv,17497,Delivery_Date,2026-09-17,Future Date
purchases.csv,17506,Delivery_Date,2026-09-26,Future Date
purchases.csv,17513,Delivery_Date,2026-09-17,Future Date
purchases.csv,17514,Delivery_Date,2026-09-19,Future Date
purchases.csv,17515,Delivery_Date,2026-10-05,Future Date
purchases.csv,17516,Delivery_Date,2026-09-17,Future Date
purchases.csv,17517,Delivery_Date,2026-09-19,Future Date
purchases.csv,17518,Delivery_Date,2026-09-21,Future Date
purchases.csv,17519,Delivery_Date,2026-09-23,Future Date
purchases.csv,17520,Delivery_Date,2026-09-25,Future Date
purchases.csv,17866,Delivery_Date,2026-09-21,Future Date
purchases.csv,17875,Delivery_Date,2026-09-30,Future Date
purchases.csv,17878,Delivery_Date,2026-09-16,Future Date
purchases.csv,17879,Delivery_Date,2026-09-18,Future Date
purchases.csv,17880,Delivery_Date,2026-09-20,Future Date
purchases.csv,17881,Delivery_Date,2026-09-16,Future Date
purchases.csv,17882,Delivery_Date,2026-09-18,Future Date
purchases.csv,17883,Delivery_Date,2026-09-20,Future Date
purchases.csv,17884,Delivery_Date,2026-10-09,Future Date
purchases.csv,17885,Delivery_Date,2026-09-24,Future Date
purchases.csv,18226,Delivery_Date,2026-09-16,Future Date
purchases.csv,18235,Delivery_Date,2026-09-25,Future Date
purchases.csv,18244,Delivery_Date,2026-10-04,Future Date
purchases.csv,18245,Delivery_Date,2026-09-19,Future Date
purchases.csv,18246,Delivery_Date,2026-09-21,Future Date
purchases.csv,18247,Delivery_Date,2026-09-17,Future Date
purchases.csv,18248,Delivery_Date,2026-09-19,Future Date
purchases.csv,18249,Delivery_Date,2026-09-21,Future Date
purchases.csv,18250,Delivery_Date,2026-09-23,Future Date
purchases.csv,18595,Delivery_Date,2026-09-20,Future Date
purchases.csv,18604,Delivery_Date,2026-09-29,Future Date
purchases.csv,18606,Delivery_Date,2026-09-16,Future Date
purchases.csv,18609,Delivery_Date,2026-09-16,Future Date
purchases.csv,18610,Delivery_Date,2026-09-18,Future Date
purchases.csv,18611,Delivery_Date,2026-09-20,Future Date
purchases.csv,18612,Delivery_Date,2026-09-22,Future Date
purchases.csv,18613,Delivery_Date,2026-10-08,Future Date
purchases.csv,18614,Delivery_Date,2026-09-20,Future Date
purchases.csv,18615,Delivery_Date,2026-09-22,Future Date
purchases.csv,18964,Delivery_Date,2026-09-24,Future Date
purchases.csv,18972,Delivery_Date,2026-09-17,Future Date
purchases.csv,18973,Delivery_Date,2026-10-03,Future Date
purchases.csv,18975,Delivery_Date,2026-09-17,Future Date
purchases.csv,18976,Delivery_Date,2026-09-19,Future Date
purchases.csv,18977,Delivery_Date,2026-09-21,Future Date
purchases.csv,18978,Delivery_Date,2026-09-23,Future Date
purchases.csv,18979,Delivery_Date,2026-09-19,Future Date
purchases.csv,18980,Delivery_Date,2026-09-21,Future Date
purchases.csv,19324,Delivery_Date,2026-09-19,Future Date
purchases.csv,19333,Delivery_Date,2026-09-28,Future Date
purchases.csv,19337,Delivery_Date,2026-09-16,Future Date
purchases.csv,19338,Delivery_Date,2026-09-18,Future Date
purchases.csv,19340,Delivery_Date,2026-09-16,Future Date
purchases.csv,19341,Delivery_Date,2026-09-18,Future Date
purchases.csv,19342,Delivery_Date,2026-10-07,Future Date
purchases.csv,19343,Delivery_Date,2026-09-22,Future Date
purchases.csv,19344,Delivery_Date,2026-09-24,Future Date
purchases.csv,19345,Delivery_Date,2026-09-20,Future Date
purchases.csv,19693,Delivery_Date,2026-09-23,Future Date
purchases.csv,19702,Delivery_Date,2026-10-02,Future Date
purchases.csv,19703,Delivery_Date,2026-09-17,Future Date
purchases.csv,19704,Delivery_Date,2026-09-19,Future Date
purchases.csv,19706,Delivery_Date,2026-09-17,Future Date
purchases.csv,19707,Delivery_Date,2026-09-19,Future Date
purchases.csv,19708,Delivery_Date,2026-09-21,Future Date
purchases.csv,19709,Delivery_Date,2026-09-23,Future Date
purchases.csv,19710,Delivery_Date,2026-09-25,Future Date
purchases.csv,20053,Delivery_Date,2026-09-18,Future Date
purchases.csv,20062,Delivery_Date,2026-09-27,Future Date
purchases.csv,20068,Delivery_Date,2026-09-16,Future Date
purchases.csv,20069,Delivery_Date,2026-09-18,Future Date
purchases.csv,20070,Delivery_Date,2026-09-20,Future Date
purchases.csv,20071,Delivery_Date,2026-10-06,Future Date
purchases.csv,20072,Delivery_Date,2026-09-18,Future Date
purchases.csv,20073,Delivery_Date,2026-09-20,Future Date
purchases.csv,20074,Delivery_Date,2026-09-22,Future Date
purchases.csv,20075,Delivery_Date,2026-09-24,Future Date
purchases.csv,20422,Delivery_Date,2026-09-22,Future Date
purchases.csv,20431,Delivery_Date,2026-10-01,Future Date
purchases.csv,20434,Delivery_Date,2026-09-17,Future Date
purchases.csv,20435,Delivery_Date,2026-09-19,Future Date
purchases.csv,20436,Delivery_Date,2026-09-21,Future Date
purchases.csv,20437,Delivery_Date,2026-09-17,Future Date
purchases.csv,20438,Delivery_Date,2026-09-19,Future Date
purchases.csv,20439,Delivery_Date,2026-09-21,Future Date
purchases.csv,20440,Delivery_Date,2026-10-10,Future Date
purchases.csv,20782,Delivery_Date,2026-09-17,Future Date
purchases.csv,20791,Delivery_Date,2026-09-26,Future Date
purchases.csv,20796,Delivery_Date,2026-09-16,Future Date
purchases.csv,20799,Delivery_Date,2026-09-16,Future Date
purchases.csv,20800,Delivery_Date,2026-10-05,Future Date
purchases.csv,20801,Delivery_Date,2026-09-20,Future Date
purchases.csv,20802,Delivery_Date,2026-09-22,Future Date
purchases.csv,20803,Delivery_Date,2026-09-18,Future Date
purchases.csv,20804,Delivery_Date,2026-09-20,Future Date
purchases.csv,20805,Delivery_Date,2026-09-22,Future Date
purchases.csv,21151,Delivery_Date,2026-09-21,Future Date
purchases.csv,21160,Delivery_Date,2026-09-30,Future Date
purchases.csv,21162,Delivery_Date,2026-09-17,Future Date
purchases.csv,21165,Delivery_Date,2026-09-17,Future Date
purchases.csv,21166,Delivery_Date,2026-09-19,Future Date
purchases.csv,21167,Delivery_Date,2026-09-21,Future Date
purchases.csv,21168,Delivery_Date,2026-09-23,Future Date
purchases.csv,21169,Delivery_Date,2026-10-09,Future Date
purchases.csv,21170,Delivery_Date,2026-09-21,Future Date
purchases.csv,21511,Delivery_Date,2026-09-16,Future Date
purchases.csv,21520,Delivery_Date,2026-09-25,Future Date
purchases.csv,21527,Delivery_Date,2026-09-16,Future Date
purchases.csv,21528,Delivery_Date,2026-09-18,Future Date
purchases.csv,21529,Delivery_Date,2026-10-04,Future Date
purchases.csv,21530,Delivery_Date,2026-09-16,Future Date
purchases.csv,21531,Delivery_Date,2026-09-18,Future Date
purchases.csv,21532,Delivery_Date,2026-09-20,Future Date
purchases.csv,21533,Delivery_Date,2026-09-22,Future Date
purchases.csv,21534,Delivery_Date,2026-09-24,Future Date
purchases.csv,21535,Delivery_Date,2026-09-20,Future Date
purchases.csv,21880,Delivery_Date,2026-09-20,Future Date
purchases.csv,21889,Delivery_Date,2026-09-29,Future Date
purchases.csv,21893,Delivery_Date,2026-09-17,Future Date
purchases.csv,21894,Delivery_Date,2026-09-19,Future Date
purchases.csv,21896,Delivery_Date,2026-09-17,Future Date
purchases.csv,21897,Delivery_Date,2026-09-19,Future Date
purchases.csv,21898,Delivery_Date,2026-10-08,Future Date
purchases.csv,21899,Delivery_Date,2026-09-23,Future Date
purchases.csv,21900,Delivery_Date,2026-09-25,Future Date
purchases.csv,22249,Delivery_Date,2026-09-24,Future Date
purchases.csv,22258,Delivery_Date,2026-10-03,Future Date
purchases.csv,22259,Delivery_Date,2026-09-18,Future Date
purchases.csv,22260,Delivery_Date,2026-09-20,Future Date
purchases.csv,22261,Delivery_Date,2026-09-16,Future Date
purchases.csv,22262,Delivery_Date,2026-09-18,Future Date
purchases.csv,22263,Delivery_Date,2026-09-20,Future Date
purchases.csv,22264,Delivery_Date,2026-09-22,Future Date
purchases.csv,22265,Delivery_Date,2026-09-24,Future Date
purchases.csv,22609,Delivery_Date,2026-09-19,Future Date
purchases.csv,22618,Delivery_Date,2026-09-28,Future Date
purchases.csv,22624,Delivery_Date,2026-09-17,Future Date
purchases.csv,22625,Delivery_Date,2026-09-19,Future Date
purchases.csv,22626,Delivery_Date,2026-09-21,Future Date
purchases.csv,22627,Delivery_Date,2026-10-07,Future Date
purchases.csv,22628,Delivery_Date,2026-09-19,Future Date
purchases.csv,22629,Delivery_Date,2026-09-21,Future Date
purchases.csv,22630,Delivery_Date,2026-09-23,Future Date
purchases.csv,22978,Delivery_Date,2026-09-23,Future Date
purchases.csv,22986,Delivery_Date,2026-09-16,Future Date
purchases.csv,22987,Delivery_Date,2026-10-02,Future Date
purchases.csv,22989,Delivery_Date,2026-09-16,Future Date
purchases.csv,22990,Delivery_Date,2026-09-18,Future Date
purchases.csv,22991,Delivery_Date,2026-09-20,Future Date
purchases.csv,22992,Delivery_Date,2026-09-22,Future Date
purchases.csv,22993,Delivery_Date,2026-09-18,Future Date
purchases.csv,22994,Delivery_Date,2026-09-20,Future Date
purchases.csv,22995,Delivery_Date,2026-09-22,Future Date
purchases.csv,23338,Delivery_Date,2026-09-18,Future Date
purchases.csv,23347,Delivery_Date,2026-09-27,Future Date
purchases.csv,23352,Delivery_Date,2026-09-17,Future Date
purchases.csv,23355,Delivery_Date,2026-09-17,Future Date
purchases.csv,23356,Delivery_Date,2026-10-06,Future Date
purchases.csv,23357,Delivery_Date,2026-09-21,Future Date
purchases.csv,23358,Delivery_Date,2026-09-23,Future Date
purchases.csv,23359,Delivery_Date,2026-09-19,Future Date
purchases.csv,23360,Delivery_Date,2026-09-21,Future Date
purchases.csv,23707,Delivery_Date,2026-09-22,Future Date
purchases.csv,23716,Delivery_Date,2026-10-01,Future Date
purchases.csv,23717,Delivery_Date,2026-09-16,Future Date
purchases.csv,23718,Delivery_Date,2026-09-18,Future Date
purchases.csv,23720,Delivery_Date,2026-09-16,Future Date
purchases.csv,23721,Delivery_Date,2026-09-18,Future Date
purchases.csv,23722,Delivery_Date,2026-09-20,Future Date
purchases.csv,23723,Delivery_Date,2026-09-22,Future Date
purchases.csv,23724,Delivery_Date,2026-09-24,Future Date
purchases.csv,23725,Delivery_Date,2026-10-10,Future Date
purchases.csv,24067,Delivery_Date,2026-09-17,Future Date
purchases.csv,24076,Delivery_Date,2026-09-26,Future Date
purchases.csv,24083,Delivery_Date,2026-09-17,Future Date
purchases.csv,24084,Delivery_Date,2026-09-19,Future Date
purchases.csv,24085,Delivery_Date,2026-10-05,Future Date
purchases.csv,24086,Delivery_Date,2026-09-17,Future Date
purchases.csv,24087,Delivery_Date,2026-09-19,Future Date
purchases.csv,24088,Delivery_Date,2026-09-21,Future Date
purchases.csv,24089,Delivery_Date,2026-09-23,Future Date
purchases.csv,24090,Delivery_Date,2026-09-25,Future Date
purchases.csv,24436,Delivery_Date,2026-09-21,Future Date
purchases.csv,24445,Delivery_Date,2026-09-30,Future Date
purchases.csv,24448,Delivery_Date,2026-09-16,Future Date
purchases.csv,24449,Delivery_Date,2026-09-18,Future Date
purchases.csv,24450,Delivery_Date,2026-09-20,Future Date
purchases.csv,24451,Delivery_Date,2026-09-16,Future Date
purchases.csv,24452,Delivery_Date,2026-09-18,Future Date
purchases.csv,24453,Delivery_Date,2026-09-20,Future Date
purchases.csv,24454,Delivery_Date,2026-10-09,Future Date
purchases.csv,24455,Delivery_Date,2026-09-24,Future Date
purchases.csv,24796,Delivery_Date,2026-09-16,Future Date
purchases.csv,24805,Delivery_Date,2026-09-25,Future Date
purchases.csv,24814,Delivery_Date,2026-10-04,Future Date
purchases.csv,24815,Delivery_Date,2026-09-19,Future Date
purchases.csv,24816,Delivery_Date,2026-09-21,Future Date
purchases.csv,24817,Delivery_Date,2026-09-17,Future Date
purchases.csv,24818,Delivery_Date,2026-09-19,Future Date
purchases.csv,24819,Delivery_Date,2026-09-21,Future Date
purchases.csv,24820,Delivery_Date,2026-09-23,Future Date
returns.csv,2502,Return_Date,2027-05-01,Future Date
returns.csv,5003,Return_Date,2027-05-01,Future Date
returns.csv,7504,Return_Date,2027-05-01,Future Date
returns.csv,10005,Return_Date,2027-05-01,Future Date
returns.csv,12506,Return_Date,2027-05-01,Future Date
