Dataset,Source_Row,Column,Invalid_Value,Expected_Parent_Key,Issue
customer_complaints.csv,997,Customer_ID,C000997,Customer_ID,Unmatched Foreign Key
customer_complaints.csv,1994,Customer_ID,C001994,Customer_ID,Unmatched Foreign Key
customer_complaints.csv,2204,Customer_ID,C999999,Customer_ID,Unmatched Foreign Key
customer_complaints.csv,2991,Customer_ID,C002991,Customer_ID,Unmatched Foreign Key
customer_complaints.csv,3988,Customer_ID,C003988,Customer_ID,Unmatched Foreign Key
customer_complaints.csv,4407,Customer_ID,C999999,Customer_ID,Unmatched Foreign Key
customer_complaints.csv,4985,Customer_ID,C004985,Customer_ID,Unmatched Foreign Key
customer_complaints.csv,5982,Customer_ID,C005982,Customer_ID,Unmatched Foreign Key
customer_complaints.csv,6610,Customer_ID,C999999,Customer_ID,Unmatched Foreign Key
customer_complaints.csv,6979,Customer_ID,C006979,Customer_ID,Unmatched Foreign Key
customer_complaints.csv,7976,Customer_ID,C007976,Customer_ID,Unmatched Foreign Key
customer_complaints.csv,8813,Customer_ID,C999999,Customer_ID,Unmatched Foreign Key
customer_complaints.csv,8973,Customer_ID,C008973,Customer_ID,Unmatched Foreign Key
customer_complaints.csv,9970,Customer_ID,C009970,Customer_ID,Unmatched Foreign Key
employee_attendance.csv,251,Employee_ID,E00251,Employee_ID,Unmatched Foreign Key
employee_attendance.csv,751,Employee_ID,E00251,Employee_ID,Unmatched Foreign Key
employee_attendance.csv,1251,Employee_ID,E00251,Employee_ID,Unmatched Foreign Key
employee_attendance.csv,1751,Employee_ID,E00251,Employee_ID,Unmatched Foreign Key
employee_attendance.csv,2251,Employee_ID,E00251,Employee_ID,Unmatched Foreign Key
employee_attendance.csv,2751,Employee_ID,E00251,Employee_ID,Unmatched Foreign Key
employee_attendance.csv,3002,Employee_ID,E99999,Employee_ID,Unmatched Foreign Key
employee_attendance.csv,3251,Employee_ID,E00251,Employee_ID,Unmatched Foreign Key
employee_attendance.csv,3751,Employee_ID,E00251,Employee_ID,Unmatched Foreign Key
employee_attendance.csv,4251,Employee_ID,E00251,Employee_ID,Unmatched Foreign Key
employee_attendance.csv,4751,Employee_ID,E00251,Employee_ID,Unmatched Foreign Key
employee_attendance.csv,5251,Employee_ID,E00251,Employee_ID,Unmatched Foreign Key
employee_attendance.csv,5751,Employee_ID,E00251,Employee_ID,Unmatched Foreign Key
employee_attendance.csv,6003,Employee_ID,E99999,Employee_ID,Unmatched Foreign Key
employee_attendance.csv,6251,Employee_ID,E00251,Employee_ID,Unmatched Foreign Key
employee_attendance.csv,6751,Employee_ID,E00251,Employee_ID,Unmatched Foreign Key
employee_attendance.csv,7251,Employee_ID,E00251,Employee_ID,Unmatched Foreign Key
employee_attendance.csv,7751,Employee_ID,E00251,Employee_ID,Unmatched Foreign Key
employee_attendance.csv,8251,Employee_ID,E00251,Employee_ID,Unmatched Foreign Key
employee_attendance.csv,8751,Employee_ID,E00251,Employee_ID,Unmatched Foreign Key
employee_attendance.csv,9004,Employee_ID,E99999,Employee_ID,Unmatched Foreign Key
employee_attendance.csv,9251,Employee_ID,E00251,Employee_ID,Unmatched Foreign Key
employee_attendance.csv,9751,Employee_ID,E00251,Employee_ID,Unmatched Foreign Key
employee_attendance.csv,10251,Employee_ID,E00251,Employee_ID,Unmatched Foreign Key
employee_attendance.csv,10751,Employee_ID,E00251,Employee_ID,Unmatched Foreign Key
employee_attendance.csv,11251,Employee_ID,E00251,Employee_ID,Unmatched Foreign Key
employee_attendance.csv,11751,Employee_ID,E00251,Employee_ID,Unmatched Foreign Key
employee_attendance.csv,12005,Employee_ID,E99999,Employee_ID,Unmatched Foreign Key
employee_attendance.csv,12251,Employee_ID,E00251,Employee_ID,Unmatched Foreign Key
employee_attendance.csv,12751,Employee_ID,E00251,Employee_ID,Unmatched Foreign Key
employee_attendance.csv,13251,Employee_ID,E00251,Employee_ID,Unmatched Foreign Key
employee_attendance.csv,13751,Employee_ID,E00251,Employee_ID,Unmatched Foreign Key
employee_attendance.csv,14251,Employee_ID,E00251,Employee_ID,Unmatched Foreign Key
employee_attendance.csv,14751,Employee_ID,E00251,Employee_ID,Unmatched Foreign Key
employee_attendance.csv,15006,Employee_ID,E99999,Employee_ID,Unmatched Foreign Key
employee_attendance.csv,15251,Employee_ID,E00251,Employee_ID,Unmatched Foreign Key
employee_attendance.csv,15751,Employee_ID,E00251,Employee_ID,Unmatched Foreign Key
employee_attendance.csv,16251,Employee_ID,E00251,Employee_ID,Unmatched Foreign Key
employee_attendance.csv,16751,Employee_ID,E00251,Employee_ID,Unmatched Foreign Key
employee_attendance.csv,17251,Employee_ID,E00251,Employee_ID,Unmatched Foreign Key
employee_attendance.csv,17751,Employee_ID,E00251,Employee_ID,Unmatched Foreign Key
employee_attendance.csv,18007,Employee_ID,E99999,Employee_ID,Unmatched Foreign Key
employee_attendance.csv,18251,Employee_ID,E00251,Employee_ID,Unmatched Foreign Key
employee_attendance.csv,18751,Employee_ID,E00251,Employee_ID,Unmatched Foreign Key
employee_attendance.csv,19251,Employee_ID,E00251,Employee_ID,Unmatched Foreign Key
employee_attendance.csv,19751,Employee_ID,E00251,Employee_ID,Unmatched Foreign Key
employee_attendance.csv,20251,Employee_ID,E00251,Employee_ID,Unmatched Foreign Key
employee_attendance.csv,20751,Employee_ID,E00251,Employee_ID,Unmatched Foreign Key
employee_attendance.csv,21008,Employee_ID,E99999,Employee_ID,Unmatched Foreign Key
employee_attendance.csv,21251,Employee_ID,E00251,Employee_ID,Unmatched Foreign Key
employee_attendance.csv,21751,Employee_ID,E00251,Employee_ID,Unmatched Foreign Key
employee_attendance.csv,22251,Employee_ID,E00251,Employee_ID,Unmatched Foreign Key
employee_attendance.csv,22751,Employee_ID,E00251,Employee_ID,Unmatched Foreign Key
employee_attendance.csv,23251,Employee_ID,E00251,Employee_ID,Unmatched Foreign Key
employee_attendance.csv,23751,Employee_ID,E00251,Employee_ID,Unmatched Foreign Key
employee_attendance.csv,24009,Employee_ID,E99999,Employee_ID,Unmatched Foreign Key
employee_attendance.csv,24251,Employee_ID,E00251,Employee_ID,Unmatched Foreign Key
employee_attendance.csv,24751,Employee_ID,E00251,Employee_ID,Unmatched Foreign Key
employee_attendance.csv,25251,Employee_ID,E00251,Employee_ID,Unmatched Foreign Key
employee_attendance.csv,25751,Employee_ID,E00251,Employee_ID,Unmatched Foreign Key
employee_attendance.csv,26251,Employee_ID,E00251,Employee_ID,Unmatched Foreign Key
employee_attendance.csv,26751,Employee_ID,E00251,Employee_ID,Unmatched Foreign Key
employee_attendance.csv,27010,Employee_ID,E99999,Employee_ID,Unmatched Foreign Key
employee_attendance.csv,27251,Employee_ID,E00251,Employee_ID,Unmatched Foreign Key
employee_attendance.csv,27751,Employee_ID,E00251,Employee_ID,Unmatched Foreign Key
employee_attendance.csv,28251,Employee_ID,E00251,Employee_ID,Unmatched Foreign Key
employee_attendance.csv,28751,Employee_ID,E00251,Employee_ID,Unmatched Foreign Key
employee_attendance.csv,29251,Employee_ID,E00251,Employee_ID,Unmatched Foreign Key
employee_attendance.csv,29751,Employee_ID,E00251,Employee_ID,Unmatched Foreign Key
employee_attendance.csv,30011,Employee_ID,E99999,Employee_ID,Unmatched Foreign Key
employee_attendance.csv,30251,Employee_ID,E00251,Employee_ID,Unmatched Foreign Key
employee_attendance.csv,30751,Employee_ID,E00251,Employee_ID,Unmatched Foreign Key
employee_attendance.csv,31251,Employee_ID,E00251,Employee_ID,Unmatched Foreign Key
employee_attendance.csv,31751,Employee_ID,E00251,Employee_ID,Unmatched Foreign Key
employee_attendance.csv,32251,Employee_ID,E00251,Employee_ID,Unmatched Foreign Key
employee_attendance.csv,32751,Employee_ID,E00251,Employee_ID,Unmatched Foreign Key
employee_attendance.csv,33012,Employee_ID,E99999,Employee_ID,Unmatched Foreign Key
employee_attendance.csv,33251,Employee_ID,E00251,Employee_ID,Unmatched Foreign Key
employee_attendance.csv,33751,Employee_ID,E00251,Employee_ID,Unmatched Foreign Key
employee_attendance.csv,34251,Employee_ID,E00251,Employee_ID,Unmatched Foreign Key
employee_attendance.csv,34751,Employee_ID,E00251,Employee_ID,Unmatched Foreign Key
employee_attendance.csv,35251,Employee_ID,E00251,Employee_ID,Unmatched Foreign Key
employee_attendance.csv,35751,Employee_ID,E00251,Employee_ID,Unmatched Foreign Key
employee_attendance.csv,36013,Employee_ID,E99999,Employee_ID,Unmatched Foreign Key
employee_attendance.csv,36251,Employee_ID,E00251,Employee_ID,Unmatched Foreign Key
employee_attendance.csv,36751,Employee_ID,E00251,Employee_ID,Unmatched Foreign Key
employee_attendance.csv,37251,Employee_ID,E00251,Employee_ID,Unmatched Foreign Key
employee_attendance.csv,37751,Employee_ID,E00251,Employee_ID,Unmatched Foreign Key
employee_attendance.csv,38251,Employee_ID,E00251,Employee_ID,Unmatched Foreign Key
employee_attendance.csv,38751,Employee_ID,E00251,Employee_ID,Unmatched Foreign Key
employee_attendance.csv,39014,Employee_ID,E99999,Employee_ID,Unmatched Foreign Key
employee_attendance.csv,39251,Employee_ID,E00251,Employee_ID,Unmatched Foreign Key
employee_attendance.csv,39751,Employee_ID,E00251,Employee_ID,Unmatched Foreign Key
employee_attendance.csv,40251,Employee_ID,E00251,Employee_ID,Unmatched Foreign Key
employee_attendance.csv,40751,Employee_ID,E00251,Employee_ID,Unmatched Foreign Key
employee_attendance.csv,41251,Employee_ID,E00251,Employee_ID,Unmatched Foreign Key
employee_attendance.csv,41751,Employee_ID,E00251,Employee_ID,Unmatched Foreign Key
employee_attendance.csv,42015,Employee_ID,E99999,Employee_ID,Unmatched Foreign Key
employee_attendance.csv,42251,Employee_ID,E00251,Employee_ID,Unmatched Foreign Key
employee_attendance.csv,42751,Employee_ID,E00251,Employee_ID,Unmatched Foreign Key
employee_attendance.csv,43251,Employee_ID,E00251,Employee_ID,Unmatched Foreign Key
employee_attendance.csv,43751,Employee_ID,E00251,Employee_ID,Unmatched Foreign Key
employee_attendance.csv,44251,Employee_ID,E00251,Employee_ID,Unmatched Foreign Key
employee_attendance.csv,44751,Employee_ID,E00251,Employee_ID,Unmatched Foreign Key
employee_attendance.csv,45016,Employee_ID,E99999,Employee_ID,Unmatched Foreign Key
employee_attendance.csv,45251,Employee_ID,E00251,Employee_ID,Unmatched Foreign Key
employee_attendance.csv,45751,Employee_ID,E00251,Employee_ID,Unmatched Foreign Key
employee_attendance.csv,46251,Employee_ID,E00251,Employee_ID,Unmatched Foreign Key
employee_attendance.csv,46751,Employee_ID,E00251,Employee_ID,Unmatched Foreign Key
employee_attendance.csv,47251,Employee_ID,E00251,Employee_ID,Unmatched Foreign Key
employee_attendance.csv,47751,Employee_ID,E00251,Employee_ID,Unmatched Foreign Key
employee_attendance.csv,48017,Employee_ID,E99999,Employee_ID,Unmatched Foreign Key
employee_attendance.csv,48251,Employee_ID,E00251,Employee_ID,Unmatched Foreign Key
employee_attendance.csv,48751,Employee_ID,E00251,Employee_ID,Unmatched Foreign Key
employee_attendance.csv,49251,Employee_ID,E00251,Employee_ID,Unmatched Foreign Key
employee_attendance.csv,49751,Employee_ID,E00251,Employee_ID,Unmatched Foreign Key
inventory.csv,499,Product_ID,P00499,Product_ID,Unmatched Foreign Key
inventory.csv,998,Product_ID,P00998,Product_ID,Unmatched Foreign Key
inventory.csv,1499,Product_ID,P00499,Product_ID,Unmatched Foreign Key
inventory.csv,1998,Product_ID,P00998,Product_ID,Unmatched Foreign Key
inventory.csv,2499,Product_ID,P00499,Product_ID,Unmatched Foreign Key
inventory.csv,2998,Product_ID,P00998,Product_ID,Unmatched Foreign Key
inventory.csv,3499,Product_ID,P00499,Product_ID,Unmatched Foreign Key
inventory.csv,3998,Product_ID,P00998,Product_ID,Unmatched Foreign Key
inventory.csv,4499,Product_ID,P00499,Product_ID,Unmatched Foreign Key
inventory.csv,4998,Product_ID,P00998,Product_ID,Unmatched Foreign Key
inventory.csv,5499,Product_ID,P00499,Product_ID,Unmatched Foreign Key
inventory.csv,5998,Product_ID,P00998,Product_ID,Unmatched Foreign Key
inventory.csv,6499,Product_ID,P00499,Product_ID,Unmatched Foreign Key
inventory.csv,6998,Product_ID,P00998,Product_ID,Unmatched Foreign Key
inventory.csv,7499,Product_ID,P00499,Product_ID,Unmatched Foreign Key
inventory.csv,7998,Product_ID,P00998,Product_ID,Unmatched Foreign Key
inventory.csv,8499,Product_ID,P00499,Product_ID,Unmatched Foreign Key
inventory.csv,8998,Product_ID,P00998,Product_ID,Unmatched Foreign Key
inventory.csv,9499,Product_ID,P00499,Product_ID,Unmatched Foreign Key
inventory.csv,9998,Product_ID,P00998,Product_ID,Unmatched Foreign Key
inventory.csv,10499,Product_ID,P00499,Product_ID,Unmatched Foreign Key
inventory.csv,10998,Product_ID,P00998,Product_ID,Unmatched Foreign Key
inventory.csv,11499,Product_ID,P00499,Product_ID,Unmatched Foreign Key
inventory.csv,11998,Product_ID,P00998,Product_ID,Unmatched Foreign Key
inventory.csv,12499,Product_ID,P00499,Product_ID,Unmatched Foreign Key
inventory.csv,12998,Product_ID,P00998,Product_ID,Unmatched Foreign Key
inventory.csv,13499,Product_ID,P00499,Product_ID,Unmatched Foreign Key
inventory.csv,13998,Product_ID,P00998,Product_ID,Unmatched Foreign Key
inventory.csv,14499,Product_ID,P00499,Product_ID,Unmatched Foreign Key
inventory.csv,14998,Product_ID,P00998,Product_ID,Unmatched Foreign Key
inventory.csv,15499,Product_ID,P00499,Product_ID,Unmatched Foreign Key
inventory.csv,15998,Product_ID,P00998,Product_ID,Unmatched Foreign Key
inventory.csv,16499,Product_ID,P00499,Product_ID,Unmatched Foreign Key
inventory.csv,16998,Product_ID,P00998,Product_ID,Unmatched Foreign Key
inventory.csv,17499,Product_ID,P00499,Product_ID,Unmatched Foreign Key
inventory.csv,17998,Product_ID,P00998,Product_ID,Unmatched Foreign Key
inventory.csv,18499,Product_ID,P00499,Product_ID,Unmatched Foreign Key
inventory.csv,18998,Product_ID,P00998,Product_ID,Unmatched Foreign Key
inventory.csv,19499,Product_ID,P00499,Product_ID,Unmatched Foreign Key
inventory.csv,19998,Product_ID,P00998,Product_ID,Unmatched Foreign Key
inventory.csv,20499,Product_ID,P00499,Product_ID,Unmatched Foreign Key
inventory.csv,20998,Product_ID,P00998,Product_ID,Unmatched Foreign Key
inventory.csv,21499,Product_ID,P00499,Product_ID,Unmatched Foreign Key
inventory.csv,21998,Product_ID,P00998,Product_ID,Unmatched Foreign Key
inventory.csv,22499,Product_ID,P00499,Product_ID,Unmatched Foreign Key
inventory.csv,22998,Product_ID,P00998,Product_ID,Unmatched Foreign Key
inventory.csv,23499,Product_ID,P00499,Product_ID,Unmatched Foreign Key
inventory.csv,23998,Product_ID,P00998,Product_ID,Unmatched Foreign Key
inventory.csv,24499,Product_ID,P00499,Product_ID,Unmatched Foreign Key
inventory.csv,24998,Product_ID,P00998,Product_ID,Unmatched Foreign Key
inventory.csv,25499,Product_ID,P00499,Product_ID,Unmatched Foreign Key
inventory.csv,25998,Product_ID,P00998,Product_ID,Unmatched Foreign Key
inventory.csv,26499,Product_ID,P00499,Product_ID,Unmatched Foreign Key
inventory.csv,26998,Product_ID,P00998,Product_ID,Unmatched Foreign Key
inventory.csv,27499,Product_ID,P00499,Product_ID,Unmatched Foreign Key
inventory.csv,27998,Product_ID,P00998,Product_ID,Unmatched Foreign Key
inventory.csv,28499,Product_ID,P00499,Product_ID,Unmatched Foreign Key
inventory.csv,28998,Product_ID,P00998,Product_ID,Unmatched Foreign Key
inventory.csv,29499,Product_ID,P00499,Product_ID,Unmatched Foreign Key
inventory.csv,29998,Product_ID,P00998,Product_ID,Unmatched Foreign Key
inventory.csv,30499,Product_ID,P00499,Product_ID,Unmatched Foreign Key
inventory.csv,30998,Product_ID,P00998,Product_ID,Unmatched Foreign Key
inventory.csv,31499,Product_ID,P00499,Product_ID,Unmatched Foreign Key
inventory.csv,31998,Product_ID,P00998,Product_ID,Unmatched Foreign Key
inventory.csv,32499,Product_ID,P00499,Product_ID,Unmatched Foreign Key
inventory.csv,32998,Product_ID,P00998,Product_ID,Unmatched Foreign Key
inventory.csv,33499,Product_ID,P00499,Product_ID,Unmatched Foreign Key
inventory.csv,33998,Product_ID,P00998,Product_ID,Unmatched Foreign Key
inventory.csv,34499,Product_ID,P00499,Product_ID,Unmatched Foreign Key
inventory.csv,34998,Product_ID,P00998,Product_ID,Unmatched Foreign Key
inventory.csv,35499,Product_ID,P00499,Product_ID,Unmatched Foreign Key
inventory.csv,35998,Product_ID,P00998,Product_ID,Unmatched Foreign Key
inventory.csv,36499,Product_ID,P00499,Product_ID,Unmatched Foreign Key
inventory.csv,36998,Product_ID,P00998,Product_ID,Unmatched Foreign Key
inventory.csv,37499,Product_ID,P00499,Product_ID,Unmatched Foreign Key
inventory.csv,37998,Product_ID,P00998,Product_ID,Unmatched Foreign Key
inventory.csv,38499,Product_ID,P00499,Product_ID,Unmatched Foreign Key
inventory.csv,38998,Product_ID,P00998,Product_ID,Unmatched Foreign Key
inventory.csv,39499,Product_ID,P00499,Product_ID,Unmatched Foreign Key
inventory.csv,39998,Product_ID,P00998,Product_ID,Unmatched Foreign Key
inventory.csv,40499,Product_ID,P00499,Product_ID,Unmatched Foreign Key
inventory.csv,40998,Product_ID,P00998,Product_ID,Unmatched Foreign Key
inventory.csv,41499,Product_ID,P00499,Product_ID,Unmatched Foreign Key
inventory.csv,41998,Product_ID,P00998,Product_ID,Unmatched Foreign Key
inventory.csv,42499,Product_ID,P00499,Product_ID,Unmatched Foreign Key
inventory.csv,42998,Product_ID,P00998,Product_ID,Unmatched Foreign Key
inventory.csv,43499,Product_ID,P00499,Product_ID,Unmatched Foreign Key
inventory.csv,43998,Product_ID,P00998,Product_ID,Unmatched Foreign Key
inventory.csv,44499,Product_ID,P00499,Product_ID,Unmatched Foreign Key
inventory.csv,44998,Product_ID,P00998,Product_ID,Unmatched Foreign Key
inventory.csv,45499,Product_ID,P00499,Product_ID,Unmatched Foreign Key
inventory.csv,45998,Product_ID,P00998,Product_ID,Unmatched Foreign Key
inventory.csv,46499,Product_ID,P00499,Product_ID,Unmatched Foreign Key
inventory.csv,46998,Product_ID,P00998,Product_ID,Unmatched Foreign Key
inventory.csv,47499,Product_ID,P00499,Product_ID,Unmatched Foreign Key
inventory.csv,47998,Product_ID,P00998,Product_ID,Unmatched Foreign Key
inventory.csv,48499,Product_ID,P00499,Product_ID,Unmatched Foreign Key
inventory.csv,48998,Product_ID,P00998,Product_ID,Unmatched Foreign Key
inventory.csv,49499,Product_ID,P00499,Product_ID,Unmatched Foreign Key
inventory.csv,49998,Product_ID,P00998,Product_ID,Unmatched Foreign Key
inventory.csv,50499,Product_ID,P00499,Product_ID,Unmatched Foreign Key
inventory.csv,50998,Product_ID,P00998,Product_ID,Unmatched Foreign Key
inventory.csv,51499,Product_ID,P00499,Product_ID,Unmatched Foreign Key
inventory.csv,51998,Product_ID,P00998,Product_ID,Unmatched Foreign Key
inventory.csv,52499,Product_ID,P00499,Product_ID,Unmatched Foreign Key
inventory.csv,52998,Product_ID,P00998,Product_ID,Unmatched Foreign Key
inventory.csv,53499,Product_ID,P00499,Product_ID,Unmatched Foreign Key
inventory.csv,53998,Product_ID,P00998,Product_ID,Unmatched Foreign Key
inventory.csv,54499,Product_ID,P00499,Product_ID,Unmatched Foreign Key
inventory.csv,54998,Product_ID,P00998,Product_ID,Unmatched Foreign Key
inventory.csv,55499,Product_ID,P00499,Product_ID,Unmatched Foreign Key
inventory.csv,55998,Product_ID,P00998,Product_ID,Unmatched Foreign Key
inventory.csv,56499,Product_ID,P00499,Product_ID,Unmatched Foreign Key
inventory.csv,56998,Product_ID,P00998,Product_ID,Unmatched Foreign Key
inventory.csv,57499,Product_ID,P00499,Product_ID,Unmatched Foreign Key
inventory.csv,57998,Product_ID,P00998,Product_ID,Unmatched Foreign Key
inventory.csv,58499,Product_ID,P00499,Product_ID,Unmatched Foreign Key
inventory.csv,58998,Product_ID,P00998,Product_ID,Unmatched Foreign Key
inventory.csv,59499,Product_ID,P00499,Product_ID,Unmatched Foreign Key
inventory.csv,59998,Product_ID,P00998,Product_ID,Unmatched Foreign Key
inventory.csv,60499,Product_ID,P00499,Product_ID,Unmatched Foreign Key
inventory.csv,60998,Product_ID,P00998,Product_ID,Unmatched Foreign Key
inventory.csv,61499,Product_ID,P00499,Product_ID,Unmatched Foreign Key
inventory.csv,61998,Product_ID,P00998,Product_ID,Unmatched Foreign Key
inventory.csv,62499,Product_ID,P00499,Product_ID,Unmatched Foreign Key
inventory.csv,62998,Product_ID,P00998,Product_ID,Unmatched Foreign Key
inventory.csv,63499,Product_ID,P00499,Product_ID,Unmatched Foreign Key
inventory.csv,63998,Product_ID,P00998,Product_ID,Unmatched Foreign Key
inventory.csv,64499,Product_ID,P00499,Product_ID,Unmatched Foreign Key
inventory.csv,64998,Product_ID,P00998,Product_ID,Unmatched Foreign Key
inventory.csv,65499,Product_ID,P00499,Product_ID,Unmatched Foreign Key
inventory.csv,65998,Product_ID,P00998,Product_ID,Unmatched Foreign Key
inventory.csv,66499,Product_ID,P00499,Product_ID,Unmatched Foreign Key
inventory.csv,66998,Product_ID,P00998,Product_ID,Unmatched Foreign Key
inventory.csv,67499,Product_ID,P00499,Product_ID,Unmatched Foreign Key
inventory.csv,67998,Product_ID,P00998,Product_ID,Unmatched Foreign Key
inventory.csv,68499,Product_ID,P00499,Product_ID,Unmatched Foreign Key
inventory.csv,68998,Product_ID,P00998,Product_ID,Unmatched Foreign Key
inventory.csv,69499,Product_ID,P00499,Product_ID,Unmatched Foreign Key
inventory.csv,69998,Product_ID,P00998,Product_ID,Unmatched Foreign Key
inventory.csv,70499,Product_ID,P00499,Product_ID,Unmatched Foreign Key
inventory.csv,70998,Product_ID,P00998,Product_ID,Unmatched Foreign Key
inventory.csv,71499,Product_ID,P00499,Product_ID,Unmatched Foreign Key
inventory.csv,71998,Product_ID,P00998,Product_ID,Unmatched Foreign Key
inventory.csv,72499,Product_ID,P00499,Product_ID,Unmatched Foreign Key
inventory.csv,72998,Product_ID,P00998,Product_ID,Unmatched Foreign Key
inventory.csv,73499,Product_ID,P00499,Product_ID,Unmatched Foreign Key
inventory.csv,73998,Product_ID,P00998,Product_ID,Unmatched Foreign Key
inventory.csv,74499,Product_ID,P00499,Product_ID,Unmatched Foreign Key
inventory.csv,74998,Product_ID,P00998,Product_ID,Unmatched Foreign Key
inventory.csv,75499,Product_ID,P00499,Product_ID,Unmatched Foreign Key
inventory.csv,75998,Product_ID,P00998,Product_ID,Unmatched Foreign Key
inventory.csv,76499,Product_ID,P00499,Product_ID,Unmatched Foreign Key
inventory.csv,76998,Product_ID,P00998,Product_ID,Unmatched Foreign Key
inventory.csv,77499,Product_ID,P00499,Product_ID,Unmatched Foreign Key
inventory.csv,77998,Product_ID,P00998,Product_ID,Unmatched Foreign Key
inventory.csv,78499,Product_ID,P00499,Product_ID,Unmatched Foreign Key
inventory.csv,78998,Product_ID,P00998,Product_ID,Unmatched Foreign Key
inventory.csv,79499,Product_ID,P00499,Product_ID,Unmatched Foreign Key
inventory.csv,79998,Product_ID,P00998,Product_ID,Unmatched Foreign Key
inventory.csv,80499,Product_ID,P00499,Product_ID,Unmatched Foreign Key
inventory.csv,80998,Product_ID,P00998,Product_ID,Unmatched Foreign Key
inventory.csv,81499,Product_ID,P00499,Product_ID,Unmatched Foreign Key
inventory.csv,81998,Product_ID,P00998,Product_ID,Unmatched Foreign Key
inventory.csv,82499,Product_ID,P00499,Product_ID,Unmatched Foreign Key
inventory.csv,82998,Product_ID,P00998,Product_ID,Unmatched Foreign Key
inventory.csv,83499,Product_ID,P00499,Product_ID,Unmatched Foreign Key
inventory.csv,83998,Product_ID,P00998,Product_ID,Unmatched Foreign Key
inventory.csv,84499,Product_ID,P00499,Product_ID,Unmatched Foreign Key
inventory.csv,84998,Product_ID,P00998,Product_ID,Unmatched Foreign Key
inventory.csv,85499,Product_ID,P00499,Product_ID,Unmatched Foreign Key
inventory.csv,85998,Product_ID,P00998,Product_ID,Unmatched Foreign Key
inventory.csv,86499,Product_ID,P00499,Product_ID,Unmatched Foreign Key
inventory.csv,86998,Product_ID,P00998,Product_ID,Unmatched Foreign Key
inventory.csv,87499,Product_ID,P00499,Product_ID,Unmatched Foreign Key
inventory.csv,87998,Product_ID,P00998,Product_ID,Unmatched Foreign Key
inventory.csv,88499,Product_ID,P00499,Product_ID,Unmatched Foreign Key
inventory.csv,88998,Product_ID,P00998,Product_ID,Unmatched Foreign Key
inventory.csv,89499,Product_ID,P00499,Product_ID,Unmatched Foreign Key
inventory.csv,89998,Product_ID,P00998,Product_ID,Unmatched Foreign Key
inventory.csv,90499,Product_ID,P00499,Product_ID,Unmatched Foreign Key
inventory.csv,90998,Product_ID,P00998,Product_ID,Unmatched Foreign Key
inventory.csv,91499,Product_ID,P00499,Product_ID,Unmatched Foreign Key
inventory.csv,91998,Product_ID,P00998,Product_ID,Unmatched Foreign Key
inventory.csv,92499,Product_ID,P00499,Product_ID,Unmatched Foreign Key
inventory.csv,92998,Product_ID,P00998,Product_ID,Unmatched Foreign Key
inventory.csv,93499,Product_ID,P00499,Product_ID,Unmatched Foreign Key
inventory.csv,93998,Product_ID,P00998,Product_ID,Unmatched Foreign Key
inventory.csv,94499,Product_ID,P00499,Product_ID,Unmatched Foreign Key
inventory.csv,94998,Product_ID,P00998,Product_ID,Unmatched Foreign Key
inventory.csv,95499,Product_ID,P00499,Product_ID,Unmatched Foreign Key
inventory.csv,95998,Product_ID,P00998,Product_ID,Unmatched Foreign Key
inventory.csv,96499,Product_ID,P00499,Product_ID,Unmatched Foreign Key
inventory.csv,96998,Product_ID,P00998,Product_ID,Unmatched Foreign Key
inventory.csv,97499,Product_ID,P00499,Product_ID,Unmatched Foreign Key
inventory.csv,97998,Product_ID,P00998,Product_ID,Unmatched Foreign Key
inventory.csv,98499,Product_ID,P00499,Product_ID,Unmatched Foreign Key
inventory.csv,98998,Product_ID,P00998,Product_ID,Unmatched Foreign Key
inventory.csv,99499,Product_ID,P00499,Product_ID,Unmatched Foreign Key
inventory.csv,99998,Product_ID,P00998,Product_ID,Unmatched Foreign Key
inventory.csv,100499,Product_ID,P00499,Product_ID,Unmatched Foreign Key
inventory.csv,100998,Product_ID,P00998,Product_ID,Unmatched Foreign Key
inventory.csv,101499,Product_ID,P00499,Product_ID,Unmatched Foreign Key
inventory.csv,101998,Product_ID,P00998,Product_ID,Unmatched Foreign Key
inventory.csv,102499,Product_ID,P00499,Product_ID,Unmatched Foreign Key
inventory.csv,102998,Product_ID,P00998,Product_ID,Unmatched Foreign Key
inventory.csv,103499,Product_ID,P00499,Product_ID,Unmatched Foreign Key
inventory.csv,103998,Product_ID,P00998,Product_ID,Unmatched Foreign Key
inventory.csv,104499,Product_ID,P00499,Product_ID,Unmatched Foreign Key
inventory.csv,104998,Product_ID,P00998,Product_ID,Unmatched Foreign Key
inventory.csv,105499,Product_ID,P00499,Product_ID,Unmatched Foreign Key
inventory.csv,105998,Product_ID,P00998,Product_ID,Unmatched Foreign Key
inventory.csv,106499,Product_ID,P00499,Product_ID,Unmatched Foreign Key
inventory.csv,106998,Product_ID,P00998,Product_ID,Unmatched Foreign Key
inventory.csv,107499,Product_ID,P00499,Product_ID,Unmatched Foreign Key
inventory.csv,107998,Product_ID,P00998,Product_ID,Unmatched Foreign Key
inventory.csv,108499,Product_ID,P00499,Product_ID,Unmatched Foreign Key
inventory.csv,108998,Product_ID,P00998,Product_ID,Unmatched Foreign Key
inventory.csv,109499,Product_ID,P00499,Product_ID,Unmatched Foreign Key
inventory.csv,109998,Product_ID,P00998,Product_ID,Unmatched Foreign Key
inventory.csv,110499,Product_ID,P00499,Product_ID,Unmatched Foreign Key
inventory.csv,110998,Product_ID,P00998,Product_ID,Unmatched Foreign Key
inventory.csv,111499,Product_ID,P00499,Product_ID,Unmatched Foreign Key
inventory.csv,111998,Product_ID,P00998,Product_ID,Unmatched Foreign Key
inventory.csv,112499,Product_ID,P00499,Product_ID,Unmatched Foreign Key
inventory.csv,112998,Product_ID,P00998,Product_ID,Unmatched Foreign Key
inventory.csv,113499,Product_ID,P00499,Product_ID,Unmatched Foreign Key
inventory.csv,113998,Product_ID,P00998,Product_ID,Unmatched Foreign Key
inventory.csv,114499,Product_ID,P00499,Product_ID,Unmatched Foreign Key
inventory.csv,114998,Product_ID,P00998,Product_ID,Unmatched Foreign Key
inventory.csv,115499,Product_ID,P00499,Product_ID,Unmatched Foreign Key
inventory.csv,115998,Product_ID,P00998,Product_ID,Unmatched Foreign Key
inventory.csv,116499,Product_ID,P00499,Product_ID,Unmatched Foreign Key
inventory.csv,116998,Product_ID,P00998,Product_ID,Unmatched Foreign Key
inventory.csv,117499,Product_ID,P00499,Product_ID,Unmatched Foreign Key
inventory.csv,117998,Product_ID,P00998,Product_ID,Unmatched Foreign Key
inventory.csv,118499,Product_ID,P00499,Product_ID,Unmatched Foreign Key
inventory.csv,118998,Product_ID,P00998,Product_ID,Unmatched Foreign Key
inventory.csv,119499,Product_ID,P00499,Product_ID,Unmatched Foreign Key
inventory.csv,119998,Product_ID,P00998,Product_ID,Unmatched Foreign Key
invoices.csv,10008,Order_ID,O0010007,Order_ID,Unmatched Foreign Key
invoices.csv,20015,Order_ID,O0020014,Order_ID,Unmatched Foreign Key
invoices.csv,30022,Order_ID,O0030021,Order_ID,Unmatched Foreign Key
invoices.csv,40029,Order_ID,O0040028,Order_ID,Unmatched Foreign Key
invoices.csv,50036,Order_ID,O0050035,Order_ID,Unmatched Foreign Key
invoices.csv,60043,Order_ID,O0060042,Order_ID,Unmatched Foreign Key
invoices.csv,70050,Order_ID,O0070049,Order_ID,Unmatched Foreign Key
invoices.csv,80057,Order_ID,O0080056,Order_ID,Unmatched Foreign Key
invoices.csv,90064,Order_ID,O0090063,Order_ID,Unmatched Foreign Key
invoices.csv,997,Customer_ID,C000997,Customer_ID,Unmatched Foreign Key
invoices.csv,1994,Customer_ID,C001994,Customer_ID,Unmatched Foreign Key
invoices.csv,2991,Customer_ID,C002991,Customer_ID,Unmatched Foreign Key
invoices.csv,3988,Customer_ID,C003988,Customer_ID,Unmatched Foreign Key
invoices.csv,4985,Customer_ID,C004985,Customer_ID,Unmatched Foreign Key
invoices.csv,5982,Customer_ID,C005982,Customer_ID,Unmatched Foreign Key
invoices.csv,6979,Customer_ID,C006979,Customer_ID,Unmatched Foreign Key
invoices.csv,7976,Customer_ID,C007976,Customer_ID,Unmatched Foreign Key
invoices.csv,8973,Customer_ID,C008973,Customer_ID,Unmatched Foreign Key
invoices.csv,9970,Customer_ID,C009970,Customer_ID,Unmatched Foreign Key
invoices.csv,10967,Customer_ID,C010967,Customer_ID,Unmatched Foreign Key
invoices.csv,11964,Customer_ID,C011964,Customer_ID,Unmatched Foreign Key
invoices.csv,12961,Customer_ID,C012961,Customer_ID,Unmatched Foreign Key
invoices.csv,13958,Customer_ID,C013958,Customer_ID,Unmatched Foreign Key
invoices.csv,14955,Customer_ID,C014955,Customer_ID,Unmatched Foreign Key
invoices.csv,15952,Customer_ID,C015952,Customer_ID,Unmatched Foreign Key
invoices.csv,16949,Customer_ID,C016949,Customer_ID,Unmatched Foreign Key
invoices.csv,17946,Customer_ID,C017946,Customer_ID,Unmatched Foreign Key
invoices.csv,18943,Customer_ID,C018943,Customer_ID,Unmatched Foreign Key
invoices.csv,19940,Customer_ID,C019940,Customer_ID,Unmatched Foreign Key
invoices.csv,20997,Customer_ID,C000997,Customer_ID,Unmatched Foreign Key
invoices.csv,21994,Customer_ID,C001994,Customer_ID,Unmatched Foreign Key
invoices.csv,22991,Customer_ID,C002991,Customer_ID,Unmatched Foreign Key
invoices.csv,23988,Customer_ID,C003988,Customer_ID,Unmatched Foreign Key
invoices.csv,24985,Customer_ID,C004985,Customer_ID,Unmatched Foreign Key
invoices.csv,25982,Customer_ID,C005982,Customer_ID,Unmatched Foreign Key
invoices.csv,26979,Customer_ID,C006979,Customer_ID,Unmatched Foreign Key
invoices.csv,27976,Customer_ID,C007976,Customer_ID,Unmatched Foreign Key
invoices.csv,28973,Customer_ID,C008973,Customer_ID,Unmatched Foreign Key
invoices.csv,29970,Customer_ID,C009970,Customer_ID,Unmatched Foreign Key
invoices.csv,30967,Customer_ID,C010967,Customer_ID,Unmatched Foreign Key
invoices.csv,31964,Customer_ID,C011964,Customer_ID,Unmatched Foreign Key
invoices.csv,32961,Customer_ID,C012961,Customer_ID,Unmatched Foreign Key
invoices.csv,33958,Customer_ID,C013958,Customer_ID,Unmatched Foreign Key
invoices.csv,34955,Customer_ID,C014955,Customer_ID,Unmatched Foreign Key
invoices.csv,35952,Customer_ID,C015952,Customer_ID,Unmatched Foreign Key
invoices.csv,36949,Customer_ID,C016949,Customer_ID,Unmatched Foreign Key
invoices.csv,37946,Customer_ID,C017946,Customer_ID,Unmatched Foreign Key
invoices.csv,38943,Customer_ID,C018943,Customer_ID,Unmatched Foreign Key
invoices.csv,39940,Customer_ID,C019940,Customer_ID,Unmatched Foreign Key
invoices.csv,40997,Customer_ID,C000997,Customer_ID,Unmatched Foreign Key
invoices.csv,41994,Customer_ID,C001994,Customer_ID,Unmatched Foreign Key
invoices.csv,42991,Customer_ID,C002991,Customer_ID,Unmatched Foreign Key
invoices.csv,43988,Customer_ID,C003988,Customer_ID,Unmatched Foreign Key
invoices.csv,44985,Customer_ID,C004985,Customer_ID,Unmatched Foreign Key
invoices.csv,45982,Customer_ID,C005982,Customer_ID,Unmatched Foreign Key
invoices.csv,46979,Customer_ID,C006979,Customer_ID,Unmatched Foreign Key
invoices.csv,47976,Customer_ID,C007976,Customer_ID,Unmatched Foreign Key
invoices.csv,48973,Customer_ID,C008973,Customer_ID,Unmatched Foreign Key
invoices.csv,49970,Customer_ID,C009970,Customer_ID,Unmatched Foreign Key
invoices.csv,50967,Customer_ID,C010967,Customer_ID,Unmatched Foreign Key
invoices.csv,51964,Customer_ID,C011964,Customer_ID,Unmatched Foreign Key
invoices.csv,52961,Customer_ID,C012961,Customer_ID,Unmatched Foreign Key
invoices.csv,53958,Customer_ID,C013958,Customer_ID,Unmatched Foreign Key
invoices.csv,54955,Customer_ID,C014955,Customer_ID,Unmatched Foreign Key
invoices.csv,55952,Customer_ID,C015952,Customer_ID,Unmatched Foreign Key
invoices.csv,56949,Customer_ID,C016949,Customer_ID,Unmatched Foreign Key
invoices.csv,57946,Customer_ID,C017946,Customer_ID,Unmatched Foreign Key
invoices.csv,58943,Customer_ID,C018943,Customer_ID,Unmatched Foreign Key
invoices.csv,59940,Customer_ID,C019940,Customer_ID,Unmatched Foreign Key
invoices.csv,60997,Customer_ID,C000997,Customer_ID,Unmatched Foreign Key
invoices.csv,61994,Customer_ID,C001994,Customer_ID,Unmatched Foreign Key
invoices.csv,62991,Customer_ID,C002991,Customer_ID,Unmatched Foreign Key
invoices.csv,63988,Customer_ID,C003988,Customer_ID,Unmatched Foreign Key
invoices.csv,64985,Customer_ID,C004985,Customer_ID,Unmatched Foreign Key
invoices.csv,65982,Customer_ID,C005982,Customer_ID,Unmatched Foreign Key
invoices.csv,66979,Customer_ID,C006979,Customer_ID,Unmatched Foreign Key
invoices.csv,67976,Customer_ID,C007976,Customer_ID,Unmatched Foreign Key
invoices.csv,68973,Customer_ID,C008973,Customer_ID,Unmatched Foreign Key
invoices.csv,69970,Customer_ID,C009970,Customer_ID,Unmatched Foreign Key
invoices.csv,70967,Customer_ID,C010967,Customer_ID,Unmatched Foreign Key
invoices.csv,71964,Customer_ID,C011964,Customer_ID,Unmatched Foreign Key
invoices.csv,72961,Customer_ID,C012961,Customer_ID,Unmatched Foreign Key
invoices.csv,73958,Customer_ID,C013958,Customer_ID,Unmatched Foreign Key
invoices.csv,74955,Customer_ID,C014955,Customer_ID,Unmatched Foreign Key
invoices.csv,75952,Customer_ID,C015952,Customer_ID,Unmatched Foreign Key
invoices.csv,76949,Customer_ID,C016949,Customer_ID,Unmatched Foreign Key
invoices.csv,77946,Customer_ID,C017946,Customer_ID,Unmatched Foreign Key
invoices.csv,78943,Customer_ID,C018943,Customer_ID,Unmatched Foreign Key
invoices.csv,79940,Customer_ID,C019940,Customer_ID,Unmatched Foreign Key
invoices.csv,80997,Customer_ID,C000997,Customer_ID,Unmatched Foreign Key
invoices.csv,81994,Customer_ID,C001994,Customer_ID,Unmatched Foreign Key
invoices.csv,82991,Customer_ID,C002991,Customer_ID,Unmatched Foreign Key
invoices.csv,83988,Customer_ID,C003988,Customer_ID,Unmatched Foreign Key
invoices.csv,84985,Customer_ID,C004985,Customer_ID,Unmatched Foreign Key
invoices.csv,85982,Customer_ID,C005982,Customer_ID,Unmatched Foreign Key
invoices.csv,86979,Customer_ID,C006979,Customer_ID,Unmatched Foreign Key
invoices.csv,87976,Customer_ID,C007976,Customer_ID,Unmatched Foreign Key
invoices.csv,88973,Customer_ID,C008973,Customer_ID,Unmatched Foreign Key
invoices.csv,89970,Customer_ID,C009970,Customer_ID,Unmatched Foreign Key
invoices.csv,90967,Customer_ID,C010967,Customer_ID,Unmatched Foreign Key
invoices.csv,91964,Customer_ID,C011964,Customer_ID,Unmatched Foreign Key
invoices.csv,92961,Customer_ID,C012961,Customer_ID,Unmatched Foreign Key
invoices.csv,93958,Customer_ID,C013958,Customer_ID,Unmatched Foreign Key
invoices.csv,94955,Customer_ID,C014955,Customer_ID,Unmatched Foreign Key
invoices.csv,95952,Customer_ID,C015952,Customer_ID,Unmatched Foreign Key
invoices.csv,96949,Customer_ID,C016949,Customer_ID,Unmatched Foreign Key
invoices.csv,97946,Customer_ID,C017946,Customer_ID,Unmatched Foreign Key
invoices.csv,98943,Customer_ID,C018943,Customer_ID,Unmatched Foreign Key
invoices.csv,99940,Customer_ID,C019940,Customer_ID,Unmatched Foreign Key
invoices.csv,100997,Customer_ID,C000997,Customer_ID,Unmatched Foreign Key
invoices.csv,101994,Customer_ID,C001994,Customer_ID,Unmatched Foreign Key
orders.csv,997,Customer_ID,C000997,Customer_ID,Unmatched Foreign Key
orders.csv,1994,Customer_ID,C001994,Customer_ID,Unmatched Foreign Key
orders.csv,2202,Customer_ID,C999999,Customer_ID,Unmatched Foreign Key
orders.csv,2991,Customer_ID,C002991,Customer_ID,Unmatched Foreign Key
orders.csv,3988,Customer_ID,C003988,Customer_ID,Unmatched Foreign Key
orders.csv,4403,Customer_ID,C999999,Customer_ID,Unmatched Foreign Key
orders.csv,4985,Customer_ID,C004985,Customer_ID,Unmatched Foreign Key
orders.csv,5982,Customer_ID,C005982,Customer_ID,Unmatched Foreign Key
orders.csv,6604,Customer_ID,C999999,Customer_ID,Unmatched Foreign Key
orders.csv,6979,Customer_ID,C006979,Customer_ID,Unmatched Foreign Key
orders.csv,7976,Customer_ID,C007976,Customer_ID,Unmatched Foreign Key
orders.csv,8805,Customer_ID,C999999,Customer_ID,Unmatched Foreign Key
orders.csv,8973,Customer_ID,C008973,Customer_ID,Unmatched Foreign Key
orders.csv,9970,Customer_ID,C009970,Customer_ID,Unmatched Foreign Key
orders.csv,10967,Customer_ID,C010967,Customer_ID,Unmatched Foreign Key
orders.csv,11006,Customer_ID,C999999,Customer_ID,Unmatched Foreign Key
orders.csv,11964,Customer_ID,C011964,Customer_ID,Unmatched Foreign Key
orders.csv,12961,Customer_ID,C012961,Customer_ID,Unmatched Foreign Key
orders.csv,13207,Customer_ID,C999999,Customer_ID,Unmatched Foreign Key
orders.csv,13958,Customer_ID,C013958,Customer_ID,Unmatched Foreign Key
orders.csv,14955,Customer_ID,C014955,Customer_ID,Unmatched Foreign Key
orders.csv,15408,Customer_ID,C999999,Customer_ID,Unmatched Foreign Key
orders.csv,15952,Customer_ID,C015952,Customer_ID,Unmatched Foreign Key
orders.csv,16949,Customer_ID,C016949,Customer_ID,Unmatched Foreign Key
orders.csv,17609,Customer_ID,C999999,Customer_ID,Unmatched Foreign Key
orders.csv,17946,Customer_ID,C017946,Customer_ID,Unmatched Foreign Key
orders.csv,18943,Customer_ID,C018943,Customer_ID,Unmatched Foreign Key
orders.csv,19810,Customer_ID,C999999,Customer_ID,Unmatched Foreign Key
orders.csv,19940,Customer_ID,C019940,Customer_ID,Unmatched Foreign Key
orders.csv,20997,Customer_ID,C000997,Customer_ID,Unmatched Foreign Key
orders.csv,21994,Customer_ID,C001994,Customer_ID,Unmatched Foreign Key
orders.csv,22011,Customer_ID,C999999,Customer_ID,Unmatched Foreign Key
orders.csv,22991,Customer_ID,C002991,Customer_ID,Unmatched Foreign Key
orders.csv,23988,Customer_ID,C003988,Customer_ID,Unmatched Foreign Key
orders.csv,24212,Customer_ID,C999999,Customer_ID,Unmatched Foreign Key
orders.csv,24985,Customer_ID,C004985,Customer_ID,Unmatched Foreign Key
orders.csv,25982,Customer_ID,C005982,Customer_ID,Unmatched Foreign Key
orders.csv,26413,Customer_ID,C999999,Customer_ID,Unmatched Foreign Key
orders.csv,26979,Customer_ID,C006979,Customer_ID,Unmatched Foreign Key
orders.csv,27976,Customer_ID,C007976,Customer_ID,Unmatched Foreign Key
orders.csv,28614,Customer_ID,C999999,Customer_ID,Unmatched Foreign Key
orders.csv,28973,Customer_ID,C008973,Customer_ID,Unmatched Foreign Key
orders.csv,29970,Customer_ID,C009970,Customer_ID,Unmatched Foreign Key
orders.csv,30815,Customer_ID,C999999,Customer_ID,Unmatched Foreign Key
orders.csv,30967,Customer_ID,C010967,Customer_ID,Unmatched Foreign Key
orders.csv,31964,Customer_ID,C011964,Customer_ID,Unmatched Foreign Key
orders.csv,32961,Customer_ID,C012961,Customer_ID,Unmatched Foreign Key
orders.csv,33016,Customer_ID,C999999,Customer_ID,Unmatched Foreign Key
orders.csv,33958,Customer_ID,C013958,Customer_ID,Unmatched Foreign Key
orders.csv,34955,Customer_ID,C014955,Customer_ID,Unmatched Foreign Key
orders.csv,35217,Customer_ID,C999999,Customer_ID,Unmatched Foreign Key
orders.csv,35952,Customer_ID,C015952,Customer_ID,Unmatched Foreign Key
orders.csv,36949,Customer_ID,C016949,Customer_ID,Unmatched Foreign Key
orders.csv,37418,Customer_ID,C999999,Customer_ID,Unmatched Foreign Key
orders.csv,37946,Customer_ID,C017946,Customer_ID,Unmatched Foreign Key
orders.csv,38943,Customer_ID,C018943,Customer_ID,Unmatched Foreign Key
orders.csv,39619,Customer_ID,C999999,Customer_ID,Unmatched Foreign Key
orders.csv,39940,Customer_ID,C019940,Customer_ID,Unmatched Foreign Key
orders.csv,40997,Customer_ID,C000997,Customer_ID,Unmatched Foreign Key
orders.csv,41820,Customer_ID,C999999,Customer_ID,Unmatched Foreign Key
orders.csv,41994,Customer_ID,C001994,Customer_ID,Unmatched Foreign Key
orders.csv,42991,Customer_ID,C002991,Customer_ID,Unmatched Foreign Key
orders.csv,43988,Customer_ID,C003988,Customer_ID,Unmatched Foreign Key
orders.csv,44021,Customer_ID,C999999,Customer_ID,Unmatched Foreign Key
orders.csv,44985,Customer_ID,C004985,Customer_ID,Unmatched Foreign Key
orders.csv,45982,Customer_ID,C005982,Customer_ID,Unmatched Foreign Key
orders.csv,46222,Customer_ID,C999999,Customer_ID,Unmatched Foreign Key
orders.csv,46979,Customer_ID,C006979,Customer_ID,Unmatched Foreign Key
orders.csv,47976,Customer_ID,C007976,Customer_ID,Unmatched Foreign Key
orders.csv,48423,Customer_ID,C999999,Customer_ID,Unmatched Foreign Key
orders.csv,48973,Customer_ID,C008973,Customer_ID,Unmatched Foreign Key
orders.csv,49970,Customer_ID,C009970,Customer_ID,Unmatched Foreign Key
orders.csv,50624,Customer_ID,C999999,Customer_ID,Unmatched Foreign Key
orders.csv,50967,Customer_ID,C010967,Customer_ID,Unmatched Foreign Key
orders.csv,51964,Customer_ID,C011964,Customer_ID,Unmatched Foreign Key
orders.csv,52825,Customer_ID,C999999,Customer_ID,Unmatched Foreign Key
orders.csv,52961,Customer_ID,C012961,Customer_ID,Unmatched Foreign Key
orders.csv,53958,Customer_ID,C013958,Customer_ID,Unmatched Foreign Key
orders.csv,54955,Customer_ID,C014955,Customer_ID,Unmatched Foreign Key
orders.csv,55026,Customer_ID,C999999,Customer_ID,Unmatched Foreign Key
orders.csv,55952,Customer_ID,C015952,Customer_ID,Unmatched Foreign Key
orders.csv,56949,Customer_ID,C016949,Customer_ID,Unmatched Foreign Key
orders.csv,57227,Customer_ID,C999999,Customer_ID,Unmatched Foreign Key
orders.csv,57946,Customer_ID,C017946,Customer_ID,Unmatched Foreign Key
orders.csv,58943,Customer_ID,C018943,Customer_ID,Unmatched Foreign Key
orders.csv,59428,Customer_ID,C999999,Customer_ID,Unmatched Foreign Key
orders.csv,59940,Customer_ID,C019940,Customer_ID,Unmatched Foreign Key
orders.csv,60997,Customer_ID,C000997,Customer_ID,Unmatched Foreign Key
orders.csv,61629,Customer_ID,C999999,Customer_ID,Unmatched Foreign Key
orders.csv,61994,Customer_ID,C001994,Customer_ID,Unmatched Foreign Key
orders.csv,62991,Customer_ID,C002991,Customer_ID,Unmatched Foreign Key
orders.csv,63830,Customer_ID,C999999,Customer_ID,Unmatched Foreign Key
orders.csv,63988,Customer_ID,C003988,Customer_ID,Unmatched Foreign Key
orders.csv,64985,Customer_ID,C004985,Customer_ID,Unmatched Foreign Key
orders.csv,65982,Customer_ID,C005982,Customer_ID,Unmatched Foreign Key
orders.csv,66031,Customer_ID,C999999,Customer_ID,Unmatched Foreign Key
orders.csv,66979,Customer_ID,C006979,Customer_ID,Unmatched Foreign Key
orders.csv,67976,Customer_ID,C007976,Customer_ID,Unmatched Foreign Key
orders.csv,68232,Customer_ID,C999999,Customer_ID,Unmatched Foreign Key
orders.csv,68973,Customer_ID,C008973,Customer_ID,Unmatched Foreign Key
orders.csv,69970,Customer_ID,C009970,Customer_ID,Unmatched Foreign Key
orders.csv,70433,Customer_ID,C999999,Customer_ID,Unmatched Foreign Key
orders.csv,70967,Customer_ID,C010967,Customer_ID,Unmatched Foreign Key
orders.csv,71964,Customer_ID,C011964,Customer_ID,Unmatched Foreign Key
orders.csv,72634,Customer_ID,C999999,Customer_ID,Unmatched Foreign Key
orders.csv,72961,Customer_ID,C012961,Customer_ID,Unmatched Foreign Key
orders.csv,73958,Customer_ID,C013958,Customer_ID,Unmatched Foreign Key
orders.csv,74835,Customer_ID,C999999,Customer_ID,Unmatched Foreign Key
orders.csv,74955,Customer_ID,C014955,Customer_ID,Unmatched Foreign Key
orders.csv,75952,Customer_ID,C015952,Customer_ID,Unmatched Foreign Key
orders.csv,76949,Customer_ID,C016949,Customer_ID,Unmatched Foreign Key
orders.csv,77036,Customer_ID,C999999,Customer_ID,Unmatched Foreign Key
orders.csv,77946,Customer_ID,C017946,Customer_ID,Unmatched Foreign Key
orders.csv,78943,Customer_ID,C018943,Customer_ID,Unmatched Foreign Key
orders.csv,79237,Customer_ID,C999999,Customer_ID,Unmatched Foreign Key
orders.csv,79940,Customer_ID,C019940,Customer_ID,Unmatched Foreign Key
orders.csv,80997,Customer_ID,C000997,Customer_ID,Unmatched Foreign Key
orders.csv,81438,Customer_ID,C999999,Customer_ID,Unmatched Foreign Key
orders.csv,81994,Customer_ID,C001994,Customer_ID,Unmatched Foreign Key
orders.csv,82991,Customer_ID,C002991,Customer_ID,Unmatched Foreign Key
orders.csv,83639,Customer_ID,C999999,Customer_ID,Unmatched Foreign Key
orders.csv,83988,Customer_ID,C003988,Customer_ID,Unmatched Foreign Key
orders.csv,84985,Customer_ID,C004985,Customer_ID,Unmatched Foreign Key
orders.csv,85840,Customer_ID,C999999,Customer_ID,Unmatched Foreign Key
orders.csv,85982,Customer_ID,C005982,Customer_ID,Unmatched Foreign Key
orders.csv,86979,Customer_ID,C006979,Customer_ID,Unmatched Foreign Key
orders.csv,87976,Customer_ID,C007976,Customer_ID,Unmatched Foreign Key
orders.csv,88041,Customer_ID,C999999,Customer_ID,Unmatched Foreign Key
orders.csv,88973,Customer_ID,C008973,Customer_ID,Unmatched Foreign Key
orders.csv,89970,Customer_ID,C009970,Customer_ID,Unmatched Foreign Key
orders.csv,90242,Customer_ID,C999999,Customer_ID,Unmatched Foreign Key
orders.csv,90967,Customer_ID,C010967,Customer_ID,Unmatched Foreign Key
orders.csv,91964,Customer_ID,C011964,Customer_ID,Unmatched Foreign Key
orders.csv,92443,Customer_ID,C999999,Customer_ID,Unmatched Foreign Key
orders.csv,92961,Customer_ID,C012961,Customer_ID,Unmatched Foreign Key
orders.csv,93958,Customer_ID,C013958,Customer_ID,Unmatched Foreign Key
orders.csv,94644,Customer_ID,C999999,Customer_ID,Unmatched Foreign Key
orders.csv,94955,Customer_ID,C014955,Customer_ID,Unmatched Foreign Key
orders.csv,95952,Customer_ID,C015952,Customer_ID,Unmatched Foreign Key
orders.csv,96845,Customer_ID,C999999,Customer_ID,Unmatched Foreign Key
orders.csv,96949,Customer_ID,C016949,Customer_ID,Unmatched Foreign Key
orders.csv,97946,Customer_ID,C017946,Customer_ID,Unmatched Foreign Key
orders.csv,98943,Customer_ID,C018943,Customer_ID,Unmatched Foreign Key
orders.csv,99046,Customer_ID,C999999,Customer_ID,Unmatched Foreign Key
orders.csv,99940,Customer_ID,C019940,Customer_ID,Unmatched Foreign Key
orders.csv,251,Sales_Employee_ID,E00251,Employee_ID,Unmatched Foreign Key
orders.csv,751,Sales_Employee_ID,E00251,Employee_ID,Unmatched Foreign Key
orders.csv,1251,Sales_Employee_ID,E00251,Employee_ID,Unmatched Foreign Key
orders.csv,1751,Sales_Employee_ID,E00251,Employee_ID,Unmatched Foreign Key
orders.csv,1778,Sales_Employee_ID,E99999,Employee_ID,Unmatched Foreign Key
orders.csv,2251,Sales_Employee_ID,E00251,Employee_ID,Unmatched Foreign Key
orders.csv,2751,Sales_Employee_ID,E00251,Employee_ID,Unmatched Foreign Key
orders.csv,3251,Sales_Employee_ID,E00251,Employee_ID,Unmatched Foreign Key
orders.csv,3555,Sales_Employee_ID,E99999,Employee_ID,Unmatched Foreign Key
orders.csv,3751,Sales_Employee_ID,E00251,Employee_ID,Unmatched Foreign Key
orders.csv,4251,Sales_Employee_ID,E00251,Employee_ID,Unmatched Foreign Key
orders.csv,4751,Sales_Employee_ID,E00251,Employee_ID,Unmatched Foreign Key
orders.csv,5251,Sales_Employee_ID,E00251,Employee_ID,Unmatched Foreign Key
orders.csv,5332,Sales_Employee_ID,E99999,Employee_ID,Unmatched Foreign Key
orders.csv,5751,Sales_Employee_ID,E00251,Employee_ID,Unmatched Foreign Key
orders.csv,6251,Sales_Employee_ID,E00251,Employee_ID,Unmatched Foreign Key
orders.csv,6751,Sales_Employee_ID,E00251,Employee_ID,Unmatched Foreign Key
orders.csv,7109,Sales_Employee_ID,E99999,Employee_ID,Unmatched Foreign Key
orders.csv,7251,Sales_Employee_ID,E00251,Employee_ID,Unmatched Foreign Key
orders.csv,7751,Sales_Employee_ID,E00251,Employee_ID,Unmatched Foreign Key
orders.csv,8251,Sales_Employee_ID,E00251,Employee_ID,Unmatched Foreign Key
orders.csv,8751,Sales_Employee_ID,E00251,Employee_ID,Unmatched Foreign Key
orders.csv,8886,Sales_Employee_ID,E99999,Employee_ID,Unmatched Foreign Key
orders.csv,9251,Sales_Employee_ID,E00251,Employee_ID,Unmatched Foreign Key
orders.csv,9751,Sales_Employee_ID,E00251,Employee_ID,Unmatched Foreign Key
orders.csv,10251,Sales_Employee_ID,E00251,Employee_ID,Unmatched Foreign Key
orders.csv,10663,Sales_Employee_ID,E99999,Employee_ID,Unmatched Foreign Key
orders.csv,10751,Sales_Employee_ID,E00251,Employee_ID,Unmatched Foreign Key
orders.csv,11251,Sales_Employee_ID,E00251,Employee_ID,Unmatched Foreign Key
orders.csv,11751,Sales_Employee_ID,E00251,Employee_ID,Unmatched Foreign Key
orders.csv,12251,Sales_Employee_ID,E00251,Employee_ID,Unmatched Foreign Key
orders.csv,12440,Sales_Employee_ID,E99999,Employee_ID,Unmatched Foreign Key
orders.csv,12751,Sales_Employee_ID,E00251,Employee_ID,Unmatched Foreign Key
orders.csv,13251,Sales_Employee_ID,E00251,Employee_ID,Unmatched Foreign Key
orders.csv,13751,Sales_Employee_ID,E00251,Employee_ID,Unmatched Foreign Key
orders.csv,14217,Sales_Employee_ID,E99999,Employee_ID,Unmatched Foreign Key
orders.csv,14251,Sales_Employee_ID,E00251,Employee_ID,Unmatched Foreign Key
orders.csv,14751,Sales_Employee_ID,E00251,Employee_ID,Unmatched Foreign Key
orders.csv,15251,Sales_Employee_ID,E00251,Employee_ID,Unmatched Foreign Key
orders.csv,15751,Sales_Employee_ID,E00251,Employee_ID,Unmatched Foreign Key
orders.csv,15994,Sales_Employee_ID,E99999,Employee_ID,Unmatched Foreign Key
orders.csv,16251,Sales_Employee_ID,E00251,Employee_ID,Unmatched Foreign Key
orders.csv,16751,Sales_Employee_ID,E00251,Employee_ID,Unmatched Foreign Key
orders.csv,17251,Sales_Employee_ID,E00251,Employee_ID,Unmatched Foreign Key
orders.csv,17751,Sales_Employee_ID,E00251,Employee_ID,Unmatched Foreign Key
orders.csv,17771,Sales_Employee_ID,E99999,Employee_ID,Unmatched Foreign Key
orders.csv,18251,Sales_Employee_ID,E00251,Employee_ID,Unmatched Foreign Key
orders.csv,18751,Sales_Employee_ID,E00251,Employee_ID,Unmatched Foreign Key
orders.csv,19251,Sales_Employee_ID,E00251,Employee_ID,Unmatched Foreign Key
orders.csv,19548,Sales_Employee_ID,E99999,Employee_ID,Unmatched Foreign Key
orders.csv,19751,Sales_Employee_ID,E00251,Employee_ID,Unmatched Foreign Key
orders.csv,20251,Sales_Employee_ID,E00251,Employee_ID,Unmatched Foreign Key
orders.csv,20751,Sales_Employee_ID,E00251,Employee_ID,Unmatched Foreign Key
orders.csv,21251,Sales_Employee_ID,E00251,Employee_ID,Unmatched Foreign Key
orders.csv,21325,Sales_Employee_ID,E99999,Employee_ID,Unmatched Foreign Key
orders.csv,21751,Sales_Employee_ID,E00251,Employee_ID,Unmatched Foreign Key
orders.csv,22251,Sales_Employee_ID,E00251,Employee_ID,Unmatched Foreign Key
orders.csv,22751,Sales_Employee_ID,E00251,Employee_ID,Unmatched Foreign Key
orders.csv,23102,Sales_Employee_ID,E99999,Employee_ID,Unmatched Foreign Key
orders.csv,23251,Sales_Employee_ID,E00251,Employee_ID,Unmatched Foreign Key
orders.csv,23751,Sales_Employee_ID,E00251,Employee_ID,Unmatched Foreign Key
orders.csv,24251,Sales_Employee_ID,E00251,Employee_ID,Unmatched Foreign Key
orders.csv,24751,Sales_Employee_ID,E00251,Employee_ID,Unmatched Foreign Key
orders.csv,24879,Sales_Employee_ID,E99999,Employee_ID,Unmatched Foreign Key
orders.csv,25251,Sales_Employee_ID,E00251,Employee_ID,Unmatched Foreign Key
orders.csv,25751,Sales_Employee_ID,E00251,Employee_ID,Unmatched Foreign Key
orders.csv,26251,Sales_Employee_ID,E00251,Employee_ID,Unmatched Foreign Key
orders.csv,26656,Sales_Employee_ID,E99999,Employee_ID,Unmatched Foreign Key
orders.csv,26751,Sales_Employee_ID,E00251,Employee_ID,Unmatched Foreign Key
orders.csv,27251,Sales_Employee_ID,E00251,Employee_ID,Unmatched Foreign Key
orders.csv,27751,Sales_Employee_ID,E00251,Employee_ID,Unmatched Foreign Key
orders.csv,28251,Sales_Employee_ID,E00251,Employee_ID,Unmatched Foreign Key
orders.csv,28433,Sales_Employee_ID,E99999,Employee_ID,Unmatched Foreign Key
orders.csv,28751,Sales_Employee_ID,E00251,Employee_ID,Unmatched Foreign Key
orders.csv,29251,Sales_Employee_ID,E00251,Employee_ID,Unmatched Foreign Key
orders.csv,29751,Sales_Employee_ID,E00251,Employee_ID,Unmatched Foreign Key
orders.csv,30210,Sales_Employee_ID,E99999,Employee_ID,Unmatched Foreign Key
orders.csv,30251,Sales_Employee_ID,E00251,Employee_ID,Unmatched Foreign Key
orders.csv,30751,Sales_Employee_ID,E00251,Employee_ID,Unmatched Foreign Key
orders.csv,31251,Sales_Employee_ID,E00251,Employee_ID,Unmatched Foreign Key
orders.csv,31751,Sales_Employee_ID,E00251,Employee_ID,Unmatched Foreign Key
orders.csv,31987,Sales_Employee_ID,E99999,Employee_ID,Unmatched Foreign Key
orders.csv,32251,Sales_Employee_ID,E00251,Employee_ID,Unmatched Foreign Key
orders.csv,32751,Sales_Employee_ID,E00251,Employee_ID,Unmatched Foreign Key
orders.csv,33251,Sales_Employee_ID,E00251,Employee_ID,Unmatched Foreign Key
orders.csv,33751,Sales_Employee_ID,E00251,Employee_ID,Unmatched Foreign Key
orders.csv,33764,Sales_Employee_ID,E99999,Employee_ID,Unmatched Foreign Key
orders.csv,34251,Sales_Employee_ID,E00251,Employee_ID,Unmatched Foreign Key
orders.csv,34751,Sales_Employee_ID,E00251,Employee_ID,Unmatched Foreign Key
orders.csv,35251,Sales_Employee_ID,E00251,Employee_ID,Unmatched Foreign Key
orders.csv,35541,Sales_Employee_ID,E99999,Employee_ID,Unmatched Foreign Key
orders.csv,35751,Sales_Employee_ID,E00251,Employee_ID,Unmatched Foreign Key
orders.csv,36251,Sales_Employee_ID,E00251,Employee_ID,Unmatched Foreign Key
orders.csv,36751,Sales_Employee_ID,E00251,Employee_ID,Unmatched Foreign Key
orders.csv,37251,Sales_Employee_ID,E00251,Employee_ID,Unmatched Foreign Key
orders.csv,37318,Sales_Employee_ID,E99999,Employee_ID,Unmatched Foreign Key
orders.csv,37751,Sales_Employee_ID,E00251,Employee_ID,Unmatched Foreign Key
orders.csv,38251,Sales_Employee_ID,E00251,Employee_ID,Unmatched Foreign Key
orders.csv,38751,Sales_Employee_ID,E00251,Employee_ID,Unmatched Foreign Key
orders.csv,39095,Sales_Employee_ID,E99999,Employee_ID,Unmatched Foreign Key
orders.csv,39251,Sales_Employee_ID,E00251,Employee_ID,Unmatched Foreign Key
orders.csv,39751,Sales_Employee_ID,E00251,Employee_ID,Unmatched Foreign Key
orders.csv,40251,Sales_Employee_ID,E00251,Employee_ID,Unmatched Foreign Key
orders.csv,40751,Sales_Employee_ID,E00251,Employee_ID,Unmatched Foreign Key
orders.csv,40872,Sales_Employee_ID,E99999,Employee_ID,Unmatched Foreign Key
orders.csv,41251,Sales_Employee_ID,E00251,Employee_ID,Unmatched Foreign Key
orders.csv,41751,Sales_Employee_ID,E00251,Employee_ID,Unmatched Foreign Key
orders.csv,42251,Sales_Employee_ID,E00251,Employee_ID,Unmatched Foreign Key
orders.csv,42649,Sales_Employee_ID,E99999,Employee_ID,Unmatched Foreign Key
orders.csv,42751,Sales_Employee_ID,E00251,Employee_ID,Unmatched Foreign Key
orders.csv,43251,Sales_Employee_ID,E00251,Employee_ID,Unmatched Foreign Key
orders.csv,43751,Sales_Employee_ID,E00251,Employee_ID,Unmatched Foreign Key
orders.csv,44251,Sales_Employee_ID,E00251,Employee_ID,Unmatched Foreign Key
orders.csv,44426,Sales_Employee_ID,E99999,Employee_ID,Unmatched Foreign Key
orders.csv,44751,Sales_Employee_ID,E00251,Employee_ID,Unmatched Foreign Key
orders.csv,45251,Sales_Employee_ID,E00251,Employee_ID,Unmatched Foreign Key
orders.csv,45751,Sales_Employee_ID,E00251,Employee_ID,Unmatched Foreign Key
orders.csv,46203,Sales_Employee_ID,E99999,Employee_ID,Unmatched Foreign Key
orders.csv,46251,Sales_Employee_ID,E00251,Employee_ID,Unmatched Foreign Key
orders.csv,46751,Sales_Employee_ID,E00251,Employee_ID,Unmatched Foreign Key
orders.csv,47251,Sales_Employee_ID,E00251,Employee_ID,Unmatched Foreign Key
orders.csv,47751,Sales_Employee_ID,E00251,Employee_ID,Unmatched Foreign Key
orders.csv,47980,Sales_Employee_ID,E99999,Employee_ID,Unmatched Foreign Key
orders.csv,48251,Sales_Employee_ID,E00251,Employee_ID,Unmatched Foreign Key
orders.csv,48751,Sales_Employee_ID,E00251,Employee_ID,Unmatched Foreign Key
orders.csv,49251,Sales_Employee_ID,E00251,Employee_ID,Unmatched Foreign Key
orders.csv,49751,Sales_Employee_ID,E00251,Employee_ID,Unmatched Foreign Key
orders.csv,49757,Sales_Employee_ID,E99999,Employee_ID,Unmatched Foreign Key
orders.csv,50251,Sales_Employee_ID,E00251,Employee_ID,Unmatched Foreign Key
orders.csv,50751,Sales_Employee_ID,E00251,Employee_ID,Unmatched Foreign Key
orders.csv,51251,Sales_Employee_ID,E00251,Employee_ID,Unmatched Foreign Key
orders.csv,51534,Sales_Employee_ID,E99999,Employee_ID,Unmatched Foreign Key
orders.csv,51751,Sales_Employee_ID,E00251,Employee_ID,Unmatched Foreign Key
orders.csv,52251,Sales_Employee_ID,E00251,Employee_ID,Unmatched Foreign Key
orders.csv,52751,Sales_Employee_ID,E00251,Employee_ID,Unmatched Foreign Key
orders.csv,53251,Sales_Employee_ID,E00251,Employee_ID,Unmatched Foreign Key
orders.csv,53311,Sales_Employee_ID,E99999,Employee_ID,Unmatched Foreign Key
orders.csv,53751,Sales_Employee_ID,E00251,Employee_ID,Unmatched Foreign Key
orders.csv,54251,Sales_Employee_ID,E00251,Employee_ID,Unmatched Foreign Key
orders.csv,54751,Sales_Employee_ID,E00251,Employee_ID,Unmatched Foreign Key
orders.csv,55088,Sales_Employee_ID,E99999,Employee_ID,Unmatched Foreign Key
orders.csv,55251,Sales_Employee_ID,E00251,Employee_ID,Unmatched Foreign Key
orders.csv,55751,Sales_Employee_ID,E00251,Employee_ID,Unmatched Foreign Key
orders.csv,56251,Sales_Employee_ID,E00251,Employee_ID,Unmatched Foreign Key
orders.csv,56751,Sales_Employee_ID,E00251,Employee_ID,Unmatched Foreign Key
orders.csv,56865,Sales_Employee_ID,E99999,Employee_ID,Unmatched Foreign Key
orders.csv,57251,Sales_Employee_ID,E00251,Employee_ID,Unmatched Foreign Key
orders.csv,57751,Sales_Employee_ID,E00251,Employee_ID,Unmatched Foreign Key
orders.csv,58251,Sales_Employee_ID,E00251,Employee_ID,Unmatched Foreign Key
orders.csv,58642,Sales_Employee_ID,E99999,Employee_ID,Unmatched Foreign Key
orders.csv,58751,Sales_Employee_ID,E00251,Employee_ID,Unmatched Foreign Key
orders.csv,59251,Sales_Employee_ID,E00251,Employee_ID,Unmatched Foreign Key
orders.csv,59751,Sales_Employee_ID,E00251,Employee_ID,Unmatched Foreign Key
orders.csv,60251,Sales_Employee_ID,E00251,Employee_ID,Unmatched Foreign Key
orders.csv,60419,Sales_Employee_ID,E99999,Employee_ID,Unmatched Foreign Key
orders.csv,60751,Sales_Employee_ID,E00251,Employee_ID,Unmatched Foreign Key
orders.csv,61251,Sales_Employee_ID,E00251,Employee_ID,Unmatched Foreign Key
orders.csv,61751,Sales_Employee_ID,E00251,Employee_ID,Unmatched Foreign Key
orders.csv,62196,Sales_Employee_ID,E99999,Employee_ID,Unmatched Foreign Key
orders.csv,62251,Sales_Employee_ID,E00251,Employee_ID,Unmatched Foreign Key
orders.csv,62751,Sales_Employee_ID,E00251,Employee_ID,Unmatched Foreign Key
orders.csv,63251,Sales_Employee_ID,E00251,Employee_ID,Unmatched Foreign Key
orders.csv,63751,Sales_Employee_ID,E00251,Employee_ID,Unmatched Foreign Key
orders.csv,63973,Sales_Employee_ID,E99999,Employee_ID,Unmatched Foreign Key
orders.csv,64251,Sales_Employee_ID,E00251,Employee_ID,Unmatched Foreign Key
orders.csv,64751,Sales_Employee_ID,E00251,Employee_ID,Unmatched Foreign Key
orders.csv,65251,Sales_Employee_ID,E00251,Employee_ID,Unmatched Foreign Key
orders.csv,65750,Sales_Employee_ID,E99999,Employee_ID,Unmatched Foreign Key
orders.csv,65751,Sales_Employee_ID,E00251,Employee_ID,Unmatched Foreign Key
orders.csv,66251,Sales_Employee_ID,E00251,Employee_ID,Unmatched Foreign Key
orders.csv,66751,Sales_Employee_ID,E00251,Employee_ID,Unmatched Foreign Key
orders.csv,67251,Sales_Employee_ID,E00251,Employee_ID,Unmatched Foreign Key
orders.csv,67527,Sales_Employee_ID,E99999,Employee_ID,Unmatched Foreign Key
orders.csv,67751,Sales_Employee_ID,E00251,Employee_ID,Unmatched Foreign Key
orders.csv,68251,Sales_Employee_ID,E00251,Employee_ID,Unmatched Foreign Key
orders.csv,68751,Sales_Employee_ID,E00251,Employee_ID,Unmatched Foreign Key
orders.csv,69251,Sales_Employee_ID,E00251,Employee_ID,Unmatched Foreign Key
orders.csv,69304,Sales_Employee_ID,E99999,Employee_ID,Unmatched Foreign Key
orders.csv,69751,Sales_Employee_ID,E00251,Employee_ID,Unmatched Foreign Key
orders.csv,70251,Sales_Employee_ID,E00251,Employee_ID,Unmatched Foreign Key
orders.csv,70751,Sales_Employee_ID,E00251,Employee_ID,Unmatched Foreign Key
orders.csv,71081,Sales_Employee_ID,E99999,Employee_ID,Unmatched Foreign Key
orders.csv,71251,Sales_Employee_ID,E00251,Employee_ID,Unmatched Foreign Key
orders.csv,71751,Sales_Employee_ID,E00251,Employee_ID,Unmatched Foreign Key
orders.csv,72251,Sales_Employee_ID,E00251,Employee_ID,Unmatched Foreign Key
orders.csv,72751,Sales_Employee_ID,E00251,Employee_ID,Unmatched Foreign Key
orders.csv,72858,Sales_Employee_ID,E99999,Employee_ID,Unmatched Foreign Key
orders.csv,73251,Sales_Employee_ID,E00251,Employee_ID,Unmatched Foreign Key
orders.csv,73751,Sales_Employee_ID,E00251,Employee_ID,Unmatched Foreign Key
orders.csv,74251,Sales_Employee_ID,E00251,Employee_ID,Unmatched Foreign Key
orders.csv,74635,Sales_Employee_ID,E99999,Employee_ID,Unmatched Foreign Key
orders.csv,74751,Sales_Employee_ID,E00251,Employee_ID,Unmatched Foreign Key
orders.csv,75251,Sales_Employee_ID,E00251,Employee_ID,Unmatched Foreign Key
orders.csv,75751,Sales_Employee_ID,E00251,Employee_ID,Unmatched Foreign Key
orders.csv,76251,Sales_Employee_ID,E00251,Employee_ID,Unmatched Foreign Key
orders.csv,76412,Sales_Employee_ID,E99999,Employee_ID,Unmatched Foreign Key
orders.csv,76751,Sales_Employee_ID,E00251,Employee_ID,Unmatched Foreign Key
orders.csv,77251,Sales_Employee_ID,E00251,Employee_ID,Unmatched Foreign Key
orders.csv,77751,Sales_Employee_ID,E00251,Employee_ID,Unmatched Foreign Key
orders.csv,78189,Sales_Employee_ID,E99999,Employee_ID,Unmatched Foreign Key
orders.csv,78251,Sales_Employee_ID,E00251,Employee_ID,Unmatched Foreign Key
orders.csv,78751,Sales_Employee_ID,E00251,Employee_ID,Unmatched Foreign Key
orders.csv,79251,Sales_Employee_ID,E00251,Employee_ID,Unmatched Foreign Key
orders.csv,79751,Sales_Employee_ID,E00251,Employee_ID,Unmatched Foreign Key
orders.csv,79966,Sales_Employee_ID,E99999,Employee_ID,Unmatched Foreign Key
orders.csv,80251,Sales_Employee_ID,E00251,Employee_ID,Unmatched Foreign Key
orders.csv,80751,Sales_Employee_ID,E00251,Employee_ID,Unmatched Foreign Key
orders.csv,81251,Sales_Employee_ID,E00251,Employee_ID,Unmatched Foreign Key
orders.csv,81743,Sales_Employee_ID,E99999,Employee_ID,Unmatched Foreign Key
orders.csv,81751,Sales_Employee_ID,E00251,Employee_ID,Unmatched Foreign Key
orders.csv,82251,Sales_Employee_ID,E00251,Employee_ID,Unmatched Foreign Key
orders.csv,82751,Sales_Employee_ID,E00251,Employee_ID,Unmatched Foreign Key
orders.csv,83251,Sales_Employee_ID,E00251,Employee_ID,Unmatched Foreign Key
orders.csv,83520,Sales_Employee_ID,E99999,Employee_ID,Unmatched Foreign Key
orders.csv,83751,Sales_Employee_ID,E00251,Employee_ID,Unmatched Foreign Key
orders.csv,84251,Sales_Employee_ID,E00251,Employee_ID,Unmatched Foreign Key
orders.csv,84751,Sales_Employee_ID,E00251,Employee_ID,Unmatched Foreign Key
orders.csv,85251,Sales_Employee_ID,E00251,Employee_ID,Unmatched Foreign Key
orders.csv,85297,Sales_Employee_ID,E99999,Employee_ID,Unmatched Foreign Key
orders.csv,85751,Sales_Employee_ID,E00251,Employee_ID,Unmatched Foreign Key
orders.csv,86251,Sales_Employee_ID,E00251,Employee_ID,Unmatched Foreign Key
orders.csv,86751,Sales_Employee_ID,E00251,Employee_ID,Unmatched Foreign Key
orders.csv,87074,Sales_Employee_ID,E99999,Employee_ID,Unmatched Foreign Key
orders.csv,87251,Sales_Employee_ID,E00251,Employee_ID,Unmatched Foreign Key
orders.csv,87751,Sales_Employee_ID,E00251,Employee_ID,Unmatched Foreign Key
orders.csv,88251,Sales_Employee_ID,E00251,Employee_ID,Unmatched Foreign Key
orders.csv,88751,Sales_Employee_ID,E00251,Employee_ID,Unmatched Foreign Key
orders.csv,88851,Sales_Employee_ID,E99999,Employee_ID,Unmatched Foreign Key
orders.csv,89251,Sales_Employee_ID,E00251,Employee_ID,Unmatched Foreign Key
orders.csv,89751,Sales_Employee_ID,E00251,Employee_ID,Unmatched Foreign Key
orders.csv,90251,Sales_Employee_ID,E00251,Employee_ID,Unmatched Foreign Key
orders.csv,90628,Sales_Employee_ID,E99999,Employee_ID,Unmatched Foreign Key
orders.csv,90751,Sales_Employee_ID,E00251,Employee_ID,Unmatched Foreign Key
orders.csv,91251,Sales_Employee_ID,E00251,Employee_ID,Unmatched Foreign Key
orders.csv,91751,Sales_Employee_ID,E00251,Employee_ID,Unmatched Foreign Key
orders.csv,92251,Sales_Employee_ID,E00251,Employee_ID,Unmatched Foreign Key
orders.csv,92405,Sales_Employee_ID,E99999,Employee_ID,Unmatched Foreign Key
orders.csv,92751,Sales_Employee_ID,E00251,Employee_ID,Unmatched Foreign Key
orders.csv,93251,Sales_Employee_ID,E00251,Employee_ID,Unmatched Foreign Key
orders.csv,93751,Sales_Employee_ID,E00251,Employee_ID,Unmatched Foreign Key
orders.csv,94182,Sales_Employee_ID,E99999,Employee_ID,Unmatched Foreign Key
orders.csv,94251,Sales_Employee_ID,E00251,Employee_ID,Unmatched Foreign Key
orders.csv,94751,Sales_Employee_ID,E00251,Employee_ID,Unmatched Foreign Key
orders.csv,95251,Sales_Employee_ID,E00251,Employee_ID,Unmatched Foreign Key
orders.csv,95751,Sales_Employee_ID,E00251,Employee_ID,Unmatched Foreign Key
orders.csv,95959,Sales_Employee_ID,E99999,Employee_ID,Unmatched Foreign Key
orders.csv,96251,Sales_Employee_ID,E00251,Employee_ID,Unmatched Foreign Key
orders.csv,96751,Sales_Employee_ID,E00251,Employee_ID,Unmatched Foreign Key
orders.csv,97251,Sales_Employee_ID,E00251,Employee_ID,Unmatched Foreign Key
orders.csv,97736,Sales_Employee_ID,E99999,Employee_ID,Unmatched Foreign Key
orders.csv,97751,Sales_Employee_ID,E00251,Employee_ID,Unmatched Foreign Key
orders.csv,98251,Sales_Employee_ID,E00251,Employee_ID,Unmatched Foreign Key
orders.csv,98751,Sales_Employee_ID,E00251,Employee_ID,Unmatched Foreign Key
orders.csv,99251,Sales_Employee_ID,E00251,Employee_ID,Unmatched Foreign Key
orders.csv,99513,Sales_Employee_ID,E99999,Employee_ID,Unmatched Foreign Key
orders.csv,99751,Sales_Employee_ID,E00251,Employee_ID,Unmatched Foreign Key
order_items.csv,5004,Order_ID,O9999999,Order_ID,Unmatched Foreign Key
order_items.csv,10007,Order_ID,O9999999,Order_ID,Unmatched Foreign Key
order_items.csv,10008,Order_ID,O0010007,Order_ID,Unmatched Foreign Key
order_items.csv,15010,Order_ID,O9999999,Order_ID,Unmatched Foreign Key
order_items.csv,20013,Order_ID,O9999999,Order_ID,Unmatched Foreign Key
order_items.csv,20015,Order_ID,O0020014,Order_ID,Unmatched Foreign Key
order_items.csv,25016,Order_ID,O9999999,Order_ID,Unmatched Foreign Key
order_items.csv,30019,Order_ID,O9999999,Order_ID,Unmatched Foreign Key
order_items.csv,30022,Order_ID,O0030021,Order_ID,Unmatched Foreign Key
order_items.csv,35022,Order_ID,O9999999,Order_ID,Unmatched Foreign Key
order_items.csv,40025,Order_ID,O9999999,Order_ID,Unmatched Foreign Key
order_items.csv,40029,Order_ID,O0040028,Order_ID,Unmatched Foreign Key
order_items.csv,45028,Order_ID,O9999999,Order_ID,Unmatched Foreign Key
order_items.csv,50031,Order_ID,O9999999,Order_ID,Unmatched Foreign Key
order_items.csv,50036,Order_ID,O0050035,Order_ID,Unmatched Foreign Key
order_items.csv,55034,Order_ID,O9999999,Order_ID,Unmatched Foreign Key
order_items.csv,60037,Order_ID,O9999999,Order_ID,Unmatched Foreign Key
order_items.csv,60043,Order_ID,O0060042,Order_ID,Unmatched Foreign Key
order_items.csv,65040,Order_ID,O9999999,Order_ID,Unmatched Foreign Key
order_items.csv,70043,Order_ID,O9999999,Order_ID,Unmatched Foreign Key
order_items.csv,70050,Order_ID,O0070049,Order_ID,Unmatched Foreign Key
order_items.csv,75046,Order_ID,O9999999,Order_ID,Unmatched Foreign Key
order_items.csv,80049,Order_ID,O9999999,Order_ID,Unmatched Foreign Key
order_items.csv,80057,Order_ID,O0080056,Order_ID,Unmatched Foreign Key
order_items.csv,85052,Order_ID,O9999999,Order_ID,Unmatched Foreign Key
order_items.csv,90055,Order_ID,O9999999,Order_ID,Unmatched Foreign Key
order_items.csv,90064,Order_ID,O0090063,Order_ID,Unmatched Foreign Key
order_items.csv,95058,Order_ID,O9999999,Order_ID,Unmatched Foreign Key
order_items.csv,100061,Order_ID,O9999999,Order_ID,Unmatched Foreign Key
order_items.csv,105064,Order_ID,O9999999,Order_ID,Unmatched Foreign Key
order_items.csv,110008,Order_ID,O0010007,Order_ID,Unmatched Foreign Key
order_items.csv,110067,Order_ID,O9999999,Order_ID,Unmatched Foreign Key
order_items.csv,115070,Order_ID,O9999999,Order_ID,Unmatched Foreign Key
order_items.csv,120015,Order_ID,O0020014,Order_ID,Unmatched Foreign Key
order_items.csv,120073,Order_ID,O9999999,Order_ID,Unmatched Foreign Key
order_items.csv,125076,Order_ID,O9999999,Order_ID,Unmatched Foreign Key
order_items.csv,130022,Order_ID,O0030021,Order_ID,Unmatched Foreign Key
order_items.csv,130079,Order_ID,O9999999,Order_ID,Unmatched Foreign Key
order_items.csv,135082,Order_ID,O9999999,Order_ID,Unmatched Foreign Key
order_items.csv,140029,Order_ID,O0040028,Order_ID,Unmatched Foreign Key
order_items.csv,140085,Order_ID,O9999999,Order_ID,Unmatched Foreign Key
order_items.csv,145088,Order_ID,O9999999,Order_ID,Unmatched Foreign Key
order_items.csv,150036,Order_ID,O0050035,Order_ID,Unmatched Foreign Key
order_items.csv,150091,Order_ID,O9999999,Order_ID,Unmatched Foreign Key
order_items.csv,155094,Order_ID,O9999999,Order_ID,Unmatched Foreign Key
order_items.csv,160043,Order_ID,O0060042,Order_ID,Unmatched Foreign Key
order_items.csv,160097,Order_ID,O9999999,Order_ID,Unmatched Foreign Key
order_items.csv,165100,Order_ID,O9999999,Order_ID,Unmatched Foreign Key
order_items.csv,170050,Order_ID,O0070049,Order_ID,Unmatched Foreign Key
order_items.csv,170103,Order_ID,O9999999,Order_ID,Unmatched Foreign Key
order_items.csv,175106,Order_ID,O9999999,Order_ID,Unmatched Foreign Key
order_items.csv,180057,Order_ID,O0080056,Order_ID,Unmatched Foreign Key
order_items.csv,180109,Order_ID,O9999999,Order_ID,Unmatched Foreign Key
order_items.csv,185112,Order_ID,O9999999,Order_ID,Unmatched Foreign Key
order_items.csv,190064,Order_ID,O0090063,Order_ID,Unmatched Foreign Key
order_items.csv,190115,Order_ID,O9999999,Order_ID,Unmatched Foreign Key
order_items.csv,195118,Order_ID,O9999999,Order_ID,Unmatched Foreign Key
order_items.csv,200121,Order_ID,O9999999,Order_ID,Unmatched Foreign Key
order_items.csv,205124,Order_ID,O9999999,Order_ID,Unmatched Foreign Key
order_items.csv,210008,Order_ID,O0010007,Order_ID,Unmatched Foreign Key
order_items.csv,210127,Order_ID,O9999999,Order_ID,Unmatched Foreign Key
order_items.csv,215130,Order_ID,O9999999,Order_ID,Unmatched Foreign Key
order_items.csv,220015,Order_ID,O0020014,Order_ID,Unmatched Foreign Key
order_items.csv,220133,Order_ID,O9999999,Order_ID,Unmatched Foreign Key
order_items.csv,225136,Order_ID,O9999999,Order_ID,Unmatched Foreign Key
order_items.csv,230022,Order_ID,O0030021,Order_ID,Unmatched Foreign Key
order_items.csv,230139,Order_ID,O9999999,Order_ID,Unmatched Foreign Key
order_items.csv,235142,Order_ID,O9999999,Order_ID,Unmatched Foreign Key
order_items.csv,240029,Order_ID,O0040028,Order_ID,Unmatched Foreign Key
order_items.csv,240145,Order_ID,O9999999,Order_ID,Unmatched Foreign Key
order_items.csv,245148,Order_ID,O9999999,Order_ID,Unmatched Foreign Key
order_items.csv,499,Product_ID,P00499,Product_ID,Unmatched Foreign Key
order_items.csv,998,Product_ID,P00998,Product_ID,Unmatched Foreign Key
order_items.csv,1499,Product_ID,P00499,Product_ID,Unmatched Foreign Key
order_items.csv,1998,Product_ID,P00998,Product_ID,Unmatched Foreign Key
order_items.csv,2499,Product_ID,P00499,Product_ID,Unmatched Foreign Key
order_items.csv,2998,Product_ID,P00998,Product_ID,Unmatched Foreign Key
order_items.csv,3204,Product_ID,P99999,Product_ID,Unmatched Foreign Key
order_items.csv,3499,Product_ID,P00499,Product_ID,Unmatched Foreign Key
order_items.csv,3998,Product_ID,P00998,Product_ID,Unmatched Foreign Key
order_items.csv,4499,Product_ID,P00499,Product_ID,Unmatched Foreign Key
order_items.csv,4998,Product_ID,P00998,Product_ID,Unmatched Foreign Key
order_items.csv,5499,Product_ID,P00499,Product_ID,Unmatched Foreign Key
order_items.csv,5998,Product_ID,P00998,Product_ID,Unmatched Foreign Key
order_items.csv,6407,Product_ID,P99999,Product_ID,Unmatched Foreign Key
order_items.csv,6499,Product_ID,P00499,Product_ID,Unmatched Foreign Key
order_items.csv,6998,Product_ID,P00998,Product_ID,Unmatched Foreign Key
order_items.csv,7499,Product_ID,P00499,Product_ID,Unmatched Foreign Key
order_items.csv,7998,Product_ID,P00998,Product_ID,Unmatched Foreign Key
order_items.csv,8499,Product_ID,P00499,Product_ID,Unmatched Foreign Key
order_items.csv,8998,Product_ID,P00998,Product_ID,Unmatched Foreign Key
order_items.csv,9499,Product_ID,P00499,Product_ID,Unmatched Foreign Key
order_items.csv,9610,Product_ID,P99999,Product_ID,Unmatched Foreign Key
order_items.csv,9998,Product_ID,P00998,Product_ID,Unmatched Foreign Key
order_items.csv,10499,Product_ID,P00499,Product_ID,Unmatched Foreign Key
order_items.csv,10998,Product_ID,P00998,Product_ID,Unmatched Foreign Key
order_items.csv,11499,Product_ID,P00499,Product_ID,Unmatched Foreign Key
order_items.csv,11998,Product_ID,P00998,Product_ID,Unmatched Foreign Key
order_items.csv,12499,Product_ID,P00499,Product_ID,Unmatched Foreign Key
order_items.csv,12813,Product_ID,P99999,Product_ID,Unmatched Foreign Key
order_items.csv,12998,Product_ID,P00998,Product_ID,Unmatched Foreign Key
order_items.csv,13499,Product_ID,P00499,Product_ID,Unmatched Foreign Key
order_items.csv,13998,Product_ID,P00998,Product_ID,Unmatched Foreign Key
order_items.csv,14499,Product_ID,P00499,Product_ID,Unmatched Foreign Key
order_items.csv,14998,Product_ID,P00998,Product_ID,Unmatched Foreign Key
order_items.csv,15499,Product_ID,P00499,Product_ID,Unmatched Foreign Key
order_items.csv,15998,Product_ID,P00998,Product_ID,Unmatched Foreign Key
order_items.csv,16016,Product_ID,P99999,Product_ID,Unmatched Foreign Key
order_items.csv,16499,Product_ID,P00499,Product_ID,Unmatched Foreign Key
order_items.csv,16998,Product_ID,P00998,Product_ID,Unmatched Foreign Key
order_items.csv,17499,Product_ID,P00499,Product_ID,Unmatched Foreign Key
order_items.csv,17998,Product_ID,P00998,Product_ID,Unmatched Foreign Key
order_items.csv,18499,Product_ID,P00499,Product_ID,Unmatched Foreign Key
order_items.csv,18998,Product_ID,P00998,Product_ID,Unmatched Foreign Key
order_items.csv,19219,Product_ID,P99999,Product_ID,Unmatched Foreign Key
order_items.csv,19499,Product_ID,P00499,Product_ID,Unmatched Foreign Key
order_items.csv,19998,Product_ID,P00998,Product_ID,Unmatched Foreign Key
order_items.csv,20499,Product_ID,P00499,Product_ID,Unmatched Foreign Key
order_items.csv,20998,Product_ID,P00998,Product_ID,Unmatched Foreign Key
order_items.csv,21499,Product_ID,P00499,Product_ID,Unmatched Foreign Key
order_items.csv,21998,Product_ID,P00998,Product_ID,Unmatched Foreign Key
order_items.csv,22422,Product_ID,P99999,Product_ID,Unmatched Foreign Key
order_items.csv,22499,Product_ID,P00499,Product_ID,Unmatched Foreign Key
order_items.csv,22998,Product_ID,P00998,Product_ID,Unmatched Foreign Key
order_items.csv,23499,Product_ID,P00499,Product_ID,Unmatched Foreign Key
order_items.csv,23998,Product_ID,P00998,Product_ID,Unmatched Foreign Key
order_items.csv,24499,Product_ID,P00499,Product_ID,Unmatched Foreign Key
order_items.csv,24998,Product_ID,P00998,Product_ID,Unmatched Foreign Key
order_items.csv,25499,Product_ID,P00499,Product_ID,Unmatched Foreign Key
order_items.csv,25625,Product_ID,P99999,Product_ID,Unmatched Foreign Key
order_items.csv,25998,Product_ID,P00998,Product_ID,Unmatched Foreign Key
order_items.csv,26499,Product_ID,P00499,Product_ID,Unmatched Foreign Key
order_items.csv,26998,Product_ID,P00998,Product_ID,Unmatched Foreign Key
order_items.csv,27499,Product_ID,P00499,Product_ID,Unmatched Foreign Key
order_items.csv,27998,Product_ID,P00998,Product_ID,Unmatched Foreign Key
order_items.csv,28499,Product_ID,P00499,Product_ID,Unmatched Foreign Key
order_items.csv,28828,Product_ID,P99999,Product_ID,Unmatched Foreign Key
order_items.csv,28998,Product_ID,P00998,Product_ID,Unmatched Foreign Key
order_items.csv,29499,Product_ID,P00499,Product_ID,Unmatched Foreign Key
order_items.csv,29998,Product_ID,P00998,Product_ID,Unmatched Foreign Key
order_items.csv,30499,Product_ID,P00499,Product_ID,Unmatched Foreign Key
order_items.csv,30998,Product_ID,P00998,Product_ID,Unmatched Foreign Key
order_items.csv,31499,Product_ID,P00499,Product_ID,Unmatched Foreign Key
order_items.csv,31998,Product_ID,P00998,Product_ID,Unmatched Foreign Key
order_items.csv,32031,Product_ID,P99999,Product_ID,Unmatched Foreign Key
order_items.csv,32499,Product_ID,P00499,Product_ID,Unmatched Foreign Key
order_items.csv,32998,Product_ID,P00998,Product_ID,Unmatched Foreign Key
order_items.csv,33499,Product_ID,P00499,Product_ID,Unmatched Foreign Key
order_items.csv,33998,Product_ID,P00998,Product_ID,Unmatched Foreign Key
order_items.csv,34499,Product_ID,P00499,Product_ID,Unmatched Foreign Key
order_items.csv,34998,Product_ID,P00998,Product_ID,Unmatched Foreign Key
order_items.csv,35234,Product_ID,P99999,Product_ID,Unmatched Foreign Key
order_items.csv,35499,Product_ID,P00499,Product_ID,Unmatched Foreign Key
order_items.csv,35998,Product_ID,P00998,Product_ID,Unmatched Foreign Key
order_items.csv,36499,Product_ID,P00499,Product_ID,Unmatched Foreign Key
order_items.csv,36998,Product_ID,P00998,Product_ID,Unmatched Foreign Key
order_items.csv,37499,Product_ID,P00499,Product_ID,Unmatched Foreign Key
order_items.csv,37998,Product_ID,P00998,Product_ID,Unmatched Foreign Key
order_items.csv,38437,Product_ID,P99999,Product_ID,Unmatched Foreign Key
order_items.csv,38499,Product_ID,P00499,Product_ID,Unmatched Foreign Key
order_items.csv,38998,Product_ID,P00998,Product_ID,Unmatched Foreign Key
order_items.csv,39499,Product_ID,P00499,Product_ID,Unmatched Foreign Key
order_items.csv,39998,Product_ID,P00998,Product_ID,Unmatched Foreign Key
order_items.csv,40499,Product_ID,P00499,Product_ID,Unmatched Foreign Key
order_items.csv,40998,Product_ID,P00998,Product_ID,Unmatched Foreign Key
order_items.csv,41499,Product_ID,P00499,Product_ID,Unmatched Foreign Key
order_items.csv,41640,Product_ID,P99999,Product_ID,Unmatched Foreign Key
order_items.csv,41998,Product_ID,P00998,Product_ID,Unmatched Foreign Key
order_items.csv,42499,Product_ID,P00499,Product_ID,Unmatched Foreign Key
order_items.csv,42998,Product_ID,P00998,Product_ID,Unmatched Foreign Key
order_items.csv,43499,Product_ID,P00499,Product_ID,Unmatched Foreign Key
order_items.csv,43998,Product_ID,P00998,Product_ID,Unmatched Foreign Key
order_items.csv,44499,Product_ID,P00499,Product_ID,Unmatched Foreign Key
order_items.csv,44843,Product_ID,P99999,Product_ID,Unmatched Foreign Key
order_items.csv,44998,Product_ID,P00998,Product_ID,Unmatched Foreign Key
order_items.csv,45499,Product_ID,P00499,Product_ID,Unmatched Foreign Key
order_items.csv,45998,Product_ID,P00998,Product_ID,Unmatched Foreign Key
order_items.csv,46499,Product_ID,P00499,Product_ID,Unmatched Foreign Key
order_items.csv,46998,Product_ID,P00998,Product_ID,Unmatched Foreign Key
order_items.csv,47499,Product_ID,P00499,Product_ID,Unmatched Foreign Key
order_items.csv,47998,Product_ID,P00998,Product_ID,Unmatched Foreign Key
order_items.csv,48046,Product_ID,P99999,Product_ID,Unmatched Foreign Key
order_items.csv,48499,Product_ID,P00499,Product_ID,Unmatched Foreign Key
order_items.csv,48998,Product_ID,P00998,Product_ID,Unmatched Foreign Key
order_items.csv,49499,Product_ID,P00499,Product_ID,Unmatched Foreign Key
order_items.csv,49998,Product_ID,P00998,Product_ID,Unmatched Foreign Key
order_items.csv,50499,Product_ID,P00499,Product_ID,Unmatched Foreign Key
order_items.csv,50998,Product_ID,P00998,Product_ID,Unmatched Foreign Key
order_items.csv,51249,Product_ID,P99999,Product_ID,Unmatched Foreign Key
order_items.csv,51499,Product_ID,P00499,Product_ID,Unmatched Foreign Key
order_items.csv,51998,Product_ID,P00998,Product_ID,Unmatched Foreign Key
order_items.csv,52499,Product_ID,P00499,Product_ID,Unmatched Foreign Key
order_items.csv,52998,Product_ID,P00998,Product_ID,Unmatched Foreign Key
order_items.csv,53499,Product_ID,P00499,Product_ID,Unmatched Foreign Key
order_items.csv,53998,Product_ID,P00998,Product_ID,Unmatched Foreign Key
order_items.csv,54452,Product_ID,P99999,Product_ID,Unmatched Foreign Key
order_items.csv,54499,Product_ID,P00499,Product_ID,Unmatched Foreign Key
order_items.csv,54998,Product_ID,P00998,Product_ID,Unmatched Foreign Key
order_items.csv,55499,Product_ID,P00499,Product_ID,Unmatched Foreign Key
order_items.csv,55998,Product_ID,P00998,Product_ID,Unmatched Foreign Key
order_items.csv,56499,Product_ID,P00499,Product_ID,Unmatched Foreign Key
order_items.csv,56998,Product_ID,P00998,Product_ID,Unmatched Foreign Key
order_items.csv,57499,Product_ID,P00499,Product_ID,Unmatched Foreign Key
order_items.csv,57655,Product_ID,P99999,Product_ID,Unmatched Foreign Key
order_items.csv,57998,Product_ID,P00998,Product_ID,Unmatched Foreign Key
order_items.csv,58499,Product_ID,P00499,Product_ID,Unmatched Foreign Key
order_items.csv,58998,Product_ID,P00998,Product_ID,Unmatched Foreign Key
order_items.csv,59499,Product_ID,P00499,Product_ID,Unmatched Foreign Key
order_items.csv,59998,Product_ID,P00998,Product_ID,Unmatched Foreign Key
order_items.csv,60499,Product_ID,P00499,Product_ID,Unmatched Foreign Key
order_items.csv,60858,Product_ID,P99999,Product_ID,Unmatched Foreign Key
order_items.csv,60998,Product_ID,P00998,Product_ID,Unmatched Foreign Key
order_items.csv,61499,Product_ID,P00499,Product_ID,Unmatched Foreign Key
order_items.csv,61998,Product_ID,P00998,Product_ID,Unmatched Foreign Key
order_items.csv,62499,Product_ID,P00499,Product_ID,Unmatched Foreign Key
order_items.csv,62998,Product_ID,P00998,Product_ID,Unmatched Foreign Key
order_items.csv,63499,Product_ID,P00499,Product_ID,Unmatched Foreign Key
order_items.csv,63998,Product_ID,P00998,Product_ID,Unmatched Foreign Key
order_items.csv,64061,Product_ID,P99999,Product_ID,Unmatched Foreign Key
order_items.csv,64499,Product_ID,P00499,Product_ID,Unmatched Foreign Key
order_items.csv,64998,Product_ID,P00998,Product_ID,Unmatched Foreign Key
order_items.csv,65499,Product_ID,P00499,Product_ID,Unmatched Foreign Key
order_items.csv,65998,Product_ID,P00998,Product_ID,Unmatched Foreign Key
order_items.csv,66499,Product_ID,P00499,Product_ID,Unmatched Foreign Key
order_items.csv,66998,Product_ID,P00998,Product_ID,Unmatched Foreign Key
order_items.csv,67264,Product_ID,P99999,Product_ID,Unmatched Foreign Key
order_items.csv,67499,Product_ID,P00499,Product_ID,Unmatched Foreign Key
order_items.csv,67998,Product_ID,P00998,Product_ID,Unmatched Foreign Key
order_items.csv,68499,Product_ID,P00499,Product_ID,Unmatched Foreign Key
order_items.csv,68998,Product_ID,P00998,Product_ID,Unmatched Foreign Key
order_items.csv,69499,Product_ID,P00499,Product_ID,Unmatched Foreign Key
order_items.csv,69998,Product_ID,P00998,Product_ID,Unmatched Foreign Key
order_items.csv,70467,Product_ID,P99999,Product_ID,Unmatched Foreign Key
order_items.csv,70499,Product_ID,P00499,Product_ID,Unmatched Foreign Key
order_items.csv,70998,Product_ID,P00998,Product_ID,Unmatched Foreign Key
order_items.csv,71499,Product_ID,P00499,Product_ID,Unmatched Foreign Key
order_items.csv,71998,Product_ID,P00998,Product_ID,Unmatched Foreign Key
order_items.csv,72499,Product_ID,P00499,Product_ID,Unmatched Foreign Key
order_items.csv,72998,Product_ID,P00998,Product_ID,Unmatched Foreign Key
order_items.csv,73499,Product_ID,P00499,Product_ID,Unmatched Foreign Key
order_items.csv,73670,Product_ID,P99999,Product_ID,Unmatched Foreign Key
order_items.csv,73998,Product_ID,P00998,Product_ID,Unmatched Foreign Key
order_items.csv,74499,Product_ID,P00499,Product_ID,Unmatched Foreign Key
order_items.csv,74998,Product_ID,P00998,Product_ID,Unmatched Foreign Key
order_items.csv,75499,Product_ID,P00499,Product_ID,Unmatched Foreign Key
order_items.csv,75998,Product_ID,P00998,Product_ID,Unmatched Foreign Key
order_items.csv,76499,Product_ID,P00499,Product_ID,Unmatched Foreign Key
order_items.csv,76873,Product_ID,P99999,Product_ID,Unmatched Foreign Key
order_items.csv,76998,Product_ID,P00998,Product_ID,Unmatched Foreign Key
order_items.csv,77499,Product_ID,P00499,Product_ID,Unmatched Foreign Key
order_items.csv,77998,Product_ID,P00998,Product_ID,Unmatched Foreign Key
order_items.csv,78499,Product_ID,P00499,Product_ID,Unmatched Foreign Key
order_items.csv,78998,Product_ID,P00998,Product_ID,Unmatched Foreign Key
order_items.csv,79499,Product_ID,P00499,Product_ID,Unmatched Foreign Key
order_items.csv,79998,Product_ID,P00998,Product_ID,Unmatched Foreign Key
order_items.csv,80076,Product_ID,P99999,Product_ID,Unmatched Foreign Key
order_items.csv,80499,Product_ID,P00499,Product_ID,Unmatched Foreign Key
order_items.csv,80998,Product_ID,P00998,Product_ID,Unmatched Foreign Key
order_items.csv,81499,Product_ID,P00499,Product_ID,Unmatched Foreign Key
order_items.csv,81998,Product_ID,P00998,Product_ID,Unmatched Foreign Key
order_items.csv,82499,Product_ID,P00499,Product_ID,Unmatched Foreign Key
order_items.csv,82998,Product_ID,P00998,Product_ID,Unmatched Foreign Key
order_items.csv,83279,Product_ID,P99999,Product_ID,Unmatched Foreign Key
order_items.csv,83499,Product_ID,P00499,Product_ID,Unmatched Foreign Key
order_items.csv,83998,Product_ID,P00998,Product_ID,Unmatched Foreign Key
order_items.csv,84499,Product_ID,P00499,Product_ID,Unmatched Foreign Key
order_items.csv,84998,Product_ID,P00998,Product_ID,Unmatched Foreign Key
order_items.csv,85499,Product_ID,P00499,Product_ID,Unmatched Foreign Key
order_items.csv,85998,Product_ID,P00998,Product_ID,Unmatched Foreign Key
order_items.csv,86482,Product_ID,P99999,Product_ID,Unmatched Foreign Key
order_items.csv,86499,Product_ID,P00499,Product_ID,Unmatched Foreign Key
order_items.csv,86998,Product_ID,P00998,Product_ID,Unmatched Foreign Key
order_items.csv,87499,Product_ID,P00499,Product_ID,Unmatched Foreign Key
order_items.csv,87998,Product_ID,P00998,Product_ID,Unmatched Foreign Key
order_items.csv,88499,Product_ID,P00499,Product_ID,Unmatched Foreign Key
order_items.csv,88998,Product_ID,P00998,Product_ID,Unmatched Foreign Key
order_items.csv,89499,Product_ID,P00499,Product_ID,Unmatched Foreign Key
order_items.csv,89685,Product_ID,P99999,Product_ID,Unmatched Foreign Key
order_items.csv,89998,Product_ID,P00998,Product_ID,Unmatched Foreign Key
order_items.csv,90499,Product_ID,P00499,Product_ID,Unmatched Foreign Key
order_items.csv,90998,Product_ID,P00998,Product_ID,Unmatched Foreign Key
order_items.csv,91499,Product_ID,P00499,Product_ID,Unmatched Foreign Key
order_items.csv,91998,Product_ID,P00998,Product_ID,Unmatched Foreign Key
order_items.csv,92499,Product_ID,P00499,Product_ID,Unmatched Foreign Key
order_items.csv,92888,Product_ID,P99999,Product_ID,Unmatched Foreign Key
order_items.csv,92998,Product_ID,P00998,Product_ID,Unmatched Foreign Key
order_items.csv,93499,Product_ID,P00499,Product_ID,Unmatched Foreign Key
order_items.csv,93998,Product_ID,P00998,Product_ID,Unmatched Foreign Key
order_items.csv,94499,Product_ID,P00499,Product_ID,Unmatched Foreign Key
order_items.csv,94998,Product_ID,P00998,Product_ID,Unmatched Foreign Key
order_items.csv,95499,Product_ID,P00499,Product_ID,Unmatched Foreign Key
order_items.csv,95998,Product_ID,P00998,Product_ID,Unmatched Foreign Key
order_items.csv,96091,Product_ID,P99999,Product_ID,Unmatched Foreign Key
order_items.csv,96499,Product_ID,P00499,Product_ID,Unmatched Foreign Key
order_items.csv,96998,Product_ID,P00998,Product_ID,Unmatched Foreign Key
order_items.csv,97499,Product_ID,P00499,Product_ID,Unmatched Foreign Key
order_items.csv,97998,Product_ID,P00998,Product_ID,Unmatched Foreign Key
order_items.csv,98499,Product_ID,P00499,Product_ID,Unmatched Foreign Key
order_items.csv,98998,Product_ID,P00998,Product_ID,Unmatched Foreign Key
order_items.csv,99294,Product_ID,P99999,Product_ID,Unmatched Foreign Key
order_items.csv,99499,Product_ID,P00499,Product_ID,Unmatched Foreign Key
order_items.csv,99998,Product_ID,P00998,Product_ID,Unmatched Foreign Key
order_items.csv,100499,Product_ID,P00499,Product_ID,Unmatched Foreign Key
order_items.csv,100998,Product_ID,P00998,Product_ID,Unmatched Foreign Key
order_items.csv,101499,Product_ID,P00499,Product_ID,Unmatched Foreign Key
order_items.csv,101998,Product_ID,P00998,Product_ID,Unmatched Foreign Key
order_items.csv,102497,Product_ID,P99999,Product_ID,Unmatched Foreign Key
order_items.csv,102499,Product_ID,P00499,Product_ID,Unmatched Foreign Key
order_items.csv,102998,Product_ID,P00998,Product_ID,Unmatched Foreign Key
order_items.csv,103499,Product_ID,P00499,Product_ID,Unmatched Foreign Key
order_items.csv,103998,Product_ID,P00998,Product_ID,Unmatched Foreign Key
order_items.csv,104499,Product_ID,P00499,Product_ID,Unmatched Foreign Key
order_items.csv,104998,Product_ID,P00998,Product_ID,Unmatched Foreign Key
order_items.csv,105499,Product_ID,P00499,Product_ID,Unmatched Foreign Key
order_items.csv,105700,Product_ID,P99999,Product_ID,Unmatched Foreign Key
order_items.csv,105998,Product_ID,P00998,Product_ID,Unmatched Foreign Key
order_items.csv,106499,Product_ID,P00499,Product_ID,Unmatched Foreign Key
order_items.csv,106998,Product_ID,P00998,Product_ID,Unmatched Foreign Key
order_items.csv,107499,Product_ID,P00499,Product_ID,Unmatched Foreign Key
order_items.csv,107998,Product_ID,P00998,Product_ID,Unmatched Foreign Key
order_items.csv,108499,Product_ID,P00499,Product_ID,Unmatched Foreign Key
order_items.csv,108903,Product_ID,P99999,Product_ID,Unmatched Foreign Key
order_items.csv,108998,Product_ID,P00998,Product_ID,Unmatched Foreign Key
order_items.csv,109499,Product_ID,P00499,Product_ID,Unmatched Foreign Key
order_items.csv,109998,Product_ID,P00998,Product_ID,Unmatched Foreign Key
order_items.csv,110499,Product_ID,P00499,Product_ID,Unmatched Foreign Key
order_items.csv,110998,Product_ID,P00998,Product_ID,Unmatched Foreign Key
order_items.csv,111499,Product_ID,P00499,Product_ID,Unmatched Foreign Key
order_items.csv,111998,Product_ID,P00998,Product_ID,Unmatched Foreign Key
order_items.csv,112106,Product_ID,P99999,Product_ID,Unmatched Foreign Key
order_items.csv,112499,Product_ID,P00499,Product_ID,Unmatched Foreign Key
order_items.csv,112998,Product_ID,P00998,Product_ID,Unmatched Foreign Key
order_items.csv,113499,Product_ID,P00499,Product_ID,Unmatched Foreign Key
order_items.csv,113998,Product_ID,P00998,Product_ID,Unmatched Foreign Key
order_items.csv,114499,Product_ID,P00499,Product_ID,Unmatched Foreign Key
order_items.csv,114998,Product_ID,P00998,Product_ID,Unmatched Foreign Key
order_items.csv,115309,Product_ID,P99999,Product_ID,Unmatched Foreign Key
order_items.csv,115499,Product_ID,P00499,Product_ID,Unmatched Foreign Key
order_items.csv,115998,Product_ID,P00998,Product_ID,Unmatched Foreign Key
order_items.csv,116499,Product_ID,P00499,Product_ID,Unmatched Foreign Key
order_items.csv,116998,Product_ID,P00998,Product_ID,Unmatched Foreign Key
order_items.csv,117499,Product_ID,P00499,Product_ID,Unmatched Foreign Key
order_items.csv,117998,Product_ID,P00998,Product_ID,Unmatched Foreign Key
order_items.csv,118499,Product_ID,P00499,Product_ID,Unmatched Foreign Key
order_items.csv,118512,Product_ID,P99999,Product_ID,Unmatched Foreign Key
order_items.csv,118998,Product_ID,P00998,Product_ID,Unmatched Foreign Key
order_items.csv,119499,Product_ID,P00499,Product_ID,Unmatched Foreign Key
order_items.csv,119998,Product_ID,P00998,Product_ID,Unmatched Foreign Key
order_items.csv,120499,Product_ID,P00499,Product_ID,Unmatched Foreign Key
order_items.csv,120998,Product_ID,P00998,Product_ID,Unmatched Foreign Key
order_items.csv,121499,Product_ID,P00499,Product_ID,Unmatched Foreign Key
order_items.csv,121715,Product_ID,P99999,Product_ID,Unmatched Foreign Key
order_items.csv,121998,Product_ID,P00998,Product_ID,Unmatched Foreign Key
order_items.csv,122499,Product_ID,P00499,Product_ID,Unmatched Foreign Key
order_items.csv,122998,Product_ID,P00998,Product_ID,Unmatched Foreign Key
order_items.csv,123499,Product_ID,P00499,Product_ID,Unmatched Foreign Key
order_items.csv,123998,Product_ID,P00998,Product_ID,Unmatched Foreign Key
order_items.csv,124499,Product_ID,P00499,Product_ID,Unmatched Foreign Key
order_items.csv,124918,Product_ID,P99999,Product_ID,Unmatched Foreign Key
order_items.csv,124998,Product_ID,P00998,Product_ID,Unmatched Foreign Key
order_items.csv,125499,Product_ID,P00499,Product_ID,Unmatched Foreign Key
order_items.csv,125998,Product_ID,P00998,Product_ID,Unmatched Foreign Key
order_items.csv,126499,Product_ID,P00499,Product_ID,Unmatched Foreign Key
order_items.csv,126998,Product_ID,P00998,Product_ID,Unmatched Foreign Key
order_items.csv,127499,Product_ID,P00499,Product_ID,Unmatched Foreign Key
order_items.csv,127998,Product_ID,P00998,Product_ID,Unmatched Foreign Key
order_items.csv,128121,Product_ID,P99999,Product_ID,Unmatched Foreign Key
order_items.csv,128499,Product_ID,P00499,Product_ID,Unmatched Foreign Key
order_items.csv,128998,Product_ID,P00998,Product_ID,Unmatched Foreign Key
order_items.csv,129499,Product_ID,P00499,Product_ID,Unmatched Foreign Key
order_items.csv,129998,Product_ID,P00998,Product_ID,Unmatched Foreign Key
order_items.csv,130499,Product_ID,P00499,Product_ID,Unmatched Foreign Key
order_items.csv,130998,Product_ID,P00998,Product_ID,Unmatched Foreign Key
order_items.csv,131324,Product_ID,P99999,Product_ID,Unmatched Foreign Key
order_items.csv,131499,Product_ID,P00499,Product_ID,Unmatched Foreign Key
order_items.csv,131998,Product_ID,P00998,Product_ID,Unmatched Foreign Key
order_items.csv,132499,Product_ID,P00499,Product_ID,Unmatched Foreign Key
order_items.csv,132998,Product_ID,P00998,Product_ID,Unmatched Foreign Key
order_items.csv,133499,Product_ID,P00499,Product_ID,Unmatched Foreign Key
order_items.csv,133998,Product_ID,P00998,Product_ID,Unmatched Foreign Key
order_items.csv,134499,Product_ID,P00499,Product_ID,Unmatched Foreign Key
order_items.csv,134527,Product_ID,P99999,Product_ID,Unmatched Foreign Key
order_items.csv,134998,Product_ID,P00998,Product_ID,Unmatched Foreign Key
order_items.csv,135499,Product_ID,P00499,Product_ID,Unmatched Foreign Key
order_items.csv,135998,Product_ID,P00998,Product_ID,Unmatched Foreign Key
order_items.csv,136499,Product_ID,P00499,Product_ID,Unmatched Foreign Key
order_items.csv,136998,Product_ID,P00998,Product_ID,Unmatched Foreign Key
order_items.csv,137499,Product_ID,P00499,Product_ID,Unmatched Foreign Key
order_items.csv,137730,Product_ID,P99999,Product_ID,Unmatched Foreign Key
order_items.csv,137998,Product_ID,P00998,Product_ID,Unmatched Foreign Key
order_items.csv,138499,Product_ID,P00499,Product_ID,Unmatched Foreign Key
order_items.csv,138998,Product_ID,P00998,Product_ID,Unmatched Foreign Key
order_items.csv,139499,Product_ID,P00499,Product_ID,Unmatched Foreign Key
order_items.csv,139998,Product_ID,P00998,Product_ID,Unmatched Foreign Key
order_items.csv,140499,Product_ID,P00499,Product_ID,Unmatched Foreign Key
order_items.csv,140933,Product_ID,P99999,Product_ID,Unmatched Foreign Key
order_items.csv,140998,Product_ID,P00998,Product_ID,Unmatched Foreign Key
order_items.csv,141499,Product_ID,P00499,Product_ID,Unmatched Foreign Key
order_items.csv,141998,Product_ID,P00998,Product_ID,Unmatched Foreign Key
order_items.csv,142499,Product_ID,P00499,Product_ID,Unmatched Foreign Key
order_items.csv,142998,Product_ID,P00998,Product_ID,Unmatched Foreign Key
order_items.csv,143499,Product_ID,P00499,Product_ID,Unmatched Foreign Key
order_items.csv,143998,Product_ID,P00998,Product_ID,Unmatched Foreign Key
order_items.csv,144136,Product_ID,P99999,Product_ID,Unmatched Foreign Key
order_items.csv,144499,Product_ID,P00499,Product_ID,Unmatched Foreign Key
order_items.csv,144998,Product_ID,P00998,Product_ID,Unmatched Foreign Key
order_items.csv,145499,Product_ID,P00499,Product_ID,Unmatched Foreign Key
order_items.csv,145998,Product_ID,P00998,Product_ID,Unmatched Foreign Key
order_items.csv,146499,Product_ID,P00499,Product_ID,Unmatched Foreign Key
order_items.csv,146998,Product_ID,P00998,Product_ID,Unmatched Foreign Key
order_items.csv,147339,Product_ID,P99999,Product_ID,Unmatched Foreign Key
order_items.csv,147499,Product_ID,P00499,Product_ID,Unmatched Foreign Key
order_items.csv,147998,Product_ID,P00998,Product_ID,Unmatched Foreign Key
order_items.csv,148499,Product_ID,P00499,Product_ID,Unmatched Foreign Key
order_items.csv,148998,Product_ID,P00998,Product_ID,Unmatched Foreign Key
order_items.csv,149499,Product_ID,P00499,Product_ID,Unmatched Foreign Key
order_items.csv,149998,Product_ID,P00998,Product_ID,Unmatched Foreign Key
order_items.csv,150499,Product_ID,P00499,Product_ID,Unmatched Foreign Key
order_items.csv,150542,Product_ID,P99999,Product_ID,Unmatched Foreign Key
order_items.csv,150998,Product_ID,P00998,Product_ID,Unmatched Foreign Key
order_items.csv,151499,Product_ID,P00499,Product_ID,Unmatched Foreign Key
order_items.csv,151998,Product_ID,P00998,Product_ID,Unmatched Foreign Key
order_items.csv,152499,Product_ID,P00499,Product_ID,Unmatched Foreign Key
order_items.csv,152998,Product_ID,P00998,Product_ID,Unmatched Foreign Key
order_items.csv,153499,Product_ID,P00499,Product_ID,Unmatched Foreign Key
order_items.csv,153745,Product_ID,P99999,Product_ID,Unmatched Foreign Key
order_items.csv,153998,Product_ID,P00998,Product_ID,Unmatched Foreign Key
order_items.csv,154499,Product_ID,P00499,Product_ID,Unmatched Foreign Key
order_items.csv,154998,Product_ID,P00998,Product_ID,Unmatched Foreign Key
order_items.csv,155499,Product_ID,P00499,Product_ID,Unmatched Foreign Key
order_items.csv,155998,Product_ID,P00998,Product_ID,Unmatched Foreign Key
order_items.csv,156499,Product_ID,P00499,Product_ID,Unmatched Foreign Key
order_items.csv,156948,Product_ID,P99999,Product_ID,Unmatched Foreign Key
order_items.csv,156998,Product_ID,P00998,Product_ID,Unmatched Foreign Key
order_items.csv,157499,Product_ID,P00499,Product_ID,Unmatched Foreign Key
order_items.csv,157998,Product_ID,P00998,Product_ID,Unmatched Foreign Key
order_items.csv,158499,Product_ID,P00499,Product_ID,Unmatched Foreign Key
order_items.csv,158998,Product_ID,P00998,Product_ID,Unmatched Foreign Key
order_items.csv,159499,Product_ID,P00499,Product_ID,Unmatched Foreign Key
order_items.csv,159998,Product_ID,P00998,Product_ID,Unmatched Foreign Key
order_items.csv,160151,Product_ID,P99999,Product_ID,Unmatched Foreign Key
order_items.csv,160499,Product_ID,P00499,Product_ID,Unmatched Foreign Key
order_items.csv,160998,Product_ID,P00998,Product_ID,Unmatched Foreign Key
order_items.csv,161499,Product_ID,P00499,Product_ID,Unmatched Foreign Key
order_items.csv,161998,Product_ID,P00998,Product_ID,Unmatched Foreign Key
order_items.csv,162499,Product_ID,P00499,Product_ID,Unmatched Foreign Key
order_items.csv,162998,Product_ID,P00998,Product_ID,Unmatched Foreign Key
order_items.csv,163354,Product_ID,P99999,Product_ID,Unmatched Foreign Key
order_items.csv,163499,Product_ID,P00499,Product_ID,Unmatched Foreign Key
order_items.csv,163998,Product_ID,P00998,Product_ID,Unmatched Foreign Key
order_items.csv,164499,Product_ID,P00499,Product_ID,Unmatched Foreign Key
order_items.csv,164998,Product_ID,P00998,Product_ID,Unmatched Foreign Key
order_items.csv,165499,Product_ID,P00499,Product_ID,Unmatched Foreign Key
order_items.csv,165998,Product_ID,P00998,Product_ID,Unmatched Foreign Key
order_items.csv,166499,Product_ID,P00499,Product_ID,Unmatched Foreign Key
order_items.csv,166557,Product_ID,P99999,Product_ID,Unmatched Foreign Key
order_items.csv,166998,Product_ID,P00998,Product_ID,Unmatched Foreign Key
order_items.csv,167499,Product_ID,P00499,Product_ID,Unmatched Foreign Key
order_items.csv,167998,Product_ID,P00998,Product_ID,Unmatched Foreign Key
order_items.csv,168499,Product_ID,P00499,Product_ID,Unmatched Foreign Key
order_items.csv,168998,Product_ID,P00998,Product_ID,Unmatched Foreign Key
order_items.csv,169499,Product_ID,P00499,Product_ID,Unmatched Foreign Key
order_items.csv,169760,Product_ID,P99999,Product_ID,Unmatched Foreign Key
order_items.csv,169998,Product_ID,P00998,Product_ID,Unmatched Foreign Key
order_items.csv,170499,Product_ID,P00499,Product_ID,Unmatched Foreign Key
order_items.csv,170998,Product_ID,P00998,Product_ID,Unmatched Foreign Key
order_items.csv,171499,Product_ID,P00499,Product_ID,Unmatched Foreign Key
order_items.csv,171998,Product_ID,P00998,Product_ID,Unmatched Foreign Key
order_items.csv,172499,Product_ID,P00499,Product_ID,Unmatched Foreign Key
order_items.csv,172963,Product_ID,P99999,Product_ID,Unmatched Foreign Key
order_items.csv,172998,Product_ID,P00998,Product_ID,Unmatched Foreign Key
order_items.csv,173499,Product_ID,P00499,Product_ID,Unmatched Foreign Key
order_items.csv,173998,Product_ID,P00998,Product_ID,Unmatched Foreign Key
order_items.csv,174499,Product_ID,P00499,Product_ID,Unmatched Foreign Key
order_items.csv,174998,Product_ID,P00998,Product_ID,Unmatched Foreign Key
order_items.csv,175499,Product_ID,P00499,Product_ID,Unmatched Foreign Key
order_items.csv,175998,Product_ID,P00998,Product_ID,Unmatched Foreign Key
order_items.csv,176166,Product_ID,P99999,Product_ID,Unmatched Foreign Key
order_items.csv,176499,Product_ID,P00499,Product_ID,Unmatched Foreign Key
order_items.csv,176998,Product_ID,P00998,Product_ID,Unmatched Foreign Key
order_items.csv,177499,Product_ID,P00499,Product_ID,Unmatched Foreign Key
order_items.csv,177998,Product_ID,P00998,Product_ID,Unmatched Foreign Key
order_items.csv,178499,Product_ID,P00499,Product_ID,Unmatched Foreign Key
order_items.csv,178998,Product_ID,P00998,Product_ID,Unmatched Foreign Key
order_items.csv,179369,Product_ID,P99999,Product_ID,Unmatched Foreign Key
order_items.csv,179499,Product_ID,P00499,Product_ID,Unmatched Foreign Key
order_items.csv,179998,Product_ID,P00998,Product_ID,Unmatched Foreign Key
order_items.csv,180499,Product_ID,P00499,Product_ID,Unmatched Foreign Key
order_items.csv,180998,Product_ID,P00998,Product_ID,Unmatched Foreign Key
order_items.csv,181499,Product_ID,P00499,Product_ID,Unmatched Foreign Key
order_items.csv,181998,Product_ID,P00998,Product_ID,Unmatched Foreign Key
order_items.csv,182499,Product_ID,P00499,Product_ID,Unmatched Foreign Key
order_items.csv,182572,Product_ID,P99999,Product_ID,Unmatched Foreign Key
order_items.csv,182998,Product_ID,P00998,Product_ID,Unmatched Foreign Key
order_items.csv,183499,Product_ID,P00499,Product_ID,Unmatched Foreign Key
order_items.csv,183998,Product_ID,P00998,Product_ID,Unmatched Foreign Key
order_items.csv,184499,Product_ID,P00499,Product_ID,Unmatched Foreign Key
order_items.csv,184998,Product_ID,P00998,Product_ID,Unmatched Foreign Key
order_items.csv,185499,Product_ID,P00499,Product_ID,Unmatched Foreign Key
order_items.csv,185775,Product_ID,P99999,Product_ID,Unmatched Foreign Key
order_items.csv,185998,Product_ID,P00998,Product_ID,Unmatched Foreign Key
order_items.csv,186499,Product_ID,P00499,Product_ID,Unmatched Foreign Key
order_items.csv,186998,Product_ID,P00998,Product_ID,Unmatched Foreign Key
order_items.csv,187499,Product_ID,P00499,Product_ID,Unmatched Foreign Key
order_items.csv,187998,Product_ID,P00998,Product_ID,Unmatched Foreign Key
order_items.csv,188499,Product_ID,P00499,Product_ID,Unmatched Foreign Key
order_items.csv,188978,Product_ID,P99999,Product_ID,Unmatched Foreign Key
order_items.csv,188998,Product_ID,P00998,Product_ID,Unmatched Foreign Key
order_items.csv,189499,Product_ID,P00499,Product_ID,Unmatched Foreign Key
order_items.csv,189998,Product_ID,P00998,Product_ID,Unmatched Foreign Key
order_items.csv,190499,Product_ID,P00499,Product_ID,Unmatched Foreign Key
order_items.csv,190998,Product_ID,P00998,Product_ID,Unmatched Foreign Key
order_items.csv,191499,Product_ID,P00499,Product_ID,Unmatched Foreign Key
order_items.csv,191998,Product_ID,P00998,Product_ID,Unmatched Foreign Key
order_items.csv,192181,Product_ID,P99999,Product_ID,Unmatched Foreign Key
order_items.csv,192499,Product_ID,P00499,Product_ID,Unmatched Foreign Key
order_items.csv,192998,Product_ID,P00998,Product_ID,Unmatched Foreign Key
order_items.csv,193499,Product_ID,P00499,Product_ID,Unmatched Foreign Key
order_items.csv,193998,Product_ID,P00998,Product_ID,Unmatched Foreign Key
order_items.csv,194499,Product_ID,P00499,Product_ID,Unmatched Foreign Key
order_items.csv,194998,Product_ID,P00998,Product_ID,Unmatched Foreign Key
order_items.csv,195384,Product_ID,P99999,Product_ID,Unmatched Foreign Key
order_items.csv,195499,Product_ID,P00499,Product_ID,Unmatched Foreign Key
order_items.csv,195998,Product_ID,P00998,Product_ID,Unmatched Foreign Key
order_items.csv,196499,Product_ID,P00499,Product_ID,Unmatched Foreign Key
order_items.csv,196998,Product_ID,P00998,Product_ID,Unmatched Foreign Key
order_items.csv,197499,Product_ID,P00499,Product_ID,Unmatched Foreign Key
order_items.csv,197998,Product_ID,P00998,Product_ID,Unmatched Foreign Key
order_items.csv,198499,Product_ID,P00499,Product_ID,Unmatched Foreign Key
order_items.csv,198587,Product_ID,P99999,Product_ID,Unmatched Foreign Key
order_items.csv,198998,Product_ID,P00998,Product_ID,Unmatched Foreign Key
order_items.csv,199499,Product_ID,P00499,Product_ID,Unmatched Foreign Key
order_items.csv,199998,Product_ID,P00998,Product_ID,Unmatched Foreign Key
order_items.csv,200499,Product_ID,P00499,Product_ID,Unmatched Foreign Key
order_items.csv,200998,Product_ID,P00998,Product_ID,Unmatched Foreign Key
order_items.csv,201499,Product_ID,P00499,Product_ID,Unmatched Foreign Key
order_items.csv,201790,Product_ID,P99999,Product_ID,Unmatched Foreign Key
order_items.csv,201998,Product_ID,P00998,Product_ID,Unmatched Foreign Key
order_items.csv,202499,Product_ID,P00499,Product_ID,Unmatched Foreign Key
order_items.csv,202998,Product_ID,P00998,Product_ID,Unmatched Foreign Key
order_items.csv,203499,Product_ID,P00499,Product_ID,Unmatched Foreign Key
order_items.csv,203998,Product_ID,P00998,Product_ID,Unmatched Foreign Key
order_items.csv,204499,Product_ID,P00499,Product_ID,Unmatched Foreign Key
order_items.csv,204993,Product_ID,P99999,Product_ID,Unmatched Foreign Key
order_items.csv,204998,Product_ID,P00998,Product_ID,Unmatched Foreign Key
order_items.csv,205499,Product_ID,P00499,Product_ID,Unmatched Foreign Key
order_items.csv,205998,Product_ID,P00998,Product_ID,Unmatched Foreign Key
order_items.csv,206499,Product_ID,P00499,Product_ID,Unmatched Foreign Key
order_items.csv,206998,Product_ID,P00998,Product_ID,Unmatched Foreign Key
order_items.csv,207499,Product_ID,P00499,Product_ID,Unmatched Foreign Key
order_items.csv,207998,Product_ID,P00998,Product_ID,Unmatched Foreign Key
order_items.csv,208196,Product_ID,P99999,Product_ID,Unmatched Foreign Key
order_items.csv,208499,Product_ID,P00499,Product_ID,Unmatched Foreign Key
order_items.csv,208998,Product_ID,P00998,Product_ID,Unmatched Foreign Key
order_items.csv,209499,Product_ID,P00499,Product_ID,Unmatched Foreign Key
order_items.csv,209998,Product_ID,P00998,Product_ID,Unmatched Foreign Key
order_items.csv,210499,Product_ID,P00499,Product_ID,Unmatched Foreign Key
order_items.csv,210998,Product_ID,P00998,Product_ID,Unmatched Foreign Key
order_items.csv,211399,Product_ID,P99999,Product_ID,Unmatched Foreign Key
order_items.csv,211499,Product_ID,P00499,Product_ID,Unmatched Foreign Key
order_items.csv,211998,Product_ID,P00998,Product_ID,Unmatched Foreign Key
order_items.csv,212499,Product_ID,P00499,Product_ID,Unmatched Foreign Key
order_items.csv,212998,Product_ID,P00998,Product_ID,Unmatched Foreign Key
order_items.csv,213499,Product_ID,P00499,Product_ID,Unmatched Foreign Key
order_items.csv,213998,Product_ID,P00998,Product_ID,Unmatched Foreign Key
order_items.csv,214499,Product_ID,P00499,Product_ID,Unmatched Foreign Key
order_items.csv,214602,Product_ID,P99999,Product_ID,Unmatched Foreign Key
order_items.csv,214998,Product_ID,P00998,Product_ID,Unmatched Foreign Key
order_items.csv,215499,Product_ID,P00499,Product_ID,Unmatched Foreign Key
order_items.csv,215998,Product_ID,P00998,Product_ID,Unmatched Foreign Key
order_items.csv,216499,Product_ID,P00499,Product_ID,Unmatched Foreign Key
order_items.csv,216998,Product_ID,P00998,Product_ID,Unmatched Foreign Key
order_items.csv,217499,Product_ID,P00499,Product_ID,Unmatched Foreign Key
order_items.csv,217805,Product_ID,P99999,Product_ID,Unmatched Foreign Key
order_items.csv,217998,Product_ID,P00998,Product_ID,Unmatched Foreign Key
order_items.csv,218499,Product_ID,P00499,Product_ID,Unmatched Foreign Key
order_items.csv,218998,Product_ID,P00998,Product_ID,Unmatched Foreign Key
order_items.csv,219499,Product_ID,P00499,Product_ID,Unmatched Foreign Key
order_items.csv,219998,Product_ID,P00998,Product_ID,Unmatched Foreign Key
order_items.csv,220499,Product_ID,P00499,Product_ID,Unmatched Foreign Key
order_items.csv,220998,Product_ID,P00998,Product_ID,Unmatched Foreign Key
order_items.csv,221008,Product_ID,P99999,Product_ID,Unmatched Foreign Key
order_items.csv,221499,Product_ID,P00499,Product_ID,Unmatched Foreign Key
order_items.csv,221998,Product_ID,P00998,Product_ID,Unmatched Foreign Key
order_items.csv,222499,Product_ID,P00499,Product_ID,Unmatched Foreign Key
order_items.csv,222998,Product_ID,P00998,Product_ID,Unmatched Foreign Key
order_items.csv,223499,Product_ID,P00499,Product_ID,Unmatched Foreign Key
order_items.csv,223998,Product_ID,P00998,Product_ID,Unmatched Foreign Key
order_items.csv,224211,Product_ID,P99999,Product_ID,Unmatched Foreign Key
order_items.csv,224499,Product_ID,P00499,Product_ID,Unmatched Foreign Key
order_items.csv,224998,Product_ID,P00998,Product_ID,Unmatched Foreign Key
order_items.csv,225499,Product_ID,P00499,Product_ID,Unmatched Foreign Key
order_items.csv,225998,Product_ID,P00998,Product_ID,Unmatched Foreign Key
order_items.csv,226499,Product_ID,P00499,Product_ID,Unmatched Foreign Key
order_items.csv,226998,Product_ID,P00998,Product_ID,Unmatched Foreign Key
order_items.csv,227414,Product_ID,P99999,Product_ID,Unmatched Foreign Key
order_items.csv,227499,Product_ID,P00499,Product_ID,Unmatched Foreign Key
order_items.csv,227998,Product_ID,P00998,Product_ID,Unmatched Foreign Key
order_items.csv,228499,Product_ID,P00499,Product_ID,Unmatched Foreign Key
order_items.csv,228998,Product_ID,P00998,Product_ID,Unmatched Foreign Key
order_items.csv,229499,Product_ID,P00499,Product_ID,Unmatched Foreign Key
order_items.csv,229998,Product_ID,P00998,Product_ID,Unmatched Foreign Key
order_items.csv,230499,Product_ID,P00499,Product_ID,Unmatched Foreign Key
order_items.csv,230617,Product_ID,P99999,Product_ID,Unmatched Foreign Key
order_items.csv,230998,Product_ID,P00998,Product_ID,Unmatched Foreign Key
order_items.csv,231499,Product_ID,P00499,Product_ID,Unmatched Foreign Key
order_items.csv,231998,Product_ID,P00998,Product_ID,Unmatched Foreign Key
order_items.csv,232499,Product_ID,P00499,Product_ID,Unmatched Foreign Key
order_items.csv,232998,Product_ID,P00998,Product_ID,Unmatched Foreign Key
order_items.csv,233499,Product_ID,P00499,Product_ID,Unmatched Foreign Key
order_items.csv,233820,Product_ID,P99999,Product_ID,Unmatched Foreign Key
order_items.csv,233998,Product_ID,P00998,Product_ID,Unmatched Foreign Key
order_items.csv,234499,Product_ID,P00499,Product_ID,Unmatched Foreign Key
order_items.csv,234998,Product_ID,P00998,Product_ID,Unmatched Foreign Key
order_items.csv,235499,Product_ID,P00499,Product_ID,Unmatched Foreign Key
order_items.csv,235998,Product_ID,P00998,Product_ID,Unmatched Foreign Key
order_items.csv,236499,Product_ID,P00499,Product_ID,Unmatched Foreign Key
order_items.csv,236998,Product_ID,P00998,Product_ID,Unmatched Foreign Key
order_items.csv,237023,Product_ID,P99999,Product_ID,Unmatched Foreign Key
order_items.csv,237499,Product_ID,P00499,Product_ID,Unmatched Foreign Key
order_items.csv,237998,Product_ID,P00998,Product_ID,Unmatched Foreign Key
order_items.csv,238499,Product_ID,P00499,Product_ID,Unmatched Foreign Key
order_items.csv,238998,Product_ID,P00998,Product_ID,Unmatched Foreign Key
order_items.csv,239499,Product_ID,P00499,Product_ID,Unmatched Foreign Key
order_items.csv,239998,Product_ID,P00998,Product_ID,Unmatched Foreign Key
order_items.csv,240226,Product_ID,P99999,Product_ID,Unmatched Foreign Key
order_items.csv,240499,Product_ID,P00499,Product_ID,Unmatched Foreign Key
order_items.csv,240998,Product_ID,P00998,Product_ID,Unmatched Foreign Key
order_items.csv,241499,Product_ID,P00499,Product_ID,Unmatched Foreign Key
order_items.csv,241998,Product_ID,P00998,Product_ID,Unmatched Foreign Key
order_items.csv,242499,Product_ID,P00499,Product_ID,Unmatched Foreign Key
order_items.csv,242998,Product_ID,P00998,Product_ID,Unmatched Foreign Key
order_items.csv,243429,Product_ID,P99999,Product_ID,Unmatched Foreign Key
order_items.csv,243499,Product_ID,P00499,Product_ID,Unmatched Foreign Key
order_items.csv,243998,Product_ID,P00998,Product_ID,Unmatched Foreign Key
order_items.csv,244499,Product_ID,P00499,Product_ID,Unmatched Foreign Key
order_items.csv,244998,Product_ID,P00998,Product_ID,Unmatched Foreign Key
order_items.csv,245499,Product_ID,P00499,Product_ID,Unmatched Foreign Key
order_items.csv,245998,Product_ID,P00998,Product_ID,Unmatched Foreign Key
order_items.csv,246499,Product_ID,P00499,Product_ID,Unmatched Foreign Key
order_items.csv,246632,Product_ID,P99999,Product_ID,Unmatched Foreign Key
order_items.csv,246998,Product_ID,P00998,Product_ID,Unmatched Foreign Key
order_items.csv,247499,Product_ID,P00499,Product_ID,Unmatched Foreign Key
order_items.csv,247998,Product_ID,P00998,Product_ID,Unmatched Foreign Key
order_items.csv,248499,Product_ID,P00499,Product_ID,Unmatched Foreign Key
order_items.csv,248998,Product_ID,P00998,Product_ID,Unmatched Foreign Key
order_items.csv,249499,Product_ID,P00499,Product_ID,Unmatched Foreign Key
order_items.csv,249835,Product_ID,P99999,Product_ID,Unmatched Foreign Key
order_items.csv,249998,Product_ID,P00998,Product_ID,Unmatched Foreign Key
payments.csv,7002,Invoice_ID,INV9999999,Invoice_ID,Unmatched Foreign Key
payments.csv,10010,Invoice_ID,INV0010009,Invoice_ID,Unmatched Foreign Key
payments.csv,14003,Invoice_ID,INV9999999,Invoice_ID,Unmatched Foreign Key
payments.csv,20019,Invoice_ID,INV0020018,Invoice_ID,Unmatched Foreign Key
payments.csv,21004,Invoice_ID,INV9999999,Invoice_ID,Unmatched Foreign Key
payments.csv,28005,Invoice_ID,INV9999999,Invoice_ID,Unmatched Foreign Key
payments.csv,30028,Invoice_ID,INV0030027,Invoice_ID,Unmatched Foreign Key
payments.csv,35006,Invoice_ID,INV9999999,Invoice_ID,Unmatched Foreign Key
payments.csv,40037,Invoice_ID,INV0040036,Invoice_ID,Unmatched Foreign Key
payments.csv,42007,Invoice_ID,INV9999999,Invoice_ID,Unmatched Foreign Key
payments.csv,49008,Invoice_ID,INV9999999,Invoice_ID,Unmatched Foreign Key
payments.csv,50046,Invoice_ID,INV0050045,Invoice_ID,Unmatched Foreign Key
payments.csv,56009,Invoice_ID,INV9999999,Invoice_ID,Unmatched Foreign Key
payments.csv,60055,Invoice_ID,INV0060054,Invoice_ID,Unmatched Foreign Key
payments.csv,63010,Invoice_ID,INV9999999,Invoice_ID,Unmatched Foreign Key
payments.csv,70011,Invoice_ID,INV9999999,Invoice_ID,Unmatched Foreign Key
payments.csv,70064,Invoice_ID,INV0070063,Invoice_ID,Unmatched Foreign Key
payments.csv,997,Customer_ID,C000997,Customer_ID,Unmatched Foreign Key
payments.csv,1994,Customer_ID,C001994,Customer_ID,Unmatched Foreign Key
payments.csv,2991,Customer_ID,C002991,Customer_ID,Unmatched Foreign Key
payments.csv,3988,Customer_ID,C003988,Customer_ID,Unmatched Foreign Key
payments.csv,4985,Customer_ID,C004985,Customer_ID,Unmatched Foreign Key
payments.csv,5982,Customer_ID,C005982,Customer_ID,Unmatched Foreign Key
payments.csv,6979,Customer_ID,C006979,Customer_ID,Unmatched Foreign Key
payments.csv,7976,Customer_ID,C007976,Customer_ID,Unmatched Foreign Key
payments.csv,8973,Customer_ID,C008973,Customer_ID,Unmatched Foreign Key
payments.csv,9970,Customer_ID,C009970,Customer_ID,Unmatched Foreign Key
payments.csv,10967,Customer_ID,C010967,Customer_ID,Unmatched Foreign Key
payments.csv,11964,Customer_ID,C011964,Customer_ID,Unmatched Foreign Key
payments.csv,12961,Customer_ID,C012961,Customer_ID,Unmatched Foreign Key
payments.csv,13958,Customer_ID,C013958,Customer_ID,Unmatched Foreign Key
payments.csv,14955,Customer_ID,C014955,Customer_ID,Unmatched Foreign Key
payments.csv,15952,Customer_ID,C015952,Customer_ID,Unmatched Foreign Key
payments.csv,16949,Customer_ID,C016949,Customer_ID,Unmatched Foreign Key
payments.csv,17946,Customer_ID,C017946,Customer_ID,Unmatched Foreign Key
payments.csv,18943,Customer_ID,C018943,Customer_ID,Unmatched Foreign Key
payments.csv,19940,Customer_ID,C019940,Customer_ID,Unmatched Foreign Key
payments.csv,20997,Customer_ID,C000997,Customer_ID,Unmatched Foreign Key
payments.csv,21994,Customer_ID,C001994,Customer_ID,Unmatched Foreign Key
payments.csv,22991,Customer_ID,C002991,Customer_ID,Unmatched Foreign Key
payments.csv,23988,Customer_ID,C003988,Customer_ID,Unmatched Foreign Key
payments.csv,24985,Customer_ID,C004985,Customer_ID,Unmatched Foreign Key
payments.csv,25982,Customer_ID,C005982,Customer_ID,Unmatched Foreign Key
payments.csv,26979,Customer_ID,C006979,Customer_ID,Unmatched Foreign Key
payments.csv,27976,Customer_ID,C007976,Customer_ID,Unmatched Foreign Key
payments.csv,28973,Customer_ID,C008973,Customer_ID,Unmatched Foreign Key
payments.csv,29970,Customer_ID,C009970,Customer_ID,Unmatched Foreign Key
payments.csv,30967,Customer_ID,C010967,Customer_ID,Unmatched Foreign Key
payments.csv,31964,Customer_ID,C011964,Customer_ID,Unmatched Foreign Key
payments.csv,32961,Customer_ID,C012961,Customer_ID,Unmatched Foreign Key
payments.csv,33958,Customer_ID,C013958,Customer_ID,Unmatched Foreign Key
payments.csv,34955,Customer_ID,C014955,Customer_ID,Unmatched Foreign Key
payments.csv,35952,Customer_ID,C015952,Customer_ID,Unmatched Foreign Key
payments.csv,36949,Customer_ID,C016949,Customer_ID,Unmatched Foreign Key
payments.csv,37946,Customer_ID,C017946,Customer_ID,Unmatched Foreign Key
payments.csv,38943,Customer_ID,C018943,Customer_ID,Unmatched Foreign Key
payments.csv,39940,Customer_ID,C019940,Customer_ID,Unmatched Foreign Key
payments.csv,40997,Customer_ID,C000997,Customer_ID,Unmatched Foreign Key
payments.csv,41994,Customer_ID,C001994,Customer_ID,Unmatched Foreign Key
payments.csv,42991,Customer_ID,C002991,Customer_ID,Unmatched Foreign Key
payments.csv,43988,Customer_ID,C003988,Customer_ID,Unmatched Foreign Key
payments.csv,44985,Customer_ID,C004985,Customer_ID,Unmatched Foreign Key
payments.csv,45982,Customer_ID,C005982,Customer_ID,Unmatched Foreign Key
payments.csv,46979,Customer_ID,C006979,Customer_ID,Unmatched Foreign Key
payments.csv,47976,Customer_ID,C007976,Customer_ID,Unmatched Foreign Key
payments.csv,48973,Customer_ID,C008973,Customer_ID,Unmatched Foreign Key
payments.csv,49970,Customer_ID,C009970,Customer_ID,Unmatched Foreign Key
payments.csv,50967,Customer_ID,C010967,Customer_ID,Unmatched Foreign Key
payments.csv,51964,Customer_ID,C011964,Customer_ID,Unmatched Foreign Key
payments.csv,52961,Customer_ID,C012961,Customer_ID,Unmatched Foreign Key
payments.csv,53958,Customer_ID,C013958,Customer_ID,Unmatched Foreign Key
payments.csv,54955,Customer_ID,C014955,Customer_ID,Unmatched Foreign Key
payments.csv,55952,Customer_ID,C015952,Customer_ID,Unmatched Foreign Key
payments.csv,56949,Customer_ID,C016949,Customer_ID,Unmatched Foreign Key
payments.csv,57946,Customer_ID,C017946,Customer_ID,Unmatched Foreign Key
payments.csv,58943,Customer_ID,C018943,Customer_ID,Unmatched Foreign Key
payments.csv,59940,Customer_ID,C019940,Customer_ID,Unmatched Foreign Key
payments.csv,60997,Customer_ID,C000997,Customer_ID,Unmatched Foreign Key
payments.csv,61994,Customer_ID,C001994,Customer_ID,Unmatched Foreign Key
payments.csv,62991,Customer_ID,C002991,Customer_ID,Unmatched Foreign Key
payments.csv,63988,Customer_ID,C003988,Customer_ID,Unmatched Foreign Key
payments.csv,64985,Customer_ID,C004985,Customer_ID,Unmatched Foreign Key
payments.csv,65982,Customer_ID,C005982,Customer_ID,Unmatched Foreign Key
payments.csv,66979,Customer_ID,C006979,Customer_ID,Unmatched Foreign Key
payments.csv,67976,Customer_ID,C007976,Customer_ID,Unmatched Foreign Key
payments.csv,68973,Customer_ID,C008973,Customer_ID,Unmatched Foreign Key
payments.csv,69970,Customer_ID,C009970,Customer_ID,Unmatched Foreign Key
payments.csv,70967,Customer_ID,C010967,Customer_ID,Unmatched Foreign Key
payments.csv,71964,Customer_ID,C011964,Customer_ID,Unmatched Foreign Key
payments.csv,72961,Customer_ID,C012961,Customer_ID,Unmatched Foreign Key
payments.csv,73958,Customer_ID,C013958,Customer_ID,Unmatched Foreign Key
payments.csv,74955,Customer_ID,C014955,Customer_ID,Unmatched Foreign Key
payments.csv,75952,Customer_ID,C015952,Customer_ID,Unmatched Foreign Key
payments.csv,76949,Customer_ID,C016949,Customer_ID,Unmatched Foreign Key
product_master.csv,422,Supplier_ID,S99999,Supplier_ID,Unmatched Foreign Key
product_master.csv,843,Supplier_ID,S99999,Supplier_ID,Unmatched Foreign Key
purchases.csv,4002,Supplier_ID,S99999,Supplier_ID,Unmatched Foreign Key
purchases.csv,8003,Supplier_ID,S99999,Supplier_ID,Unmatched Foreign Key
purchases.csv,12004,Supplier_ID,S99999,Supplier_ID,Unmatched Foreign Key
purchases.csv,16005,Supplier_ID,S99999,Supplier_ID,Unmatched Foreign Key
purchases.csv,20006,Supplier_ID,S99999,Supplier_ID,Unmatched Foreign Key
purchases.csv,24007,Supplier_ID,S99999,Supplier_ID,Unmatched Foreign Key
purchases.csv,499,Product_ID,P00499,Product_ID,Unmatched Foreign Key
purchases.csv,998,Product_ID,P00998,Product_ID,Unmatched Foreign Key
purchases.csv,1499,Product_ID,P00499,Product_ID,Unmatched Foreign Key
purchases.csv,1998,Product_ID,P00998,Product_ID,Unmatched Foreign Key
purchases.csv,2499,Product_ID,P00499,Product_ID,Unmatched Foreign Key
purchases.csv,2998,Product_ID,P00998,Product_ID,Unmatched Foreign Key
purchases.csv,3499,Product_ID,P00499,Product_ID,Unmatched Foreign Key
purchases.csv,3998,Product_ID,P00998,Product_ID,Unmatched Foreign Key
purchases.csv,4499,Product_ID,P00499,Product_ID,Unmatched Foreign Key
purchases.csv,4998,Product_ID,P00998,Product_ID,Unmatched Foreign Key
purchases.csv,5499,Product_ID,P00499,Product_ID,Unmatched Foreign Key
purchases.csv,5998,Product_ID,P00998,Product_ID,Unmatched Foreign Key
purchases.csv,6499,Product_ID,P00499,Product_ID,Unmatched Foreign Key
purchases.csv,6998,Product_ID,P00998,Product_ID,Unmatched Foreign Key
purchases.csv,7499,Product_ID,P00499,Product_ID,Unmatched Foreign Key
purchases.csv,7998,Product_ID,P00998,Product_ID,Unmatched Foreign Key
purchases.csv,8499,Product_ID,P00499,Product_ID,Unmatched Foreign Key
purchases.csv,8998,Product_ID,P00998,Product_ID,Unmatched Foreign Key
purchases.csv,9499,Product_ID,P00499,Product_ID,Unmatched Foreign Key
purchases.csv,9998,Product_ID,P00998,Product_ID,Unmatched Foreign Key
purchases.csv,10499,Product_ID,P00499,Product_ID,Unmatched Foreign Key
purchases.csv,10998,Product_ID,P00998,Product_ID,Unmatched Foreign Key
purchases.csv,11499,Product_ID,P00499,Product_ID,Unmatched Foreign Key
purchases.csv,11998,Product_ID,P00998,Product_ID,Unmatched Foreign Key
purchases.csv,12499,Product_ID,P00499,Product_ID,Unmatched Foreign Key
purchases.csv,12998,Product_ID,P00998,Product_ID,Unmatched Foreign Key
purchases.csv,13499,Product_ID,P00499,Product_ID,Unmatched Foreign Key
purchases.csv,13998,Product_ID,P00998,Product_ID,Unmatched Foreign Key
purchases.csv,14499,Product_ID,P00499,Product_ID,Unmatched Foreign Key
purchases.csv,14998,Product_ID,P00998,Product_ID,Unmatched Foreign Key
purchases.csv,15499,Product_ID,P00499,Product_ID,Unmatched Foreign Key
purchases.csv,15998,Product_ID,P00998,Product_ID,Unmatched Foreign Key
purchases.csv,16499,Product_ID,P00499,Product_ID,Unmatched Foreign Key
purchases.csv,16998,Product_ID,P00998,Product_ID,Unmatched Foreign Key
purchases.csv,17499,Product_ID,P00499,Product_ID,Unmatched Foreign Key
purchases.csv,17998,Product_ID,P00998,Product_ID,Unmatched Foreign Key
purchases.csv,18499,Product_ID,P00499,Product_ID,Unmatched Foreign Key
purchases.csv,18998,Product_ID,P00998,Product_ID,Unmatched Foreign Key
purchases.csv,19499,Product_ID,P00499,Product_ID,Unmatched Foreign Key
purchases.csv,19998,Product_ID,P00998,Product_ID,Unmatched Foreign Key
purchases.csv,20499,Product_ID,P00499,Product_ID,Unmatched Foreign Key
purchases.csv,20998,Product_ID,P00998,Product_ID,Unmatched Foreign Key
purchases.csv,21499,Product_ID,P00499,Product_ID,Unmatched Foreign Key
purchases.csv,21998,Product_ID,P00998,Product_ID,Unmatched Foreign Key
purchases.csv,22499,Product_ID,P00499,Product_ID,Unmatched Foreign Key
purchases.csv,22998,Product_ID,P00998,Product_ID,Unmatched Foreign Key
purchases.csv,23499,Product_ID,P00499,Product_ID,Unmatched Foreign Key
purchases.csv,23998,Product_ID,P00998,Product_ID,Unmatched Foreign Key
purchases.csv,24499,Product_ID,P00499,Product_ID,Unmatched Foreign Key
purchases.csv,24998,Product_ID,P00998,Product_ID,Unmatched Foreign Key
returns.csv,3080,Order_ID,O0040028,Order_ID,Unmatched Foreign Key
returns.csv,8463,Order_ID,O0010007,Order_ID,Unmatched Foreign Key
returns.csv,461,Customer_ID,C005982,Customer_ID,Unmatched Foreign Key
returns.csv,1458,Customer_ID,C018943,Customer_ID,Unmatched Foreign Key
returns.csv,1616,Customer_ID,C000997,Customer_ID,Unmatched Foreign Key
returns.csv,2613,Customer_ID,C013958,Customer_ID,Unmatched Foreign Key
returns.csv,3768,Customer_ID,C008973,Customer_ID,Unmatched Foreign Key
returns.csv,4923,Customer_ID,C003988,Customer_ID,Unmatched Foreign Key
returns.csv,5920,Customer_ID,C016949,Customer_ID,Unmatched Foreign Key
returns.csv,7075,Customer_ID,C011964,Customer_ID,Unmatched Foreign Key
returns.csv,8230,Customer_ID,C006979,Customer_ID,Unmatched Foreign Key
returns.csv,9227,Customer_ID,C019940,Customer_ID,Unmatched Foreign Key
returns.csv,9385,Customer_ID,C001994,Customer_ID,Unmatched Foreign Key
returns.csv,10382,Customer_ID,C014955,Customer_ID,Unmatched Foreign Key
returns.csv,11537,Customer_ID,C009970,Customer_ID,Unmatched Foreign Key
returns.csv,12692,Customer_ID,C004985,Customer_ID,Unmatched Foreign Key
returns.csv,13689,Customer_ID,C017946,Customer_ID,Unmatched Foreign Key
returns.csv,14844,Customer_ID,C012961,Customer_ID,Unmatched Foreign Key
returns.csv,270,Product_ID,P00499,Product_ID,Unmatched Foreign Key
returns.csv,693,Product_ID,P00998,Product_ID,Unmatched Foreign Key
returns.csv,1270,Product_ID,P00499,Product_ID,Unmatched Foreign Key
returns.csv,1693,Product_ID,P00998,Product_ID,Unmatched Foreign Key
returns.csv,2270,Product_ID,P00499,Product_ID,Unmatched Foreign Key
returns.csv,2693,Product_ID,P00998,Product_ID,Unmatched Foreign Key
returns.csv,3270,Product_ID,P00499,Product_ID,Unmatched Foreign Key
returns.csv,3693,Product_ID,P00998,Product_ID,Unmatched Foreign Key
returns.csv,4270,Product_ID,P00499,Product_ID,Unmatched Foreign Key
returns.csv,4693,Product_ID,P00998,Product_ID,Unmatched Foreign Key
returns.csv,5270,Product_ID,P00499,Product_ID,Unmatched Foreign Key
returns.csv,5693,Product_ID,P00998,Product_ID,Unmatched Foreign Key
returns.csv,6270,Product_ID,P00499,Product_ID,Unmatched Foreign Key
returns.csv,6693,Product_ID,P00998,Product_ID,Unmatched Foreign Key
returns.csv,7270,Product_ID,P00499,Product_ID,Unmatched Foreign Key
returns.csv,7693,Product_ID,P00998,Product_ID,Unmatched Foreign Key
returns.csv,8270,Product_ID,P00499,Product_ID,Unmatched Foreign Key
returns.csv,8693,Product_ID,P00998,Product_ID,Unmatched Foreign Key
returns.csv,9270,Product_ID,P00499,Product_ID,Unmatched Foreign Key
returns.csv,9693,Product_ID,P00998,Product_ID,Unmatched Foreign Key
returns.csv,10270,Product_ID,P00499,Product_ID,Unmatched Foreign Key
returns.csv,10693,Product_ID,P00998,Product_ID,Unmatched Foreign Key
returns.csv,11270,Product_ID,P00499,Product_ID,Unmatched Foreign Key
returns.csv,11693,Product_ID,P00998,Product_ID,Unmatched Foreign Key
returns.csv,12270,Product_ID,P00499,Product_ID,Unmatched Foreign Key
returns.csv,12693,Product_ID,P00998,Product_ID,Unmatched Foreign Key
returns.csv,13270,Product_ID,P00499,Product_ID,Unmatched Foreign Key
returns.csv,13693,Product_ID,P00998,Product_ID,Unmatched Foreign Key
returns.csv,14270,Product_ID,P00499,Product_ID,Unmatched Foreign Key
returns.csv,14693,Product_ID,P00998,Product_ID,Unmatched Foreign Key
sales.csv,10008,Order_ID,O0010007,Order_ID,Unmatched Foreign Key
sales.csv,20015,Order_ID,O0020014,Order_ID,Unmatched Foreign Key
sales.csv,30022,Order_ID,O0030021,Order_ID,Unmatched Foreign Key
sales.csv,40029,Order_ID,O0040028,Order_ID,Unmatched Foreign Key
sales.csv,50036,Order_ID,O0050035,Order_ID,Unmatched Foreign Key
sales.csv,60043,Order_ID,O0060042,Order_ID,Unmatched Foreign Key
sales.csv,70050,Order_ID,O0070049,Order_ID,Unmatched Foreign Key
sales.csv,80057,Order_ID,O0080056,Order_ID,Unmatched Foreign Key
sales.csv,90064,Order_ID,O0090063,Order_ID,Unmatched Foreign Key
sales.csv,110008,Order_ID,O0010007,Order_ID,Unmatched Foreign Key
sales.csv,120015,Order_ID,O0020014,Order_ID,Unmatched Foreign Key
sales.csv,130022,Order_ID,O0030021,Order_ID,Unmatched Foreign Key
sales.csv,140029,Order_ID,O0040028,Order_ID,Unmatched Foreign Key
sales.csv,150036,Order_ID,O0050035,Order_ID,Unmatched Foreign Key
sales.csv,160043,Order_ID,O0060042,Order_ID,Unmatched Foreign Key
sales.csv,170050,Order_ID,O0070049,Order_ID,Unmatched Foreign Key
sales.csv,180057,Order_ID,O0080056,Order_ID,Unmatched Foreign Key
sales.csv,190064,Order_ID,O0090063,Order_ID,Unmatched Foreign Key
sales.csv,210008,Order_ID,O0010007,Order_ID,Unmatched Foreign Key
sales.csv,220015,Order_ID,O0020014,Order_ID,Unmatched Foreign Key
sales.csv,230022,Order_ID,O0030021,Order_ID,Unmatched Foreign Key
sales.csv,240029,Order_ID,O0040028,Order_ID,Unmatched Foreign Key
sales.csv,997,Customer_ID,C000997,Customer_ID,Unmatched Foreign Key
sales.csv,1994,Customer_ID,C001994,Customer_ID,Unmatched Foreign Key
sales.csv,2991,Customer_ID,C002991,Customer_ID,Unmatched Foreign Key
sales.csv,3988,Customer_ID,C003988,Customer_ID,Unmatched Foreign Key
sales.csv,4985,Customer_ID,C004985,Customer_ID,Unmatched Foreign Key
sales.csv,5982,Customer_ID,C005982,Customer_ID,Unmatched Foreign Key
sales.csv,6979,Customer_ID,C006979,Customer_ID,Unmatched Foreign Key
sales.csv,7976,Customer_ID,C007976,Customer_ID,Unmatched Foreign Key
sales.csv,8973,Customer_ID,C008973,Customer_ID,Unmatched Foreign Key
sales.csv,9970,Customer_ID,C009970,Customer_ID,Unmatched Foreign Key
sales.csv,10967,Customer_ID,C010967,Customer_ID,Unmatched Foreign Key
sales.csv,11964,Customer_ID,C011964,Customer_ID,Unmatched Foreign Key
sales.csv,12961,Customer_ID,C012961,Customer_ID,Unmatched Foreign Key
sales.csv,13958,Customer_ID,C013958,Customer_ID,Unmatched Foreign Key
sales.csv,14955,Customer_ID,C014955,Customer_ID,Unmatched Foreign Key
sales.csv,15952,Customer_ID,C015952,Customer_ID,Unmatched Foreign Key
sales.csv,16949,Customer_ID,C016949,Customer_ID,Unmatched Foreign Key
sales.csv,17946,Customer_ID,C017946,Customer_ID,Unmatched Foreign Key
sales.csv,18943,Customer_ID,C018943,Customer_ID,Unmatched Foreign Key
sales.csv,19940,Customer_ID,C019940,Customer_ID,Unmatched Foreign Key
sales.csv,20997,Customer_ID,C000997,Customer_ID,Unmatched Foreign Key
sales.csv,21994,Customer_ID,C001994,Customer_ID,Unmatched Foreign Key
sales.csv,22991,Customer_ID,C002991,Customer_ID,Unmatched Foreign Key
sales.csv,23988,Customer_ID,C003988,Customer_ID,Unmatched Foreign Key
sales.csv,24985,Customer_ID,C004985,Customer_ID,Unmatched Foreign Key
sales.csv,25982,Customer_ID,C005982,Customer_ID,Unmatched Foreign Key
sales.csv,26979,Customer_ID,C006979,Customer_ID,Unmatched Foreign Key
sales.csv,27976,Customer_ID,C007976,Customer_ID,Unmatched Foreign Key
sales.csv,28973,Customer_ID,C008973,Customer_ID,Unmatched Foreign Key
sales.csv,29970,Customer_ID,C009970,Customer_ID,Unmatched Foreign Key
sales.csv,30967,Customer_ID,C010967,Customer_ID,Unmatched Foreign Key
sales.csv,31964,Customer_ID,C011964,Customer_ID,Unmatched Foreign Key
sales.csv,32961,Customer_ID,C012961,Customer_ID,Unmatched Foreign Key
sales.csv,33958,Customer_ID,C013958,Customer_ID,Unmatched Foreign Key
sales.csv,34955,Customer_ID,C014955,Customer_ID,Unmatched Foreign Key
sales.csv,35952,Customer_ID,C015952,Customer_ID,Unmatched Foreign Key
sales.csv,36949,Customer_ID,C016949,Customer_ID,Unmatched Foreign Key
sales.csv,37946,Customer_ID,C017946,Customer_ID,Unmatched Foreign Key
sales.csv,38943,Customer_ID,C018943,Customer_ID,Unmatched Foreign Key
sales.csv,39940,Customer_ID,C019940,Customer_ID,Unmatched Foreign Key
sales.csv,40997,Customer_ID,C000997,Customer_ID,Unmatched Foreign Key
sales.csv,41994,Customer_ID,C001994,Customer_ID,Unmatched Foreign Key
sales.csv,42991,Customer_ID,C002991,Customer_ID,Unmatched Foreign Key
sales.csv,43988,Customer_ID,C003988,Customer_ID,Unmatched Foreign Key
sales.csv,44985,Customer_ID,C004985,Customer_ID,Unmatched Foreign Key
sales.csv,45982,Customer_ID,C005982,Customer_ID,Unmatched Foreign Key
sales.csv,46979,Customer_ID,C006979,Customer_ID,Unmatched Foreign Key
sales.csv,47976,Customer_ID,C007976,Customer_ID,Unmatched Foreign Key
sales.csv,48973,Customer_ID,C008973,Customer_ID,Unmatched Foreign Key
sales.csv,49970,Customer_ID,C009970,Customer_ID,Unmatched Foreign Key
sales.csv,50967,Customer_ID,C010967,Customer_ID,Unmatched Foreign Key
sales.csv,51964,Customer_ID,C011964,Customer_ID,Unmatched Foreign Key
sales.csv,52961,Customer_ID,C012961,Customer_ID,Unmatched Foreign Key
sales.csv,53958,Customer_ID,C013958,Customer_ID,Unmatched Foreign Key
sales.csv,54955,Customer_ID,C014955,Customer_ID,Unmatched Foreign Key
sales.csv,55952,Customer_ID,C015952,Customer_ID,Unmatched Foreign Key
sales.csv,56949,Customer_ID,C016949,Customer_ID,Unmatched Foreign Key
sales.csv,57946,Customer_ID,C017946,Customer_ID,Unmatched Foreign Key
sales.csv,58943,Customer_ID,C018943,Customer_ID,Unmatched Foreign Key
sales.csv,59940,Customer_ID,C019940,Customer_ID,Unmatched Foreign Key
sales.csv,60997,Customer_ID,C000997,Customer_ID,Unmatched Foreign Key
sales.csv,61994,Customer_ID,C001994,Customer_ID,Unmatched Foreign Key
sales.csv,62991,Customer_ID,C002991,Customer_ID,Unmatched Foreign Key
sales.csv,63988,Customer_ID,C003988,Customer_ID,Unmatched Foreign Key
sales.csv,64985,Customer_ID,C004985,Customer_ID,Unmatched Foreign Key
sales.csv,65982,Customer_ID,C005982,Customer_ID,Unmatched Foreign Key
sales.csv,66979,Customer_ID,C006979,Customer_ID,Unmatched Foreign Key
sales.csv,67976,Customer_ID,C007976,Customer_ID,Unmatched Foreign Key
sales.csv,68973,Customer_ID,C008973,Customer_ID,Unmatched Foreign Key
sales.csv,69970,Customer_ID,C009970,Customer_ID,Unmatched Foreign Key
sales.csv,70967,Customer_ID,C010967,Customer_ID,Unmatched Foreign Key
sales.csv,71964,Customer_ID,C011964,Customer_ID,Unmatched Foreign Key
sales.csv,72961,Customer_ID,C012961,Customer_ID,Unmatched Foreign Key
sales.csv,73958,Customer_ID,C013958,Customer_ID,Unmatched Foreign Key
sales.csv,74955,Customer_ID,C014955,Customer_ID,Unmatched Foreign Key
sales.csv,75952,Customer_ID,C015952,Customer_ID,Unmatched Foreign Key
sales.csv,76949,Customer_ID,C016949,Customer_ID,Unmatched Foreign Key
sales.csv,77946,Customer_ID,C017946,Customer_ID,Unmatched Foreign Key
sales.csv,78943,Customer_ID,C018943,Customer_ID,Unmatched Foreign Key
sales.csv,79940,Customer_ID,C019940,Customer_ID,Unmatched Foreign Key
sales.csv,80997,Customer_ID,C000997,Customer_ID,Unmatched Foreign Key
sales.csv,81994,Customer_ID,C001994,Customer_ID,Unmatched Foreign Key
sales.csv,82991,Customer_ID,C002991,Customer_ID,Unmatched Foreign Key
sales.csv,83988,Customer_ID,C003988,Customer_ID,Unmatched Foreign Key
sales.csv,84985,Customer_ID,C004985,Customer_ID,Unmatched Foreign Key
sales.csv,85982,Customer_ID,C005982,Customer_ID,Unmatched Foreign Key
sales.csv,86979,Customer_ID,C006979,Customer_ID,Unmatched Foreign Key
sales.csv,87976,Customer_ID,C007976,Customer_ID,Unmatched Foreign Key
sales.csv,88973,Customer_ID,C008973,Customer_ID,Unmatched Foreign Key
sales.csv,89970,Customer_ID,C009970,Customer_ID,Unmatched Foreign Key
sales.csv,90967,Customer_ID,C010967,Customer_ID,Unmatched Foreign Key
sales.csv,91964,Customer_ID,C011964,Customer_ID,Unmatched Foreign Key
sales.csv,92961,Customer_ID,C012961,Customer_ID,Unmatched Foreign Key
sales.csv,93958,Customer_ID,C013958,Customer_ID,Unmatched Foreign Key
sales.csv,94955,Customer_ID,C014955,Customer_ID,Unmatched Foreign Key
sales.csv,95952,Customer_ID,C015952,Customer_ID,Unmatched Foreign Key
sales.csv,96949,Customer_ID,C016949,Customer_ID,Unmatched Foreign Key
sales.csv,97946,Customer_ID,C017946,Customer_ID,Unmatched Foreign Key
sales.csv,98943,Customer_ID,C018943,Customer_ID,Unmatched Foreign Key
sales.csv,99940,Customer_ID,C019940,Customer_ID,Unmatched Foreign Key
sales.csv,100997,Customer_ID,C000997,Customer_ID,Unmatched Foreign Key
sales.csv,101994,Customer_ID,C001994,Customer_ID,Unmatched Foreign Key
sales.csv,102991,Customer_ID,C002991,Customer_ID,Unmatched Foreign Key
sales.csv,103988,Customer_ID,C003988,Customer_ID,Unmatched Foreign Key
sales.csv,104985,Customer_ID,C004985,Customer_ID,Unmatched Foreign Key
sales.csv,105982,Customer_ID,C005982,Customer_ID,Unmatched Foreign Key
sales.csv,106979,Customer_ID,C006979,Customer_ID,Unmatched Foreign Key
sales.csv,107976,Customer_ID,C007976,Customer_ID,Unmatched Foreign Key
sales.csv,108973,Customer_ID,C008973,Customer_ID,Unmatched Foreign Key
sales.csv,109970,Customer_ID,C009970,Customer_ID,Unmatched Foreign Key
sales.csv,110967,Customer_ID,C010967,Customer_ID,Unmatched Foreign Key
sales.csv,111964,Customer_ID,C011964,Customer_ID,Unmatched Foreign Key
sales.csv,112961,Customer_ID,C012961,Customer_ID,Unmatched Foreign Key
sales.csv,113958,Customer_ID,C013958,Customer_ID,Unmatched Foreign Key
sales.csv,114955,Customer_ID,C014955,Customer_ID,Unmatched Foreign Key
sales.csv,115952,Customer_ID,C015952,Customer_ID,Unmatched Foreign Key
sales.csv,116949,Customer_ID,C016949,Customer_ID,Unmatched Foreign Key
sales.csv,117946,Customer_ID,C017946,Customer_ID,Unmatched Foreign Key
sales.csv,118943,Customer_ID,C018943,Customer_ID,Unmatched Foreign Key
sales.csv,119940,Customer_ID,C019940,Customer_ID,Unmatched Foreign Key
sales.csv,120997,Customer_ID,C000997,Customer_ID,Unmatched Foreign Key
sales.csv,121994,Customer_ID,C001994,Customer_ID,Unmatched Foreign Key
sales.csv,122991,Customer_ID,C002991,Customer_ID,Unmatched Foreign Key
sales.csv,123988,Customer_ID,C003988,Customer_ID,Unmatched Foreign Key
sales.csv,124985,Customer_ID,C004985,Customer_ID,Unmatched Foreign Key
sales.csv,125982,Customer_ID,C005982,Customer_ID,Unmatched Foreign Key
sales.csv,126979,Customer_ID,C006979,Customer_ID,Unmatched Foreign Key
sales.csv,127976,Customer_ID,C007976,Customer_ID,Unmatched Foreign Key
sales.csv,128973,Customer_ID,C008973,Customer_ID,Unmatched Foreign Key
sales.csv,129970,Customer_ID,C009970,Customer_ID,Unmatched Foreign Key
sales.csv,130967,Customer_ID,C010967,Customer_ID,Unmatched Foreign Key
sales.csv,131964,Customer_ID,C011964,Customer_ID,Unmatched Foreign Key
sales.csv,132961,Customer_ID,C012961,Customer_ID,Unmatched Foreign Key
sales.csv,133958,Customer_ID,C013958,Customer_ID,Unmatched Foreign Key
sales.csv,134955,Customer_ID,C014955,Customer_ID,Unmatched Foreign Key
sales.csv,135952,Customer_ID,C015952,Customer_ID,Unmatched Foreign Key
sales.csv,136949,Customer_ID,C016949,Customer_ID,Unmatched Foreign Key
sales.csv,137946,Customer_ID,C017946,Customer_ID,Unmatched Foreign Key
sales.csv,138943,Customer_ID,C018943,Customer_ID,Unmatched Foreign Key
sales.csv,139940,Customer_ID,C019940,Customer_ID,Unmatched Foreign Key
sales.csv,140997,Customer_ID,C000997,Customer_ID,Unmatched Foreign Key
sales.csv,141994,Customer_ID,C001994,Customer_ID,Unmatched Foreign Key
sales.csv,142991,Customer_ID,C002991,Customer_ID,Unmatched Foreign Key
sales.csv,143988,Customer_ID,C003988,Customer_ID,Unmatched Foreign Key
sales.csv,144985,Customer_ID,C004985,Customer_ID,Unmatched Foreign Key
sales.csv,145982,Customer_ID,C005982,Customer_ID,Unmatched Foreign Key
sales.csv,146979,Customer_ID,C006979,Customer_ID,Unmatched Foreign Key
sales.csv,147976,Customer_ID,C007976,Customer_ID,Unmatched Foreign Key
sales.csv,148973,Customer_ID,C008973,Customer_ID,Unmatched Foreign Key
sales.csv,149970,Customer_ID,C009970,Customer_ID,Unmatched Foreign Key
sales.csv,150967,Customer_ID,C010967,Customer_ID,Unmatched Foreign Key
sales.csv,151964,Customer_ID,C011964,Customer_ID,Unmatched Foreign Key
sales.csv,152961,Customer_ID,C012961,Customer_ID,Unmatched Foreign Key
sales.csv,153958,Customer_ID,C013958,Customer_ID,Unmatched Foreign Key
sales.csv,154955,Customer_ID,C014955,Customer_ID,Unmatched Foreign Key
sales.csv,155952,Customer_ID,C015952,Customer_ID,Unmatched Foreign Key
sales.csv,156949,Customer_ID,C016949,Customer_ID,Unmatched Foreign Key
sales.csv,157946,Customer_ID,C017946,Customer_ID,Unmatched Foreign Key
sales.csv,158943,Customer_ID,C018943,Customer_ID,Unmatched Foreign Key
sales.csv,159940,Customer_ID,C019940,Customer_ID,Unmatched Foreign Key
sales.csv,160997,Customer_ID,C000997,Customer_ID,Unmatched Foreign Key
sales.csv,161994,Customer_ID,C001994,Customer_ID,Unmatched Foreign Key
sales.csv,162991,Customer_ID,C002991,Customer_ID,Unmatched Foreign Key
sales.csv,163988,Customer_ID,C003988,Customer_ID,Unmatched Foreign Key
sales.csv,164985,Customer_ID,C004985,Customer_ID,Unmatched Foreign Key
sales.csv,165982,Customer_ID,C005982,Customer_ID,Unmatched Foreign Key
sales.csv,166979,Customer_ID,C006979,Customer_ID,Unmatched Foreign Key
sales.csv,167976,Customer_ID,C007976,Customer_ID,Unmatched Foreign Key
sales.csv,168973,Customer_ID,C008973,Customer_ID,Unmatched Foreign Key
sales.csv,169970,Customer_ID,C009970,Customer_ID,Unmatched Foreign Key
sales.csv,170967,Customer_ID,C010967,Customer_ID,Unmatched Foreign Key
sales.csv,171964,Customer_ID,C011964,Customer_ID,Unmatched Foreign Key
sales.csv,172961,Customer_ID,C012961,Customer_ID,Unmatched Foreign Key
sales.csv,173958,Customer_ID,C013958,Customer_ID,Unmatched Foreign Key
sales.csv,174955,Customer_ID,C014955,Customer_ID,Unmatched Foreign Key
sales.csv,175952,Customer_ID,C015952,Customer_ID,Unmatched Foreign Key
sales.csv,176949,Customer_ID,C016949,Customer_ID,Unmatched Foreign Key
sales.csv,177946,Customer_ID,C017946,Customer_ID,Unmatched Foreign Key
sales.csv,178943,Customer_ID,C018943,Customer_ID,Unmatched Foreign Key
sales.csv,179940,Customer_ID,C019940,Customer_ID,Unmatched Foreign Key
sales.csv,180997,Customer_ID,C000997,Customer_ID,Unmatched Foreign Key
sales.csv,181994,Customer_ID,C001994,Customer_ID,Unmatched Foreign Key
sales.csv,182991,Customer_ID,C002991,Customer_ID,Unmatched Foreign Key
sales.csv,183988,Customer_ID,C003988,Customer_ID,Unmatched Foreign Key
sales.csv,184985,Customer_ID,C004985,Customer_ID,Unmatched Foreign Key
sales.csv,185982,Customer_ID,C005982,Customer_ID,Unmatched Foreign Key
sales.csv,186979,Customer_ID,C006979,Customer_ID,Unmatched Foreign Key
sales.csv,187976,Customer_ID,C007976,Customer_ID,Unmatched Foreign Key
sales.csv,188973,Customer_ID,C008973,Customer_ID,Unmatched Foreign Key
sales.csv,189970,Customer_ID,C009970,Customer_ID,Unmatched Foreign Key
sales.csv,190967,Customer_ID,C010967,Customer_ID,Unmatched Foreign Key
sales.csv,191964,Customer_ID,C011964,Customer_ID,Unmatched Foreign Key
sales.csv,192961,Customer_ID,C012961,Customer_ID,Unmatched Foreign Key
sales.csv,193958,Customer_ID,C013958,Customer_ID,Unmatched Foreign Key
sales.csv,194955,Customer_ID,C014955,Customer_ID,Unmatched Foreign Key
sales.csv,195952,Customer_ID,C015952,Customer_ID,Unmatched Foreign Key
sales.csv,196949,Customer_ID,C016949,Customer_ID,Unmatched Foreign Key
sales.csv,197946,Customer_ID,C017946,Customer_ID,Unmatched Foreign Key
sales.csv,198943,Customer_ID,C018943,Customer_ID,Unmatched Foreign Key
sales.csv,199940,Customer_ID,C019940,Customer_ID,Unmatched Foreign Key
sales.csv,200997,Customer_ID,C000997,Customer_ID,Unmatched Foreign Key
sales.csv,201994,Customer_ID,C001994,Customer_ID,Unmatched Foreign Key
sales.csv,202991,Customer_ID,C002991,Customer_ID,Unmatched Foreign Key
sales.csv,203988,Customer_ID,C003988,Customer_ID,Unmatched Foreign Key
sales.csv,204985,Customer_ID,C004985,Customer_ID,Unmatched Foreign Key
sales.csv,205982,Customer_ID,C005982,Customer_ID,Unmatched Foreign Key
sales.csv,206979,Customer_ID,C006979,Customer_ID,Unmatched Foreign Key
sales.csv,207976,Customer_ID,C007976,Customer_ID,Unmatched Foreign Key
sales.csv,208973,Customer_ID,C008973,Customer_ID,Unmatched Foreign Key
sales.csv,209970,Customer_ID,C009970,Customer_ID,Unmatched Foreign Key
sales.csv,210967,Customer_ID,C010967,Customer_ID,Unmatched Foreign Key
sales.csv,211964,Customer_ID,C011964,Customer_ID,Unmatched Foreign Key
sales.csv,212961,Customer_ID,C012961,Customer_ID,Unmatched Foreign Key
sales.csv,213958,Customer_ID,C013958,Customer_ID,Unmatched Foreign Key
sales.csv,214955,Customer_ID,C014955,Customer_ID,Unmatched Foreign Key
sales.csv,215952,Customer_ID,C015952,Customer_ID,Unmatched Foreign Key
sales.csv,216949,Customer_ID,C016949,Customer_ID,Unmatched Foreign Key
sales.csv,217946,Customer_ID,C017946,Customer_ID,Unmatched Foreign Key
sales.csv,218943,Customer_ID,C018943,Customer_ID,Unmatched Foreign Key
sales.csv,219940,Customer_ID,C019940,Customer_ID,Unmatched Foreign Key
sales.csv,220997,Customer_ID,C000997,Customer_ID,Unmatched Foreign Key
sales.csv,221994,Customer_ID,C001994,Customer_ID,Unmatched Foreign Key
sales.csv,222991,Customer_ID,C002991,Customer_ID,Unmatched Foreign Key
sales.csv,223988,Customer_ID,C003988,Customer_ID,Unmatched Foreign Key
sales.csv,224985,Customer_ID,C004985,Customer_ID,Unmatched Foreign Key
sales.csv,225982,Customer_ID,C005982,Customer_ID,Unmatched Foreign Key
sales.csv,226979,Customer_ID,C006979,Customer_ID,Unmatched Foreign Key
sales.csv,227976,Customer_ID,C007976,Customer_ID,Unmatched Foreign Key
sales.csv,228973,Customer_ID,C008973,Customer_ID,Unmatched Foreign Key
sales.csv,229970,Customer_ID,C009970,Customer_ID,Unmatched Foreign Key
sales.csv,230967,Customer_ID,C010967,Customer_ID,Unmatched Foreign Key
sales.csv,231964,Customer_ID,C011964,Customer_ID,Unmatched Foreign Key
sales.csv,232961,Customer_ID,C012961,Customer_ID,Unmatched Foreign Key
sales.csv,233958,Customer_ID,C013958,Customer_ID,Unmatched Foreign Key
sales.csv,234955,Customer_ID,C014955,Customer_ID,Unmatched Foreign Key
sales.csv,235952,Customer_ID,C015952,Customer_ID,Unmatched Foreign Key
sales.csv,236949,Customer_ID,C016949,Customer_ID,Unmatched Foreign Key
sales.csv,237946,Customer_ID,C017946,Customer_ID,Unmatched Foreign Key
sales.csv,238943,Customer_ID,C018943,Customer_ID,Unmatched Foreign Key
sales.csv,239940,Customer_ID,C019940,Customer_ID,Unmatched Foreign Key
sales.csv,240997,Customer_ID,C000997,Customer_ID,Unmatched Foreign Key
sales.csv,241994,Customer_ID,C001994,Customer_ID,Unmatched Foreign Key
sales.csv,242991,Customer_ID,C002991,Customer_ID,Unmatched Foreign Key
sales.csv,243988,Customer_ID,C003988,Customer_ID,Unmatched Foreign Key
sales.csv,244985,Customer_ID,C004985,Customer_ID,Unmatched Foreign Key
sales.csv,245982,Customer_ID,C005982,Customer_ID,Unmatched Foreign Key
sales.csv,246979,Customer_ID,C006979,Customer_ID,Unmatched Foreign Key
sales.csv,247976,Customer_ID,C007976,Customer_ID,Unmatched Foreign Key
sales.csv,248973,Customer_ID,C008973,Customer_ID,Unmatched Foreign Key
sales.csv,249970,Customer_ID,C009970,Customer_ID,Unmatched Foreign Key
sales.csv,499,Product_ID,P00499,Product_ID,Unmatched Foreign Key
sales.csv,998,Product_ID,P00998,Product_ID,Unmatched Foreign Key
sales.csv,1499,Product_ID,P00499,Product_ID,Unmatched Foreign Key
sales.csv,1998,Product_ID,P00998,Product_ID,Unmatched Foreign Key
sales.csv,2499,Product_ID,P00499,Product_ID,Unmatched Foreign Key
sales.csv,2998,Product_ID,P00998,Product_ID,Unmatched Foreign Key
sales.csv,3499,Product_ID,P00499,Product_ID,Unmatched Foreign Key
sales.csv,3998,Product_ID,P00998,Product_ID,Unmatched Foreign Key
sales.csv,4499,Product_ID,P00499,Product_ID,Unmatched Foreign Key
sales.csv,4998,Product_ID,P00998,Product_ID,Unmatched Foreign Key
sales.csv,5499,Product_ID,P00499,Product_ID,Unmatched Foreign Key
sales.csv,5998,Product_ID,P00998,Product_ID,Unmatched Foreign Key
sales.csv,6499,Product_ID,P00499,Product_ID,Unmatched Foreign Key
sales.csv,6998,Product_ID,P00998,Product_ID,Unmatched Foreign Key
sales.csv,7499,Product_ID,P00499,Product_ID,Unmatched Foreign Key
sales.csv,7998,Product_ID,P00998,Product_ID,Unmatched Foreign Key
sales.csv,8499,Product_ID,P00499,Product_ID,Unmatched Foreign Key
sales.csv,8998,Product_ID,P00998,Product_ID,Unmatched Foreign Key
sales.csv,9499,Product_ID,P00499,Product_ID,Unmatched Foreign Key
sales.csv,9998,Product_ID,P00998,Product_ID,Unmatched Foreign Key
sales.csv,10499,Product_ID,P00499,Product_ID,Unmatched Foreign Key
sales.csv,10998,Product_ID,P00998,Product_ID,Unmatched Foreign Key
sales.csv,11499,Product_ID,P00499,Product_ID,Unmatched Foreign Key
sales.csv,11998,Product_ID,P00998,Product_ID,Unmatched Foreign Key
sales.csv,12499,Product_ID,P00499,Product_ID,Unmatched Foreign Key
sales.csv,12998,Product_ID,P00998,Product_ID,Unmatched Foreign Key
sales.csv,13499,Product_ID,P00499,Product_ID,Unmatched Foreign Key
sales.csv,13998,Product_ID,P00998,Product_ID,Unmatched Foreign Key
sales.csv,14499,Product_ID,P00499,Product_ID,Unmatched Foreign Key
sales.csv,14998,Product_ID,P00998,Product_ID,Unmatched Foreign Key
sales.csv,15499,Product_ID,P00499,Product_ID,Unmatched Foreign Key
sales.csv,15998,Product_ID,P00998,Product_ID,Unmatched Foreign Key
sales.csv,16499,Product_ID,P00499,Product_ID,Unmatched Foreign Key
sales.csv,16998,Product_ID,P00998,Product_ID,Unmatched Foreign Key
sales.csv,17499,Product_ID,P00499,Product_ID,Unmatched Foreign Key
sales.csv,17998,Product_ID,P00998,Product_ID,Unmatched Foreign Key
sales.csv,18499,Product_ID,P00499,Product_ID,Unmatched Foreign Key
sales.csv,18998,Product_ID,P00998,Product_ID,Unmatched Foreign Key
sales.csv,19499,Product_ID,P00499,Product_ID,Unmatched Foreign Key
sales.csv,19998,Product_ID,P00998,Product_ID,Unmatched Foreign Key
sales.csv,20499,Product_ID,P00499,Product_ID,Unmatched Foreign Key
sales.csv,20998,Product_ID,P00998,Product_ID,Unmatched Foreign Key
sales.csv,21499,Product_ID,P00499,Product_ID,Unmatched Foreign Key
sales.csv,21998,Product_ID,P00998,Product_ID,Unmatched Foreign Key
sales.csv,22499,Product_ID,P00499,Product_ID,Unmatched Foreign Key
sales.csv,22998,Product_ID,P00998,Product_ID,Unmatched Foreign Key
sales.csv,23499,Product_ID,P00499,Product_ID,Unmatched Foreign Key
sales.csv,23998,Product_ID,P00998,Product_ID,Unmatched Foreign Key
sales.csv,24499,Product_ID,P00499,Product_ID,Unmatched Foreign Key
sales.csv,24998,Product_ID,P00998,Product_ID,Unmatched Foreign Key
sales.csv,25499,Product_ID,P00499,Product_ID,Unmatched Foreign Key
sales.csv,25998,Product_ID,P00998,Product_ID,Unmatched Foreign Key
sales.csv,26499,Product_ID,P00499,Product_ID,Unmatched Foreign Key
sales.csv,26998,Product_ID,P00998,Product_ID,Unmatched Foreign Key
sales.csv,27499,Product_ID,P00499,Product_ID,Unmatched Foreign Key
sales.csv,27998,Product_ID,P00998,Product_ID,Unmatched Foreign Key
sales.csv,28499,Product_ID,P00499,Product_ID,Unmatched Foreign Key
sales.csv,28998,Product_ID,P00998,Product_ID,Unmatched Foreign Key
sales.csv,29499,Product_ID,P00499,Product_ID,Unmatched Foreign Key
sales.csv,29998,Product_ID,P00998,Product_ID,Unmatched Foreign Key
sales.csv,30499,Product_ID,P00499,Product_ID,Unmatched Foreign Key
sales.csv,30998,Product_ID,P00998,Product_ID,Unmatched Foreign Key
sales.csv,31499,Product_ID,P00499,Product_ID,Unmatched Foreign Key
sales.csv,31998,Product_ID,P00998,Product_ID,Unmatched Foreign Key
sales.csv,32499,Product_ID,P00499,Product_ID,Unmatched Foreign Key
sales.csv,32998,Product_ID,P00998,Product_ID,Unmatched Foreign Key
sales.csv,33499,Product_ID,P00499,Product_ID,Unmatched Foreign Key
sales.csv,33998,Product_ID,P00998,Product_ID,Unmatched Foreign Key
sales.csv,34499,Product_ID,P00499,Product_ID,Unmatched Foreign Key
sales.csv,34998,Product_ID,P00998,Product_ID,Unmatched Foreign Key
sales.csv,35499,Product_ID,P00499,Product_ID,Unmatched Foreign Key
sales.csv,35998,Product_ID,P00998,Product_ID,Unmatched Foreign Key
sales.csv,36499,Product_ID,P00499,Product_ID,Unmatched Foreign Key
sales.csv,36998,Product_ID,P00998,Product_ID,Unmatched Foreign Key
sales.csv,37499,Product_ID,P00499,Product_ID,Unmatched Foreign Key
sales.csv,37998,Product_ID,P00998,Product_ID,Unmatched Foreign Key
sales.csv,38499,Product_ID,P00499,Product_ID,Unmatched Foreign Key
sales.csv,38998,Product_ID,P00998,Product_ID,Unmatched Foreign Key
sales.csv,39499,Product_ID,P00499,Product_ID,Unmatched Foreign Key
sales.csv,39998,Product_ID,P00998,Product_ID,Unmatched Foreign Key
sales.csv,40499,Product_ID,P00499,Product_ID,Unmatched Foreign Key
sales.csv,40998,Product_ID,P00998,Product_ID,Unmatched Foreign Key
sales.csv,41499,Product_ID,P00499,Product_ID,Unmatched Foreign Key
sales.csv,41998,Product_ID,P00998,Product_ID,Unmatched Foreign Key
sales.csv,42499,Product_ID,P00499,Product_ID,Unmatched Foreign Key
sales.csv,42998,Product_ID,P00998,Product_ID,Unmatched Foreign Key
sales.csv,43499,Product_ID,P00499,Product_ID,Unmatched Foreign Key
sales.csv,43998,Product_ID,P00998,Product_ID,Unmatched Foreign Key
sales.csv,44499,Product_ID,P00499,Product_ID,Unmatched Foreign Key
sales.csv,44998,Product_ID,P00998,Product_ID,Unmatched Foreign Key
sales.csv,45499,Product_ID,P00499,Product_ID,Unmatched Foreign Key
sales.csv,45998,Product_ID,P00998,Product_ID,Unmatched Foreign Key
sales.csv,46499,Product_ID,P00499,Product_ID,Unmatched Foreign Key
sales.csv,46998,Product_ID,P00998,Product_ID,Unmatched Foreign Key
sales.csv,47499,Product_ID,P00499,Product_ID,Unmatched Foreign Key
sales.csv,47998,Product_ID,P00998,Product_ID,Unmatched Foreign Key
sales.csv,48499,Product_ID,P00499,Product_ID,Unmatched Foreign Key
sales.csv,48998,Product_ID,P00998,Product_ID,Unmatched Foreign Key
sales.csv,49499,Product_ID,P00499,Product_ID,Unmatched Foreign Key
sales.csv,49998,Product_ID,P00998,Product_ID,Unmatched Foreign Key
sales.csv,50499,Product_ID,P00499,Product_ID,Unmatched Foreign Key
sales.csv,50998,Product_ID,P00998,Product_ID,Unmatched Foreign Key
sales.csv,51499,Product_ID,P00499,Product_ID,Unmatched Foreign Key
sales.csv,51998,Product_ID,P00998,Product_ID,Unmatched Foreign Key
sales.csv,52499,Product_ID,P00499,Product_ID,Unmatched Foreign Key
sales.csv,52998,Product_ID,P00998,Product_ID,Unmatched Foreign Key
sales.csv,53499,Product_ID,P00499,Product_ID,Unmatched Foreign Key
sales.csv,53998,Product_ID,P00998,Product_ID,Unmatched Foreign Key
sales.csv,54499,Product_ID,P00499,Product_ID,Unmatched Foreign Key
sales.csv,54998,Product_ID,P00998,Product_ID,Unmatched Foreign Key
sales.csv,55499,Product_ID,P00499,Product_ID,Unmatched Foreign Key
sales.csv,55998,Product_ID,P00998,Product_ID,Unmatched Foreign Key
sales.csv,56499,Product_ID,P00499,Product_ID,Unmatched Foreign Key
sales.csv,56998,Product_ID,P00998,Product_ID,Unmatched Foreign Key
sales.csv,57499,Product_ID,P00499,Product_ID,Unmatched Foreign Key
sales.csv,57998,Product_ID,P00998,Product_ID,Unmatched Foreign Key
sales.csv,58499,Product_ID,P00499,Product_ID,Unmatched Foreign Key
sales.csv,58998,Product_ID,P00998,Product_ID,Unmatched Foreign Key
sales.csv,59499,Product_ID,P00499,Product_ID,Unmatched Foreign Key
sales.csv,59998,Product_ID,P00998,Product_ID,Unmatched Foreign Key
sales.csv,60499,Product_ID,P00499,Product_ID,Unmatched Foreign Key
sales.csv,60998,Product_ID,P00998,Product_ID,Unmatched Foreign Key
sales.csv,61499,Product_ID,P00499,Product_ID,Unmatched Foreign Key
sales.csv,61998,Product_ID,P00998,Product_ID,Unmatched Foreign Key
sales.csv,62499,Product_ID,P00499,Product_ID,Unmatched Foreign Key
sales.csv,62998,Product_ID,P00998,Product_ID,Unmatched Foreign Key
sales.csv,63499,Product_ID,P00499,Product_ID,Unmatched Foreign Key
sales.csv,63998,Product_ID,P00998,Product_ID,Unmatched Foreign Key
sales.csv,64499,Product_ID,P00499,Product_ID,Unmatched Foreign Key
sales.csv,64998,Product_ID,P00998,Product_ID,Unmatched Foreign Key
sales.csv,65499,Product_ID,P00499,Product_ID,Unmatched Foreign Key
sales.csv,65998,Product_ID,P00998,Product_ID,Unmatched Foreign Key
sales.csv,66499,Product_ID,P00499,Product_ID,Unmatched Foreign Key
sales.csv,66998,Product_ID,P00998,Product_ID,Unmatched Foreign Key
sales.csv,67499,Product_ID,P00499,Product_ID,Unmatched Foreign Key
sales.csv,67998,Product_ID,P00998,Product_ID,Unmatched Foreign Key
sales.csv,68499,Product_ID,P00499,Product_ID,Unmatched Foreign Key
sales.csv,68998,Product_ID,P00998,Product_ID,Unmatched Foreign Key
sales.csv,69499,Product_ID,P00499,Product_ID,Unmatched Foreign Key
sales.csv,69998,Product_ID,P00998,Product_ID,Unmatched Foreign Key
sales.csv,70499,Product_ID,P00499,Product_ID,Unmatched Foreign Key
sales.csv,70998,Product_ID,P00998,Product_ID,Unmatched Foreign Key
sales.csv,71499,Product_ID,P00499,Product_ID,Unmatched Foreign Key
sales.csv,71998,Product_ID,P00998,Product_ID,Unmatched Foreign Key
sales.csv,72499,Product_ID,P00499,Product_ID,Unmatched Foreign Key
sales.csv,72998,Product_ID,P00998,Product_ID,Unmatched Foreign Key
sales.csv,73499,Product_ID,P00499,Product_ID,Unmatched Foreign Key
sales.csv,73998,Product_ID,P00998,Product_ID,Unmatched Foreign Key
sales.csv,74499,Product_ID,P00499,Product_ID,Unmatched Foreign Key
sales.csv,74998,Product_ID,P00998,Product_ID,Unmatched Foreign Key
sales.csv,75499,Product_ID,P00499,Product_ID,Unmatched Foreign Key
sales.csv,75998,Product_ID,P00998,Product_ID,Unmatched Foreign Key
sales.csv,76499,Product_ID,P00499,Product_ID,Unmatched Foreign Key
sales.csv,76998,Product_ID,P00998,Product_ID,Unmatched Foreign Key
sales.csv,77499,Product_ID,P00499,Product_ID,Unmatched Foreign Key
sales.csv,77998,Product_ID,P00998,Product_ID,Unmatched Foreign Key
sales.csv,78499,Product_ID,P00499,Product_ID,Unmatched Foreign Key
sales.csv,78998,Product_ID,P00998,Product_ID,Unmatched Foreign Key
sales.csv,79499,Product_ID,P00499,Product_ID,Unmatched Foreign Key
sales.csv,79998,Product_ID,P00998,Product_ID,Unmatched Foreign Key
sales.csv,80499,Product_ID,P00499,Product_ID,Unmatched Foreign Key
sales.csv,80998,Product_ID,P00998,Product_ID,Unmatched Foreign Key
sales.csv,81499,Product_ID,P00499,Product_ID,Unmatched Foreign Key
sales.csv,81998,Product_ID,P00998,Product_ID,Unmatched Foreign Key
sales.csv,82499,Product_ID,P00499,Product_ID,Unmatched Foreign Key
sales.csv,82998,Product_ID,P00998,Product_ID,Unmatched Foreign Key
sales.csv,83499,Product_ID,P00499,Product_ID,Unmatched Foreign Key
sales.csv,83998,Product_ID,P00998,Product_ID,Unmatched Foreign Key
sales.csv,84499,Product_ID,P00499,Product_ID,Unmatched Foreign Key
sales.csv,84998,Product_ID,P00998,Product_ID,Unmatched Foreign Key
sales.csv,85499,Product_ID,P00499,Product_ID,Unmatched Foreign Key
sales.csv,85998,Product_ID,P00998,Product_ID,Unmatched Foreign Key
sales.csv,86499,Product_ID,P00499,Product_ID,Unmatched Foreign Key
sales.csv,86998,Product_ID,P00998,Product_ID,Unmatched Foreign Key
sales.csv,87499,Product_ID,P00499,Product_ID,Unmatched Foreign Key
sales.csv,87998,Product_ID,P00998,Product_ID,Unmatched Foreign Key
sales.csv,88499,Product_ID,P00499,Product_ID,Unmatched Foreign Key
sales.csv,88998,Product_ID,P00998,Product_ID,Unmatched Foreign Key
sales.csv,89499,Product_ID,P00499,Product_ID,Unmatched Foreign Key
sales.csv,89998,Product_ID,P00998,Product_ID,Unmatched Foreign Key
sales.csv,90499,Product_ID,P00499,Product_ID,Unmatched Foreign Key
sales.csv,90998,Product_ID,P00998,Product_ID,Unmatched Foreign Key
sales.csv,91499,Product_ID,P00499,Product_ID,Unmatched Foreign Key
sales.csv,91998,Product_ID,P00998,Product_ID,Unmatched Foreign Key
sales.csv,92499,Product_ID,P00499,Product_ID,Unmatched Foreign Key
sales.csv,92998,Product_ID,P00998,Product_ID,Unmatched Foreign Key
sales.csv,93499,Product_ID,P00499,Product_ID,Unmatched Foreign Key
sales.csv,93998,Product_ID,P00998,Product_ID,Unmatched Foreign Key
sales.csv,94499,Product_ID,P00499,Product_ID,Unmatched Foreign Key
sales.csv,94998,Product_ID,P00998,Product_ID,Unmatched Foreign Key
sales.csv,95499,Product_ID,P00499,Product_ID,Unmatched Foreign Key
sales.csv,95998,Product_ID,P00998,Product_ID,Unmatched Foreign Key
sales.csv,96499,Product_ID,P00499,Product_ID,Unmatched Foreign Key
sales.csv,96998,Product_ID,P00998,Product_ID,Unmatched Foreign Key
sales.csv,97499,Product_ID,P00499,Product_ID,Unmatched Foreign Key
sales.csv,97998,Product_ID,P00998,Product_ID,Unmatched Foreign Key
sales.csv,98499,Product_ID,P00499,Product_ID,Unmatched Foreign Key
sales.csv,98998,Product_ID,P00998,Product_ID,Unmatched Foreign Key
sales.csv,99499,Product_ID,P00499,Product_ID,Unmatched Foreign Key
sales.csv,99998,Product_ID,P00998,Product_ID,Unmatched Foreign Key
sales.csv,100499,Product_ID,P00499,Product_ID,Unmatched Foreign Key
sales.csv,100998,Product_ID,P00998,Product_ID,Unmatched Foreign Key
sales.csv,101499,Product_ID,P00499,Product_ID,Unmatched Foreign Key
sales.csv,101998,Product_ID,P00998,Product_ID,Unmatched Foreign Key
sales.csv,102499,Product_ID,P00499,Product_ID,Unmatched Foreign Key
sales.csv,102998,Product_ID,P00998,Product_ID,Unmatched Foreign Key
sales.csv,103499,Product_ID,P00499,Product_ID,Unmatched Foreign Key
sales.csv,103998,Product_ID,P00998,Product_ID,Unmatched Foreign Key
sales.csv,104499,Product_ID,P00499,Product_ID,Unmatched Foreign Key
sales.csv,104998,Product_ID,P00998,Product_ID,Unmatched Foreign Key
sales.csv,105499,Product_ID,P00499,Product_ID,Unmatched Foreign Key
sales.csv,105998,Product_ID,P00998,Product_ID,Unmatched Foreign Key
sales.csv,106499,Product_ID,P00499,Product_ID,Unmatched Foreign Key
sales.csv,106998,Product_ID,P00998,Product_ID,Unmatched Foreign Key
sales.csv,107499,Product_ID,P00499,Product_ID,Unmatched Foreign Key
sales.csv,107998,Product_ID,P00998,Product_ID,Unmatched Foreign Key
sales.csv,108499,Product_ID,P00499,Product_ID,Unmatched Foreign Key
sales.csv,108998,Product_ID,P00998,Product_ID,Unmatched Foreign Key
sales.csv,109499,Product_ID,P00499,Product_ID,Unmatched Foreign Key
sales.csv,109998,Product_ID,P00998,Product_ID,Unmatched Foreign Key
sales.csv,110499,Product_ID,P00499,Product_ID,Unmatched Foreign Key
sales.csv,110998,Product_ID,P00998,Product_ID,Unmatched Foreign Key
sales.csv,111499,Product_ID,P00499,Product_ID,Unmatched Foreign Key
sales.csv,111998,Product_ID,P00998,Product_ID,Unmatched Foreign Key
sales.csv,112499,Product_ID,P00499,Product_ID,Unmatched Foreign Key
sales.csv,112998,Product_ID,P00998,Product_ID,Unmatched Foreign Key
sales.csv,113499,Product_ID,P00499,Product_ID,Unmatched Foreign Key
sales.csv,113998,Product_ID,P00998,Product_ID,Unmatched Foreign Key
sales.csv,114499,Product_ID,P00499,Product_ID,Unmatched Foreign Key
sales.csv,114998,Product_ID,P00998,Product_ID,Unmatched Foreign Key
sales.csv,115499,Product_ID,P00499,Product_ID,Unmatched Foreign Key
sales.csv,115998,Product_ID,P00998,Product_ID,Unmatched Foreign Key
sales.csv,116499,Product_ID,P00499,Product_ID,Unmatched Foreign Key
sales.csv,116998,Product_ID,P00998,Product_ID,Unmatched Foreign Key
sales.csv,117499,Product_ID,P00499,Product_ID,Unmatched Foreign Key
sales.csv,117998,Product_ID,P00998,Product_ID,Unmatched Foreign Key
sales.csv,118499,Product_ID,P00499,Product_ID,Unmatched Foreign Key
sales.csv,118998,Product_ID,P00998,Product_ID,Unmatched Foreign Key
sales.csv,119499,Product_ID,P00499,Product_ID,Unmatched Foreign Key
sales.csv,119998,Product_ID,P00998,Product_ID,Unmatched Foreign Key
sales.csv,120499,Product_ID,P00499,Product_ID,Unmatched Foreign Key
sales.csv,120998,Product_ID,P00998,Product_ID,Unmatched Foreign Key
sales.csv,121499,Product_ID,P00499,Product_ID,Unmatched Foreign Key
sales.csv,121998,Product_ID,P00998,Product_ID,Unmatched Foreign Key
sales.csv,122499,Product_ID,P00499,Product_ID,Unmatched Foreign Key
sales.csv,122998,Product_ID,P00998,Product_ID,Unmatched Foreign Key
sales.csv,123499,Product_ID,P00499,Product_ID,Unmatched Foreign Key
sales.csv,123998,Product_ID,P00998,Product_ID,Unmatched Foreign Key
sales.csv,124499,Product_ID,P00499,Product_ID,Unmatched Foreign Key
sales.csv,124998,Product_ID,P00998,Product_ID,Unmatched Foreign Key
sales.csv,125499,Product_ID,P00499,Product_ID,Unmatched Foreign Key
sales.csv,125998,Product_ID,P00998,Product_ID,Unmatched Foreign Key
sales.csv,126499,Product_ID,P00499,Product_ID,Unmatched Foreign Key
sales.csv,126998,Product_ID,P00998,Product_ID,Unmatched Foreign Key
sales.csv,127499,Product_ID,P00499,Product_ID,Unmatched Foreign Key
sales.csv,127998,Product_ID,P00998,Product_ID,Unmatched Foreign Key
sales.csv,128499,Product_ID,P00499,Product_ID,Unmatched Foreign Key
sales.csv,128998,Product_ID,P00998,Product_ID,Unmatched Foreign Key
sales.csv,129499,Product_ID,P00499,Product_ID,Unmatched Foreign Key
sales.csv,129998,Product_ID,P00998,Product_ID,Unmatched Foreign Key
sales.csv,130499,Product_ID,P00499,Product_ID,Unmatched Foreign Key
sales.csv,130998,Product_ID,P00998,Product_ID,Unmatched Foreign Key
sales.csv,131499,Product_ID,P00499,Product_ID,Unmatched Foreign Key
sales.csv,131998,Product_ID,P00998,Product_ID,Unmatched Foreign Key
sales.csv,132499,Product_ID,P00499,Product_ID,Unmatched Foreign Key
sales.csv,132998,Product_ID,P00998,Product_ID,Unmatched Foreign Key
sales.csv,133499,Product_ID,P00499,Product_ID,Unmatched Foreign Key
sales.csv,133998,Product_ID,P00998,Product_ID,Unmatched Foreign Key
sales.csv,134499,Product_ID,P00499,Product_ID,Unmatched Foreign Key
sales.csv,134998,Product_ID,P00998,Product_ID,Unmatched Foreign Key
sales.csv,135499,Product_ID,P00499,Product_ID,Unmatched Foreign Key
sales.csv,135998,Product_ID,P00998,Product_ID,Unmatched Foreign Key
sales.csv,136499,Product_ID,P00499,Product_ID,Unmatched Foreign Key
sales.csv,136998,Product_ID,P00998,Product_ID,Unmatched Foreign Key
sales.csv,137499,Product_ID,P00499,Product_ID,Unmatched Foreign Key
sales.csv,137998,Product_ID,P00998,Product_ID,Unmatched Foreign Key
sales.csv,138499,Product_ID,P00499,Product_ID,Unmatched Foreign Key
sales.csv,138998,Product_ID,P00998,Product_ID,Unmatched Foreign Key
sales.csv,139499,Product_ID,P00499,Product_ID,Unmatched Foreign Key
sales.csv,139998,Product_ID,P00998,Product_ID,Unmatched Foreign Key
sales.csv,140499,Product_ID,P00499,Product_ID,Unmatched Foreign Key
sales.csv,140998,Product_ID,P00998,Product_ID,Unmatched Foreign Key
sales.csv,141499,Product_ID,P00499,Product_ID,Unmatched Foreign Key
sales.csv,141998,Product_ID,P00998,Product_ID,Unmatched Foreign Key
sales.csv,142499,Product_ID,P00499,Product_ID,Unmatched Foreign Key
sales.csv,142998,Product_ID,P00998,Product_ID,Unmatched Foreign Key
sales.csv,143499,Product_ID,P00499,Product_ID,Unmatched Foreign Key
sales.csv,143998,Product_ID,P00998,Product_ID,Unmatched Foreign Key
sales.csv,144499,Product_ID,P00499,Product_ID,Unmatched Foreign Key
sales.csv,144998,Product_ID,P00998,Product_ID,Unmatched Foreign Key
sales.csv,145499,Product_ID,P00499,Product_ID,Unmatched Foreign Key
sales.csv,145998,Product_ID,P00998,Product_ID,Unmatched Foreign Key
sales.csv,146499,Product_ID,P00499,Product_ID,Unmatched Foreign Key
sales.csv,146998,Product_ID,P00998,Product_ID,Unmatched Foreign Key
sales.csv,147499,Product_ID,P00499,Product_ID,Unmatched Foreign Key
sales.csv,147998,Product_ID,P00998,Product_ID,Unmatched Foreign Key
sales.csv,148499,Product_ID,P00499,Product_ID,Unmatched Foreign Key
sales.csv,148998,Product_ID,P00998,Product_ID,Unmatched Foreign Key
sales.csv,149499,Product_ID,P00499,Product_ID,Unmatched Foreign Key
sales.csv,149998,Product_ID,P00998,Product_ID,Unmatched Foreign Key
sales.csv,150499,Product_ID,P00499,Product_ID,Unmatched Foreign Key
sales.csv,150998,Product_ID,P00998,Product_ID,Unmatched Foreign Key
sales.csv,151499,Product_ID,P00499,Product_ID,Unmatched Foreign Key
sales.csv,151998,Product_ID,P00998,Product_ID,Unmatched Foreign Key
sales.csv,152499,Product_ID,P00499,Product_ID,Unmatched Foreign Key
sales.csv,152998,Product_ID,P00998,Product_ID,Unmatched Foreign Key
sales.csv,153499,Product_ID,P00499,Product_ID,Unmatched Foreign Key
sales.csv,153998,Product_ID,P00998,Product_ID,Unmatched Foreign Key
sales.csv,154499,Product_ID,P00499,Product_ID,Unmatched Foreign Key
sales.csv,154998,Product_ID,P00998,Product_ID,Unmatched Foreign Key
sales.csv,155499,Product_ID,P00499,Product_ID,Unmatched Foreign Key
sales.csv,155998,Product_ID,P00998,Product_ID,Unmatched Foreign Key
sales.csv,156499,Product_ID,P00499,Product_ID,Unmatched Foreign Key
sales.csv,156998,Product_ID,P00998,Product_ID,Unmatched Foreign Key
sales.csv,157499,Product_ID,P00499,Product_ID,Unmatched Foreign Key
sales.csv,157998,Product_ID,P00998,Product_ID,Unmatched Foreign Key
sales.csv,158499,Product_ID,P00499,Product_ID,Unmatched Foreign Key
sales.csv,158998,Product_ID,P00998,Product_ID,Unmatched Foreign Key
sales.csv,159499,Product_ID,P00499,Product_ID,Unmatched Foreign Key
sales.csv,159998,Product_ID,P00998,Product_ID,Unmatched Foreign Key
sales.csv,160499,Product_ID,P00499,Product_ID,Unmatched Foreign Key
sales.csv,160998,Product_ID,P00998,Product_ID,Unmatched Foreign Key
sales.csv,161499,Product_ID,P00499,Product_ID,Unmatched Foreign Key
sales.csv,161998,Product_ID,P00998,Product_ID,Unmatched Foreign Key
sales.csv,162499,Product_ID,P00499,Product_ID,Unmatched Foreign Key
sales.csv,162998,Product_ID,P00998,Product_ID,Unmatched Foreign Key
sales.csv,163499,Product_ID,P00499,Product_ID,Unmatched Foreign Key
sales.csv,163998,Product_ID,P00998,Product_ID,Unmatched Foreign Key
sales.csv,164499,Product_ID,P00499,Product_ID,Unmatched Foreign Key
sales.csv,164998,Product_ID,P00998,Product_ID,Unmatched Foreign Key
sales.csv,165499,Product_ID,P00499,Product_ID,Unmatched Foreign Key
sales.csv,165998,Product_ID,P00998,Product_ID,Unmatched Foreign Key
sales.csv,166499,Product_ID,P00499,Product_ID,Unmatched Foreign Key
sales.csv,166998,Product_ID,P00998,Product_ID,Unmatched Foreign Key
sales.csv,167499,Product_ID,P00499,Product_ID,Unmatched Foreign Key
sales.csv,167998,Product_ID,P00998,Product_ID,Unmatched Foreign Key
sales.csv,168499,Product_ID,P00499,Product_ID,Unmatched Foreign Key
sales.csv,168998,Product_ID,P00998,Product_ID,Unmatched Foreign Key
sales.csv,169499,Product_ID,P00499,Product_ID,Unmatched Foreign Key
sales.csv,169998,Product_ID,P00998,Product_ID,Unmatched Foreign Key
sales.csv,170499,Product_ID,P00499,Product_ID,Unmatched Foreign Key
sales.csv,170998,Product_ID,P00998,Product_ID,Unmatched Foreign Key
sales.csv,171499,Product_ID,P00499,Product_ID,Unmatched Foreign Key
sales.csv,171998,Product_ID,P00998,Product_ID,Unmatched Foreign Key
sales.csv,172499,Product_ID,P00499,Product_ID,Unmatched Foreign Key
sales.csv,172998,Product_ID,P00998,Product_ID,Unmatched Foreign Key
sales.csv,173499,Product_ID,P00499,Product_ID,Unmatched Foreign Key
sales.csv,173998,Product_ID,P00998,Product_ID,Unmatched Foreign Key
sales.csv,174499,Product_ID,P00499,Product_ID,Unmatched Foreign Key
sales.csv,174998,Product_ID,P00998,Product_ID,Unmatched Foreign Key
sales.csv,175499,Product_ID,P00499,Product_ID,Unmatched Foreign Key
sales.csv,175998,Product_ID,P00998,Product_ID,Unmatched Foreign Key
sales.csv,176499,Product_ID,P00499,Product_ID,Unmatched Foreign Key
sales.csv,176998,Product_ID,P00998,Product_ID,Unmatched Foreign Key
sales.csv,177499,Product_ID,P00499,Product_ID,Unmatched Foreign Key
sales.csv,177998,Product_ID,P00998,Product_ID,Unmatched Foreign Key
sales.csv,178499,Product_ID,P00499,Product_ID,Unmatched Foreign Key
sales.csv,178998,Product_ID,P00998,Product_ID,Unmatched Foreign Key
sales.csv,179499,Product_ID,P00499,Product_ID,Unmatched Foreign Key
sales.csv,179998,Product_ID,P00998,Product_ID,Unmatched Foreign Key
sales.csv,180499,Product_ID,P00499,Product_ID,Unmatched Foreign Key
sales.csv,180998,Product_ID,P00998,Product_ID,Unmatched Foreign Key
sales.csv,181499,Product_ID,P00499,Product_ID,Unmatched Foreign Key
sales.csv,181998,Product_ID,P00998,Product_ID,Unmatched Foreign Key
sales.csv,182499,Product_ID,P00499,Product_ID,Unmatched Foreign Key
sales.csv,182998,Product_ID,P00998,Product_ID,Unmatched Foreign Key
sales.csv,183499,Product_ID,P00499,Product_ID,Unmatched Foreign Key
sales.csv,183998,Product_ID,P00998,Product_ID,Unmatched Foreign Key
sales.csv,184499,Product_ID,P00499,Product_ID,Unmatched Foreign Key
sales.csv,184998,Product_ID,P00998,Product_ID,Unmatched Foreign Key
sales.csv,185499,Product_ID,P00499,Product_ID,Unmatched Foreign Key
sales.csv,185998,Product_ID,P00998,Product_ID,Unmatched Foreign Key
sales.csv,186499,Product_ID,P00499,Product_ID,Unmatched Foreign Key
sales.csv,186998,Product_ID,P00998,Product_ID,Unmatched Foreign Key
sales.csv,187499,Product_ID,P00499,Product_ID,Unmatched Foreign Key
sales.csv,187998,Product_ID,P00998,Product_ID,Unmatched Foreign Key
sales.csv,188499,Product_ID,P00499,Product_ID,Unmatched Foreign Key
sales.csv,188998,Product_ID,P00998,Product_ID,Unmatched Foreign Key
sales.csv,189499,Product_ID,P00499,Product_ID,Unmatched Foreign Key
sales.csv,189998,Product_ID,P00998,Product_ID,Unmatched Foreign Key
sales.csv,190499,Product_ID,P00499,Product_ID,Unmatched Foreign Key
sales.csv,190998,Product_ID,P00998,Product_ID,Unmatched Foreign Key
sales.csv,191499,Product_ID,P00499,Product_ID,Unmatched Foreign Key
sales.csv,191998,Product_ID,P00998,Product_ID,Unmatched Foreign Key
sales.csv,192499,Product_ID,P00499,Product_ID,Unmatched Foreign Key
sales.csv,192998,Product_ID,P00998,Product_ID,Unmatched Foreign Key
sales.csv,193499,Product_ID,P00499,Product_ID,Unmatched Foreign Key
sales.csv,193998,Product_ID,P00998,Product_ID,Unmatched Foreign Key
sales.csv,194499,Product_ID,P00499,Product_ID,Unmatched Foreign Key
sales.csv,194998,Product_ID,P00998,Product_ID,Unmatched Foreign Key
sales.csv,195499,Product_ID,P00499,Product_ID,Unmatched Foreign Key
sales.csv,195998,Product_ID,P00998,Product_ID,Unmatched Foreign Key
sales.csv,196499,Product_ID,P00499,Product_ID,Unmatched Foreign Key
sales.csv,196998,Product_ID,P00998,Product_ID,Unmatched Foreign Key
sales.csv,197499,Product_ID,P00499,Product_ID,Unmatched Foreign Key
sales.csv,197998,Product_ID,P00998,Product_ID,Unmatched Foreign Key
sales.csv,198499,Product_ID,P00499,Product_ID,Unmatched Foreign Key
sales.csv,198998,Product_ID,P00998,Product_ID,Unmatched Foreign Key
sales.csv,199499,Product_ID,P00499,Product_ID,Unmatched Foreign Key
sales.csv,199998,Product_ID,P00998,Product_ID,Unmatched Foreign Key
sales.csv,200499,Product_ID,P00499,Product_ID,Unmatched Foreign Key
sales.csv,200998,Product_ID,P00998,Product_ID,Unmatched Foreign Key
sales.csv,201499,Product_ID,P00499,Product_ID,Unmatched Foreign Key
sales.csv,201998,Product_ID,P00998,Product_ID,Unmatched Foreign Key
sales.csv,202499,Product_ID,P00499,Product_ID,Unmatched Foreign Key
sales.csv,202998,Product_ID,P00998,Product_ID,Unmatched Foreign Key
sales.csv,203499,Product_ID,P00499,Product_ID,Unmatched Foreign Key
sales.csv,203998,Product_ID,P00998,Product_ID,Unmatched Foreign Key
sales.csv,204499,Product_ID,P00499,Product_ID,Unmatched Foreign Key
sales.csv,204998,Product_ID,P00998,Product_ID,Unmatched Foreign Key
sales.csv,205499,Product_ID,P00499,Product_ID,Unmatched Foreign Key
sales.csv,205998,Product_ID,P00998,Product_ID,Unmatched Foreign Key
sales.csv,206499,Product_ID,P00499,Product_ID,Unmatched Foreign Key
sales.csv,206998,Product_ID,P00998,Product_ID,Unmatched Foreign Key
sales.csv,207499,Product_ID,P00499,Product_ID,Unmatched Foreign Key
sales.csv,207998,Product_ID,P00998,Product_ID,Unmatched Foreign Key
sales.csv,208499,Product_ID,P00499,Product_ID,Unmatched Foreign Key
sales.csv,208998,Product_ID,P00998,Product_ID,Unmatched Foreign Key
sales.csv,209499,Product_ID,P00499,Product_ID,Unmatched Foreign Key
sales.csv,209998,Product_ID,P00998,Product_ID,Unmatched Foreign Key
sales.csv,210499,Product_ID,P00499,Product_ID,Unmatched Foreign Key
sales.csv,210998,Product_ID,P00998,Product_ID,Unmatched Foreign Key
sales.csv,211499,Product_ID,P00499,Product_ID,Unmatched Foreign Key
sales.csv,211998,Product_ID,P00998,Product_ID,Unmatched Foreign Key
sales.csv,212499,Product_ID,P00499,Product_ID,Unmatched Foreign Key
sales.csv,212998,Product_ID,P00998,Product_ID,Unmatched Foreign Key
sales.csv,213499,Product_ID,P00499,Product_ID,Unmatched Foreign Key
sales.csv,213998,Product_ID,P00998,Product_ID,Unmatched Foreign Key
sales.csv,214499,Product_ID,P00499,Product_ID,Unmatched Foreign Key
sales.csv,214998,Product_ID,P00998,Product_ID,Unmatched Foreign Key
sales.csv,215499,Product_ID,P00499,Product_ID,Unmatched Foreign Key
sales.csv,215998,Product_ID,P00998,Product_ID,Unmatched Foreign Key
sales.csv,216499,Product_ID,P00499,Product_ID,Unmatched Foreign Key
sales.csv,216998,Product_ID,P00998,Product_ID,Unmatched Foreign Key
sales.csv,217499,Product_ID,P00499,Product_ID,Unmatched Foreign Key
sales.csv,217998,Product_ID,P00998,Product_ID,Unmatched Foreign Key
sales.csv,218499,Product_ID,P00499,Product_ID,Unmatched Foreign Key
sales.csv,218998,Product_ID,P00998,Product_ID,Unmatched Foreign Key
sales.csv,219499,Product_ID,P00499,Product_ID,Unmatched Foreign Key
sales.csv,219998,Product_ID,P00998,Product_ID,Unmatched Foreign Key
sales.csv,220499,Product_ID,P00499,Product_ID,Unmatched Foreign Key
sales.csv,220998,Product_ID,P00998,Product_ID,Unmatched Foreign Key
sales.csv,221499,Product_ID,P00499,Product_ID,Unmatched Foreign Key
sales.csv,221998,Product_ID,P00998,Product_ID,Unmatched Foreign Key
sales.csv,222499,Product_ID,P00499,Product_ID,Unmatched Foreign Key
sales.csv,222998,Product_ID,P00998,Product_ID,Unmatched Foreign Key
sales.csv,223499,Product_ID,P00499,Product_ID,Unmatched Foreign Key
sales.csv,223998,Product_ID,P00998,Product_ID,Unmatched Foreign Key
sales.csv,224499,Product_ID,P00499,Product_ID,Unmatched Foreign Key
sales.csv,224998,Product_ID,P00998,Product_ID,Unmatched Foreign Key
sales.csv,225499,Product_ID,P00499,Product_ID,Unmatched Foreign Key
sales.csv,225998,Product_ID,P00998,Product_ID,Unmatched Foreign Key
sales.csv,226499,Product_ID,P00499,Product_ID,Unmatched Foreign Key
sales.csv,226998,Product_ID,P00998,Product_ID,Unmatched Foreign Key
sales.csv,227499,Product_ID,P00499,Product_ID,Unmatched Foreign Key
sales.csv,227998,Product_ID,P00998,Product_ID,Unmatched Foreign Key
sales.csv,228499,Product_ID,P00499,Product_ID,Unmatched Foreign Key
sales.csv,228998,Product_ID,P00998,Product_ID,Unmatched Foreign Key
sales.csv,229499,Product_ID,P00499,Product_ID,Unmatched Foreign Key
sales.csv,229998,Product_ID,P00998,Product_ID,Unmatched Foreign Key
sales.csv,230499,Product_ID,P00499,Product_ID,Unmatched Foreign Key
sales.csv,230998,Product_ID,P00998,Product_ID,Unmatched Foreign Key
sales.csv,231499,Product_ID,P00499,Product_ID,Unmatched Foreign Key
sales.csv,231998,Product_ID,P00998,Product_ID,Unmatched Foreign Key
sales.csv,232499,Product_ID,P00499,Product_ID,Unmatched Foreign Key
sales.csv,232998,Product_ID,P00998,Product_ID,Unmatched Foreign Key
sales.csv,233499,Product_ID,P00499,Product_ID,Unmatched Foreign Key
sales.csv,233998,Product_ID,P00998,Product_ID,Unmatched Foreign Key
sales.csv,234499,Product_ID,P00499,Product_ID,Unmatched Foreign Key
sales.csv,234998,Product_ID,P00998,Product_ID,Unmatched Foreign Key
sales.csv,235499,Product_ID,P00499,Product_ID,Unmatched Foreign Key
sales.csv,235998,Product_ID,P00998,Product_ID,Unmatched Foreign Key
sales.csv,236499,Product_ID,P00499,Product_ID,Unmatched Foreign Key
sales.csv,236998,Product_ID,P00998,Product_ID,Unmatched Foreign Key
sales.csv,237499,Product_ID,P00499,Product_ID,Unmatched Foreign Key
sales.csv,237998,Product_ID,P00998,Product_ID,Unmatched Foreign Key
sales.csv,238499,Product_ID,P00499,Product_ID,Unmatched Foreign Key
sales.csv,238998,Product_ID,P00998,Product_ID,Unmatched Foreign Key
sales.csv,239499,Product_ID,P00499,Product_ID,Unmatched Foreign Key
sales.csv,239998,Product_ID,P00998,Product_ID,Unmatched Foreign Key
sales.csv,240499,Product_ID,P00499,Product_ID,Unmatched Foreign Key
sales.csv,240998,Product_ID,P00998,Product_ID,Unmatched Foreign Key
sales.csv,241499,Product_ID,P00499,Product_ID,Unmatched Foreign Key
sales.csv,241998,Product_ID,P00998,Product_ID,Unmatched Foreign Key
sales.csv,242499,Product_ID,P00499,Product_ID,Unmatched Foreign Key
sales.csv,242998,Product_ID,P00998,Product_ID,Unmatched Foreign Key
sales.csv,243499,Product_ID,P00499,Product_ID,Unmatched Foreign Key
sales.csv,243998,Product_ID,P00998,Product_ID,Unmatched Foreign Key
sales.csv,244499,Product_ID,P00499,Product_ID,Unmatched Foreign Key
sales.csv,244998,Product_ID,P00998,Product_ID,Unmatched Foreign Key
sales.csv,245499,Product_ID,P00499,Product_ID,Unmatched Foreign Key
sales.csv,245998,Product_ID,P00998,Product_ID,Unmatched Foreign Key
sales.csv,246499,Product_ID,P00499,Product_ID,Unmatched Foreign Key
sales.csv,246998,Product_ID,P00998,Product_ID,Unmatched Foreign Key
sales.csv,247499,Product_ID,P00499,Product_ID,Unmatched Foreign Key
sales.csv,247998,Product_ID,P00998,Product_ID,Unmatched Foreign Key
sales.csv,248499,Product_ID,P00499,Product_ID,Unmatched Foreign Key
sales.csv,248998,Product_ID,P00998,Product_ID,Unmatched Foreign Key
sales.csv,249499,Product_ID,P00499,Product_ID,Unmatched Foreign Key
sales.csv,249998,Product_ID,P00998,Product_ID,Unmatched Foreign Key
sales.csv,251,Employee_ID,E00251,Employee_ID,Unmatched Foreign Key
sales.csv,751,Employee_ID,E00251,Employee_ID,Unmatched Foreign Key
sales.csv,1251,Employee_ID,E00251,Employee_ID,Unmatched Foreign Key
sales.csv,1751,Employee_ID,E00251,Employee_ID,Unmatched Foreign Key
sales.csv,2251,Employee_ID,E00251,Employee_ID,Unmatched Foreign Key
sales.csv,2751,Employee_ID,E00251,Employee_ID,Unmatched Foreign Key
sales.csv,3251,Employee_ID,E00251,Employee_ID,Unmatched Foreign Key
sales.csv,3751,Employee_ID,E00251,Employee_ID,Unmatched Foreign Key
sales.csv,4251,Employee_ID,E00251,Employee_ID,Unmatched Foreign Key
sales.csv,4751,Employee_ID,E00251,Employee_ID,Unmatched Foreign Key
sales.csv,5251,Employee_ID,E00251,Employee_ID,Unmatched Foreign Key
sales.csv,5751,Employee_ID,E00251,Employee_ID,Unmatched Foreign Key
sales.csv,6251,Employee_ID,E00251,Employee_ID,Unmatched Foreign Key
sales.csv,6751,Employee_ID,E00251,Employee_ID,Unmatched Foreign Key
sales.csv,7251,Employee_ID,E00251,Employee_ID,Unmatched Foreign Key
sales.csv,7751,Employee_ID,E00251,Employee_ID,Unmatched Foreign Key
sales.csv,8251,Employee_ID,E00251,Employee_ID,Unmatched Foreign Key
sales.csv,8751,Employee_ID,E00251,Employee_ID,Unmatched Foreign Key
sales.csv,9251,Employee_ID,E00251,Employee_ID,Unmatched Foreign Key
sales.csv,9751,Employee_ID,E00251,Employee_ID,Unmatched Foreign Key
sales.csv,10251,Employee_ID,E00251,Employee_ID,Unmatched Foreign Key
sales.csv,10751,Employee_ID,E00251,Employee_ID,Unmatched Foreign Key
sales.csv,11251,Employee_ID,E00251,Employee_ID,Unmatched Foreign Key
sales.csv,11751,Employee_ID,E00251,Employee_ID,Unmatched Foreign Key
sales.csv,12251,Employee_ID,E00251,Employee_ID,Unmatched Foreign Key
sales.csv,12751,Employee_ID,E00251,Employee_ID,Unmatched Foreign Key
sales.csv,13251,Employee_ID,E00251,Employee_ID,Unmatched Foreign Key
sales.csv,13751,Employee_ID,E00251,Employee_ID,Unmatched Foreign Key
sales.csv,14251,Employee_ID,E00251,Employee_ID,Unmatched Foreign Key
sales.csv,14751,Employee_ID,E00251,Employee_ID,Unmatched Foreign Key
sales.csv,15251,Employee_ID,E00251,Employee_ID,Unmatched Foreign Key
sales.csv,15751,Employee_ID,E00251,Employee_ID,Unmatched Foreign Key
sales.csv,16251,Employee_ID,E00251,Employee_ID,Unmatched Foreign Key
sales.csv,16751,Employee_ID,E00251,Employee_ID,Unmatched Foreign Key
sales.csv,17251,Employee_ID,E00251,Employee_ID,Unmatched Foreign Key
sales.csv,17751,Employee_ID,E00251,Employee_ID,Unmatched Foreign Key
sales.csv,18251,Employee_ID,E00251,Employee_ID,Unmatched Foreign Key
sales.csv,18751,Employee_ID,E00251,Employee_ID,Unmatched Foreign Key
sales.csv,19251,Employee_ID,E00251,Employee_ID,Unmatched Foreign Key
sales.csv,19751,Employee_ID,E00251,Employee_ID,Unmatched Foreign Key
sales.csv,20251,Employee_ID,E00251,Employee_ID,Unmatched Foreign Key
sales.csv,20751,Employee_ID,E00251,Employee_ID,Unmatched Foreign Key
sales.csv,21251,Employee_ID,E00251,Employee_ID,Unmatched Foreign Key
sales.csv,21751,Employee_ID,E00251,Employee_ID,Unmatched Foreign Key
sales.csv,22251,Employee_ID,E00251,Employee_ID,Unmatched Foreign Key
sales.csv,22751,Employee_ID,E00251,Employee_ID,Unmatched Foreign Key
sales.csv,23251,Employee_ID,E00251,Employee_ID,Unmatched Foreign Key
sales.csv,23751,Employee_ID,E00251,Employee_ID,Unmatched Foreign Key
sales.csv,24251,Employee_ID,E00251,Employee_ID,Unmatched Foreign Key
sales.csv,24751,Employee_ID,E00251,Employee_ID,Unmatched Foreign Key
sales.csv,25251,Employee_ID,E00251,Employee_ID,Unmatched Foreign Key
sales.csv,25751,Employee_ID,E00251,Employee_ID,Unmatched Foreign Key
sales.csv,26251,Employee_ID,E00251,Employee_ID,Unmatched Foreign Key
sales.csv,26751,Employee_ID,E00251,Employee_ID,Unmatched Foreign Key
sales.csv,27251,Employee_ID,E00251,Employee_ID,Unmatched Foreign Key
sales.csv,27751,Employee_ID,E00251,Employee_ID,Unmatched Foreign Key
sales.csv,28251,Employee_ID,E00251,Employee_ID,Unmatched Foreign Key
sales.csv,28751,Employee_ID,E00251,Employee_ID,Unmatched Foreign Key
sales.csv,29251,Employee_ID,E00251,Employee_ID,Unmatched Foreign Key
sales.csv,29751,Employee_ID,E00251,Employee_ID,Unmatched Foreign Key
sales.csv,30251,Employee_ID,E00251,Employee_ID,Unmatched Foreign Key
sales.csv,30751,Employee_ID,E00251,Employee_ID,Unmatched Foreign Key
sales.csv,31251,Employee_ID,E00251,Employee_ID,Unmatched Foreign Key
sales.csv,31751,Employee_ID,E00251,Employee_ID,Unmatched Foreign Key
sales.csv,32251,Employee_ID,E00251,Employee_ID,Unmatched Foreign Key
sales.csv,32751,Employee_ID,E00251,Employee_ID,Unmatched Foreign Key
sales.csv,33251,Employee_ID,E00251,Employee_ID,Unmatched Foreign Key
sales.csv,33751,Employee_ID,E00251,Employee_ID,Unmatched Foreign Key
sales.csv,34251,Employee_ID,E00251,Employee_ID,Unmatched Foreign Key
sales.csv,34751,Employee_ID,E00251,Employee_ID,Unmatched Foreign Key
sales.csv,35251,Employee_ID,E00251,Employee_ID,Unmatched Foreign Key
sales.csv,35751,Employee_ID,E00251,Employee_ID,Unmatched Foreign Key
sales.csv,36251,Employee_ID,E00251,Employee_ID,Unmatched Foreign Key
sales.csv,36751,Employee_ID,E00251,Employee_ID,Unmatched Foreign Key
sales.csv,37251,Employee_ID,E00251,Employee_ID,Unmatched Foreign Key
sales.csv,37751,Employee_ID,E00251,Employee_ID,Unmatched Foreign Key
sales.csv,38251,Employee_ID,E00251,Employee_ID,Unmatched Foreign Key
sales.csv,38751,Employee_ID,E00251,Employee_ID,Unmatched Foreign Key
sales.csv,39251,Employee_ID,E00251,Employee_ID,Unmatched Foreign Key
sales.csv,39751,Employee_ID,E00251,Employee_ID,Unmatched Foreign Key
sales.csv,40251,Employee_ID,E00251,Employee_ID,Unmatched Foreign Key
sales.csv,40751,Employee_ID,E00251,Employee_ID,Unmatched Foreign Key
sales.csv,41251,Employee_ID,E00251,Employee_ID,Unmatched Foreign Key
sales.csv,41751,Employee_ID,E00251,Employee_ID,Unmatched Foreign Key
sales.csv,42251,Employee_ID,E00251,Employee_ID,Unmatched Foreign Key
sales.csv,42751,Employee_ID,E00251,Employee_ID,Unmatched Foreign Key
sales.csv,43251,Employee_ID,E00251,Employee_ID,Unmatched Foreign Key
sales.csv,43751,Employee_ID,E00251,Employee_ID,Unmatched Foreign Key
sales.csv,44251,Employee_ID,E00251,Employee_ID,Unmatched Foreign Key
sales.csv,44751,Employee_ID,E00251,Employee_ID,Unmatched Foreign Key
sales.csv,45251,Employee_ID,E00251,Employee_ID,Unmatched Foreign Key
sales.csv,45751,Employee_ID,E00251,Employee_ID,Unmatched Foreign Key
sales.csv,46251,Employee_ID,E00251,Employee_ID,Unmatched Foreign Key
sales.csv,46751,Employee_ID,E00251,Employee_ID,Unmatched Foreign Key
sales.csv,47251,Employee_ID,E00251,Employee_ID,Unmatched Foreign Key
sales.csv,47751,Employee_ID,E00251,Employee_ID,Unmatched Foreign Key
sales.csv,48251,Employee_ID,E00251,Employee_ID,Unmatched Foreign Key
sales.csv,48751,Employee_ID,E00251,Employee_ID,Unmatched Foreign Key
sales.csv,49251,Employee_ID,E00251,Employee_ID,Unmatched Foreign Key
sales.csv,49751,Employee_ID,E00251,Employee_ID,Unmatched Foreign Key
sales.csv,50251,Employee_ID,E00251,Employee_ID,Unmatched Foreign Key
sales.csv,50751,Employee_ID,E00251,Employee_ID,Unmatched Foreign Key
sales.csv,51251,Employee_ID,E00251,Employee_ID,Unmatched Foreign Key
sales.csv,51751,Employee_ID,E00251,Employee_ID,Unmatched Foreign Key
sales.csv,52251,Employee_ID,E00251,Employee_ID,Unmatched Foreign Key
sales.csv,52751,Employee_ID,E00251,Employee_ID,Unmatched Foreign Key
sales.csv,53251,Employee_ID,E00251,Employee_ID,Unmatched Foreign Key
sales.csv,53751,Employee_ID,E00251,Employee_ID,Unmatched Foreign Key
sales.csv,54251,Employee_ID,E00251,Employee_ID,Unmatched Foreign Key
sales.csv,54751,Employee_ID,E00251,Employee_ID,Unmatched Foreign Key
sales.csv,55251,Employee_ID,E00251,Employee_ID,Unmatched Foreign Key
sales.csv,55751,Employee_ID,E00251,Employee_ID,Unmatched Foreign Key
sales.csv,56251,Employee_ID,E00251,Employee_ID,Unmatched Foreign Key
sales.csv,56751,Employee_ID,E00251,Employee_ID,Unmatched Foreign Key
sales.csv,57251,Employee_ID,E00251,Employee_ID,Unmatched Foreign Key
sales.csv,57751,Employee_ID,E00251,Employee_ID,Unmatched Foreign Key
sales.csv,58251,Employee_ID,E00251,Employee_ID,Unmatched Foreign Key
sales.csv,58751,Employee_ID,E00251,Employee_ID,Unmatched Foreign Key
sales.csv,59251,Employee_ID,E00251,Employee_ID,Unmatched Foreign Key
sales.csv,59751,Employee_ID,E00251,Employee_ID,Unmatched Foreign Key
sales.csv,60251,Employee_ID,E00251,Employee_ID,Unmatched Foreign Key
sales.csv,60751,Employee_ID,E00251,Employee_ID,Unmatched Foreign Key
sales.csv,61251,Employee_ID,E00251,Employee_ID,Unmatched Foreign Key
sales.csv,61751,Employee_ID,E00251,Employee_ID,Unmatched Foreign Key
sales.csv,62251,Employee_ID,E00251,Employee_ID,Unmatched Foreign Key
sales.csv,62751,Employee_ID,E00251,Employee_ID,Unmatched Foreign Key
sales.csv,63251,Employee_ID,E00251,Employee_ID,Unmatched Foreign Key
sales.csv,63751,Employee_ID,E00251,Employee_ID,Unmatched Foreign Key
sales.csv,64251,Employee_ID,E00251,Employee_ID,Unmatched Foreign Key
sales.csv,64751,Employee_ID,E00251,Employee_ID,Unmatched Foreign Key
sales.csv,65251,Employee_ID,E00251,Employee_ID,Unmatched Foreign Key
sales.csv,65751,Employee_ID,E00251,Employee_ID,Unmatched Foreign Key
sales.csv,66251,Employee_ID,E00251,Employee_ID,Unmatched Foreign Key
sales.csv,66751,Employee_ID,E00251,Employee_ID,Unmatched Foreign Key
sales.csv,67251,Employee_ID,E00251,Employee_ID,Unmatched Foreign Key
sales.csv,67751,Employee_ID,E00251,Employee_ID,Unmatched Foreign Key
sales.csv,68251,Employee_ID,E00251,Employee_ID,Unmatched Foreign Key
sales.csv,68751,Employee_ID,E00251,Employee_ID,Unmatched Foreign Key
sales.csv,69251,Employee_ID,E00251,Employee_ID,Unmatched Foreign Key
sales.csv,69751,Employee_ID,E00251,Employee_ID,Unmatched Foreign Key
sales.csv,70251,Employee_ID,E00251,Employee_ID,Unmatched Foreign Key
sales.csv,70751,Employee_ID,E00251,Employee_ID,Unmatched Foreign Key
sales.csv,71251,Employee_ID,E00251,Employee_ID,Unmatched Foreign Key
sales.csv,71751,Employee_ID,E00251,Employee_ID,Unmatched Foreign Key
sales.csv,72251,Employee_ID,E00251,Employee_ID,Unmatched Foreign Key
sales.csv,72751,Employee_ID,E00251,Employee_ID,Unmatched Foreign Key
sales.csv,73251,Employee_ID,E00251,Employee_ID,Unmatched Foreign Key
sales.csv,73751,Employee_ID,E00251,Employee_ID,Unmatched Foreign Key
sales.csv,74251,Employee_ID,E00251,Employee_ID,Unmatched Foreign Key
sales.csv,74751,Employee_ID,E00251,Employee_ID,Unmatched Foreign Key
sales.csv,75251,Employee_ID,E00251,Employee_ID,Unmatched Foreign Key
sales.csv,75751,Employee_ID,E00251,Employee_ID,Unmatched Foreign Key
sales.csv,76251,Employee_ID,E00251,Employee_ID,Unmatched Foreign Key
sales.csv,76751,Employee_ID,E00251,Employee_ID,Unmatched Foreign Key
sales.csv,77251,Employee_ID,E00251,Employee_ID,Unmatched Foreign Key
sales.csv,77751,Employee_ID,E00251,Employee_ID,Unmatched Foreign Key
sales.csv,78251,Employee_ID,E00251,Employee_ID,Unmatched Foreign Key
sales.csv,78751,Employee_ID,E00251,Employee_ID,Unmatched Foreign Key
sales.csv,79251,Employee_ID,E00251,Employee_ID,Unmatched Foreign Key
sales.csv,79751,Employee_ID,E00251,Employee_ID,Unmatched Foreign Key
sales.csv,80251,Employee_ID,E00251,Employee_ID,Unmatched Foreign Key
sales.csv,80751,Employee_ID,E00251,Employee_ID,Unmatched Foreign Key
sales.csv,81251,Employee_ID,E00251,Employee_ID,Unmatched Foreign Key
sales.csv,81751,Employee_ID,E00251,Employee_ID,Unmatched Foreign Key
sales.csv,82251,Employee_ID,E00251,Employee_ID,Unmatched Foreign Key
sales.csv,82751,Employee_ID,E00251,Employee_ID,Unmatched Foreign Key
sales.csv,83251,Employee_ID,E00251,Employee_ID,Unmatched Foreign Key
sales.csv,83751,Employee_ID,E00251,Employee_ID,Unmatched Foreign Key
sales.csv,84251,Employee_ID,E00251,Employee_ID,Unmatched Foreign Key
sales.csv,84751,Employee_ID,E00251,Employee_ID,Unmatched Foreign Key
sales.csv,85251,Employee_ID,E00251,Employee_ID,Unmatched Foreign Key
sales.csv,85751,Employee_ID,E00251,Employee_ID,Unmatched Foreign Key
sales.csv,86251,Employee_ID,E00251,Employee_ID,Unmatched Foreign Key
sales.csv,86751,Employee_ID,E00251,Employee_ID,Unmatched Foreign Key
sales.csv,87251,Employee_ID,E00251,Employee_ID,Unmatched Foreign Key
sales.csv,87751,Employee_ID,E00251,Employee_ID,Unmatched Foreign Key
sales.csv,88251,Employee_ID,E00251,Employee_ID,Unmatched Foreign Key
sales.csv,88751,Employee_ID,E00251,Employee_ID,Unmatched Foreign Key
sales.csv,89251,Employee_ID,E00251,Employee_ID,Unmatched Foreign Key
sales.csv,89751,Employee_ID,E00251,Employee_ID,Unmatched Foreign Key
sales.csv,90251,Employee_ID,E00251,Employee_ID,Unmatched Foreign Key
sales.csv,90751,Employee_ID,E00251,Employee_ID,Unmatched Foreign Key
sales.csv,91251,Employee_ID,E00251,Employee_ID,Unmatched Foreign Key
sales.csv,91751,Employee_ID,E00251,Employee_ID,Unmatched Foreign Key
sales.csv,92251,Employee_ID,E00251,Employee_ID,Unmatched Foreign Key
sales.csv,92751,Employee_ID,E00251,Employee_ID,Unmatched Foreign Key
sales.csv,93251,Employee_ID,E00251,Employee_ID,Unmatched Foreign Key
sales.csv,93751,Employee_ID,E00251,Employee_ID,Unmatched Foreign Key
sales.csv,94251,Employee_ID,E00251,Employee_ID,Unmatched Foreign Key
sales.csv,94751,Employee_ID,E00251,Employee_ID,Unmatched Foreign Key
sales.csv,95251,Employee_ID,E00251,Employee_ID,Unmatched Foreign Key
sales.csv,95751,Employee_ID,E00251,Employee_ID,Unmatched Foreign Key
sales.csv,96251,Employee_ID,E00251,Employee_ID,Unmatched Foreign Key
sales.csv,96751,Employee_ID,E00251,Employee_ID,Unmatched Foreign Key
sales.csv,97251,Employee_ID,E00251,Employee_ID,Unmatched Foreign Key
sales.csv,97751,Employee_ID,E00251,Employee_ID,Unmatched Foreign Key
sales.csv,98251,Employee_ID,E00251,Employee_ID,Unmatched Foreign Key
sales.csv,98751,Employee_ID,E00251,Employee_ID,Unmatched Foreign Key
sales.csv,99251,Employee_ID,E00251,Employee_ID,Unmatched Foreign Key
sales.csv,99751,Employee_ID,E00251,Employee_ID,Unmatched Foreign Key
sales.csv,100251,Employee_ID,E00251,Employee_ID,Unmatched Foreign Key
sales.csv,100751,Employee_ID,E00251,Employee_ID,Unmatched Foreign Key
sales.csv,101251,Employee_ID,E00251,Employee_ID,Unmatched Foreign Key
sales.csv,101751,Employee_ID,E00251,Employee_ID,Unmatched Foreign Key
sales.csv,102251,Employee_ID,E00251,Employee_ID,Unmatched Foreign Key
sales.csv,102751,Employee_ID,E00251,Employee_ID,Unmatched Foreign Key
sales.csv,103251,Employee_ID,E00251,Employee_ID,Unmatched Foreign Key
sales.csv,103751,Employee_ID,E00251,Employee_ID,Unmatched Foreign Key
sales.csv,104251,Employee_ID,E00251,Employee_ID,Unmatched Foreign Key
sales.csv,104751,Employee_ID,E00251,Employee_ID,Unmatched Foreign Key
sales.csv,105251,Employee_ID,E00251,Employee_ID,Unmatched Foreign Key
sales.csv,105751,Employee_ID,E00251,Employee_ID,Unmatched Foreign Key
sales.csv,106251,Employee_ID,E00251,Employee_ID,Unmatched Foreign Key
sales.csv,106751,Employee_ID,E00251,Employee_ID,Unmatched Foreign Key
sales.csv,107251,Employee_ID,E00251,Employee_ID,Unmatched Foreign Key
sales.csv,107751,Employee_ID,E00251,Employee_ID,Unmatched Foreign Key
sales.csv,108251,Employee_ID,E00251,Employee_ID,Unmatched Foreign Key
sales.csv,108751,Employee_ID,E00251,Employee_ID,Unmatched Foreign Key
sales.csv,109251,Employee_ID,E00251,Employee_ID,Unmatched Foreign Key
sales.csv,109751,Employee_ID,E00251,Employee_ID,Unmatched Foreign Key
sales.csv,110251,Employee_ID,E00251,Employee_ID,Unmatched Foreign Key
sales.csv,110751,Employee_ID,E00251,Employee_ID,Unmatched Foreign Key
sales.csv,111251,Employee_ID,E00251,Employee_ID,Unmatched Foreign Key
sales.csv,111751,Employee_ID,E00251,Employee_ID,Unmatched Foreign Key
sales.csv,112251,Employee_ID,E00251,Employee_ID,Unmatched Foreign Key
sales.csv,112751,Employee_ID,E00251,Employee_ID,Unmatched Foreign Key
sales.csv,113251,Employee_ID,E00251,Employee_ID,Unmatched Foreign Key
sales.csv,113751,Employee_ID,E00251,Employee_ID,Unmatched Foreign Key
sales.csv,114251,Employee_ID,E00251,Employee_ID,Unmatched Foreign Key
sales.csv,114751,Employee_ID,E00251,Employee_ID,Unmatched Foreign Key
sales.csv,115251,Employee_ID,E00251,Employee_ID,Unmatched Foreign Key
sales.csv,115751,Employee_ID,E00251,Employee_ID,Unmatched Foreign Key
sales.csv,116251,Employee_ID,E00251,Employee_ID,Unmatched Foreign Key
sales.csv,116751,Employee_ID,E00251,Employee_ID,Unmatched Foreign Key
sales.csv,117251,Employee_ID,E00251,Employee_ID,Unmatched Foreign Key
sales.csv,117751,Employee_ID,E00251,Employee_ID,Unmatched Foreign Key
sales.csv,118251,Employee_ID,E00251,Employee_ID,Unmatched Foreign Key
sales.csv,118751,Employee_ID,E00251,Employee_ID,Unmatched Foreign Key
sales.csv,119251,Employee_ID,E00251,Employee_ID,Unmatched Foreign Key
sales.csv,119751,Employee_ID,E00251,Employee_ID,Unmatched Foreign Key
sales.csv,120251,Employee_ID,E00251,Employee_ID,Unmatched Foreign Key
sales.csv,120751,Employee_ID,E00251,Employee_ID,Unmatched Foreign Key
sales.csv,121251,Employee_ID,E00251,Employee_ID,Unmatched Foreign Key
sales.csv,121751,Employee_ID,E00251,Employee_ID,Unmatched Foreign Key
sales.csv,122251,Employee_ID,E00251,Employee_ID,Unmatched Foreign Key
sales.csv,122751,Employee_ID,E00251,Employee_ID,Unmatched Foreign Key
sales.csv,123251,Employee_ID,E00251,Employee_ID,Unmatched Foreign Key
sales.csv,123751,Employee_ID,E00251,Employee_ID,Unmatched Foreign Key
sales.csv,124251,Employee_ID,E00251,Employee_ID,Unmatched Foreign Key
sales.csv,124751,Employee_ID,E00251,Employee_ID,Unmatched Foreign Key
sales.csv,125251,Employee_ID,E00251,Employee_ID,Unmatched Foreign Key
sales.csv,125751,Employee_ID,E00251,Employee_ID,Unmatched Foreign Key
sales.csv,126251,Employee_ID,E00251,Employee_ID,Unmatched Foreign Key
sales.csv,126751,Employee_ID,E00251,Employee_ID,Unmatched Foreign Key
sales.csv,127251,Employee_ID,E00251,Employee_ID,Unmatched Foreign Key
sales.csv,127751,Employee_ID,E00251,Employee_ID,Unmatched Foreign Key
sales.csv,128251,Employee_ID,E00251,Employee_ID,Unmatched Foreign Key
sales.csv,128751,Employee_ID,E00251,Employee_ID,Unmatched Foreign Key
sales.csv,129251,Employee_ID,E00251,Employee_ID,Unmatched Foreign Key
sales.csv,129751,Employee_ID,E00251,Employee_ID,Unmatched Foreign Key
sales.csv,130251,Employee_ID,E00251,Employee_ID,Unmatched Foreign Key
sales.csv,130751,Employee_ID,E00251,Employee_ID,Unmatched Foreign Key
sales.csv,131251,Employee_ID,E00251,Employee_ID,Unmatched Foreign Key
sales.csv,131751,Employee_ID,E00251,Employee_ID,Unmatched Foreign Key
sales.csv,132251,Employee_ID,E00251,Employee_ID,Unmatched Foreign Key
sales.csv,132751,Employee_ID,E00251,Employee_ID,Unmatched Foreign Key
sales.csv,133251,Employee_ID,E00251,Employee_ID,Unmatched Foreign Key
sales.csv,133751,Employee_ID,E00251,Employee_ID,Unmatched Foreign Key
sales.csv,134251,Employee_ID,E00251,Employee_ID,Unmatched Foreign Key
sales.csv,134751,Employee_ID,E00251,Employee_ID,Unmatched Foreign Key
sales.csv,135251,Employee_ID,E00251,Employee_ID,Unmatched Foreign Key
sales.csv,135751,Employee_ID,E00251,Employee_ID,Unmatched Foreign Key
sales.csv,136251,Employee_ID,E00251,Employee_ID,Unmatched Foreign Key
sales.csv,136751,Employee_ID,E00251,Employee_ID,Unmatched Foreign Key
sales.csv,137251,Employee_ID,E00251,Employee_ID,Unmatched Foreign Key
sales.csv,137751,Employee_ID,E00251,Employee_ID,Unmatched Foreign Key
sales.csv,138251,Employee_ID,E00251,Employee_ID,Unmatched Foreign Key
sales.csv,138751,Employee_ID,E00251,Employee_ID,Unmatched Foreign Key
sales.csv,139251,Employee_ID,E00251,Employee_ID,Unmatched Foreign Key
sales.csv,139751,Employee_ID,E00251,Employee_ID,Unmatched Foreign Key
sales.csv,140251,Employee_ID,E00251,Employee_ID,Unmatched Foreign Key
sales.csv,140751,Employee_ID,E00251,Employee_ID,Unmatched Foreign Key
sales.csv,141251,Employee_ID,E00251,Employee_ID,Unmatched Foreign Key
sales.csv,141751,Employee_ID,E00251,Employee_ID,Unmatched Foreign Key
sales.csv,142251,Employee_ID,E00251,Employee_ID,Unmatched Foreign Key
sales.csv,142751,Employee_ID,E00251,Employee_ID,Unmatched Foreign Key
sales.csv,143251,Employee_ID,E00251,Employee_ID,Unmatched Foreign Key
sales.csv,143751,Employee_ID,E00251,Employee_ID,Unmatched Foreign Key
sales.csv,144251,Employee_ID,E00251,Employee_ID,Unmatched Foreign Key
sales.csv,144751,Employee_ID,E00251,Employee_ID,Unmatched Foreign Key
sales.csv,145251,Employee_ID,E00251,Employee_ID,Unmatched Foreign Key
sales.csv,145751,Employee_ID,E00251,Employee_ID,Unmatched Foreign Key
sales.csv,146251,Employee_ID,E00251,Employee_ID,Unmatched Foreign Key
sales.csv,146751,Employee_ID,E00251,Employee_ID,Unmatched Foreign Key
sales.csv,147251,Employee_ID,E00251,Employee_ID,Unmatched Foreign Key
sales.csv,147751,Employee_ID,E00251,Employee_ID,Unmatched Foreign Key
sales.csv,148251,Employee_ID,E00251,Employee_ID,Unmatched Foreign Key
sales.csv,148751,Employee_ID,E00251,Employee_ID,Unmatched Foreign Key
sales.csv,149251,Employee_ID,E00251,Employee_ID,Unmatched Foreign Key
sales.csv,149751,Employee_ID,E00251,Employee_ID,Unmatched Foreign Key
sales.csv,150251,Employee_ID,E00251,Employee_ID,Unmatched Foreign Key
sales.csv,150751,Employee_ID,E00251,Employee_ID,Unmatched Foreign Key
sales.csv,151251,Employee_ID,E00251,Employee_ID,Unmatched Foreign Key
sales.csv,151751,Employee_ID,E00251,Employee_ID,Unmatched Foreign Key
sales.csv,152251,Employee_ID,E00251,Employee_ID,Unmatched Foreign Key
sales.csv,152751,Employee_ID,E00251,Employee_ID,Unmatched Foreign Key
sales.csv,153251,Employee_ID,E00251,Employee_ID,Unmatched Foreign Key
sales.csv,153751,Employee_ID,E00251,Employee_ID,Unmatched Foreign Key
sales.csv,154251,Employee_ID,E00251,Employee_ID,Unmatched Foreign Key
sales.csv,154751,Employee_ID,E00251,Employee_ID,Unmatched Foreign Key
sales.csv,155251,Employee_ID,E00251,Employee_ID,Unmatched Foreign Key
sales.csv,155751,Employee_ID,E00251,Employee_ID,Unmatched Foreign Key
sales.csv,156251,Employee_ID,E00251,Employee_ID,Unmatched Foreign Key
sales.csv,156751,Employee_ID,E00251,Employee_ID,Unmatched Foreign Key
sales.csv,157251,Employee_ID,E00251,Employee_ID,Unmatched Foreign Key
sales.csv,157751,Employee_ID,E00251,Employee_ID,Unmatched Foreign Key
sales.csv,158251,Employee_ID,E00251,Employee_ID,Unmatched Foreign Key
sales.csv,158751,Employee_ID,E00251,Employee_ID,Unmatched Foreign Key
sales.csv,159251,Employee_ID,E00251,Employee_ID,Unmatched Foreign Key
sales.csv,159751,Employee_ID,E00251,Employee_ID,Unmatched Foreign Key
sales.csv,160251,Employee_ID,E00251,Employee_ID,Unmatched Foreign Key
sales.csv,160751,Employee_ID,E00251,Employee_ID,Unmatched Foreign Key
sales.csv,161251,Employee_ID,E00251,Employee_ID,Unmatched Foreign Key
sales.csv,161751,Employee_ID,E00251,Employee_ID,Unmatched Foreign Key
sales.csv,162251,Employee_ID,E00251,Employee_ID,Unmatched Foreign Key
sales.csv,162751,Employee_ID,E00251,Employee_ID,Unmatched Foreign Key
sales.csv,163251,Employee_ID,E00251,Employee_ID,Unmatched Foreign Key
sales.csv,163751,Employee_ID,E00251,Employee_ID,Unmatched Foreign Key
sales.csv,164251,Employee_ID,E00251,Employee_ID,Unmatched Foreign Key
sales.csv,164751,Employee_ID,E00251,Employee_ID,Unmatched Foreign Key
sales.csv,165251,Employee_ID,E00251,Employee_ID,Unmatched Foreign Key
sales.csv,165751,Employee_ID,E00251,Employee_ID,Unmatched Foreign Key
sales.csv,166251,Employee_ID,E00251,Employee_ID,Unmatched Foreign Key
sales.csv,166751,Employee_ID,E00251,Employee_ID,Unmatched Foreign Key
sales.csv,167251,Employee_ID,E00251,Employee_ID,Unmatched Foreign Key
sales.csv,167751,Employee_ID,E00251,Employee_ID,Unmatched Foreign Key
sales.csv,168251,Employee_ID,E00251,Employee_ID,Unmatched Foreign Key
sales.csv,168751,Employee_ID,E00251,Employee_ID,Unmatched Foreign Key
sales.csv,169251,Employee_ID,E00251,Employee_ID,Unmatched Foreign Key
sales.csv,169751,Employee_ID,E00251,Employee_ID,Unmatched Foreign Key
sales.csv,170251,Employee_ID,E00251,Employee_ID,Unmatched Foreign Key
sales.csv,170751,Employee_ID,E00251,Employee_ID,Unmatched Foreign Key
sales.csv,171251,Employee_ID,E00251,Employee_ID,Unmatched Foreign Key
sales.csv,171751,Employee_ID,E00251,Employee_ID,Unmatched Foreign Key
sales.csv,172251,Employee_ID,E00251,Employee_ID,Unmatched Foreign Key
sales.csv,172751,Employee_ID,E00251,Employee_ID,Unmatched Foreign Key
sales.csv,173251,Employee_ID,E00251,Employee_ID,Unmatched Foreign Key
sales.csv,173751,Employee_ID,E00251,Employee_ID,Unmatched Foreign Key
sales.csv,174251,Employee_ID,E00251,Employee_ID,Unmatched Foreign Key
sales.csv,174751,Employee_ID,E00251,Employee_ID,Unmatched Foreign Key
sales.csv,175251,Employee_ID,E00251,Employee_ID,Unmatched Foreign Key
sales.csv,175751,Employee_ID,E00251,Employee_ID,Unmatched Foreign Key
sales.csv,176251,Employee_ID,E00251,Employee_ID,Unmatched Foreign Key
sales.csv,176751,Employee_ID,E00251,Employee_ID,Unmatched Foreign Key
sales.csv,177251,Employee_ID,E00251,Employee_ID,Unmatched Foreign Key
sales.csv,177751,Employee_ID,E00251,Employee_ID,Unmatched Foreign Key
sales.csv,178251,Employee_ID,E00251,Employee_ID,Unmatched Foreign Key
sales.csv,178751,Employee_ID,E00251,Employee_ID,Unmatched Foreign Key
sales.csv,179251,Employee_ID,E00251,Employee_ID,Unmatched Foreign Key
sales.csv,179751,Employee_ID,E00251,Employee_ID,Unmatched Foreign Key
sales.csv,180251,Employee_ID,E00251,Employee_ID,Unmatched Foreign Key
sales.csv,180751,Employee_ID,E00251,Employee_ID,Unmatched Foreign Key
sales.csv,181251,Employee_ID,E00251,Employee_ID,Unmatched Foreign Key
sales.csv,181751,Employee_ID,E00251,Employee_ID,Unmatched Foreign Key
sales.csv,182251,Employee_ID,E00251,Employee_ID,Unmatched Foreign Key
sales.csv,182751,Employee_ID,E00251,Employee_ID,Unmatched Foreign Key
sales.csv,183251,Employee_ID,E00251,Employee_ID,Unmatched Foreign Key
sales.csv,183751,Employee_ID,E00251,Employee_ID,Unmatched Foreign Key
sales.csv,184251,Employee_ID,E00251,Employee_ID,Unmatched Foreign Key
sales.csv,184751,Employee_ID,E00251,Employee_ID,Unmatched Foreign Key
sales.csv,185251,Employee_ID,E00251,Employee_ID,Unmatched Foreign Key
sales.csv,185751,Employee_ID,E00251,Employee_ID,Unmatched Foreign Key
sales.csv,186251,Employee_ID,E00251,Employee_ID,Unmatched Foreign Key
sales.csv,186751,Employee_ID,E00251,Employee_ID,Unmatched Foreign Key
sales.csv,187251,Employee_ID,E00251,Employee_ID,Unmatched Foreign Key
sales.csv,187751,Employee_ID,E00251,Employee_ID,Unmatched Foreign Key
sales.csv,188251,Employee_ID,E00251,Employee_ID,Unmatched Foreign Key
sales.csv,188751,Employee_ID,E00251,Employee_ID,Unmatched Foreign Key
sales.csv,189251,Employee_ID,E00251,Employee_ID,Unmatched Foreign Key
sales.csv,189751,Employee_ID,E00251,Employee_ID,Unmatched Foreign Key
sales.csv,190251,Employee_ID,E00251,Employee_ID,Unmatched Foreign Key
sales.csv,190751,Employee_ID,E00251,Employee_ID,Unmatched Foreign Key
sales.csv,191251,Employee_ID,E00251,Employee_ID,Unmatched Foreign Key
sales.csv,191751,Employee_ID,E00251,Employee_ID,Unmatched Foreign Key
sales.csv,192251,Employee_ID,E00251,Employee_ID,Unmatched Foreign Key
sales.csv,192751,Employee_ID,E00251,Employee_ID,Unmatched Foreign Key
sales.csv,193251,Employee_ID,E00251,Employee_ID,Unmatched Foreign Key
sales.csv,193751,Employee_ID,E00251,Employee_ID,Unmatched Foreign Key
sales.csv,194251,Employee_ID,E00251,Employee_ID,Unmatched Foreign Key
sales.csv,194751,Employee_ID,E00251,Employee_ID,Unmatched Foreign Key
sales.csv,195251,Employee_ID,E00251,Employee_ID,Unmatched Foreign Key
sales.csv,195751,Employee_ID,E00251,Employee_ID,Unmatched Foreign Key
sales.csv,196251,Employee_ID,E00251,Employee_ID,Unmatched Foreign Key
sales.csv,196751,Employee_ID,E00251,Employee_ID,Unmatched Foreign Key
sales.csv,197251,Employee_ID,E00251,Employee_ID,Unmatched Foreign Key
sales.csv,197751,Employee_ID,E00251,Employee_ID,Unmatched Foreign Key
sales.csv,198251,Employee_ID,E00251,Employee_ID,Unmatched Foreign Key
sales.csv,198751,Employee_ID,E00251,Employee_ID,Unmatched Foreign Key
sales.csv,199251,Employee_ID,E00251,Employee_ID,Unmatched Foreign Key
sales.csv,199751,Employee_ID,E00251,Employee_ID,Unmatched Foreign Key
sales.csv,200251,Employee_ID,E00251,Employee_ID,Unmatched Foreign Key
sales.csv,200751,Employee_ID,E00251,Employee_ID,Unmatched Foreign Key
sales.csv,201251,Employee_ID,E00251,Employee_ID,Unmatched Foreign Key
sales.csv,201751,Employee_ID,E00251,Employee_ID,Unmatched Foreign Key
sales.csv,202251,Employee_ID,E00251,Employee_ID,Unmatched Foreign Key
sales.csv,202751,Employee_ID,E00251,Employee_ID,Unmatched Foreign Key
sales.csv,203251,Employee_ID,E00251,Employee_ID,Unmatched Foreign Key
sales.csv,203751,Employee_ID,E00251,Employee_ID,Unmatched Foreign Key
sales.csv,204251,Employee_ID,E00251,Employee_ID,Unmatched Foreign Key
sales.csv,204751,Employee_ID,E00251,Employee_ID,Unmatched Foreign Key
sales.csv,205251,Employee_ID,E00251,Employee_ID,Unmatched Foreign Key
sales.csv,205751,Employee_ID,E00251,Employee_ID,Unmatched Foreign Key
sales.csv,206251,Employee_ID,E00251,Employee_ID,Unmatched Foreign Key
sales.csv,206751,Employee_ID,E00251,Employee_ID,Unmatched Foreign Key
sales.csv,207251,Employee_ID,E00251,Employee_ID,Unmatched Foreign Key
sales.csv,207751,Employee_ID,E00251,Employee_ID,Unmatched Foreign Key
sales.csv,208251,Employee_ID,E00251,Employee_ID,Unmatched Foreign Key
sales.csv,208751,Employee_ID,E00251,Employee_ID,Unmatched Foreign Key
sales.csv,209251,Employee_ID,E00251,Employee_ID,Unmatched Foreign Key
sales.csv,209751,Employee_ID,E00251,Employee_ID,Unmatched Foreign Key
sales.csv,210251,Employee_ID,E00251,Employee_ID,Unmatched Foreign Key
sales.csv,210751,Employee_ID,E00251,Employee_ID,Unmatched Foreign Key
sales.csv,211251,Employee_ID,E00251,Employee_ID,Unmatched Foreign Key
sales.csv,211751,Employee_ID,E00251,Employee_ID,Unmatched Foreign Key
sales.csv,212251,Employee_ID,E00251,Employee_ID,Unmatched Foreign Key
sales.csv,212751,Employee_ID,E00251,Employee_ID,Unmatched Foreign Key
sales.csv,213251,Employee_ID,E00251,Employee_ID,Unmatched Foreign Key
sales.csv,213751,Employee_ID,E00251,Employee_ID,Unmatched Foreign Key
sales.csv,214251,Employee_ID,E00251,Employee_ID,Unmatched Foreign Key
sales.csv,214751,Employee_ID,E00251,Employee_ID,Unmatched Foreign Key
sales.csv,215251,Employee_ID,E00251,Employee_ID,Unmatched Foreign Key
sales.csv,215751,Employee_ID,E00251,Employee_ID,Unmatched Foreign Key
sales.csv,216251,Employee_ID,E00251,Employee_ID,Unmatched Foreign Key
sales.csv,216751,Employee_ID,E00251,Employee_ID,Unmatched Foreign Key
sales.csv,217251,Employee_ID,E00251,Employee_ID,Unmatched Foreign Key
sales.csv,217751,Employee_ID,E00251,Employee_ID,Unmatched Foreign Key
sales.csv,218251,Employee_ID,E00251,Employee_ID,Unmatched Foreign Key
sales.csv,218751,Employee_ID,E00251,Employee_ID,Unmatched Foreign Key
sales.csv,219251,Employee_ID,E00251,Employee_ID,Unmatched Foreign Key
sales.csv,219751,Employee_ID,E00251,Employee_ID,Unmatched Foreign Key
sales.csv,220251,Employee_ID,E00251,Employee_ID,Unmatched Foreign Key
sales.csv,220751,Employee_ID,E00251,Employee_ID,Unmatched Foreign Key
sales.csv,221251,Employee_ID,E00251,Employee_ID,Unmatched Foreign Key
sales.csv,221751,Employee_ID,E00251,Employee_ID,Unmatched Foreign Key
sales.csv,222251,Employee_ID,E00251,Employee_ID,Unmatched Foreign Key
sales.csv,222751,Employee_ID,E00251,Employee_ID,Unmatched Foreign Key
sales.csv,223251,Employee_ID,E00251,Employee_ID,Unmatched Foreign Key
sales.csv,223751,Employee_ID,E00251,Employee_ID,Unmatched Foreign Key
sales.csv,224251,Employee_ID,E00251,Employee_ID,Unmatched Foreign Key
sales.csv,224751,Employee_ID,E00251,Employee_ID,Unmatched Foreign Key
sales.csv,225251,Employee_ID,E00251,Employee_ID,Unmatched Foreign Key
sales.csv,225751,Employee_ID,E00251,Employee_ID,Unmatched Foreign Key
sales.csv,226251,Employee_ID,E00251,Employee_ID,Unmatched Foreign Key
sales.csv,226751,Employee_ID,E00251,Employee_ID,Unmatched Foreign Key
sales.csv,227251,Employee_ID,E00251,Employee_ID,Unmatched Foreign Key
sales.csv,227751,Employee_ID,E00251,Employee_ID,Unmatched Foreign Key
sales.csv,228251,Employee_ID,E00251,Employee_ID,Unmatched Foreign Key
sales.csv,228751,Employee_ID,E00251,Employee_ID,Unmatched Foreign Key
sales.csv,229251,Employee_ID,E00251,Employee_ID,Unmatched Foreign Key
sales.csv,229751,Employee_ID,E00251,Employee_ID,Unmatched Foreign Key
sales.csv,230251,Employee_ID,E00251,Employee_ID,Unmatched Foreign Key
sales.csv,230751,Employee_ID,E00251,Employee_ID,Unmatched Foreign Key
sales.csv,231251,Employee_ID,E00251,Employee_ID,Unmatched Foreign Key
sales.csv,231751,Employee_ID,E00251,Employee_ID,Unmatched Foreign Key
sales.csv,232251,Employee_ID,E00251,Employee_ID,Unmatched Foreign Key
sales.csv,232751,Employee_ID,E00251,Employee_ID,Unmatched Foreign Key
sales.csv,233251,Employee_ID,E00251,Employee_ID,Unmatched Foreign Key
sales.csv,233751,Employee_ID,E00251,Employee_ID,Unmatched Foreign Key
sales.csv,234251,Employee_ID,E00251,Employee_ID,Unmatched Foreign Key
sales.csv,234751,Employee_ID,E00251,Employee_ID,Unmatched Foreign Key
sales.csv,235251,Employee_ID,E00251,Employee_ID,Unmatched Foreign Key
sales.csv,235751,Employee_ID,E00251,Employee_ID,Unmatched Foreign Key
sales.csv,236251,Employee_ID,E00251,Employee_ID,Unmatched Foreign Key
sales.csv,236751,Employee_ID,E00251,Employee_ID,Unmatched Foreign Key
sales.csv,237251,Employee_ID,E00251,Employee_ID,Unmatched Foreign Key
sales.csv,237751,Employee_ID,E00251,Employee_ID,Unmatched Foreign Key
sales.csv,238251,Employee_ID,E00251,Employee_ID,Unmatched Foreign Key
sales.csv,238751,Employee_ID,E00251,Employee_ID,Unmatched Foreign Key
sales.csv,239251,Employee_ID,E00251,Employee_ID,Unmatched Foreign Key
sales.csv,239751,Employee_ID,E00251,Employee_ID,Unmatched Foreign Key
sales.csv,240251,Employee_ID,E00251,Employee_ID,Unmatched Foreign Key
sales.csv,240751,Employee_ID,E00251,Employee_ID,Unmatched Foreign Key
sales.csv,241251,Employee_ID,E00251,Employee_ID,Unmatched Foreign Key
sales.csv,241751,Employee_ID,E00251,Employee_ID,Unmatched Foreign Key
sales.csv,242251,Employee_ID,E00251,Employee_ID,Unmatched Foreign Key
sales.csv,242751,Employee_ID,E00251,Employee_ID,Unmatched Foreign Key
sales.csv,243251,Employee_ID,E00251,Employee_ID,Unmatched Foreign Key
sales.csv,243751,Employee_ID,E00251,Employee_ID,Unmatched Foreign Key
sales.csv,244251,Employee_ID,E00251,Employee_ID,Unmatched Foreign Key
sales.csv,244751,Employee_ID,E00251,Employee_ID,Unmatched Foreign Key
sales.csv,245251,Employee_ID,E00251,Employee_ID,Unmatched Foreign Key
sales.csv,245751,Employee_ID,E00251,Employee_ID,Unmatched Foreign Key
sales.csv,246251,Employee_ID,E00251,Employee_ID,Unmatched Foreign Key
sales.csv,246751,Employee_ID,E00251,Employee_ID,Unmatched Foreign Key
sales.csv,247251,Employee_ID,E00251,Employee_ID,Unmatched Foreign Key
sales.csv,247751,Employee_ID,E00251,Employee_ID,Unmatched Foreign Key
sales.csv,248251,Employee_ID,E00251,Employee_ID,Unmatched Foreign Key
sales.csv,248751,Employee_ID,E00251,Employee_ID,Unmatched Foreign Key
sales.csv,249251,Employee_ID,E00251,Employee_ID,Unmatched Foreign Key
sales.csv,249751,Employee_ID,E00251,Employee_ID,Unmatched Foreign Key
website_activity.csv,997,Customer_ID,C000997,Customer_ID,Unmatched Foreign Key
website_activity.csv,1994,Customer_ID,C001994,Customer_ID,Unmatched Foreign Key
website_activity.csv,2991,Customer_ID,C002991,Customer_ID,Unmatched Foreign Key
website_activity.csv,3988,Customer_ID,C003988,Customer_ID,Unmatched Foreign Key
website_activity.csv,4985,Customer_ID,C004985,Customer_ID,Unmatched Foreign Key
website_activity.csv,5982,Customer_ID,C005982,Customer_ID,Unmatched Foreign Key
website_activity.csv,6979,Customer_ID,C006979,Customer_ID,Unmatched Foreign Key
website_activity.csv,7976,Customer_ID,C007976,Customer_ID,Unmatched Foreign Key
website_activity.csv,8973,Customer_ID,C008973,Customer_ID,Unmatched Foreign Key
website_activity.csv,9970,Customer_ID,C009970,Customer_ID,Unmatched Foreign Key
website_activity.csv,10967,Customer_ID,C010967,Customer_ID,Unmatched Foreign Key
website_activity.csv,11964,Customer_ID,C011964,Customer_ID,Unmatched Foreign Key
website_activity.csv,12961,Customer_ID,C012961,Customer_ID,Unmatched Foreign Key
website_activity.csv,14955,Customer_ID,C014955,Customer_ID,Unmatched Foreign Key
website_activity.csv,15952,Customer_ID,C015952,Customer_ID,Unmatched Foreign Key
website_activity.csv,16949,Customer_ID,C016949,Customer_ID,Unmatched Foreign Key
website_activity.csv,17946,Customer_ID,C017946,Customer_ID,Unmatched Foreign Key
website_activity.csv,18943,Customer_ID,C018943,Customer_ID,Unmatched Foreign Key
website_activity.csv,19940,Customer_ID,C019940,Customer_ID,Unmatched Foreign Key
website_activity.csv,20997,Customer_ID,C000997,Customer_ID,Unmatched Foreign Key
website_activity.csv,21994,Customer_ID,C001994,Customer_ID,Unmatched Foreign Key
website_activity.csv,22991,Customer_ID,C002991,Customer_ID,Unmatched Foreign Key
website_activity.csv,24985,Customer_ID,C004985,Customer_ID,Unmatched Foreign Key
website_activity.csv,25982,Customer_ID,C005982,Customer_ID,Unmatched Foreign Key
website_activity.csv,26979,Customer_ID,C006979,Customer_ID,Unmatched Foreign Key
website_activity.csv,27976,Customer_ID,C007976,Customer_ID,Unmatched Foreign Key
website_activity.csv,28973,Customer_ID,C008973,Customer_ID,Unmatched Foreign Key
website_activity.csv,29970,Customer_ID,C009970,Customer_ID,Unmatched Foreign Key
website_activity.csv,30967,Customer_ID,C010967,Customer_ID,Unmatched Foreign Key
website_activity.csv,31964,Customer_ID,C011964,Customer_ID,Unmatched Foreign Key
website_activity.csv,32961,Customer_ID,C012961,Customer_ID,Unmatched Foreign Key
website_activity.csv,33958,Customer_ID,C013958,Customer_ID,Unmatched Foreign Key
website_activity.csv,34955,Customer_ID,C014955,Customer_ID,Unmatched Foreign Key
website_activity.csv,35952,Customer_ID,C015952,Customer_ID,Unmatched Foreign Key
website_activity.csv,36949,Customer_ID,C016949,Customer_ID,Unmatched Foreign Key
website_activity.csv,37946,Customer_ID,C017946,Customer_ID,Unmatched Foreign Key
website_activity.csv,38943,Customer_ID,C018943,Customer_ID,Unmatched Foreign Key
website_activity.csv,39940,Customer_ID,C019940,Customer_ID,Unmatched Foreign Key
website_activity.csv,40997,Customer_ID,C000997,Customer_ID,Unmatched Foreign Key
website_activity.csv,41994,Customer_ID,C001994,Customer_ID,Unmatched Foreign Key
website_activity.csv,42991,Customer_ID,C002991,Customer_ID,Unmatched Foreign Key
website_activity.csv,43988,Customer_ID,C003988,Customer_ID,Unmatched Foreign Key
website_activity.csv,44985,Customer_ID,C004985,Customer_ID,Unmatched Foreign Key
website_activity.csv,45982,Customer_ID,C005982,Customer_ID,Unmatched Foreign Key
website_activity.csv,46979,Customer_ID,C006979,Customer_ID,Unmatched Foreign Key
website_activity.csv,47976,Customer_ID,C007976,Customer_ID,Unmatched Foreign Key
website_activity.csv,48973,Customer_ID,C008973,Customer_ID,Unmatched Foreign Key
website_activity.csv,49970,Customer_ID,C009970,Customer_ID,Unmatched Foreign Key
website_activity.csv,51964,Customer_ID,C011964,Customer_ID,Unmatched Foreign Key
website_activity.csv,52961,Customer_ID,C012961,Customer_ID,Unmatched Foreign Key
website_activity.csv,53958,Customer_ID,C013958,Customer_ID,Unmatched Foreign Key
website_activity.csv,54955,Customer_ID,C014955,Customer_ID,Unmatched Foreign Key
website_activity.csv,55952,Customer_ID,C015952,Customer_ID,Unmatched Foreign Key
website_activity.csv,56949,Customer_ID,C016949,Customer_ID,Unmatched Foreign Key
website_activity.csv,57946,Customer_ID,C017946,Customer_ID,Unmatched Foreign Key
website_activity.csv,58943,Customer_ID,C018943,Customer_ID,Unmatched Foreign Key
website_activity.csv,59940,Customer_ID,C019940,Customer_ID,Unmatched Foreign Key
website_activity.csv,61994,Customer_ID,C001994,Customer_ID,Unmatched Foreign Key
website_activity.csv,62991,Customer_ID,C002991,Customer_ID,Unmatched Foreign Key
website_activity.csv,63988,Customer_ID,C003988,Customer_ID,Unmatched Foreign Key
website_activity.csv,64985,Customer_ID,C004985,Customer_ID,Unmatched Foreign Key
website_activity.csv,65982,Customer_ID,C005982,Customer_ID,Unmatched Foreign Key
website_activity.csv,66979,Customer_ID,C006979,Customer_ID,Unmatched Foreign Key
website_activity.csv,67976,Customer_ID,C007976,Customer_ID,Unmatched Foreign Key
website_activity.csv,68973,Customer_ID,C008973,Customer_ID,Unmatched Foreign Key
website_activity.csv,69970,Customer_ID,C009970,Customer_ID,Unmatched Foreign Key
website_activity.csv,70967,Customer_ID,C010967,Customer_ID,Unmatched Foreign Key
website_activity.csv,71964,Customer_ID,C011964,Customer_ID,Unmatched Foreign Key
website_activity.csv,72961,Customer_ID,C012961,Customer_ID,Unmatched Foreign Key
website_activity.csv,73958,Customer_ID,C013958,Customer_ID,Unmatched Foreign Key
website_activity.csv,74955,Customer_ID,C014955,Customer_ID,Unmatched Foreign Key
website_activity.csv,75952,Customer_ID,C015952,Customer_ID,Unmatched Foreign Key
website_activity.csv,76949,Customer_ID,C016949,Customer_ID,Unmatched Foreign Key
website_activity.csv,78943,Customer_ID,C018943,Customer_ID,Unmatched Foreign Key
website_activity.csv,79940,Customer_ID,C019940,Customer_ID,Unmatched Foreign Key
website_activity.csv,80997,Customer_ID,C000997,Customer_ID,Unmatched Foreign Key
website_activity.csv,81994,Customer_ID,C001994,Customer_ID,Unmatched Foreign Key
website_activity.csv,82991,Customer_ID,C002991,Customer_ID,Unmatched Foreign Key
website_activity.csv,83988,Customer_ID,C003988,Customer_ID,Unmatched Foreign Key
website_activity.csv,84985,Customer_ID,C004985,Customer_ID,Unmatched Foreign Key
website_activity.csv,85982,Customer_ID,C005982,Customer_ID,Unmatched Foreign Key
website_activity.csv,86979,Customer_ID,C006979,Customer_ID,Unmatched Foreign Key
website_activity.csv,88973,Customer_ID,C008973,Customer_ID,Unmatched Foreign Key
website_activity.csv,89970,Customer_ID,C009970,Customer_ID,Unmatched Foreign Key
website_activity.csv,90967,Customer_ID,C010967,Customer_ID,Unmatched Foreign Key
website_activity.csv,91964,Customer_ID,C011964,Customer_ID,Unmatched Foreign Key
website_activity.csv,92961,Customer_ID,C012961,Customer_ID,Unmatched Foreign Key
website_activity.csv,93958,Customer_ID,C013958,Customer_ID,Unmatched Foreign Key
website_activity.csv,94955,Customer_ID,C014955,Customer_ID,Unmatched Foreign Key
website_activity.csv,95952,Customer_ID,C015952,Customer_ID,Unmatched Foreign Key
website_activity.csv,96949,Customer_ID,C016949,Customer_ID,Unmatched Foreign Key
website_activity.csv,97946,Customer_ID,C017946,Customer_ID,Unmatched Foreign Key
website_activity.csv,98943,Customer_ID,C018943,Customer_ID,Unmatched Foreign Key
website_activity.csv,99940,Customer_ID,C019940,Customer_ID,Unmatched Foreign Key
website_activity.csv,100997,Customer_ID,C000997,Customer_ID,Unmatched Foreign Key
website_activity.csv,101994,Customer_ID,C001994,Customer_ID,Unmatched Foreign Key
website_activity.csv,102991,Customer_ID,C002991,Customer_ID,Unmatched Foreign Key
website_activity.csv,103988,Customer_ID,C003988,Customer_ID,Unmatched Foreign Key
website_activity.csv,104985,Customer_ID,C004985,Customer_ID,Unmatched Foreign Key
website_activity.csv,105982,Customer_ID,C005982,Customer_ID,Unmatched Foreign Key
website_activity.csv,106979,Customer_ID,C006979,Customer_ID,Unmatched Foreign Key
website_activity.csv,107976,Customer_ID,C007976,Customer_ID,Unmatched Foreign Key
website_activity.csv,108973,Customer_ID,C008973,Customer_ID,Unmatched Foreign Key
website_activity.csv,109970,Customer_ID,C009970,Customer_ID,Unmatched Foreign Key
website_activity.csv,110967,Customer_ID,C010967,Customer_ID,Unmatched Foreign Key
website_activity.csv,111964,Customer_ID,C011964,Customer_ID,Unmatched Foreign Key
website_activity.csv,112961,Customer_ID,C012961,Customer_ID,Unmatched Foreign Key
website_activity.csv,113958,Customer_ID,C013958,Customer_ID,Unmatched Foreign Key
website_activity.csv,115952,Customer_ID,C015952,Customer_ID,Unmatched Foreign Key
website_activity.csv,116949,Customer_ID,C016949,Customer_ID,Unmatched Foreign Key
website_activity.csv,117946,Customer_ID,C017946,Customer_ID,Unmatched Foreign Key
website_activity.csv,118943,Customer_ID,C018943,Customer_ID,Unmatched Foreign Key
website_activity.csv,119940,Customer_ID,C019940,Customer_ID,Unmatched Foreign Key
website_activity.csv,120997,Customer_ID,C000997,Customer_ID,Unmatched Foreign Key
website_activity.csv,121994,Customer_ID,C001994,Customer_ID,Unmatched Foreign Key
website_activity.csv,122991,Customer_ID,C002991,Customer_ID,Unmatched Foreign Key
website_activity.csv,123988,Customer_ID,C003988,Customer_ID,Unmatched Foreign Key
website_activity.csv,125982,Customer_ID,C005982,Customer_ID,Unmatched Foreign Key
website_activity.csv,126979,Customer_ID,C006979,Customer_ID,Unmatched Foreign Key
website_activity.csv,127976,Customer_ID,C007976,Customer_ID,Unmatched Foreign Key
website_activity.csv,128973,Customer_ID,C008973,Customer_ID,Unmatched Foreign Key
website_activity.csv,129970,Customer_ID,C009970,Customer_ID,Unmatched Foreign Key
website_activity.csv,130967,Customer_ID,C010967,Customer_ID,Unmatched Foreign Key
website_activity.csv,131964,Customer_ID,C011964,Customer_ID,Unmatched Foreign Key
website_activity.csv,132961,Customer_ID,C012961,Customer_ID,Unmatched Foreign Key
website_activity.csv,133958,Customer_ID,C013958,Customer_ID,Unmatched Foreign Key
website_activity.csv,134955,Customer_ID,C014955,Customer_ID,Unmatched Foreign Key
website_activity.csv,135952,Customer_ID,C015952,Customer_ID,Unmatched Foreign Key
website_activity.csv,136949,Customer_ID,C016949,Customer_ID,Unmatched Foreign Key
website_activity.csv,137946,Customer_ID,C017946,Customer_ID,Unmatched Foreign Key
website_activity.csv,138943,Customer_ID,C018943,Customer_ID,Unmatched Foreign Key
website_activity.csv,139940,Customer_ID,C019940,Customer_ID,Unmatched Foreign Key
website_activity.csv,140997,Customer_ID,C000997,Customer_ID,Unmatched Foreign Key
website_activity.csv,141994,Customer_ID,C001994,Customer_ID,Unmatched Foreign Key
website_activity.csv,142991,Customer_ID,C002991,Customer_ID,Unmatched Foreign Key
website_activity.csv,143988,Customer_ID,C003988,Customer_ID,Unmatched Foreign Key
website_activity.csv,144985,Customer_ID,C004985,Customer_ID,Unmatched Foreign Key
website_activity.csv,145982,Customer_ID,C005982,Customer_ID,Unmatched Foreign Key
website_activity.csv,146979,Customer_ID,C006979,Customer_ID,Unmatched Foreign Key
website_activity.csv,147976,Customer_ID,C007976,Customer_ID,Unmatched Foreign Key
website_activity.csv,148973,Customer_ID,C008973,Customer_ID,Unmatched Foreign Key
website_activity.csv,149970,Customer_ID,C009970,Customer_ID,Unmatched Foreign Key
website_activity.csv,150967,Customer_ID,C010967,Customer_ID,Unmatched Foreign Key
website_activity.csv,152961,Customer_ID,C012961,Customer_ID,Unmatched Foreign Key
website_activity.csv,153958,Customer_ID,C013958,Customer_ID,Unmatched Foreign Key
website_activity.csv,154955,Customer_ID,C014955,Customer_ID,Unmatched Foreign Key
website_activity.csv,155952,Customer_ID,C015952,Customer_ID,Unmatched Foreign Key
website_activity.csv,156949,Customer_ID,C016949,Customer_ID,Unmatched Foreign Key
website_activity.csv,157946,Customer_ID,C017946,Customer_ID,Unmatched Foreign Key
website_activity.csv,158943,Customer_ID,C018943,Customer_ID,Unmatched Foreign Key
website_activity.csv,159940,Customer_ID,C019940,Customer_ID,Unmatched Foreign Key
website_activity.csv,160997,Customer_ID,C000997,Customer_ID,Unmatched Foreign Key
website_activity.csv,162991,Customer_ID,C002991,Customer_ID,Unmatched Foreign Key
website_activity.csv,163988,Customer_ID,C003988,Customer_ID,Unmatched Foreign Key
website_activity.csv,164985,Customer_ID,C004985,Customer_ID,Unmatched Foreign Key
website_activity.csv,165982,Customer_ID,C005982,Customer_ID,Unmatched Foreign Key
website_activity.csv,166979,Customer_ID,C006979,Customer_ID,Unmatched Foreign Key
website_activity.csv,167976,Customer_ID,C007976,Customer_ID,Unmatched Foreign Key
website_activity.csv,168973,Customer_ID,C008973,Customer_ID,Unmatched Foreign Key
website_activity.csv,169970,Customer_ID,C009970,Customer_ID,Unmatched Foreign Key
website_activity.csv,170967,Customer_ID,C010967,Customer_ID,Unmatched Foreign Key
website_activity.csv,171964,Customer_ID,C011964,Customer_ID,Unmatched Foreign Key
website_activity.csv,172961,Customer_ID,C012961,Customer_ID,Unmatched Foreign Key
website_activity.csv,173958,Customer_ID,C013958,Customer_ID,Unmatched Foreign Key
website_activity.csv,174955,Customer_ID,C014955,Customer_ID,Unmatched Foreign Key
website_activity.csv,175952,Customer_ID,C015952,Customer_ID,Unmatched Foreign Key
website_activity.csv,176949,Customer_ID,C016949,Customer_ID,Unmatched Foreign Key
website_activity.csv,177946,Customer_ID,C017946,Customer_ID,Unmatched Foreign Key
website_activity.csv,179940,Customer_ID,C019940,Customer_ID,Unmatched Foreign Key
website_activity.csv,180997,Customer_ID,C000997,Customer_ID,Unmatched Foreign Key
website_activity.csv,181994,Customer_ID,C001994,Customer_ID,Unmatched Foreign Key
website_activity.csv,182991,Customer_ID,C002991,Customer_ID,Unmatched Foreign Key
website_activity.csv,183988,Customer_ID,C003988,Customer_ID,Unmatched Foreign Key
website_activity.csv,184985,Customer_ID,C004985,Customer_ID,Unmatched Foreign Key
website_activity.csv,185982,Customer_ID,C005982,Customer_ID,Unmatched Foreign Key
website_activity.csv,186979,Customer_ID,C006979,Customer_ID,Unmatched Foreign Key
website_activity.csv,187976,Customer_ID,C007976,Customer_ID,Unmatched Foreign Key
website_activity.csv,189970,Customer_ID,C009970,Customer_ID,Unmatched Foreign Key
website_activity.csv,190967,Customer_ID,C010967,Customer_ID,Unmatched Foreign Key
website_activity.csv,191964,Customer_ID,C011964,Customer_ID,Unmatched Foreign Key
website_activity.csv,192961,Customer_ID,C012961,Customer_ID,Unmatched Foreign Key
website_activity.csv,193958,Customer_ID,C013958,Customer_ID,Unmatched Foreign Key
website_activity.csv,194955,Customer_ID,C014955,Customer_ID,Unmatched Foreign Key
website_activity.csv,195952,Customer_ID,C015952,Customer_ID,Unmatched Foreign Key
website_activity.csv,196949,Customer_ID,C016949,Customer_ID,Unmatched Foreign Key
website_activity.csv,197946,Customer_ID,C017946,Customer_ID,Unmatched Foreign Key
website_activity.csv,198943,Customer_ID,C018943,Customer_ID,Unmatched Foreign Key
website_activity.csv,199940,Customer_ID,C019940,Customer_ID,Unmatched Foreign Key
