Product_ID,Product_Name,Category,Subcategory,Opening_Stock,Closing_Stock,Closing_Stock_Value,Warehouse_Count,Average_Inventory_Units,Average_Inventory_Value,Inventory_Observations,Stockout_Observations,Stockout_Rate_Percentage,Purchased_Units,Purchase_Orders,Average_Lead_Time_Days,Average_Delivery_Delay_Days,On_Time_Delivery_Rate,On_Time_Delivery_Rate_Percentage,Returned_Units,Units_Sold,Cost_Of_Goods_Sold,Revenue,Net_Profit,First_Sale_Date,Last_Sale_Date,Average_Daily_Demand,Inventory_Turnover,Days_Inventory,Return_Rate_Percentage,Average_Unit_Stock_Value,Target_Stock_Units,Excess_Inventory_Units,Excess_Inventory_Value,Expected_Closing_Stock,Inventory_Reconciliation_Difference,Inventory_Status,Priority,Recommended_Action
P00001,Furniture Product 0001,Furniture,Subcategory 1,50,118,35400.0,1,22.97,6891.78,120,40,33.33,6300,25,23.68,0.0,0.0,0.0,15.0,250.0,5464.59,8799.26,-11375.81,2025-09-01,2026-08-27,0.68,0.79,172.28,6.0,300.0,61.64,56.36,16906.85,6115.0,-5997.0,Excess Inventory,Medium,Reduce reorder quantity and transfer or promote excess stock.
P00002,Office Supplies Product 0002,Office Supplies,Subcategory 2,51,108,44280.0,1,11.92,4886.3,120,41,34.17,5624,24,24.25,0.0,0.0,0.0,15.0,496.0,14868.1,23570.44,-11783.04,2025-09-02,2026-08-28,1.36,3.04,79.48,3.02,410.0,122.3,0.0,0.0,5194.0,-5086.0,Stockout Risk,High,Review reorder point and maintain safety stock.
P00003,Home Appliances Product 0003,Home Appliances,Subcategory 3,52,105,54600.0,1,3.78,1966.03,120,41,34.17,5698,24,23.58,0.0,0.0,0.0,14.0,744.0,28284.88,44522.22,-12604.93,2025-09-03,2026-08-29,2.04,14.39,51.51,1.88,520.0,183.45,0.0,0.0,5020.0,-4915.0,Stockout Risk,High,Review reorder point and maintain safety stock.
P00004,Accessories Product 0004,Accessories,Subcategory 4,53,102,64260.0,1,-4.36,-2744.38,120,41,34.17,5669,23,25.13,0.0,0.0,0.0,15.0,988.0,45510.48,71323.74,-13343.88,2025-09-04,2026-08-30,2.71,0.0,37.68,1.52,630.0,243.62,0.0,0.0,4749.0,-4647.0,Stockout Risk,High,Review reorder point and maintain safety stock.
P00005,IT Equipment Product 0005,IT Equipment,Subcategory 5,54,90,66600.0,1,-12.59,-9315.89,120,41,34.17,5846,24,24.58,0.0,0.0,0.0,14.0,1240.0,67088.78,104790.08,-14323.61,2025-09-05,2026-08-31,3.4,0.0,26.49,1.13,740.0,305.75,0.0,0.0,4674.0,-4584.0,Stockout Risk,High,Review reorder point and maintain safety stock.
P00006,Electronics Product 0006,Electronics,Subcategory 6,55,33,28050.0,1,-20.73,-17617.12,120,41,34.17,5465,23,24.65,0.0,0.0,0.0,15.0,245.0,15227.56,23726.13,-13330.06,2025-09-01,2026-08-27,0.67,0.0,49.16,6.12,850.0,60.41,0.0,0.0,5290.0,-5257.0,Stockout Risk,High,Review reorder point and maintain safety stock.
P00007,Furniture Product 0007,Furniture,Subcategory 7,56,23,22080.0,1,-28.86,-27708.49,120,41,34.17,5382,22,24.55,0.0,0.0,0.0,15.0,494.0,34675.23,53908.19,-14074.24,2025-09-02,2026-08-28,1.35,0.0,16.99,3.04,960.0,121.81,0.0,0.0,4959.0,-4936.0,Stockout Risk,High,Review reorder point and maintain safety stock.
P00008,Office Supplies Product 0008,Office Supplies,Subcategory 8,57,20,21400.0,1,-37.22,-39824.52,120,41,34.17,5768,24,24.96,0.0,0.0,0.0,14.0,732.0,57271.4,88859.82,-15247.66,2025-09-03,2026-08-29,2.01,0.0,9.97,1.91,1070.0,180.49,0.0,0.0,5107.0,-5087.0,Stockout Risk,High,Review reorder point and maintain safety stock.
P00009,Home Appliances Product 0009,Home Appliances,Subcategory 9,58,-167,-197060.0,1,-45.58,-53778.9,120,41,34.17,6250,25,24.4,0.0,0.0,0.0,15.0,992.0,85583.96,132695.18,-16622.96,2025-09-04,2026-08-30,2.72,0.0,-61.45,1.51,0.0,244.6,0.0,0.0,5331.0,-5498.0,Inventory Data Issue,Critical,Investigate negative stock and correct inventory movement or reconciliation records.
P00010,Accessories Product 0010,Accessories,Subcategory 10,59,-177,-228330.0,1,-53.84,-69447.95,120,41,34.17,5607,23,25.3,0.0,0.0,0.0,15.0,1235.0,116483.18,180400.91,-18127.65,2025-09-05,2026-08-31,3.38,0.0,-52.31,1.21,0.0,304.52,0.0,0.0,4446.0,-4623.0,Inventory Data Issue,Critical,Investigate negative stock and correct inventory movement or reconciliation records.
P00011,IT Equipment Product 0011,IT Equipment,Subcategory 11,60,-172,-240800.0,1,-61.97,-86761.64,120,47,39.17,5430,23,23.04,0.0,0.0,0.0,14.0,245.0,25079.82,38817.81,-15279.62,2025-09-01,2026-08-27,0.67,0.0,-256.24,5.71,0.0,60.41,0.0,0.0,5259.0,-5431.0,Inventory Data Issue,Critical,Investigate negative stock and correct inventory movement or reconciliation records.
P00012,Electronics Product 0012,Electronics,Subcategory 12,61,63,95130.0,1,-70.21,-106010.27,120,63,52.5,5864,24,24.5,0.0,0.0,0.0,15.0,496.0,54758.66,84704.64,-16562.6,2025-09-02,2026-08-28,1.36,0.0,46.36,3.02,1510.0,122.3,0.0,0.0,5444.0,-5381.0,Stockout Risk,High,Review reorder point and maintain safety stock.
P00013,Furniture Product 0013,Furniture,Subcategory 13,62,-185,-299700.0,1,-78.34,-126914.79,120,80,66.67,5626,23,24.43,0.0,0.0,0.0,15.0,741.0,87451.68,135694.53,-18157.71,2025-09-03,2026-08-29,2.03,0.0,-91.13,2.02,0.0,182.71,0.0,0.0,4962.0,-5147.0,Inventory Data Issue,Critical,Investigate negative stock and correct inventory movement or reconciliation records.
P00014,Office Supplies Product 0014,Office Supplies,Subcategory 14,63,48,83040.0,1,-86.48,-149609.45,120,80,66.67,5912,24,24.96,0.0,0.0,0.0,15.0,992.0,125022.46,193804.74,-20036.46,2025-09-04,2026-08-30,2.72,0.0,17.66,1.51,1730.0,244.6,0.0,0.0,4998.0,-4950.0,Stockout Risk,High,Review reorder point and maintain safety stock.
P00015,Home Appliances Product 0015,Home Appliances,Subcategory 15,64,-200,-368000.0,1,-94.71,-174270.68,120,80,66.67,5936,24,23.75,0.0,0.0,0.0,14.0,1225.0,164810.59,254364.2,-22129.78,2025-09-05,2026-08-31,3.36,0.0,-59.59,1.14,0.0,302.05,0.0,0.0,4789.0,-4989.0,Inventory Data Issue,Critical,Investigate negative stock and correct inventory movement or reconciliation records.
P00016,Accessories Product 0016,Accessories,Subcategory 16,65,-19,-37050.0,1,-102.95,-200743.15,120,80,66.67,6425,25,25.04,0.0,0.0,0.0,14.0,243.0,34649.0,53473.4,-16524.53,2025-09-01,2026-08-27,0.67,0.0,-28.54,5.76,0.0,59.92,0.0,0.0,6261.0,-6280.0,Inventory Data Issue,Critical,Investigate negative stock and correct inventory movement or reconciliation records.
P00017,IT Equipment Product 0017,IT Equipment,Subcategory 17,66,-22,-45320.0,1,-111.21,-229083.29,120,80,66.67,6450,25,24.48,0.0,0.0,0.0,15.0,496.0,74705.16,115235.66,-19015.88,2025-09-02,2026-08-28,1.36,0.0,-16.19,3.02,0.0,122.3,0.0,0.0,6035.0,-6057.0,Inventory Data Issue,Critical,Investigate negative stock and correct inventory movement or reconciliation records.
P00018,Electronics Product 0018,Electronics,Subcategory 18,67,-25,-54250.0,1,-119.47,-259240.68,120,80,66.67,6475,25,25.12,0.0,0.0,0.0,14.0,708.0,112370.0,173241.49,-20814.95,2025-09-03,2026-08-29,1.94,0.0,-12.89,1.98,0.0,174.58,0.0,0.0,5848.0,-5873.0,Inventory Data Issue,Critical,Investigate negative stock and correct inventory movement or reconciliation records.
P00019,Furniture Product 0019,Furniture,Subcategory 19,68,-240,-547200.0,1,-127.82,-291433.97,120,80,66.67,6500,25,24.32,0.0,0.0,0.0,14.0,988.0,164703.09,253949.93,-22855.82,2025-09-04,2026-08-30,2.71,0.0,-88.66,1.42,0.0,243.62,0.0,0.0,5594.0,-5834.0,Inventory Data Issue,Critical,Investigate negative stock and correct inventory movement or reconciliation records.
P00020,Office Supplies Product 0020,Office Supplies,Subcategory 20,69,-47,-112330.0,1,-135.96,-324941.78,120,80,66.67,6106,24,23.62,0.0,0.0,0.0,15.0,1240.0,216676.54,334017.35,-25498.61,2025-09-05,2026-08-31,3.4,0.0,-13.83,1.21,0.0,305.75,0.0,0.0,4950.0,-4997.0,Inventory Data Issue,Critical,Investigate negative stock and correct inventory movement or reconciliation records.
P00021,Home Appliances Product 0021,Home Appliances,Subcategory 21,70,14,35000.0,1,86.04,215102.74,120,40,33.33,6550,25,23.6,0.0,0.0,0.0,15.0,245.0,44786.77,68985.54,-18690.52,2025-09-01,2026-08-27,0.67,0.21,20.86,6.12,2500.0,60.41,0.0,0.0,6390.0,-6376.0,Stockout Risk,High,Review reorder point and maintain safety stock.
P00022,Accessories Product 0022,Accessories,Subcategory 22,71,11,28710.0,1,77.81,203079.45,120,40,33.33,6154,24,25.04,0.0,0.0,0.0,15.0,488.0,93133.62,143377.32,-21136.27,2025-09-02,2026-08-28,1.34,0.46,8.23,3.07,2610.0,120.33,0.0,0.0,5752.0,-5741.0,Stockout Risk,High,Review reorder point and maintain safety stock.
P00023,IT Equipment Product 0023,IT Equipment,Subcategory 23,72,190,516800.0,1,69.58,189244.93,120,50,41.67,6600,25,24.48,0.0,0.0,0.0,15.0,741.0,147364.26,226922.95,-22829.98,2025-09-03,2026-08-29,2.03,0.78,93.59,2.02,2720.0,182.71,7.29,19822.47,5946.0,-5756.0,Excess Inventory,Medium,Reduce reorder quantity and transfer or promote excess stock.
P00024,Electronics Product 0024,Electronics,Subcategory 0,73,-4,-11320.0,1,61.44,173870.55,120,66,55.0,6625,25,25.12,0.0,0.0,0.0,15.0,992.0,205255.64,316023.86,-27143.23,2025-09-04,2026-08-30,2.72,1.18,-1.47,1.51,0.0,244.6,0.0,0.0,5721.0,-5725.0,Inventory Data Issue,Critical,Investigate negative stock and correct inventory movement or reconciliation records.
P00025,Furniture Product 0025,Furniture,Subcategory 1,74,168,493920.0,1,53.3,156706.03,120,78,65.0,5852,23,23.74,0.0,0.0,0.0,15.0,1235.0,265474.56,408806.31,-30195.95,2025-09-05,2026-08-31,3.38,1.69,49.65,1.21,2940.0,304.52,0.0,0.0,4706.0,-4538.0,Stockout Risk,High,Review reorder point and maintain safety stock.
P00026,Office Supplies Product 0026,Office Supplies,Subcategory 2,75,-71,-216550.0,1,44.95,137082.88,120,80,66.67,6250,24,25.04,0.0,0.0,0.0,15.0,246.0,54661.19,84462.17,-20619.53,2025-09-01,2026-08-27,0.67,0.4,-105.35,6.1,0.0,60.66,0.0,0.0,6094.0,-6165.0,Inventory Data Issue,Critical,Investigate negative stock and correct inventory movement or reconciliation records.
P00027,Home Appliances Product 0027,Home Appliances,Subcategory 3,76,-12,-37920.0,1,36.68,115924.38,120,80,66.67,6274,24,24.42,0.0,0.0,0.0,15.0,496.0,114180.39,176396.2,-22264.06,2025-09-02,2026-08-28,1.36,0.98,-8.83,3.02,0.0,122.3,0.0,0.0,5869.0,-5881.0,Inventory Data Issue,Critical,Investigate negative stock and correct inventory movement or reconciliation records.
P00028,Accessories Product 0028,Accessories,Subcategory 4,77,-285,-931950.0,1,28.42,92948.63,120,80,66.67,6298,24,25.04,0.0,0.0,0.0,13.0,741.0,176522.15,272579.86,-25551.4,2025-09-03,2026-08-29,2.03,1.9,-140.38,1.75,0.0,182.71,0.0,0.0,5647.0,-5932.0,Inventory Data Issue,Critical,Investigate negative stock and correct inventory movement or reconciliation records.
P00029,IT Equipment Product 0029,IT Equipment,Subcategory 5,78,-89,-300820.0,1,20.19,68248.22,120,80,66.67,6322,24,23.0,0.0,0.0,0.0,14.0,980.0,242202.09,372429.85,-29655.05,2025-09-04,2026-08-30,2.68,3.55,-33.15,1.43,0.0,241.64,0.0,0.0,5434.0,-5523.0,Inventory Data Issue,Critical,Investigate negative stock and correct inventory movement or reconciliation records.
P00030,Electronics Product 0030,Electronics,Subcategory 6,79,-37,-129130.0,1,11.96,41736.58,120,80,66.67,6346,24,24.58,0.0,0.0,0.0,15.0,1240.0,316404.16,486694.25,-32660.27,2025-09-05,2026-08-31,3.4,7.58,-10.89,1.21,0.0,305.75,0.0,0.0,5200.0,-5237.0,Inventory Data Issue,Critical,Investigate negative stock and correct inventory movement or reconciliation records.
P00031,Furniture Product 0031,Furniture,Subcategory 7,80,144,518400.0,1,3.82,13758.9,120,80,66.67,6800,25,24.32,0.0,0.0,0.0,14.0,244.0,64230.0,98791.74,-22334.66,2025-09-01,2026-08-27,0.67,4.67,215.41,5.74,3600.0,60.16,83.84,301808.22,6650.0,-6506.0,Excess Inventory,Medium,Reduce reorder quantity and transfer or promote excess stock.
P00032,Office Supplies Product 0032,Office Supplies,Subcategory 8,81,141,523110.0,1,-4.32,-16008.9,120,80,66.67,6825,25,24.96,0.0,0.0,0.0,15.0,496.0,134539.78,206959.68,-26559.78,2025-09-02,2026-08-28,1.36,0.0,103.76,3.02,3710.0,122.3,18.7,69371.92,6425.0,-6284.0,Excess Inventory,Medium,Reduce reorder quantity and transfer or promote excess stock.
P00033,Home Appliances Product 0033,Home Appliances,Subcategory 9,82,129,492780.0,1,-12.55,-47933.15,120,80,66.67,6850,25,24.4,0.0,0.0,0.0,15.0,744.0,207793.62,319608.75,-29961.78,2025-09-03,2026-08-29,2.04,0.0,63.29,2.02,3820.0,183.45,0.0,0.0,6203.0,-6074.0,Stockout Risk,High,Review reorder point and maintain safety stock.
P00034,Accessories Product 0034,Accessories,Subcategory 10,83,126,495180.0,1,-20.68,-81291.78,120,80,66.67,6492,24,24.42,0.0,0.0,0.0,15.0,988.0,283893.25,436657.91,-31923.1,2025-09-04,2026-08-30,2.71,0.0,46.55,1.52,3930.0,243.62,0.0,0.0,5602.0,-5476.0,Stockout Risk,High,Review reorder point and maintain safety stock.
P00035,IT Equipment Product 0035,IT Equipment,Subcategory 11,84,123,496920.0,1,-28.95,-116938.63,120,80,66.67,6900,25,24.48,0.0,0.0,0.0,15.0,1240.0,366266.76,563081.47,-36388.48,2025-09-05,2026-08-31,3.4,0.0,36.21,1.21,4040.0,305.75,0.0,0.0,5759.0,-5636.0,Stockout Risk,High,Review reorder point and maintain safety stock.
P00036,Electronics Product 0036,Electronics,Subcategory 12,85,-116,-481400.0,1,-37.3,-154800.68,120,80,66.67,6540,24,25.12,0.0,0.0,0.0,14.0,244.0,74042.34,113786.7,-26016.39,2025-09-01,2026-08-27,0.67,0.0,-173.52,5.74,0.0,60.16,0.0,0.0,6395.0,-6511.0,Inventory Data Issue,Critical,Investigate negative stock and correct inventory movement or reconciliation records.
P00037,Furniture Product 0037,Furniture,Subcategory 13,86,-330,-1405800.0,1,-45.66,-194501.1,120,80,66.67,6950,25,24.32,0.0,0.0,0.0,15.0,496.0,154483.84,237484.03,-30065.89,2025-09-02,2026-08-28,1.36,0.0,-242.84,3.02,0.0,122.3,0.0,0.0,6555.0,-6885.0,Inventory Data Issue,Critical,Investigate negative stock and correct inventory movement or reconciliation records.
P00038,Office Supplies Product 0038,Office Supplies,Subcategory 14,87,-76,-332120.0,1,-53.79,-235082.05,120,80,66.67,6975,25,24.28,0.0,0.0,0.0,15.0,747.0,238661.3,366836.51,-33523.2,2025-09-03,2026-08-29,2.05,0.0,-37.14,2.01,0.0,184.19,0.0,0.0,6330.0,-6406.0,Inventory Data Issue,Critical,Investigate negative stock and correct inventory movement or reconciliation records.
P00039,Home Appliances Product 0039,Home Appliances,Subcategory 15,88,-141,-631680.0,1,-61.93,-277453.15,120,80,66.67,6274,23,22.96,0.0,0.0,0.0,15.0,996.0,326225.6,501512.25,-37482.29,2025-09-04,2026-08-30,2.73,0.0,-51.67,1.51,0.0,245.59,0.0,0.0,5381.0,-5522.0,Inventory Data Issue,Critical,Investigate negative stock and correct inventory movement or reconciliation records.
P00040,Accessories Product 0040,Accessories,Subcategory 16,89,-82,-376380.0,1,-70.16,-322054.52,120,80,66.67,6636,24,25.12,0.0,0.0,0.0,15.0,1240.0,414630.07,639600.89,-40582.13,2025-09-05,2026-08-31,3.4,0.0,-24.14,1.21,0.0,305.75,0.0,0.0,5500.0,-5582.0,Inventory Data Issue,Critical,Investigate negative stock and correct inventory movement or reconciliation records.
P00041,IT Equipment Product 0041,IT Equipment,Subcategory 17,90,99,465300.0,1,154.59,726568.49,120,40,33.33,6660,24,24.5,0.0,0.0,0.0,14.0,247.0,84573.55,130453.66,-17595.85,2025-09-01,2026-08-27,0.68,0.12,146.3,5.67,4700.0,60.9,38.1,179050.68,6517.0,-6418.0,Excess Inventory,Medium,Reduce reorder quantity and transfer or promote excess stock.
P00042,Electronics Product 0042,Electronics,Subcategory 18,91,-149,-716690.0,1,146.42,704302.6,120,40,33.33,6684,24,25.12,0.0,0.0,0.0,15.0,498.0,174500.17,269056.73,-20485.07,2025-09-02,2026-08-28,1.36,0.25,-109.21,3.01,0.0,122.79,0.0,0.0,6292.0,-6441.0,Inventory Data Issue,Critical,Investigate negative stock and correct inventory movement or reconciliation records.
P00043,Furniture Product 0043,Furniture,Subcategory 19,92,84,413280.0,1,138.16,679768.77,120,40,33.33,6708,24,23.67,0.0,0.0,0.0,15.0,738.0,265485.5,407709.84,-27439.38,2025-09-03,2026-08-29,2.02,0.39,41.54,2.03,4920.0,181.97,0.0,0.0,6077.0,-5993.0,Stockout Risk,High,Review reorder point and maintain safety stock.
P00044,Office Supplies Product 0044,Office Supplies,Subcategory 20,93,-164,-824920.0,1,129.88,653279.86,120,40,33.33,6732,24,25.12,0.0,0.0,0.0,14.0,996.0,366275.85,562769.88,-30981.87,2025-09-04,2026-08-30,2.73,0.56,-60.1,1.41,0.0,245.59,0.0,0.0,5843.0,-6007.0,Inventory Data Issue,Critical,Investigate negative stock and correct inventory movement or reconciliation records.
P00045,Home Appliances Product 0045,Home Appliances,Subcategory 21,94,-167,-858380.0,1,121.59,624967.67,120,40,33.33,6756,24,24.5,0.0,0.0,0.0,15.0,1245.0,467857.38,718770.99,-35073.46,2025-09-05,2026-08-31,3.41,0.75,-48.96,1.2,0.0,306.99,0.0,0.0,5620.0,-5787.0,Inventory Data Issue,Critical,Investigate negative stock and correct inventory movement or reconciliation records.
P00046,Accessories Product 0046,Accessories,Subcategory 22,95,314,1648500.0,1,113.3,594832.19,120,40,33.33,7175,25,25.04,0.0,0.0,0.0,15.0,245.0,94050.54,144493.47,-19918.79,2025-09-01,2026-08-27,0.67,0.16,467.8,6.12,5250.0,60.41,253.59,1331342.47,7040.0,-6726.0,Excess Inventory,Medium,Reduce reorder quantity and transfer or promote excess stock.
P00047,IT Equipment Product 0047,IT Equipment,Subcategory 23,96,302,1618720.0,1,105.14,563534.25,120,40,33.33,7200,25,23.68,0.0,0.0,0.0,15.0,498.0,195152.52,299842.09,-25312.92,2025-09-02,2026-08-28,1.36,0.35,221.35,3.01,5360.0,122.79,179.21,960541.37,6813.0,-6511.0,Excess Inventory,Medium,Reduce reorder quantity and transfer or promote excess stock.
P00048,Electronics Product 0048,Electronics,Subcategory 0,97,299,1635530.0,1,96.97,530440.14,120,40,33.33,6878,24,23.79,0.0,0.0,0.0,15.0,747.0,298737.9,458950.48,-29445.94,2025-09-03,2026-08-29,2.05,0.56,146.1,2.01,5470.0,184.19,114.81,628000.96,6243.0,-5944.0,Excess Inventory,Medium,Reduce reorder quantity and transfer or promote excess stock.
P00049,Furniture Product 0049,Furniture,Subcategory 1,98,289,1612620.0,1,88.81,495549.86,120,40,33.33,7250,25,24.32,0.0,0.0,0.0,15.0,992.0,404705.98,621494.48,-31783.99,2025-09-04,2026-08-30,2.72,0.82,106.34,1.51,5580.0,244.6,44.4,247736.71,6371.0,-6082.0,Excess Inventory,Medium,Reduce reorder quantity and transfer or promote excess stock.
P00050,Office Supplies Product 0050,Office Supplies,Subcategory 2,99,286,1627340.0,1,80.55,458317.81,120,40,33.33,7275,25,24.96,0.0,0.0,0.0,15.0,1235.0,513791.9,788882.57,-38069.89,2025-09-05,2026-08-31,3.38,1.12,84.53,1.21,5690.0,304.52,0.0,0.0,6154.0,-5868.0,Stockout Risk,High,Review reorder point and maintain safety stock.
P00051,Home Appliances Product 0051,Home Appliances,Subcategory 3,100,38,220400.0,1,72.38,419824.66,120,40,33.33,5950,25,24.4,0.0,0.0,0.0,15.0,249.0,105586.8,162168.72,-18868.63,2025-09-01,2026-08-27,0.68,0.25,55.7,6.02,5800.0,61.4,0.0,0.0,5816.0,-5778.0,Stockout Risk,High,Review reorder point and maintain safety stock.
P00052,Accessories Product 0052,Accessories,Subcategory 4,101,-203,-1199730.0,1,64.22,379535.34,120,40,33.33,5975,25,25.04,0.0,0.0,0.0,15.0,496.0,214320.9,329104.9,-26530.11,2025-09-02,2026-08-28,1.36,0.56,-149.39,3.02,0.0,122.3,0.0,0.0,5595.0,-5798.0,Inventory Data Issue,Critical,Investigate negative stock and correct inventory movement or reconciliation records.
P00053,IT Equipment Product 0053,IT Equipment,Subcategory 5,102,32,192640.0,1,55.93,336707.67,120,40,33.33,5698,24,23.83,0.0,0.0,0.0,15.0,747.0,328776.21,505018.54,-31007.0,2025-09-03,2026-08-29,2.05,0.98,15.64,2.01,6020.0,184.19,0.0,0.0,5068.0,-5036.0,Stockout Risk,High,Review reorder point and maintain safety stock.
P00054,Electronics Product 0054,Electronics,Subcategory 6,103,29,177770.0,1,47.64,292056.71,120,40,33.33,5672,24,25.21,0.0,0.0,0.0,13.0,996.0,444774.53,685604.48,-35472.56,2025-09-04,2026-08-30,2.73,1.52,10.63,1.31,6130.0,245.59,0.0,0.0,4792.0,-4763.0,Stockout Risk,High,Review reorder point and maintain safety stock.
P00055,Furniture Product 0055,Furniture,Subcategory 7,104,-219,-1366560.0,1,39.36,245582.47,120,40,33.33,5696,24,24.33,0.0,0.0,0.0,15.0,1240.0,563681.34,868917.81,-42537.9,2025-09-05,2026-08-31,3.4,2.3,-64.46,1.21,0.0,305.75,0.0,0.0,4575.0,-4794.0,Inventory Data Issue,Critical,Investigate negative stock and correct inventory movement or reconciliation records.
P00056,Office Supplies Product 0056,Office Supplies,Subcategory 8,105,253,1606550.0,1,31.19,198067.81,120,40,33.33,5720,24,24.25,0.0,0.0,0.0,15.0,249.0,115598.74,177472.86,-21387.03,2025-09-01,2026-08-27,0.68,0.58,370.86,6.02,6350.0,61.4,191.6,1216677.4,5591.0,-5338.0,Excess Inventory,Medium,Reduce reorder quantity and transfer or promote excess stock.
P00057,Home Appliances Product 0057,Home Appliances,Subcategory 9,106,12,77520.0,1,22.93,148137.53,120,40,33.33,5744,24,22.92,0.0,0.0,0.0,15.0,494.0,233327.15,358163.32,-28116.16,2025-09-02,2026-08-28,1.35,1.58,8.87,3.04,6460.0,121.81,0.0,0.0,5371.0,-5359.0,Stockout Risk,High,Review reorder point and maintain safety stock.
P00058,Accessories Product 0058,Accessories,Subcategory 10,107,9,59130.0,1,14.77,97020.0,120,40,33.33,5768,24,25.21,0.0,0.0,0.0,14.0,744.0,357381.38,548745.13,-33819.06,2025-09-03,2026-08-29,2.04,3.68,4.42,1.88,6570.0,183.45,0.0,0.0,5145.0,-5136.0,Stockout Risk,High,Review reorder point and maintain safety stock.
P00059,IT Equipment Product 0059,IT Equipment,Subcategory 11,108,244,1629920.0,1,6.6,44106.3,120,44,36.67,5792,24,24.58,0.0,0.0,0.0,15.0,996.0,486426.62,746821.1,-41310.14,2025-09-04,2026-08-30,2.73,11.03,89.42,1.51,6680.0,245.59,0.0,0.0,4919.0,-4675.0,Stockout Risk,High,Review reorder point and maintain safety stock.
P00060,Electronics Product 0060,Electronics,Subcategory 12,109,-4,-27160.0,1,-1.56,-10603.56,120,70,58.33,5816,24,25.21,0.0,0.0,0.0,15.0,1245.0,618046.44,949102.0,-45621.31,2025-09-05,2026-08-31,3.41,0.0,-1.17,1.2,0.0,306.99,0.0,0.0,4695.0,-4699.0,Inventory Data Issue,Critical,Investigate negative stock and correct inventory movement or reconciliation records.
P00061,Furniture Product 0061,Furniture,Subcategory 13,110,168,1159200.0,1,220.41,1520835.62,120,40,33.33,6200,25,24.32,0.0,0.0,0.0,15.0,247.0,124609.0,191324.04,-24563.68,2025-09-01,2026-08-27,0.68,0.08,248.26,6.07,6900.0,60.9,107.1,738961.64,6078.0,-5910.0,Excess Inventory,Medium,Reduce reorder quantity and transfer or promote excess stock.
P00062,Office Supplies Product 0062,Office Supplies,Subcategory 14,111,165,1156650.0,1,212.12,1486984.25,120,40,33.33,5914,24,24.33,0.0,0.0,0.0,15.0,498.0,255229.12,391883.26,-33909.19,2025-09-02,2026-08-28,1.36,0.17,120.93,3.01,7010.0,122.79,42.21,295860.41,5542.0,-5377.0,Excess Inventory,Medium,Reduce reorder quantity and transfer or promote excess stock.
P00063,Home Appliances Product 0063,Home Appliances,Subcategory 15,112,162,1153440.0,1,203.84,1451309.59,120,40,33.33,6250,25,24.4,0.0,0.0,0.0,15.0,747.0,388850.36,596832.23,-40155.79,2025-09-03,2026-08-29,2.05,0.27,79.16,2.01,7120.0,184.19,0.0,0.0,5630.0,-5468.0,Stockout Risk,High,Review reorder point and maintain safety stock.
P00064,Accessories Product 0064,Accessories,Subcategory 16,113,159,1149570.0,1,195.45,1413118.36,120,40,33.33,6275,25,25.04,0.0,0.0,0.0,15.0,988.0,522278.49,801554.11,-46215.41,2025-09-04,2026-08-30,2.71,0.37,58.74,1.52,7230.0,243.62,0.0,0.0,5415.0,-5256.0,Stockout Risk,High,Review reorder point and maintain safety stock.
P00065,IT Equipment Product 0065,IT Equipment,Subcategory 17,114,156,1145040.0,1,187.29,1374691.51,120,40,33.33,6300,25,23.68,0.0,0.0,0.0,15.0,1250.0,670772.54,1029683.25,-53963.1,2025-09-05,2026-08-31,3.42,0.49,45.55,1.2,7340.0,308.22,0.0,0.0,5179.0,-5023.0,Stockout Risk,High,Review reorder point and maintain safety stock.
P00066,Electronics Product 0066,Electronics,Subcategory 18,115,-37,-275650.0,1,179.12,1334468.49,120,40,33.33,6325,25,24.44,0.0,0.0,0.0,15.0,250.0,136165.88,209033.62,-27704.79,2025-09-01,2026-08-27,0.68,0.1,-54.02,6.0,0.0,61.64,0.0,0.0,6205.0,-6242.0,Inventory Data Issue,Critical,Investigate negative stock and correct inventory movement or reconciliation records.
P00067,Furniture Product 0067,Furniture,Subcategory 19,116,205,1549800.0,1,170.96,1292449.32,120,40,33.33,6084,24,23.67,0.0,0.0,0.0,15.0,498.0,275253.02,422602.41,-35667.03,2025-09-02,2026-08-28,1.36,0.21,150.25,3.01,7560.0,122.79,82.21,621473.42,5717.0,-5512.0,Excess Inventory,Medium,Reduce reorder quantity and transfer or promote excess stock.
P00068,Office Supplies Product 0068,Office Supplies,Subcategory 20,117,195,1495650.0,1,162.79,1248633.97,120,40,33.33,6058,24,25.04,0.0,0.0,0.0,15.0,750.0,419055.69,645692.04,-37319.88,2025-09-03,2026-08-29,2.05,0.34,94.9,2.0,7670.0,184.93,10.07,77225.34,5440.0,-5245.0,Excess Inventory,Medium,Reduce reorder quantity and transfer or promote excess stock.
P00069,Home Appliances Product 0069,Home Appliances,Subcategory 21,118,-46,-357880.0,1,154.63,1203022.47,120,40,33.33,6082,24,24.42,0.0,0.0,0.0,15.0,1000.0,566753.0,873066.43,-43604.52,2025-09-04,2026-08-30,2.74,0.47,-16.79,1.5,0.0,246.58,0.0,0.0,5215.0,-5261.0,Inventory Data Issue,Critical,Investigate negative stock and correct inventory movement or reconciliation records.
P00070,Accessories Product 0070,Accessories,Subcategory 22,119,-49,-386610.0,1,146.47,1155614.79,120,40,33.33,6106,24,25.04,0.0,0.0,0.0,15.0,1245.0,718170.84,1102079.86,-51621.65,2025-09-05,2026-08-31,3.41,0.62,-14.37,1.2,0.0,306.99,0.0,0.0,4995.0,-5044.0,Inventory Data Issue,Critical,Investigate negative stock and correct inventory movement or reconciliation records.
P00071,IT Equipment Product 0071,IT Equipment,Subcategory 23,120,123,984000.0,1,138.08,1104657.53,120,40,33.33,6130,24,23.83,0.0,0.0,0.0,15.0,250.0,146217.74,224399.38,-31599.75,2025-09-01,2026-08-27,0.68,0.13,179.58,6.0,8000.0,61.64,61.36,490849.32,6015.0,-5892.0,Excess Inventory,Medium,Reduce reorder quantity and transfer or promote excess stock.
P00072,Electronics Product 0072,Electronics,Subcategory 0,121,175,1419250.0,1,129.79,1052633.56,120,40,33.33,5933,23,24.65,0.0,0.0,0.0,15.0,500.0,296456.72,454996.95,-34715.42,2025-09-02,2026-08-28,1.37,0.28,127.75,3.0,8110.0,123.29,51.71,419386.99,5569.0,-5394.0,Excess Inventory,Medium,Reduce reorder quantity and transfer or promote excess stock.
P00073,Furniture Product 0073,Furniture,Subcategory 1,122,172,1413840.0,1,121.51,998786.3,120,40,33.33,6178,24,24.42,0.0,0.0,0.0,15.0,747.0,448926.96,688969.06,-43466.11,2025-09-03,2026-08-29,2.05,0.45,84.04,2.01,8220.0,184.19,0.0,0.0,5568.0,-5396.0,Stockout Risk,High,Review reorder point and maintain safety stock.
P00074,Office Supplies Product 0074,Office Supplies,Subcategory 2,123,169,1407770.0,1,113.34,944142.74,120,40,33.33,6202,24,24.33,0.0,0.0,0.0,15.0,992.0,604158.8,927273.98,-53370.73,2025-09-04,2026-08-30,2.72,0.64,62.18,1.51,8330.0,244.6,0.0,0.0,5348.0,-5179.0,Stockout Risk,High,Review reorder point and maintain safety stock.
P00075,Home Appliances Product 0075,Home Appliances,Subcategory 3,124,104,877760.0,1,105.18,887703.01,120,40,33.33,6226,24,23.58,0.0,0.0,0.0,15.0,1250.0,771298.64,1183988.71,-57087.36,2025-09-05,2026-08-31,3.42,0.87,30.37,1.2,8440.0,308.22,0.0,0.0,5115.0,-5011.0,Stockout Risk,High,Review reorder point and maintain safety stock.
P00076,Accessories Product 0076,Accessories,Subcategory 4,125,-82,-701100.0,1,97.01,829467.12,120,40,33.33,6300,24,24.42,0.0,0.0,0.0,15.0,248.0,155028.38,237931.14,-33511.52,2025-09-01,2026-08-27,0.68,0.19,-120.69,6.05,0.0,61.15,0.0,0.0,6192.0,-6274.0,Inventory Data Issue,Critical,Investigate negative stock and correct inventory movement or reconciliation records.
P00077,IT Equipment Product 0077,IT Equipment,Subcategory 5,126,-85,-736100.0,1,88.85,769435.07,120,40,33.33,6600,25,24.48,0.0,0.0,0.0,15.0,500.0,316560.46,485719.12,-39117.07,2025-09-02,2026-08-28,1.37,0.41,-62.05,3.0,0.0,123.29,0.0,0.0,6241.0,-6326.0,Inventory Data Issue,Critical,Investigate negative stock and correct inventory movement or reconciliation records.
P00078,Electronics Product 0078,Electronics,Subcategory 6,127,-95,-833150.0,1,80.59,706765.89,120,40,33.33,6625,25,25.12,0.0,0.0,0.0,15.0,750.0,480872.54,737879.07,-48624.19,2025-09-03,2026-08-29,2.05,0.68,-46.23,2.0,0.0,184.93,0.0,0.0,6017.0,-6112.0,Inventory Data Issue,Critical,Investigate negative stock and correct inventory movement or reconciliation records.
P00079,Furniture Product 0079,Furniture,Subcategory 7,128,-98,-870240.0,1,72.42,643130.96,120,40,33.33,6650,25,24.32,0.0,0.0,0.0,15.0,996.0,646627.62,992296.66,-51952.07,2025-09-04,2026-08-30,2.73,1.01,-35.91,1.51,0.0,245.59,0.0,0.0,5797.0,-5895.0,Inventory Data Issue,Critical,Investigate negative stock and correct inventory movement or reconciliation records.
P00080,Office Supplies Product 0080,Office Supplies,Subcategory 8,129,-101,-907990.0,1,64.14,576591.51,120,40,33.33,6675,25,24.96,0.0,0.0,0.0,15.0,1250.0,821560.44,1260806.99,-60979.66,2025-09-05,2026-08-31,3.42,1.42,-29.49,1.2,0.0,308.22,0.0,0.0,5569.0,-5670.0,Inventory Data Issue,Critical,Investigate negative stock and correct inventory movement or reconciliation records.
P00081,Home Appliances Product 0081,Home Appliances,Subcategory 9,130,133,1210300.0,1,285.99,2602475.34,120,0,0.0,6470,24,23.75,0.0,0.0,0.0,15.0,248.0,164405.93,253178.34,-21954.67,2025-09-01,2026-08-27,0.68,0.06,195.75,6.05,9100.0,61.15,71.85,653828.77,6367.0,-6234.0,Excess Inventory,Medium,Reduce reorder quantity and transfer or promote excess stock.
P00082,Accessories Product 0082,Accessories,Subcategory 10,131,130,1197300.0,1,277.7,2557604.38,120,0,0.0,6725,25,25.04,0.0,0.0,0.0,15.0,498.0,334126.29,514641.58,-29094.47,2025-09-02,2026-08-28,1.36,0.13,95.28,3.01,9210.0,122.79,7.21,66362.47,6373.0,-6243.0,Excess Inventory,Medium,Reduce reorder quantity and transfer or promote excess stock.
P00083,IT Equipment Product 0083,IT Equipment,Subcategory 11,132,120,1118400.0,1,269.53,2512059.18,120,0,0.0,6468,24,23.67,0.0,0.0,0.0,14.0,711.0,482820.43,743366.25,-32586.26,2025-09-03,2026-08-29,1.95,0.19,61.6,1.97,9320.0,175.32,0.0,0.0,5903.0,-5783.0,Normal,Low,Continue normal inventory monitoring.
P00084,Electronics Product 0084,Electronics,Subcategory 12,133,117,1103310.0,1,261.37,2464717.81,120,0,0.0,6492,24,24.42,0.0,0.0,0.0,15.0,1000.0,689415.82,1057671.16,-45542.53,2025-09-04,2026-08-30,2.74,0.28,42.71,1.5,9430.0,246.58,0.0,0.0,5640.0,-5523.0,Normal,Low,Continue normal inventory monitoring.
P00085,Furniture Product 0085,Furniture,Subcategory 13,134,114,1087560.0,1,253.11,2414665.48,120,0,0.0,6516,24,23.67,0.0,0.0,0.0,15.0,1245.0,868359.9,1332081.17,-58145.67,2025-09-05,2026-08-31,3.41,0.36,33.42,1.2,9540.0,306.99,0.0,0.0,5420.0,-5306.0,Normal,Low,Continue normal inventory monitoring.
P00086,Office Supplies Product 0086,Office Supplies,Subcategory 14,135,48,463200.0,1,244.95,2363721.23,120,0,0.0,6120,22,24.45,0.0,0.0,0.0,15.0,250.0,176375.82,270621.34,-24687.59,2025-09-01,2026-08-27,0.68,0.07,70.08,6.0,9650.0,61.64,0.0,0.0,6020.0,-5972.0,Normal,Low,Continue normal inventory monitoring.
P00087,Home Appliances Product 0087,Home Appliances,Subcategory 15,136,283,2762080.0,1,236.78,2310980.82,120,0,0.0,6564,24,24.5,0.0,0.0,0.0,15.0,500.0,356770.4,547449.36,-32862.54,2025-09-02,2026-08-28,1.37,0.15,206.59,3.0,9760.0,123.29,159.71,1558792.33,6215.0,-5932.0,Excess Inventory,Medium,Reduce reorder quantity and transfer or promote excess stock.
P00088,Accessories Product 0088,Accessories,Subcategory 16,137,280,2763600.0,1,228.62,2256444.25,120,0,0.0,6588,24,25.12,0.0,0.0,0.0,15.0,741.0,534740.86,820588.07,-40696.71,2025-09-03,2026-08-29,2.03,0.24,137.92,2.02,9870.0,182.71,97.29,960229.32,5999.0,-5719.0,Excess Inventory,Medium,Reduce reorder quantity and transfer or promote excess stock.
P00089,IT Equipment Product 0089,IT Equipment,Subcategory 17,138,277,2764460.0,1,220.33,2198881.1,120,0,0.0,6374,23,24.61,0.0,0.0,0.0,15.0,1000.0,729625.76,1119727.61,-49673.29,2025-09-04,2026-08-30,2.74,0.33,101.1,1.5,9980.0,246.58,30.42,303638.08,5527.0,-5250.0,Excess Inventory,Medium,Reduce reorder quantity and transfer or promote excess stock.
P00090,Electronics Product 0090,Electronics,Subcategory 18,139,29,292610.0,1,212.04,2139494.66,120,0,0.0,6397,23,24.48,0.0,0.0,0.0,15.0,1250.0,922084.06,1414772.5,-58558.55,2025-09-05,2026-08-31,3.42,0.43,8.47,1.2,10090.0,308.22,0.0,0.0,5301.0,-5272.0,Normal,Low,Continue normal inventory monitoring.
P00091,Furniture Product 0091,Furniture,Subcategory 19,140,263,2682600.0,1,203.75,2078284.93,120,0,0.0,6710,24,24.33,0.0,0.0,0.0,15.0,248.0,184946.92,283663.79,-33641.76,2025-09-01,2026-08-27,0.68,0.09,387.08,6.05,10200.0,61.15,201.85,2058863.01,6617.0,-6354.0,Excess Inventory,Medium,Reduce reorder quantity and transfer or promote excess stock.
P00092,Office Supplies Product 0092,Office Supplies,Subcategory 20,141,260,2680600.0,1,195.49,2015534.38,120,0,0.0,6734,24,24.25,0.0,0.0,0.0,15.0,500.0,376876.6,578159.18,-32949.29,2025-09-02,2026-08-28,1.37,0.19,189.8,3.0,10310.0,123.29,136.71,1409504.11,6390.0,-6130.0,Excess Inventory,Medium,Reduce reorder quantity and transfer or promote excess stock.
P00093,Home Appliances Product 0093,Home Appliances,Subcategory 21,142,75,781500.0,1,187.33,1951965.75,120,0,0.0,6758,24,23.75,0.0,0.0,0.0,15.0,750.0,571344.28,876550.63,-45348.73,2025-09-03,2026-08-29,2.05,0.29,36.5,2.0,10420.0,184.93,0.0,0.0,6165.0,-6090.0,Normal,Low,Continue normal inventory monitoring.
P00094,Accessories Product 0094,Accessories,Subcategory 22,143,247,2600910.0,1,179.16,1886600.96,120,0,0.0,6782,24,25.21,0.0,0.0,0.0,15.0,996.0,766778.37,1176331.16,-54194.36,2025-09-04,2026-08-30,2.73,0.41,90.52,1.51,10530.0,245.59,1.41,14857.4,5944.0,-5697.0,Excess Inventory,Medium,Reduce reorder quantity and transfer or promote excess stock.
P00095,IT Equipment Product 0095,IT Equipment,Subcategory 23,144,69,734160.0,1,171.0,1819440.0,120,6,5.0,6612,23,23.91,0.0,0.0,0.0,15.0,1235.0,957285.69,1474249.86,-59192.04,2025-09-05,2026-08-31,3.38,0.53,20.39,1.21,10640.0,304.52,0.0,0.0,5536.0,-5467.0,Normal,Low,Continue normal inventory monitoring.
P00096,Electronics Product 0096,Electronics,Subcategory 0,145,-4,-43000.0,1,162.84,1750482.88,120,23,19.17,7075,25,25.12,0.0,0.0,0.0,15.0,250.0,195777.27,301499.65,-34068.68,2025-09-01,2026-08-27,0.68,0.11,-5.84,6.0,0.0,61.64,0.0,0.0,6985.0,-6989.0,Inventory Data Issue,Critical,Investigate negative stock and correct inventory movement or reconciliation records.
P00097,Furniture Product 0097,Furniture,Subcategory 1,146,-7,-76020.0,1,154.67,1679729.59,120,40,33.33,7100,25,24.32,0.0,0.0,0.0,14.0,498.0,395403.77,606673.5,-36298.53,2025-09-02,2026-08-28,1.36,0.24,-5.13,2.81,0.0,122.79,0.0,0.0,6762.0,-6769.0,Inventory Data Issue,Critical,Investigate negative stock and correct inventory movement or reconciliation records.
P00098,Office Supplies Product 0098,Office Supplies,Subcategory 2,147,-10,-109700.0,1,146.38,1605827.67,120,40,33.33,7125,25,24.96,0.0,0.0,0.0,15.0,750.0,601502.36,922602.23,-48375.61,2025-09-03,2026-08-29,2.05,0.37,-4.87,2.0,0.0,184.93,0.0,0.0,6537.0,-6547.0,Inventory Data Issue,Critical,Investigate negative stock and correct inventory movement or reconciliation records.
P00099,Home Appliances Product 0099,Home Appliances,Subcategory 3,148,-13,-144040.0,1,138.0,1529040.0,120,40,33.33,7150,25,24.4,0.0,0.0,0.0,15.0,1000.0,810045.64,1242558.05,-53990.91,2025-09-04,2026-08-30,2.74,0.53,-4.74,1.5,0.0,246.58,0.0,0.0,6313.0,-6326.0,Inventory Data Issue,Critical,Investigate negative stock and correct inventory movement or reconciliation records.
P00100,Accessories Product 0100,Accessories,Subcategory 4,149,-16,-179040.0,1,129.71,1451480.96,120,40,33.33,7175,25,25.04,0.0,0.0,0.0,15.0,1245.0,1018548.94,1562516.26,-63286.22,2025-09-05,2026-08-31,3.41,0.7,-4.69,1.2,0.0,306.99,0.0,0.0,6094.0,-6110.0,Inventory Data Issue,Critical,Investigate negative stock and correct inventory movement or reconciliation records.
P00101,IT Equipment Product 0101,IT Equipment,Subcategory 5,150,156,46800.0,1,187.3,56190.41,120,40,33.33,6300,25,23.68,0.0,0.0,0.0,14.0,238.0,5203.23,8378.62,-15909.19,2025-09-01,2026-08-27,0.65,0.09,239.24,5.88,300.0,58.68,97.32,29194.52,6226.0,-6070.0,Excess Inventory,Medium,Reduce reorder quantity and transfer or promote excess stock.
P00102,Electronics Product 0102,Electronics,Subcategory 6,151,208,85280.0,1,179.14,73446.16,120,40,33.33,6325,25,24.44,0.0,0.0,0.0,15.0,494.0,14808.58,23482.25,-16661.48,2025-09-02,2026-08-28,1.35,0.2,153.68,3.04,410.0,121.81,86.19,35338.63,5997.0,-5789.0,Excess Inventory,Medium,Reduce reorder quantity and transfer or promote excess stock.
P00103,Furniture Product 0103,Furniture,Subcategory 7,152,143,74360.0,1,170.97,88905.75,120,40,33.33,6350,25,24.32,0.0,0.0,0.0,15.0,747.0,28398.11,44712.86,-17606.36,2025-09-03,2026-08-29,2.05,0.32,69.87,2.01,520.0,184.19,0.0,0.0,5770.0,-5627.0,Stockout Risk,High,Review reorder point and maintain safety stock.
P00104,Office Supplies Product 0104,Office Supplies,Subcategory 8,153,140,88200.0,1,162.81,102569.18,120,40,33.33,6172,24,24.33,0.0,0.0,0.0,15.0,1000.0,46059.24,72168.93,-18306.71,2025-09-04,2026-08-30,2.74,0.45,51.1,1.5,630.0,246.58,0.0,0.0,5340.0,-5200.0,Stockout Risk,High,Review reorder point and maintain safety stock.
P00105,Home Appliances Product 0105,Home Appliances,Subcategory 9,154,137,101380.0,1,154.64,114436.44,120,40,33.33,6196,24,24.42,0.0,0.0,0.0,15.0,1250.0,67625.92,105591.44,-19332.25,2025-09-05,2026-08-31,3.42,0.59,40.0,1.2,740.0,308.22,0.0,0.0,5115.0,-4978.0,Stockout Risk,High,Review reorder point and maintain safety stock.
P00106,Accessories Product 0106,Accessories,Subcategory 10,155,-49,-41650.0,1,146.38,124426.03,120,40,33.33,6220,24,25.04,0.0,0.0,0.0,15.0,248.0,15412.66,24000.6,-18314.49,2025-09-01,2026-08-27,0.68,0.12,-72.12,6.05,0.0,61.15,0.0,0.0,6142.0,-6191.0,Inventory Data Issue,Critical,Investigate negative stock and correct inventory movement or reconciliation records.
P00107,IT Equipment Product 0107,IT Equipment,Subcategory 11,156,-59,-56640.0,1,138.1,132572.05,120,40,33.33,6244,24,24.67,0.0,0.0,0.0,15.0,500.0,35093.34,54565.25,-19625.91,2025-09-02,2026-08-28,1.37,0.26,-43.07,3.0,0.0,123.29,0.0,0.0,5915.0,-5974.0,Inventory Data Issue,Critical,Investigate negative stock and correct inventory movement or reconciliation records.
P00108,Electronics Product 0108,Electronics,Subcategory 12,157,-62,-66340.0,1,129.81,138894.79,120,40,33.33,6268,24,25.29,0.0,0.0,0.0,15.0,750.0,58669.4,91094.83,-20775.21,2025-09-03,2026-08-29,2.05,0.42,-30.17,2.0,0.0,184.93,0.0,0.0,5690.0,-5752.0,Inventory Data Issue,Critical,Investigate negative stock and correct inventory movement or reconciliation records.
P00109,Furniture Product 0109,Furniture,Subcategory 13,158,-65,-76700.0,1,121.52,143394.25,120,40,33.33,6134,23,23.74,0.0,0.0,0.0,14.0,984.0,84590.4,131669.1,-21002.87,2025-09-04,2026-08-30,2.7,0.59,-24.11,1.42,0.0,242.63,0.0,0.0,5322.0,-5387.0,Inventory Data Issue,Critical,Investigate negative stock and correct inventory movement or reconciliation records.
P00110,Office Supplies Product 0110,Office Supplies,Subcategory 14,159,114,147060.0,1,113.36,146229.45,120,40,33.33,6316,24,24.33,0.0,0.0,0.0,15.0,1250.0,117466.36,182660.15,-22583.62,2025-09-05,2026-08-31,3.42,0.8,33.29,1.2,1290.0,308.22,0.0,0.0,5240.0,-5126.0,Stockout Risk,High,Review reorder point and maintain safety stock.
P00111,Home Appliances Product 0111,Home Appliances,Subcategory 15,160,166,232400.0,1,105.19,147268.49,120,40,33.33,6550,25,23.6,0.0,0.0,0.0,15.0,250.0,25587.92,39605.0,-20145.5,2025-09-01,2026-08-27,0.68,0.17,242.36,6.0,1400.0,61.64,104.36,146098.63,6475.0,-6309.0,Excess Inventory,Medium,Reduce reorder quantity and transfer or promote excess stock.
P00112,Accessories Product 0112,Accessories,Subcategory 16,161,156,235560.0,1,97.03,146511.37,120,40,33.33,6575,25,25.04,0.0,0.0,0.0,15.0,498.0,54977.87,85010.92,-21254.89,2025-09-02,2026-08-28,1.36,0.38,114.34,3.01,1510.0,122.79,33.21,50140.27,6253.0,-6097.0,Excess Inventory,Medium,Reduce reorder quantity and transfer or promote excess stock.
P00113,IT Equipment Product 0113,IT Equipment,Subcategory 17,162,153,247860.0,1,88.77,143802.74,120,40,33.33,6600,25,24.48,0.0,0.0,0.0,15.0,750.0,88827.48,137279.8,-22901.68,2025-09-03,2026-08-29,2.05,0.62,74.46,2.0,1620.0,184.93,0.0,0.0,6027.0,-5874.0,Stockout Risk,High,Review reorder point and maintain safety stock.
P00114,Electronics Product 0114,Electronics,Subcategory 18,163,150,259500.0,1,80.6,139442.74,120,40,33.33,6625,25,25.12,0.0,0.0,0.0,15.0,1000.0,126479.12,195375.87,-24824.26,2025-09-04,2026-08-30,2.74,0.91,54.75,1.5,1730.0,246.58,0.0,0.0,5803.0,-5653.0,Stockout Risk,High,Review reorder point and maintain safety stock.
P00115,Furniture Product 0115,Furniture,Subcategory 19,164,147,270480.0,1,72.44,133286.58,120,40,33.33,6650,25,24.32,0.0,0.0,0.0,15.0,1245.0,167481.75,258582.55,-26665.66,2025-09-05,2026-08-31,3.41,1.26,43.1,1.2,1840.0,306.99,0.0,0.0,5584.0,-5437.0,Stockout Risk,High,Review reorder point and maintain safety stock.
P00116,Office Supplies Product 0116,Office Supplies,Subcategory 20,165,-101,-196950.0,1,64.15,125093.84,120,40,33.33,6675,25,24.96,0.0,0.0,0.0,15.0,250.0,35639.78,55013.59,-22262.29,2025-09-01,2026-08-27,0.68,0.28,-147.46,6.0,0.0,61.64,0.0,0.0,6605.0,-6706.0,Inventory Data Issue,Critical,Investigate negative stock and correct inventory movement or reconciliation records.
P00117,Home Appliances Product 0117,Home Appliances,Subcategory 21,166,71,146260.0,1,55.86,115077.81,120,40,33.33,6700,25,24.4,0.0,0.0,0.0,15.0,500.0,75303.28,116198.6,-24095.89,2025-09-02,2026-08-28,1.37,0.65,51.83,3.0,2060.0,123.29,0.0,0.0,6381.0,-6310.0,Stockout Risk,High,Review reorder point and maintain safety stock.
P00118,Accessories Product 0118,Accessories,Subcategory 22,167,68,147560.0,1,47.58,103238.49,120,40,33.33,6558,24,24.42,0.0,0.0,0.0,15.0,747.0,118513.02,182791.19,-25751.36,2025-09-03,2026-08-29,2.05,1.15,33.23,2.01,2170.0,184.19,0.0,0.0,5993.0,-5925.0,Stockout Risk,High,Review reorder point and maintain safety stock.
P00119,IT Equipment Product 0119,IT Equipment,Subcategory 23,168,-110,-250800.0,1,39.41,89856.99,120,40,33.33,6582,24,23.67,0.0,0.0,0.0,15.0,1000.0,166689.06,256938.44,-29168.08,2025-09-04,2026-08-30,2.74,1.86,-40.15,1.5,0.0,246.58,0.0,0.0,5765.0,-5875.0,Inventory Data Issue,Critical,Investigate negative stock and correct inventory movement or reconciliation records.
P00120,Electronics Product 0120,Electronics,Subcategory 0,169,-120,-286800.0,1,31.15,74450.14,120,40,33.33,6606,24,24.42,0.0,0.0,0.0,15.0,1250.0,218411.34,336599.42,-31307.54,2025-09-05,2026-08-31,3.42,2.93,-35.04,1.2,0.0,308.22,0.0,0.0,5540.0,-5660.0,Inventory Data Issue,Critical,Investigate negative stock and correct inventory movement or reconciliation records.
P00121,Furniture Product 0121,Furniture,Subcategory 1,170,114,285000.0,1,253.12,632808.22,120,0,0.0,6630,24,24.5,0.0,0.0,0.0,15.0,248.0,45331.18,69853.66,-14079.25,2025-09-01,2026-08-27,0.68,0.07,167.78,6.05,2500.0,61.15,52.85,132123.29,6567.0,-6453.0,Excess Inventory,Medium,Reduce reorder quantity and transfer or promote excess stock.
P00122,Office Supplies Product 0122,Office Supplies,Subcategory 2,171,111,289710.0,1,244.96,639342.74,120,0,0.0,6654,24,25.12,0.0,0.0,0.0,15.0,500.0,95066.01,146983.56,-16480.28,2025-09-02,2026-08-28,1.37,0.15,81.03,3.0,2610.0,123.29,0.0,0.0,6340.0,-6229.0,Normal,Low,Continue normal inventory monitoring.
P00123,Home Appliances Product 0123,Home Appliances,Subcategory 3,172,283,769760.0,1,236.79,644081.1,120,0,0.0,6556,23,23.83,0.0,0.0,0.0,15.0,750.0,148608.08,229736.27,-19711.77,2025-09-03,2026-08-29,2.05,0.23,137.73,2.0,2720.0,184.93,98.07,266746.3,5993.0,-5710.0,Excess Inventory,Medium,Reduce reorder quantity and transfer or promote excess stock.
P00124,Accessories Product 0124,Accessories,Subcategory 4,173,280,792400.0,1,228.63,647023.29,120,0,0.0,6702,24,25.12,0.0,0.0,0.0,15.0,996.0,205337.82,317377.09,-21161.61,2025-09-04,2026-08-30,2.73,0.32,102.61,1.51,2830.0,245.59,34.41,97383.01,5894.0,-5614.0,Excess Inventory,Medium,Reduce reorder quantity and transfer or promote excess stock.
P00125,IT Equipment Product 0125,IT Equipment,Subcategory 5,174,277,814380.0,1,220.34,647806.85,120,0,0.0,6726,24,24.5,0.0,0.0,0.0,15.0,1250.0,268675.62,413650.71,-24842.65,2025-09-05,2026-08-31,3.42,0.41,80.88,1.2,2940.0,308.22,0.0,0.0,5665.0,-5388.0,Normal,Low,Continue normal inventory monitoring.
P00126,Electronics Product 0126,Electronics,Subcategory 6,175,29,88450.0,1,212.05,646767.12,120,0,0.0,6925,25,25.12,0.0,0.0,0.0,15.0,250.0,55746.0,85792.66,-17256.74,2025-09-01,2026-08-27,0.68,0.09,42.34,6.0,3050.0,61.64,0.0,0.0,6865.0,-6836.0,Normal,Low,Continue normal inventory monitoring.
P00127,Furniture Product 0127,Furniture,Subcategory 7,176,26,82160.0,1,203.67,643601.1,120,0,0.0,6950,25,24.32,0.0,0.0,0.0,15.0,498.0,115052.0,177026.67,-19240.0,2025-09-02,2026-08-28,1.36,0.18,19.06,3.01,3160.0,122.79,0.0,0.0,6643.0,-6617.0,Normal,Low,Continue normal inventory monitoring.
P00128,Office Supplies Product 0128,Office Supplies,Subcategory 8,177,23,75210.0,1,195.51,639307.4,120,0,0.0,6975,25,24.28,0.0,0.0,0.0,15.0,750.0,179299.22,275902.2,-23011.03,2025-09-03,2026-08-29,2.05,0.28,11.19,2.0,3270.0,184.93,0.0,0.0,6417.0,-6394.0,Normal,Low,Continue normal inventory monitoring.
P00129,Home Appliances Product 0129,Home Appliances,Subcategory 9,178,20,67600.0,1,187.34,633217.53,120,0,0.0,7000,25,23.6,0.0,0.0,0.0,15.0,1000.0,247108.94,380222.1,-26538.63,2025-09-04,2026-08-30,2.74,0.39,7.3,1.5,3380.0,246.58,0.0,0.0,6193.0,-6173.0,Normal,Low,Continue normal inventory monitoring.
P00130,Accessories Product 0130,Accessories,Subcategory 10,179,10,34900.0,1,179.18,625331.51,120,0,0.0,7025,25,25.04,0.0,0.0,0.0,15.0,1245.0,317670.79,488798.53,-28943.52,2025-09-05,2026-08-31,3.41,0.51,2.93,1.2,3490.0,306.99,0.0,0.0,5974.0,-5964.0,Critical Product,Critical,"Create urgent purchase order, increase safety stock and reduce supplier lead time."
P00131,IT Equipment Product 0131,IT Equipment,Subcategory 11,180,244,878400.0,1,171.01,615649.32,120,9,7.5,7050,25,24.48,0.0,0.0,0.0,15.0,250.0,65797.86,101233.37,-18963.0,2025-09-01,2026-08-27,0.68,0.11,356.24,6.0,3600.0,61.64,182.36,656482.19,6995.0,-6751.0,Excess Inventory,Medium,Reduce reorder quantity and transfer or promote excess stock.
P00132,Electronics Product 0132,Electronics,Subcategory 12,181,59,218890.0,1,162.85,604170.96,120,27,22.5,6944,24,24.5,0.0,0.0,0.0,15.0,500.0,135616.96,208585.35,-20915.7,2025-09-02,2026-08-28,1.37,0.22,43.07,3.0,3710.0,123.29,0.0,0.0,6640.0,-6581.0,Stockout Risk,High,Review reorder point and maintain safety stock.
P00133,Furniture Product 0133,Furniture,Subcategory 13,182,56,213920.0,1,154.68,590896.44,120,38,31.67,6968,24,24.33,0.0,0.0,0.0,15.0,747.0,208625.46,320764.39,-24667.64,2025-09-03,2026-08-29,2.05,0.35,27.36,2.01,3820.0,184.19,0.0,0.0,6418.0,-6362.0,Stockout Risk,High,Review reorder point and maintain safety stock.
P00134,Office Supplies Product 0134,Office Supplies,Subcategory 14,183,53,208290.0,1,146.3,574964.38,120,40,33.33,6992,24,24.96,0.0,0.0,0.0,15.0,1000.0,287316.4,441759.28,-30153.93,2025-09-04,2026-08-30,2.74,0.5,19.35,1.5,3930.0,246.58,0.0,0.0,6190.0,-6137.0,Stockout Risk,High,Review reorder point and maintain safety stock.
P00135,Home Appliances Product 0135,Home Appliances,Subcategory 15,184,41,165640.0,1,138.01,557575.34,120,40,33.33,7150,25,24.4,0.0,0.0,0.0,15.0,1250.0,369199.24,567646.23,-32530.55,2025-09-05,2026-08-31,3.42,0.66,11.97,1.2,4040.0,308.22,0.0,0.0,6099.0,-6058.0,Stockout Risk,High,Review reorder point and maintain safety stock.
P00136,Accessories Product 0136,Accessories,Subcategory 16,185,39,161850.0,1,129.73,538363.01,120,40,33.33,7040,24,25.21,0.0,0.0,0.0,15.0,248.0,74976.15,115686.18,-19683.81,2025-09-01,2026-08-27,0.68,0.14,57.4,6.05,4150.0,61.15,0.0,0.0,6992.0,-6953.0,Stockout Risk,High,Review reorder point and maintain safety stock.
P00137,IT Equipment Product 0137,IT Equipment,Subcategory 17,186,36,153360.0,1,121.56,517852.6,120,40,33.33,6978,23,23.04,0.0,0.0,0.0,15.0,500.0,155164.1,239418.9,-25155.92,2025-09-02,2026-08-28,1.37,0.3,26.28,3.0,4260.0,123.29,0.0,0.0,6679.0,-6643.0,Stockout Risk,High,Review reorder point and maintain safety stock.
P00138,Electronics Product 0138,Electronics,Subcategory 18,187,33,144210.0,1,113.4,495546.03,120,40,33.33,7088,24,24.5,0.0,0.0,0.0,15.0,750.0,239612.9,368400.95,-28561.85,2025-09-03,2026-08-29,2.05,0.48,16.06,2.0,4370.0,184.93,0.0,0.0,6540.0,-6507.0,Stockout Risk,High,Review reorder point and maintain safety stock.
P00139,Furniture Product 0139,Furniture,Subcategory 19,188,-32,-143360.0,1,105.23,471443.29,120,40,33.33,7112,24,24.33,0.0,0.0,0.0,15.0,996.0,326225.6,501470.74,-31969.16,2025-09-04,2026-08-30,2.73,0.69,-11.73,1.51,0.0,245.59,0.0,0.0,6319.0,-6351.0,Inventory Data Issue,Critical,Investigate negative stock and correct inventory movement or reconciliation records.
P00140,Office Supplies Product 0140,Office Supplies,Subcategory 20,189,-44,-201960.0,1,97.07,445544.38,120,40,33.33,7136,24,24.96,0.0,0.0,0.0,15.0,1250.0,419461.04,644545.65,-35904.45,2025-09-05,2026-08-31,3.42,0.94,-12.85,1.2,0.0,308.22,0.0,0.0,6090.0,-6134.0,Inventory Data Issue,Critical,Investigate negative stock and correct inventory movement or reconciliation records.
P00141,Home Appliances Product 0141,Home Appliances,Subcategory 21,190,192,902400.0,1,318.95,1499042.47,120,40,33.33,7300,25,24.4,0.0,0.0,0.0,15.0,250.0,85904.06,131999.74,-22069.04,2025-09-01,2026-08-27,0.68,0.06,280.32,6.0,4700.0,61.64,130.36,612673.97,7255.0,-7063.0,Excess Inventory,Medium,Reduce reorder quantity and transfer or promote excess stock.
P00142,Accessories Product 0142,Accessories,Subcategory 22,191,189,909090.0,1,310.78,1494855.75,120,40,33.33,7325,25,25.04,0.0,0.0,0.0,15.0,498.0,175128.62,269112.45,-26655.91,2025-09-02,2026-08-28,1.36,0.12,138.52,3.01,4810.0,122.79,66.21,318448.36,7033.0,-6844.0,Excess Inventory,Medium,Reduce reorder quantity and transfer or promote excess stock.
P00143,IT Equipment Product 0143,IT Equipment,Subcategory 23,192,186,915120.0,1,302.49,1488266.3,120,40,33.33,7350,25,24.48,0.0,0.0,0.0,15.0,750.0,269770.98,414547.45,-31592.03,2025-09-03,2026-08-29,2.05,0.18,90.52,2.0,4920.0,184.93,1.07,5256.99,6807.0,-6621.0,Excess Inventory,Medium,Reduce reorder quantity and transfer or promote excess stock.
P00144,Electronics Product 0144,Electronics,Subcategory 0,193,183,920490.0,1,294.21,1479853.56,120,40,33.33,7375,25,25.12,0.0,0.0,0.0,15.0,1000.0,367736.28,565099.9,-34893.22,2025-09-04,2026-08-30,2.74,0.25,66.8,1.5,5030.0,246.58,0.0,0.0,6583.0,-6400.0,Stockout Risk,High,Review reorder point and maintain safety stock.
P00145,Furniture Product 0145,Furniture,Subcategory 1,194,171,878940.0,1,285.92,1469617.53,120,40,33.33,7400,25,24.32,0.0,0.0,0.0,15.0,1245.0,467857.38,718919.79,-40555.93,2025-09-05,2026-08-31,3.41,0.32,50.13,1.2,5140.0,306.99,0.0,0.0,6364.0,-6193.0,Stockout Risk,High,Review reorder point and maintain safety stock.
P00146,Office Supplies Product 0146,Office Supplies,Subcategory 2,195,407,2136750.0,1,277.75,1458205.48,120,40,33.33,7330,24,23.62,0.0,0.0,0.0,15.0,250.0,95955.94,147417.5,-23408.19,2025-09-01,2026-08-27,0.68,0.07,594.22,6.0,5250.0,61.64,345.36,1813119.86,7290.0,-6883.0,Dead Stock,High,"Stop further purchasing and use clearance, bundle or supplier-return strategy."
P00147,Home Appliances Product 0147,Home Appliances,Subcategory 3,196,404,2165440.0,1,269.59,1444997.26,120,40,33.33,7354,24,23.58,0.0,0.0,0.0,15.0,500.0,195930.64,300934.37,-29860.72,2025-09-02,2026-08-28,1.37,0.14,294.92,3.0,5360.0,123.29,280.71,1504618.08,7065.0,-6661.0,Excess Inventory,Medium,Reduce reorder quantity and transfer or promote excess stock.
P00148,Accessories Product 0148,Accessories,Subcategory 4,197,-74,-404780.0,1,261.33,1429468.36,120,40,33.33,7378,24,25.04,0.0,0.0,0.0,14.0,708.0,283253.08,434821.21,-33975.89,2025-09-03,2026-08-29,1.94,0.2,-38.15,1.98,0.0,174.58,0.0,0.0,6881.0,-6955.0,Inventory Data Issue,Critical,Investigate negative stock and correct inventory movement or reconciliation records.
P00149,IT Equipment Product 0149,IT Equipment,Subcategory 5,198,398,2220840.0,1,253.16,1412657.26,120,40,33.33,7500,25,24.48,0.0,0.0,0.0,15.0,1000.0,407946.22,626610.94,-38273.68,2025-09-04,2026-08-30,2.74,0.29,145.27,1.5,5580.0,246.58,151.42,844949.59,6713.0,-6315.0,Excess Inventory,Medium,Reduce reorder quantity and transfer or promote excess stock.
P00150,Electronics Product 0150,Electronics,Subcategory 6,199,-96,-546240.0,1,245.0,1394050.0,120,40,33.33,7426,24,25.29,0.0,0.0,0.0,15.0,1250.0,518128.57,798730.44,-40832.6,2025-09-05,2026-08-31,3.42,0.37,-28.03,1.2,0.0,308.22,0.0,0.0,6390.0,-6486.0,Inventory Data Issue,Critical,Investigate negative stock and correct inventory movement or reconciliation records.
P00151,Furniture Product 0151,Furniture,Subcategory 7,200,147,852600.0,1,236.84,1373646.58,120,40,33.33,6050,23,23.74,0.0,0.0,0.0,15.0,249.0,105207.9,162195.57,-25467.25,2025-09-01,2026-08-27,0.68,0.08,215.48,6.02,5800.0,61.4,85.6,496495.89,6016.0,-5869.0,Excess Inventory,Medium,Reduce reorder quantity and transfer or promote excess stock.
P00152,Office Supplies Product 0152,Office Supplies,Subcategory 8,201,-101,-596910.0,1,228.55,1350718.36,120,40,33.33,6124,24,25.04,0.0,0.0,0.0,15.0,500.0,216036.84,331868.77,-30951.47,2025-09-02,2026-08-28,1.37,0.16,-73.73,3.0,0.0,123.29,0.0,0.0,5840.0,-5941.0,Inventory Data Issue,Critical,Investigate negative stock and correct inventory movement or reconciliation records.
P00153,Home Appliances Product 0153,Home Appliances,Subcategory 9,202,-104,-626080.0,1,220.26,1325966.85,120,40,33.33,6148,24,24.42,0.0,0.0,0.0,15.0,750.0,330087.12,506941.79,-36196.34,2025-09-03,2026-08-29,2.05,0.25,-50.61,2.0,0.0,184.93,0.0,0.0,5615.0,-5719.0,Inventory Data Issue,Critical,Investigate negative stock and correct inventory movement or reconciliation records.
P00154,Accessories Product 0154,Accessories,Subcategory 10,203,-107,-655910.0,1,211.97,1299392.05,120,40,33.33,6172,24,25.04,0.0,0.0,0.0,15.0,1000.0,448156.18,688102.02,-44504.3,2025-09-04,2026-08-30,2.74,0.34,-39.06,1.5,0.0,246.58,0.0,0.0,5390.0,-5497.0,Inventory Data Issue,Critical,Investigate negative stock and correct inventory movement or reconciliation records.
P00155,IT Equipment Product 0155,IT Equipment,Subcategory 11,204,119,742560.0,1,203.71,1271164.93,120,40,33.33,6196,24,23.0,0.0,0.0,0.0,15.0,1250.0,570248.94,875598.45,-47933.41,2025-09-05,2026-08-31,3.42,0.45,34.75,1.2,6240.0,308.22,0.0,0.0,5165.0,-5046.0,Stockout Risk,High,Review reorder point and maintain safety stock.
P00156,Electronics Product 0156,Electronics,Subcategory 12,205,362,2298700.0,1,195.55,1241729.45,120,40,33.33,6325,25,24.44,0.0,0.0,0.0,15.0,250.0,116059.66,178215.15,-25730.42,2025-09-01,2026-08-27,0.68,0.09,528.52,6.0,6350.0,61.64,300.36,1907261.64,6295.0,-5933.0,Excess Inventory,Medium,Reduce reorder quantity and transfer or promote excess stock.
P00157,Furniture Product 0157,Furniture,Subcategory 13,206,359,2319140.0,1,187.38,1210497.81,120,40,33.33,6350,25,24.32,0.0,0.0,0.0,15.0,500.0,236140.58,362619.24,-34143.28,2025-09-02,2026-08-28,1.37,0.2,262.07,3.0,6460.0,123.29,235.71,1522701.64,6071.0,-5712.0,Excess Inventory,Medium,Reduce reorder quantity and transfer or promote excess stock.
P00158,Office Supplies Product 0158,Office Supplies,Subcategory 14,207,356,2338920.0,1,179.22,1177470.0,120,40,33.33,6375,25,24.96,0.0,0.0,0.0,15.0,750.0,360242.72,553215.93,-40538.86,2025-09-03,2026-08-29,2.05,0.31,173.25,2.0,6570.0,184.93,171.07,1123920.0,5847.0,-5491.0,Excess Inventory,Medium,Reduce reorder quantity and transfer or promote excess stock.
P00159,Home Appliances Product 0159,Home Appliances,Subcategory 15,208,337,2251160.0,1,171.05,1142646.03,120,40,33.33,6400,25,24.4,0.0,0.0,0.0,15.0,1000.0,488366.12,750006.04,-44801.69,2025-09-04,2026-08-30,2.74,0.43,123.01,1.5,6680.0,246.58,90.42,604036.71,5623.0,-5286.0,Excess Inventory,Medium,Reduce reorder quantity and transfer or promote excess stock.
P00160,Accessories Product 0160,Accessories,Subcategory 16,209,334,2267860.0,1,162.89,1106025.89,120,40,33.33,6366,24,24.42,0.0,0.0,0.0,15.0,1250.0,620510.74,952716.43,-52488.58,2025-09-05,2026-08-31,3.42,0.56,97.53,1.2,6790.0,308.22,25.78,175051.78,5340.0,-5006.0,Excess Inventory,Medium,Reduce reorder quantity and transfer or promote excess stock.
P00161,IT Equipment Product 0161,IT Equipment,Subcategory 17,210,277,1911300.0,1,384.74,2654704.11,120,0,0.0,6450,25,24.48,0.0,0.0,0.0,15.0,250.0,126111.52,193583.65,-22308.34,2025-09-01,2026-08-27,0.68,0.05,404.42,6.0,6900.0,61.64,215.36,1485957.53,6425.0,-6148.0,Excess Inventory,Medium,Reduce reorder quantity and transfer or promote excess stock.
P00162,Electronics Product 0162,Electronics,Subcategory 18,211,274,1920740.0,1,376.36,2638256.71,120,0,0.0,6414,24,25.12,0.0,0.0,0.0,15.0,500.0,256246.78,393359.54,-25848.22,2025-09-02,2026-08-28,1.37,0.1,200.02,3.0,7010.0,123.29,150.71,1056493.42,6140.0,-5866.0,Excess Inventory,Medium,Reduce reorder quantity and transfer or promote excess stock.
P00163,Furniture Product 0163,Furniture,Subcategory 19,212,80,569600.0,1,368.07,2620647.67,120,0,0.0,6500,25,24.32,0.0,0.0,0.0,15.0,750.0,389005.4,599328.5,-29722.89,2025-09-03,2026-08-29,2.05,0.15,38.93,2.0,7120.0,184.93,0.0,0.0,5977.0,-5897.0,Normal,Low,Continue normal inventory monitoring.
P00164,Office Supplies Product 0164,Office Supplies,Subcategory 20,213,77,556710.0,1,359.9,2602106.71,120,0,0.0,6525,25,24.28,0.0,0.0,0.0,15.0,1000.0,526686.78,811492.39,-37981.0,2025-09-04,2026-08-30,2.74,0.2,28.1,1.5,7230.0,246.58,0.0,0.0,5753.0,-5676.0,Normal,Low,Continue normal inventory monitoring.
P00165,Home Appliances Product 0165,Home Appliances,Subcategory 21,214,74,543160.0,1,351.74,2581769.59,120,0,0.0,6486,24,23.67,0.0,0.0,0.0,15.0,1250.0,668375.02,1029853.1,-43911.94,2025-09-05,2026-08-31,3.42,0.26,21.61,1.2,7340.0,308.22,0.0,0.0,5465.0,-5391.0,Normal,Low,Continue normal inventory monitoring.
P00166,Accessories Product 0166,Accessories,Subcategory 22,215,72,536400.0,1,343.58,2559636.3,120,0,0.0,6510,24,25.12,0.0,0.0,0.0,14.0,237.0,129135.87,198207.42,-21169.76,2025-09-01,2026-08-27,0.65,0.05,110.89,5.91,7450.0,58.44,13.56,101034.25,6502.0,-6430.0,Excess Inventory,Medium,Reduce reorder quantity and transfer or promote excess stock.
P00167,IT Equipment Product 0167,IT Equipment,Subcategory 23,216,307,2320920.0,1,335.41,2535706.85,120,0,0.0,6534,24,24.5,0.0,0.0,0.0,15.0,500.0,276350.52,424211.78,-28228.58,2025-09-02,2026-08-28,1.37,0.11,224.11,3.0,7560.0,123.29,183.71,1388865.21,6265.0,-5958.0,Excess Inventory,Medium,Reduce reorder quantity and transfer or promote excess stock.
P00168,Electronics Product 0168,Electronics,Subcategory 0,217,295,2262650.0,1,327.25,2509981.23,120,0,0.0,6558,24,25.12,0.0,0.0,0.0,15.0,750.0,420558.88,645425.82,-37538.45,2025-09-03,2026-08-29,2.05,0.17,143.57,2.0,7670.0,184.93,110.07,844225.34,6040.0,-5745.0,Excess Inventory,Medium,Reduce reorder quantity and transfer or promote excess stock.
P00169,Furniture Product 0169,Furniture,Subcategory 1,218,47,365660.0,1,318.99,2481713.42,120,0,0.0,6582,24,23.67,0.0,0.0,0.0,15.0,1000.0,568786.0,872958.42,-42504.97,2025-09-04,2026-08-30,2.74,0.23,17.16,1.5,7780.0,246.58,0.0,0.0,5815.0,-5768.0,Normal,Low,Continue normal inventory monitoring.
P00170,Office Supplies Product 0170,Office Supplies,Subcategory 2,219,289,2280210.0,1,310.7,2451412.19,120,0,0.0,6187,23,24.48,0.0,0.0,0.0,15.0,1250.0,721034.36,1106689.36,-45753.74,2025-09-05,2026-08-31,3.42,0.29,84.39,1.2,7890.0,308.22,0.0,0.0,5171.0,-4882.0,Normal,Low,Continue normal inventory monitoring.
P00171,Home Appliances Product 0171,Home Appliances,Subcategory 3,220,225,1800000.0,1,302.41,2419287.67,120,0,0.0,6700,25,24.4,0.0,0.0,0.0,15.0,250.0,146217.74,224436.4,-23800.27,2025-09-01,2026-08-27,0.68,0.06,328.5,6.0,8000.0,61.64,163.36,1306849.32,6685.0,-6460.0,Excess Inventory,Medium,Reduce reorder quantity and transfer or promote excess stock.
P00172,Accessories Product 0172,Accessories,Subcategory 4,221,222,1800420.0,1,294.12,2385339.86,120,0,0.0,6725,25,25.04,0.0,0.0,0.0,15.0,500.0,296456.72,455072.0,-33421.36,2025-09-02,2026-08-28,1.37,0.12,162.06,3.0,8110.0,123.29,98.71,800556.99,6461.0,-6239.0,Excess Inventory,Medium,Reduce reorder quantity and transfer or promote excess stock.
P00173,IT Equipment Product 0173,IT Equipment,Subcategory 5,222,210,1726200.0,1,285.96,2350582.19,120,0,0.0,6750,25,23.68,0.0,0.0,0.0,15.0,750.0,450716.94,691907.27,-38521.98,2025-09-03,2026-08-29,2.05,0.19,102.2,2.0,8220.0,184.93,25.07,206063.01,6237.0,-6027.0,Excess Inventory,Medium,Reduce reorder quantity and transfer or promote excess stock.
P00174,Electronics Product 0174,Electronics,Subcategory 6,223,207,1724310.0,1,277.79,2314028.36,120,0,0.0,6775,25,24.44,0.0,0.0,0.0,15.0,1000.0,608995.94,934674.28,-46784.81,2025-09-04,2026-08-30,2.74,0.26,75.56,1.5,8330.0,246.58,0.0,0.0,6013.0,-5806.0,Normal,Low,Continue normal inventory monitoring.
P00175,Furniture Product 0175,Furniture,Subcategory 7,224,204,1721760.0,1,269.63,2275678.36,120,0,0.0,6800,25,24.32,0.0,0.0,0.0,15.0,1250.0,771298.64,1183500.57,-55320.4,2025-09-05,2026-08-31,3.42,0.34,59.57,1.2,8440.0,308.22,0.0,0.0,5789.0,-5585.0,Normal,Low,Continue normal inventory monitoring.
P00176,Office Supplies Product 0176,Office Supplies,Subcategory 8,225,20,171000.0,1,261.37,2234712.33,120,0,0.0,6825,25,24.96,0.0,0.0,0.0,15.0,250.0,156269.6,239800.33,-28747.85,2025-09-01,2026-08-27,0.68,0.07,29.2,6.0,8550.0,61.64,0.0,0.0,6815.0,-6795.0,Normal,Low,Continue normal inventory monitoring.
P00177,Home Appliances Product 0177,Home Appliances,Subcategory 9,226,17,147220.0,1,253.21,2192759.45,120,0,0.0,6850,25,24.4,0.0,0.0,0.0,15.0,500.0,315428.98,485799.25,-32935.65,2025-09-02,2026-08-28,1.37,0.14,12.41,3.0,8660.0,123.29,0.0,0.0,6591.0,-6574.0,Normal,Low,Continue normal inventory monitoring.
P00178,Accessories Product 0178,Accessories,Subcategory 10,227,5,43850.0,1,245.04,2149010.41,120,0,0.0,6875,25,25.04,0.0,0.0,0.0,15.0,750.0,479153.77,738000.79,-39800.78,2025-09-03,2026-08-29,2.05,0.22,2.43,2.0,8770.0,184.93,0.0,0.0,6367.0,-6362.0,Normal,Low,Continue normal inventory monitoring.
P00179,IT Equipment Product 0179,IT Equipment,Subcategory 11,228,2,17760.0,1,236.75,2102370.41,120,5,4.17,6472,24,23.83,0.0,0.0,0.0,15.0,1000.0,646885.44,996405.04,-46806.71,2025-09-04,2026-08-30,2.74,0.31,0.73,1.5,8880.0,246.58,0.0,0.0,5715.0,-5713.0,Normal,Low,Continue normal inventory monitoring.
P00180,Electronics Product 0180,Electronics,Subcategory 12,229,-1,-8990.0,1,228.47,2053907.12,120,22,18.33,6925,25,25.12,0.0,0.0,0.0,15.0,1250.0,821560.44,1261014.95,-60009.26,2025-09-05,2026-08-31,3.42,0.4,-0.29,1.2,0.0,308.22,0.0,0.0,5919.0,-5920.0,Inventory Data Issue,Critical,Investigate negative stock and correct inventory movement or reconciliation records.
P00181,Furniture Product 0181,Furniture,Subcategory 13,230,235,2138500.0,1,450.32,4097867.12,120,0,0.0,6950,25,24.32,0.0,0.0,0.0,14.0,249.0,165660.95,254199.26,-28710.95,2025-09-01,2026-08-27,0.68,0.04,344.48,5.62,9100.0,61.4,173.6,1579784.93,6945.0,-6710.0,Excess Inventory,Medium,Reduce reorder quantity and transfer or promote excess stock.
P00182,Office Supplies Product 0182,Office Supplies,Subcategory 14,231,168,1547280.0,1,442.15,4072207.81,120,0,0.0,6975,25,24.28,0.0,0.0,0.0,15.0,496.0,333992.58,512340.75,-38564.25,2025-09-02,2026-08-28,1.36,0.08,123.63,3.02,9210.0,122.3,45.7,420884.38,6725.0,-6557.0,Excess Inventory,Medium,Reduce reorder quantity and transfer or promote excess stock.
P00183,Home Appliances Product 0183,Home Appliances,Subcategory 15,232,158,1472560.0,1,433.89,4043858.63,120,0,0.0,6568,24,23.58,0.0,0.0,0.0,15.0,750.0,511030.62,784078.7,-44528.98,2025-09-03,2026-08-29,2.05,0.13,76.89,2.0,9320.0,184.93,0.0,0.0,6065.0,-5907.0,Normal,Low,Continue normal inventory monitoring.
P00184,Accessories Product 0184,Accessories,Subcategory 16,233,155,1461650.0,1,425.73,4014596.44,120,0,0.0,6209,23,24.39,0.0,0.0,0.0,15.0,1000.0,689415.82,1057845.66,-51524.39,2025-09-04,2026-08-30,2.74,0.17,56.58,1.5,9430.0,246.58,0.0,0.0,5457.0,-5302.0,Normal,Low,Continue normal inventory monitoring.
P00185,IT Equipment Product 0185,IT Equipment,Subcategory 17,234,152,1450080.0,1,417.56,3983538.08,120,0,0.0,7050,25,24.48,0.0,0.0,0.0,15.0,1250.0,871822.26,1337818.38,-58648.32,2025-09-05,2026-08-31,3.42,0.22,44.38,1.2,9540.0,308.22,0.0,0.0,6049.0,-5897.0,Normal,Low,Continue normal inventory monitoring.
P00186,Electronics Product 0186,Electronics,Subcategory 18,235,150,1447500.0,1,409.4,3950683.56,120,0,0.0,6640,24,25.29,0.0,0.0,0.0,15.0,250.0,176375.82,270665.98,-31891.81,2025-09-01,2026-08-27,0.68,0.04,219.0,6.0,9650.0,61.64,88.36,852636.99,6640.0,-6490.0,Excess Inventory,Medium,Reduce reorder quantity and transfer or promote excess stock.
P00187,Furniture Product 0187,Furniture,Subcategory 19,236,383,3738080.0,1,401.23,3916032.88,120,0,0.0,6664,24,24.42,0.0,0.0,0.0,15.0,500.0,356770.4,547539.66,-41192.42,2025-09-02,2026-08-28,1.37,0.09,279.59,3.0,9760.0,123.29,259.71,2534792.33,6415.0,-6032.0,Excess Inventory,Medium,Reduce reorder quantity and transfer or promote excess stock.
P00188,Office Supplies Product 0188,Office Supplies,Subcategory 20,237,373,3681510.0,1,392.95,3878369.18,120,0,0.0,6688,24,24.33,0.0,0.0,0.0,15.0,750.0,541188.7,830381.43,-47398.69,2025-09-03,2026-08-29,2.05,0.14,181.53,2.0,9870.0,184.93,188.07,1856236.03,6190.0,-5817.0,Excess Inventory,Medium,Reduce reorder quantity and transfer or promote excess stock.
P00189,Home Appliances Product 0189,Home Appliances,Subcategory 21,238,132,1317360.0,1,384.66,3838882.19,120,0,0.0,6712,24,24.42,0.0,0.0,0.0,15.0,992.0,723830.48,1110402.31,-52275.33,2025-09-04,2026-08-30,2.72,0.19,48.57,1.51,9980.0,244.6,0.0,0.0,5973.0,-5841.0,Normal,Low,Continue normal inventory monitoring.
P00190,Accessories Product 0190,Accessories,Subcategory 22,239,367,3703030.0,1,376.27,3796604.38,120,0,0.0,6736,24,25.04,0.0,0.0,0.0,15.0,1250.0,922084.06,1414597.48,-63667.63,2025-09-05,2026-08-31,3.42,0.24,107.16,1.2,10090.0,308.22,58.78,593098.49,5740.0,-5373.0,Excess Inventory,Medium,Reduce reorder quantity and transfer or promote excess stock.
P00191,IT Equipment Product 0191,IT Equipment,Subcategory 23,240,190,1938000.0,1,368.11,3754717.81,120,0,0.0,7200,25,23.68,0.0,0.0,0.0,15.0,250.0,185761.34,286022.85,-32158.35,2025-09-01,2026-08-27,0.68,0.05,277.4,6.0,10200.0,61.64,128.36,1309232.88,7205.0,-7015.0,Excess Inventory,Medium,Reduce reorder quantity and transfer or promote excess stock.
P00192,Electronics Product 0192,Electronics,Subcategory 0,241,178,1835180.0,1,359.95,3711035.07,120,0,0.0,7225,25,24.44,0.0,0.0,0.0,15.0,500.0,375529.55,578254.56,-38927.26,2025-09-02,2026-08-28,1.37,0.1,129.94,3.0,10310.0,123.29,54.71,564084.11,6981.0,-6803.0,Excess Inventory,Medium,Reduce reorder quantity and transfer or promote excess stock.
P00193,Furniture Product 0193,Furniture,Subcategory 1,242,168,1750560.0,1,351.78,3665556.16,120,0,0.0,6858,24,23.67,0.0,0.0,0.0,15.0,750.0,571344.28,876695.23,-50258.61,2025-09-03,2026-08-29,2.05,0.16,81.76,2.0,10420.0,184.93,0.0,0.0,6365.0,-6197.0,Normal,Low,Continue normal inventory monitoring.
P00194,Office Supplies Product 0194,Office Supplies,Subcategory 2,243,165,1737450.0,1,343.62,3618281.1,120,0,0.0,7275,25,24.96,0.0,0.0,0.0,15.0,1000.0,769835.7,1181347.81,-56768.03,2025-09-04,2026-08-30,2.74,0.21,60.22,1.5,10530.0,246.58,0.0,0.0,6533.0,-6368.0,Normal,Low,Continue normal inventory monitoring.
P00195,Home Appliances Product 0195,Home Appliances,Subcategory 3,244,162,1723680.0,1,335.45,3569209.86,120,0,0.0,7300,25,24.4,0.0,0.0,0.0,15.0,1250.0,972345.86,1491782.14,-71023.7,2025-09-05,2026-08-31,3.42,0.27,47.3,1.2,10640.0,308.22,0.0,0.0,6309.0,-6147.0,Normal,Low,Continue normal inventory monitoring.
P00196,Accessories Product 0196,Accessories,Subcategory 4,245,105,1128750.0,1,327.29,3518342.47,120,0,0.0,7325,25,25.04,0.0,0.0,0.0,15.0,247.0,194138.64,297720.81,-35875.93,2025-09-01,2026-08-27,0.68,0.06,155.16,6.07,10750.0,60.9,44.1,474030.82,7338.0,-7233.0,Excess Inventory,Medium,Reduce reorder quantity and transfer or promote excess stock.
P00197,IT Equipment Product 0197,IT Equipment,Subcategory 5,246,331,3594660.0,1,318.9,3463298.63,120,0,0.0,6954,24,24.5,0.0,0.0,0.0,15.0,500.0,396980.34,608958.94,-45259.02,2025-09-02,2026-08-28,1.37,0.11,241.63,3.0,10860.0,123.29,207.71,2255755.89,6715.0,-6384.0,Excess Inventory,Medium,Reduce reorder quantity and transfer or promote excess stock.
P00198,Electronics Product 0198,Electronics,Subcategory 6,247,83,910510.0,1,310.62,3407462.33,120,0,0.0,6631,23,24.48,0.0,0.0,0.0,15.0,750.0,601502.36,922754.45,-55817.63,2025-09-03,2026-08-29,2.05,0.18,40.39,2.0,10970.0,184.93,0.0,0.0,6143.0,-6060.0,Normal,Low,Continue normal inventory monitoring.
P00199,Furniture Product 0199,Furniture,Subcategory 7,248,325,3601000.0,1,302.33,3349802.74,120,0,0.0,7400,25,24.32,0.0,0.0,0.0,15.0,1000.0,810045.64,1242763.03,-62706.61,2025-09-04,2026-08-30,2.74,0.24,118.62,1.5,11080.0,246.58,78.42,868945.21,6663.0,-6338.0,Excess Inventory,Medium,Reduce reorder quantity and transfer or promote excess stock.
P00200,Office Supplies Product 0200,Office Supplies,Subcategory 8,249,322,3603180.0,1,294.16,3291699.45,120,0,0.0,7026,24,24.42,0.0,0.0,0.0,15.0,1250.0,1022610.14,1568985.51,-72281.32,2025-09-05,2026-08-31,3.42,0.31,94.02,1.2,11190.0,308.22,13.78,154207.4,6040.0,-5718.0,Excess Inventory,Medium,Reduce reorder quantity and transfer or promote excess stock.
P00201,Home Appliances Product 0201,Home Appliances,Subcategory 9,250,249,74700.0,1,351.75,105526.03,120,0,0.0,6150,24,23.67,0.0,0.0,0.0,15.0,250.0,5484.18,8802.88,-11429.44,2025-09-01,2026-08-27,0.68,0.05,363.54,6.0,300.0,61.64,187.36,56206.85,6165.0,-5916.0,Excess Inventory,Medium,Reduce reorder quantity and transfer or promote excess stock.
P00202,Accessories Product 0202,Accessories,Subcategory 10,251,308,126280.0,1,343.59,140871.51,120,0,0.0,6174,24,24.42,0.0,0.0,0.0,15.0,494.0,14808.58,23478.33,-11625.92,2025-09-02,2026-08-28,1.35,0.11,227.57,3.04,410.0,121.81,186.19,76338.63,5946.0,-5638.0,Excess Inventory,Medium,Reduce reorder quantity and transfer or promote excess stock.
P00203,IT Equipment Product 0203,IT Equipment,Subcategory 11,252,243,126360.0,1,335.42,174420.82,120,0,0.0,6198,24,24.5,0.0,0.0,0.0,15.0,741.0,28171.65,44333.43,-12524.06,2025-09-03,2026-08-29,2.03,0.16,119.7,2.02,520.0,182.71,60.29,31349.59,5724.0,-5481.0,Excess Inventory,Medium,Reduce reorder quantity and transfer or promote excess stock.
P00204,Electronics Product 0204,Electronics,Subcategory 12,253,295,185850.0,1,327.16,206113.56,120,0,0.0,6222,24,25.12,0.0,0.0,0.0,15.0,996.0,45876.32,71874.3,-13502.62,2025-09-04,2026-08-30,2.73,0.22,108.11,1.51,630.0,245.59,49.41,31128.9,5494.0,-5199.0,Excess Inventory,Medium,Reduce reorder quantity and transfer or promote excess stock.
P00205,Furniture Product 0205,Furniture,Subcategory 13,254,237,175380.0,1,319.0,236060.0,120,0,0.0,6246,24,24.5,0.0,0.0,0.0,15.0,1250.0,67384.21,105608.86,-14253.89,2025-09-05,2026-08-31,3.42,0.29,69.2,1.2,740.0,308.22,0.0,0.0,5265.0,-5028.0,Normal,Low,Continue normal inventory monitoring.
P00206,Office Supplies Product 0206,Office Supplies,Subcategory 14,255,44,37400.0,1,310.71,264105.48,120,0,0.0,6675,25,24.96,0.0,0.0,0.0,15.0,250.0,15480.53,24204.22,-13495.29,2025-09-01,2026-08-27,0.68,0.06,64.24,6.0,850.0,61.64,0.0,0.0,6695.0,-6651.0,Normal,Low,Continue normal inventory monitoring.
P00207,Home Appliances Product 0207,Home Appliances,Subcategory 15,256,41,39360.0,1,302.42,290327.67,120,0,0.0,6344,24,23.75,0.0,0.0,0.0,15.0,494.0,34675.23,53912.69,-14633.99,2025-09-02,2026-08-28,1.35,0.12,30.29,3.04,960.0,121.81,0.0,0.0,6121.0,-6080.0,Normal,Low,Continue normal inventory monitoring.
P00208,Accessories Product 0208,Accessories,Subcategory 16,257,38,40660.0,1,294.14,314726.58,120,0,0.0,6725,25,25.04,0.0,0.0,0.0,15.0,750.0,58669.4,91109.85,-15265.01,2025-09-03,2026-08-29,2.05,0.19,18.49,2.0,1070.0,184.93,0.0,0.0,6247.0,-6209.0,Normal,Low,Continue normal inventory monitoring.
P00209,IT Equipment Product 0209,IT Equipment,Subcategory 17,258,35,41300.0,1,285.97,337447.67,120,0,0.0,6750,25,23.68,0.0,0.0,0.0,15.0,1000.0,86269.18,133776.43,-16976.16,2025-09-04,2026-08-30,2.74,0.26,12.78,1.5,1180.0,246.58,0.0,0.0,6023.0,-5988.0,Normal,Low,Continue normal inventory monitoring.
P00210,Electronics Product 0210,Electronics,Subcategory 18,259,32,41280.0,1,277.81,358372.6,120,0,0.0,6775,25,24.44,0.0,0.0,0.0,14.0,1235.0,116483.18,180370.79,-17805.18,2025-09-05,2026-08-31,3.38,0.33,9.46,1.13,1290.0,304.52,0.0,0.0,5813.0,-5781.0,Normal,Low,Continue normal inventory monitoring.
P00211,Furniture Product 0211,Furniture,Subcategory 19,260,259,362600.0,1,269.55,377367.12,120,0,0.0,6800,25,24.32,0.0,0.0,0.0,15.0,249.0,25486.3,39436.78,-15400.35,2025-09-01,2026-08-27,0.68,0.07,379.66,6.02,1400.0,61.4,197.6,276643.84,6826.0,-6567.0,Excess Inventory,Medium,Reduce reorder quantity and transfer or promote excess stock.
P00212,Office Supplies Product 0212,Office Supplies,Subcategory 20,261,194,292940.0,1,261.38,394689.18,120,0,0.0,6153,23,24.3,0.0,0.0,0.0,15.0,494.0,54539.45,84342.04,-17157.44,2025-09-02,2026-08-28,1.35,0.14,143.34,3.04,1510.0,121.81,72.19,109009.59,5935.0,-5741.0,Excess Inventory,Medium,Reduce reorder quantity and transfer or promote excess stock.
P00213,Home Appliances Product 0213,Home Appliances,Subcategory 21,262,191,309420.0,1,253.22,410215.07,120,0,0.0,6850,25,24.4,0.0,0.0,0.0,15.0,750.0,88827.48,137302.44,-19397.34,2025-09-03,2026-08-29,2.05,0.22,92.95,2.0,1620.0,184.93,6.07,9830.96,6377.0,-6186.0,Excess Inventory,Medium,Reduce reorder quantity and transfer or promote excess stock.
P00214,Accessories Product 0214,Accessories,Subcategory 22,263,250,432500.0,1,245.05,423944.79,120,0,0.0,6875,25,25.04,0.0,0.0,0.0,15.0,1000.0,126479.12,195408.1,-20207.03,2025-09-04,2026-08-30,2.74,0.3,91.25,1.5,1730.0,246.58,3.42,5924.66,6153.0,-5903.0,Excess Inventory,Medium,Reduce reorder quantity and transfer or promote excess stock.
P00215,IT Equipment Product 0215,IT Equipment,Subcategory 23,264,185,340400.0,1,236.77,435651.51,120,10,8.33,6536,24,24.58,0.0,0.0,0.0,15.0,1250.0,168149.54,259685.32,-22133.45,2025-09-05,2026-08-31,3.42,0.39,54.02,1.2,1840.0,308.22,0.0,0.0,5565.0,-5380.0,Normal,Low,Continue normal inventory monitoring.
P00216,Electronics Product 0216,Electronics,Subcategory 0,265,-1,-1950.0,1,228.48,445534.93,120,27,22.5,6560,24,24.5,0.0,0.0,0.0,15.0,250.0,35639.78,55006.79,-18173.85,2025-09-01,2026-08-27,0.68,0.08,-1.46,6.0,0.0,61.64,0.0,0.0,6590.0,-6591.0,Inventory Data Issue,Critical,Investigate negative stock and correct inventory movement or reconciliation records.
P00217,Furniture Product 0217,Furniture,Subcategory 1,266,-11,-22660.0,1,220.19,453595.07,120,38,31.67,6584,24,24.33,0.0,0.0,0.0,15.0,488.0,73508.92,113391.25,-19403.67,2025-09-02,2026-08-28,1.34,0.16,-8.23,3.07,0.0,120.33,0.0,0.0,6377.0,-6388.0,Inventory Data Issue,Critical,Investigate negative stock and correct inventory movement or reconciliation records.
P00218,Office Supplies Product 0218,Office Supplies,Subcategory 2,267,-14,-30380.0,1,211.93,459891.37,120,40,33.33,6608,24,24.25,0.0,0.0,0.0,15.0,750.0,118560.28,183479.8,-21228.19,2025-09-03,2026-08-29,2.05,0.26,-6.81,2.0,0.0,184.93,0.0,0.0,6140.0,-6154.0,Inventory Data Issue,Critical,Investigate negative stock and correct inventory movement or reconciliation records.
P00219,Home Appliances Product 0219,Home Appliances,Subcategory 3,268,165,376200.0,1,203.77,464589.04,120,40,33.33,6632,24,23.75,0.0,0.0,0.0,15.0,996.0,165431.29,255952.86,-22686.72,2025-09-04,2026-08-30,2.73,0.36,60.47,1.51,2280.0,245.59,0.0,0.0,5919.0,-5754.0,Stockout Risk,High,Review reorder point and maintain safety stock.
P00220,Accessories Product 0220,Accessories,Subcategory 4,269,162,387180.0,1,195.6,467490.55,120,40,33.33,6656,24,25.21,0.0,0.0,0.0,15.0,1250.0,217630.67,336654.96,-26047.53,2025-09-05,2026-08-31,3.42,0.47,47.3,1.2,2390.0,308.22,0.0,0.0,5690.0,-5528.0,Stockout Risk,High,Review reorder point and maintain safety stock.
P00221,IT Equipment Product 0221,IT Equipment,Subcategory 5,270,214,535000.0,1,417.58,1043938.36,120,0,0.0,6730,24,23.83,0.0,0.0,0.0,15.0,250.0,45694.12,70416.92,-19221.17,2025-09-01,2026-08-27,0.68,0.04,312.44,6.0,2500.0,61.64,152.36,380890.41,6765.0,-6551.0,Excess Inventory,Medium,Reduce reorder quantity and transfer or promote excess stock.
P00222,Electronics Product 0222,Electronics,Subcategory 6,271,204,532440.0,1,409.41,1068562.6,120,0,0.0,7075,25,25.12,0.0,0.0,0.0,15.0,494.0,94270.32,145238.01,-22423.58,2025-09-02,2026-08-28,1.35,0.09,150.73,3.04,2610.0,121.81,82.19,214520.55,6867.0,-6663.0,Excess Inventory,Medium,Reduce reorder quantity and transfer or promote excess stock.
P00223,Furniture Product 0223,Furniture,Subcategory 7,272,201,546720.0,1,401.25,1091390.68,120,0,0.0,7100,25,24.32,0.0,0.0,0.0,15.0,750.0,149141.16,229707.86,-23999.56,2025-09-03,2026-08-29,2.05,0.14,97.82,2.0,2720.0,184.93,16.07,43706.3,6637.0,-6436.0,Excess Inventory,Medium,Reduce reorder quantity and transfer or promote excess stock.
P00224,Office Supplies Product 0224,Office Supplies,Subcategory 8,273,198,560340.0,1,392.96,1112073.7,120,0,0.0,7125,25,24.96,0.0,0.0,0.0,15.0,1000.0,206899.0,318533.24,-27358.73,2025-09-04,2026-08-30,2.74,0.19,72.27,1.5,2830.0,246.58,0.0,0.0,6413.0,-6215.0,Normal,Low,Continue normal inventory monitoring.
P00225,Home Appliances Product 0225,Home Appliances,Subcategory 9,274,195,573300.0,1,384.58,1130651.51,120,0,0.0,7150,25,24.4,0.0,0.0,0.0,15.0,1250.0,268675.62,413599.54,-30215.69,2025-09-05,2026-08-31,3.42,0.24,56.94,1.2,2940.0,308.22,0.0,0.0,6189.0,-5994.0,Normal,Low,Continue normal inventory monitoring.
P00226,Accessories Product 0226,Accessories,Subcategory 10,275,129,393450.0,1,376.29,1147677.4,120,0,0.0,6575,23,24.39,0.0,0.0,0.0,15.0,249.0,55524.61,85474.19,-21436.11,2025-09-01,2026-08-27,0.68,0.05,189.1,6.02,3050.0,61.4,67.6,206188.36,6616.0,-6487.0,Excess Inventory,Medium,Reduce reorder quantity and transfer or promote excess stock.
P00227,IT Equipment Product 0227,IT Equipment,Subcategory 11,276,119,376040.0,1,368.12,1163269.59,120,0,0.0,7200,25,23.68,0.0,0.0,0.0,15.0,496.0,114593.26,176374.19,-23790.33,2025-09-02,2026-08-28,1.36,0.1,87.57,3.02,3160.0,122.3,0.0,0.0,6995.0,-6876.0,Normal,Low,Continue normal inventory monitoring.
P00228,Electronics Product 0228,Electronics,Subcategory 12,277,361,1180470.0,1,359.96,1177065.62,120,0,0.0,7225,25,24.44,0.0,0.0,0.0,15.0,750.0,179299.22,275947.7,-27603.41,2025-09-03,2026-08-29,2.05,0.15,175.69,2.0,3270.0,184.93,176.07,575743.97,6767.0,-6406.0,Excess Inventory,Medium,Reduce reorder quantity and transfer or promote excess stock.
P00229,Furniture Product 0229,Furniture,Subcategory 13,278,113,381940.0,1,351.79,1189065.48,120,0,0.0,6922,24,24.42,0.0,0.0,0.0,15.0,1000.0,247108.94,380284.82,-30323.62,2025-09-04,2026-08-30,2.74,0.21,41.24,1.5,3380.0,246.58,0.0,0.0,6215.0,-6102.0,Normal,Low,Continue normal inventory monitoring.
P00230,Office Supplies Product 0230,Office Supplies,Subcategory 14,279,110,383900.0,1,343.63,1199269.18,120,0,0.0,6946,24,24.33,0.0,0.0,0.0,15.0,1250.0,318937.42,490660.0,-33679.41,2025-09-05,2026-08-31,3.42,0.27,32.12,1.2,3490.0,308.22,0.0,0.0,5990.0,-5880.0,Normal,Low,Continue normal inventory monitoring.
P00231,Home Appliances Product 0231,Home Appliances,Subcategory 15,280,344,1238400.0,1,335.47,1207676.71,120,0,0.0,6970,24,24.42,0.0,0.0,0.0,14.0,238.0,62662.14,96345.95,-21481.03,2025-09-01,2026-08-27,0.65,0.05,527.56,5.88,3600.0,58.68,285.32,1027134.25,7026.0,-6682.0,Excess Inventory,Medium,Reduce reorder quantity and transfer or promote excess stock.
P00232,Accessories Product 0232,Accessories,Subcategory 16,281,159,589890.0,1,327.21,1213932.33,120,0,0.0,6994,24,25.04,0.0,0.0,0.0,15.0,496.0,134055.05,206856.47,-26529.44,2025-09-02,2026-08-28,1.36,0.11,117.01,3.02,3710.0,122.3,36.7,136151.92,6794.0,-6635.0,Excess Inventory,Medium,Reduce reorder quantity and transfer or promote excess stock.
P00233,IT Equipment Product 0233,IT Equipment,Subcategory 17,282,156,595920.0,1,318.92,1218266.03,120,0,0.0,7018,24,24.67,0.0,0.0,0.0,15.0,750.0,208708.65,322106.0,-28548.95,2025-09-03,2026-08-29,2.05,0.17,75.92,2.0,3820.0,184.93,0.0,0.0,6565.0,-6409.0,Normal,Low,Continue normal inventory monitoring.
P00234,Electronics Product 0234,Electronics,Subcategory 18,283,328,1289040.0,1,310.63,1220776.44,120,0,0.0,7042,24,25.29,0.0,0.0,0.0,15.0,996.0,286175.35,440046.67,-32289.32,2025-09-04,2026-08-30,2.73,0.23,120.2,1.51,3930.0,245.59,82.41,323875.07,6344.0,-6016.0,Excess Inventory,Medium,Reduce reorder quantity and transfer or promote excess stock.
P00235,Furniture Product 0235,Furniture,Subcategory 19,284,143,577720.0,1,302.34,1221463.56,120,0,0.0,6782,23,23.74,0.0,0.0,0.0,15.0,1250.0,369199.24,567739.87,-36067.64,2025-09-05,2026-08-31,3.42,0.3,41.76,1.2,4040.0,308.22,0.0,0.0,5831.0,-5688.0,Normal,Low,Continue normal inventory monitoring.
P00236,Office Supplies Product 0236,Office Supplies,Subcategory 20,285,77,319550.0,1,294.18,1220839.04,120,0,0.0,7425,25,24.28,0.0,0.0,0.0,15.0,250.0,75849.72,116638.33,-25564.88,2025-09-01,2026-08-27,0.68,0.06,112.42,6.0,4150.0,61.64,15.36,63728.08,7475.0,-7398.0,Excess Inventory,Medium,Reduce reorder quantity and transfer or promote excess stock.
P00237,Home Appliances Product 0237,Home Appliances,Subcategory 21,286,74,315240.0,1,286.01,1218418.36,120,0,0.0,7450,25,23.6,0.0,0.0,0.0,14.0,496.0,154483.84,237454.43,-29097.16,2025-09-02,2026-08-28,1.36,0.13,54.46,2.82,4260.0,122.3,0.0,0.0,7254.0,-7180.0,Normal,Low,Continue normal inventory monitoring.
P00238,Accessories Product 0238,Accessories,Subcategory 22,287,71,310270.0,1,277.85,1214201.51,120,0,0.0,7475,25,25.04,0.0,0.0,0.0,15.0,750.0,239612.9,368249.05,-32643.93,2025-09-03,2026-08-29,2.05,0.2,34.55,2.0,4370.0,184.93,0.0,0.0,7027.0,-6956.0,Normal,Low,Continue normal inventory monitoring.
P00239,IT Equipment Product 0239,IT Equipment,Subcategory 23,288,68,304640.0,1,269.59,1207758.9,120,0,0.0,7500,25,24.48,0.0,0.0,0.0,15.0,1000.0,327526.34,503359.86,-37175.6,2025-09-04,2026-08-30,2.74,0.27,24.82,1.5,4480.0,246.58,0.0,0.0,6803.0,-6735.0,Normal,Low,Continue normal inventory monitoring.
P00240,Electronics Product 0240,Electronics,Subcategory 0,289,58,266220.0,1,261.42,1199939.18,120,0,0.0,7525,25,25.12,0.0,0.0,0.0,15.0,1250.0,419461.04,644651.99,-39774.79,2025-09-05,2026-08-31,3.42,0.35,16.94,1.2,4590.0,308.22,0.0,0.0,6579.0,-6521.0,Critical Product,Critical,"Create urgent purchase order, increase safety stock and reduce supplier lead time."
P00241,Furniture Product 0241,Furniture,Subcategory 1,290,530,2491000.0,1,483.4,2271967.12,120,0,0.0,7550,25,24.32,0.0,0.0,0.0,15.0,250.0,85904.06,132021.52,-18688.65,2025-09-01,2026-08-27,0.68,0.04,773.8,6.0,4700.0,61.64,468.36,2201273.97,7605.0,-7075.0,Dead Stock,High,"Stop further purchasing and use clearance, bundle or supplier-return strategy."
P00242,Office Supplies Product 0242,Office Supplies,Subcategory 2,291,289,1390090.0,1,475.11,2285277.12,120,0,0.0,7575,25,24.96,0.0,0.0,0.0,15.0,496.0,174430.34,268065.1,-20490.15,2025-09-02,2026-08-28,1.36,0.08,212.67,3.02,4810.0,122.3,166.7,801820.41,7385.0,-7096.0,Excess Inventory,Medium,Reduce reorder quantity and transfer or promote excess stock.
P00243,Home Appliances Product 0243,Home Appliances,Subcategory 3,292,286,1407120.0,1,466.82,2296763.84,120,0,0.0,7600,25,24.4,0.0,0.0,0.0,15.0,750.0,269770.98,414615.83,-27689.02,2025-09-03,2026-08-29,2.05,0.12,139.19,2.0,4920.0,184.93,101.07,497256.99,7157.0,-6871.0,Excess Inventory,Medium,Reduce reorder quantity and transfer or promote excess stock.
P00244,Accessories Product 0244,Accessories,Subcategory 4,293,283,1423490.0,1,458.53,2306427.26,120,0,0.0,7332,24,24.42,0.0,0.0,0.0,15.0,1000.0,367736.28,565030.0,-29354.28,2025-09-04,2026-08-30,2.74,0.16,103.3,1.5,5030.0,246.58,36.42,183216.03,6640.0,-6357.0,Excess Inventory,Medium,Reduce reorder quantity and transfer or promote excess stock.
P00245,IT Equipment Product 0245,IT Equipment,Subcategory 5,294,518,2662520.0,1,450.37,2314901.1,120,0,0.0,7356,24,23.67,0.0,0.0,0.0,15.0,1250.0,469722.84,721538.7,-35283.07,2025-09-05,2026-08-31,3.42,0.2,151.26,1.2,5140.0,308.22,209.78,1078273.42,6415.0,-5897.0,Excess Inventory,Medium,Reduce reorder quantity and transfer or promote excess stock.
P00246,Electronics Product 0246,Electronics,Subcategory 6,295,25,131250.0,1,442.11,2321075.34,120,0,0.0,7380,24,24.42,0.0,0.0,0.0,15.0,250.0,95612.97,147399.26,-21724.05,2025-09-01,2026-08-27,0.68,0.04,36.5,6.0,5250.0,61.64,0.0,0.0,7440.0,-7415.0,Normal,Low,Continue normal inventory monitoring.
P00247,Furniture Product 0247,Furniture,Subcategory 7,296,504,2701440.0,1,433.95,2325946.3,120,0,0.0,7404,24,24.5,0.0,0.0,0.0,15.0,500.0,195230.32,300984.01,-24129.46,2025-09-02,2026-08-28,1.37,0.08,367.92,3.0,5360.0,123.29,380.71,2040618.08,7215.0,-6711.0,Excess Inventory,Medium,Reduce reorder quantity and transfer or promote excess stock.
P00248,Office Supplies Product 0248,Office Supplies,Subcategory 8,297,501,2740470.0,1,425.78,2329021.1,120,0,0.0,7428,24,25.12,0.0,0.0,0.0,15.0,750.0,299929.04,460755.42,-29584.24,2025-09-03,2026-08-29,2.05,0.13,243.82,2.0,5470.0,184.93,316.07,1728894.66,6990.0,-6489.0,Excess Inventory,Medium,Reduce reorder quantity and transfer or promote excess stock.
P00249,Home Appliances Product 0249,Home Appliances,Subcategory 9,298,16,89280.0,1,417.62,2330299.73,120,0,0.0,7204,23,23.83,0.0,0.0,0.0,15.0,996.0,406326.1,624156.08,-33110.43,2025-09-04,2026-08-30,2.73,0.17,5.86,1.51,5580.0,245.59,0.0,0.0,6521.0,-6505.0,Normal,Low,Continue normal inventory monitoring.
P00250,Accessories Product 0250,Accessories,Subcategory 10,299,13,73970.0,1,409.45,2329782.19,120,0,0.0,7476,24,25.12,0.0,0.0,0.0,15.0,1250.0,519987.14,798862.18,-36291.62,2025-09-05,2026-08-31,3.42,0.22,3.8,1.2,5690.0,308.22,0.0,0.0,6540.0,-6527.0,Critical Product,Critical,"Create urgent purchase order, increase safety stock and reduce supplier lead time."
P00251,IT Equipment Product 0251,IT Equipment,Subcategory 11,300,240,1392000.0,1,401.16,2326753.42,120,4,3.33,6450,25,24.48,0.0,0.0,0.0,0.0,0.0,0.0,0.0,0.0,,,0.0,0.0,0.0,0.0,5800.0,0.0,240.0,1392000.0,6750.0,-6510.0,Excess Inventory,Medium,Reduce reorder quantity and transfer or promote excess stock.
P00252,Electronics Product 0252,Electronics,Subcategory 12,301,237,1400670.0,1,392.88,2321901.37,120,30,25.0,6475,25,25.12,0.0,0.0,0.0,15.0,500.0,216036.84,331731.94,-24668.5,2025-09-02,2026-08-28,1.37,0.09,173.01,3.0,5910.0,123.29,113.71,672039.86,6291.0,-6054.0,Excess Inventory,Medium,Reduce reorder quantity and transfer or promote excess stock.
P00253,Furniture Product 0253,Furniture,Subcategory 13,302,234,1408680.0,1,384.49,2314648.77,120,40,33.33,6500,25,24.32,0.0,0.0,0.0,15.0,750.0,330087.12,506879.07,-31932.25,2025-09-03,2026-08-29,2.05,0.14,113.88,2.0,6020.0,184.93,49.07,295392.33,6067.0,-5833.0,Excess Inventory,Medium,Reduce reorder quantity and transfer or promote excess stock.
P00254,Office Supplies Product 0254,Office Supplies,Subcategory 14,303,231,1416030.0,1,376.33,2306895.34,120,40,33.33,6525,25,24.28,0.0,0.0,0.0,15.0,1000.0,448156.18,688215.54,-38014.51,2025-09-04,2026-08-30,2.74,0.19,84.32,1.5,6130.0,246.58,0.0,0.0,5843.0,-5612.0,Stockout Risk,High,Review reorder point and maintain safety stock.
P00255,Home Appliances Product 0255,Home Appliances,Subcategory 15,304,228,1422720.0,1,368.16,2297345.75,120,40,33.33,6550,25,23.6,0.0,0.0,0.0,15.0,1250.0,570248.94,875742.89,-42843.4,2025-09-05,2026-08-31,3.42,0.25,66.58,1.2,6240.0,308.22,0.0,0.0,5619.0,-5391.0,Stockout Risk,High,Review reorder point and maintain safety stock.
P00256,Accessories Product 0256,Accessories,Subcategory 16,305,-20,-127000.0,1,360.0,2286000.0,120,40,33.33,6575,25,25.04,0.0,0.0,0.0,15.0,250.0,116059.66,178244.55,-26591.61,2025-09-01,2026-08-27,0.68,0.05,-29.2,6.0,0.0,61.64,0.0,0.0,6645.0,-6665.0,Inventory Data Issue,Critical,Investigate negative stock and correct inventory movement or reconciliation records.
P00257,IT Equipment Product 0257,IT Equipment,Subcategory 17,306,452,2919920.0,1,351.84,2272858.08,120,40,33.33,6600,25,24.48,0.0,0.0,0.0,15.0,500.0,236140.58,362679.05,-26863.09,2025-09-02,2026-08-28,1.37,0.1,329.96,3.0,6460.0,123.29,328.71,2123481.64,6421.0,-5969.0,Excess Inventory,Medium,Reduce reorder quantity and transfer or promote excess stock.
P00258,Electronics Product 0258,Electronics,Subcategory 18,307,449,2949930.0,1,343.67,2257920.0,120,40,33.33,6368,24,24.5,0.0,0.0,0.0,15.0,750.0,360242.72,553147.5,-34821.18,2025-09-03,2026-08-29,2.05,0.16,218.51,2.0,6570.0,184.93,264.07,1734930.0,5940.0,-5491.0,Excess Inventory,Medium,Reduce reorder quantity and transfer or promote excess stock.
P00259,Furniture Product 0259,Furniture,Subcategory 19,308,446,2979280.0,1,335.51,2241185.75,120,40,33.33,6392,24,24.33,0.0,0.0,0.0,15.0,1000.0,486620.56,749696.82,-39021.88,2025-09-04,2026-08-30,2.74,0.22,162.79,1.5,6680.0,246.58,199.42,1332156.71,5715.0,-5269.0,Excess Inventory,Medium,Reduce reorder quantity and transfer or promote excess stock.
P00260,Office Supplies Product 0260,Office Supplies,Subcategory 20,309,-39,-264810.0,1,327.12,2221167.12,120,40,33.33,6416,24,24.96,0.0,0.0,0.0,15.0,1250.0,618292.87,952598.57,-40629.67,2025-09-05,2026-08-31,3.42,0.28,-11.39,1.2,0.0,308.22,0.0,0.0,5490.0,-5529.0,Inventory Data Issue,Critical,Investigate negative stock and correct inventory movement or reconciliation records.
P00261,Home Appliances Product 0261,Home Appliances,Subcategory 21,310,370,2553000.0,1,548.97,3787910.96,120,0,0.0,6440,24,24.58,0.0,0.0,0.0,15.0,250.0,125660.76,193615.59,-25240.78,2025-09-01,2026-08-27,0.68,0.03,540.2,6.0,6900.0,61.64,308.36,2127657.53,6515.0,-6145.0,Excess Inventory,Medium,Reduce reorder quantity and transfer or promote excess stock.
P00262,Accessories Product 0262,Accessories,Subcategory 22,311,192,1345920.0,1,540.68,3790201.37,120,0,0.0,6464,24,25.21,0.0,0.0,0.0,15.0,500.0,256246.78,393424.44,-29996.63,2025-09-02,2026-08-28,1.37,0.07,140.16,3.0,7010.0,123.29,68.71,481673.42,6290.0,-6098.0,Excess Inventory,Medium,Reduce reorder quantity and transfer or promote excess stock.
P00263,IT Equipment Product 0263,IT Equipment,Subcategory 23,312,364,2591680.0,1,532.52,3791546.3,120,0,0.0,6488,24,23.75,0.0,0.0,0.0,15.0,750.0,390400.8,599427.36,-37704.38,2025-09-03,2026-08-29,2.05,0.1,177.15,2.0,7120.0,184.93,179.07,1274967.67,6065.0,-5701.0,Excess Inventory,Medium,Reduce reorder quantity and transfer or promote excess stock.
P00264,Electronics Product 0264,Electronics,Subcategory 0,313,179,1294170.0,1,524.36,3791095.07,120,0,0.0,6512,24,24.5,0.0,0.0,0.0,14.0,996.0,526476.87,808280.02,-43011.94,2025-09-04,2026-08-30,2.73,0.14,65.6,1.41,7230.0,245.59,0.0,0.0,5843.0,-5664.0,Normal,Low,Continue normal inventory monitoring.
P00265,Furniture Product 0265,Furniture,Subcategory 1,314,358,2627720.0,1,516.19,3788847.67,120,0,0.0,6536,24,24.33,0.0,0.0,0.0,15.0,1250.0,670772.54,1029725.72,-53087.37,2025-09-05,2026-08-31,3.42,0.18,104.54,1.2,7340.0,308.22,49.78,365391.23,5615.0,-5257.0,Excess Inventory,Medium,Reduce reorder quantity and transfer or promote excess stock.
P00266,Office Supplies Product 0266,Office Supplies,Subcategory 2,315,410,3054500.0,1,508.03,3784804.11,120,0,0.0,6825,25,24.96,0.0,0.0,0.0,15.0,250.0,136165.88,208981.9,-28598.97,2025-09-01,2026-08-27,0.68,0.04,598.6,6.0,7450.0,61.64,348.36,2595253.42,6905.0,-6495.0,Dead Stock,High,"Stop further purchasing and use clearance, bundle or supplier-return strategy."
P00267,Home Appliances Product 0267,Home Appliances,Subcategory 3,316,407,3076920.0,1,499.77,3778239.45,120,0,0.0,6850,25,24.4,0.0,0.0,0.0,15.0,500.0,276350.52,424159.31,-33261.28,2025-09-02,2026-08-28,1.37,0.07,297.11,3.0,7560.0,123.29,283.71,2144865.21,6681.0,-6274.0,Excess Inventory,Medium,Reduce reorder quantity and transfer or promote excess stock.
P00268,Accessories Product 0268,Accessories,Subcategory 4,317,404,3098680.0,1,491.6,3770593.01,120,0,0.0,6708,24,24.42,0.0,0.0,0.0,15.0,750.0,420558.88,645532.3,-40697.36,2025-09-03,2026-08-29,2.05,0.11,196.61,2.0,7670.0,184.93,219.07,1680255.34,6290.0,-5886.0,Excess Inventory,Medium,Reduce reorder quantity and transfer or promote excess stock.
P00269,IT Equipment Product 0269,IT Equipment,Subcategory 5,318,394,3065320.0,1,483.32,3760191.23,120,0,0.0,6900,25,24.48,0.0,0.0,0.0,15.0,992.0,564268.24,866081.9,-47986.77,2025-09-04,2026-08-30,2.72,0.15,144.97,1.51,7780.0,244.6,149.4,1162310.68,6241.0,-5847.0,Excess Inventory,Medium,Reduce reorder quantity and transfer or promote excess stock.
P00270,Electronics Product 0270,Electronics,Subcategory 6,319,391,3084990.0,1,475.03,3747966.16,120,0,0.0,6925,25,25.12,0.0,0.0,0.0,15.0,1250.0,721034.36,1106871.92,-54291.05,2025-09-05,2026-08-31,3.42,0.19,114.17,1.2,7890.0,308.22,82.78,653140.68,6009.0,-5618.0,Excess Inventory,Medium,Reduce reorder quantity and transfer or promote excess stock.
P00271,Furniture Product 0271,Furniture,Subcategory 7,320,325,2600000.0,1,466.74,3733917.81,120,0,0.0,6950,25,24.32,0.0,0.0,0.0,15.0,250.0,146217.74,224473.41,-29702.67,2025-09-01,2026-08-27,0.68,0.04,474.5,6.0,8000.0,61.64,263.36,2106849.32,7035.0,-6710.0,Excess Inventory,Medium,Reduce reorder quantity and transfer or promote excess stock.
P00272,Office Supplies Product 0272,Office Supplies,Subcategory 8,321,322,2611420.0,1,458.58,3719046.03,120,0,0.0,6975,25,24.28,0.0,0.0,0.0,15.0,500.0,296456.72,455015.72,-37518.26,2025-09-02,2026-08-28,1.37,0.08,235.06,3.0,8110.0,123.29,198.71,1611556.99,6811.0,-6489.0,Excess Inventory,Medium,Reduce reorder quantity and transfer or promote excess stock.
P00273,Home Appliances Product 0273,Home Appliances,Subcategory 9,322,319,2622180.0,1,450.41,3702378.08,120,0,0.0,7000,25,23.6,0.0,0.0,0.0,15.0,750.0,449105.97,691622.01,-43990.55,2025-09-03,2026-08-29,2.05,0.12,155.25,2.0,8220.0,184.93,134.07,1102043.01,6587.0,-6268.0,Excess Inventory,Medium,Reduce reorder quantity and transfer or promote excess stock.
P00274,Accessories Product 0274,Accessories,Subcategory 10,323,309,2573970.0,1,442.15,3683115.21,120,0,0.0,7025,25,25.04,0.0,0.0,0.0,15.0,1000.0,606819.22,934558.66,-49680.16,2025-09-04,2026-08-30,2.74,0.16,112.79,1.5,8330.0,246.58,62.42,519997.4,6363.0,-6054.0,Excess Inventory,Medium,Reduce reorder quantity and transfer or promote excess stock.
P00275,IT Equipment Product 0275,IT Equipment,Subcategory 11,324,306,2582640.0,1,433.99,3662844.38,120,0,0.0,7050,25,24.48,0.0,0.0,0.0,15.0,1250.0,771298.64,1183695.83,-57269.88,2025-09-05,2026-08-31,3.42,0.21,89.35,1.2,8440.0,308.22,0.0,0.0,6139.0,-5833.0,Normal,Low,Continue normal inventory monitoring.
P00276,Electronics Product 0276,Electronics,Subcategory 12,325,120,1026000.0,1,425.82,3640777.4,120,0,0.0,6900,24,25.12,0.0,0.0,0.0,14.0,248.0,155028.38,237901.47,-29534.05,2025-09-01,2026-08-27,0.68,0.04,176.61,5.65,8550.0,61.15,58.85,503161.64,6991.0,-6871.0,Excess Inventory,Medium,Reduce reorder quantity and transfer or promote excess stock.
P00277,Furniture Product 0277,Furniture,Subcategory 13,326,355,3074300.0,1,417.66,3616914.25,120,0,0.0,6924,24,23.67,0.0,0.0,0.0,15.0,500.0,316560.46,485879.39,-40018.87,2025-09-02,2026-08-28,1.37,0.09,259.15,3.0,8660.0,123.29,231.71,2006628.77,6765.0,-6410.0,Excess Inventory,Medium,Reduce reorder quantity and transfer or promote excess stock.
P00278,Office Supplies Product 0278,Office Supplies,Subcategory 14,327,114,999780.0,1,409.37,3590173.7,120,0,0.0,7125,25,24.96,0.0,0.0,0.0,15.0,750.0,480872.54,738122.51,-44414.91,2025-09-03,2026-08-29,2.05,0.13,55.48,2.0,8770.0,184.93,0.0,0.0,6717.0,-6603.0,Normal,Low,Continue normal inventory monitoring.
P00279,Home Appliances Product 0279,Home Appliances,Subcategory 15,328,104,923520.0,1,401.08,3561609.86,120,0,0.0,6972,24,24.5,0.0,0.0,0.0,15.0,996.0,646627.62,992419.9,-52902.36,2025-09-04,2026-08-30,2.73,0.18,38.11,1.51,8880.0,245.59,0.0,0.0,6319.0,-6215.0,Normal,Low,Continue normal inventory monitoring.
P00280,Accessories Product 0280,Accessories,Subcategory 16,329,101,907990.0,1,392.79,3531222.74,120,0,0.0,6996,24,25.12,0.0,0.0,0.0,15.0,1250.0,821560.44,1260495.05,-62213.86,2025-09-05,2026-08-31,3.42,0.23,29.49,1.2,8990.0,308.22,0.0,0.0,6090.0,-5989.0,Critical Product,Critical,"Create urgent purchase order, increase safety stock and reduce supplier lead time."
P00281,IT Equipment Product 0281,IT Equipment,Subcategory 17,330,273,2484300.0,1,614.67,5593508.22,120,0,0.0,7020,24,23.67,0.0,0.0,0.0,15.0,250.0,166321.48,255199.14,-22740.84,2025-09-01,2026-08-27,0.68,0.03,398.58,6.0,9100.0,61.64,211.36,1923341.1,7115.0,-6842.0,Excess Inventory,Medium,Reduce reorder quantity and transfer or promote excess stock.
P00282,Electronics Product 0282,Electronics,Subcategory 18,331,332,3057720.0,1,606.51,5585928.08,120,0,0.0,6913,23,23.74,0.0,0.0,0.0,15.0,500.0,336666.66,516601.55,-29414.18,2025-09-02,2026-08-28,1.37,0.06,242.36,3.0,9210.0,123.29,208.71,1922240.55,6759.0,-6427.0,Excess Inventory,Medium,Reduce reorder quantity and transfer or promote excess stock.
P00283,Furniture Product 0283,Furniture,Subcategory 19,332,329,3066280.0,1,598.34,5576551.78,120,0,0.0,7068,24,24.5,0.0,0.0,0.0,14.0,744.0,506971.6,778063.99,-39164.35,2025-09-03,2026-08-29,2.04,0.09,161.4,1.88,9320.0,183.45,145.55,1356506.85,6670.0,-6341.0,Excess Inventory,Medium,Reduce reorder quantity and transfer or promote excess stock.
P00284,Office Supplies Product 0284,Office Supplies,Subcategory 20,333,319,3008170.0,1,590.18,5565379.32,120,0,0.0,7092,24,25.12,0.0,0.0,0.0,15.0,1000.0,689415.82,1058020.16,-44234.42,2025-09-04,2026-08-30,2.74,0.12,116.44,1.5,9430.0,246.58,72.42,682964.52,6440.0,-6121.0,Excess Inventory,Medium,Reduce reorder quantity and transfer or promote excess stock.
P00285,Home Appliances Product 0285,Home Appliances,Subcategory 21,334,316,3014640.0,1,582.01,5552410.68,120,0,0.0,7116,24,24.5,0.0,0.0,0.0,15.0,1250.0,871822.26,1338039.04,-59027.37,2025-09-05,2026-08-31,3.42,0.16,92.27,1.2,9540.0,308.22,7.78,74229.04,6215.0,-5899.0,Excess Inventory,Medium,Reduce reorder quantity and transfer or promote excess stock.
P00286,Accessories Product 0286,Accessories,Subcategory 22,335,488,4709200.0,1,573.85,5537645.89,120,0,0.0,7325,25,25.04,0.0,0.0,0.0,15.0,250.0,176375.82,270632.5,-26912.67,2025-09-01,2026-08-27,0.68,0.03,712.48,6.0,9650.0,61.64,426.36,4114336.99,7425.0,-6937.0,Dead Stock,High,"Stop further purchasing and use clearance, bundle or supplier-return strategy."
P00287,IT Equipment Product 0287,IT Equipment,Subcategory 23,336,485,4733600.0,1,565.56,5519881.64,120,0,0.0,7350,25,24.48,0.0,0.0,0.0,15.0,500.0,355495.2,547313.91,-30543.03,2025-09-02,2026-08-28,1.37,0.06,354.05,3.0,9760.0,123.29,361.71,3530312.33,7201.0,-6716.0,Excess Inventory,Medium,Reduce reorder quantity and transfer or promote excess stock.
P00288,Electronics Product 0288,Electronics,Subcategory 0,337,482,4757340.0,1,557.18,5499347.67,120,0,0.0,7375,25,25.12,0.0,0.0,0.0,15.0,750.0,539254.35,830278.7,-40528.37,2025-09-03,2026-08-29,2.05,0.1,234.57,2.0,9870.0,184.93,297.07,2932066.03,6977.0,-6495.0,Excess Inventory,Medium,Reduce reorder quantity and transfer or promote excess stock.
P00289,Furniture Product 0289,Furniture,Subcategory 1,338,479,4780420.0,1,548.89,5477926.3,120,0,0.0,7400,25,24.32,0.0,0.0,0.0,15.0,1000.0,729625.76,1119450.62,-52154.15,2025-09-04,2026-08-30,2.74,0.13,174.84,1.5,9980.0,246.58,232.42,2319598.08,6753.0,-6274.0,Excess Inventory,Medium,Reduce reorder quantity and transfer or promote excess stock.
P00290,Office Supplies Product 0290,Office Supplies,Subcategory 2,339,467,4712030.0,1,540.73,5455925.62,120,0,0.0,7425,25,24.28,0.0,0.0,0.0,15.0,1240.0,914760.12,1403279.3,-57162.41,2025-09-05,2026-08-31,3.4,0.17,137.46,1.21,10090.0,305.75,161.25,1626977.95,6539.0,-6072.0,Excess Inventory,Medium,Reduce reorder quantity and transfer or promote excess stock.
P00291,Home Appliances Product 0291,Home Appliances,Subcategory 3,340,283,2886600.0,1,532.56,5432128.77,120,0,0.0,7310,24,22.92,0.0,0.0,0.0,15.0,250.0,186427.68,286070.03,-28974.82,2025-09-01,2026-08-27,0.68,0.03,413.18,6.0,10200.0,61.64,221.36,2257832.88,7415.0,-7132.0,Excess Inventory,Medium,Reduce reorder quantity and transfer or promote excess stock.
P00292,Accessories Product 0292,Accessories,Subcategory 4,341,280,2886800.0,1,524.4,5406535.75,120,0,0.0,7475,25,25.04,0.0,0.0,0.0,15.0,500.0,376876.6,578349.94,-36407.11,2025-09-02,2026-08-28,1.37,0.07,204.4,3.0,10310.0,123.29,156.71,1615704.11,7331.0,-7051.0,Excess Inventory,Medium,Reduce reorder quantity and transfer or promote excess stock.
P00293,IT Equipment Product 0293,IT Equipment,Subcategory 5,342,277,2886340.0,1,516.23,5379146.58,120,0,0.0,7500,25,24.48,0.0,0.0,0.0,15.0,750.0,571344.28,876586.79,-42916.32,2025-09-03,2026-08-29,2.05,0.11,134.81,2.0,10420.0,184.93,92.07,959353.7,7107.0,-6830.0,Excess Inventory,Medium,Reduce reorder quantity and transfer or promote excess stock.
P00294,Electronics Product 0294,Electronics,Subcategory 6,343,274,2885220.0,1,508.07,5349961.23,120,0,0.0,7382,24,25.21,0.0,0.0,0.0,15.0,996.0,766778.37,1176233.75,-55512.69,2025-09-04,2026-08-30,2.73,0.14,100.41,1.51,10530.0,245.59,28.41,299167.4,6744.0,-6470.0,Excess Inventory,Medium,Reduce reorder quantity and transfer or promote excess stock.
P00295,Furniture Product 0295,Furniture,Subcategory 7,344,262,2787680.0,1,499.81,5317959.45,120,0,0.0,7406,24,24.33,0.0,0.0,0.0,15.0,1250.0,972345.86,1491597.59,-63678.04,2025-09-05,2026-08-31,3.42,0.18,76.5,1.2,10640.0,308.22,0.0,0.0,6515.0,-6253.0,Normal,Low,Continue normal inventory monitoring.
P00296,Office Supplies Product 0296,Office Supplies,Subcategory 8,345,443,4762250.0,1,491.52,5283845.89,120,0,0.0,7335,23,24.3,0.0,0.0,0.0,14.0,237.0,186335.64,285775.18,-27171.41,2025-09-01,2026-08-27,0.65,0.04,682.26,5.91,10750.0,58.44,384.56,4134037.67,7457.0,-7014.0,Dead Stock,High,"Stop further purchasing and use clearance, bundle or supplier-return strategy."
P00297,Home Appliances Product 0297,Home Appliances,Subcategory 9,346,195,2117700.0,1,483.23,5247909.04,120,0,0.0,7454,24,24.58,0.0,0.0,0.0,15.0,492.0,390674.06,599390.19,-41007.76,2025-09-02,2026-08-28,1.35,0.07,144.66,3.05,10860.0,121.32,73.68,800218.36,7323.0,-7128.0,Excess Inventory,Medium,Reduce reorder quantity and transfer or promote excess stock.
P00298,Accessories Product 0298,Accessories,Subcategory 10,347,192,2106240.0,1,474.95,5210148.9,120,0,0.0,7478,24,25.21,0.0,0.0,0.0,15.0,750.0,601502.36,922906.66,-50722.77,2025-09-03,2026-08-29,2.05,0.12,93.44,2.0,10970.0,184.93,7.07,77541.37,7090.0,-6898.0,Excess Inventory,Medium,Reduce reorder quantity and transfer or promote excess stock.
P00299,IT Equipment Product 0299,IT Equipment,Subcategory 11,348,418,4631440.0,1,466.78,5171931.51,120,0,0.0,7502,24,23.75,0.0,0.0,0.0,15.0,1000.0,810045.64,1242968.01,-53735.42,2025-09-04,2026-08-30,2.74,0.16,152.57,1.5,11080.0,246.58,171.42,1899385.21,6865.0,-6447.0,Excess Inventory,Medium,Reduce reorder quantity and transfer or promote excess stock.
P00300,Electronics Product 0300,Electronics,Subcategory 12,349,415,4643850.0,1,458.62,5131917.95,120,0,0.0,7526,24,23.79,0.0,0.0,0.0,15.0,1250.0,1018955.07,1568791.43,-63747.19,2025-09-05,2026-08-31,3.42,0.2,121.18,1.2,11190.0,308.22,106.78,1194877.4,6640.0,-6225.0,Excess Inventory,Medium,Reduce reorder quantity and transfer or promote excess stock.
P00301,Furniture Product 0301,Furniture,Subcategory 13,350,358,107400.0,1,516.21,154861.64,120,0,0.0,6350,25,24.32,0.0,0.0,0.0,15.0,250.0,5464.59,8799.26,-16375.81,2025-09-01,2026-08-27,0.68,0.04,522.68,6.0,300.0,61.64,296.36,88906.85,6465.0,-6107.0,Excess Inventory,Medium,Reduce reorder quantity and transfer or promote excess stock.
P00302,Office Supplies Product 0302,Office Supplies,Subcategory 14,351,355,145550.0,1,507.95,208257.53,120,0,0.0,6375,25,24.96,0.0,0.0,0.0,15.0,500.0,14933.57,23759.56,-16969.65,2025-09-02,2026-08-28,1.37,0.07,259.15,3.0,410.0,123.29,231.71,95002.05,6241.0,-5886.0,Excess Inventory,Medium,Reduce reorder quantity and transfer or promote excess stock.
P00303,Home Appliances Product 0303,Home Appliances,Subcategory 15,352,345,179400.0,1,499.78,259886.03,120,0,0.0,6400,25,24.4,0.0,0.0,0.0,15.0,750.0,28511.34,44883.15,-17660.46,2025-09-03,2026-08-29,2.05,0.11,167.9,2.0,520.0,184.93,160.07,83235.62,6017.0,-5672.0,Excess Inventory,Medium,Reduce reorder quantity and transfer or promote excess stock.
P00304,Accessories Product 0304,Accessories,Subcategory 16,353,333,209790.0,1,491.62,309718.36,120,0,0.0,6425,25,25.04,0.0,0.0,0.0,15.0,980.0,45144.64,70728.51,-18198.6,2025-09-04,2026-08-30,2.68,0.15,124.03,1.53,630.0,241.64,91.36,57554.38,5813.0,-5480.0,Excess Inventory,Medium,Reduce reorder quantity and transfer or promote excess stock.
P00305,IT Equipment Product 0305,IT Equipment,Subcategory 17,354,330,244200.0,1,483.33,357663.29,120,0,0.0,6346,24,23.83,0.0,0.0,0.0,15.0,1250.0,67625.92,105626.28,-19658.93,2025-09-05,2026-08-31,3.42,0.19,96.36,1.2,740.0,308.22,21.78,16117.81,5465.0,-5135.0,Excess Inventory,Medium,Reduce reorder quantity and transfer or promote excess stock.
P00306,Electronics Product 0306,Electronics,Subcategory 18,355,153,130050.0,1,475.04,403784.93,120,0,0.0,6475,25,25.12,0.0,0.0,0.0,15.0,250.0,15536.06,24208.2,-18448.52,2025-09-01,2026-08-27,0.68,0.04,223.38,6.0,850.0,61.64,91.36,77652.74,6595.0,-6442.0,Excess Inventory,Medium,Reduce reorder quantity and transfer or promote excess stock.
P00308,Office Supplies Product 0308,Office Supplies,Subcategory 20,357,140,149800.0,1,458.59,490690.27,120,0,0.0,6418,24,24.33,0.0,0.0,0.0,15.0,750.0,58669.4,91072.29,-20664.05,2025-09-03,2026-08-29,2.05,0.12,68.13,2.0,1070.0,184.93,0.0,0.0,6040.0,-5900.0,Normal,Low,Continue normal inventory monitoring.
P00309,Home Appliances Product 0309,Home Appliances,Subcategory 21,358,128,151040.0,1,450.33,531387.95,120,0,0.0,6442,24,23.58,0.0,0.0,0.0,15.0,996.0,85926.57,133230.29,-22058.82,2025-09-04,2026-08-30,2.73,0.16,46.91,1.51,1180.0,245.59,0.0,0.0,5819.0,-5691.0,Normal,Low,Continue normal inventory monitoring.
P00310,Accessories Product 0310,Accessories,Subcategory 22,359,370,477300.0,1,442.16,570392.05,120,0,0.0,6407,23,24.39,0.0,0.0,0.0,15.0,1250.0,117887.72,182614.97,-23485.0,2025-09-05,2026-08-31,3.42,0.21,108.04,1.2,1290.0,308.22,61.78,79697.26,5531.0,-5161.0,Excess Inventory,Medium,Reduce reorder quantity and transfer or promote excess stock.
P00311,IT Equipment Product 0311,IT Equipment,Subcategory 23,360,306,428400.0,1,434.0,607600.0,120,0,0.0,6490,24,24.67,0.0,0.0,0.0,14.0,245.0,25079.82,38812.9,-20346.0,2025-09-01,2026-08-27,0.67,0.04,455.88,5.71,1400.0,60.41,245.59,343824.66,6619.0,-6313.0,Excess Inventory,Medium,Reduce reorder quantity and transfer or promote excess stock.
P00312,Electronics Product 0312,Electronics,Subcategory 0,361,365,551150.0,1,425.84,643011.78,120,0,0.0,6514,24,25.29,0.0,0.0,0.0,15.0,500.0,55197.08,85380.56,-21691.78,2025-09-02,2026-08-28,1.37,0.09,266.45,3.0,1510.0,123.29,241.71,364985.62,6390.0,-6025.0,Excess Inventory,Medium,Reduce reorder quantity and transfer or promote excess stock.
P00313,Furniture Product 0313,Furniture,Subcategory 1,362,355,575100.0,1,417.67,676627.4,120,0,0.0,6538,24,24.42,0.0,0.0,0.0,15.0,750.0,88827.48,137325.1,-23250.9,2025-09-03,2026-08-29,2.05,0.13,172.77,2.0,1620.0,184.93,170.07,275510.96,6165.0,-5810.0,Excess Inventory,Medium,Reduce reorder quantity and transfer or promote excess stock.
P00314,Office Supplies Product 0314,Office Supplies,Subcategory 2,363,343,593390.0,1,409.38,708233.56,120,0,0.0,6562,24,24.33,0.0,0.0,0.0,14.0,952.0,119999.46,186045.79,-23866.02,2025-09-04,2026-08-30,2.61,0.17,131.51,1.47,1730.0,234.74,108.26,187290.27,5987.0,-5644.0,Excess Inventory,Medium,Reduce reorder quantity and transfer or promote excess stock.
P00315,Home Appliances Product 0315,Home Appliances,Subcategory 3,364,285,524400.0,1,401.1,738016.44,120,0,0.0,6586,24,24.42,0.0,0.0,0.0,15.0,1250.0,167548.52,259578.25,-26599.17,2025-09-05,2026-08-31,3.42,0.23,83.22,1.2,1840.0,308.22,0.0,0.0,5715.0,-5430.0,Normal,Low,Continue normal inventory monitoring.
P00316,Accessories Product 0316,Accessories,Subcategory 4,365,101,196950.0,1,392.71,765789.04,120,0,0.0,6725,25,25.04,0.0,0.0,0.0,15.0,250.0,35512.39,54999.98,-22823.87,2025-09-01,2026-08-27,0.68,0.05,147.46,6.0,1950.0,61.64,39.36,76744.52,6855.0,-6754.0,Excess Inventory,Medium,Reduce reorder quantity and transfer or promote excess stock.
P00317,IT Equipment Product 0317,IT Equipment,Subcategory 5,366,98,201880.0,1,384.55,792168.77,120,0,0.0,6750,25,23.68,0.0,0.0,0.0,15.0,500.0,75303.28,116169.85,-24832.41,2025-09-02,2026-08-28,1.37,0.1,71.54,3.0,2060.0,123.29,0.0,0.0,6631.0,-6533.0,Normal,Low,Continue normal inventory monitoring.
P00318,Electronics Product 0318,Electronics,Subcategory 6,367,86,186620.0,1,376.38,816752.33,120,0,0.0,6775,25,24.44,0.0,0.0,0.0,15.0,732.0,116150.32,179090.87,-26181.43,2025-09-03,2026-08-29,2.01,0.14,42.88,2.05,2170.0,180.49,0.0,0.0,6425.0,-6339.0,Normal,Low,Continue normal inventory monitoring.
P00319,Furniture Product 0319,Furniture,Subcategory 7,368,83,189240.0,1,368.22,839539.73,120,0,0.0,6732,24,23.67,0.0,0.0,0.0,15.0,1000.0,166689.06,257023.22,-28055.49,2025-09-04,2026-08-30,2.74,0.2,30.3,1.5,2280.0,246.58,0.0,0.0,6115.0,-6032.0,Normal,Low,Continue normal inventory monitoring.
P00320,Office Supplies Product 0320,Office Supplies,Subcategory 8,369,80,191200.0,1,360.05,860530.96,120,0,0.0,6825,25,24.96,0.0,0.0,0.0,15.0,1250.0,218411.34,336710.48,-30405.4,2025-09-05,2026-08-31,3.42,0.25,23.36,1.2,2390.0,308.22,0.0,0.0,5959.0,-5879.0,Normal,Low,Continue normal inventory monitoring.
P00321,Home Appliances Product 0321,Home Appliances,Subcategory 9,370,316,790000.0,1,582.03,1455068.49,120,0,0.0,6850,25,24.4,0.0,0.0,0.0,15.0,250.0,45694.12,70408.22,-13645.91,2025-09-01,2026-08-27,0.68,0.03,461.36,6.0,2500.0,61.64,254.36,635890.41,6985.0,-6669.0,Excess Inventory,Medium,Reduce reorder quantity and transfer or promote excess stock.
P00322,Accessories Product 0322,Accessories,Subcategory 10,371,313,816930.0,1,573.86,1497782.47,120,0,0.0,6875,25,25.04,0.0,0.0,0.0,15.0,500.0,95407.02,146947.2,-16540.9,2025-09-02,2026-08-28,1.37,0.06,228.49,3.0,2610.0,123.29,189.71,495149.18,6761.0,-6448.0,Excess Inventory,Medium,Reduce reorder quantity and transfer or promote excess stock.
P00323,IT Equipment Product 0323,IT Equipment,Subcategory 11,372,301,818720.0,1,565.48,1538104.11,120,0,0.0,6828,24,24.5,0.0,0.0,0.0,15.0,750.0,149141.16,229679.44,-19333.02,2025-09-03,2026-08-29,2.05,0.1,146.49,2.0,2720.0,184.93,116.07,315706.3,6465.0,-6164.0,Excess Inventory,Medium,Reduce reorder quantity and transfer or promote excess stock.
P00324,Electronics Product 0324,Electronics,Subcategory 12,373,298,843340.0,1,557.19,1576852.74,120,0,0.0,6379,23,24.48,0.0,0.0,0.0,15.0,996.0,206077.32,317311.39,-21573.61,2025-09-04,2026-08-30,2.73,0.13,109.21,1.51,2830.0,245.59,52.41,148323.01,5771.0,-5473.0,Excess Inventory,Medium,Reduce reorder quantity and transfer or promote excess stock.
P00325,Furniture Product 0325,Furniture,Subcategory 13,374,233,685020.0,1,548.9,1613778.08,120,0,0.0,6950,25,24.32,0.0,0.0,0.0,15.0,1220.0,262273.5,403723.1,-24554.61,2025-09-05,2026-08-31,3.34,0.16,69.71,1.23,2940.0,300.82,0.0,0.0,6119.0,-5886.0,Normal,Low,Continue normal inventory monitoring.
P00326,Office Supplies Product 0326,Office Supplies,Subcategory 14,375,476,1451800.0,1,540.74,1649256.16,120,0,0.0,6900,24,24.42,0.0,0.0,0.0,15.0,250.0,55746.0,85820.98,-16177.52,2025-09-01,2026-08-27,0.68,0.03,694.96,6.0,3050.0,61.64,414.36,1263786.3,7040.0,-6564.0,Dead Stock,High,"Stop further purchasing and use clearance, bundle or supplier-return strategy."
P00327,Home Appliances Product 0327,Home Appliances,Subcategory 15,376,228,720480.0,1,532.58,1682938.08,120,0,0.0,6924,24,23.67,0.0,0.0,0.0,15.0,500.0,115510.74,177818.45,-17810.06,2025-09-02,2026-08-28,1.37,0.07,166.44,3.0,3160.0,123.29,104.71,330890.96,6815.0,-6587.0,Excess Inventory,Medium,Reduce reorder quantity and transfer or promote excess stock.
P00328,Accessories Product 0328,Accessories,Subcategory 16,377,216,706320.0,1,524.41,1714823.84,120,0,0.0,6948,24,24.42,0.0,0.0,0.0,15.0,750.0,178658.36,275913.57,-21225.31,2025-09-03,2026-08-29,2.05,0.1,105.12,2.0,3270.0,184.93,31.07,101593.97,6590.0,-6374.0,Excess Inventory,Medium,Reduce reorder quantity and transfer or promote excess stock.
P00329,IT Equipment Product 0329,IT Equipment,Subcategory 17,378,451,1524380.0,1,516.25,1744913.42,120,0,0.0,6972,24,24.5,0.0,0.0,0.0,15.0,1000.0,246225.72,380128.04,-25322.05,2025-09-04,2026-08-30,2.74,0.14,164.62,1.5,3380.0,246.58,204.42,690955.34,6365.0,-5914.0,Excess Inventory,Medium,Reduce reorder quantity and transfer or promote excess stock.
P00330,Electronics Product 0330,Electronics,Subcategory 18,379,448,1563520.0,1,507.99,1772872.19,120,0,0.0,6996,24,25.12,0.0,0.0,0.0,15.0,1250.0,318937.42,490599.3,-29121.9,2025-09-05,2026-08-31,3.42,0.18,130.82,1.2,3490.0,308.22,139.78,487835.07,6140.0,-5692.0,Excess Inventory,Medium,Reduce reorder quantity and transfer or promote excess stock.
P00331,Furniture Product 0331,Furniture,Subcategory 19,380,271,975600.0,1,499.82,1799358.9,120,0,0.0,7100,25,24.32,0.0,0.0,0.0,15.0,250.0,65797.86,101208.33,-19395.97,2025-09-01,2026-08-27,0.68,0.04,395.66,6.0,3600.0,61.64,209.36,753682.19,7245.0,-6974.0,Excess Inventory,Medium,Reduce reorder quantity and transfer or promote excess stock.
P00332,Office Supplies Product 0332,Office Supplies,Subcategory 20,381,252,934920.0,1,491.53,1823592.05,120,0,0.0,7125,25,24.96,0.0,0.0,0.0,14.0,488.0,132385.42,203587.91,-20342.6,2025-09-02,2026-08-28,1.34,0.07,188.48,2.87,3710.0,120.33,131.67,488500.27,7032.0,-6780.0,Excess Inventory,Medium,Reduce reorder quantity and transfer or promote excess stock.
P00333,Home Appliances Product 0333,Home Appliances,Subcategory 21,382,249,951180.0,1,483.25,1846001.92,120,0,0.0,6668,24,23.75,0.0,0.0,0.0,15.0,750.0,209457.3,322159.14,-26035.61,2025-09-03,2026-08-29,2.05,0.11,121.18,2.0,3820.0,184.93,64.07,244741.64,6315.0,-6066.0,Excess Inventory,Medium,Reduce reorder quantity and transfer or promote excess stock.
P00334,Accessories Product 0334,Accessories,Subcategory 22,383,246,966780.0,1,474.96,1866588.49,120,0,0.0,7175,25,25.04,0.0,0.0,0.0,15.0,1000.0,287316.4,441905.02,-28696.67,2025-09-04,2026-08-30,2.74,0.15,89.79,1.5,3930.0,246.58,0.0,0.0,6573.0,-6327.0,Normal,Low,Continue normal inventory monitoring.
P00335,IT Equipment Product 0335,IT Equipment,Subcategory 23,384,243,981720.0,1,466.79,1885849.86,120,0,0.0,7200,25,23.68,0.0,0.0,0.0,15.0,1250.0,369199.24,567669.65,-33920.48,2025-09-05,2026-08-31,3.42,0.2,70.96,1.2,4040.0,308.22,0.0,0.0,6349.0,-6106.0,Normal,Low,Continue normal inventory monitoring.
P00336,Electronics Product 0336,Electronics,Subcategory 0,385,186,771900.0,1,458.63,1903315.07,120,0,0.0,7225,25,24.44,0.0,0.0,0.0,15.0,250.0,75849.72,116590.25,-20594.84,2025-09-01,2026-08-27,0.68,0.04,271.56,6.0,4150.0,61.64,124.36,516078.08,7375.0,-7189.0,Excess Inventory,Medium,Reduce reorder quantity and transfer or promote excess stock.
P00337,Furniture Product 0337,Furniture,Subcategory 1,386,412,1755120.0,1,450.37,1918575.62,120,0,0.0,6764,24,24.33,0.0,0.0,0.0,15.0,500.0,155720.7,239359.67,-23775.08,2025-09-02,2026-08-28,1.37,0.08,300.76,3.0,4260.0,123.29,288.71,1229914.52,6665.0,-6253.0,Excess Inventory,Medium,Reduce reorder quantity and transfer or promote excess stock.
P00338,Office Supplies Product 0338,Office Supplies,Subcategory 2,387,409,1787330.0,1,442.21,1932437.95,120,0,0.0,6351,23,24.3,0.0,0.0,0.0,15.0,750.0,239612.9,368309.81,-27606.07,2025-09-03,2026-08-29,2.05,0.12,199.05,2.0,4370.0,184.93,224.07,979179.32,6003.0,-5594.0,Excess Inventory,Medium,Reduce reorder quantity and transfer or promote excess stock.
P00339,Home Appliances Product 0339,Home Appliances,Subcategory 3,388,406,1818880.0,1,434.04,1944504.11,120,0,0.0,7300,25,24.4,0.0,0.0,0.0,15.0,996.0,326225.6,501408.45,-30970.01,2025-09-04,2026-08-30,2.73,0.17,148.79,1.51,4480.0,245.59,160.41,718641.1,6707.0,-6301.0,Excess Inventory,Medium,Reduce reorder quantity and transfer or promote excess stock.
P00340,Accessories Product 0340,Accessories,Subcategory 4,389,158,725220.0,1,425.88,1954774.11,120,0,0.0,6836,24,25.21,0.0,0.0,0.0,15.0,1250.0,419461.04,644758.32,-36303.6,2025-09-05,2026-08-31,3.42,0.21,46.14,1.2,4590.0,308.22,0.0,0.0,5990.0,-5832.0,Normal,Low,Continue normal inventory monitoring.
P00341,IT Equipment Product 0341,IT Equipment,Subcategory 5,390,630,2961000.0,1,647.73,3044312.33,120,0,0.0,6860,24,24.58,0.0,0.0,0.0,15.0,250.0,85904.06,132043.29,-20953.09,2025-09-01,2026-08-27,0.68,0.03,919.8,6.0,4700.0,61.64,568.36,2671273.97,7015.0,-6385.0,Dead Stock,High,"Stop further purchasing and use clearance, bundle or supplier-return strategy."
P00342,Electronics Product 0342,Electronics,Subcategory 6,391,627,3015870.0,1,639.44,3075698.49,120,0,0.0,6884,24,24.5,0.0,0.0,0.0,15.0,500.0,175198.45,270193.21,-26098.19,2025-09-02,2026-08-28,1.37,0.06,457.71,3.0,4810.0,123.29,503.71,2422856.3,6790.0,-6163.0,Excess Inventory,Medium,Reduce reorder quantity and transfer or promote excess stock.
P00343,Furniture Product 0343,Furniture,Subcategory 7,392,624,3070080.0,1,631.15,3105261.37,120,0,0.0,6516,23,23.65,0.0,0.0,0.0,15.0,750.0,268806.74,414444.89,-29552.11,2025-09-03,2026-08-29,2.05,0.09,303.68,2.0,4920.0,184.93,439.07,2160216.99,6173.0,-5549.0,Excess Inventory,Medium,Reduce reorder quantity and transfer or promote excess stock.
P00344,Office Supplies Product 0344,Office Supplies,Subcategory 8,393,376,1891280.0,1,622.89,3133138.77,120,0,0.0,6932,24,24.25,0.0,0.0,0.0,15.0,1000.0,367736.28,564960.1,-35562.84,2025-09-04,2026-08-30,2.74,0.12,137.24,1.5,5030.0,246.58,129.42,651006.03,6340.0,-5964.0,Excess Inventory,Medium,Reduce reorder quantity and transfer or promote excess stock.
P00345,Home Appliances Product 0345,Home Appliances,Subcategory 9,394,611,3140540.0,1,614.73,3159691.78,120,0,0.0,6956,24,23.75,0.0,0.0,0.0,15.0,1250.0,469722.84,721657.74,-40804.09,2025-09-05,2026-08-31,3.42,0.15,178.41,1.2,5140.0,308.22,302.78,1556293.42,6115.0,-5504.0,Excess Inventory,Medium,Reduce reorder quantity and transfer or promote excess stock.
P00346,Accessories Product 0346,Accessories,Subcategory 10,395,125,656250.0,1,606.56,3184448.63,120,0,0.0,7475,25,25.04,0.0,0.0,0.0,15.0,250.0,95955.94,147423.58,-25836.05,2025-09-01,2026-08-27,0.68,0.03,182.5,6.0,5250.0,61.64,63.36,332619.86,7635.0,-7510.0,Excess Inventory,Medium,Reduce reorder quantity and transfer or promote excess stock.
P00347,IT Equipment Product 0347,IT Equipment,Subcategory 11,396,122,653920.0,1,598.4,3207409.32,120,0,0.0,7054,24,23.83,0.0,0.0,0.0,15.0,500.0,195930.64,301033.67,-27937.01,2025-09-02,2026-08-28,1.37,0.06,89.06,3.0,5360.0,123.29,0.0,0.0,6965.0,-6843.0,Normal,Low,Continue normal inventory monitoring.
P00348,Electronics Product 0348,Electronics,Subcategory 12,397,119,650930.0,1,590.23,3228573.84,120,0,0.0,7525,25,25.12,0.0,0.0,0.0,15.0,750.0,299929.04,460831.42,-32636.94,2025-09-03,2026-08-29,2.05,0.09,57.91,2.0,5470.0,184.93,0.0,0.0,7187.0,-7068.0,Normal,Low,Continue normal inventory monitoring.
P00349,Furniture Product 0349,Furniture,Subcategory 13,398,116,647280.0,1,582.07,3247942.19,120,0,0.0,7550,25,24.32,0.0,0.0,0.0,15.0,1000.0,407946.22,626636.79,-38257.57,2025-09-04,2026-08-30,2.74,0.13,42.34,1.5,5580.0,246.58,0.0,0.0,6963.0,-6847.0,Normal,Low,Continue normal inventory monitoring.
P00350,Office Supplies Product 0350,Office Supplies,Subcategory 14,399,106,603140.0,1,573.78,3264812.88,120,0,0.0,7575,25,24.96,0.0,0.0,0.0,15.0,1250.0,519987.14,798532.82,-44131.77,2025-09-05,2026-08-31,3.42,0.16,30.95,1.2,5690.0,308.22,0.0,0.0,6739.0,-6633.0,Normal,Low,Continue normal inventory monitoring.
P00351,Home Appliances Product 0351,Home Appliances,Subcategory 15,400,578,3352400.0,1,565.4,3279304.11,120,0,0.0,6250,25,24.4,0.0,0.0,0.0,15.0,250.0,106007.8,162799.86,-25985.56,2025-09-01,2026-08-27,0.68,0.03,843.88,6.0,5800.0,61.64,516.36,2994865.75,6415.0,-5837.0,Dead Stock,High,"Stop further purchasing and use clearance, bundle or supplier-return strategy."
P00352,Accessories Product 0352,Accessories,Subcategory 16,401,337,1991670.0,1,557.11,3292517.67,120,0,0.0,5423,23,24.39,0.0,0.0,0.0,15.0,500.0,216036.84,331786.68,-35791.46,2025-09-02,2026-08-28,1.37,0.07,246.01,3.0,5910.0,123.29,213.71,1263039.86,5339.0,-5002.0,Excess Inventory,Medium,Reduce reorder quantity and transfer or promote excess stock.
P00353,IT Equipment Product 0353,IT Equipment,Subcategory 17,402,334,2010680.0,1,548.95,3304650.14,120,0,0.0,6300,25,23.68,0.0,0.0,0.0,15.0,750.0,330087.12,506962.69,-35486.49,2025-09-03,2026-08-29,2.05,0.1,162.55,2.0,6020.0,184.93,149.07,897392.33,5967.0,-5633.0,Excess Inventory,Medium,Reduce reorder quantity and transfer or promote excess stock.
P00354,Electronics Product 0354,Electronics,Subcategory 18,403,331,2029030.0,1,540.78,3314986.44,120,0,0.0,6325,25,24.44,0.0,0.0,0.0,15.0,996.0,446376.37,685519.34,-40688.39,2025-09-04,2026-08-30,2.73,0.13,121.3,1.51,6130.0,245.59,85.41,523569.18,5747.0,-5416.0,Excess Inventory,Medium,Reduce reorder quantity and transfer or promote excess stock.
P00355,Furniture Product 0355,Furniture,Subcategory 19,404,566,3531840.0,1,532.62,3323526.58,120,0,0.0,5896,24,24.42,0.0,0.0,0.0,15.0,1250.0,568210.72,875887.35,-44270.69,2025-09-05,2026-08-31,3.42,0.17,165.27,1.2,6240.0,308.22,257.78,1608552.33,5065.0,-4499.0,Excess Inventory,Medium,Reduce reorder quantity and transfer or promote excess stock.
P00356,Office Supplies Product 0356,Office Supplies,Subcategory 20,405,73,463550.0,1,524.45,3330270.55,120,0,0.0,5920,24,24.33,0.0,0.0,0.0,15.0,250.0,115644.83,178222.5,-28985.7,2025-09-01,2026-08-27,0.68,0.03,106.58,6.0,6350.0,61.64,11.36,72111.64,6090.0,-6017.0,Excess Inventory,Medium,Reduce reorder quantity and transfer or promote excess stock.
P00357,Home Appliances Product 0357,Home Appliances,Subcategory 21,406,70,452200.0,1,516.29,3335218.36,120,0,0.0,5588,23,23.74,0.0,0.0,0.0,15.0,500.0,235296.54,362529.52,-31112.24,2025-09-02,2026-08-28,1.37,0.07,51.1,3.0,6460.0,123.29,0.0,0.0,5509.0,-5439.0,Normal,Low,Continue normal inventory monitoring.
P00358,Accessories Product 0358,Accessories,Subcategory 22,407,67,440190.0,1,508.03,3337740.0,120,0,0.0,5561,23,25.13,0.0,0.0,0.0,15.0,750.0,360242.72,553079.07,-40624.16,2025-09-03,2026-08-29,2.05,0.11,32.61,2.0,6570.0,184.93,0.0,0.0,5233.0,-5166.0,Normal,Low,Continue normal inventory monitoring.
P00359,IT Equipment Product 0359,IT Equipment,Subcategory 23,408,546,3647280.0,1,499.74,3338261.37,120,0,0.0,5584,23,24.7,0.0,0.0,0.0,15.0,1000.0,488366.12,749820.5,-44144.28,2025-09-04,2026-08-30,2.74,0.15,199.29,1.5,6680.0,246.58,299.42,2000156.71,5007.0,-4461.0,Excess Inventory,Medium,Reduce reorder quantity and transfer or promote excess stock.
P00360,Electronics Product 0360,Electronics,Subcategory 0,409,61,414190.0,1,491.45,3336959.45,120,0,0.0,5607,23,25.3,0.0,0.0,0.0,15.0,1250.0,620510.74,952755.71,-50106.85,2025-09-05,2026-08-31,3.42,0.19,17.81,1.2,6790.0,308.22,0.0,0.0,4781.0,-4720.0,Critical Product,Critical,"Create urgent purchase order, increase safety stock and reduce supplier lead time."
P00361,Furniture Product 0361,Furniture,Subcategory 1,410,470,3243000.0,1,713.3,4921779.45,120,0,0.0,6090,24,23.67,0.0,0.0,0.0,15.0,237.0,119600.6,183603.05,-18777.03,2025-09-01,2026-08-27,0.65,0.02,723.84,6.33,6900.0,58.44,411.56,2839775.34,6278.0,-5808.0,Dead Stock,High,"Stop further purchasing and use clearance, bundle or supplier-return strategy."
P00362,Office Supplies Product 0362,Office Supplies,Subcategory 2,411,467,3273670.0,1,705.14,4943010.27,120,0,0.0,6114,24,24.42,0.0,0.0,0.0,15.0,500.0,256246.78,393489.33,-24956.19,2025-09-02,2026-08-28,1.37,0.05,340.91,3.0,7010.0,123.29,343.71,2409423.42,6040.0,-5573.0,Excess Inventory,Medium,Reduce reorder quantity and transfer or promote excess stock.
P00363,Home Appliances Product 0363,Home Appliances,Subcategory 3,412,282,2007840.0,1,696.97,4962444.93,120,0,0.0,6138,24,23.67,0.0,0.0,0.0,15.0,750.0,390400.8,599353.21,-32750.58,2025-09-03,2026-08-29,2.05,0.08,137.24,2.0,7120.0,184.93,97.07,691127.67,5815.0,-5533.0,Excess Inventory,Medium,Reduce reorder quantity and transfer or promote excess stock.
P00364,Accessories Product 0364,Accessories,Subcategory 4,413,461,3333030.0,1,688.81,4980083.42,120,0,0.0,6162,24,25.12,0.0,0.0,0.0,15.0,1000.0,528576.06,811291.62,-37485.73,2025-09-04,2026-08-30,2.74,0.11,168.26,1.5,7230.0,246.58,214.42,1550290.27,5590.0,-5129.0,Excess Inventory,Medium,Reduce reorder quantity and transfer or promote excess stock.
P00365,IT Equipment Product 0365,IT Equipment,Subcategory 5,414,451,3310340.0,1,680.55,4995221.92,120,0,0.0,6186,24,24.5,0.0,0.0,0.0,15.0,1250.0,670772.54,1029598.32,-47317.51,2025-09-05,2026-08-31,3.42,0.13,131.69,1.2,7340.0,308.22,142.78,1048011.23,5365.0,-4914.0,Excess Inventory,Medium,Reduce reorder quantity and transfer or promote excess stock.
P00366,Electronics Product 0366,Electronics,Subcategory 6,415,503,3747350.0,1,672.38,5009257.53,120,0,0.0,6260,24,24.5,0.0,0.0,0.0,15.0,250.0,136165.88,209016.38,-21853.57,2025-09-01,2026-08-27,0.68,0.03,734.38,6.0,7450.0,61.64,441.36,3288103.42,6440.0,-5937.0,Dead Stock,High,"Stop further purchasing and use clearance, bundle or supplier-return strategy."
P00367,Furniture Product 0367,Furniture,Subcategory 7,416,500,3780000.0,1,664.22,5021496.99,120,0,0.0,6650,25,24.32,0.0,0.0,0.0,15.0,500.0,276350.52,424229.28,-29967.0,2025-09-02,2026-08-28,1.37,0.06,365.0,3.0,7560.0,123.29,376.71,2847945.21,6581.0,-6081.0,Excess Inventory,Medium,Reduce reorder quantity and transfer or promote excess stock.
P00368,Office Supplies Product 0368,Office Supplies,Subcategory 8,417,497,3811990.0,1,655.93,5030994.66,120,0,0.0,6675,25,24.96,0.0,0.0,0.0,15.0,750.0,420558.88,645638.8,-36518.36,2025-09-03,2026-08-29,2.05,0.08,241.87,2.0,7670.0,184.93,312.07,2393565.34,6357.0,-5860.0,Excess Inventory,Medium,Reduce reorder quantity and transfer or promote excess stock.
P00369,Home Appliances Product 0369,Home Appliances,Subcategory 9,418,494,3843320.0,1,647.64,5038669.04,120,0,0.0,6700,25,24.4,0.0,0.0,0.0,15.0,996.0,564494.12,869646.17,-38444.17,2025-09-04,2026-08-30,2.73,0.11,181.03,1.51,7780.0,245.59,248.41,1932637.26,6137.0,-5643.0,Excess Inventory,Medium,Reduce reorder quantity and transfer or promote excess stock.
P00370,Accessories Product 0370,Accessories,Subcategory 10,419,491,3873990.0,1,639.36,5044520.14,120,0,0.0,6725,25,25.04,0.0,0.0,0.0,15.0,1250.0,718457.18,1106735.0,-45886.42,2025-09-05,2026-08-31,3.42,0.14,143.37,1.2,7890.0,308.22,182.78,1442140.68,5909.0,-5418.0,Excess Inventory,Medium,Reduce reorder quantity and transfer or promote excess stock.
P00371,IT Equipment Product 0371,IT Equipment,Subcategory 11,420,418,3344000.0,1,631.19,5049534.25,120,0,0.0,6430,24,23.0,0.0,0.0,0.0,15.0,250.0,146217.74,224380.87,-22909.41,2025-09-01,2026-08-27,0.68,0.03,610.28,6.0,8000.0,61.64,356.36,2850849.32,6615.0,-6197.0,Dead Stock,High,"Stop further purchasing and use clearance, bundle or supplier-return strategy."
P00372,Electronics Product 0372,Electronics,Subcategory 12,421,240,1946400.0,1,622.93,5051974.52,120,0,0.0,6775,25,24.44,0.0,0.0,0.0,15.0,500.0,296456.72,454959.42,-30676.98,2025-09-02,2026-08-28,1.37,0.06,175.2,3.0,8110.0,123.29,116.71,946536.99,6711.0,-6471.0,Excess Inventory,Medium,Reduce reorder quantity and transfer or promote excess stock.
P00373,Furniture Product 0373,Furniture,Subcategory 13,422,237,1948140.0,1,614.77,5053385.75,120,0,0.0,6428,24,24.33,0.0,0.0,0.0,15.0,750.0,450716.94,691736.12,-39579.52,2025-09-03,2026-08-29,2.05,0.09,115.34,2.0,8220.0,184.93,52.07,428003.01,6115.0,-5878.0,Excess Inventory,Medium,Reduce reorder quantity and transfer or promote excess stock.
P00374,Office Supplies Product 0374,Office Supplies,Subcategory 14,423,227,1890910.0,1,606.6,5053000.82,120,0,0.0,6452,24,24.96,0.0,0.0,0.0,15.0,1000.0,608995.94,934712.83,-47724.37,2025-09-04,2026-08-30,2.74,0.12,82.86,1.5,8330.0,246.58,0.0,0.0,5890.0,-5663.0,Normal,Low,Continue normal inventory monitoring.
P00375,Home Appliances Product 0375,Home Appliances,Subcategory 15,424,224,1890560.0,1,598.44,5050819.73,120,0,0.0,6476,24,23.75,0.0,0.0,0.0,15.0,1250.0,771298.64,1183891.09,-52148.2,2025-09-05,2026-08-31,3.42,0.15,65.41,1.2,8440.0,308.22,0.0,0.0,5665.0,-5441.0,Normal,Low,Continue normal inventory monitoring.
P00376,Accessories Product 0376,Accessories,Subcategory 16,425,213,1821150.0,1,590.27,5046842.47,120,0,0.0,6500,24,25.21,0.0,0.0,0.0,15.0,250.0,156269.6,239879.45,-25731.58,2025-09-01,2026-08-27,0.68,0.03,310.98,6.0,8550.0,61.64,151.36,1294095.21,6690.0,-6477.0,Excess Inventory,Medium,Reduce reorder quantity and transfer or promote excess stock.
P00377,IT Equipment Product 0377,IT Equipment,Subcategory 17,426,455,3940300.0,1,581.99,5040001.37,120,0,0.0,6524,24,24.58,0.0,0.0,0.0,15.0,500.0,316560.46,485819.28,-34054.64,2025-09-02,2026-08-28,1.37,0.06,332.15,3.0,8660.0,123.29,331.71,2872628.77,6465.0,-6010.0,Excess Inventory,Medium,Reduce reorder quantity and transfer or promote excess stock.
P00378,Electronics Product 0378,Electronics,Subcategory 18,427,207,1815390.0,1,573.7,5031336.99,120,0,0.0,6548,24,25.21,0.0,0.0,0.0,15.0,750.0,480872.54,737818.2,-43662.12,2025-09-03,2026-08-29,2.05,0.1,100.74,2.0,8770.0,184.93,22.07,193540.68,6240.0,-6033.0,Excess Inventory,Medium,Reduce reorder quantity and transfer or promote excess stock.
P00379,Furniture Product 0379,Furniture,Subcategory 19,428,442,3924960.0,1,565.32,5019997.81,120,0,0.0,6572,24,24.33,0.0,0.0,0.0,14.0,952.0,618266.76,948337.02,-49682.42,2025-09-04,2026-08-30,2.61,0.12,169.46,1.47,8880.0,234.74,207.26,1840471.23,6062.0,-5620.0,Excess Inventory,Medium,Reduce reorder quantity and transfer or promote excess stock.
P00380,Office Supplies Product 0380,Office Supplies,Subcategory 20,429,201,1806990.0,1,557.15,5008784.66,120,0,0.0,6267,23,23.57,0.0,0.0,0.0,15.0,1250.0,821560.44,1260703.01,-57084.27,2025-09-05,2026-08-31,3.42,0.16,58.69,1.2,8990.0,308.22,0.0,0.0,5461.0,-5260.0,Normal,Low,Continue normal inventory monitoring.
P00381,Home Appliances Product 0381,Home Appliances,Subcategory 21,430,373,3394300.0,1,779.12,7090021.92,120,0,0.0,7000,25,23.6,0.0,0.0,0.0,15.0,250.0,166321.48,255241.24,-30872.11,2025-09-01,2026-08-27,0.68,0.02,544.58,6.0,9100.0,61.64,311.36,2833341.1,7195.0,-6822.0,Excess Inventory,Medium,Reduce reorder quantity and transfer or promote excess stock.
P00382,Accessories Product 0382,Accessories,Subcategory 22,431,370,3407700.0,1,770.96,7100531.51,120,0,0.0,7025,25,25.04,0.0,0.0,0.0,15.0,500.0,336666.66,516686.77,-36491.48,2025-09-02,2026-08-28,1.37,0.05,270.1,3.0,9210.0,123.29,246.71,2272220.55,6971.0,-6601.0,Excess Inventory,Medium,Reduce reorder quantity and transfer or promote excess stock.
P00383,IT Equipment Product 0383,IT Equipment,Subcategory 23,432,367,3420440.0,1,762.79,7109244.93,120,0,0.0,7050,25,24.48,0.0,0.0,0.0,15.0,750.0,509204.06,784337.4,-41463.29,2025-09-03,2026-08-29,2.05,0.07,178.61,2.0,9320.0,184.93,182.07,1696878.36,6747.0,-6380.0,Excess Inventory,Medium,Reduce reorder quantity and transfer or promote excess stock.
P00384,Electronics Product 0384,Electronics,Subcategory 0,433,357,3366510.0,1,754.63,7116162.19,120,0,0.0,7075,25,25.12,0.0,0.0,0.0,15.0,996.0,684213.71,1053788.61,-47712.05,2025-09-04,2026-08-30,2.73,0.1,130.83,1.51,9430.0,245.59,111.41,1050605.34,6527.0,-6170.0,Excess Inventory,Medium,Reduce reorder quantity and transfer or promote excess stock.
P00385,Furniture Product 0385,Furniture,Subcategory 1,434,354,3377160.0,1,746.47,7121283.29,120,0,0.0,7100,25,24.32,0.0,0.0,0.0,15.0,1250.0,871822.26,1337487.39,-64371.16,2025-09-05,2026-08-31,3.42,0.12,103.37,1.2,9540.0,308.22,45.78,436749.04,6299.0,-5945.0,Excess Inventory,Medium,Reduce reorder quantity and transfer or promote excess stock.
P00386,Office Supplies Product 0386,Office Supplies,Subcategory 2,435,588,5674200.0,1,738.08,7122493.15,120,0,0.0,7125,25,24.96,0.0,0.0,0.0,15.0,250.0,176375.82,270599.02,-29701.51,2025-09-01,2026-08-27,0.68,0.02,858.48,6.0,9650.0,61.64,526.36,5079336.99,7325.0,-6737.0,Dead Stock,High,"Stop further purchasing and use clearance, bundle or supplier-return strategy."
P00387,Home Appliances Product 0387,Home Appliances,Subcategory 3,436,403,3933280.0,1,729.79,7122794.52,120,0,0.0,6814,24,24.42,0.0,0.0,0.0,15.0,500.0,356770.4,547404.21,-36761.96,2025-09-02,2026-08-28,1.37,0.05,294.19,3.0,9760.0,123.29,279.71,2729992.33,6765.0,-6362.0,Excess Inventory,Medium,Reduce reorder quantity and transfer or promote excess stock.
P00388,Accessories Product 0388,Accessories,Subcategory 4,437,400,3948000.0,1,721.51,7121272.6,120,0,0.0,6838,24,25.04,0.0,0.0,0.0,15.0,750.0,541188.7,830415.67,-50801.61,2025-09-03,2026-08-29,2.05,0.08,194.67,2.0,9870.0,184.93,215.07,2122726.03,6540.0,-6140.0,Excess Inventory,Medium,Reduce reorder quantity and transfer or promote excess stock.
P00389,IT Equipment Product 0389,IT Equipment,Subcategory 5,438,397,3962060.0,1,713.34,7119157.81,120,0,0.0,6862,24,23.0,0.0,0.0,0.0,15.0,1000.0,729625.76,1119635.28,-53576.71,2025-09-04,2026-08-30,2.74,0.1,144.9,1.5,9980.0,246.58,150.42,1501238.08,6315.0,-5918.0,Excess Inventory,Medium,Reduce reorder quantity and transfer or promote excess stock.
P00390,Electronics Product 0390,Electronics,Subcategory 6,439,394,3975460.0,1,705.18,7115246.85,120,0,0.0,6886,24,24.58,0.0,0.0,0.0,15.0,1250.0,922084.06,1415064.2,-66877.22,2025-09-05,2026-08-31,3.42,0.13,115.05,1.2,10090.0,308.22,85.78,865528.49,6090.0,-5696.0,Excess Inventory,Medium,Reduce reorder quantity and transfer or promote excess stock.
P00391,Furniture Product 0391,Furniture,Subcategory 7,440,321,3274200.0,1,697.01,7109539.73,120,0,0.0,6910,24,24.42,0.0,0.0,0.0,15.0,250.0,186427.68,286034.64,-35176.4,2025-09-01,2026-08-27,0.68,0.03,468.66,6.0,10200.0,61.64,259.36,2645432.88,7115.0,-6794.0,Excess Inventory,Medium,Reduce reorder quantity and transfer or promote excess stock.
P00392,Office Supplies Product 0392,Office Supplies,Subcategory 8,441,380,3917800.0,1,688.85,7102036.44,120,0,0.0,6934,24,25.04,0.0,0.0,0.0,15.0,500.0,376876.6,578111.49,-39171.24,2025-09-02,2026-08-28,1.37,0.05,277.4,3.0,10310.0,123.29,256.71,2646704.11,6890.0,-6510.0,Excess Inventory,Medium,Reduce reorder quantity and transfer or promote excess stock.
P00393,Home Appliances Product 0393,Home Appliances,Subcategory 9,442,315,3282300.0,1,680.59,7091737.81,120,0,0.0,6958,24,24.42,0.0,0.0,0.0,15.0,750.0,571344.28,876478.34,-52803.63,2025-09-03,2026-08-29,2.05,0.08,153.3,2.0,10420.0,184.93,130.07,1355313.7,6665.0,-6350.0,Excess Inventory,Medium,Reduce reorder quantity and transfer or promote excess stock.
P00394,Accessories Product 0394,Accessories,Subcategory 10,443,367,3864510.0,1,672.42,7080631.64,120,0,0.0,6689,23,24.39,0.0,0.0,0.0,15.0,1000.0,769835.7,1181055.58,-60603.04,2025-09-04,2026-08-30,2.74,0.11,133.96,1.5,10530.0,246.58,120.42,1268071.64,6147.0,-5780.0,Excess Inventory,Medium,Reduce reorder quantity and transfer or promote excess stock.
P00395,IT Equipment Product 0395,IT Equipment,Subcategory 11,444,309,3287760.0,1,664.14,7066417.53,120,0,0.0,7006,24,24.67,0.0,0.0,0.0,15.0,1250.0,972345.86,1491843.66,-72215.71,2025-09-05,2026-08-31,3.42,0.14,90.23,1.2,10640.0,308.22,0.78,8307.95,6215.0,-5906.0,Excess Inventory,Medium,Reduce reorder quantity and transfer or promote excess stock.
P00396,Electronics Product 0396,Electronics,Subcategory 12,445,536,5762000.0,1,655.85,7050380.14,120,0,0.0,7375,25,25.12,0.0,0.0,0.0,15.0,250.0,195777.27,301474.79,-35355.05,2025-09-01,2026-08-27,0.68,0.03,782.56,6.0,10750.0,61.64,474.36,5099328.77,7585.0,-7049.0,Dead Stock,High,"Stop further purchasing and use clearance, bundle or supplier-return strategy."
P00397,Furniture Product 0397,Furniture,Subcategory 13,446,533,5788380.0,1,647.56,7032519.45,120,0,0.0,7400,25,24.32,0.0,0.0,0.0,15.0,500.0,395561.42,609159.86,-41203.4,2025-09-02,2026-08-28,1.37,0.06,389.09,3.0,10860.0,123.29,409.71,4449475.89,7361.0,-6828.0,Excess Inventory,Medium,Reduce reorder quantity and transfer or promote excess stock.
P00398,Office Supplies Product 0398,Office Supplies,Subcategory 14,447,530,5814100.0,1,639.4,7014187.95,120,0,0.0,7425,25,24.28,0.0,0.0,0.0,15.0,750.0,599352.43,922792.5,-49838.66,2025-09-03,2026-08-29,2.05,0.09,257.93,2.0,10970.0,184.93,345.07,3785401.37,7137.0,-6607.0,Excess Inventory,Medium,Reduce reorder quantity and transfer or promote excess stock.
P00399,Home Appliances Product 0399,Home Appliances,Subcategory 15,448,527,5839160.0,1,631.23,6994060.27,120,0,0.0,7450,25,23.6,0.0,0.0,0.0,15.0,996.0,806828.62,1237587.2,-66495.65,2025-09-04,2026-08-30,2.73,0.12,193.13,1.51,11080.0,245.59,281.41,3118033.42,6917.0,-6390.0,Excess Inventory,Medium,Reduce reorder quantity and transfer or promote excess stock.
P00400,Accessories Product 0400,Accessories,Subcategory 16,449,524,5863560.0,1,622.97,6971063.42,120,0,0.0,7475,25,25.04,0.0,0.0,0.0,15.0,1250.0,1022610.14,1568597.35,-69935.51,2025-09-05,2026-08-31,3.42,0.15,153.01,1.2,11190.0,308.22,215.78,2414587.4,6689.0,-6165.0,Excess Inventory,Medium,Reduce reorder quantity and transfer or promote excess stock.
P00401,IT Equipment Product 0401,IT Equipment,Subcategory 17,450,451,135300.0,1,680.56,204168.49,120,0,0.0,6150,25,24.48,0.0,0.0,0.0,15.0,250.0,5484.18,8800.71,-11358.21,2025-09-01,2026-08-27,0.68,0.03,658.46,6.0,300.0,61.64,389.36,116806.85,6365.0,-5914.0,Dead Stock,High,"Stop further purchasing and use clearance, bundle or supplier-return strategy."
P00402,Electronics Product 0402,Electronics,Subcategory 18,451,448,183680.0,1,672.4,275682.88,120,0,0.0,5874,24,25.12,0.0,0.0,0.0,15.0,500.0,14987.14,23763.48,-11873.78,2025-09-02,2026-08-28,1.37,0.05,327.04,3.0,410.0,123.29,324.71,133132.05,5840.0,-5392.0,Excess Inventory,Medium,Reduce reorder quantity and transfer or promote excess stock.
P00403,Furniture Product 0403,Furniture,Subcategory 19,452,263,136760.0,1,664.23,345401.1,120,0,0.0,5898,24,23.67,0.0,0.0,0.0,15.0,741.0,28171.65,44357.48,-12382.27,2025-09-03,2026-08-29,2.03,0.08,129.55,2.02,520.0,182.71,80.29,41749.59,5624.0,-5361.0,Excess Inventory,Medium,Reduce reorder quantity and transfer or promote excess stock.
P00404,Office Supplies Product 0404,Office Supplies,Subcategory 20,453,442,278460.0,1,655.95,413245.48,120,0,0.0,6225,25,24.96,0.0,0.0,0.0,15.0,1000.0,46059.24,72183.81,-13371.84,2025-09-04,2026-08-30,2.74,0.11,161.33,1.5,630.0,246.58,195.42,123117.53,5693.0,-5251.0,Excess Inventory,Medium,Reduce reorder quantity and transfer or promote excess stock.
P00405,Home Appliances Product 0405,Home Appliances,Subcategory 21,454,439,324860.0,1,647.66,479266.58,120,0,0.0,5946,24,24.5,0.0,0.0,0.0,15.0,1240.0,67088.78,104768.3,-14162.99,2025-09-05,2026-08-31,3.4,0.14,129.22,1.21,740.0,305.75,133.25,98602.47,5175.0,-4736.0,Excess Inventory,Medium,Reduce reorder quantity and transfer or promote excess stock.
P00406,Accessories Product 0406,Accessories,Subcategory 22,455,246,209100.0,1,639.37,543464.38,120,0,0.0,5970,24,25.12,0.0,0.0,0.0,15.0,250.0,15536.06,24198.22,-13554.54,2025-09-01,2026-08-27,0.68,0.03,359.16,6.0,850.0,61.64,184.36,156702.74,6190.0,-5944.0,Excess Inventory,Medium,Reduce reorder quantity and transfer or promote excess stock.
P00407,IT Equipment Product 0407,IT Equipment,Subcategory 23,456,243,233280.0,1,631.11,605865.21,120,0,0.0,5994,24,23.67,0.0,0.0,0.0,15.0,498.0,34953.97,54337.98,-14484.67,2025-09-02,2026-08-28,1.36,0.06,178.1,3.01,960.0,122.79,120.21,115397.26,5967.0,-5724.0,Excess Inventory,Medium,Reduce reorder quantity and transfer or promote excess stock.
P00408,Electronics Product 0408,Electronics,Subcategory 0,457,240,256800.0,1,622.95,666551.37,120,0,0.0,5761,23,23.74,0.0,0.0,0.0,15.0,741.0,57970.4,89990.48,-15298.02,2025-09-03,2026-08-29,2.03,0.09,118.22,2.02,1070.0,182.71,57.29,61297.81,5492.0,-5252.0,Excess Inventory,Medium,Reduce reorder quantity and transfer or promote excess stock.
P00409,Furniture Product 0409,Furniture,Subcategory 1,458,237,279660.0,1,614.78,725441.37,120,0,0.0,6042,24,24.5,0.0,0.0,0.0,15.0,1000.0,86269.18,133781.94,-16972.72,2025-09-04,2026-08-30,2.74,0.12,86.51,1.5,1180.0,246.58,0.0,0.0,5515.0,-5278.0,Normal,Low,Continue normal inventory monitoring.
P00410,Office Supplies Product 0410,Office Supplies,Subcategory 2,459,472,608880.0,1,606.62,782535.21,120,0,0.0,6066,24,25.12,0.0,0.0,0.0,15.0,1250.0,117466.36,182645.09,-17442.39,2025-09-05,2026-08-31,3.42,0.15,137.82,1.2,1290.0,308.22,163.78,211277.26,5290.0,-4818.0,Excess Inventory,Medium,Reduce reorder quantity and transfer or promote excess stock.
P00411,Home Appliances Product 0411,Home Appliances,Subcategory 3,460,406,568400.0,1,598.45,837832.88,120,0,0.0,6400,25,24.4,0.0,0.0,0.0,15.0,250.0,25496.46,39613.17,-15702.23,2025-09-01,2026-08-27,0.68,0.03,592.76,6.0,1400.0,61.64,344.36,482098.63,6625.0,-6219.0,Dead Stock,High,"Stop further purchasing and use clearance, bundle or supplier-return strategy."
P00412,Accessories Product 0412,Accessories,Subcategory 4,461,403,608530.0,1,590.29,891334.38,120,0,0.0,6425,25,25.04,0.0,0.0,0.0,14.0,496.0,54758.66,84701.12,-16956.82,2025-09-02,2026-08-28,1.36,0.06,296.56,2.82,1510.0,122.3,280.7,423854.93,6404.0,-6001.0,Dead Stock,High,"Stop further purchasing and use clearance, bundle or supplier-return strategy."
P00413,IT Equipment Product 0413,IT Equipment,Subcategory 5,462,393,636660.0,1,582.0,942840.0,120,0,0.0,6450,25,24.48,0.0,0.0,0.0,15.0,741.0,87769.17,135632.24,-18325.31,2025-09-03,2026-08-29,2.03,0.09,193.58,2.02,1620.0,182.71,210.29,340666.03,6186.0,-5793.0,Excess Inventory,Medium,Reduce reorder quantity and transfer or promote excess stock.
P00414,Electronics Product 0414,Electronics,Subcategory 6,463,390,674700.0,1,573.62,992356.44,120,0,0.0,6475,25,25.12,0.0,0.0,0.0,15.0,996.0,125976.82,194586.28,-19736.04,2025-09-04,2026-08-30,2.73,0.13,142.92,1.51,1730.0,245.59,144.41,249830.96,5957.0,-5567.0,Excess Inventory,Medium,Reduce reorder quantity and transfer or promote excess stock.
P00415,Furniture Product 0415,Furniture,Subcategory 7,464,387,712080.0,1,565.33,1040204.93,120,0,0.0,6500,25,24.32,0.0,0.0,0.0,15.0,1250.0,168149.54,259621.08,-22173.5,2025-09-05,2026-08-31,3.42,0.16,113.0,1.2,1840.0,308.22,78.78,144956.71,5729.0,-5342.0,Excess Inventory,Medium,Reduce reorder quantity and transfer or promote excess stock.
P00416,Office Supplies Product 0416,Office Supplies,Subcategory 8,465,439,856050.0,1,557.16,1086470.55,120,0,0.0,6260,24,24.25,0.0,0.0,0.0,15.0,250.0,35639.78,55009.05,-18399.27,2025-09-01,2026-08-27,0.68,0.03,640.94,6.0,1950.0,61.64,377.36,735844.52,6490.0,-6051.0,Dead Stock,High,"Stop further purchasing and use clearance, bundle or supplier-return strategy."
P00417,Home Appliances Product 0417,Home Appliances,Subcategory 9,466,436,898160.0,1,549.0,1130940.0,120,0,0.0,6284,24,22.92,0.0,0.0,0.0,15.0,500.0,75303.28,116189.01,-19101.87,2025-09-02,2026-08-28,1.37,0.07,318.28,3.0,2060.0,123.29,312.71,644187.4,6265.0,-5829.0,Excess Inventory,Medium,Reduce reorder quantity and transfer or promote excess stock.
P00418,Accessories Product 0418,Accessories,Subcategory 10,467,188,407960.0,1,540.84,1173613.29,120,0,0.0,6575,25,25.04,0.0,0.0,0.0,15.0,741.0,117567.94,181323.16,-20829.39,2025-09-03,2026-08-29,2.03,0.1,92.6,2.02,2170.0,182.71,5.29,11474.25,6316.0,-6128.0,Excess Inventory,Medium,Reduce reorder quantity and transfer or promote excess stock.
P00419,IT Equipment Product 0419,IT Equipment,Subcategory 11,468,185,421800.0,1,532.67,1214490.41,120,0,0.0,6332,24,24.58,0.0,0.0,0.0,15.0,992.0,165365.08,254946.1,-24264.68,2025-09-04,2026-08-30,2.72,0.14,68.07,1.51,2280.0,244.6,0.0,0.0,5823.0,-5638.0,Normal,Low,Continue normal inventory monitoring.
P00420,Electronics Product 0420,Electronics,Subcategory 12,469,418,999020.0,1,524.51,1253571.37,120,0,0.0,6356,24,25.21,0.0,0.0,0.0,15.0,1250.0,218411.34,336571.66,-25769.56,2025-09-05,2026-08-31,3.42,0.17,122.06,1.2,2390.0,308.22,109.78,262376.16,5590.0,-5172.0,Excess Inventory,Medium,Reduce reorder quantity and transfer or promote excess stock.
P00422,Office Supplies Product 0422,Office Supplies,Subcategory 14,471,351,916110.0,1,738.1,1926430.27,120,0,0.0,6183,23,24.3,0.0,0.0,0.0,15.0,498.0,95028.12,146365.35,-21175.56,2025-09-02,2026-08-28,1.36,0.05,257.26,3.01,2610.0,122.79,228.21,595616.3,6171.0,-5820.0,Excess Inventory,Medium,Reduce reorder quantity and transfer or promote excess stock.
P00423,Home Appliances Product 0423,Home Appliances,Subcategory 15,472,403,1096160.0,1,729.81,1985078.36,120,0,0.0,6428,24,24.58,0.0,0.0,0.0,14.0,741.0,147364.26,226970.31,-24419.21,2025-09-03,2026-08-29,2.03,0.07,198.51,1.89,2720.0,182.71,220.29,599182.47,6173.0,-5770.0,Excess Inventory,Medium,Reduce reorder quantity and transfer or promote excess stock.
P00424,Accessories Product 0424,Accessories,Subcategory 16,473,400,1132000.0,1,721.52,2041903.15,120,0,0.0,6452,24,25.21,0.0,0.0,0.0,15.0,1000.0,206159.5,318638.34,-25568.38,2025-09-04,2026-08-30,2.74,0.1,146.0,1.5,2830.0,246.58,153.42,434191.78,5940.0,-5540.0,Excess Inventory,Medium,Reduce reorder quantity and transfer or promote excess stock.
P00425,IT Equipment Product 0425,IT Equipment,Subcategory 17,474,397,1167180.0,1,713.36,2097267.12,120,0,0.0,6476,24,23.75,0.0,0.0,0.0,15.0,1250.0,267715.31,413736.0,-28146.86,2025-09-05,2026-08-31,3.42,0.13,115.92,1.2,2940.0,308.22,88.78,261015.62,5715.0,-5318.0,Excess Inventory,Medium,Reduce reorder quantity and transfer or promote excess stock.
P00426,Electronics Product 0426,Electronics,Subcategory 18,475,569,1735450.0,1,705.19,2150834.93,120,0,0.0,6775,25,24.44,0.0,0.0,0.0,15.0,247.0,55081.83,84784.16,-20655.63,2025-09-01,2026-08-27,0.68,0.03,840.83,6.07,3050.0,60.9,508.1,1549692.47,7018.0,-6449.0,Dead Stock,High,"Stop further purchasing and use clearance, bundle or supplier-return strategy."
P00427,Furniture Product 0427,Furniture,Subcategory 19,476,566,1788560.0,1,697.03,2202606.58,120,0,0.0,6800,25,24.32,0.0,0.0,0.0,15.0,500.0,115510.74,177745.13,-24688.55,2025-09-02,2026-08-28,1.37,0.05,413.18,3.0,3160.0,123.29,442.71,1398970.96,6791.0,-6225.0,Excess Inventory,Medium,Reduce reorder quantity and transfer or promote excess stock.
P00428,Office Supplies Product 0428,Office Supplies,Subcategory 20,477,563,1841010.0,1,688.77,2252268.49,120,0,0.0,6825,25,24.96,0.0,0.0,0.0,15.0,744.0,177875.08,273672.13,-26275.64,2025-09-03,2026-08-29,2.04,0.08,276.2,2.02,3270.0,183.45,379.55,1241121.78,6573.0,-6010.0,Excess Inventory,Medium,Reduce reorder quantity and transfer or promote excess stock.
P00429,Home Appliances Product 0429,Home Appliances,Subcategory 21,478,560,1892800.0,1,680.6,2300437.26,120,0,0.0,6850,25,24.4,0.0,0.0,0.0,15.0,996.0,246127.57,378669.92,-29471.73,2025-09-04,2026-08-30,2.73,0.11,205.22,1.51,3380.0,245.59,314.41,1062709.04,6347.0,-5787.0,Excess Inventory,Medium,Reduce reorder quantity and transfer or promote excess stock.
P00430,Accessories Product 0430,Accessories,Subcategory 22,479,548,1912520.0,1,672.44,2346809.86,120,0,0.0,6875,25,25.04,0.0,0.0,0.0,15.0,1250.0,318937.42,490680.23,-34071.46,2025-09-05,2026-08-31,3.42,0.14,160.02,1.2,3490.0,308.22,239.78,836835.07,6119.0,-5571.0,Excess Inventory,Medium,Reduce reorder quantity and transfer or promote excess stock.
P00431,IT Equipment Product 0431,IT Equipment,Subcategory 23,480,309,1112400.0,1,664.15,2390942.47,120,0,0.0,6670,24,23.83,0.0,0.0,0.0,15.0,250.0,65797.86,101225.02,-23968.2,2025-09-01,2026-08-27,0.68,0.03,451.14,6.0,3600.0,61.64,247.36,890482.19,6915.0,-6606.0,Excess Inventory,Medium,Reduce reorder quantity and transfer or promote excess stock.
P00432,Electronics Product 0432,Electronics,Subcategory 0,481,299,1109290.0,1,655.86,2433251.78,120,0,0.0,6925,25,25.12,0.0,0.0,0.0,15.0,500.0,135616.96,208628.36,-26749.03,2025-09-02,2026-08-28,1.37,0.06,218.27,3.0,3710.0,123.29,175.71,651892.74,6921.0,-6622.0,Excess Inventory,Medium,Reduce reorder quantity and transfer or promote excess stock.
P00433,Furniture Product 0433,Furniture,Subcategory 1,482,296,1130720.0,1,647.58,2473737.81,120,0,0.0,6950,25,24.32,0.0,0.0,0.0,14.0,735.0,205298.1,315703.46,-29729.06,2025-09-03,2026-08-29,2.01,0.08,146.99,1.9,3820.0,181.23,114.77,438410.41,6711.0,-6415.0,Excess Inventory,Medium,Reduce reorder quantity and transfer or promote excess stock.
P00434,Office Supplies Product 0434,Office Supplies,Subcategory 2,483,284,1116120.0,1,639.41,2512885.07,120,0,0.0,6742,24,24.33,0.0,0.0,0.0,15.0,1000.0,287316.4,441722.84,-33810.21,2025-09-04,2026-08-30,2.74,0.11,103.66,1.5,3930.0,246.58,37.42,147078.9,6240.0,-5956.0,Excess Inventory,Medium,Reduce reorder quantity and transfer or promote excess stock.
P00435,Home Appliances Product 0435,Home Appliances,Subcategory 3,484,281,1135240.0,1,631.15,2549848.77,120,0,0.0,6766,24,23.58,0.0,0.0,0.0,15.0,1250.0,369199.24,567599.41,-36155.19,2025-09-05,2026-08-31,3.42,0.14,82.05,1.2,4040.0,308.22,0.0,0.0,6015.0,-5734.0,Normal,Low,Continue normal inventory monitoring.
P00436,Accessories Product 0436,Accessories,Subcategory 4,485,279,1157850.0,1,622.99,2585393.15,120,0,0.0,6605,23,24.39,0.0,0.0,0.0,15.0,250.0,75849.72,116609.47,-25101.98,2025-09-01,2026-08-27,0.68,0.03,407.34,6.0,4150.0,61.64,217.36,902028.08,6855.0,-6576.0,Excess Inventory,Medium,Reduce reorder quantity and transfer or promote excess stock.
P00437,IT Equipment Product 0437,IT Equipment,Subcategory 5,486,276,1175760.0,1,614.82,2619141.37,120,0,0.0,6814,24,24.67,0.0,0.0,0.0,15.0,498.0,154545.67,238471.21,-28092.74,2025-09-02,2026-08-28,1.36,0.06,202.29,3.01,4260.0,122.79,153.21,652655.34,6817.0,-6541.0,Excess Inventory,Medium,Reduce reorder quantity and transfer or promote excess stock.
P00438,Electronics Product 0438,Electronics,Subcategory 6,487,273,1193010.0,1,606.66,2651093.42,120,0,0.0,6838,24,25.29,0.0,0.0,0.0,15.0,744.0,236853.25,365484.73,-32921.88,2025-09-03,2026-08-29,2.04,0.09,133.93,2.02,4370.0,183.45,89.55,391324.52,6596.0,-6323.0,Excess Inventory,Medium,Reduce reorder quantity and transfer or promote excess stock.
P00439,Furniture Product 0439,Furniture,Subcategory 7,488,499,2235520.0,1,598.49,2681249.32,120,0,0.0,6862,24,24.42,0.0,0.0,0.0,15.0,1000.0,326355.67,503525.94,-34863.44,2025-09-04,2026-08-30,2.74,0.12,182.14,1.5,4480.0,246.58,252.42,1130862.47,6365.0,-5866.0,Excess Inventory,Medium,Reduce reorder quantity and transfer or promote excess stock.
P00440,Office Supplies Product 0440,Office Supplies,Subcategory 8,489,258,1184220.0,1,590.21,2709043.15,120,0,0.0,6886,24,24.33,0.0,0.0,0.0,15.0,1235.0,414463.49,636915.84,-40469.83,2025-09-05,2026-08-31,3.38,0.15,76.25,1.21,4590.0,304.52,0.0,0.0,6155.0,-5897.0,Normal,Low,Continue normal inventory monitoring.
P00441,Home Appliances Product 0441,Home Appliances,Subcategory 9,490,739,3473300.0,1,812.05,3816657.53,120,0,0.0,7010,24,23.75,0.0,0.0,0.0,15.0,250.0,85904.06,131988.85,-18709.02,2025-09-01,2026-08-27,0.68,0.02,1078.94,6.0,4700.0,61.64,677.36,3183573.97,7265.0,-6526.0,Dead Stock,High,"Stop further purchasing and use clearance, bundle or supplier-return strategy."
P00442,Accessories Product 0442,Accessories,Subcategory 10,491,729,3506490.0,1,803.67,3865658.63,120,0,0.0,7175,25,25.04,0.0,0.0,0.0,15.0,500.0,175826.9,270159.79,-20633.27,2025-09-02,2026-08-28,1.37,0.05,532.17,3.0,4810.0,123.29,605.71,2913476.3,7181.0,-6452.0,Excess Inventory,Medium,Reduce reorder quantity and transfer or promote excess stock.
P00443,IT Equipment Product 0443,IT Equipment,Subcategory 11,492,726,3571920.0,1,795.51,3913893.7,120,0,0.0,7200,25,23.68,0.0,0.0,0.0,15.0,744.0,267628.24,411179.93,-26413.94,2025-09-03,2026-08-29,2.04,0.07,356.17,2.02,4920.0,183.45,542.55,2669335.89,6963.0,-6237.0,Excess Inventory,Medium,Reduce reorder quantity and transfer or promote excess stock.
P00444,Electronics Product 0444,Electronics,Subcategory 12,493,714,3591420.0,1,787.34,3960332.6,120,0,0.0,7225,25,24.44,0.0,0.0,0.0,14.0,948.0,348750.69,535601.84,-30091.97,2025-09-04,2026-08-30,2.6,0.09,274.91,1.48,5030.0,233.75,480.25,2415640.27,6784.0,-6070.0,Excess Inventory,Medium,Reduce reorder quantity and transfer or promote excess stock.
P00445,Furniture Product 0445,Furniture,Subcategory 13,494,711,3654540.0,1,779.18,4004975.34,120,0,0.0,7056,24,23.67,0.0,0.0,0.0,15.0,1250.0,469722.84,721776.78,-35134.69,2025-09-05,2026-08-31,3.42,0.12,207.61,1.2,5140.0,308.22,402.78,2070293.42,6315.0,-5604.0,Excess Inventory,Medium,Reduce reorder quantity and transfer or promote excess stock.
P00446,Office Supplies Product 0446,Office Supplies,Subcategory 14,495,234,1228500.0,1,771.01,4047821.92,120,0,0.0,7275,25,24.96,0.0,0.0,0.0,15.0,250.0,95955.94,147447.9,-19605.06,2025-09-01,2026-08-27,0.68,0.02,341.64,6.0,5250.0,61.64,172.36,904869.86,7535.0,-7301.0,Excess Inventory,Medium,Reduce reorder quantity and transfer or promote excess stock.
P00447,Home Appliances Product 0447,Home Appliances,Subcategory 15,496,224,1200640.0,1,762.85,4088872.33,120,0,0.0,7300,25,24.4,0.0,0.0,0.0,15.0,500.0,195930.64,300996.43,-21098.39,2025-09-02,2026-08-28,1.37,0.05,163.52,3.0,5360.0,123.29,100.71,539818.08,7311.0,-7087.0,Excess Inventory,Medium,Reduce reorder quantity and transfer or promote excess stock.
P00448,Accessories Product 0448,Accessories,Subcategory 16,497,221,1208870.0,1,754.68,4128126.58,120,0,0.0,7128,24,25.12,0.0,0.0,0.0,15.0,750.0,299929.04,460641.44,-29655.27,2025-09-03,2026-08-29,2.05,0.07,107.55,2.0,5470.0,184.93,36.07,197294.66,6890.0,-6669.0,Excess Inventory,Medium,Reduce reorder quantity and transfer or promote excess stock.
P00449,IT Equipment Product 0449,IT Equipment,Subcategory 17,498,209,1166220.0,1,746.3,4164361.64,120,0,0.0,7152,24,24.5,0.0,0.0,0.0,15.0,1000.0,407946.22,626559.26,-32013.85,2025-09-04,2026-08-30,2.74,0.1,76.29,1.5,5580.0,246.58,0.0,0.0,6665.0,-6456.0,Normal,Low,Continue normal inventory monitoring.
P00450,Electronics Product 0450,Electronics,Subcategory 18,499,206,1172140.0,1,738.01,4199297.95,120,0,0.0,7027,23,24.48,0.0,0.0,0.0,15.0,1250.0,519987.14,798664.56,-37732.22,2025-09-05,2026-08-31,3.42,0.12,60.15,1.2,5690.0,308.22,0.0,0.0,6291.0,-6085.0,Normal,Low,Continue normal inventory monitoring.
P00451,Furniture Product 0451,Furniture,Subcategory 19,500,687,3984600.0,1,729.73,4232410.96,120,0,0.0,5850,24,24.5,0.0,0.0,0.0,15.0,250.0,105628.9,162826.71,-21261.34,2025-09-01,2026-08-27,0.68,0.02,1003.02,6.0,5800.0,61.64,625.36,3627065.75,6115.0,-5428.0,Dead Stock,High,"Stop further purchasing and use clearance, bundle or supplier-return strategy."
P00452,Office Supplies Product 0452,Office Supplies,Subcategory 20,501,439,2594490.0,1,721.56,4264429.32,120,0,0.0,5723,23,24.39,0.0,0.0,0.0,15.0,498.0,214406.7,330541.56,-26440.69,2025-09-02,2026-08-28,1.36,0.05,321.76,3.01,5910.0,122.79,316.21,1868774.38,5741.0,-5302.0,Dead Stock,High,"Stop further purchasing and use clearance, bundle or supplier-return strategy."
P00453,Home Appliances Product 0453,Home Appliances,Subcategory 21,502,672,4045440.0,1,713.4,4294651.51,120,0,0.0,5898,24,23.67,0.0,0.0,0.0,15.0,750.0,328907.31,507046.31,-32041.88,2025-09-03,2026-08-29,2.05,0.08,327.04,2.0,6020.0,184.93,487.07,2932152.33,5665.0,-4993.0,Excess Inventory,Medium,Reduce reorder quantity and transfer or promote excess stock.
P00454,Accessories Product 0454,Accessories,Subcategory 22,503,424,2599120.0,1,705.23,4323077.53,120,0,0.0,5922,24,24.42,0.0,0.0,0.0,15.0,1000.0,448156.18,688243.93,-35868.22,2025-09-04,2026-08-30,2.74,0.1,154.76,1.5,6130.0,246.58,177.42,1087613.15,5440.0,-5016.0,Excess Inventory,Medium,Reduce reorder quantity and transfer or promote excess stock.
P00455,IT Equipment Product 0455,IT Equipment,Subcategory 23,504,659,4112160.0,1,697.07,4349707.4,120,0,0.0,5688,22,23.91,0.0,0.0,0.0,15.0,1250.0,570248.94,875526.23,-42978.42,2025-09-05,2026-08-31,3.42,0.13,192.43,1.2,6240.0,308.22,350.78,2188872.33,4957.0,-4298.0,Excess Inventory,Medium,Reduce reorder quantity and transfer or promote excess stock.
P00456,Electronics Product 0456,Electronics,Subcategory 0,505,664,4216400.0,1,688.81,4373932.19,120,0,0.0,6020,24,25.21,0.0,0.0,0.0,15.0,250.0,116059.66,178200.45,-24414.28,2025-09-01,2026-08-27,0.68,0.03,969.44,6.0,6350.0,61.64,602.36,3824961.64,6290.0,-5626.0,Dead Stock,High,"Stop further purchasing and use clearance, bundle or supplier-return strategy."
P00457,Furniture Product 0457,Furniture,Subcategory 1,506,654,4224840.0,1,680.64,4396959.18,120,0,0.0,6044,24,24.33,0.0,0.0,0.0,15.0,500.0,236140.58,362589.33,-27666.64,2025-09-02,2026-08-28,1.37,0.05,477.42,3.0,6460.0,123.29,530.71,3428401.64,6065.0,-5411.0,Excess Inventory,Medium,Reduce reorder quantity and transfer or promote excess stock.
P00458,Office Supplies Product 0458,Office Supplies,Subcategory 2,507,167,1097190.0,1,672.36,4417380.0,120,0,0.0,6068,24,24.96,0.0,0.0,0.0,15.0,750.0,360242.72,553170.31,-36327.63,2025-09-03,2026-08-29,2.05,0.08,81.27,2.0,6570.0,184.93,0.0,0.0,5840.0,-5673.0,Normal,Low,Continue normal inventory monitoring.
P00459,Home Appliances Product 0459,Home Appliances,Subcategory 3,508,639,4268520.0,1,664.07,4435977.53,120,0,0.0,6092,24,23.75,0.0,0.0,0.0,15.0,1000.0,488366.12,749944.2,-41386.31,2025-09-04,2026-08-30,2.74,0.11,233.24,1.5,6680.0,246.58,392.42,2621396.71,5615.0,-4976.0,Excess Inventory,Medium,Reduce reorder quantity and transfer or promote excess stock.
P00460,Accessories Product 0460,Accessories,Subcategory 4,509,154,1045660.0,1,655.78,4452751.78,120,0,0.0,6116,24,25.21,0.0,0.0,0.0,15.0,1250.0,620510.74,952912.87,-47366.17,2025-09-05,2026-08-31,3.42,0.14,44.97,1.2,6790.0,308.22,0.0,0.0,5390.0,-5236.0,Normal,Low,Continue normal inventory monitoring.
P00461,IT Equipment Product 0461,IT Equipment,Subcategory 5,510,397,2739300.0,1,877.75,6056498.63,120,0,0.0,6300,25,23.68,0.0,0.0,0.0,15.0,250.0,126111.52,193623.57,-26485.01,2025-09-01,2026-08-27,0.68,0.02,579.62,6.0,6900.0,61.64,335.36,2313957.53,6575.0,-6178.0,Dead Stock,High,"Stop further purchasing and use clearance, bundle or supplier-return strategy."
P00462,Electronics Product 0462,Electronics,Subcategory 6,511,394,2761940.0,1,869.59,6095819.18,120,0,0.0,6325,25,24.44,0.0,0.0,0.0,15.0,500.0,256246.78,393327.1,-30868.44,2025-09-02,2026-08-28,1.37,0.04,287.62,3.0,7010.0,123.29,270.71,1897693.42,6351.0,-5957.0,Excess Inventory,Medium,Reduce reorder quantity and transfer or promote excess stock.
P00463,Furniture Product 0463,Furniture,Subcategory 7,512,382,2719840.0,1,861.33,6132660.82,120,0,0.0,6350,25,24.32,0.0,0.0,0.0,15.0,750.0,390400.8,599279.07,-41092.19,2025-09-03,2026-08-29,2.05,0.06,185.91,2.0,7120.0,184.93,197.07,1403127.67,6127.0,-5745.0,Excess Inventory,Medium,Reduce reorder quantity and transfer or promote excess stock.
P00464,Office Supplies Product 0464,Office Supplies,Subcategory 8,513,379,2740170.0,1,853.16,6168378.49,120,0,0.0,6262,24,24.33,0.0,0.0,0.0,15.0,1000.0,528576.06,811425.46,-44075.43,2025-09-04,2026-08-30,2.74,0.09,138.34,1.5,7230.0,246.58,132.42,957430.27,5790.0,-5411.0,Excess Inventory,Medium,Reduce reorder quantity and transfer or promote excess stock.
P00465,Home Appliances Product 0465,Home Appliances,Subcategory 9,514,369,2708460.0,1,845.0,6202300.0,120,0,0.0,6400,25,24.4,0.0,0.0,0.0,15.0,1250.0,668375.02,1029768.18,-47266.34,2025-09-05,2026-08-31,3.42,0.11,107.75,1.2,7340.0,308.22,60.78,446131.23,5679.0,-5310.0,Excess Inventory,Medium,Reduce reorder quantity and transfer or promote excess stock.
P00466,Accessories Product 0466,Accessories,Subcategory 10,515,550,4097500.0,1,836.84,6234425.34,120,0,0.0,6310,24,25.04,0.0,0.0,0.0,15.0,250.0,135679.19,209050.86,-28069.31,2025-09-01,2026-08-27,0.68,0.02,803.0,6.0,7450.0,61.64,488.36,3638253.42,6590.0,-6040.0,Dead Stock,High,"Stop further purchasing and use clearance, bundle or supplier-return strategy."
P00467,IT Equipment Product 0467,IT Equipment,Subcategory 11,516,609,4604040.0,1,828.55,6263822.47,120,0,0.0,6450,25,24.48,0.0,0.0,0.0,15.0,498.0,275253.02,422619.9,-32157.49,2025-09-02,2026-08-28,1.36,0.04,446.36,3.01,7560.0,122.79,486.21,3675713.42,6483.0,-5874.0,Dead Stock,High,"Stop further purchasing and use clearance, bundle or supplier-return strategy."
P00468,Electronics Product 0468,Electronics,Subcategory 12,517,535,4103450.0,1,820.26,6291396.3,120,0,0.0,6475,25,25.12,0.0,0.0,0.0,15.0,750.0,420558.88,645558.93,-42455.5,2025-09-03,2026-08-29,2.05,0.07,260.37,2.0,7670.0,184.93,350.07,2685025.34,6257.0,-5722.0,Excess Inventory,Medium,Reduce reorder quantity and transfer or promote excess stock.
P00469,Furniture Product 0469,Furniture,Subcategory 13,518,594,4621320.0,1,811.97,6317146.85,120,0,0.0,6314,23,23.74,0.0,0.0,0.0,15.0,1000.0,568786.0,872886.42,-49349.99,2025-09-04,2026-08-30,2.74,0.09,216.81,1.5,7780.0,246.58,347.42,2702963.84,5847.0,-5253.0,Excess Inventory,Medium,Reduce reorder quantity and transfer or promote excess stock.
P00470,Office Supplies Product 0470,Office Supplies,Subcategory 14,519,584,4607760.0,1,803.71,6341290.27,120,0,0.0,6406,24,24.33,0.0,0.0,0.0,15.0,1250.0,721034.36,1106598.08,-55374.46,2025-09-05,2026-08-31,3.42,0.11,170.53,1.2,7890.0,308.22,275.78,2175910.68,5690.0,-5106.0,Excess Inventory,Medium,Reduce reorder quantity and transfer or promote excess stock.
P00471,Home Appliances Product 0471,Home Appliances,Subcategory 15,520,345,2760000.0,1,795.55,6364383.56,120,0,0.0,6430,24,23.58,0.0,0.0,0.0,15.0,250.0,146217.74,224417.89,-28811.8,2025-09-01,2026-08-27,0.68,0.02,503.7,6.0,8000.0,61.64,283.36,2266849.32,6715.0,-6370.0,Excess Inventory,Medium,Reduce reorder quantity and transfer or promote excess stock.
P00472,Accessories Product 0472,Accessories,Subcategory 16,521,333,2700630.0,1,787.38,6385680.68,120,0,0.0,6454,24,25.04,0.0,0.0,0.0,15.0,500.0,296456.72,455034.48,-38444.75,2025-09-02,2026-08-28,1.37,0.05,243.09,3.0,8110.0,123.29,209.71,1700766.99,6490.0,-6157.0,Excess Inventory,Medium,Reduce reorder quantity and transfer or promote excess stock.
P00473,IT Equipment Product 0473,IT Equipment,Subcategory 17,522,330,2712600.0,1,779.22,6405181.64,120,0,0.0,6478,24,23.83,0.0,0.0,0.0,15.0,750.0,450716.94,691850.22,-42606.66,2025-09-03,2026-08-29,2.05,0.07,160.6,2.0,8220.0,184.93,145.07,1192463.01,6265.0,-5935.0,Excess Inventory,Medium,Reduce reorder quantity and transfer or promote excess stock.
P00474,Electronics Product 0474,Electronics,Subcategory 18,523,327,2723910.0,1,771.05,6422886.44,120,0,0.0,6502,24,25.29,0.0,0.0,0.0,15.0,1000.0,608995.94,934867.0,-49737.55,2025-09-04,2026-08-30,2.74,0.09,119.36,1.5,8330.0,246.58,80.42,669937.4,6040.0,-5713.0,Excess Inventory,Medium,Reduce reorder quantity and transfer or promote excess stock.
P00475,Furniture Product 0475,Furniture,Subcategory 19,524,499,4211560.0,1,762.89,6438795.07,120,0,0.0,6526,24,24.42,0.0,0.0,0.0,15.0,1250.0,771298.64,1183744.64,-57239.46,2025-09-05,2026-08-31,3.42,0.12,145.71,1.2,8440.0,308.22,190.78,1610190.14,5815.0,-5316.0,Excess Inventory,Medium,Reduce reorder quantity and transfer or promote excess stock.
P00476,Office Supplies Product 0476,Office Supplies,Subcategory 20,525,560,4788000.0,1,754.6,6451853.42,120,0,0.0,6675,25,24.96,0.0,0.0,0.0,15.0,250.0,156269.6,239780.55,-30793.21,2025-09-01,2026-08-27,0.68,0.02,817.6,6.0,8550.0,61.64,498.36,4260945.21,6965.0,-6405.0,Dead Stock,High,"Stop further purchasing and use clearance, bundle or supplier-return strategy."
P00477,Home Appliances Product 0477,Home Appliances,Subcategory 21,526,548,4745680.0,1,746.22,6462258.08,120,0,0.0,6700,25,24.4,0.0,0.0,0.0,15.0,500.0,316560.46,485759.19,-38090.4,2025-09-02,2026-08-28,1.37,0.05,400.04,3.0,8660.0,123.29,424.71,3678008.77,6741.0,-6193.0,Excess Inventory,Medium,Reduce reorder quantity and transfer or promote excess stock.
P00478,Accessories Product 0478,Accessories,Subcategory 22,527,545,4779650.0,1,737.93,6471659.32,120,0,0.0,6648,24,24.42,0.0,0.0,0.0,15.0,750.0,480872.54,737939.93,-48586.27,2025-09-03,2026-08-29,2.05,0.07,265.23,2.0,8770.0,184.93,360.07,3157800.68,6440.0,-5895.0,Excess Inventory,Medium,Reduce reorder quantity and transfer or promote excess stock.
P00479,IT Equipment Product 0479,IT Equipment,Subcategory 23,528,542,4812960.0,1,729.77,6480332.05,120,0,0.0,6750,25,23.68,0.0,0.0,0.0,15.0,1000.0,646885.44,996322.87,-49803.74,2025-09-04,2026-08-30,2.74,0.1,197.83,1.5,8880.0,246.58,295.42,2623370.96,6293.0,-5751.0,Excess Inventory,Medium,Reduce reorder quantity and transfer or promote excess stock.
P00480,Electronics Product 0480,Electronics,Subcategory 0,529,539,4845610.0,1,721.6,6487208.63,120,0,0.0,6775,25,24.44,0.0,0.0,0.0,15.0,1250.0,818623.97,1260910.97,-61097.79,2025-09-05,2026-08-31,3.42,0.13,157.39,1.2,8990.0,308.22,230.78,2074719.59,6069.0,-5530.0,Excess Inventory,Medium,Reduce reorder quantity and transfer or promote excess stock.
P00481,Furniture Product 0481,Furniture,Subcategory 1,530,711,6470100.0,1,943.58,8586535.62,120,0,0.0,6800,25,24.32,0.0,0.0,0.0,15.0,250.0,166321.48,255283.34,-19530.87,2025-09-01,2026-08-27,0.68,0.02,1038.06,6.0,9100.0,61.64,649.36,5909141.1,7095.0,-6384.0,Dead Stock,High,"Stop further purchasing and use clearance, bundle or supplier-return strategy."
P00482,Office Supplies Product 0482,Office Supplies,Subcategory 2,531,708,6520680.0,1,935.41,8615134.93,120,0,0.0,6825,25,24.96,0.0,0.0,0.0,15.0,498.0,335329.62,514556.37,-32521.3,2025-09-02,2026-08-28,1.36,0.04,518.92,3.01,9210.0,122.79,585.21,5389742.47,6873.0,-6165.0,Dead Stock,High,"Stop further purchasing and use clearance, bundle or supplier-return strategy."
P00483,Home Appliances Product 0483,Home Appliances,Subcategory 3,532,705,6570600.0,1,927.25,8641938.08,120,0,0.0,6368,24,23.75,0.0,0.0,0.0,15.0,750.0,511030.62,784014.03,-37413.48,2025-09-03,2026-08-29,2.05,0.06,343.1,2.0,9320.0,184.93,520.07,4847038.36,6165.0,-5460.0,Excess Inventory,Medium,Reduce reorder quantity and transfer or promote excess stock.
P00484,Accessories Product 0484,Accessories,Subcategory 4,533,695,6553850.0,1,918.99,8666040.82,120,0,0.0,6792,24,25.12,0.0,0.0,0.0,15.0,1000.0,689415.82,1057758.41,-47669.38,2025-09-04,2026-08-30,2.74,0.08,253.68,1.5,9430.0,246.58,448.42,4228644.52,6340.0,-5645.0,Excess Inventory,Medium,Reduce reorder quantity and transfer or promote excess stock.
P00485,IT Equipment Product 0485,IT Equipment,Subcategory 5,534,692,6601680.0,1,910.7,8688064.93,120,0,0.0,6816,24,24.5,0.0,0.0,0.0,15.0,1250.0,871822.26,1337708.05,-54820.4,2025-09-05,2026-08-31,3.42,0.1,202.06,1.2,9540.0,308.22,383.78,3661269.04,6115.0,-5423.0,Excess Inventory,Medium,Reduce reorder quantity and transfer or promote excess stock.
P00486,Electronics Product 0486,Electronics,Subcategory 6,535,506,4882900.0,1,902.41,8708265.75,120,0,0.0,6840,24,25.12,0.0,0.0,0.0,15.0,250.0,176375.82,270643.66,-25789.7,2025-09-01,2026-08-27,0.68,0.02,738.76,6.0,9650.0,61.64,444.36,4288036.99,7140.0,-6634.0,Dead Stock,High,"Stop further purchasing and use clearance, bundle or supplier-return strategy."
P00487,Furniture Product 0487,Furniture,Subcategory 7,536,503,4909280.0,1,894.12,8726643.29,120,0,0.0,6864,24,23.67,0.0,0.0,0.0,15.0,500.0,356770.4,547494.51,-35091.84,2025-09-02,2026-08-28,1.37,0.04,367.19,3.0,9760.0,123.29,379.71,3705992.33,6915.0,-6412.0,Excess Inventory,Medium,Reduce reorder quantity and transfer or promote excess stock.
P00488,Office Supplies Product 0488,Office Supplies,Subcategory 8,537,675,6662250.0,1,885.96,8744414.38,120,0,0.0,6888,24,24.42,0.0,0.0,0.0,15.0,750.0,541188.7,830552.64,-43433.42,2025-09-03,2026-08-29,2.05,0.06,328.5,2.0,9870.0,184.93,490.07,4836976.03,6690.0,-6015.0,Excess Inventory,Medium,Reduce reorder quantity and transfer or promote excess stock.
P00489,Home Appliances Product 0489,Home Appliances,Subcategory 9,538,672,6706560.0,1,877.79,8760389.32,120,0,0.0,6912,24,23.67,0.0,0.0,0.0,15.0,1000.0,729625.76,1119496.79,-50971.25,2025-09-04,2026-08-30,2.74,0.08,245.28,1.5,9980.0,246.58,425.42,4245738.08,6465.0,-5793.0,Excess Inventory,Medium,Reduce reorder quantity and transfer or promote excess stock.
P00490,Accessories Product 0490,Accessories,Subcategory 10,539,669,6750210.0,1,869.63,8774568.08,120,0,0.0,6936,24,25.12,0.0,0.0,0.0,15.0,1250.0,922084.06,1414480.8,-59907.16,2025-09-05,2026-08-31,3.42,0.11,195.35,1.2,10090.0,308.22,360.78,3640278.49,6240.0,-5571.0,Excess Inventory,Medium,Reduce reorder quantity and transfer or promote excess stock.
P00491,IT Equipment Product 0491,IT Equipment,Subcategory 11,540,421,4294200.0,1,861.37,8785972.6,120,0,0.0,7050,25,24.48,0.0,0.0,0.0,15.0,250.0,186427.68,285999.26,-25480.33,2025-09-01,2026-08-27,0.68,0.02,614.66,6.0,10200.0,61.64,359.36,3665432.88,7355.0,-6934.0,Dead Stock,High,"Stop further purchasing and use clearance, bundle or supplier-return strategy."
P00492,Electronics Product 0492,Electronics,Subcategory 12,541,418,4309580.0,1,853.21,8796548.49,120,0,0.0,6584,24,24.5,0.0,0.0,0.0,15.0,500.0,375529.55,578206.87,-31572.52,2025-09-02,2026-08-28,1.37,0.04,305.14,3.0,10310.0,123.29,294.71,3038484.11,6640.0,-6222.0,Excess Inventory,Medium,Reduce reorder quantity and transfer or promote excess stock.
P00493,Furniture Product 0493,Furniture,Subcategory 13,542,415,4324300.0,1,845.04,8805328.22,120,0,0.0,7100,25,24.32,0.0,0.0,0.0,15.0,750.0,569302.14,876622.93,-43261.53,2025-09-03,2026-08-29,2.05,0.06,201.97,2.0,10420.0,184.93,230.07,2397313.7,6907.0,-6492.0,Excess Inventory,Medium,Reduce reorder quantity and transfer or promote excess stock.
P00494,Office Supplies Product 0494,Office Supplies,Subcategory 14,543,405,4264650.0,1,836.75,8811013.56,120,0,0.0,7125,25,24.96,0.0,0.0,0.0,15.0,1000.0,767084.1,1181250.4,-52730.03,2025-09-04,2026-08-30,2.74,0.09,147.83,1.5,10530.0,246.58,158.42,1668211.64,6683.0,-6278.0,Excess Inventory,Medium,Reduce reorder quantity and transfer or promote excess stock.
P00495,Home Appliances Product 0495,Home Appliances,Subcategory 15,544,402,4277280.0,1,828.47,8814875.62,120,0,0.0,7150,25,24.4,0.0,0.0,0.0,15.0,1250.0,972345.86,1492089.73,-60910.66,2025-09-05,2026-08-31,3.42,0.11,117.38,1.2,10640.0,308.22,93.78,997827.95,6459.0,-6057.0,Excess Inventory,Medium,Reduce reorder quantity and transfer or promote excess stock.
P00496,Accessories Product 0496,Accessories,Subcategory 16,545,454,4880500.0,1,820.18,8816914.38,120,0,0.0,7175,25,25.04,0.0,0.0,0.0,15.0,250.0,196479.54,301437.5,-26108.41,2025-09-01,2026-08-27,0.68,0.02,662.84,6.0,10750.0,61.64,392.36,4217828.77,7485.0,-7031.0,Dead Stock,High,"Stop further purchasing and use clearance, bundle or supplier-return strategy."
P00497,IT Equipment Product 0497,IT Equipment,Subcategory 17,546,451,4897860.0,1,812.01,8818468.77,120,0,0.0,6754,24,23.0,0.0,0.0,0.0,15.0,498.0,395403.77,606447.46,-43973.83,2025-09-02,2026-08-28,1.36,0.04,330.55,3.01,10860.0,122.79,328.21,3564311.51,6817.0,-6366.0,Dead Stock,High,"Stop further purchasing and use clearance, bundle or supplier-return strategy."
P00498,Electronics Product 0498,Electronics,Subcategory 18,547,448,4914560.0,1,803.75,8817175.07,120,0,0.0,6728,24,24.5,0.0,0.0,0.0,15.0,750.0,601502.36,922678.34,-49596.62,2025-09-03,2026-08-29,2.05,0.07,218.03,2.0,10970.0,184.93,263.07,2885861.37,6540.0,-6092.0,Excess Inventory,Medium,Reduce reorder quantity and transfer or promote excess stock.
P00500,Office Supplies Product 0500,Office Supplies,Subcategory 20,549,617,6904230.0,1,787.42,8811281.92,120,0,0.0,6776,24,24.96,0.0,0.0,0.0,15.0,1250.0,1022610.14,1568856.12,-64774.25,2025-09-05,2026-08-31,3.42,0.12,180.16,1.2,11190.0,308.22,308.78,3455257.4,6090.0,-5473.0,Excess Inventory,Medium,Reduce reorder quantity and transfer or promote excess stock.
P00501,Home Appliances Product 0501,Home Appliances,Subcategory 21,50,51,15300.0,1,23.1,6928.77,120,40,33.33,5900,24,23.75,0.0,0.0,0.0,15.0,250.0,5484.18,8802.16,-16393.59,2025-09-01,2026-08-27,0.68,0.79,74.46,6.0,300.0,61.64,0.0,0.0,5715.0,-5664.0,Stockout Risk,High,Review reorder point and maintain safety stock.
P00502,Accessories Product 0502,Accessories,Subcategory 22,51,48,19680.0,1,14.93,6121.92,120,40,33.33,5924,24,25.21,0.0,0.0,0.0,15.0,500.0,14987.14,23767.4,-17067.33,2025-09-02,2026-08-28,1.37,2.45,35.04,3.0,410.0,123.29,0.0,0.0,5490.0,-5442.0,Stockout Risk,High,Review reorder point and maintain safety stock.
P00503,IT Equipment Product 0503,IT Equipment,Subcategory 23,52,45,23400.0,1,6.64,3454.79,120,40,33.33,5948,24,24.58,0.0,0.0,0.0,15.0,750.0,28511.34,44885.0,-17597.62,2025-09-03,2026-08-29,2.05,8.25,21.9,2.0,520.0,184.93,0.0,0.0,5265.0,-5220.0,Stockout Risk,High,Review reorder point and maintain safety stock.
P00504,Electronics Product 0504,Electronics,Subcategory 0,53,-140,-88200.0,1,-1.64,-1035.62,120,40,33.33,5972,24,25.21,0.0,0.0,0.0,15.0,1000.0,46059.24,72154.05,-18464.79,2025-09-04,2026-08-30,2.74,0.0,-51.1,1.5,0.0,246.58,0.0,0.0,5040.0,-5180.0,Inventory Data Issue,Critical,Investigate negative stock and correct inventory movement or reconciliation records.
P00505,Furniture Product 0505,Furniture,Subcategory 1,54,32,23680.0,1,-10.03,-7420.27,120,40,33.33,5996,24,24.33,0.0,0.0,0.0,15.0,1250.0,67625.92,105600.15,-19413.92,2025-09-05,2026-08-31,3.42,0.0,9.34,1.2,740.0,308.22,0.0,0.0,4815.0,-4783.0,Stockout Risk,High,Review reorder point and maintain safety stock.
P00506,Office Supplies Product 0506,Office Supplies,Subcategory 2,55,84,71400.0,1,-18.19,-15463.01,120,40,33.33,5620,24,23.62,0.0,0.0,0.0,15.0,250.0,15480.53,24202.22,-18696.15,2025-09-01,2026-08-27,0.68,0.0,122.64,6.0,850.0,61.64,22.36,19002.74,5440.0,-5356.0,Excess Inventory,Medium,Reduce reorder quantity and transfer or promote excess stock.
P00507,Home Appliances Product 0507,Home Appliances,Subcategory 3,56,81,77760.0,1,-26.36,-25301.92,120,40,33.33,6100,25,23.6,0.0,0.0,0.0,15.0,500.0,34967.92,54569.75,-19272.67,2025-09-02,2026-08-28,1.37,0.0,59.13,3.0,960.0,123.29,0.0,0.0,5671.0,-5590.0,Stockout Risk,High,Review reorder point and maintain safety stock.
P00508,Accessories Product 0508,Accessories,Subcategory 4,57,78,83460.0,1,-34.52,-36936.99,120,40,33.33,6125,25,25.04,0.0,0.0,0.0,15.0,750.0,58669.4,91102.34,-20269.7,2025-09-03,2026-08-29,2.05,0.0,37.96,2.0,1070.0,184.93,0.0,0.0,5447.0,-5369.0,Stockout Risk,High,Review reorder point and maintain safety stock.
P00509,IT Equipment Product 0509,IT Equipment,Subcategory 5,58,75,88500.0,1,-42.68,-50368.22,120,40,33.33,6150,25,24.48,0.0,0.0,0.0,14.0,948.0,81815.25,126836.6,-20362.36,2025-09-04,2026-08-30,2.6,0.0,28.88,1.48,1180.0,233.75,0.0,0.0,5274.0,-5199.0,Stockout Risk,High,Review reorder point and maintain safety stock.
P00510,Electronics Product 0510,Electronics,Subcategory 6,59,72,92880.0,1,-50.85,-65595.62,120,40,33.33,6175,25,25.12,0.0,0.0,0.0,15.0,1250.0,117887.72,182622.5,-23480.3,2025-09-05,2026-08-31,3.42,0.0,21.02,1.2,1290.0,308.22,0.0,0.0,4999.0,-4927.0,Critical Product,Critical,"Create urgent purchase order, increase safety stock and reduce supplier lead time."
P00511,Furniture Product 0511,Furniture,Subcategory 7,60,-176,-246400.0,1,-59.01,-82619.18,120,46,38.33,5790,24,23.67,0.0,0.0,0.0,15.0,250.0,25587.92,39596.83,-20477.22,2025-09-01,2026-08-27,0.68,0.0,-256.96,6.0,0.0,61.64,0.0,0.0,5615.0,-5791.0,Inventory Data Issue,Critical,Investigate negative stock and correct inventory movement or reconciliation records.
P00512,Office Supplies Product 0512,Office Supplies,Subcategory 8,61,-179,-270290.0,1,-67.4,-101769.86,120,62,51.67,6225,25,24.96,0.0,0.0,0.0,15.0,498.0,54977.87,85010.92,-22175.0,2025-09-02,2026-08-28,1.36,0.0,-131.19,3.01,0.0,122.79,0.0,0.0,5803.0,-5982.0,Inventory Data Issue,Critical,Investigate negative stock and correct inventory movement or reconciliation records.
P00513,Home Appliances Product 0513,Home Appliances,Subcategory 9,62,-7,-11340.0,1,-75.68,-122609.59,120,80,66.67,5788,24,24.42,0.0,0.0,0.0,15.0,744.0,88121.94,136187.09,-24004.16,2025-09-03,2026-08-29,2.04,0.0,-3.43,2.02,0.0,183.45,0.0,0.0,5121.0,-5128.0,Inventory Data Issue,Critical,Investigate negative stock and correct inventory movement or reconciliation records.
P00514,Accessories Product 0514,Accessories,Subcategory 10,63,-192,-332160.0,1,-83.97,-145272.6,120,80,66.67,5812,24,25.04,0.0,0.0,0.0,15.0,1000.0,126479.12,195391.98,-25217.08,2025-09-04,2026-08-30,2.74,0.0,-70.08,1.5,0.0,246.58,0.0,0.0,4890.0,-5082.0,Inventory Data Issue,Critical,Investigate negative stock and correct inventory movement or reconciliation records.
P00515,IT Equipment Product 0515,IT Equipment,Subcategory 11,64,-13,-23920.0,1,-92.14,-169532.05,120,80,66.67,5836,24,23.0,0.0,0.0,0.0,14.0,1250.0,168149.54,259663.91,-27146.8,2025-09-05,2026-08-31,3.42,0.0,-3.8,1.12,0.0,308.22,0.0,0.0,4664.0,-4677.0,Inventory Data Issue,Critical,Investigate negative stock and correct inventory movement or reconciliation records.
P00516,Electronics Product 0516,Electronics,Subcategory 12,65,-206,-401700.0,1,-100.3,-195587.67,120,80,66.67,5860,24,24.58,0.0,0.0,0.0,15.0,250.0,35639.78,55018.13,-22486.28,2025-09-01,2026-08-27,0.68,0.0,-300.76,6.0,0.0,61.64,0.0,0.0,5690.0,-5896.0,Inventory Data Issue,Critical,Investigate negative stock and correct inventory movement or reconciliation records.
P00517,Furniture Product 0517,Furniture,Subcategory 13,66,-209,-430540.0,1,-108.47,-223439.45,120,80,66.67,5884,24,24.42,0.0,0.0,0.0,15.0,500.0,75303.28,116174.65,-24589.88,2025-09-02,2026-08-28,1.37,0.0,-152.57,3.0,0.0,123.29,0.0,0.0,5465.0,-5674.0,Inventory Data Issue,Critical,Investigate negative stock and correct inventory movement or reconciliation records.
P00518,Office Supplies Product 0518,Office Supplies,Subcategory 14,67,-212,-460040.0,1,-116.63,-253087.4,120,80,66.67,5908,24,25.04,0.0,0.0,0.0,15.0,750.0,118985.56,183464.67,-26410.66,2025-09-03,2026-08-29,2.05,0.0,-103.17,2.0,0.0,184.93,0.0,0.0,5240.0,-5452.0,Inventory Data Issue,Critical,Investigate negative stock and correct inventory movement or reconciliation records.
P00519,Home Appliances Product 0519,Home Appliances,Subcategory 15,68,23,52440.0,1,-124.89,-284750.14,120,80,66.67,5932,24,24.42,0.0,0.0,0.0,15.0,1000.0,166689.06,256959.64,-28625.0,2025-09-04,2026-08-30,2.74,0.0,8.4,1.5,2280.0,246.58,0.0,0.0,5015.0,-4992.0,Stockout Risk,High,Review reorder point and maintain safety stock.
P00520,Accessories Product 0520,Accessories,Subcategory 16,69,-218,-521020.0,1,-133.05,-318000.96,120,80,66.67,5537,23,24.39,0.0,0.0,0.0,15.0,1240.0,215895.87,333878.53,-29169.17,2025-09-05,2026-08-31,3.4,0.0,-64.17,1.21,0.0,305.75,0.0,0.0,4381.0,-4599.0,Inventory Data Issue,Critical,Investigate negative stock and correct inventory movement or reconciliation records.
P00521,IT Equipment Product 0521,IT Equipment,Subcategory 17,70,-46,-115000.0,1,88.79,221986.3,120,40,33.33,6450,25,24.48,0.0,0.0,0.0,15.0,250.0,45530.81,70411.12,-13771.13,2025-09-01,2026-08-27,0.68,0.21,-67.16,6.0,0.0,61.64,0.0,0.0,6285.0,-6331.0,Inventory Data Issue,Critical,Investigate negative stock and correct inventory movement or reconciliation records.
P00522,Electronics Product 0522,Electronics,Subcategory 18,71,-49,-127890.0,1,80.51,210122.88,120,40,33.33,6475,25,25.12,0.0,0.0,0.0,15.0,500.0,95407.02,146995.68,-16510.69,2025-09-02,2026-08-28,1.37,0.45,-35.77,3.0,0.0,123.29,0.0,0.0,6061.0,-6110.0,Inventory Data Issue,Critical,Investigate negative stock and correct inventory movement or reconciliation records.
P00523,Furniture Product 0523,Furniture,Subcategory 19,72,-59,-160480.0,1,72.22,196436.16,120,50,41.67,6500,25,24.32,0.0,0.0,0.0,15.0,750.0,149141.16,229755.22,-18970.04,2025-09-03,2026-08-29,2.05,0.76,-28.71,2.0,0.0,184.93,0.0,0.0,5837.0,-5896.0,Inventory Data Issue,Critical,Investigate negative stock and correct inventory movement or reconciliation records.
P00524,Office Supplies Product 0524,Office Supplies,Subcategory 20,73,-62,-175460.0,1,64.05,181275.07,120,66,55.0,6525,25,24.28,0.0,0.0,0.0,15.0,1000.0,206899.0,318598.93,-21660.89,2025-09-04,2026-08-30,2.74,1.14,-22.63,1.5,0.0,246.58,0.0,0.0,5613.0,-5675.0,Inventory Data Issue,Critical,Investigate negative stock and correct inventory movement or reconciliation records.
P00525,Home Appliances Product 0525,Home Appliances,Subcategory 21,74,-65,-191100.0,1,55.89,164317.81,120,78,65.0,6550,25,23.6,0.0,0.0,0.0,15.0,1250.0,268675.62,413565.42,-24895.8,2025-09-05,2026-08-31,3.42,1.64,-18.98,1.2,0.0,308.22,0.0,0.0,5389.0,-5454.0,Inventory Data Issue,Critical,Investigate negative stock and correct inventory movement or reconciliation records.
P00526,Accessories Product 0526,Accessories,Subcategory 22,75,-13,-39650.0,1,47.63,145271.92,120,80,66.67,6575,25,25.04,0.0,0.0,0.0,15.0,250.0,55746.0,85799.74,-14775.31,2025-09-01,2026-08-27,0.68,0.38,-18.98,6.0,0.0,61.64,0.0,0.0,6415.0,-6428.0,Inventory Data Issue,Critical,Investigate negative stock and correct inventory movement or reconciliation records.
P00527,IT Equipment Product 0527,IT Equipment,Subcategory 23,76,-16,-50560.0,1,39.47,124711.78,120,80,66.67,6174,24,24.5,0.0,0.0,0.0,14.0,470.0,108629.64,167063.55,-18479.26,2025-09-02,2026-08-28,1.29,0.87,-12.43,2.98,0.0,115.89,0.0,0.0,5794.0,-5810.0,Inventory Data Issue,Critical,Investigate negative stock and correct inventory movement or reconciliation records.
P00528,Electronics Product 0528,Electronics,Subcategory 0,77,156,510120.0,1,31.3,102355.48,120,80,66.67,6198,24,25.12,0.0,0.0,0.0,15.0,750.0,179299.22,275924.95,-22617.59,2025-09-03,2026-08-29,2.05,1.75,75.92,2.0,3270.0,184.93,0.0,0.0,5540.0,-5384.0,Stockout Risk,High,Review reorder point and maintain safety stock.
P00529,Furniture Product 0529,Furniture,Subcategory 1,78,153,517140.0,1,23.14,78203.01,120,80,66.67,6222,24,23.67,0.0,0.0,0.0,15.0,1000.0,247108.94,380253.46,-26127.11,2025-09-04,2026-08-30,2.74,3.16,55.85,1.5,3380.0,246.58,0.0,0.0,5315.0,-5162.0,Stockout Risk,High,Review reorder point and maintain safety stock.
P00530,Office Supplies Product 0530,Office Supplies,Subcategory 2,79,-25,-87250.0,1,14.85,51824.11,120,80,66.67,6246,24,25.12,0.0,0.0,0.0,15.0,1250.0,318937.42,490761.17,-28211.68,2025-09-05,2026-08-31,3.42,6.15,-7.3,1.2,0.0,308.22,0.0,0.0,5090.0,-5115.0,Inventory Data Issue,Critical,Investigate negative stock and correct inventory movement or reconciliation records.
P00531,Home Appliances Product 0531,Home Appliances,Subcategory 3,80,-98,-352800.0,1,6.56,23621.92,120,80,66.67,6270,24,24.5,0.0,0.0,0.0,15.0,250.0,65797.86,101212.5,-18976.01,2025-09-01,2026-08-27,0.68,2.79,-143.08,6.0,0.0,61.64,0.0,0.0,6115.0,-6213.0,Inventory Data Issue,Critical,Investigate negative stock and correct inventory movement or reconciliation records.
P00532,Accessories Product 0532,Accessories,Subcategory 4,81,-101,-374710.0,1,-1.73,-6403.56,120,80,66.67,6294,24,25.12,0.0,0.0,0.0,15.0,500.0,135616.96,208542.35,-22232.7,2025-09-02,2026-08-28,1.37,0.0,-73.73,3.0,0.0,123.29,0.0,0.0,5890.0,-5991.0,Inventory Data Issue,Critical,Investigate negative stock and correct inventory movement or reconciliation records.
P00533,IT Equipment Product 0533,IT Equipment,Subcategory 5,82,-104,-397280.0,1,-9.99,-38147.67,120,80,66.67,6318,24,23.67,0.0,0.0,0.0,15.0,750.0,208708.65,322079.44,-23565.5,2025-09-03,2026-08-29,2.05,0.0,-50.61,2.0,0.0,184.93,0.0,0.0,5665.0,-5769.0,Inventory Data Issue,Critical,Investigate negative stock and correct inventory movement or reconciliation records.
P00534,Electronics Product 0534,Electronics,Subcategory 6,83,-107,-420510.0,1,-18.15,-71332.19,120,80,66.67,6342,24,24.42,0.0,0.0,0.0,14.0,992.0,284007.35,438334.07,-27537.05,2025-09-04,2026-08-30,2.72,0.0,-39.37,1.41,0.0,244.6,0.0,0.0,5447.0,-5554.0,Inventory Data Issue,Critical,Investigate negative stock and correct inventory movement or reconciliation records.
P00535,Furniture Product 0535,Furniture,Subcategory 7,84,-55,-222200.0,1,-26.32,-106312.88,120,80,66.67,6366,24,24.5,0.0,0.0,0.0,15.0,1250.0,367879.62,567693.05,-30245.39,2025-09-05,2026-08-31,3.42,0.0,-16.06,1.2,0.0,308.22,0.0,0.0,5215.0,-5270.0,Inventory Data Issue,Critical,Investigate negative stock and correct inventory movement or reconciliation records.
P00536,Office Supplies Product 0536,Office Supplies,Subcategory 8,85,117,485550.0,1,-34.48,-143089.73,120,80,66.67,6825,25,24.96,0.0,0.0,0.0,15.0,250.0,75849.72,116628.71,-20570.87,2025-09-01,2026-08-27,0.68,0.0,170.82,6.0,4150.0,61.64,55.36,229728.08,6675.0,-6558.0,Excess Inventory,Medium,Reduce reorder quantity and transfer or promote excess stock.
P00537,Home Appliances Product 0537,Home Appliances,Subcategory 9,86,114,485640.0,1,-42.64,-181662.74,120,80,66.67,6850,25,24.4,0.0,0.0,0.0,15.0,500.0,155720.7,239438.65,-24713.04,2025-09-02,2026-08-28,1.37,0.0,83.22,3.0,4260.0,123.29,0.0,0.0,6451.0,-6337.0,Stockout Risk,High,Review reorder point and maintain safety stock.
P00538,Accessories Product 0538,Accessories,Subcategory 10,87,111,485070.0,1,-50.81,-222031.92,120,80,66.67,6875,25,25.04,0.0,0.0,0.0,15.0,750.0,239612.9,368325.0,-27596.6,2025-09-03,2026-08-29,2.05,0.0,54.02,2.0,4370.0,184.93,0.0,0.0,6227.0,-6116.0,Stockout Risk,High,Review reorder point and maintain safety stock.
P00539,IT Equipment Product 0539,IT Equipment,Subcategory 11,88,108,483840.0,1,-59.1,-264749.59,120,80,66.67,6562,24,23.83,0.0,0.0,0.0,15.0,1000.0,327526.34,503318.35,-32201.47,2025-09-04,2026-08-30,2.74,0.0,39.42,1.5,4480.0,246.58,0.0,0.0,5665.0,-5557.0,Stockout Risk,High,Review reorder point and maintain safety stock.
P00540,Electronics Product 0540,Electronics,Subcategory 12,89,105,481950.0,1,-67.48,-309730.68,120,80,66.67,6925,25,25.12,0.0,0.0,0.0,15.0,1250.0,419461.04,644598.82,-35871.31,2025-09-05,2026-08-31,3.42,0.0,30.66,1.2,4590.0,308.22,0.0,0.0,5779.0,-5674.0,Stockout Risk,High,Review reorder point and maintain safety stock.
P00541,Furniture Product 0541,Furniture,Subcategory 13,90,332,1560400.0,1,154.37,725538.36,120,40,33.33,6950,25,24.32,0.0,0.0,0.0,14.0,247.0,84880.58,130437.33,-21339.85,2025-09-01,2026-08-27,0.68,0.12,490.61,5.67,4700.0,60.9,271.1,1274150.68,6807.0,-6475.0,Excess Inventory,Medium,Reduce reorder quantity and transfer or promote excess stock.
P00542,Office Supplies Product 0542,Office Supplies,Subcategory 14,91,329,1582490.0,1,146.21,703248.36,120,40,33.33,6975,25,24.28,0.0,0.0,0.0,14.0,498.0,175128.62,269157.01,-23802.64,2025-09-02,2026-08-28,1.36,0.25,241.13,2.81,4810.0,122.79,206.21,991848.36,6582.0,-6253.0,Excess Inventory,Medium,Reduce reorder quantity and transfer or promote excess stock.
P00543,Home Appliances Product 0543,Home Appliances,Subcategory 15,92,326,1603920.0,1,138.04,679162.19,120,40,33.33,7000,25,23.6,0.0,0.0,0.0,15.0,750.0,269770.98,414581.64,-30431.12,2025-09-03,2026-08-29,2.05,0.4,158.65,2.0,4920.0,184.93,141.07,694056.99,6357.0,-6031.0,Excess Inventory,Medium,Reduce reorder quantity and transfer or promote excess stock.
P00544,Accessories Product 0544,Accessories,Subcategory 16,93,323,1624690.0,1,129.88,653279.86,120,40,33.33,7025,25,25.04,0.0,0.0,0.0,15.0,1000.0,367736.28,565146.5,-36611.68,2025-09-04,2026-08-30,2.74,0.56,117.9,1.5,5030.0,246.58,76.42,384416.03,6133.0,-5810.0,Excess Inventory,Medium,Reduce reorder quantity and transfer or promote excess stock.
P00545,IT Equipment Product 0545,IT Equipment,Subcategory 17,94,320,1644800.0,1,121.71,625601.37,120,40,33.33,7050,25,24.48,0.0,0.0,0.0,15.0,1250.0,469722.84,721687.5,-41380.76,2025-09-05,2026-08-31,3.42,0.75,93.44,1.2,5140.0,308.22,11.78,60553.42,5909.0,-5589.0,Excess Inventory,Medium,Reduce reorder quantity and transfer or promote excess stock.
P00546,Electronics Product 0546,Electronics,Subcategory 18,95,72,378000.0,1,113.55,596126.71,120,40,33.33,7075,25,25.12,0.0,0.0,0.0,15.0,250.0,95955.94,147387.1,-24035.05,2025-09-01,2026-08-27,0.68,0.16,105.12,6.0,5250.0,61.64,10.36,54369.86,6935.0,-6863.0,Excess Inventory,Medium,Reduce reorder quantity and transfer or promote excess stock.
P00547,Furniture Product 0547,Furniture,Subcategory 19,96,62,332320.0,1,105.29,564341.92,120,40,33.33,7100,25,24.32,0.0,0.0,0.0,15.0,500.0,195230.32,300959.19,-26662.48,2025-09-02,2026-08-28,1.37,0.35,45.26,3.0,5360.0,123.29,0.0,0.0,6711.0,-6649.0,Stockout Risk,High,Review reorder point and maintain safety stock.
P00548,Office Supplies Product 0548,Office Supplies,Subcategory 20,97,59,322730.0,1,97.0,530590.0,120,40,33.33,6778,24,24.33,0.0,0.0,0.0,15.0,741.0,295283.6,455207.59,-35773.47,2025-09-03,2026-08-29,2.03,0.56,29.06,2.02,5470.0,182.71,0.0,0.0,6149.0,-6090.0,Stockout Risk,High,Review reorder point and maintain safety stock.
P00549,Home Appliances Product 0549,Home Appliances,Subcategory 21,98,-182,-1015560.0,1,88.71,495014.79,120,40,33.33,6802,24,24.42,0.0,0.0,0.0,15.0,1000.0,407946.22,626662.62,-38241.47,2025-09-04,2026-08-30,2.74,0.82,-66.43,1.5,0.0,246.58,0.0,0.0,5915.0,-6097.0,Inventory Data Issue,Critical,Investigate negative stock and correct inventory movement or reconciliation records.
P00550,Accessories Product 0550,Accessories,Subcategory 22,99,-185,-1052650.0,1,80.42,457616.3,120,40,33.33,6826,24,25.04,0.0,0.0,0.0,15.0,1250.0,519987.14,798796.31,-45285.0,2025-09-05,2026-08-31,3.42,1.14,-54.02,1.2,0.0,308.22,0.0,0.0,5690.0,-5875.0,Inventory Data Issue,Critical,Investigate negative stock and correct inventory movement or reconciliation records.
P00551,IT Equipment Product 0551,IT Equipment,Subcategory 23,100,42,243600.0,1,72.26,419109.59,120,40,33.33,5950,24,23.83,0.0,0.0,0.0,15.0,250.0,106007.8,162853.57,-26623.5,2025-09-01,2026-08-27,0.68,0.25,61.32,6.0,5800.0,61.64,0.0,0.0,5815.0,-5773.0,Stockout Risk,High,Review reorder point and maintain safety stock.
P00552,Electronics Product 0552,Electronics,Subcategory 0,101,277,1637070.0,1,64.1,378806.71,120,40,33.33,5974,24,24.58,0.0,0.0,0.0,15.0,500.0,216036.84,331800.36,-33730.58,2025-09-02,2026-08-28,1.37,0.57,202.21,3.0,5910.0,123.29,153.71,908439.86,5590.0,-5313.0,Excess Inventory,Medium,Reduce reorder quantity and transfer or promote excess stock.
P00553,Furniture Product 0553,Furniture,Subcategory 1,102,36,216720.0,1,55.93,336707.67,120,40,33.33,5696,23,23.74,0.0,0.0,0.0,15.0,750.0,330087.12,506837.26,-37655.14,2025-09-03,2026-08-29,2.05,0.98,17.52,2.0,6020.0,184.93,0.0,0.0,5063.0,-5027.0,Stockout Risk,High,Review reorder point and maintain safety stock.
P00554,Office Supplies Product 0554,Office Supplies,Subcategory 2,103,33,202290.0,1,47.67,292224.66,120,40,33.33,6022,24,25.04,0.0,0.0,0.0,15.0,1000.0,448156.18,688158.78,-40921.29,2025-09-04,2026-08-30,2.74,1.53,12.04,1.5,6130.0,246.58,0.0,0.0,5140.0,-5107.0,Critical Product,Critical,"Create urgent purchase order, increase safety stock and reduce supplier lead time."
P00555,Home Appliances Product 0555,Home Appliances,Subcategory 3,104,268,1672320.0,1,39.51,246522.74,120,40,33.33,6046,24,24.42,0.0,0.0,0.0,15.0,1235.0,563454.87,865162.19,-47466.26,2025-09-05,2026-08-31,3.38,2.29,79.21,1.21,6240.0,304.52,0.0,0.0,4930.0,-4662.0,Stockout Risk,High,Review reorder point and maintain safety stock.
P00556,Accessories Product 0556,Accessories,Subcategory 4,105,-218,-1384300.0,1,31.34,199024.66,120,40,33.33,6425,25,25.04,0.0,0.0,0.0,15.0,250.0,116059.66,178229.85,-28661.02,2025-09-01,2026-08-27,0.68,0.58,-318.28,6.0,0.0,61.64,0.0,0.0,6295.0,-6513.0,Inventory Data Issue,Critical,Investigate negative stock and correct inventory movement or reconciliation records.
P00557,IT Equipment Product 0557,IT Equipment,Subcategory 5,106,-228,-1472880.0,1,23.05,148933.97,120,40,33.33,6450,25,24.48,0.0,0.0,0.0,15.0,498.0,235202.77,361228.64,-31728.18,2025-09-02,2026-08-28,1.36,1.58,-167.11,3.01,0.0,122.79,0.0,0.0,6073.0,-6301.0,Inventory Data Issue,Critical,Investigate negative stock and correct inventory movement or reconciliation records.
P00558,Electronics Product 0558,Electronics,Subcategory 6,107,-231,-1517670.0,1,14.77,97020.0,120,40,33.33,6475,25,25.12,0.0,0.0,0.0,15.0,750.0,360242.72,553261.55,-39750.1,2025-09-03,2026-08-29,2.05,3.71,-112.42,2.0,0.0,184.93,0.0,0.0,5847.0,-6078.0,Inventory Data Issue,Critical,Investigate negative stock and correct inventory movement or reconciliation records.
P00559,Furniture Product 0559,Furniture,Subcategory 7,108,-234,-1563120.0,1,6.48,43282.74,120,44,36.67,6500,25,24.32,0.0,0.0,0.0,15.0,1000.0,488366.12,749851.43,-44125.0,2025-09-04,2026-08-30,2.74,11.28,-85.41,1.5,0.0,246.58,0.0,0.0,5623.0,-5857.0,Inventory Data Issue,Critical,Investigate negative stock and correct inventory movement or reconciliation records.
P00560,Office Supplies Product 0560,Office Supplies,Subcategory 8,109,-237,-1609230.0,1,-1.68,-11440.68,120,71,59.17,6525,25,24.28,0.0,0.0,0.0,15.0,1250.0,620510.74,952519.99,-51039.5,2025-09-05,2026-08-31,3.42,0.0,-69.2,1.2,0.0,308.22,0.0,0.0,5399.0,-5636.0,Inventory Data Issue,Critical,Investigate negative stock and correct inventory movement or reconciliation records.
P00561,Home Appliances Product 0561,Home Appliances,Subcategory 9,110,-3,-20700.0,1,220.19,1519323.29,120,40,33.33,6550,25,23.6,0.0,0.0,0.0,15.0,250.0,125660.76,193599.62,-20250.73,2025-09-01,2026-08-27,0.68,0.08,-4.38,6.0,0.0,61.64,0.0,0.0,6425.0,-6428.0,Inventory Data Issue,Critical,Investigate negative stock and correct inventory movement or reconciliation records.
P00562,Accessories Product 0562,Accessories,Subcategory 10,111,-13,-91130.0,1,212.03,1486312.05,120,40,33.33,6264,24,24.42,0.0,0.0,0.0,15.0,500.0,255330.89,393391.99,-25723.25,2025-09-02,2026-08-28,1.37,0.17,-9.49,3.0,0.0,123.29,0.0,0.0,5890.0,-5903.0,Inventory Data Issue,Critical,Investigate negative stock and correct inventory movement or reconciliation records.
P00563,IT Equipment Product 0563,IT Equipment,Subcategory 11,112,229,1630480.0,1,203.86,1451504.66,120,40,33.33,6288,24,24.5,0.0,0.0,0.0,15.0,750.0,390400.8,599377.93,-33559.03,2025-09-03,2026-08-29,2.05,0.27,111.45,2.0,7120.0,184.93,44.07,313767.67,5665.0,-5436.0,Excess Inventory,Medium,Reduce reorder quantity and transfer or promote excess stock.
P00564,Electronics Product 0564,Electronics,Subcategory 12,113,-19,-137370.0,1,195.7,1414901.1,120,40,33.33,6312,24,25.12,0.0,0.0,0.0,15.0,1000.0,528576.06,811559.32,-39828.58,2025-09-04,2026-08-30,2.74,0.37,-6.94,1.5,0.0,246.58,0.0,0.0,5440.0,-5459.0,Inventory Data Issue,Critical,Investigate negative stock and correct inventory movement or reconciliation records.
P00565,Furniture Product 0565,Furniture,Subcategory 13,114,-22,-161480.0,1,187.53,1376501.37,120,40,33.33,6650,25,24.32,0.0,0.0,0.0,15.0,1250.0,670772.54,1029938.03,-45407.28,2025-09-05,2026-08-31,3.42,0.49,-6.42,1.2,0.0,308.22,0.0,0.0,5529.0,-5551.0,Inventory Data Issue,Critical,Investigate negative stock and correct inventory movement or reconciliation records.
P00566,Office Supplies Product 0566,Office Supplies,Subcategory 14,115,150,1117500.0,1,179.25,1335386.99,120,40,33.33,6360,24,25.12,0.0,0.0,0.0,15.0,250.0,136165.88,209025.0,-22710.15,2025-09-01,2026-08-27,0.68,0.1,219.0,6.0,7450.0,61.64,88.36,658253.42,6240.0,-6090.0,Excess Inventory,Medium,Reduce reorder quantity and transfer or promote excess stock.
P00567,Home Appliances Product 0567,Home Appliances,Subcategory 15,116,202,1527120.0,1,170.96,1292449.32,120,40,33.33,6118,23,23.83,0.0,0.0,0.0,14.0,500.0,276350.52,424124.32,-29157.75,2025-09-02,2026-08-28,1.37,0.21,147.46,2.8,7560.0,123.29,78.71,595065.21,5748.0,-5546.0,Excess Inventory,Medium,Reduce reorder quantity and transfer or promote excess stock.
P00568,Accessories Product 0568,Accessories,Subcategory 16,117,144,1104480.0,1,162.58,1246952.88,120,40,33.33,6408,24,25.12,0.0,0.0,0.0,15.0,750.0,420558.88,645479.06,-35730.53,2025-09-03,2026-08-29,2.05,0.34,70.08,2.0,7670.0,184.93,0.0,0.0,5790.0,-5646.0,Stockout Risk,High,Review reorder point and maintain safety stock.
P00569,IT Equipment Product 0569,IT Equipment,Subcategory 17,118,196,1524880.0,1,154.41,1201317.26,120,40,33.33,6432,24,23.67,0.0,0.0,0.0,15.0,1000.0,568786.0,873030.42,-41560.03,2025-09-04,2026-08-30,2.74,0.47,71.54,1.5,7780.0,246.58,0.0,0.0,5565.0,-5369.0,Stockout Risk,High,Review reorder point and maintain safety stock.
P00570,Electronics Product 0570,Electronics,Subcategory 18,119,122,962580.0,1,146.25,1153885.48,120,40,33.33,6456,24,24.42,0.0,0.0,0.0,15.0,1250.0,721034.36,1106780.64,-46609.63,2025-09-05,2026-08-31,3.42,0.62,35.62,1.2,7890.0,308.22,0.0,0.0,5340.0,-5218.0,Stockout Risk,High,Review reorder point and maintain safety stock.
P00571,Furniture Product 0571,Furniture,Subcategory 19,120,-55,-440000.0,1,138.08,1104657.53,120,40,33.33,6800,25,24.32,0.0,0.0,0.0,15.0,250.0,146217.74,224454.91,-25639.67,2025-09-01,2026-08-27,0.68,0.13,-80.3,6.0,0.0,61.64,0.0,0.0,6685.0,-6740.0,Inventory Data Issue,Critical,Investigate negative stock and correct inventory movement or reconciliation records.
P00572,Office Supplies Product 0572,Office Supplies,Subcategory 20,121,-58,-470380.0,1,129.92,1053633.42,120,40,33.33,6825,25,24.96,0.0,0.0,0.0,15.0,498.0,295279.37,453308.23,-31430.84,2025-09-02,2026-08-28,1.36,0.28,-42.51,3.01,0.0,122.79,0.0,0.0,6463.0,-6521.0,Inventory Data Issue,Critical,Investigate negative stock and correct inventory movement or reconciliation records.
P00573,Home Appliances Product 0573,Home Appliances,Subcategory 21,122,-61,-501420.0,1,121.75,1000813.15,120,40,33.33,6850,25,24.4,0.0,0.0,0.0,15.0,750.0,450716.94,691764.64,-37659.99,2025-09-03,2026-08-29,2.05,0.45,-29.69,2.0,0.0,184.93,0.0,0.0,6237.0,-6298.0,Inventory Data Issue,Critical,Investigate negative stock and correct inventory movement or reconciliation records.
P00574,Accessories Product 0574,Accessories,Subcategory 22,123,-64,-533120.0,1,113.59,946196.71,120,40,33.33,6875,25,25.04,0.0,0.0,0.0,15.0,948.0,575377.81,885839.96,-43550.0,2025-09-04,2026-08-30,2.6,0.61,-24.64,1.58,0.0,233.75,0.0,0.0,6065.0,-6129.0,Inventory Data Issue,Critical,Investigate negative stock and correct inventory movement or reconciliation records.
P00575,IT Equipment Product 0575,IT Equipment,Subcategory 23,124,-83,-700520.0,1,105.21,887934.25,120,40,33.33,6900,25,24.48,0.0,0.0,0.0,15.0,1250.0,768541.82,1183598.2,-51526.46,2025-09-05,2026-08-31,3.42,0.87,-24.24,1.2,0.0,308.22,0.0,0.0,5789.0,-5872.0,Inventory Data Issue,Critical,Investigate negative stock and correct inventory movement or reconciliation records.
P00576,Electronics Product 0576,Electronics,Subcategory 0,125,160,1368000.0,1,96.92,828647.26,120,40,33.33,6650,24,24.5,0.0,0.0,0.0,15.0,250.0,155711.05,239820.11,-25210.0,2025-09-01,2026-08-27,0.68,0.19,233.6,6.0,8550.0,61.64,98.36,840945.21,6540.0,-6380.0,Excess Inventory,Medium,Reduce reorder quantity and transfer or promote excess stock.
P00578,Office Supplies Product 0578,Office Supplies,Subcategory 2,127,92,806840.0,1,80.47,705684.66,120,40,33.33,6698,24,24.25,0.0,0.0,0.0,15.0,750.0,480872.54,738061.65,-41481.62,2025-09-03,2026-08-29,2.05,0.68,44.77,2.0,8770.0,184.93,0.0,0.0,6090.0,-5998.0,Stockout Risk,High,Review reorder point and maintain safety stock.
P00579,Home Appliances Product 0579,Home Appliances,Subcategory 3,128,151,1340880.0,1,72.3,642036.16,120,40,33.33,7000,25,23.6,0.0,0.0,0.0,15.0,1000.0,649205.88,996487.2,-51130.13,2025-09-04,2026-08-30,2.74,1.01,55.12,1.5,8880.0,246.58,0.0,0.0,6143.0,-5992.0,Stockout Risk,High,Review reorder point and maintain safety stock.
P00580,Accessories Product 0580,Accessories,Subcategory 4,129,77,692230.0,1,64.14,576591.51,120,40,33.33,6746,24,25.21,0.0,0.0,0.0,15.0,1250.0,821560.44,1260755.0,-56012.06,2025-09-05,2026-08-31,3.42,1.42,22.48,1.2,8990.0,308.22,0.0,0.0,5640.0,-5563.0,Critical Product,Critical,"Create urgent purchase order, increase safety stock and reduce supplier lead time."
P00581,IT Equipment Product 0581,IT Equipment,Subcategory 5,130,313,2848300.0,1,286.11,2603597.26,120,0,0.0,6540,23,23.91,0.0,0.0,0.0,15.0,250.0,166321.48,255178.09,-30911.47,2025-09-01,2026-08-27,0.68,0.06,456.98,6.0,9100.0,61.64,251.36,2287341.1,6435.0,-6122.0,Excess Inventory,Medium,Reduce reorder quantity and transfer or promote excess stock.
P00582,Electronics Product 0582,Electronics,Subcategory 6,131,310,2855100.0,1,277.85,2558992.19,120,0,0.0,6794,24,25.21,0.0,0.0,0.0,15.0,500.0,336666.66,516558.94,-39766.74,2025-09-02,2026-08-28,1.37,0.13,226.3,3.0,9210.0,123.29,186.71,1719620.55,6440.0,-6130.0,Excess Inventory,Medium,Reduce reorder quantity and transfer or promote excess stock.
P00583,Furniture Product 0583,Furniture,Subcategory 7,132,69,643080.0,1,269.68,2513463.56,120,0,0.0,6818,24,24.33,0.0,0.0,0.0,15.0,750.0,511030.62,784143.38,-44488.67,2025-09-03,2026-08-29,2.05,0.2,33.58,2.0,9320.0,184.93,0.0,0.0,6215.0,-6146.0,Normal,Low,Continue normal inventory monitoring.
P00584,Office Supplies Product 0584,Office Supplies,Subcategory 8,133,66,622380.0,1,261.4,2464976.16,120,0,0.0,6842,24,24.96,0.0,0.0,0.0,15.0,1000.0,689415.82,1057932.91,-51470.02,2025-09-04,2026-08-30,2.74,0.28,24.09,1.5,9430.0,246.58,0.0,0.0,5990.0,-5924.0,Normal,Low,Continue normal inventory monitoring.
P00585,Home Appliances Product 0585,Home Appliances,Subcategory 9,134,47,448380.0,1,253.11,2414665.48,120,0,0.0,6866,24,23.75,0.0,0.0,0.0,15.0,1250.0,871822.26,1337928.71,-57476.26,2025-09-05,2026-08-31,3.42,0.36,13.72,1.2,9540.0,308.22,0.0,0.0,5765.0,-5718.0,Normal,Low,Continue normal inventory monitoring.
P00586,Accessories Product 0586,Accessories,Subcategory 10,135,108,1042200.0,1,244.82,2362531.51,120,0,0.0,7175,25,25.04,0.0,0.0,0.0,15.0,250.0,176375.82,270688.3,-28529.87,2025-09-01,2026-08-27,0.68,0.07,157.68,6.0,9650.0,61.64,46.36,447336.99,7075.0,-6967.0,Excess Inventory,Medium,Reduce reorder quantity and transfer or promote excess stock.
P00587,IT Equipment Product 0587,IT Equipment,Subcategory 11,136,105,1024800.0,1,236.66,2309777.53,120,0,0.0,7200,25,23.68,0.0,0.0,0.0,15.0,498.0,355353.52,545237.08,-36644.64,2025-09-02,2026-08-28,1.36,0.15,76.96,3.01,9760.0,122.79,0.0,0.0,6853.0,-6748.0,Normal,Low,Continue normal inventory monitoring.
P00588,Electronics Product 0588,Electronics,Subcategory 12,137,102,1006740.0,1,228.49,2255227.4,120,0,0.0,7225,25,24.44,0.0,0.0,0.0,15.0,750.0,539254.35,830210.22,-43288.2,2025-09-03,2026-08-29,2.05,0.24,49.64,2.0,9870.0,184.93,0.0,0.0,6627.0,-6525.0,Normal,Low,Continue normal inventory monitoring.
P00589,Furniture Product 0589,Furniture,Subcategory 13,138,90,898200.0,1,220.23,2197924.11,120,0,0.0,7250,25,24.32,0.0,0.0,0.0,15.0,1000.0,727017.88,1119358.29,-55757.93,2025-09-04,2026-08-30,2.74,0.33,32.85,1.5,9980.0,246.58,0.0,0.0,6403.0,-6313.0,Normal,Low,Continue normal inventory monitoring.
P00590,Office Supplies Product 0590,Office Supplies,Subcategory 14,139,87,877830.0,1,212.07,2139771.1,120,0,0.0,7036,24,24.33,0.0,0.0,0.0,15.0,1250.0,918788.28,1414714.16,-62632.77,2025-09-05,2026-08-31,3.42,0.43,25.4,1.2,10090.0,308.22,0.0,0.0,5940.0,-5853.0,Normal,Low,Continue normal inventory monitoring.
P00591,Home Appliances Product 0591,Home Appliances,Subcategory 15,140,23,234600.0,1,203.9,2079821.92,120,0,0.0,7300,25,24.4,0.0,0.0,0.0,15.0,250.0,186427.68,286046.44,-35169.06,2025-09-01,2026-08-27,0.68,0.09,33.58,6.0,10200.0,61.64,0.0,0.0,7205.0,-7182.0,Normal,Low,Continue normal inventory monitoring.
P00592,Accessories Product 0592,Accessories,Subcategory 16,141,265,2732150.0,1,195.74,2018076.58,120,0,0.0,7084,24,25.04,0.0,0.0,0.0,15.0,476.0,358915.84,550523.33,-41308.26,2025-09-02,2026-08-28,1.3,0.18,203.2,3.15,10310.0,117.37,147.63,1522066.71,6764.0,-6499.0,Excess Inventory,Medium,Reduce reorder quantity and transfer or promote excess stock.
P00593,IT Equipment Product 0593,IT Equipment,Subcategory 17,142,17,177140.0,1,187.45,1953250.41,120,0,0.0,7350,25,24.48,0.0,0.0,0.0,15.0,750.0,571344.28,876767.53,-46598.76,2025-09-03,2026-08-29,2.05,0.29,8.27,2.0,10420.0,184.93,0.0,0.0,6757.0,-6740.0,Normal,Low,Continue normal inventory monitoring.
P00594,Electronics Product 0594,Electronics,Subcategory 18,143,5,52650.0,1,179.16,1886600.96,120,0,0.0,7375,25,25.12,0.0,0.0,0.0,15.0,1000.0,769835.7,1181104.29,-59355.05,2025-09-04,2026-08-30,2.74,0.41,1.83,1.5,10530.0,246.58,0.0,0.0,6533.0,-6528.0,Critical Product,Critical,"Create urgent purchase order, increase safety stock and reduce supplier lead time."
P00595,Furniture Product 0595,Furniture,Subcategory 19,144,2,21280.0,1,170.88,1818128.22,120,6,5.0,6962,23,23.74,0.0,0.0,0.0,15.0,1250.0,972345.86,1491474.56,-68754.72,2025-09-05,2026-08-31,3.42,0.53,0.58,1.2,10640.0,308.22,0.0,0.0,5871.0,-5869.0,Normal,Low,Continue normal inventory monitoring.
P00596,Office Supplies Product 0596,Office Supplies,Subcategory 20,145,238,2558500.0,1,162.62,1748126.71,120,24,20.0,7180,24,24.33,0.0,0.0,0.0,15.0,250.0,196479.54,301400.21,-34860.76,2025-09-01,2026-08-27,0.68,0.11,347.48,6.0,10750.0,61.64,176.36,1895828.77,7090.0,-6852.0,Excess Inventory,Medium,Reduce reorder quantity and transfer or promote excess stock.
P00597,Home Appliances Product 0597,Home Appliances,Subcategory 21,146,60,651600.0,1,154.45,1677349.32,120,40,33.33,7204,24,23.58,0.0,0.0,0.0,15.0,500.0,396980.34,609009.17,-47739.19,2025-09-02,2026-08-28,1.37,0.24,43.8,3.0,10860.0,123.29,0.0,0.0,6865.0,-6805.0,Stockout Risk,High,Review reorder point and maintain safety stock.
P00598,Accessories Product 0598,Accessories,Subcategory 22,147,232,2545040.0,1,146.29,1604775.75,120,40,33.33,7228,24,25.04,0.0,0.0,0.0,15.0,750.0,601502.36,922830.55,-58307.08,2025-09-03,2026-08-29,2.05,0.37,112.91,2.0,10970.0,184.93,47.07,516341.37,6640.0,-6408.0,Excess Inventory,Medium,Reduce reorder quantity and transfer or promote excess stock.
P00599,IT Equipment Product 0599,IT Equipment,Subcategory 23,148,38,421040.0,1,138.12,1530406.03,120,40,33.33,7252,24,23.83,0.0,0.0,0.0,15.0,1000.0,810045.64,1242865.52,-66486.2,2025-09-04,2026-08-30,2.74,0.53,13.87,1.5,11080.0,246.58,0.0,0.0,6415.0,-6377.0,Stockout Risk,High,Review reorder point and maintain safety stock.
P00600,Electronics Product 0600,Electronics,Subcategory 0,149,217,2428230.0,1,129.96,1454240.14,120,40,33.33,7276,24,25.29,0.0,0.0,0.0,15.0,1240.0,1014487.74,1556823.33,-72904.28,2025-09-05,2026-08-31,3.4,0.7,63.88,1.21,11190.0,305.75,0.0,0.0,6200.0,-5983.0,Stockout Risk,High,Review reorder point and maintain safety stock.
P00601,Furniture Product 0601,Furniture,Subcategory 1,150,-22,-6600.0,1,187.55,56264.38,120,40,33.33,6200,25,24.32,0.0,0.0,0.0,15.0,250.0,5484.18,8801.07,-11466.86,2025-09-01,2026-08-27,0.68,0.1,-32.12,6.0,0.0,61.64,0.0,0.0,6115.0,-6137.0,Inventory Data Issue,Critical,Investigate negative stock and correct inventory movement or reconciliation records.
P00602,Office Supplies Product 0602,Office Supplies,Subcategory 2,151,-25,-10250.0,1,179.26,73496.71,120,40,33.33,6225,25,24.96,0.0,0.0,0.0,15.0,498.0,14874.05,23661.57,-11660.2,2025-09-02,2026-08-28,1.36,0.2,-18.32,3.01,0.0,122.79,0.0,0.0,5893.0,-5918.0,Inventory Data Issue,Critical,Investigate negative stock and correct inventory movement or reconciliation records.
P00603,Home Appliances Product 0603,Home Appliances,Subcategory 3,152,-37,-19240.0,1,170.88,88855.89,120,40,33.33,6250,25,24.4,0.0,0.0,0.0,15.0,750.0,28409.42,44879.45,-12375.75,2025-09-03,2026-08-29,2.05,0.32,-18.01,2.0,0.0,184.93,0.0,0.0,5667.0,-5704.0,Inventory Data Issue,Critical,Investigate negative stock and correct inventory movement or reconciliation records.
P00604,Accessories Product 0604,Accessories,Subcategory 4,153,-47,-29610.0,1,162.59,102431.1,120,40,33.33,6072,24,24.42,0.0,0.0,0.0,15.0,988.0,45510.48,71293.98,-13248.02,2025-09-04,2026-08-30,2.71,0.44,-17.36,1.52,0.0,243.62,0.0,0.0,5252.0,-5299.0,Inventory Data Issue,Critical,Investigate negative stock and correct inventory movement or reconciliation records.
P00605,IT Equipment Product 0605,IT Equipment,Subcategory 5,154,-50,-37000.0,1,154.42,114274.25,120,40,33.33,6300,25,23.68,0.0,0.0,0.0,15.0,1250.0,67625.92,105617.57,-14403.06,2025-09-05,2026-08-31,3.42,0.59,-14.6,1.2,0.0,308.22,0.0,0.0,5219.0,-5269.0,Inventory Data Issue,Critical,Investigate negative stock and correct inventory movement or reconciliation records.
P00606,Electronics Product 0606,Electronics,Subcategory 6,155,193,164050.0,1,146.26,124321.23,120,40,33.33,6120,24,24.42,0.0,0.0,0.0,15.0,250.0,15536.06,24206.21,-13449.76,2025-09-01,2026-08-27,0.68,0.12,281.78,6.0,850.0,61.64,131.36,111652.74,6040.0,-5847.0,Excess Inventory,Medium,Reduce reorder quantity and transfer or promote excess stock.
P00607,Furniture Product 0607,Furniture,Subcategory 7,156,119,114240.0,1,138.1,132572.05,120,40,33.33,6350,25,24.32,0.0,0.0,0.0,15.0,496.0,34814.6,54133.21,-14249.4,2025-09-02,2026-08-28,1.36,0.26,87.57,3.02,960.0,122.3,0.0,0.0,6025.0,-5906.0,Stockout Risk,High,Review reorder point and maintain safety stock.
P00608,Office Supplies Product 0608,Office Supplies,Subcategory 8,157,178,190460.0,1,129.93,139026.71,120,40,33.33,6375,25,24.96,0.0,0.0,0.0,15.0,750.0,58669.4,91091.07,-15276.71,2025-09-03,2026-08-29,2.05,0.42,86.63,2.0,1070.0,184.93,0.0,0.0,5797.0,-5619.0,Stockout Risk,High,Review reorder point and maintain safety stock.
P00609,Home Appliances Product 0609,Home Appliances,Subcategory 9,158,113,133340.0,1,121.77,143685.21,120,40,33.33,6034,23,23.83,0.0,0.0,0.0,15.0,988.0,85241.35,132149.04,-16449.8,2025-09-04,2026-08-30,2.71,0.59,41.75,1.52,1180.0,243.62,0.0,0.0,5219.0,-5106.0,Stockout Risk,High,Review reorder point and maintain safety stock.
P00610,Accessories Product 0610,Accessories,Subcategory 10,159,110,141900.0,1,113.51,146423.84,120,40,33.33,6216,24,25.12,0.0,0.0,0.0,15.0,1245.0,117419.54,181884.48,-18438.06,2025-09-05,2026-08-31,3.41,0.8,32.25,1.2,1290.0,306.99,0.0,0.0,5145.0,-5035.0,Stockout Risk,High,Review reorder point and maintain safety stock.
P00611,IT Equipment Product 0611,IT Equipment,Subcategory 11,160,108,151200.0,1,105.22,147306.85,120,40,33.33,6240,24,24.5,0.0,0.0,0.0,15.0,250.0,25587.92,39603.37,-15636.47,2025-09-01,2026-08-27,0.68,0.17,157.68,6.0,1400.0,61.64,46.36,64898.63,6165.0,-6057.0,Excess Inventory,Medium,Reduce reorder quantity and transfer or promote excess stock.
P00612,Electronics Product 0612,Electronics,Subcategory 12,161,-86,-129860.0,1,96.93,146366.58,120,40,33.33,6264,24,25.12,0.0,0.0,0.0,15.0,500.0,55197.08,85373.52,-16344.13,2025-09-02,2026-08-28,1.37,0.38,-62.78,3.0,0.0,123.29,0.0,0.0,5940.0,-6026.0,Inventory Data Issue,Critical,Investigate negative stock and correct inventory movement or reconciliation records.
P00613,Furniture Product 0613,Furniture,Subcategory 13,162,-89,-144180.0,1,88.64,143603.01,120,40,33.33,6288,24,23.67,0.0,0.0,0.0,15.0,750.0,88827.48,137313.77,-18257.96,2025-09-03,2026-08-29,2.05,0.62,-43.31,2.0,0.0,184.93,0.0,0.0,5715.0,-5804.0,Inventory Data Issue,Critical,Investigate negative stock and correct inventory movement or reconciliation records.
P00615,Home Appliances Product 0615,Home Appliances,Subcategory 15,164,80,147200.0,1,72.32,133059.73,120,40,33.33,6336,24,23.67,0.0,0.0,0.0,15.0,1250.0,168149.54,259631.78,-21952.69,2025-09-05,2026-08-31,3.42,1.26,23.36,1.2,1840.0,308.22,0.0,0.0,5265.0,-5185.0,Stockout Risk,High,Review reorder point and maintain safety stock.
P00616,Accessories Product 0616,Accessories,Subcategory 16,165,141,274950.0,1,64.15,125093.84,120,40,33.33,6575,25,25.04,0.0,0.0,0.0,15.0,250.0,35512.39,54995.45,-17373.04,2025-09-01,2026-08-27,0.68,0.28,205.86,6.0,1950.0,61.64,79.36,154744.52,6505.0,-6364.0,Excess Inventory,Medium,Reduce reorder quantity and transfer or promote excess stock.
P00617,IT Equipment Product 0617,IT Equipment,Subcategory 17,166,129,265740.0,1,55.89,115134.25,120,40,33.33,6600,25,24.48,0.0,0.0,0.0,15.0,498.0,74735.08,115685.99,-18766.15,2025-09-02,2026-08-28,1.36,0.65,94.55,3.01,2060.0,122.79,6.21,12783.29,6283.0,-6154.0,Excess Inventory,Medium,Reduce reorder quantity and transfer or promote excess stock.
P00618,Electronics Product 0618,Electronics,Subcategory 18,167,126,273420.0,1,47.73,103565.48,120,40,33.33,6458,24,24.5,0.0,0.0,0.0,15.0,750.0,118985.56,183494.93,-21391.8,2025-09-03,2026-08-29,2.05,1.15,61.32,2.0,2170.0,184.93,0.0,0.0,5890.0,-5764.0,Stockout Risk,High,Review reorder point and maintain safety stock.
P00619,Furniture Product 0619,Furniture,Subcategory 19,168,123,280440.0,1,39.56,90200.55,120,40,33.33,6650,25,24.32,0.0,0.0,0.0,15.0,988.0,164703.09,253918.12,-23670.47,2025-09-04,2026-08-30,2.71,1.83,45.44,1.52,2280.0,243.62,0.0,0.0,5845.0,-5722.0,Stockout Risk,High,Review reorder point and maintain safety stock.
P00620,Office Supplies Product 0620,Office Supplies,Subcategory 20,169,120,286800.0,1,31.27,74744.79,120,40,33.33,6675,25,24.96,0.0,0.0,0.0,15.0,1250.0,218411.34,336682.72,-25977.98,2025-09-05,2026-08-31,3.42,2.92,35.04,1.2,2390.0,308.22,0.0,0.0,5609.0,-5489.0,Stockout Risk,High,Review reorder point and maintain safety stock.
P00621,Home Appliances Product 0621,Home Appliances,Subcategory 21,170,56,140000.0,1,253.12,632808.22,120,0,0.0,6700,25,24.4,0.0,0.0,0.0,15.0,248.0,45331.18,69862.37,-19614.52,2025-09-01,2026-08-27,0.68,0.07,82.42,6.05,2500.0,61.15,0.0,0.0,6637.0,-6581.0,Normal,Low,Continue normal inventory monitoring.
P00622,Accessories Product 0622,Accessories,Subcategory 22,171,289,754290.0,1,244.84,639020.96,120,0,0.0,6725,25,25.04,0.0,0.0,0.0,15.0,500.0,95407.02,146977.5,-20915.91,2025-09-02,2026-08-28,1.37,0.15,210.97,3.0,2610.0,123.29,165.71,432509.18,6411.0,-6122.0,Excess Inventory,Medium,Reduce reorder quantity and transfer or promote excess stock.
P00623,IT Equipment Product 0623,IT Equipment,Subcategory 23,172,279,758880.0,1,236.67,643745.75,120,0,0.0,6750,25,23.68,0.0,0.0,0.0,15.0,750.0,149141.16,229660.49,-24344.84,2025-09-03,2026-08-29,2.05,0.23,135.78,2.0,2720.0,184.93,94.07,255866.3,6187.0,-5908.0,Excess Inventory,Medium,Reduce reorder quantity and transfer or promote excess stock.
P00624,Electronics Product 0624,Electronics,Subcategory 0,173,276,781080.0,1,228.41,646403.01,120,0,0.0,6602,24,24.5,0.0,0.0,0.0,14.0,992.0,205255.64,316063.28,-26421.76,2025-09-04,2026-08-30,2.72,0.32,101.55,1.41,2830.0,244.6,31.4,88854.25,5797.0,-5521.0,Excess Inventory,Medium,Reduce reorder quantity and transfer or promote excess stock.
P00625,Furniture Product 0625,Furniture,Subcategory 1,174,35,102900.0,1,220.25,647524.93,120,0,0.0,6626,24,24.33,0.0,0.0,0.0,14.0,1245.0,267608.6,411996.12,-29757.77,2025-09-05,2026-08-31,3.41,0.41,10.26,1.12,2940.0,306.99,0.0,0.0,5569.0,-5534.0,Normal,Low,Continue normal inventory monitoring.
P00626,Office Supplies Product 0626,Office Supplies,Subcategory 2,175,87,265350.0,1,212.08,646850.68,120,0,0.0,6650,24,24.96,0.0,0.0,0.0,15.0,250.0,55746.0,85813.9,-21889.65,2025-09-01,2026-08-27,0.68,0.09,127.02,6.0,3050.0,61.64,25.36,77336.3,6590.0,-6503.0,Excess Inventory,Medium,Reduce reorder quantity and transfer or promote excess stock.
P00627,Home Appliances Product 0627,Home Appliances,Subcategory 3,176,84,265440.0,1,203.92,644380.27,120,0,0.0,6674,24,23.75,0.0,0.0,0.0,15.0,500.0,115510.74,177803.78,-24285.44,2025-09-02,2026-08-28,1.37,0.18,61.32,3.0,3160.0,123.29,0.0,0.0,6365.0,-6281.0,Normal,Low,Continue normal inventory monitoring.
P00628,Accessories Product 0628,Accessories,Subcategory 4,177,74,241980.0,1,195.75,640113.7,120,0,0.0,6621,23,24.57,0.0,0.0,0.0,15.0,738.0,176450.94,271578.6,-26351.45,2025-09-03,2026-08-29,2.02,0.28,36.6,2.03,3270.0,181.97,0.0,0.0,6075.0,-6001.0,Normal,Low,Continue normal inventory monitoring.
P00629,IT Equipment Product 0629,IT Equipment,Subcategory 5,178,71,239980.0,1,187.47,633634.25,120,0,0.0,6722,24,24.58,0.0,0.0,0.0,15.0,992.0,244262.98,377149.1,-28541.92,2025-09-04,2026-08-30,2.72,0.39,26.12,1.51,3380.0,244.6,0.0,0.0,5923.0,-5852.0,Normal,Low,Continue normal inventory monitoring.
P00630,Electronics Product 0630,Electronics,Subcategory 6,179,250,872500.0,1,179.18,625331.51,120,0,0.0,6746,24,25.21,0.0,0.0,0.0,15.0,1250.0,317797.46,490558.83,-32602.49,2025-09-05,2026-08-31,3.42,0.51,73.0,1.2,3490.0,308.22,0.0,0.0,5690.0,-5440.0,Normal,Low,Continue normal inventory monitoring.
P00631,Furniture Product 0631,Furniture,Subcategory 7,180,2,7200.0,1,170.79,614860.27,120,10,8.33,6950,25,24.32,0.0,0.0,0.0,15.0,250.0,65562.68,101199.98,-24583.37,2025-09-01,2026-08-27,0.68,0.11,2.92,6.0,3600.0,61.64,0.0,0.0,6895.0,-6893.0,Normal,Low,Continue normal inventory monitoring.
P00632,Office Supplies Product 0632,Office Supplies,Subcategory 8,181,-1,-3710.0,1,162.63,603357.81,120,27,22.5,6975,25,24.28,0.0,0.0,0.0,15.0,498.0,135078.37,207716.61,-26252.58,2025-09-02,2026-08-28,1.36,0.22,-0.73,3.01,0.0,122.79,0.0,0.0,6673.0,-6674.0,Inventory Data Issue,Critical,Investigate negative stock and correct inventory movement or reconciliation records.
P00633,Home Appliances Product 0633,Home Appliances,Subcategory 9,182,-11,-42020.0,1,154.47,590059.18,120,38,31.67,7000,25,23.6,0.0,0.0,0.0,15.0,750.0,209457.3,322132.57,-32380.51,2025-09-03,2026-08-29,2.05,0.35,-5.35,2.0,0.0,184.93,0.0,0.0,6447.0,-6458.0,Inventory Data Issue,Critical,Investigate negative stock and correct inventory movement or reconciliation records.
P00634,Accessories Product 0634,Accessories,Subcategory 10,183,-14,-55020.0,1,146.3,574964.38,120,40,33.33,7025,25,25.04,0.0,0.0,0.0,15.0,992.0,285034.3,438352.29,-32521.69,2025-09-04,2026-08-30,2.72,0.5,-5.15,1.51,0.0,244.6,0.0,0.0,6231.0,-6245.0,Inventory Data Issue,Critical,Investigate negative stock and correct inventory movement or reconciliation records.
P00635,IT Equipment Product 0635,IT Equipment,Subcategory 11,184,-17,-68680.0,1,138.14,558073.42,120,40,33.33,7050,25,24.48,0.0,0.0,0.0,14.0,1225.0,361868.04,556386.49,-37657.81,2025-09-05,2026-08-31,3.36,0.65,-5.07,1.14,0.0,302.05,0.0,0.0,6023.0,-6040.0,Inventory Data Issue,Critical,Investigate negative stock and correct inventory movement or reconciliation records.
P00636,Electronics Product 0636,Electronics,Subcategory 12,185,217,900550.0,1,129.97,539386.3,120,40,33.33,7075,25,25.12,0.0,0.0,0.0,15.0,250.0,75849.72,116614.29,-24137.21,2025-09-01,2026-08-27,0.68,0.14,316.82,6.0,4150.0,61.64,155.36,644728.08,7025.0,-6808.0,Excess Inventory,Medium,Reduce reorder quantity and transfer or promote excess stock.
P00637,Furniture Product 0637,Furniture,Subcategory 13,186,214,911640.0,1,121.81,518903.01,120,40,33.33,7014,24,23.67,0.0,0.0,0.0,15.0,500.0,155720.7,239339.93,-30268.15,2025-09-02,2026-08-28,1.37,0.3,156.22,3.0,4260.0,123.29,90.71,386434.52,6715.0,-6501.0,Excess Inventory,Medium,Reduce reorder quantity and transfer or promote excess stock.
P00638,Office Supplies Product 0638,Office Supplies,Subcategory 14,187,204,891480.0,1,113.42,495665.75,120,40,33.33,7125,25,24.96,0.0,0.0,0.0,15.0,750.0,239612.9,368279.43,-31612.42,2025-09-03,2026-08-29,2.05,0.48,99.28,2.0,4370.0,184.93,19.07,83329.32,6577.0,-6373.0,Excess Inventory,Medium,Reduce reorder quantity and transfer or promote excess stock.
P00639,Home Appliances Product 0639,Home Appliances,Subcategory 15,188,201,900480.0,1,105.14,471013.7,120,40,33.33,7150,25,24.4,0.0,0.0,0.0,15.0,992.0,324924.86,499290.97,-36983.86,2025-09-04,2026-08-30,2.72,0.69,73.96,1.51,4480.0,244.6,0.0,0.0,6361.0,-6160.0,Stockout Risk,High,Review reorder point and maintain safety stock.
P00640,Accessories Product 0640,Accessories,Subcategory 16,189,198,908820.0,1,96.85,444538.36,120,40,33.33,7175,25,25.04,0.0,0.0,0.0,15.0,1245.0,417795.19,642126.45,-41213.93,2025-09-05,2026-08-31,3.41,0.94,58.05,1.2,4590.0,306.99,0.0,0.0,6134.0,-5936.0,Stockout Risk,High,Review reorder point and maintain safety stock.
P00641,IT Equipment Product 0641,IT Equipment,Subcategory 17,190,432,2030400.0,1,318.82,1498463.01,120,40,33.33,7200,25,23.68,0.0,0.0,0.0,15.0,250.0,85904.06,132032.4,-16504.28,2025-09-01,2026-08-27,0.68,0.06,630.72,6.0,4700.0,61.64,370.36,1740673.97,7155.0,-6723.0,Dead Stock,High,"Stop further purchasing and use clearance, bundle or supplier-return strategy."
P00642,Electronics Product 0642,Electronics,Subcategory 18,191,-53,-254930.0,1,310.66,1494262.74,120,40,33.33,6643,23,23.74,0.0,0.0,0.0,15.0,490.0,172335.5,264811.63,-19787.77,2025-09-02,2026-08-28,1.34,0.12,-39.48,3.06,0.0,120.82,0.0,0.0,6359.0,-6412.0,Inventory Data Issue,Critical,Investigate negative stock and correct inventory movement or reconciliation records.
P00643,Furniture Product 0643,Furniture,Subcategory 19,192,419,2061480.0,1,302.49,1488266.3,120,40,33.33,7250,25,24.32,0.0,0.0,0.0,15.0,750.0,268806.74,414530.36,-27347.85,2025-09-03,2026-08-29,2.05,0.18,203.91,2.0,4920.0,184.93,234.07,1151616.99,6707.0,-6288.0,Excess Inventory,Medium,Reduce reorder quantity and transfer or promote excess stock.
P00644,Office Supplies Product 0644,Office Supplies,Subcategory 20,193,-59,-296770.0,1,294.33,1480473.7,120,40,33.33,7275,25,24.96,0.0,0.0,0.0,15.0,992.0,363501.03,560346.66,-27981.71,2025-09-04,2026-08-30,2.72,0.25,-21.71,1.51,0.0,244.6,0.0,0.0,6491.0,-6550.0,Inventory Data Issue,Critical,Investigate negative stock and correct inventory movement or reconciliation records.
P00645,Home Appliances Product 0645,Home Appliances,Subcategory 21,194,-62,-318680.0,1,286.07,1470392.05,120,40,33.33,7206,24,24.5,0.0,0.0,0.0,15.0,1250.0,469722.84,721598.22,-34650.76,2025-09-05,2026-08-31,3.42,0.32,-18.1,1.2,0.0,308.22,0.0,0.0,6165.0,-6227.0,Inventory Data Issue,Critical,Investigate negative stock and correct inventory movement or reconciliation records.
P00646,Accessories Product 0646,Accessories,Subcategory 22,195,165,866250.0,1,277.9,1458996.58,120,40,33.33,7230,24,24.42,0.0,0.0,0.0,15.0,250.0,95955.94,147411.42,-20235.72,2025-09-01,2026-08-27,0.68,0.07,240.9,6.0,5250.0,61.64,103.36,542619.86,7190.0,-7025.0,Excess Inventory,Medium,Reduce reorder quantity and transfer or promote excess stock.
P00647,IT Equipment Product 0647,IT Equipment,Subcategory 23,196,162,868320.0,1,269.62,1445144.11,120,40,33.33,7254,24,24.5,0.0,0.0,0.0,15.0,500.0,195930.64,301008.84,-22331.87,2025-09-02,2026-08-28,1.37,0.14,118.26,3.0,5360.0,123.29,38.71,207498.08,6965.0,-6803.0,Excess Inventory,Medium,Reduce reorder quantity and transfer or promote excess stock.
P00648,Electronics Product 0648,Electronics,Subcategory 0,197,159,869730.0,1,261.33,1429468.36,120,40,33.33,7278,24,25.12,0.0,0.0,0.0,15.0,750.0,299929.04,460793.42,-27660.63,2025-09-03,2026-08-29,2.05,0.21,77.38,2.0,5470.0,184.93,0.0,0.0,6740.0,-6581.0,Stockout Risk,High,Review reorder point and maintain safety stock.
P00649,Furniture Product 0649,Furniture,Subcategory 1,198,-89,-496620.0,1,253.04,1411969.32,120,40,33.33,7302,24,24.5,0.0,0.0,0.0,15.0,976.0,398225.5,611726.71,-33276.91,2025-09-04,2026-08-30,2.67,0.28,-33.28,1.54,0.0,240.66,0.0,0.0,6539.0,-6628.0,Inventory Data Issue,Critical,Investigate negative stock and correct inventory movement or reconciliation records.
P00650,Office Supplies Product 0650,Office Supplies,Subcategory 2,199,-92,-523480.0,1,244.88,1393348.49,120,40,33.33,7326,24,24.42,0.0,0.0,0.0,15.0,1250.0,519987.14,798697.5,-38370.42,2025-09-05,2026-08-31,3.42,0.37,-26.86,1.2,0.0,308.22,0.0,0.0,6290.0,-6382.0,Inventory Data Issue,Critical,Investigate negative stock and correct inventory movement or reconciliation records.
P00651,Home Appliances Product 0651,Home Appliances,Subcategory 3,200,380,2204000.0,1,236.71,1372931.51,120,40,33.33,6500,24,22.92,0.0,0.0,0.0,15.0,250.0,106007.8,162786.43,-22336.76,2025-09-01,2026-08-27,0.68,0.08,554.8,6.0,5800.0,61.64,318.36,1846465.75,6465.0,-6085.0,Excess Inventory,Medium,Reduce reorder quantity and transfer or promote excess stock.
P00652,Accessories Product 0652,Accessories,Subcategory 4,201,377,2228070.0,1,228.45,1350151.64,120,40,33.33,6575,25,25.04,0.0,0.0,0.0,15.0,500.0,216036.84,331759.31,-28756.16,2025-09-02,2026-08-28,1.37,0.16,275.21,3.0,5910.0,123.29,253.71,1499439.86,6291.0,-5914.0,Excess Inventory,Medium,Reduce reorder quantity and transfer or promote excess stock.
P00653,IT Equipment Product 0653,IT Equipment,Subcategory 5,202,374,2251480.0,1,220.29,1326131.78,120,40,33.33,6600,25,24.48,0.0,0.0,0.0,15.0,750.0,330087.12,506920.88,-31906.19,2025-09-03,2026-08-29,2.05,0.25,182.01,2.0,6020.0,184.93,189.07,1138192.33,6067.0,-5693.0,Excess Inventory,Medium,Reduce reorder quantity and transfer or promote excess stock.
P00654,Electronics Product 0654,Electronics,Subcategory 6,203,371,2274230.0,1,212.12,1300315.75,120,40,33.33,6625,25,25.12,0.0,0.0,0.0,15.0,1000.0,448156.18,688272.31,-37269.6,2025-09-04,2026-08-30,2.74,0.34,135.42,1.5,6130.0,246.58,124.42,762723.15,5843.0,-5472.0,Excess Inventory,Medium,Reduce reorder quantity and transfer or promote excess stock.
P00655,Furniture Product 0655,Furniture,Subcategory 7,204,368,2296320.0,1,203.96,1272703.56,120,40,33.33,6650,25,24.32,0.0,0.0,0.0,15.0,1245.0,567984.25,872276.18,-43382.4,2025-09-05,2026-08-31,3.41,0.45,107.89,1.2,6240.0,306.99,61.01,380725.48,5624.0,-5256.0,Excess Inventory,Medium,Reduce reorder quantity and transfer or promote excess stock.
P00656,Office Supplies Product 0656,Office Supplies,Subcategory 8,205,120,762000.0,1,195.67,1242512.33,120,40,33.33,6165,23,24.3,0.0,0.0,0.0,15.0,244.0,113294.14,173989.26,-24768.12,2025-09-01,2026-08-27,0.67,0.09,179.51,6.15,6350.0,60.16,59.84,379956.16,6141.0,-6021.0,Excess Inventory,Medium,Reduce reorder quantity and transfer or promote excess stock.
P00657,Home Appliances Product 0657,Home Appliances,Subcategory 9,206,110,710600.0,1,187.38,1210497.81,120,40,33.33,6700,25,24.4,0.0,0.0,0.0,14.0,474.0,223105.01,343748.86,-28082.45,2025-09-02,2026-08-28,1.3,0.18,84.7,2.95,6460.0,116.88,0.0,0.0,6446.0,-6336.0,Stockout Risk,High,Review reorder point and maintain safety stock.
P00658,Accessories Product 0658,Accessories,Subcategory 10,207,-131,-860670.0,1,179.1,1176660.0,120,40,33.33,6725,25,25.04,0.0,0.0,0.0,15.0,750.0,358955.11,553033.45,-32844.3,2025-09-03,2026-08-29,2.05,0.31,-63.75,2.0,0.0,184.93,0.0,0.0,6197.0,-6328.0,Inventory Data Issue,Critical,Investigate negative stock and correct inventory movement or reconciliation records.
P00659,IT Equipment Product 0659,IT Equipment,Subcategory 11,208,104,694720.0,1,170.84,1141181.92,120,40,33.33,6692,24,23.75,0.0,0.0,0.0,15.0,1000.0,488366.12,749758.66,-41501.94,2025-09-04,2026-08-30,2.74,0.43,37.96,1.5,6680.0,246.58,0.0,0.0,5915.0,-5811.0,Stockout Risk,High,Review reorder point and maintain safety stock.
P00660,Electronics Product 0660,Electronics,Subcategory 12,209,101,685790.0,1,162.67,1104537.67,120,40,33.33,6716,24,23.79,0.0,0.0,0.0,15.0,1250.0,620510.74,952677.14,-45941.57,2025-09-05,2026-08-31,3.42,0.56,29.49,1.2,6790.0,308.22,0.0,0.0,5690.0,-5589.0,Stockout Risk,High,Review reorder point and maintain safety stock.
P00661,Furniture Product 0661,Furniture,Subcategory 13,210,335,2311500.0,1,384.64,2654042.47,120,0,0.0,6740,24,24.33,0.0,0.0,0.0,15.0,250.0,126111.52,193631.56,-27278.48,2025-09-01,2026-08-27,0.68,0.05,489.1,6.0,6900.0,61.64,273.36,1886157.53,6715.0,-6380.0,Excess Inventory,Medium,Reduce reorder quantity and transfer or promote excess stock.
P00662,Office Supplies Product 0662,Office Supplies,Subcategory 14,211,87,609870.0,1,376.48,2639120.96,120,0,0.0,6764,24,24.96,0.0,0.0,0.0,15.0,500.0,256246.78,393456.88,-29976.41,2025-09-02,2026-08-28,1.37,0.1,63.51,3.0,7010.0,123.29,0.0,0.0,6490.0,-6403.0,Normal,Low,Continue normal inventory monitoring.
P00663,Home Appliances Product 0663,Home Appliances,Subcategory 15,212,84,598080.0,1,368.32,2622403.29,120,0,0.0,6788,24,24.58,0.0,0.0,0.0,15.0,732.0,381098.16,585141.75,-38670.3,2025-09-03,2026-08-29,2.01,0.15,41.89,2.05,7120.0,180.49,0.0,0.0,6283.0,-6199.0,Normal,Low,Continue normal inventory monitoring.
P00664,Accessories Product 0664,Accessories,Subcategory 16,213,319,2306370.0,1,360.15,2603889.45,120,0,0.0,6812,24,25.21,0.0,0.0,0.0,15.0,1000.0,528576.06,811458.93,-45727.7,2025-09-04,2026-08-30,2.74,0.2,116.44,1.5,7230.0,246.58,72.42,523630.27,6040.0,-5721.0,Excess Inventory,Medium,Reduce reorder quantity and transfer or promote excess stock.
P00665,IT Equipment Product 0665,IT Equipment,Subcategory 17,214,316,2319440.0,1,351.86,2582674.52,120,0,0.0,6372,23,23.91,0.0,0.0,0.0,15.0,1250.0,670772.54,1029513.4,-49822.65,2025-09-05,2026-08-31,3.42,0.26,92.27,1.2,7340.0,308.22,7.78,57111.23,5351.0,-5035.0,Excess Inventory,Medium,Reduce reorder quantity and transfer or promote excess stock.
P00666,Electronics Product 0666,Electronics,Subcategory 18,215,250,1862500.0,1,343.48,2558921.92,120,0,0.0,6925,25,25.12,0.0,0.0,0.0,15.0,250.0,136165.88,208999.14,-27726.28,2025-09-01,2026-08-27,0.68,0.05,365.0,6.0,7450.0,61.64,188.36,1403253.42,6905.0,-6655.0,Excess Inventory,Medium,Reduce reorder quantity and transfer or promote excess stock.
P00667,Furniture Product 0667,Furniture,Subcategory 19,216,240,1814400.0,1,335.19,2534049.86,120,0,0.0,6950,25,24.32,0.0,0.0,0.0,15.0,500.0,276350.52,424194.29,-34114.14,2025-09-02,2026-08-28,1.37,0.11,175.2,3.0,7560.0,123.29,116.71,882345.21,6681.0,-6441.0,Excess Inventory,Medium,Reduce reorder quantity and transfer or promote excess stock.
P00668,Office Supplies Product 0668,Office Supplies,Subcategory 20,217,237,1817790.0,1,327.03,2508300.14,120,0,0.0,6975,25,24.28,0.0,0.0,0.0,15.0,750.0,420558.88,645585.55,-40664.17,2025-09-03,2026-08-29,2.05,0.17,115.34,2.0,7670.0,184.93,52.07,399365.34,6457.0,-6220.0,Excess Inventory,Medium,Reduce reorder quantity and transfer or promote excess stock.
P00669,Home Appliances Product 0669,Home Appliances,Subcategory 21,218,234,1820520.0,1,318.86,2480754.25,120,0,0.0,7000,25,23.6,0.0,0.0,0.0,15.0,1000.0,568786.0,873174.44,-48270.43,2025-09-04,2026-08-30,2.74,0.23,85.41,1.5,7780.0,246.58,0.0,0.0,6233.0,-5999.0,Normal,Low,Continue normal inventory monitoring.
P00670,Accessories Product 0670,Accessories,Subcategory 22,219,231,1822590.0,1,310.7,2451412.19,120,0,0.0,7025,25,25.04,0.0,0.0,0.0,15.0,1245.0,715593.66,1102444.98,-51515.23,2025-09-05,2026-08-31,3.41,0.29,67.72,1.2,7890.0,306.99,0.0,0.0,6014.0,-5783.0,Normal,Low,Continue normal inventory monitoring.
P00671,IT Equipment Product 0671,IT Equipment,Subcategory 23,220,283,2264000.0,1,302.53,2420273.97,120,0,0.0,7050,25,24.48,0.0,0.0,0.0,15.0,250.0,145695.12,224427.14,-31985.3,2025-09-01,2026-08-27,0.68,0.06,413.18,6.0,8000.0,61.64,221.36,1770849.32,7035.0,-6752.0,Excess Inventory,Medium,Reduce reorder quantity and transfer or promote excess stock.
P00672,Electronics Product 0672,Electronics,Subcategory 0,221,35,283850.0,1,294.37,2387339.59,120,0,0.0,7075,25,25.12,0.0,0.0,0.0,15.0,500.0,295397.11,454921.9,-34640.76,2025-09-02,2026-08-28,1.37,0.12,25.55,3.0,8110.0,123.29,0.0,0.0,6811.0,-6776.0,Normal,Low,Continue normal inventory monitoring.
P00673,Furniture Product 0673,Furniture,Subcategory 1,222,32,263040.0,1,286.11,2351820.82,120,0,0.0,7100,25,24.32,0.0,0.0,0.0,15.0,750.0,450716.94,691679.07,-44615.08,2025-09-03,2026-08-29,2.05,0.19,15.57,2.0,8220.0,184.93,0.0,0.0,6587.0,-6555.0,Normal,Low,Continue normal inventory monitoring.
P00674,Office Supplies Product 0674,Office Supplies,Subcategory 2,223,29,241570.0,1,277.82,2314256.58,120,0,0.0,6652,24,24.33,0.0,0.0,0.0,15.0,1000.0,608995.94,934635.74,-49881.67,2025-09-04,2026-08-30,2.74,0.26,10.58,1.5,8330.0,246.58,0.0,0.0,5890.0,-5861.0,Normal,Low,Continue normal inventory monitoring.
P00675,Home Appliances Product 0675,Home Appliances,Subcategory 3,224,264,2228160.0,1,269.53,2274869.04,120,0,0.0,6676,24,24.42,0.0,0.0,0.0,14.0,1190.0,734540.96,1127022.53,-53666.95,2025-09-05,2026-08-31,3.26,0.32,80.97,1.18,8440.0,293.42,0.0,0.0,5724.0,-5460.0,Normal,Low,Continue normal inventory monitoring.
P00676,Accessories Product 0676,Accessories,Subcategory 4,225,198,1692900.0,1,261.25,2233658.22,120,0,0.0,6700,24,25.04,0.0,0.0,0.0,15.0,250.0,156269.6,239859.67,-33710.87,2025-09-01,2026-08-27,0.68,0.07,289.08,6.0,8550.0,61.64,136.36,1165845.21,6690.0,-6492.0,Excess Inventory,Medium,Reduce reorder quantity and transfer or promote excess stock.
P00677,IT Equipment Product 0677,IT Equipment,Subcategory 5,226,195,1688700.0,1,253.08,2191691.78,120,0,0.0,6724,24,23.83,0.0,0.0,0.0,15.0,500.0,316560.46,485919.45,-35987.14,2025-09-02,2026-08-28,1.37,0.14,142.35,3.0,8660.0,123.29,71.71,621028.77,6465.0,-6270.0,Excess Inventory,Medium,Reduce reorder quantity and transfer or promote excess stock.
P00678,Electronics Product 0678,Electronics,Subcategory 6,227,192,1683840.0,1,244.92,2147929.18,120,0,0.0,6748,24,24.58,0.0,0.0,0.0,15.0,750.0,480872.54,737970.35,-50596.08,2025-09-03,2026-08-29,2.05,0.22,93.44,2.0,8770.0,184.93,7.07,61990.68,6240.0,-6048.0,Excess Inventory,Medium,Reduce reorder quantity and transfer or promote excess stock.
P00679,Furniture Product 0679,Furniture,Subcategory 7,228,189,1678320.0,1,236.75,2102370.41,120,5,4.17,6344,23,23.74,0.0,0.0,0.0,15.0,1000.0,649205.88,996076.37,-54331.98,2025-09-04,2026-08-30,2.74,0.31,68.98,1.5,8880.0,246.58,0.0,0.0,5587.0,-5398.0,Normal,Low,Continue normal inventory monitoring.
P00680,Office Supplies Product 0680,Office Supplies,Subcategory 8,229,241,2166590.0,1,228.49,2054153.42,120,23,19.17,6796,24,25.04,0.0,0.0,0.0,15.0,1250.0,821560.44,1260599.03,-63188.86,2025-09-05,2026-08-31,3.42,0.4,70.37,1.2,8990.0,308.22,0.0,0.0,5790.0,-5549.0,Stockout Risk,High,Review reorder point and maintain safety stock.
P00681,Home Appliances Product 0681,Home Appliances,Subcategory 9,230,413,3758300.0,1,450.47,4099238.36,120,0,0.0,7300,25,24.4,0.0,0.0,0.0,15.0,250.0,166321.48,255220.19,-22727.72,2025-09-01,2026-08-27,0.68,0.04,602.98,6.0,9100.0,61.64,351.36,3197341.1,7295.0,-6882.0,Dead Stock,High,"Stop further purchasing and use clearance, bundle or supplier-return strategy."
P00682,Accessories Product 0682,Accessories,Subcategory 10,231,410,3776100.0,1,442.3,4073595.62,120,0,0.0,7325,25,25.04,0.0,0.0,0.0,15.0,500.0,336666.66,516644.16,-30452.83,2025-09-02,2026-08-28,1.37,0.08,299.3,3.0,9210.0,123.29,286.71,2640620.55,7071.0,-6661.0,Excess Inventory,Medium,Reduce reorder quantity and transfer or promote excess stock.
P00683,IT Equipment Product 0683,IT Equipment,Subcategory 11,232,407,3793240.0,1,434.01,4045007.67,120,0,0.0,7350,25,24.48,0.0,0.0,0.0,15.0,750.0,511030.62,784272.72,-40485.95,2025-09-03,2026-08-29,2.05,0.13,198.07,2.0,9320.0,184.93,222.07,2069678.36,6847.0,-6440.0,Excess Inventory,Medium,Reduce reorder quantity and transfer or promote excess stock.
P00684,Electronics Product 0684,Electronics,Subcategory 12,233,404,3809720.0,1,425.73,4014596.44,120,0,0.0,7375,25,25.12,0.0,0.0,0.0,15.0,1000.0,686951.66,1058107.41,-42806.5,2025-09-04,2026-08-30,2.74,0.17,147.46,1.5,9430.0,246.58,157.42,1484514.52,6623.0,-6219.0,Excess Inventory,Medium,Reduce reorder quantity and transfer or promote excess stock.
P00685,Furniture Product 0685,Furniture,Subcategory 13,234,394,3758760.0,1,417.44,3982361.92,120,0,0.0,7400,25,24.32,0.0,0.0,0.0,15.0,1245.0,865243.77,1332246.66,-53823.08,2025-09-05,2026-08-31,3.41,0.22,115.51,1.2,9540.0,306.99,87.01,830110.68,6404.0,-6010.0,Excess Inventory,Medium,Reduce reorder quantity and transfer or promote excess stock.
P00686,Office Supplies Product 0686,Office Supplies,Subcategory 14,235,208,2007200.0,1,409.27,3949493.84,120,0,0.0,7425,25,24.28,0.0,0.0,0.0,15.0,250.0,176375.82,270576.7,-25831.43,2025-09-01,2026-08-27,0.68,0.04,303.68,6.0,9650.0,61.64,146.36,1412336.99,7425.0,-7217.0,Excess Inventory,Medium,Reduce reorder quantity and transfer or promote excess stock.
P00687,Home Appliances Product 0687,Home Appliances,Subcategory 15,236,143,1395680.0,1,401.01,3913893.7,120,0,0.0,7450,25,23.6,0.0,0.0,0.0,15.0,500.0,356770.4,547359.06,-34047.53,2025-09-02,2026-08-28,1.37,0.09,104.39,3.0,9760.0,123.29,19.71,192392.33,7201.0,-7058.0,Excess Inventory,Medium,Reduce reorder quantity and transfer or promote excess stock.
P00688,Accessories Product 0688,Accessories,Subcategory 16,237,140,1381800.0,1,392.85,3877422.74,120,0,0.0,7038,24,24.42,0.0,0.0,0.0,15.0,750.0,541188.7,830347.18,-43561.46,2025-09-03,2026-08-29,2.05,0.14,68.13,2.0,9870.0,184.93,0.0,0.0,6540.0,-6400.0,Normal,Low,Continue normal inventory monitoring.
P00689,IT Equipment Product 0689,IT Equipment,Subcategory 17,238,137,1367260.0,1,384.68,3839155.62,120,0,0.0,7062,24,24.5,0.0,0.0,0.0,15.0,1000.0,729625.76,1119542.95,-49788.37,2025-09-04,2026-08-30,2.74,0.19,50.0,1.5,9980.0,246.58,0.0,0.0,6315.0,-6178.0,Normal,Low,Continue normal inventory monitoring.
P00690,Electronics Product 0690,Electronics,Subcategory 18,239,134,1352060.0,1,376.52,3799092.33,120,0,0.0,7086,24,25.12,0.0,0.0,0.0,15.0,1250.0,922084.06,1414947.52,-60783.12,2025-09-05,2026-08-31,3.42,0.24,39.13,1.2,10090.0,308.22,0.0,0.0,6090.0,-5956.0,Normal,Low,Continue normal inventory monitoring.
P00691,Furniture Product 0691,Furniture,Subcategory 19,240,123,1254600.0,1,368.36,3757232.88,120,0,0.0,7110,24,24.5,0.0,0.0,0.0,15.0,250.0,186427.68,286093.62,-27780.59,2025-09-01,2026-08-27,0.68,0.05,179.58,6.0,10200.0,61.64,61.36,625832.88,7115.0,-6992.0,Excess Inventory,Medium,Reduce reorder quantity and transfer or promote excess stock.
P00692,Office Supplies Product 0692,Office Supplies,Subcategory 20,241,120,1237200.0,1,360.07,3712306.16,120,0,0.0,7134,24,25.12,0.0,0.0,0.0,15.0,500.0,376876.6,578230.71,-37673.64,2025-09-02,2026-08-28,1.37,0.1,87.6,3.0,10310.0,123.29,0.0,0.0,6890.0,-6770.0,Normal,Low,Continue normal inventory monitoring.
P00693,Home Appliances Product 0693,Home Appliances,Subcategory 21,242,355,3699100.0,1,351.78,3665556.16,120,0,0.0,6766,23,23.83,0.0,0.0,0.0,15.0,750.0,571344.28,876406.05,-45438.82,2025-09-03,2026-08-29,2.05,0.16,172.77,2.0,10420.0,184.93,170.07,1772113.7,6273.0,-5918.0,Excess Inventory,Medium,Reduce reorder quantity and transfer or promote excess stock.
P00694,Accessories Product 0694,Accessories,Subcategory 22,243,114,1200420.0,1,343.4,3615973.15,120,0,0.0,7182,24,25.12,0.0,0.0,0.0,15.0,1000.0,769835.7,1180958.17,-53228.49,2025-09-04,2026-08-30,2.74,0.21,41.61,1.5,10530.0,246.58,0.0,0.0,6440.0,-6326.0,Normal,Low,Continue normal inventory monitoring.
P00695,IT Equipment Product 0695,IT Equipment,Subcategory 23,244,349,3713360.0,1,335.23,3566877.81,120,0,0.0,7206,24,23.67,0.0,0.0,0.0,15.0,1250.0,972345.86,1491720.62,-61140.68,2025-09-05,2026-08-31,3.42,0.27,101.91,1.2,10640.0,308.22,40.78,433907.95,6215.0,-5866.0,Excess Inventory,Medium,Reduce reorder quantity and transfer or promote excess stock.
P00696,Electronics Product 0696,Electronics,Subcategory 0,245,156,1677000.0,1,327.07,3515986.3,120,0,0.0,7675,25,24.44,0.0,0.0,0.0,15.0,250.0,196479.54,301449.93,-28586.74,2025-09-01,2026-08-27,0.68,0.06,227.76,6.0,10750.0,61.64,94.36,1014328.77,7685.0,-7529.0,Excess Inventory,Medium,Reduce reorder quantity and transfer or promote excess stock.
P00697,Furniture Product 0697,Furniture,Subcategory 1,246,153,1661580.0,1,318.9,3463298.63,120,0,0.0,7700,25,24.32,0.0,0.0,0.0,15.0,500.0,396980.34,609109.63,-40165.1,2025-09-02,2026-08-28,1.37,0.11,111.69,3.0,10860.0,123.29,29.71,322675.89,7461.0,-7308.0,Excess Inventory,Medium,Reduce reorder quantity and transfer or promote excess stock.
P00698,Office Supplies Product 0698,Office Supplies,Subcategory 2,247,150,1645500.0,1,310.74,3408814.79,120,0,0.0,7725,25,24.96,0.0,0.0,0.0,15.0,750.0,599352.43,922982.77,-53599.17,2025-09-03,2026-08-29,2.05,0.18,73.0,2.0,10970.0,184.93,0.0,0.0,7237.0,-7087.0,Normal,Low,Continue normal inventory monitoring.
P00699,Home Appliances Product 0699,Home Appliances,Subcategory 3,248,147,1628760.0,1,302.58,3352534.79,120,0,0.0,7750,25,24.4,0.0,0.0,0.0,15.0,1000.0,807150.32,1242711.79,-50999.78,2025-09-04,2026-08-30,2.74,0.24,53.66,1.5,11080.0,246.58,0.0,0.0,7013.0,-6866.0,Normal,Low,Continue normal inventory monitoring.
P00700,Accessories Product 0700,Accessories,Subcategory 4,249,144,1611360.0,1,294.41,3294458.63,120,0,0.0,7775,25,25.04,0.0,0.0,0.0,15.0,1245.0,1018548.94,1562386.88,-64700.7,2025-09-05,2026-08-31,3.41,0.31,42.22,1.2,11190.0,306.99,0.0,0.0,6794.0,-6650.0,Normal,Low,Continue normal inventory monitoring.
P00701,IT Equipment Product 0701,IT Equipment,Subcategory 5,250,71,21300.0,1,351.78,105534.25,120,0,0.0,6450,25,24.48,0.0,0.0,0.0,15.0,250.0,5484.18,8799.98,-16431.24,2025-09-01,2026-08-27,0.68,0.05,103.66,6.0,300.0,61.64,9.36,2806.85,6465.0,-6394.0,Excess Inventory,Medium,Reduce reorder quantity and transfer or promote excess stock.
P00702,Electronics Product 0702,Electronics,Subcategory 6,251,313,128330.0,1,343.49,140832.19,120,0,0.0,6074,24,24.5,0.0,0.0,0.0,15.0,500.0,14987.14,23761.52,-16973.0,2025-09-02,2026-08-28,1.37,0.11,228.49,3.0,410.0,123.29,189.71,77782.05,5840.0,-5527.0,Excess Inventory,Medium,Reduce reorder quantity and transfer or promote excess stock.
P00703,Furniture Product 0703,Furniture,Subcategory 7,252,310,161200.0,1,335.21,174306.85,120,0,0.0,6098,24,24.33,0.0,0.0,0.0,15.0,750.0,28511.34,44886.85,-17473.06,2025-09-03,2026-08-29,2.05,0.16,150.87,2.0,520.0,184.93,125.07,65035.62,5615.0,-5305.0,Excess Inventory,Medium,Reduce reorder quantity and transfer or promote excess stock.
P00704,Office Supplies Product 0704,Office Supplies,Subcategory 8,253,300,189000.0,1,327.04,206035.89,120,0,0.0,6122,24,24.25,0.0,0.0,0.0,15.0,1000.0,46059.24,72177.86,-18598.76,2025-09-04,2026-08-30,2.74,0.22,109.5,1.5,630.0,246.58,53.42,33657.53,5390.0,-5090.0,Excess Inventory,Medium,Reduce reorder quantity and transfer or promote excess stock.
P00705,Home Appliances Product 0705,Home Appliances,Subcategory 9,254,59,43660.0,1,318.88,235968.77,120,0,0.0,6550,25,23.6,0.0,0.0,0.0,15.0,1250.0,67625.92,105634.99,-19392.2,2025-09-05,2026-08-31,3.42,0.29,17.23,1.2,740.0,308.22,0.0,0.0,5569.0,-5510.0,Normal,Low,Continue normal inventory monitoring.
P00706,Accessories Product 0706,Accessories,Subcategory 10,255,286,243100.0,1,310.71,264105.48,120,0,0.0,6170,24,25.21,0.0,0.0,0.0,15.0,250.0,15536.06,24203.21,-18451.62,2025-09-01,2026-08-27,0.68,0.06,417.56,6.0,850.0,61.64,224.36,190702.74,6190.0,-5904.0,Excess Inventory,Medium,Reduce reorder quantity and transfer or promote excess stock.
P00707,IT Equipment Product 0707,IT Equipment,Subcategory 11,256,228,218880.0,1,302.55,290446.03,120,0,0.0,5838,23,23.91,0.0,0.0,0.0,15.0,500.0,35093.34,54556.25,-18956.46,2025-09-02,2026-08-28,1.37,0.12,166.44,3.0,960.0,123.29,104.71,100523.84,5609.0,-5381.0,Excess Inventory,Medium,Reduce reorder quantity and transfer or promote excess stock.
P00708,Electronics Product 0708,Electronics,Subcategory 12,257,280,299600.0,1,294.29,314887.81,120,0,0.0,6218,24,25.21,0.0,0.0,0.0,15.0,750.0,58669.4,91079.8,-21160.21,2025-09-03,2026-08-29,2.05,0.19,136.27,2.0,1070.0,184.93,95.07,101723.29,5740.0,-5460.0,Excess Inventory,Medium,Reduce reorder quantity and transfer or promote excess stock.
P00709,Furniture Product 0709,Furniture,Subcategory 13,258,215,253700.0,1,286.12,337625.48,120,0,0.0,6242,24,24.33,0.0,0.0,0.0,15.0,1000.0,86269.18,133770.91,-21841.69,2025-09-04,2026-08-30,2.74,0.26,78.48,1.5,1180.0,246.58,0.0,0.0,5515.0,-5300.0,Normal,Low,Continue normal inventory monitoring.
P00710,Office Supplies Product 0710,Office Supplies,Subcategory 14,259,274,353460.0,1,277.84,358407.95,120,0,0.0,6266,24,24.96,0.0,0.0,0.0,15.0,1250.0,117887.72,182630.03,-23776.85,2025-09-05,2026-08-31,3.42,0.33,80.01,1.2,1290.0,308.22,0.0,0.0,5290.0,-5016.0,Normal,Low,Continue normal inventory monitoring.
P00711,Home Appliances Product 0711,Home Appliances,Subcategory 15,260,26,36400.0,1,269.55,377367.12,120,0,0.0,6700,25,24.4,0.0,0.0,0.0,15.0,250.0,25496.46,39609.9,-20214.3,2025-09-01,2026-08-27,0.68,0.07,37.96,6.0,1400.0,61.64,0.0,0.0,6725.0,-6699.0,Normal,Low,Continue normal inventory monitoring.
P00712,Accessories Product 0712,Accessories,Subcategory 16,261,23,34730.0,1,261.26,394503.01,120,0,0.0,6414,24,24.42,0.0,0.0,0.0,15.0,500.0,54999.79,85387.6,-21490.1,2025-09-02,2026-08-28,1.37,0.14,16.79,3.0,1510.0,123.29,0.0,0.0,6190.0,-6167.0,Normal,Low,Continue normal inventory monitoring.
P00713,IT Equipment Product 0713,IT Equipment,Subcategory 17,262,20,32400.0,1,253.1,410015.34,120,0,0.0,6750,25,23.68,0.0,0.0,0.0,15.0,750.0,88509.99,137296.79,-23139.77,2025-09-03,2026-08-29,2.05,0.22,9.73,2.0,1620.0,184.93,0.0,0.0,6277.0,-6257.0,Normal,Low,Continue normal inventory monitoring.
P00714,Electronics Product 0714,Electronics,Subcategory 18,263,10,17300.0,1,244.93,423731.51,120,0,0.0,6775,25,24.44,0.0,0.0,0.0,15.0,1000.0,126479.12,195343.64,-24844.35,2025-09-04,2026-08-30,2.74,0.3,3.65,1.5,1730.0,246.58,0.0,0.0,6053.0,-6043.0,Normal,Low,Continue normal inventory monitoring.
P00715,Furniture Product 0715,Furniture,Subcategory 19,264,-2,-3680.0,1,236.67,435475.07,120,9,7.5,6800,25,24.32,0.0,0.0,0.0,15.0,1245.0,167481.75,258582.56,-27093.91,2025-09-05,2026-08-31,3.41,0.38,-0.59,1.2,0.0,306.99,0.0,0.0,5834.0,-5836.0,Inventory Data Issue,Critical,Investigate negative stock and correct inventory movement or reconciliation records.
P00716,Office Supplies Product 0716,Office Supplies,Subcategory 20,265,241,469950.0,1,228.51,445588.36,120,26,21.67,6460,24,24.33,0.0,0.0,0.0,15.0,250.0,35639.78,55004.51,-22494.78,2025-09-01,2026-08-27,0.68,0.08,351.86,6.0,1950.0,61.64,179.36,349744.52,6490.0,-6249.0,Excess Inventory,Medium,Reduce reorder quantity and transfer or promote excess stock.
P00717,Home Appliances Product 0717,Home Appliances,Subcategory 21,266,176,362560.0,1,220.34,453905.48,120,38,31.67,6484,24,24.42,0.0,0.0,0.0,15.0,500.0,75303.28,116179.43,-24107.84,2025-09-02,2026-08-28,1.37,0.17,128.48,3.0,2060.0,123.29,52.71,108587.4,6265.0,-6089.0,Excess Inventory,Medium,Reduce reorder quantity and transfer or promote excess stock.
P00718,Accessories Product 0718,Accessories,Subcategory 22,267,235,509950.0,1,212.18,460426.44,120,40,33.33,6508,24,25.04,0.0,0.0,0.0,15.0,750.0,118985.56,183525.2,-25616.21,2025-09-03,2026-08-29,2.05,0.26,114.37,2.0,2170.0,184.93,50.07,108648.63,6040.0,-5805.0,Excess Inventory,Medium,Reduce reorder quantity and transfer or promote excess stock.
P00719,IT Equipment Product 0719,IT Equipment,Subcategory 23,268,225,513000.0,1,203.89,464870.14,120,40,33.33,6900,25,24.48,0.0,0.0,0.0,15.0,1000.0,166689.06,257044.42,-28042.28,2025-09-04,2026-08-30,2.74,0.36,82.12,1.5,2280.0,246.58,0.0,0.0,6183.0,-5958.0,Stockout Risk,High,Review reorder point and maintain safety stock.
P00720,Electronics Product 0720,Electronics,Subcategory 0,269,158,377620.0,1,195.6,467490.55,120,40,33.33,6556,24,25.29,0.0,0.0,0.0,15.0,1250.0,218411.34,336641.07,-30726.3,2025-09-05,2026-08-31,3.42,0.47,46.14,1.2,2390.0,308.22,0.0,0.0,5590.0,-5432.0,Stockout Risk,High,Review reorder point and maintain safety stock.
P00721,Furniture Product 0721,Furniture,Subcategory 1,270,394,985000.0,1,417.45,1043630.14,120,0,0.0,6260,23,23.74,0.0,0.0,0.0,15.0,250.0,45694.12,70393.7,-14816.32,2025-09-01,2026-08-27,0.68,0.04,575.24,6.0,2500.0,61.64,332.36,830890.41,6295.0,-5901.0,Dead Stock,High,"Stop further purchasing and use clearance, bundle or supplier-return strategy."
P00722,Office Supplies Product 0722,Office Supplies,Subcategory 2,271,153,399330.0,1,409.19,1067990.55,120,0,0.0,6604,24,24.33,0.0,0.0,0.0,14.0,474.0,90481.32,139322.55,-16028.92,2025-09-02,2026-08-28,1.3,0.08,117.82,2.95,2610.0,116.88,36.12,94281.78,6415.0,-6262.0,Excess Inventory,Medium,Reduce reorder quantity and transfer or promote excess stock.
P00723,Home Appliances Product 0723,Home Appliances,Subcategory 3,272,150,408000.0,1,401.03,1090794.52,120,0,0.0,6628,24,23.58,0.0,0.0,0.0,15.0,750.0,149141.16,229698.39,-19636.96,2025-09-03,2026-08-29,2.05,0.14,73.0,2.0,2720.0,184.93,0.0,0.0,6165.0,-6015.0,Normal,Low,Continue normal inventory monitoring.
P00724,Accessories Product 0724,Accessories,Subcategory 4,273,140,396200.0,1,392.86,1111802.33,120,0,0.0,6329,23,25.13,0.0,0.0,0.0,15.0,1000.0,206899.0,318612.06,-22309.61,2025-09-04,2026-08-30,2.74,0.19,51.1,1.5,2830.0,246.58,0.0,0.0,5617.0,-5477.0,Normal,Low,Continue normal inventory monitoring.
P00725,IT Equipment Product 0725,IT Equipment,Subcategory 5,274,373,1096620.0,1,384.7,1131013.97,120,0,0.0,6352,23,23.83,0.0,0.0,0.0,15.0,1250.0,267715.31,413701.89,-23168.11,2025-09-05,2026-08-31,3.42,0.24,108.92,1.2,2940.0,308.22,64.78,190455.62,5391.0,-5018.0,Excess Inventory,Medium,Reduce reorder quantity and transfer or promote excess stock.
P00726,Electronics Product 0726,Electronics,Subcategory 6,275,189,576450.0,1,376.53,1148429.45,120,0,0.0,6475,23,24.48,0.0,0.0,0.0,15.0,250.0,55546.75,85828.05,-15973.86,2025-09-01,2026-08-27,0.68,0.05,275.94,6.0,3050.0,61.64,127.36,388436.3,6515.0,-6326.0,Excess Inventory,Medium,Reduce reorder quantity and transfer or promote excess stock.
P00727,Furniture Product 0727,Furniture,Subcategory 7,276,368,1162880.0,1,368.37,1164048.77,120,0,0.0,6774,24,24.5,0.0,0.0,0.0,15.0,500.0,115097.87,177781.79,-19252.84,2025-09-02,2026-08-28,1.37,0.1,268.64,3.0,3160.0,123.29,244.71,773290.96,6565.0,-6197.0,Excess Inventory,Medium,Reduce reorder quantity and transfer or promote excess stock.
P00728,Office Supplies Product 0728,Office Supplies,Subcategory 8,277,183,598410.0,1,360.08,1177468.77,120,0,0.0,6798,24,25.12,0.0,0.0,0.0,15.0,750.0,179299.22,275856.68,-21522.35,2025-09-03,2026-08-29,2.05,0.15,89.06,2.0,3270.0,184.93,0.0,0.0,6340.0,-6157.0,Normal,Low,Continue normal inventory monitoring.
P00729,Home Appliances Product 0729,Home Appliances,Subcategory 9,278,355,1199900.0,1,351.7,1188741.37,120,0,0.0,6822,24,24.5,0.0,0.0,0.0,15.0,1000.0,247108.94,380159.4,-25009.81,2025-09-04,2026-08-30,2.74,0.21,129.58,1.5,3380.0,246.58,108.42,366475.34,6115.0,-5760.0,Excess Inventory,Medium,Reduce reorder quantity and transfer or promote excess stock.
P00730,Accessories Product 0730,Accessories,Subcategory 10,279,168,586320.0,1,343.41,1198504.25,120,0,0.0,6846,24,24.42,0.0,0.0,0.0,15.0,1245.0,317670.79,488697.36,-29775.91,2025-09-05,2026-08-31,3.41,0.27,49.25,1.2,3490.0,306.99,0.0,0.0,5895.0,-5727.0,Normal,Low,Continue normal inventory monitoring.
P00731,IT Equipment Product 0731,IT Equipment,Subcategory 11,280,104,374400.0,1,335.25,1206887.67,120,0,0.0,7200,25,23.68,0.0,0.0,0.0,15.0,250.0,65797.86,101216.67,-17303.93,2025-09-01,2026-08-27,0.68,0.05,151.84,6.0,3600.0,61.64,42.36,152482.19,7245.0,-7141.0,Excess Inventory,Medium,Reduce reorder quantity and transfer or promote excess stock.
P00732,Electronics Product 0732,Electronics,Subcategory 12,281,101,374710.0,1,327.08,1213474.93,120,0,0.0,7225,25,24.44,0.0,0.0,0.0,15.0,500.0,135616.96,208611.16,-21329.68,2025-09-02,2026-08-28,1.37,0.11,73.73,3.0,3710.0,123.29,0.0,0.0,7021.0,-6920.0,Normal,Low,Continue normal inventory monitoring.
P00733,Furniture Product 0733,Furniture,Subcategory 13,282,98,374360.0,1,318.92,1218266.03,120,0,0.0,7250,25,24.32,0.0,0.0,0.0,15.0,750.0,209457.3,322185.7,-25133.49,2025-09-03,2026-08-29,2.05,0.17,47.69,2.0,3820.0,184.93,0.0,0.0,6797.0,-6699.0,Normal,Low,Continue normal inventory monitoring.
P00734,Office Supplies Product 0734,Office Supplies,Subcategory 14,283,86,337980.0,1,310.75,1221260.96,120,0,0.0,7275,25,24.96,0.0,0.0,0.0,15.0,1000.0,287316.4,441813.93,-27387.0,2025-09-04,2026-08-30,2.74,0.24,31.39,1.5,3930.0,246.58,0.0,0.0,6573.0,-6487.0,Normal,Low,Continue normal inventory monitoring.
P00735,Home Appliances Product 0735,Home Appliances,Subcategory 15,284,83,335320.0,1,302.59,1222459.73,120,0,0.0,7016,24,23.75,0.0,0.0,0.0,15.0,1250.0,369199.24,567552.6,-33525.25,2025-09-05,2026-08-31,3.42,0.3,24.24,1.2,4040.0,308.22,0.0,0.0,6065.0,-5982.0,Normal,Low,Continue normal inventory monitoring.
P00736,Accessories Product 0736,Accessories,Subcategory 16,285,319,1323850.0,1,294.33,1221464.38,120,0,0.0,7325,25,25.04,0.0,0.0,0.0,14.0,248.0,75247.26,115671.76,-19923.9,2025-09-01,2026-08-27,0.68,0.06,469.5,5.65,4150.0,61.15,257.85,1070074.66,7376.0,-7057.0,Excess Inventory,Medium,Reduce reorder quantity and transfer or promote excess stock.
P00737,IT Equipment Product 0737,IT Equipment,Subcategory 17,286,316,1346160.0,1,286.04,1218535.07,120,0,0.0,7350,25,24.48,0.0,0.0,0.0,15.0,500.0,155720.7,239379.41,-23762.77,2025-09-02,2026-08-28,1.37,0.13,230.68,3.0,4260.0,123.29,192.71,820954.52,7151.0,-6835.0,Excess Inventory,Medium,Reduce reorder quantity and transfer or promote excess stock.
P00738,Electronics Product 0738,Electronics,Subcategory 18,287,313,1367810.0,1,277.75,1213782.47,120,0,0.0,7088,24,25.21,0.0,0.0,0.0,15.0,750.0,239612.9,368340.19,-29612.29,2025-09-03,2026-08-29,2.05,0.2,152.33,2.0,4370.0,184.93,128.07,559659.32,6640.0,-6327.0,Excess Inventory,Medium,Reduce reorder quantity and transfer or promote excess stock.
P00739,Furniture Product 0739,Furniture,Subcategory 19,288,301,1348480.0,1,269.47,1207206.58,120,0,0.0,7112,24,24.33,0.0,0.0,0.0,15.0,1000.0,326355.67,503484.42,-30408.32,2025-09-04,2026-08-30,2.74,0.27,109.86,1.5,4480.0,246.58,54.42,243822.47,6415.0,-6114.0,Excess Inventory,Medium,Reduce reorder quantity and transfer or promote excess stock.
P00740,Office Supplies Product 0740,Office Supplies,Subcategory 20,289,298,1367820.0,1,261.3,1199373.29,120,0,0.0,6897,23,23.57,0.0,0.0,0.0,14.0,1190.0,397971.57,613946.67,-33008.07,2025-09-05,2026-08-31,3.26,0.33,91.4,1.18,4590.0,293.42,4.58,21000.82,6010.0,-5712.0,Excess Inventory,Medium,Reduce reorder quantity and transfer or promote excess stock.
P00741,Home Appliances Product 0741,Home Appliances,Subcategory 21,290,534,2509800.0,1,483.27,2271387.67,120,0,0.0,7160,24,23.75,0.0,0.0,0.0,15.0,250.0,85904.06,132016.07,-21514.46,2025-09-01,2026-08-27,0.68,0.04,779.64,6.0,4700.0,61.64,472.36,2220073.97,7215.0,-6681.0,Dead Stock,High,"Stop further purchasing and use clearance, bundle or supplier-return strategy."
P00742,Accessories Product 0742,Accessories,Subcategory 22,291,56,269360.0,1,475.11,2285277.12,120,0,0.0,7184,24,25.21,0.0,0.0,0.0,15.0,500.0,175826.9,270137.5,-27318.45,2025-09-02,2026-08-28,1.37,0.08,40.88,3.0,4810.0,123.29,0.0,0.0,6990.0,-6934.0,Normal,Low,Continue normal inventory monitoring.
P00743,IT Equipment Product 0743,IT Equipment,Subcategory 23,292,37,182040.0,1,466.85,2296898.63,120,0,0.0,7208,24,24.58,0.0,0.0,0.0,15.0,744.0,267628.24,411128.64,-30266.31,2025-09-03,2026-08-29,2.04,0.12,18.15,2.02,4920.0,183.45,0.0,0.0,6771.0,-6734.0,Normal,Low,Continue normal inventory monitoring.
P00744,Electronics Product 0744,Electronics,Subcategory 0,293,34,171020.0,1,458.68,2307185.21,120,0,0.0,7232,24,24.5,0.0,0.0,0.0,15.0,1000.0,367736.28,565006.7,-34368.8,2025-09-04,2026-08-30,2.74,0.16,12.41,1.5,5030.0,246.58,0.0,0.0,6540.0,-6506.0,Normal,Low,Continue normal inventory monitoring.
P00745,Furniture Product 0745,Furniture,Subcategory 1,294,513,2636820.0,1,450.52,2315675.62,120,0,0.0,7256,24,24.33,0.0,0.0,0.0,15.0,1245.0,467857.38,718830.51,-40611.57,2025-09-05,2026-08-31,3.41,0.2,150.4,1.2,5140.0,306.99,206.01,1058910.41,6320.0,-5807.0,Excess Inventory,Medium,Reduce reorder quantity and transfer or promote excess stock.
P00746,Office Supplies Product 0746,Office Supplies,Subcategory 2,295,274,1438500.0,1,442.23,2321722.6,120,0,0.0,7575,25,24.96,0.0,0.0,0.0,15.0,250.0,95955.94,147435.74,-25220.55,2025-09-01,2026-08-27,0.68,0.04,400.04,6.0,5250.0,61.64,212.36,1114869.86,7635.0,-7361.0,Excess Inventory,Medium,Reduce reorder quantity and transfer or promote excess stock.
P00747,Home Appliances Product 0747,Home Appliances,Subcategory 3,296,271,1452560.0,1,433.95,2325946.3,120,0,0.0,7600,25,24.4,0.0,0.0,0.0,15.0,500.0,195930.64,301058.49,-28542.15,2025-09-02,2026-08-28,1.37,0.08,197.83,3.0,5360.0,123.29,147.71,791738.08,7411.0,-7140.0,Excess Inventory,Medium,Reduce reorder quantity and transfer or promote excess stock.
P00748,Accessories Product 0748,Accessories,Subcategory 4,297,252,1378440.0,1,425.66,2328346.71,120,0,0.0,7625,25,25.04,0.0,0.0,0.0,15.0,750.0,299929.04,460736.43,-33962.76,2025-09-03,2026-08-29,2.05,0.13,122.64,2.0,5470.0,184.93,67.07,366864.66,7187.0,-6935.0,Excess Inventory,Medium,Reduce reorder quantity and transfer or promote excess stock.
P00749,IT Equipment Product 0749,IT Equipment,Subcategory 5,298,249,1389420.0,1,417.49,2329611.78,120,0,0.0,7402,24,23.0,0.0,0.0,0.0,15.0,1000.0,407946.22,626507.58,-38984.11,2025-09-04,2026-08-30,2.74,0.18,90.88,1.5,5580.0,246.58,2.42,13529.59,6715.0,-6466.0,Excess Inventory,Medium,Reduce reorder quantity and transfer or promote excess stock.
P00750,Electronics Product 0750,Electronics,Subcategory 6,299,246,1399740.0,1,409.23,2328535.07,120,0,0.0,7675,25,24.44,0.0,0.0,0.0,15.0,1240.0,515856.98,792274.98,-43713.51,2025-09-05,2026-08-31,3.4,0.22,72.41,1.21,5690.0,305.75,0.0,0.0,6749.0,-6503.0,Normal,Low,Continue normal inventory monitoring.
P00751,Furniture Product 0751,Furniture,Subcategory 7,300,489,2836200.0,1,401.07,2326197.26,120,4,3.33,6350,25,24.32,0.0,0.0,0.0,0.0,0.0,0.0,0.0,0.0,,,0.0,0.0,0.0,0.0,5800.0,0.0,489.0,2836200.0,6650.0,-6161.0,Excess Inventory,Medium,Reduce reorder quantity and transfer or promote excess stock.
P00752,Office Supplies Product 0752,Office Supplies,Subcategory 8,301,486,2872260.0,1,392.9,2322063.29,120,30,25.0,6375,25,24.96,0.0,0.0,0.0,15.0,500.0,216036.84,331814.04,-30985.58,2025-09-02,2026-08-28,1.37,0.09,354.78,3.0,5910.0,123.29,362.71,2143629.86,6191.0,-5705.0,Excess Inventory,Medium,Reduce reorder quantity and transfer or promote excess stock.
P00753,Home Appliances Product 0753,Home Appliances,Subcategory 9,302,-8,-48160.0,1,384.74,2316133.15,120,40,33.33,6148,24,24.42,0.0,0.0,0.0,15.0,750.0,328907.31,507004.5,-35674.28,2025-09-03,2026-08-29,2.05,0.14,-3.89,2.0,0.0,184.93,0.0,0.0,5715.0,-5723.0,Inventory Data Issue,Critical,Investigate negative stock and correct inventory movement or reconciliation records.
P00754,Accessories Product 0754,Accessories,Subcategory 10,303,464,2844320.0,1,376.58,2308406.85,120,40,33.33,5969,23,24.39,0.0,0.0,0.0,15.0,1000.0,446554.34,688385.84,-42725.6,2025-09-04,2026-08-30,2.74,0.19,169.36,1.5,6130.0,246.58,217.42,1332813.15,5287.0,-4823.0,Excess Inventory,Medium,Reduce reorder quantity and transfer or promote excess stock.
P00755,IT Equipment Product 0755,IT Equipment,Subcategory 11,304,-14,-87360.0,1,368.29,2298115.07,120,40,33.33,6450,25,24.48,0.0,0.0,0.0,15.0,1250.0,570248.94,875706.79,-48588.12,2025-09-05,2026-08-31,3.42,0.25,-4.09,1.2,0.0,308.22,0.0,0.0,5519.0,-5533.0,Inventory Data Issue,Critical,Investigate negative stock and correct inventory movement or reconciliation records.
P00756,Electronics Product 0756,Electronics,Subcategory 12,305,222,1409700.0,1,360.0,2286000.0,120,40,33.33,6220,24,25.29,0.0,0.0,0.0,15.0,250.0,116059.66,178185.75,-29423.43,2025-09-01,2026-08-27,0.68,0.05,324.12,6.0,6350.0,61.64,160.36,1018261.64,6290.0,-6068.0,Excess Inventory,Medium,Reduce reorder quantity and transfer or promote excess stock.
P00757,Furniture Product 0757,Furniture,Subcategory 13,306,210,1356600.0,1,351.62,2271442.19,120,40,33.33,6244,24,24.42,0.0,0.0,0.0,15.0,494.0,233327.15,358193.22,-32289.88,2025-09-02,2026-08-28,1.35,0.1,155.16,3.04,6460.0,121.81,88.19,569718.9,6071.0,-5861.0,Excess Inventory,Medium,Reduce reorder quantity and transfer or promote excess stock.
P00758,Office Supplies Product 0758,Office Supplies,Subcategory 14,307,207,1359990.0,1,343.45,2256480.0,120,40,33.33,6268,24,23.62,0.0,0.0,0.0,15.0,750.0,360242.72,553124.69,-38314.71,2025-09-03,2026-08-29,2.05,0.16,100.74,2.0,6570.0,184.93,22.07,144990.0,5840.0,-5633.0,Excess Inventory,Medium,Reduce reorder quantity and transfer or promote excess stock.
P00759,Home Appliances Product 0759,Home Appliances,Subcategory 15,308,204,1362720.0,1,335.29,2239721.64,120,40,33.33,6292,24,23.58,0.0,0.0,0.0,15.0,1000.0,488366.12,749882.35,-44105.74,2025-09-04,2026-08-30,2.74,0.22,74.46,1.5,6680.0,246.58,0.0,0.0,5615.0,-5411.0,Stockout Risk,High,Review reorder point and maintain safety stock.
P00760,Accessories Product 0760,Accessories,Subcategory 16,309,-44,-298760.0,1,327.12,2221167.12,120,40,33.33,6316,24,25.04,0.0,0.0,0.0,15.0,1245.0,618046.44,948984.14,-49889.01,2025-09-05,2026-08-31,3.41,0.28,-12.9,1.2,0.0,306.99,0.0,0.0,5395.0,-5439.0,Inventory Data Issue,Critical,Investigate negative stock and correct inventory movement or reconciliation records.
P00761,IT Equipment Product 0761,IT Equipment,Subcategory 17,310,437,3015300.0,1,549.1,3788761.64,120,0,0.0,6600,25,24.48,0.0,0.0,0.0,15.0,250.0,126111.52,193663.49,-21460.14,2025-09-01,2026-08-27,0.68,0.03,638.02,6.0,6900.0,61.64,375.36,2589957.53,6675.0,-6238.0,Dead Stock,High,"Stop further purchasing and use clearance, bundle or supplier-return strategy."
P00762,Electronics Product 0762,Electronics,Subcategory 18,311,425,2979250.0,1,540.93,3791929.86,120,0,0.0,6625,25,25.12,0.0,0.0,0.0,15.0,500.0,256246.78,393408.22,-25006.74,2025-09-02,2026-08-28,1.37,0.07,310.25,3.0,7010.0,123.29,301.71,2115003.42,6451.0,-6026.0,Excess Inventory,Medium,Reduce reorder quantity and transfer or promote excess stock.
P00763,Furniture Product 0763,Furniture,Subcategory 19,312,422,3004640.0,1,532.77,3793301.92,120,0,0.0,6438,24,23.67,0.0,0.0,0.0,15.0,750.0,390400.8,599229.64,-32827.6,2025-09-03,2026-08-29,2.05,0.1,205.37,2.0,7120.0,184.93,237.07,1687927.67,6015.0,-5593.0,Excess Inventory,Medium,Reduce reorder quantity and transfer or promote excess stock.
P00764,Office Supplies Product 0764,Office Supplies,Subcategory 20,313,419,3029370.0,1,524.38,3791293.15,120,0,0.0,6675,25,24.96,0.0,0.0,0.0,15.0,988.0,522278.49,801554.11,-38845.73,2025-09-04,2026-08-30,2.71,0.14,154.79,1.52,7230.0,243.62,175.38,1268023.15,6015.0,-5596.0,Excess Inventory,Medium,Reduce reorder quantity and transfer or promote excess stock.
P00765,Home Appliances Product 0765,Home Appliances,Subcategory 21,314,416,3053440.0,1,516.1,3788143.84,120,0,0.0,6700,25,24.4,0.0,0.0,0.0,15.0,1250.0,670772.54,1029683.25,-43867.54,2025-09-05,2026-08-31,3.42,0.18,121.47,1.2,7340.0,308.22,107.78,791111.23,5779.0,-5363.0,Excess Inventory,Medium,Reduce reorder quantity and transfer or promote excess stock.
P00766,Accessories Product 0766,Accessories,Subcategory 22,315,168,1251600.0,1,507.81,3783171.23,120,0,0.0,6725,25,25.04,0.0,0.0,0.0,15.0,250.0,135679.19,209033.62,-21356.14,2025-09-01,2026-08-27,0.68,0.04,245.28,6.0,7450.0,61.64,106.36,792353.42,6805.0,-6637.0,Excess Inventory,Medium,Reduce reorder quantity and transfer or promote excess stock.
P00767,IT Equipment Product 0767,IT Equipment,Subcategory 23,316,340,2570400.0,1,499.64,3777307.4,120,0,0.0,6534,24,23.67,0.0,0.0,0.0,15.0,500.0,275362.76,424264.27,-29832.09,2025-09-02,2026-08-28,1.37,0.07,248.2,3.0,7560.0,123.29,216.71,1638345.21,6365.0,-6025.0,Excess Inventory,Medium,Reduce reorder quantity and transfer or promote excess stock.
P00768,Electronics Product 0768,Electronics,Subcategory 0,317,337,2584790.0,1,491.48,3769647.4,120,0,0.0,6391,23,23.74,0.0,0.0,0.0,15.0,750.0,419055.69,645692.04,-32319.88,2025-09-03,2026-08-29,2.05,0.11,164.01,2.0,7670.0,184.93,152.07,1166365.34,5973.0,-5636.0,Excess Inventory,Medium,Reduce reorder quantity and transfer or promote excess stock.
P00769,Furniture Product 0769,Furniture,Subcategory 1,318,334,2598520.0,1,483.32,3760191.23,120,0,0.0,6800,25,24.32,0.0,0.0,0.0,15.0,1000.0,568786.0,873066.43,-40637.52,2025-09-04,2026-08-30,2.74,0.15,121.91,1.5,7780.0,246.58,87.42,680163.84,6133.0,-5799.0,Excess Inventory,Medium,Reduce reorder quantity and transfer or promote excess stock.
P00770,Office Supplies Product 0770,Office Supplies,Subcategory 2,319,331,2611590.0,1,475.15,3748938.9,120,0,0.0,6606,24,25.12,0.0,0.0,0.0,15.0,1250.0,721034.36,1106506.8,-48605.81,2025-09-05,2026-08-31,3.42,0.19,96.65,1.2,7890.0,308.22,22.78,179740.68,5690.0,-5359.0,Excess Inventory,Medium,Reduce reorder quantity and transfer or promote excess stock.
P00771,Home Appliances Product 0771,Home Appliances,Subcategory 3,320,383,3064000.0,1,466.89,3735123.29,120,0,0.0,6630,24,24.5,0.0,0.0,0.0,15.0,247.0,144475.67,221678.5,-24597.4,2025-09-01,2026-08-27,0.68,0.04,565.97,6.07,8000.0,60.9,322.1,2576767.12,6718.0,-6335.0,Excess Inventory,Medium,Reduce reorder quantity and transfer or promote excess stock.
P00772,Accessories Product 0772,Accessories,Subcategory 4,321,135,1094850.0,1,458.73,3720268.08,120,0,0.0,6654,24,24.42,0.0,0.0,0.0,15.0,500.0,296456.72,454996.95,-30653.6,2025-09-02,2026-08-28,1.37,0.08,98.55,3.0,8110.0,123.29,11.71,94986.99,6490.0,-6355.0,Excess Inventory,Medium,Reduce reorder quantity and transfer or promote excess stock.
P00773,IT Equipment Product 0773,IT Equipment,Subcategory 5,322,132,1085040.0,1,450.44,3702603.29,120,0,0.0,6678,24,24.5,0.0,0.0,0.0,15.0,750.0,450716.94,691793.17,-37642.21,2025-09-03,2026-08-29,2.05,0.12,64.24,2.0,8220.0,184.93,0.0,0.0,6265.0,-6133.0,Normal,Low,Continue normal inventory monitoring.
P00774,Electronics Product 0774,Electronics,Subcategory 6,323,367,3057110.0,1,442.15,3683115.21,120,0,0.0,6702,24,25.12,0.0,0.0,0.0,15.0,1000.0,608995.94,934789.92,-45749.17,2025-09-04,2026-08-30,2.74,0.17,133.96,1.5,8330.0,246.58,120.42,1003137.4,6040.0,-5673.0,Excess Inventory,Medium,Reduce reorder quantity and transfer or promote excess stock.
P00775,Furniture Product 0775,Furniture,Subcategory 7,324,364,3072160.0,1,433.86,3661803.84,120,0,0.0,6726,24,24.5,0.0,0.0,0.0,15.0,1245.0,768235.5,1179156.1,-55902.04,2025-09-05,2026-08-31,3.41,0.21,106.71,1.2,8440.0,306.99,57.01,481195.62,5820.0,-5456.0,Excess Inventory,Medium,Reduce reorder quantity and transfer or promote excess stock.
P00776,Office Supplies Product 0776,Office Supplies,Subcategory 8,325,298,2547900.0,1,425.7,3639723.29,120,0,0.0,6975,25,24.28,0.0,0.0,0.0,15.0,250.0,156269.6,239830.0,-25762.39,2025-09-01,2026-08-27,0.68,0.04,435.08,6.0,8550.0,61.64,236.36,2020845.21,7065.0,-6767.0,Excess Inventory,Medium,Reduce reorder quantity and transfer or promote excess stock.
P00777,Home Appliances Product 0777,Home Appliances,Subcategory 9,326,288,2494080.0,1,417.53,3615846.58,120,0,0.0,6824,24,22.92,0.0,0.0,0.0,15.0,500.0,316560.46,485719.12,-34117.07,2025-09-02,2026-08-28,1.37,0.09,210.24,3.0,8660.0,123.29,164.71,1426408.77,6665.0,-6377.0,Excess Inventory,Medium,Reduce reorder quantity and transfer or promote excess stock.
P00778,Accessories Product 0778,Accessories,Subcategory 10,327,285,2499450.0,1,409.27,3589332.74,120,0,0.0,7025,25,25.04,0.0,0.0,0.0,15.0,741.0,475143.32,729114.72,-43230.95,2025-09-03,2026-08-29,2.03,0.13,140.38,2.02,8770.0,182.71,102.29,897062.88,6626.0,-6341.0,Excess Inventory,Medium,Reduce reorder quantity and transfer or promote excess stock.
P00779,IT Equipment Product 0779,IT Equipment,Subcategory 11,328,282,2504160.0,1,401.11,3561853.15,120,0,0.0,7050,25,24.48,0.0,0.0,0.0,15.0,1000.0,649205.88,996240.7,-50256.66,2025-09-04,2026-08-30,2.74,0.18,102.93,1.5,8880.0,246.58,35.42,314570.96,6393.0,-6111.0,Excess Inventory,Medium,Reduce reorder quantity and transfer or promote excess stock.
P00780,Electronics Product 0780,Electronics,Subcategory 12,329,279,2508210.0,1,392.95,3532577.4,120,0,0.0,7075,25,25.12,0.0,0.0,0.0,15.0,1250.0,818623.97,1260806.99,-50963.59,2025-09-05,2026-08-31,3.42,0.23,81.47,1.2,8990.0,308.22,0.0,0.0,6169.0,-5890.0,Normal,Low,Continue normal inventory monitoring.
P00781,Furniture Product 0781,Furniture,Subcategory 13,330,331,3012100.0,1,614.92,5595752.05,120,0,0.0,7100,25,24.32,0.0,0.0,0.0,15.0,250.0,165726.99,255262.29,-30264.5,2025-09-01,2026-08-27,0.68,0.03,483.26,6.0,9100.0,61.64,269.36,2451141.1,7195.0,-6864.0,Excess Inventory,Medium,Reduce reorder quantity and transfer or promote excess stock.
P00782,Office Supplies Product 0782,Office Supplies,Subcategory 14,331,503,4632630.0,1,606.63,5587063.56,120,0,0.0,6813,23,24.3,0.0,0.0,0.0,15.0,500.0,336666.66,516729.38,-38595.31,2025-09-02,2026-08-28,1.37,0.06,367.19,3.0,9210.0,123.29,379.71,3497150.55,6659.0,-6156.0,Excess Inventory,Medium,Reduce reorder quantity and transfer or promote excess stock.
P00783,Home Appliances Product 0783,Home Appliances,Subcategory 15,332,500,4660000.0,1,598.34,5576551.78,120,0,0.0,7150,25,24.4,0.0,0.0,0.0,15.0,750.0,511030.62,784175.72,-46624.31,2025-09-03,2026-08-29,2.05,0.09,243.33,2.0,9320.0,184.93,315.07,2936438.36,6747.0,-6247.0,Excess Inventory,Medium,Reduce reorder quantity and transfer or promote excess stock.
P00784,Accessories Product 0784,Accessories,Subcategory 16,333,497,4686710.0,1,590.05,5564216.71,120,0,0.0,7175,25,25.04,0.0,0.0,0.0,15.0,1000.0,689415.82,1057671.16,-53814.36,2025-09-04,2026-08-30,2.74,0.12,181.4,1.5,9430.0,246.58,250.42,2361504.52,6523.0,-6026.0,Excess Inventory,Medium,Reduce reorder quantity and transfer or promote excess stock.
P00785,IT Equipment Product 0785,IT Equipment,Subcategory 17,334,494,4712760.0,1,581.79,5550319.73,120,0,0.0,7016,24,23.75,0.0,0.0,0.0,15.0,1250.0,871822.26,1337597.72,-63199.09,2025-09-05,2026-08-31,3.42,0.16,144.25,1.2,9540.0,308.22,185.78,1772349.04,6115.0,-5621.0,Excess Inventory,Medium,Reduce reorder quantity and transfer or promote excess stock.
P00786,Electronics Product 0786,Electronics,Subcategory 18,335,308,2972200.0,1,573.63,5535530.82,120,0,0.0,7040,24,23.79,0.0,0.0,0.0,15.0,250.0,176375.82,270621.34,-31919.61,2025-09-01,2026-08-27,0.68,0.03,449.68,6.0,9650.0,61.64,246.36,2377336.99,7140.0,-6832.0,Excess Inventory,Medium,Reduce reorder quantity and transfer or promote excess stock.
P00787,Furniture Product 0787,Furniture,Subcategory 19,336,243,2371680.0,1,565.47,5518945.75,120,0,0.0,7064,24,24.33,0.0,0.0,0.0,15.0,474.0,338350.96,519028.32,-38229.66,2025-09-02,2026-08-28,1.3,0.06,187.12,3.16,9760.0,116.88,126.12,1230963.29,6941.0,-6698.0,Excess Inventory,Medium,Reduce reorder quantity and transfer or promote excess stock.
P00788,Office Supplies Product 0788,Office Supplies,Subcategory 20,337,240,2368800.0,1,557.3,5500564.52,120,0,0.0,7088,24,24.96,0.0,0.0,0.0,15.0,750.0,541188.7,830484.16,-46193.25,2025-09-03,2026-08-29,2.05,0.1,116.8,2.0,9870.0,184.93,55.07,543526.03,6690.0,-6450.0,Excess Inventory,Medium,Reduce reorder quantity and transfer or promote excess stock.
P00789,Home Appliances Product 0789,Home Appliances,Subcategory 21,338,292,2914160.0,1,549.14,5480387.12,120,0,0.0,7112,24,24.58,0.0,0.0,0.0,15.0,1000.0,729625.76,1119727.61,-52365.05,2025-09-04,2026-08-30,2.74,0.13,106.58,1.5,9980.0,246.58,45.42,453338.08,6465.0,-6173.0,Excess Inventory,Medium,Reduce reorder quantity and transfer or promote excess stock.
P00790,Accessories Product 0790,Accessories,Subcategory 22,339,289,2916010.0,1,540.97,5458413.56,120,0,0.0,7136,24,25.21,0.0,0.0,0.0,15.0,1245.0,918422.09,1408938.39,-65812.07,2025-09-05,2026-08-31,3.41,0.17,84.73,1.2,10090.0,306.99,0.0,0.0,6245.0,-5956.0,Normal,Low,Continue normal inventory monitoring.
P00791,IT Equipment Product 0791,IT Equipment,Subcategory 23,340,461,4702200.0,1,532.68,5433386.3,120,0,0.0,7210,24,23.83,0.0,0.0,0.0,15.0,250.0,186427.68,285975.66,-30495.04,2025-09-01,2026-08-27,0.68,0.03,673.06,6.0,10200.0,61.64,399.36,4073432.88,7315.0,-6854.0,Dead Stock,High,"Stop further purchasing and use clearance, bundle or supplier-return strategy."
P00792,Electronics Product 0792,Electronics,Subcategory 0,341,458,4721980.0,1,524.3,5405547.12,120,0,0.0,7375,25,25.12,0.0,0.0,0.0,15.0,500.0,376876.6,578159.18,-42718.21,2025-09-02,2026-08-28,1.37,0.07,334.34,3.0,10310.0,123.29,334.71,3450884.11,7231.0,-6773.0,Excess Inventory,Medium,Reduce reorder quantity and transfer or promote excess stock.
P00793,Furniture Product 0793,Furniture,Subcategory 1,342,455,4741100.0,1,516.01,5376862.74,120,0,0.0,7400,25,24.32,0.0,0.0,0.0,15.0,750.0,571344.28,876550.63,-46733.94,2025-09-03,2026-08-29,2.05,0.11,221.43,2.0,10420.0,184.93,270.07,2814113.7,7007.0,-6552.0,Excess Inventory,Medium,Reduce reorder quantity and transfer or promote excess stock.
P00794,Office Supplies Product 0794,Office Supplies,Subcategory 2,343,452,4759560.0,1,507.85,5347653.29,120,0,0.0,7425,25,24.28,0.0,0.0,0.0,15.0,1000.0,767084.1,1181152.99,-51702.59,2025-09-04,2026-08-30,2.74,0.14,164.98,1.5,10530.0,246.58,205.42,2163121.64,6783.0,-6331.0,Excess Inventory,Medium,Reduce reorder quantity and transfer or promote excess stock.
P00795,Home Appliances Product 0795,Home Appliances,Subcategory 3,344,442,4702880.0,1,499.68,5316647.67,120,0,0.0,7450,25,23.6,0.0,0.0,0.0,15.0,1250.0,968870.43,1491966.7,-66202.92,2025-09-05,2026-08-31,3.42,0.18,129.06,1.2,10640.0,308.22,133.78,1423427.95,6559.0,-6117.0,Excess Inventory,Medium,Reduce reorder quantity and transfer or promote excess stock.
P00796,Accessories Product 0796,Accessories,Subcategory 4,345,256,2752000.0,1,491.52,5283845.89,120,0,0.0,7235,23,24.39,0.0,0.0,0.0,15.0,250.0,196479.54,301499.65,-37284.87,2025-09-01,2026-08-27,0.68,0.04,373.76,6.0,10750.0,61.64,194.36,2089328.77,7345.0,-7089.0,Excess Inventory,Medium,Reduce reorder quantity and transfer or promote excess stock.
P00797,IT Equipment Product 0797,IT Equipment,Subcategory 5,346,253,2747580.0,1,483.36,5249247.95,120,0,0.0,7500,25,24.48,0.0,0.0,0.0,15.0,500.0,396980.34,609034.29,-41444.84,2025-09-02,2026-08-28,1.37,0.08,184.69,3.0,10860.0,123.29,129.71,1408675.89,7361.0,-7108.0,Excess Inventory,Medium,Reduce reorder quantity and transfer or promote excess stock.
P00798,Electronics Product 0798,Electronics,Subcategory 6,347,250,2742500.0,1,475.19,5212853.84,120,0,0.0,7525,25,25.12,0.0,0.0,0.0,15.0,750.0,601502.36,922602.23,-52107.17,2025-09-03,2026-08-29,2.05,0.12,121.67,2.0,10970.0,184.93,65.07,713801.37,7137.0,-6887.0,Excess Inventory,Medium,Reduce reorder quantity and transfer or promote excess stock.
P00799,Furniture Product 0799,Furniture,Subcategory 7,348,185,2049800.0,1,466.93,5173601.1,120,0,0.0,7402,24,24.42,0.0,0.0,0.0,15.0,1000.0,810045.64,1242558.05,-64115.51,2025-09-04,2026-08-30,2.74,0.16,67.53,1.5,11080.0,246.58,0.0,0.0,6765.0,-6580.0,Normal,Low,Continue normal inventory monitoring.
P00800,Office Supplies Product 0800,Office Supplies,Subcategory 8,349,237,2652030.0,1,458.64,5132224.52,120,0,0.0,7426,24,24.33,0.0,0.0,0.0,15.0,1250.0,1022610.14,1568726.73,-72442.59,2025-09-05,2026-08-31,3.42,0.2,69.2,1.2,11190.0,308.22,0.0,0.0,6540.0,-6303.0,Normal,Low,Continue normal inventory monitoring.
P00801,Home Appliances Product 0801,Home Appliances,Subcategory 9,350,171,51300.0,1,516.11,154832.88,120,0,0.0,6050,23,23.74,0.0,0.0,0.0,15.0,250.0,5484.18,8801.44,-11394.04,2025-09-01,2026-08-27,0.68,0.04,249.66,6.0,300.0,61.64,109.36,32806.85,6165.0,-5994.0,Excess Inventory,Medium,Reduce reorder quantity and transfer or promote excess stock.
P00802,Accessories Product 0802,Accessories,Subcategory 10,351,406,166460.0,1,507.82,208206.99,120,0,0.0,6124,24,25.04,0.0,0.0,0.0,15.0,500.0,14987.14,23765.44,-11970.55,2025-09-02,2026-08-28,1.37,0.07,296.38,3.0,410.0,123.29,282.71,115912.05,5990.0,-5584.0,Excess Inventory,Medium,Reduce reorder quantity and transfer or promote excess stock.
P00803,IT Equipment Product 0803,IT Equipment,Subcategory 11,352,403,209560.0,1,499.66,259821.92,120,0,0.0,6148,24,23.83,0.0,0.0,0.0,15.0,750.0,28511.34,44894.25,-12591.85,2025-09-03,2026-08-29,2.05,0.11,196.13,2.0,520.0,184.93,218.07,113395.62,5765.0,-5362.0,Excess Inventory,Medium,Reduce reorder quantity and transfer or promote excess stock.
P00804,Electronics Product 0804,Electronics,Subcategory 12,353,400,252000.0,1,491.49,309640.68,120,0,0.0,6172,24,24.58,0.0,0.0,0.0,15.0,1000.0,46059.24,72168.93,-13678.71,2025-09-04,2026-08-30,2.74,0.15,146.0,1.5,630.0,246.58,153.42,96657.53,5540.0,-5140.0,Excess Inventory,Medium,Reduce reorder quantity and transfer or promote excess stock.
P00805,Furniture Product 0805,Furniture,Subcategory 13,354,152,112480.0,1,483.33,357663.29,120,0,0.0,6092,23,23.74,0.0,0.0,0.0,15.0,1170.0,63087.09,98867.04,-12912.99,2025-09-05,2026-08-31,3.21,0.18,47.42,1.28,740.0,288.49,0.0,0.0,5291.0,-5139.0,Normal,Low,Continue normal inventory monitoring.
P00806,Office Supplies Product 0806,Office Supplies,Subcategory 14,355,324,275400.0,1,475.07,403808.22,120,0,0.0,6375,25,24.96,0.0,0.0,0.0,15.0,250.0,15536.06,24200.22,-13054.25,2025-09-01,2026-08-27,0.68,0.04,473.04,6.0,850.0,61.64,262.36,223002.74,6495.0,-6171.0,Excess Inventory,Medium,Reduce reorder quantity and transfer or promote excess stock.
P00807,Home Appliances Product 0807,Home Appliances,Subcategory 15,356,321,308160.0,1,466.9,448227.95,120,0,0.0,6400,25,24.4,0.0,0.0,0.0,15.0,500.0,34967.92,54565.25,-14387.98,2025-09-02,2026-08-28,1.37,0.08,234.33,3.0,960.0,123.29,197.71,189803.84,6271.0,-5950.0,Excess Inventory,Medium,Reduce reorder quantity and transfer or promote excess stock.
P00808,Accessories Product 0808,Accessories,Subcategory 16,357,318,340260.0,1,458.74,490851.51,120,0,0.0,6425,25,25.04,0.0,0.0,0.0,15.0,750.0,58459.7,91094.83,-15440.3,2025-09-03,2026-08-29,2.05,0.12,154.76,2.0,1070.0,184.93,133.07,142383.29,6047.0,-5729.0,Excess Inventory,Medium,Reduce reorder quantity and transfer or promote excess stock.
P00809,IT Equipment Product 0809,IT Equipment,Subcategory 17,358,315,371700.0,1,450.45,531533.42,120,0,0.0,6450,25,24.48,0.0,0.0,0.0,15.0,1000.0,85960.84,133792.98,-16519.6,2025-09-04,2026-08-30,2.74,0.16,114.98,1.5,1180.0,246.58,68.42,80741.1,5823.0,-5508.0,Excess Inventory,Medium,Reduce reorder quantity and transfer or promote excess stock.
P00810,Electronics Product 0810,Electronics,Subcategory 18,359,312,402480.0,1,442.16,570392.05,120,0,0.0,6416,24,24.5,0.0,0.0,0.0,14.0,1235.0,116483.18,180491.27,-18031.35,2025-09-05,2026-08-31,3.38,0.2,92.21,1.13,1290.0,304.52,7.48,9648.49,5554.0,-5242.0,Excess Inventory,Medium,Reduce reorder quantity and transfer or promote excess stock.
P00811,Furniture Product 0811,Furniture,Subcategory 19,360,119,166600.0,1,433.88,607427.4,120,0,0.0,6500,25,24.32,0.0,0.0,0.0,15.0,250.0,25587.92,39605.0,-15798.78,2025-09-01,2026-08-27,0.68,0.04,173.74,6.0,1400.0,61.64,57.36,80298.63,6625.0,-6506.0,Excess Inventory,Medium,Reduce reorder quantity and transfer or promote excess stock.
P00812,Office Supplies Product 0812,Office Supplies,Subcategory 20,361,116,175160.0,1,425.71,642825.62,120,0,0.0,6525,25,24.28,0.0,0.0,0.0,15.0,500.0,55197.08,85352.4,-16533.31,2025-09-02,2026-08-28,1.37,0.09,84.68,3.0,1510.0,123.29,0.0,0.0,6401.0,-6285.0,Normal,Low,Continue normal inventory monitoring.
P00813,Home Appliances Product 0813,Home Appliances,Subcategory 21,362,113,183060.0,1,417.45,676272.33,120,0,0.0,6550,25,23.6,0.0,0.0,0.0,15.0,747.0,88474.71,136724.95,-18423.86,2025-09-03,2026-08-29,2.05,0.13,55.21,2.01,1620.0,184.19,0.0,0.0,6180.0,-6067.0,Normal,Low,Continue normal inventory monitoring.
P00814,Accessories Product 0814,Accessories,Subcategory 22,363,110,190300.0,1,409.29,708067.67,120,0,0.0,6462,24,24.42,0.0,0.0,0.0,15.0,1000.0,126479.12,195375.87,-20025.69,2025-09-04,2026-08-30,2.74,0.18,40.15,1.5,1730.0,246.58,0.0,0.0,5840.0,-5730.0,Normal,Low,Continue normal inventory monitoring.
P00815,IT Equipment Product 0815,IT Equipment,Subcategory 23,364,107,196880.0,1,401.12,738066.85,120,0,0.0,6486,24,24.5,0.0,0.0,0.0,15.0,1235.0,166146.17,256516.2,-21345.72,2025-09-05,2026-08-31,3.38,0.23,31.62,1.21,1840.0,304.52,0.0,0.0,5630.0,-5523.0,Normal,Low,Continue normal inventory monitoring.
P00816,Electronics Product 0816,Electronics,Subcategory 0,365,334,651300.0,1,392.96,766269.86,120,0,0.0,6510,24,25.12,0.0,0.0,0.0,15.0,250.0,35639.78,55013.59,-17942.78,2025-09-01,2026-08-27,0.68,0.05,487.64,6.0,1950.0,61.64,272.36,531094.52,6640.0,-6306.0,Excess Inventory,Medium,Reduce reorder quantity and transfer or promote excess stock.
P00817,Furniture Product 0817,Furniture,Subcategory 1,366,331,681860.0,1,384.79,792676.71,120,0,0.0,6468,23,24.52,0.0,0.0,0.0,15.0,500.0,75303.28,116198.6,-19095.89,2025-09-02,2026-08-28,1.37,0.09,241.63,3.0,2060.0,123.29,207.71,427887.4,6349.0,-6018.0,Excess Inventory,Medium,Reduce reorder quantity and transfer or promote excess stock.
P00818,Office Supplies Product 0818,Office Supplies,Subcategory 2,367,273,592410.0,1,376.51,817019.86,120,0,0.0,6491,23,25.13,0.0,0.0,0.0,15.0,750.0,118985.56,183502.5,-21387.08,2025-09-03,2026-08-29,2.05,0.15,132.86,2.0,2170.0,184.93,88.07,191108.63,6123.0,-5850.0,Excess Inventory,Medium,Reduce reorder quantity and transfer or promote excess stock.
P00819,Home Appliances Product 0819,Home Appliances,Subcategory 3,368,325,741000.0,1,368.22,839539.73,120,0,0.0,6514,23,23.83,0.0,0.0,0.0,15.0,1000.0,166689.06,256938.44,-23638.2,2025-09-04,2026-08-30,2.74,0.2,118.62,1.5,2280.0,246.58,78.42,178808.22,5897.0,-5572.0,Excess Inventory,Medium,Reduce reorder quantity and transfer or promote excess stock.
P00820,Accessories Product 0820,Accessories,Subcategory 4,369,260,621400.0,1,359.84,860007.12,120,0,0.0,6537,23,25.3,0.0,0.0,0.0,15.0,1230.0,214941.74,331268.69,-25546.42,2025-09-05,2026-08-31,3.37,0.25,77.15,1.22,2390.0,303.29,0.0,0.0,5691.0,-5431.0,Normal,Low,Continue normal inventory monitoring.
P00821,IT Equipment Product 0821,IT Equipment,Subcategory 5,370,249,622500.0,1,581.81,1454520.55,120,0,0.0,6680,24,23.75,0.0,0.0,0.0,15.0,250.0,45530.81,70405.31,-18774.75,2025-09-01,2026-08-27,0.68,0.03,363.54,6.0,2500.0,61.64,187.36,468390.41,6815.0,-6566.0,Excess Inventory,Medium,Reduce reorder quantity and transfer or promote excess stock.
P00822,Electronics Product 0822,Electronics,Subcategory 6,371,246,642060.0,1,573.64,1497210.41,120,0,0.0,6704,24,24.5,0.0,0.0,0.0,15.0,500.0,95066.01,146983.56,-21480.28,2025-09-02,2026-08-28,1.37,0.06,179.58,3.0,2610.0,123.29,122.71,320279.18,6590.0,-6344.0,Excess Inventory,Medium,Reduce reorder quantity and transfer or promote excess stock.
P00823,Furniture Product 0823,Furniture,Subcategory 7,372,488,1327360.0,1,565.48,1538104.11,120,0,0.0,6728,24,24.33,0.0,0.0,0.0,15.0,750.0,149141.16,229736.27,-23981.85,2025-09-03,2026-08-29,2.05,0.1,237.49,2.0,2720.0,184.93,303.07,824346.3,6365.0,-5877.0,Excess Inventory,Medium,Reduce reorder quantity and transfer or promote excess stock.
P00824,Office Supplies Product 0824,Office Supplies,Subcategory 8,373,240,679200.0,1,557.32,1577201.64,120,0,0.0,6279,23,24.3,0.0,0.0,0.0,15.0,1000.0,206899.0,318664.62,-27276.85,2025-09-04,2026-08-30,2.74,0.13,87.6,1.5,2830.0,246.58,0.0,0.0,5667.0,-5427.0,Normal,Low,Continue normal inventory monitoring.
P00825,Home Appliances Product 0825,Home Appliances,Subcategory 9,374,237,696780.0,1,549.15,1614503.01,120,0,0.0,6776,24,24.58,0.0,0.0,0.0,15.0,1240.0,266541.58,410273.27,-29374.29,2025-09-05,2026-08-31,3.4,0.17,69.76,1.21,2940.0,305.75,0.0,0.0,5925.0,-5688.0,Normal,Low,Continue normal inventory monitoring.
P00826,Accessories Product 0826,Accessories,Subcategory 10,375,289,881450.0,1,540.99,1650008.22,120,0,0.0,6875,25,25.04,0.0,0.0,0.0,15.0,250.0,55746.0,85792.66,-21549.02,2025-09-01,2026-08-27,0.68,0.03,421.94,6.0,3050.0,61.64,227.36,693436.3,7015.0,-6726.0,Excess Inventory,Medium,Reduce reorder quantity and transfer or promote excess stock.
P00827,IT Equipment Product 0827,IT Equipment,Subcategory 11,376,286,903760.0,1,532.6,1683024.66,120,0,0.0,6900,25,24.48,0.0,0.0,0.0,15.0,500.0,115510.74,177759.79,-25412.54,2025-09-02,2026-08-28,1.37,0.07,208.78,3.0,3160.0,123.29,162.71,514170.96,6791.0,-6505.0,Excess Inventory,Medium,Reduce reorder quantity and transfer or promote excess stock.
P00828,Electronics Product 0828,Electronics,Subcategory 12,377,283,925410.0,1,524.32,1714510.27,120,0,0.0,6925,25,25.12,0.0,0.0,0.0,15.0,747.0,178587.15,274775.79,-27190.41,2025-09-03,2026-08-29,2.05,0.1,138.28,2.01,3270.0,184.19,98.81,323102.88,6570.0,-6287.0,Excess Inventory,Medium,Reduce reorder quantity and transfer or promote excess stock.
P00829,Furniture Product 0829,Furniture,Subcategory 13,378,273,922740.0,1,516.03,1744172.6,120,0,0.0,6950,25,24.32,0.0,0.0,0.0,15.0,1000.0,247108.94,380222.1,-30754.69,2025-09-04,2026-08-30,2.74,0.14,99.65,1.5,3380.0,246.58,26.42,89315.34,6343.0,-6070.0,Excess Inventory,Medium,Reduce reorder quantity and transfer or promote excess stock.
P00830,Office Supplies Product 0830,Office Supplies,Subcategory 14,379,270,942300.0,1,507.86,1772441.92,120,0,0.0,6975,25,24.28,0.0,0.0,0.0,15.0,1240.0,316404.16,486754.95,-33796.45,2025-09-05,2026-08-31,3.4,0.18,79.48,1.21,3490.0,305.75,0.0,0.0,6129.0,-5859.0,Normal,Low,Continue normal inventory monitoring.
P00831,Home Appliances Product 0831,Home Appliances,Subcategory 15,380,204,734400.0,1,499.7,1798915.07,120,0,0.0,7000,25,23.6,0.0,0.0,0.0,15.0,250.0,65797.86,101233.37,-23963.0,2025-09-01,2026-08-27,0.68,0.04,297.84,6.0,3600.0,61.64,142.36,512482.19,7145.0,-6941.0,Excess Inventory,Medium,Reduce reorder quantity and transfer or promote excess stock.
P00832,Accessories Product 0832,Accessories,Subcategory 16,381,439,1628690.0,1,491.53,1823592.05,120,0,0.0,6544,24,25.04,0.0,0.0,0.0,15.0,500.0,135616.96,208585.35,-26775.84,2025-09-02,2026-08-28,1.37,0.07,320.47,3.0,3710.0,123.29,315.71,1171292.74,6440.0,-6001.0,Excess Inventory,Medium,Reduce reorder quantity and transfer or promote excess stock.
P00833,IT Equipment Product 0833,IT Equipment,Subcategory 17,382,436,1665520.0,1,483.37,1846472.88,120,0,0.0,6568,24,23.83,0.0,0.0,0.0,15.0,750.0,209457.3,322052.87,-30216.27,2025-09-03,2026-08-29,2.05,0.11,212.19,2.0,3820.0,184.93,251.07,959081.64,6215.0,-5779.0,Excess Inventory,Medium,Reduce reorder quantity and transfer or promote excess stock.
P00834,Electronics Product 0834,Electronics,Subcategory 18,383,433,1701690.0,1,475.11,1867180.68,120,0,0.0,7075,25,25.12,0.0,0.0,0.0,15.0,1000.0,287316.4,441759.28,-35609.41,2025-09-04,2026-08-30,2.74,0.15,158.05,1.5,3930.0,246.58,186.42,732648.9,6473.0,-6040.0,Excess Inventory,Medium,Reduce reorder quantity and transfer or promote excess stock.
P00835,Furniture Product 0835,Furniture,Subcategory 19,384,185,747400.0,1,466.95,1886458.63,120,0,0.0,6616,24,24.42,0.0,0.0,0.0,15.0,1235.0,363480.9,560857.6,-35357.73,2025-09-05,2026-08-31,3.38,0.19,54.68,1.21,4040.0,304.52,0.0,0.0,5780.0,-5595.0,Normal,Low,Continue normal inventory monitoring.
P00836,Office Supplies Product 0836,Office Supplies,Subcategory 20,385,237,983550.0,1,458.66,1903428.77,120,0,0.0,6640,24,25.04,0.0,0.0,0.0,15.0,250.0,75578.61,116619.09,-24824.87,2025-09-01,2026-08-27,0.68,0.04,346.02,6.0,4150.0,61.64,175.36,727728.08,6790.0,-6553.0,Excess Inventory,Medium,Reduce reorder quantity and transfer or promote excess stock.
P00837,Home Appliances Product 0837,Home Appliances,Subcategory 21,386,234,996840.0,1,450.37,1918575.62,120,0,0.0,6664,24,24.42,0.0,0.0,0.0,15.0,500.0,155720.7,239418.9,-30712.52,2025-09-02,2026-08-28,1.37,0.08,170.82,3.0,4260.0,123.29,110.71,471634.52,6565.0,-6331.0,Excess Inventory,Medium,Reduce reorder quantity and transfer or promote excess stock.
P00838,Accessories Product 0838,Accessories,Subcategory 22,387,231,1009470.0,1,442.08,1931899.18,120,0,0.0,6251,23,24.39,0.0,0.0,0.0,15.0,750.0,239612.9,368400.95,-33561.85,2025-09-03,2026-08-29,2.05,0.12,112.42,2.0,4370.0,184.93,46.07,201319.32,5903.0,-5672.0,Excess Inventory,Medium,Reduce reorder quantity and transfer or promote excess stock.
P00839,IT Equipment Product 0839,IT Equipment,Subcategory 23,388,228,1021440.0,1,433.92,1943951.78,120,0,0.0,6712,24,23.83,0.0,0.0,0.0,15.0,1000.0,327526.34,503422.15,-36098.79,2025-09-04,2026-08-30,2.74,0.17,83.22,1.5,4480.0,246.58,0.0,0.0,6115.0,-5887.0,Normal,Low,Continue normal inventory monitoring.
P00840,Electronics Product 0840,Electronics,Subcategory 0,389,400,1836000.0,1,425.75,1954208.22,120,0,0.0,6736,24,24.58,0.0,0.0,0.0,15.0,1240.0,416129.34,639441.39,-40014.05,2025-09-05,2026-08-31,3.4,0.21,117.74,1.21,4590.0,305.75,94.25,432591.78,5900.0,-5500.0,Excess Inventory,Medium,Reduce reorder quantity and transfer or promote excess stock.
P00841,Furniture Product 0841,Furniture,Subcategory 1,390,152,714400.0,1,647.63,3043861.64,120,0,0.0,7250,25,24.32,0.0,0.0,0.0,15.0,250.0,85904.06,131999.74,-17613.44,2025-09-01,2026-08-27,0.68,0.03,221.92,6.0,4700.0,61.64,90.36,424673.97,7405.0,-7253.0,Excess Inventory,Medium,Reduce reorder quantity and transfer or promote excess stock.
P00843,Home Appliances Product 0843,Home Appliances,Subcategory 3,392,146,718320.0,1,631.3,3106002.74,120,0,0.0,7300,25,24.4,0.0,0.0,0.0,15.0,747.0,268699.61,412838.05,-24239.76,2025-09-03,2026-08-29,2.05,0.09,71.34,2.01,4920.0,184.19,0.0,0.0,6960.0,-6814.0,Normal,Low,Continue normal inventory monitoring.
P00844,Accessories Product 0844,Accessories,Subcategory 4,393,143,719290.0,1,623.14,3134379.04,120,0,0.0,7325,25,25.04,0.0,0.0,0.0,15.0,1000.0,367736.28,565099.9,-30475.72,2025-09-04,2026-08-30,2.74,0.12,52.2,1.5,5030.0,246.58,0.0,0.0,6733.0,-6590.0,Normal,Low,Continue normal inventory monitoring.
P00845,IT Equipment Product 0845,IT Equipment,Subcategory 5,394,140,719600.0,1,614.85,3160325.48,120,0,0.0,7350,25,24.48,0.0,0.0,0.0,15.0,1240.0,465991.92,716181.84,-35347.78,2025-09-05,2026-08-31,3.4,0.15,41.21,1.21,5140.0,305.75,0.0,0.0,6519.0,-6379.0,Normal,Low,Continue normal inventory monitoring.
P00846,Electronics Product 0846,Electronics,Subcategory 6,395,612,3213000.0,1,606.56,3184448.63,120,0,0.0,6930,24,25.12,0.0,0.0,0.0,15.0,250.0,95955.94,147417.5,-20839.83,2025-09-01,2026-08-27,0.68,0.03,893.52,6.0,5250.0,61.64,550.36,2889369.86,7090.0,-6478.0,Dead Stock,High,"Stop further purchasing and use clearance, bundle or supplier-return strategy."
P00847,Furniture Product 0847,Furniture,Subcategory 7,396,609,3264240.0,1,598.27,3206748.49,120,0,0.0,6954,24,23.67,0.0,0.0,0.0,15.0,500.0,195930.64,300934.37,-22998.89,2025-09-02,2026-08-28,1.37,0.06,444.57,3.0,5360.0,123.29,485.71,2603418.08,6865.0,-6256.0,Excess Inventory,Medium,Reduce reorder quantity and transfer or promote excess stock.
P00848,Office Supplies Product 0848,Office Supplies,Subcategory 8,397,599,3276530.0,1,590.01,3227374.93,120,0,0.0,7425,25,24.28,0.0,0.0,0.0,15.0,750.0,298857.02,460679.44,-27292.95,2025-09-03,2026-08-29,2.05,0.09,291.51,2.0,5470.0,184.93,414.07,2264954.66,7087.0,-6488.0,Excess Inventory,Medium,Reduce reorder quantity and transfer or promote excess stock.
P00849,Home Appliances Product 0849,Home Appliances,Subcategory 9,398,358,1997640.0,1,581.85,3246719.18,120,0,0.0,7002,24,23.67,0.0,0.0,0.0,15.0,1000.0,406488.11,626610.94,-33107.61,2025-09-04,2026-08-30,2.74,0.13,130.67,1.5,5580.0,246.58,111.42,621749.59,6415.0,-6057.0,Excess Inventory,Medium,Reduce reorder quantity and transfer or promote excess stock.
P00850,Accessories Product 0850,Accessories,Subcategory 10,399,584,3322960.0,1,573.68,3264267.26,120,0,0.0,7026,24,25.12,0.0,0.0,0.0,15.0,1250.0,518128.57,798730.44,-38467.48,2025-09-05,2026-08-31,3.42,0.16,170.53,1.2,5690.0,308.22,275.78,1569192.88,6190.0,-5606.0,Excess Inventory,Medium,Reduce reorder quantity and transfer or promote excess stock.
P00851,IT Equipment Product 0851,IT Equipment,Subcategory 11,400,107,620600.0,1,565.52,3280019.18,120,0,0.0,5700,24,24.5,0.0,0.0,0.0,15.0,248.0,105165.8,161564.43,-21434.9,2025-09-01,2026-08-27,0.68,0.03,157.48,6.05,5800.0,61.15,45.85,265926.03,5867.0,-5760.0,Excess Inventory,Medium,Reduce reorder quantity and transfer or promote excess stock.
P00852,Electronics Product 0852,Electronics,Subcategory 12,401,104,614640.0,1,557.36,3293974.93,120,0,0.0,5323,23,24.48,0.0,0.0,0.0,15.0,500.0,216036.84,331868.77,-26635.59,2025-09-02,2026-08-28,1.37,0.07,75.92,3.0,5910.0,123.29,0.0,0.0,5239.0,-5135.0,Normal,Low,Continue normal inventory monitoring.
P00853,Furniture Product 0853,Furniture,Subcategory 13,402,94,565880.0,1,549.19,3306134.52,120,0,0.0,5748,24,24.5,0.0,0.0,0.0,15.0,750.0,330087.12,506941.79,-33286.83,2025-09-03,2026-08-29,2.05,0.1,45.75,2.0,6020.0,184.93,0.0,0.0,5415.0,-5321.0,Normal,Low,Continue normal inventory monitoring.
P00854,Office Supplies Product 0854,Office Supplies,Subcategory 14,403,91,557830.0,1,540.9,3315742.19,120,0,0.0,5772,24,25.12,0.0,0.0,0.0,15.0,1000.0,448156.18,688102.02,-38085.24,2025-09-04,2026-08-30,2.74,0.14,33.22,1.5,6130.0,246.58,0.0,0.0,5190.0,-5099.0,Normal,Low,Continue normal inventory monitoring.
P00855,Home Appliances Product 0855,Home Appliances,Subcategory 15,404,570,3556800.0,1,532.52,3322928.22,120,0,0.0,5796,24,24.5,0.0,0.0,0.0,15.0,1250.0,570248.94,875598.45,-42211.18,2025-09-05,2026-08-31,3.42,0.17,166.44,1.2,6240.0,308.22,261.78,1633512.33,4965.0,-4395.0,Excess Inventory,Medium,Reduce reorder quantity and transfer or promote excess stock.
P00856,Accessories Product 0856,Accessories,Subcategory 16,405,322,2044700.0,1,524.23,3328878.77,120,0,0.0,6275,25,25.04,0.0,0.0,0.0,15.0,250.0,116059.66,178215.15,-23670.18,2025-09-01,2026-08-27,0.68,0.03,470.12,6.0,6350.0,61.64,260.36,1653261.64,6445.0,-6123.0,Excess Inventory,Medium,Reduce reorder quantity and transfer or promote excess stock.
P00857,IT Equipment Product 0857,IT Equipment,Subcategory 17,406,319,2060740.0,1,516.07,3333802.47,120,0,0.0,6300,25,23.68,0.0,0.0,0.0,15.0,500.0,236140.58,362619.24,-31386.2,2025-09-02,2026-08-28,1.37,0.07,232.87,3.0,6460.0,123.29,195.71,1264301.64,6221.0,-5902.0,Excess Inventory,Medium,Reduce reorder quantity and transfer or promote excess stock.
P00858,Electronics Product 0858,Electronics,Subcategory 18,407,309,2030130.0,1,507.9,3336930.0,120,0,0.0,6325,25,24.44,0.0,0.0,0.0,15.0,741.0,355950.71,546669.4,-34320.34,2025-09-03,2026-08-29,2.03,0.11,152.21,2.02,6570.0,182.71,126.29,829710.0,6006.0,-5697.0,Excess Inventory,Medium,Reduce reorder quantity and transfer or promote excess stock.
P00859,Furniture Product 0859,Furniture,Subcategory 19,408,306,2044080.0,1,499.74,3338261.37,120,0,0.0,6350,25,24.32,0.0,0.0,0.0,15.0,1000.0,488366.12,750006.04,-40574.73,2025-09-04,2026-08-30,2.74,0.15,111.69,1.5,6680.0,246.58,59.42,396956.71,5773.0,-5467.0,Excess Inventory,Medium,Reduce reorder quantity and transfer or promote excess stock.
P00860,Office Supplies Product 0860,Office Supplies,Subcategory 20,409,294,1996260.0,1,491.58,3337796.58,120,0,0.0,6375,25,24.96,0.0,0.0,0.0,15.0,1250.0,620510.74,952716.43,-46702.83,2025-09-05,2026-08-31,3.42,0.19,85.85,1.2,6790.0,308.22,0.0,0.0,5549.0,-5255.0,Normal,Low,Continue normal inventory monitoring.
P00861,Home Appliances Product 0861,Home Appliances,Subcategory 21,410,537,3705300.0,1,713.55,4923480.82,120,0,0.0,5990,24,23.75,0.0,0.0,0.0,15.0,250.0,126111.52,193583.65,-24114.54,2025-09-01,2026-08-27,0.68,0.03,784.02,6.0,6900.0,61.64,475.36,3279957.53,6165.0,-5628.0,Dead Stock,High,"Stop further purchasing and use clearance, bundle or supplier-return strategy."
P00862,Accessories Product 0862,Accessories,Subcategory 22,411,472,3308720.0,1,705.29,4944066.58,120,0,0.0,6425,25,25.04,0.0,0.0,0.0,15.0,500.0,255330.89,393359.54,-30743.48,2025-09-02,2026-08-28,1.37,0.05,344.56,3.0,7010.0,123.29,348.71,2444473.42,6351.0,-5879.0,Excess Inventory,Medium,Reduce reorder quantity and transfer or promote excess stock.
P00863,IT Equipment Product 0863,IT Equipment,Subcategory 23,412,524,3730880.0,1,697.0,4962640.0,120,0,0.0,6450,25,24.48,0.0,0.0,0.0,15.0,750.0,389005.4,599328.5,-35546.74,2025-09-03,2026-08-29,2.05,0.08,255.01,2.0,7120.0,184.93,339.07,2414167.67,6127.0,-5603.0,Excess Inventory,Medium,Reduce reorder quantity and transfer or promote excess stock.
P00864,Electronics Product 0864,Electronics,Subcategory 0,413,457,3304110.0,1,688.71,4979390.14,120,0,0.0,6062,24,25.21,0.0,0.0,0.0,15.0,1000.0,526686.78,811492.39,-42144.44,2025-09-04,2026-08-30,2.74,0.11,166.8,1.5,7230.0,246.58,210.42,1521370.27,5490.0,-5033.0,Excess Inventory,Medium,Reduce reorder quantity and transfer or promote excess stock.
P00865,Furniture Product 0865,Furniture,Subcategory 1,414,509,3736060.0,1,680.42,4994316.99,120,0,0.0,6086,24,24.33,0.0,0.0,0.0,15.0,1240.0,665444.72,1021530.37,-50141.14,2025-09-05,2026-08-31,3.4,0.13,149.83,1.21,7340.0,305.75,203.25,1491829.86,5275.0,-4766.0,Excess Inventory,Medium,Reduce reorder quantity and transfer or promote excess stock.
P00866,Office Supplies Product 0866,Office Supplies,Subcategory 2,415,452,3367400.0,1,672.26,5008339.04,120,0,0.0,5745,23,23.57,0.0,0.0,0.0,15.0,250.0,136165.88,209068.1,-26821.34,2025-09-01,2026-08-27,0.68,0.03,659.92,6.0,7450.0,61.64,390.36,2908153.42,5925.0,-5473.0,Dead Stock,High,"Stop further purchasing and use clearance, bundle or supplier-return strategy."
P00867,Home Appliances Product 0867,Home Appliances,Subcategory 3,416,449,3394440.0,1,664.1,5020564.93,120,0,0.0,6134,24,23.75,0.0,0.0,0.0,15.0,500.0,276350.52,424211.78,-34103.24,2025-09-02,2026-08-28,1.37,0.06,327.77,3.0,7560.0,123.29,325.71,2462385.21,6065.0,-5616.0,Excess Inventory,Medium,Reduce reorder quantity and transfer or promote excess stock.
P00868,Accessories Product 0868,Accessories,Subcategory 4,417,439,3367130.0,1,655.93,5030994.66,120,0,0.0,6158,24,25.21,0.0,0.0,0.0,15.0,750.0,420558.88,645425.82,-42538.45,2025-09-03,2026-08-29,2.05,0.08,213.65,2.0,7670.0,184.93,254.07,1948705.34,5840.0,-5401.0,Excess Inventory,Medium,Reduce reorder quantity and transfer or promote excess stock.
P00869,IT Equipment Product 0869,IT Equipment,Subcategory 5,418,436,3392080.0,1,647.67,5038882.19,120,0,0.0,6182,24,24.58,0.0,0.0,0.0,15.0,1000.0,568786.0,872958.42,-44804.76,2025-09-04,2026-08-30,2.74,0.11,159.14,1.5,7780.0,246.58,189.42,1473723.84,5615.0,-5179.0,Excess Inventory,Medium,Reduce reorder quantity and transfer or promote excess stock.
P00870,Electronics Product 0870,Electronics,Subcategory 6,419,249,1964610.0,1,639.51,5045709.04,120,0,0.0,6206,24,24.5,0.0,0.0,0.0,14.0,1185.0,683808.6,1049276.06,-51344.49,2025-09-05,2026-08-31,3.25,0.14,76.7,1.18,7890.0,292.19,0.0,0.0,5454.0,-5205.0,Normal,Low,Continue normal inventory monitoring.
P00871,Furniture Product 0871,Furniture,Subcategory 7,420,485,3880000.0,1,631.34,5050739.73,120,0,0.0,6650,25,24.32,0.0,0.0,0.0,15.0,250.0,146217.74,224436.4,-29725.74,2025-09-01,2026-08-27,0.68,0.03,708.1,6.0,8000.0,61.64,423.36,3386849.32,6835.0,-6350.0,Dead Stock,High,"Stop further purchasing and use clearance, bundle or supplier-return strategy."
P00872,Office Supplies Product 0872,Office Supplies,Subcategory 8,421,482,3909020.0,1,623.05,5052974.38,120,0,0.0,6675,25,24.96,0.0,0.0,0.0,15.0,494.0,292924.67,449611.81,-37065.94,2025-09-02,2026-08-28,1.35,0.06,356.13,3.04,8110.0,121.81,360.19,2921155.34,6617.0,-6135.0,Dead Stock,High,"Stop further purchasing and use clearance, bundle or supplier-return strategy."
P00873,Home Appliances Product 0873,Home Appliances,Subcategory 9,422,479,3937380.0,1,614.77,5053385.75,120,0,0.0,6700,25,24.4,0.0,0.0,0.0,15.0,747.0,448926.96,689197.26,-43323.89,2025-09-03,2026-08-29,2.05,0.09,234.05,2.01,8220.0,184.19,294.81,2423323.56,6390.0,-5911.0,Excess Inventory,Medium,Reduce reorder quantity and transfer or promote excess stock.
P00874,Accessories Product 0874,Accessories,Subcategory 10,423,467,3890110.0,1,606.48,5051973.84,120,0,0.0,6725,25,25.04,0.0,0.0,0.0,15.0,1000.0,608995.94,934674.28,-50821.23,2025-09-04,2026-08-30,2.74,0.12,170.46,1.5,8330.0,246.58,220.42,1836137.4,6163.0,-5696.0,Excess Inventory,Medium,Reduce reorder quantity and transfer or promote excess stock.
P00875,IT Equipment Product 0875,IT Equipment,Subcategory 11,424,464,3916160.0,1,598.32,5049779.18,120,0,0.0,6376,24,23.0,0.0,0.0,0.0,15.0,1250.0,771298.64,1183500.57,-59344.12,2025-09-05,2026-08-31,3.42,0.15,135.49,1.2,8440.0,308.22,155.78,1314790.14,5565.0,-5101.0,Excess Inventory,Medium,Reduce reorder quantity and transfer or promote excess stock.
P00876,Electronics Product 0876,Electronics,Subcategory 12,425,225,1923750.0,1,590.05,5044968.49,120,0,0.0,6775,25,24.44,0.0,0.0,0.0,15.0,250.0,155711.05,239800.33,-31211.32,2025-09-01,2026-08-27,0.68,0.03,328.5,6.0,8550.0,61.64,163.36,1396695.21,6965.0,-6740.0,Excess Inventory,Medium,Reduce reorder quantity and transfer or promote excess stock.
P00877,Furniture Product 0877,Furniture,Subcategory 13,426,215,1861900.0,1,581.89,5039170.96,120,0,0.0,6800,25,24.32,0.0,0.0,0.0,15.0,500.0,315428.98,485799.25,-35932.27,2025-09-02,2026-08-28,1.37,0.06,156.95,3.0,8660.0,123.29,91.71,794228.77,6741.0,-6526.0,Excess Inventory,Medium,Reduce reorder quantity and transfer or promote excess stock.
P00878,Office Supplies Product 0878,Office Supplies,Subcategory 14,427,203,1780310.0,1,573.73,5031577.26,120,0,0.0,6448,24,25.04,0.0,0.0,0.0,15.0,750.0,480872.54,738000.79,-50577.11,2025-09-03,2026-08-29,2.05,0.1,98.79,2.0,8770.0,184.93,18.07,158460.68,6140.0,-5937.0,Excess Inventory,Medium,Reduce reorder quantity and transfer or promote excess stock.
P00879,Home Appliances Product 0879,Home Appliances,Subcategory 15,428,200,1776000.0,1,565.56,5022187.4,120,0,0.0,6472,24,24.42,0.0,0.0,0.0,15.0,988.0,641471.1,984408.57,-54586.72,2025-09-04,2026-08-30,2.71,0.13,73.89,1.52,8880.0,243.62,0.0,0.0,5927.0,-5727.0,Normal,Low,Continue normal inventory monitoring.
P00880,Accessories Product 0880,Accessories,Subcategory 16,429,379,3407210.0,1,557.4,5011001.37,120,0,0.0,6167,23,24.39,0.0,0.0,0.0,15.0,1250.0,821560.44,1261014.95,-61889.86,2025-09-05,2026-08-31,3.42,0.16,110.67,1.2,8990.0,308.22,70.78,636319.59,5361.0,-4982.0,Excess Inventory,Medium,Reduce reorder quantity and transfer or promote excess stock.
P00881,IT Equipment Product 0881,IT Equipment,Subcategory 17,430,440,4004000.0,1,779.25,7091143.84,120,0,0.0,6520,24,24.67,0.0,0.0,0.0,15.0,250.0,166321.48,255230.71,-24826.18,2025-09-01,2026-08-27,0.68,0.02,642.4,6.0,9100.0,61.64,378.36,3443041.1,6715.0,-6275.0,Dead Stock,High,"Stop further purchasing and use clearance, bundle or supplier-return strategy."
P00882,Electronics Product 0882,Electronics,Subcategory 18,431,430,3960300.0,1,770.96,7100531.51,120,0,0.0,6544,24,25.29,0.0,0.0,0.0,15.0,500.0,336666.66,516516.34,-32662.89,2025-09-02,2026-08-28,1.37,0.05,313.9,3.0,9210.0,123.29,306.71,2824820.55,6490.0,-6060.0,Excess Inventory,Medium,Reduce reorder quantity and transfer or promote excess stock.
P00883,Furniture Product 0883,Furniture,Subcategory 19,432,418,3895760.0,1,762.58,7107202.19,120,0,0.0,6568,24,24.42,0.0,0.0,0.0,15.0,750.0,511030.62,784078.7,-39528.98,2025-09-03,2026-08-29,2.05,0.07,203.43,2.0,9320.0,184.93,233.07,2172198.36,6265.0,-5847.0,Excess Inventory,Medium,Reduce reorder quantity and transfer or promote excess stock.
P00884,Office Supplies Product 0884,Office Supplies,Subcategory 20,433,597,5629710.0,1,754.41,7114095.34,120,0,0.0,6592,24,23.62,0.0,0.0,0.0,15.0,1000.0,689415.82,1057845.66,-49796.22,2025-09-04,2026-08-30,2.74,0.1,217.9,1.5,9430.0,246.58,350.42,3304504.52,6040.0,-5443.0,Excess Inventory,Medium,Reduce reorder quantity and transfer or promote excess stock.
P00885,Home Appliances Product 0885,Home Appliances,Subcategory 21,434,594,5666760.0,1,746.25,7119192.33,120,0,0.0,6616,24,23.58,0.0,0.0,0.0,15.0,1250.0,871822.26,1337818.38,-58061.56,2025-09-05,2026-08-31,3.42,0.12,173.45,1.2,9540.0,308.22,285.78,2726349.04,5815.0,-5221.0,Excess Inventory,Medium,Reduce reorder quantity and transfer or promote excess stock.
P00886,Accessories Product 0886,Accessories,Subcategory 22,435,355,3425750.0,1,738.08,7122493.15,120,0,0.0,7025,25,25.04,0.0,0.0,0.0,15.0,247.0,174274.44,267396.07,-27854.26,2025-09-01,2026-08-27,0.68,0.02,524.6,6.07,9650.0,60.9,294.1,2838025.34,7228.0,-6873.0,Excess Inventory,Medium,Reduce reorder quantity and transfer or promote excess stock.
P00887,IT Equipment Product 0887,IT Equipment,Subcategory 23,436,345,3367200.0,1,729.92,7123997.81,120,0,0.0,7050,25,24.48,0.0,0.0,0.0,15.0,500.0,356770.4,547539.66,-32806.26,2025-09-02,2026-08-28,1.37,0.05,251.85,3.0,9760.0,123.29,221.71,2163912.33,7001.0,-6656.0,Excess Inventory,Medium,Reduce reorder quantity and transfer or promote excess stock.
P00888,Electronics Product 0888,Electronics,Subcategory 0,437,333,3286710.0,1,721.75,7123706.3,120,0,0.0,7075,25,25.12,0.0,0.0,0.0,14.0,711.0,513248.06,787235.84,-37506.3,2025-09-03,2026-08-29,1.95,0.07,170.95,1.97,9870.0,175.32,157.68,1556350.27,6815.0,-6482.0,Excess Inventory,Medium,Reduce reorder quantity and transfer or promote excess stock.
P00889,Furniture Product 0889,Furniture,Subcategory 1,438,330,3293400.0,1,713.59,7121618.63,120,0,0.0,6762,24,23.67,0.0,0.0,0.0,15.0,1000.0,729625.76,1119265.96,-49960.98,2025-09-04,2026-08-30,2.74,0.1,120.45,1.5,9980.0,246.58,83.42,832578.08,6215.0,-5885.0,Excess Inventory,Medium,Reduce reorder quantity and transfer or promote excess stock.
P00890,Office Supplies Product 0890,Office Supplies,Subcategory 2,439,327,3299430.0,1,705.21,7115523.29,120,0,0.0,7125,25,24.96,0.0,0.0,0.0,15.0,1250.0,918788.28,1414597.48,-56538.67,2025-09-05,2026-08-31,3.42,0.13,95.48,1.2,10090.0,308.22,18.78,189498.49,6329.0,-6002.0,Excess Inventory,Medium,Reduce reorder quantity and transfer or promote excess stock.
P00891,Home Appliances Product 0891,Home Appliances,Subcategory 3,440,388,3957600.0,1,696.92,7108561.64,120,0,0.0,7150,25,24.4,0.0,0.0,0.0,15.0,250.0,185761.34,286022.85,-28337.88,2025-09-01,2026-08-27,0.68,0.03,566.48,6.0,10200.0,61.64,326.36,3328832.88,7355.0,-6967.0,Excess Inventory,Medium,Reduce reorder quantity and transfer or promote excess stock.
P00892,Accessories Product 0892,Accessories,Subcategory 4,441,560,5773600.0,1,688.63,7099776.71,120,0,0.0,7175,25,25.04,0.0,0.0,0.0,15.0,500.0,376876.6,578254.56,-37658.77,2025-09-02,2026-08-28,1.37,0.05,408.8,3.0,10310.0,123.29,436.71,4502504.11,7131.0,-6571.0,Excess Inventory,Medium,Reduce reorder quantity and transfer or promote excess stock.
P00893,IT Equipment Product 0893,IT Equipment,Subcategory 5,442,548,5710160.0,1,680.47,7090453.15,120,0,0.0,6858,24,23.67,0.0,0.0,0.0,15.0,750.0,571344.28,876695.23,-44053.68,2025-09-03,2026-08-29,2.05,0.08,266.69,2.0,10420.0,184.93,363.07,3783173.7,6565.0,-6017.0,Excess Inventory,Medium,Reduce reorder quantity and transfer or promote excess stock.
P00894,Electronics Product 0894,Electronics,Subcategory 6,443,370,3896100.0,1,672.3,7079333.42,120,0,0.0,6882,24,24.42,0.0,0.0,0.0,15.0,1000.0,769835.7,1181347.81,-49332.77,2025-09-04,2026-08-30,2.74,0.11,135.05,1.5,10530.0,246.58,123.42,1299661.64,6340.0,-5970.0,Excess Inventory,Medium,Reduce reorder quantity and transfer or promote excess stock.
P00895,Furniture Product 0895,Furniture,Subcategory 7,444,360,3830400.0,1,664.14,7066417.53,120,0,0.0,7250,25,24.32,0.0,0.0,0.0,15.0,1250.0,972345.86,1491782.14,-66023.7,2025-09-05,2026-08-31,3.42,0.14,105.12,1.2,10640.0,308.22,51.78,550947.95,6459.0,-6099.0,Excess Inventory,Medium,Reduce reorder quantity and transfer or promote excess stock.
P00896,Office Supplies Product 0896,Office Supplies,Subcategory 8,445,303,3257250.0,1,655.97,7051705.48,120,0,0.0,6930,24,25.12,0.0,0.0,0.0,15.0,250.0,196479.54,301375.35,-29876.26,2025-09-01,2026-08-27,0.68,0.03,442.38,6.0,10750.0,61.64,241.36,2594578.77,7140.0,-6837.0,Excess Inventory,Medium,Reduce reorder quantity and transfer or promote excess stock.
P00897,Home Appliances Product 0897,Home Appliances,Subcategory 9,446,355,3855300.0,1,647.71,7034155.89,120,0,0.0,6954,24,24.5,0.0,0.0,0.0,15.0,500.0,396980.34,608958.94,-41514.76,2025-09-02,2026-08-28,1.37,0.06,259.15,3.0,10860.0,123.29,231.71,2516395.89,6915.0,-6560.0,Excess Inventory,Medium,Reduce reorder quantity and transfer or promote excess stock.
P00898,Accessories Product 0898,Accessories,Subcategory 10,447,343,3762710.0,1,639.55,7015840.96,120,0,0.0,6978,24,24.42,0.0,0.0,0.0,15.0,750.0,601502.36,922754.45,-49549.19,2025-09-03,2026-08-29,2.05,0.09,166.93,2.0,10970.0,184.93,158.07,1734011.37,6690.0,-6347.0,Excess Inventory,Medium,Reduce reorder quantity and transfer or promote excess stock.
P00899,IT Equipment Product 0899,IT Equipment,Subcategory 11,448,285,3157800.0,1,631.26,6994363.84,120,0,0.0,6754,23,23.83,0.0,0.0,0.0,15.0,1000.0,810045.64,1242763.03,-58987.76,2025-09-04,2026-08-30,2.74,0.12,104.02,1.5,11080.0,246.58,38.42,425745.21,6217.0,-5932.0,Excess Inventory,Medium,Reduce reorder quantity and transfer or promote excess stock.
P00900,Electronics Product 0900,Electronics,Subcategory 12,449,337,3771030.0,1,622.97,6971063.42,120,0,0.0,7026,24,25.12,0.0,0.0,0.0,15.0,1250.0,1022610.14,1568985.51,-68575.17,2025-09-05,2026-08-31,3.42,0.15,98.4,1.2,11190.0,308.22,28.78,322057.4,6240.0,-5903.0,Excess Inventory,Medium,Reduce reorder quantity and transfer or promote excess stock.
P00901,Furniture Product 0901,Furniture,Subcategory 13,450,518,155400.0,1,680.44,204131.51,120,0,0.0,6050,25,24.32,0.0,0.0,0.0,15.0,250.0,5484.18,8802.88,-16429.44,2025-09-01,2026-08-27,0.68,0.03,756.28,6.0,300.0,61.64,456.36,136906.85,6265.0,-5747.0,Dead Stock,High,"Stop further purchasing and use clearance, bundle or supplier-return strategy."
P00902,Office Supplies Product 0902,Office Supplies,Subcategory 14,451,506,207460.0,1,672.27,275632.33,120,0,0.0,6075,25,24.28,0.0,0.0,0.0,15.0,500.0,14987.14,23762.5,-16923.39,2025-09-02,2026-08-28,1.37,0.05,369.38,3.0,410.0,123.29,382.71,156912.05,6041.0,-5535.0,Excess Inventory,Medium,Reduce reorder quantity and transfer or promote excess stock.
P00903,Home Appliances Product 0903,Home Appliances,Subcategory 15,452,503,261560.0,1,664.11,345336.99,120,0,0.0,6100,25,23.6,0.0,0.0,0.0,14.0,747.0,28296.19,44696.21,-17514.82,2025-09-03,2026-08-29,2.05,0.08,245.78,1.87,520.0,184.19,318.81,165780.27,5819.0,-5316.0,Excess Inventory,Medium,Reduce reorder quantity and transfer or promote excess stock.
P00904,Accessories Product 0904,Accessories,Subcategory 16,453,500,315000.0,1,655.85,413185.07,120,0,0.0,6125,25,25.04,0.0,0.0,0.0,15.0,1000.0,45894.62,72160.0,-18147.67,2025-09-04,2026-08-30,2.74,0.11,182.5,1.5,630.0,246.58,253.42,159657.53,5593.0,-5093.0,Excess Inventory,Medium,Reduce reorder quantity and transfer or promote excess stock.
P00905,IT Equipment Product 0905,IT Equipment,Subcategory 17,454,490,362600.0,1,647.68,479286.85,120,0,0.0,6150,25,24.48,0.0,0.0,0.0,15.0,1250.0,67384.21,105608.86,-19340.99,2025-09-05,2026-08-31,3.42,0.14,143.08,1.2,740.0,308.22,181.78,134517.81,5369.0,-4879.0,Excess Inventory,Medium,Reduce reorder quantity and transfer or promote excess stock.
P00906,Electronics Product 0906,Electronics,Subcategory 18,455,433,368050.0,1,639.52,543592.47,120,0,0.0,6175,25,25.12,0.0,0.0,0.0,15.0,250.0,15536.06,24204.22,-18251.39,2025-09-01,2026-08-27,0.68,0.03,632.18,6.0,850.0,61.64,371.36,315652.74,6395.0,-5962.0,Dead Stock,High,"Stop further purchasing and use clearance, bundle or supplier-return strategy."
P00907,Furniture Product 0907,Furniture,Subcategory 19,456,421,404160.0,1,631.36,606101.92,120,0,0.0,6200,25,24.32,0.0,0.0,0.0,15.0,500.0,35093.34,54574.25,-19170.26,2025-09-02,2026-08-28,1.37,0.06,307.33,3.0,960.0,123.29,297.71,285803.84,6171.0,-5750.0,Excess Inventory,Medium,Reduce reorder quantity and transfer or promote excess stock.
P00908,Office Supplies Product 0908,Office Supplies,Subcategory 20,457,418,447260.0,1,623.07,666683.29,120,0,0.0,5968,24,24.33,0.0,0.0,0.0,15.0,750.0,58669.4,91109.85,-20265.01,2025-09-03,2026-08-29,2.05,0.09,203.43,2.0,1070.0,184.93,233.07,249383.29,5690.0,-5272.0,Excess Inventory,Medium,Reduce reorder quantity and transfer or promote excess stock.
P00909,Home Appliances Product 0909,Home Appliances,Subcategory 21,458,415,489700.0,1,614.78,725441.37,120,0,0.0,6250,25,24.4,0.0,0.0,0.0,15.0,1000.0,86269.18,133776.43,-21976.16,2025-09-04,2026-08-30,2.74,0.12,151.48,1.5,1180.0,246.58,168.42,198741.1,5723.0,-5308.0,Excess Inventory,Medium,Reduce reorder quantity and transfer or promote excess stock.
P00910,Accessories Product 0910,Accessories,Subcategory 22,459,405,522450.0,1,606.49,782376.16,120,0,0.0,6275,25,25.04,0.0,0.0,0.0,15.0,1250.0,117887.72,182584.85,-23654.38,2025-09-05,2026-08-31,3.42,0.15,118.26,1.2,1290.0,308.22,96.78,124847.26,5499.0,-5094.0,Excess Inventory,Medium,Reduce reorder quantity and transfer or promote excess stock.
P00911,IT Equipment Product 0911,IT Equipment,Subcategory 23,460,457,639800.0,1,598.23,837526.03,120,0,0.0,6300,25,23.68,0.0,0.0,0.0,15.0,250.0,25587.92,39600.1,-20965.15,2025-09-01,2026-08-27,0.68,0.03,667.22,6.0,1400.0,61.64,395.36,553498.63,6525.0,-6068.0,Dead Stock,High,"Stop further purchasing and use clearance, bundle or supplier-return strategy."
P00912,Electronics Product 0912,Electronics,Subcategory 0,461,454,685540.0,1,590.07,891003.42,120,0,0.0,6325,25,24.44,0.0,0.0,0.0,15.0,500.0,55197.08,85366.48,-21700.55,2025-09-02,2026-08-28,1.37,0.06,331.42,3.0,1510.0,123.29,330.71,499375.62,6301.0,-5847.0,Excess Inventory,Medium,Reduce reorder quantity and transfer or promote excess stock.
P00913,Furniture Product 0913,Furniture,Subcategory 1,462,213,345060.0,1,581.9,942684.66,120,0,0.0,6138,24,23.67,0.0,0.0,0.0,15.0,750.0,88827.48,137302.44,-23642.46,2025-09-03,2026-08-29,2.05,0.09,103.66,2.0,1620.0,184.93,28.07,45470.96,5865.0,-5652.0,Excess Inventory,Medium,Reduce reorder quantity and transfer or promote excess stock.
P00914,Office Supplies Product 0914,Office Supplies,Subcategory 2,463,210,363300.0,1,573.74,992569.73,120,0,0.0,6112,24,25.04,0.0,0.0,0.0,15.0,1000.0,126479.12,195408.1,-25609.89,2025-09-04,2026-08-30,2.74,0.13,76.65,1.5,1730.0,246.58,0.0,0.0,5590.0,-5380.0,Normal,Low,Continue normal inventory monitoring.
P00915,Home Appliances Product 0915,Home Appliances,Subcategory 3,464,200,368000.0,1,565.58,1040658.63,120,0,0.0,6136,24,24.42,0.0,0.0,0.0,15.0,1250.0,168149.54,259685.32,-26705.19,2025-09-05,2026-08-31,3.42,0.16,58.4,1.2,1840.0,308.22,0.0,0.0,5365.0,-5165.0,Normal,Low,Continue normal inventory monitoring.
P00916,Accessories Product 0916,Accessories,Subcategory 4,465,443,863850.0,1,557.41,1086951.37,120,0,0.0,6160,24,25.04,0.0,0.0,0.0,15.0,250.0,35639.78,55006.79,-22947.02,2025-09-01,2026-08-27,0.68,0.03,646.78,6.0,1950.0,61.64,381.36,743644.52,6390.0,-5947.0,Dead Stock,High,"Stop further purchasing and use clearance, bundle or supplier-return strategy."
P00917,IT Equipment Product 0917,IT Equipment,Subcategory 5,466,431,887860.0,1,549.12,1131193.97,120,0,0.0,6184,24,23.83,0.0,0.0,0.0,15.0,500.0,75034.14,116150.69,-24335.67,2025-09-02,2026-08-28,1.37,0.07,314.63,3.0,2060.0,123.29,307.71,633887.4,6165.0,-5734.0,Excess Inventory,Medium,Reduce reorder quantity and transfer or promote excess stock.
P00918,Electronics Product 0918,Electronics,Subcategory 6,467,366,794220.0,1,540.74,1173405.21,120,0,0.0,6208,24,25.29,0.0,0.0,0.0,15.0,747.0,118087.74,182738.22,-25651.32,2025-09-03,2026-08-29,2.05,0.1,178.84,2.01,2170.0,184.19,181.81,394523.84,5943.0,-5577.0,Excess Inventory,Medium,Reduce reorder quantity and transfer or promote excess stock.
P00919,Furniture Product 0919,Furniture,Subcategory 7,468,425,969000.0,1,532.45,1213990.68,120,0,0.0,6232,24,24.42,0.0,0.0,0.0,15.0,1000.0,166689.06,256980.83,-29406.61,2025-09-04,2026-08-30,2.74,0.14,155.12,1.5,2280.0,246.58,178.42,406808.22,5715.0,-5290.0,Excess Inventory,Medium,Reduce reorder quantity and transfer or promote excess stock.
P00920,Office Supplies Product 0920,Office Supplies,Subcategory 8,469,360,860400.0,1,524.29,1253047.53,120,0,0.0,6256,24,24.33,0.0,0.0,0.0,15.0,1250.0,218411.34,336654.96,-30717.64,2025-09-05,2026-08-31,3.42,0.17,105.12,1.2,2390.0,308.22,51.78,123756.16,5490.0,-5130.0,Excess Inventory,Medium,Reduce reorder quantity and transfer or promote excess stock.
P00922,Accessories Product 0922,Accessories,Subcategory 10,471,584,1524240.0,1,738.1,1926430.27,120,0,0.0,6354,24,24.42,0.0,0.0,0.0,15.0,500.0,95407.02,147007.8,-17109.23,2025-09-02,2026-08-28,1.37,0.05,426.32,3.0,2610.0,123.29,460.71,1202459.18,6340.0,-5756.0,Excess Inventory,Medium,Reduce reorder quantity and transfer or promote excess stock.
P00923,IT Equipment Product 0923,IT Equipment,Subcategory 11,472,581,1580320.0,1,729.93,1985413.7,120,0,0.0,6600,25,24.48,0.0,0.0,0.0,15.0,750.0,149141.16,229707.86,-19315.31,2025-09-03,2026-08-29,2.05,0.08,282.75,2.0,2720.0,184.93,396.07,1077306.3,6337.0,-5756.0,Excess Inventory,Medium,Reduce reorder quantity and transfer or promote excess stock.
P00924,Electronics Product 0924,Electronics,Subcategory 12,473,578,1635740.0,1,721.77,2042600.96,120,0,0.0,6625,25,25.12,0.0,0.0,0.0,15.0,1000.0,206899.0,318533.24,-21701.83,2025-09-04,2026-08-30,2.74,0.1,210.97,1.5,2830.0,246.58,331.42,937931.78,6113.0,-5535.0,Excess Inventory,Medium,Reduce reorder quantity and transfer or promote excess stock.
P00925,Furniture Product 0925,Furniture,Subcategory 13,474,575,1690500.0,1,713.51,2097710.14,120,0,0.0,6650,25,24.32,0.0,0.0,0.0,15.0,1250.0,268675.62,413599.54,-26580.33,2025-09-05,2026-08-31,3.42,0.13,167.9,1.2,2940.0,308.22,266.78,784335.62,5889.0,-5314.0,Excess Inventory,Medium,Reduce reorder quantity and transfer or promote excess stock.
P00926,Office Supplies Product 0926,Office Supplies,Subcategory 14,475,382,1165100.0,1,705.22,2150918.49,120,0,0.0,6675,25,24.96,0.0,0.0,0.0,15.0,250.0,55746.0,85806.82,-16186.34,2025-09-01,2026-08-27,0.68,0.03,557.72,6.0,3050.0,61.64,320.36,977086.3,6915.0,-6533.0,Excess Inventory,Medium,Reduce reorder quantity and transfer or promote excess stock.
P00927,Home Appliances Product 0927,Home Appliances,Subcategory 15,476,379,1197640.0,1,696.93,2202303.56,120,0,0.0,6524,24,23.75,0.0,0.0,0.0,15.0,500.0,115510.74,177789.11,-20394.26,2025-09-02,2026-08-28,1.37,0.05,276.67,3.0,3160.0,123.29,255.71,808050.96,6515.0,-6136.0,Excess Inventory,Medium,Reduce reorder quantity and transfer or promote excess stock.
P00928,Accessories Product 0928,Accessories,Subcategory 16,477,376,1229520.0,1,688.64,2251865.34,120,0,0.0,6498,24,25.12,0.0,0.0,0.0,15.0,750.0,179299.22,275947.7,-22982.67,2025-09-03,2026-08-29,2.05,0.08,182.99,2.0,3270.0,184.93,191.07,624793.97,6240.0,-5864.0,Excess Inventory,Medium,Reduce reorder quantity and transfer or promote excess stock.
P00929,IT Equipment Product 0929,IT Equipment,Subcategory 17,478,373,1260740.0,1,680.48,2300020.55,120,0,0.0,6522,24,23.67,0.0,0.0,0.0,15.0,1000.0,247108.94,380284.82,-24147.71,2025-09-04,2026-08-30,2.74,0.11,136.15,1.5,3380.0,246.58,126.42,427315.34,6015.0,-5642.0,Excess Inventory,Medium,Reduce reorder quantity and transfer or promote excess stock.
P00930,Electronics Product 0930,Electronics,Subcategory 18,479,308,1074920.0,1,672.32,2346379.59,120,0,0.0,6546,24,24.42,0.0,0.0,0.0,15.0,1250.0,318937.42,490660.0,-27870.07,2025-09-05,2026-08-31,3.42,0.14,89.94,1.2,3490.0,308.22,0.0,0.0,5790.0,-5482.0,Normal,Low,Continue normal inventory monitoring.
P00931,Furniture Product 0931,Furniture,Subcategory 19,480,542,1951200.0,1,664.15,2390942.47,120,0,0.0,6570,24,23.67,0.0,0.0,0.0,15.0,248.0,65040.06,100390.28,-17825.87,2025-09-01,2026-08-27,0.68,0.03,797.7,6.05,3600.0,61.15,480.85,1731057.53,6817.0,-6275.0,Dead Stock,High,"Stop further purchasing and use clearance, bundle or supplier-return strategy."
P00932,Office Supplies Product 0932,Office Supplies,Subcategory 20,481,294,1090740.0,1,655.89,2433353.42,120,0,0.0,6594,24,25.12,0.0,0.0,0.0,15.0,500.0,135132.23,208559.56,-22597.39,2025-09-02,2026-08-28,1.37,0.06,214.62,3.0,3710.0,123.29,170.71,633342.74,6590.0,-6296.0,Excess Inventory,Medium,Reduce reorder quantity and transfer or promote excess stock.
P00933,Home Appliances Product 0933,Home Appliances,Subcategory 21,482,536,2047520.0,1,647.73,2474313.42,120,0,0.0,6618,24,24.5,0.0,0.0,0.0,15.0,747.0,208625.46,320790.96,-23765.52,2025-09-03,2026-08-29,2.05,0.08,261.9,2.01,3820.0,184.19,351.81,1343907.4,6368.0,-5832.0,Excess Inventory,Medium,Reduce reorder quantity and transfer or promote excess stock.
P00934,Accessories Product 0934,Accessories,Subcategory 22,483,526,2067180.0,1,639.56,2513477.26,120,0,0.0,6642,24,25.12,0.0,0.0,0.0,15.0,1000.0,287316.4,441832.14,-27831.13,2025-09-04,2026-08-30,2.74,0.11,191.99,1.5,3930.0,246.58,279.42,1098138.9,6140.0,-5614.0,Excess Inventory,Medium,Reduce reorder quantity and transfer or promote excess stock.
P00935,IT Equipment Product 0935,IT Equipment,Subcategory 23,484,523,2112920.0,1,631.27,2550346.85,120,0,0.0,6666,24,24.5,0.0,0.0,0.0,14.0,1185.0,350138.12,538150.82,-32280.45,2025-09-05,2026-08-31,3.25,0.14,161.09,1.18,4040.0,292.19,230.81,932465.21,5979.0,-5456.0,Excess Inventory,Medium,Reduce reorder quantity and transfer or promote excess stock.
P00936,Electronics Product 0936,Electronics,Subcategory 0,485,337,1398550.0,1,622.99,2585393.15,120,0,0.0,6740,24,24.5,0.0,0.0,0.0,15.0,250.0,75849.72,116638.33,-20084.0,2025-09-01,2026-08-27,0.68,0.03,492.02,6.0,4150.0,61.64,275.36,1142728.08,6990.0,-6653.0,Excess Inventory,Medium,Reduce reorder quantity and transfer or promote excess stock.
P00937,Furniture Product 0937,Furniture,Subcategory 1,486,334,1422840.0,1,614.7,2618616.16,120,0,0.0,6950,25,24.32,0.0,0.0,0.0,15.0,500.0,155720.7,239389.29,-23263.03,2025-09-02,2026-08-28,1.37,0.06,243.82,3.0,4260.0,123.29,210.71,897634.52,6951.0,-6617.0,Excess Inventory,Medium,Reduce reorder quantity and transfer or promote excess stock.
P00938,Office Supplies Product 0938,Office Supplies,Subcategory 2,487,331,1446470.0,1,606.53,2650554.66,120,0,0.0,6975,25,24.28,0.0,0.0,0.0,15.0,744.0,237709.7,365317.64,-29002.46,2025-09-03,2026-08-29,2.04,0.09,162.39,2.02,4370.0,183.45,147.55,644784.52,6733.0,-6402.0,Excess Inventory,Medium,Reduce reorder quantity and transfer or promote excess stock.
P00939,Home Appliances Product 0939,Home Appliances,Subcategory 3,488,321,1438080.0,1,598.27,2680267.4,120,0,0.0,7000,25,23.6,0.0,0.0,0.0,15.0,1000.0,327526.34,503359.86,-33732.57,2025-09-04,2026-08-30,2.74,0.12,117.16,1.5,4480.0,246.58,74.42,333422.47,6503.0,-6182.0,Excess Inventory,Medium,Reduce reorder quantity and transfer or promote excess stock.
P00940,Accessories Product 0940,Accessories,Subcategory 4,489,318,1459620.0,1,590.11,2708603.01,120,0,0.0,7025,25,25.04,0.0,0.0,0.0,14.0,1190.0,399470.84,613787.17,-34555.04,2025-09-05,2026-08-31,3.26,0.15,97.54,1.18,4590.0,293.42,24.58,112800.82,6338.0,-6020.0,Excess Inventory,Medium,Reduce reorder quantity and transfer or promote excess stock.
P00941,IT Equipment Product 0941,IT Equipment,Subcategory 5,490,490,2303000.0,1,812.08,3816786.3,120,0,0.0,6910,24,23.83,0.0,0.0,0.0,15.0,250.0,85904.06,132021.52,-21511.05,2025-09-01,2026-08-27,0.68,0.02,715.4,6.0,4700.0,61.64,428.36,2013273.97,7165.0,-6675.0,Dead Stock,High,"Stop further purchasing and use clearance, bundle or supplier-return strategy."
P00942,Electronics Product 0942,Electronics,Subcategory 6,491,249,1197690.0,1,803.92,3866844.66,120,0,0.0,7075,25,25.12,0.0,0.0,0.0,15.0,500.0,175826.9,270226.64,-26705.82,2025-09-02,2026-08-28,1.37,0.05,181.77,3.0,4810.0,123.29,125.71,604676.3,7081.0,-6832.0,Excess Inventory,Medium,Reduce reorder quantity and transfer or promote excess stock.
P00943,Furniture Product 0943,Furniture,Subcategory 7,492,484,2381280.0,1,795.75,3915106.85,120,0,0.0,6908,24,24.33,0.0,0.0,0.0,14.0,714.0,256914.54,394632.9,-27823.23,2025-09-03,2026-08-29,1.96,0.07,247.42,1.96,4920.0,176.05,307.95,1515090.41,6700.0,-6216.0,Excess Inventory,Medium,Reduce reorder quantity and transfer or promote excess stock.
P00944,Office Supplies Product 0944,Office Supplies,Subcategory 8,493,481,2419430.0,1,787.47,3960952.74,120,0,0.0,6932,24,24.96,0.0,0.0,0.0,15.0,1000.0,366421.89,565030.0,-31874.89,2025-09-04,2026-08-30,2.74,0.09,175.56,1.5,5030.0,246.58,234.42,1179156.03,6440.0,-5959.0,Excess Inventory,Medium,Reduce reorder quantity and transfer or promote excess stock.
P00945,Home Appliances Product 0945,Home Appliances,Subcategory 9,494,233,1197620.0,1,779.18,4004975.34,120,0,0.0,6956,24,23.75,0.0,0.0,0.0,15.0,1240.0,464313.0,715765.2,-39563.71,2025-09-05,2026-08-31,3.4,0.12,68.58,1.21,5140.0,305.75,0.0,0.0,6225.0,-5992.0,Normal,Low,Continue normal inventory monitoring.
P00946,Accessories Product 0946,Accessories,Subcategory 10,495,705,3701250.0,1,770.79,4046671.23,120,0,0.0,6980,24,25.21,0.0,0.0,0.0,14.0,238.0,91040.01,140329.3,-24133.4,2025-09-01,2026-08-27,0.65,0.02,1081.2,5.88,5250.0,58.68,646.32,3393154.11,7251.0,-6546.0,Dead Stock,High,"Stop further purchasing and use clearance, bundle or supplier-return strategy."
P00947,IT Equipment Product 0947,IT Equipment,Subcategory 11,496,702,3762720.0,1,762.63,4087697.53,120,0,0.0,7004,24,23.75,0.0,0.0,0.0,15.0,500.0,195930.64,300984.01,-29829.78,2025-09-02,2026-08-28,1.37,0.05,512.46,3.0,5360.0,123.29,578.71,3101898.08,7015.0,-6313.0,Excess Inventory,Medium,Reduce reorder quantity and transfer or promote excess stock.
P00948,Electronics Product 0948,Electronics,Subcategory 12,497,461,2521670.0,1,754.47,4126927.67,120,0,0.0,7028,24,24.5,0.0,0.0,0.0,15.0,747.0,298737.9,458855.48,-34485.15,2025-09-03,2026-08-29,2.05,0.07,225.25,2.01,5470.0,184.19,276.81,1514140.96,6793.0,-6332.0,Excess Inventory,Medium,Reduce reorder quantity and transfer or promote excess stock.
P00949,Furniture Product 0949,Furniture,Subcategory 13,498,696,3883680.0,1,746.3,4164361.64,120,0,0.0,7052,24,24.33,0.0,0.0,0.0,14.0,952.0,388504.78,596635.74,-37042.93,2025-09-04,2026-08-30,2.61,0.09,266.85,1.47,5580.0,234.74,461.26,2573832.33,6612.0,-5916.0,Excess Inventory,Medium,Reduce reorder quantity and transfer or promote excess stock.
P00950,Office Supplies Product 0950,Office Supplies,Subcategory 14,499,693,3943170.0,1,738.14,4199999.45,120,0,0.0,6927,23,24.3,0.0,0.0,0.0,15.0,1250.0,519987.14,798862.18,-45243.94,2025-09-05,2026-08-31,3.42,0.12,202.36,1.2,5690.0,308.22,384.78,2189402.88,6191.0,-5498.0,Excess Inventory,Medium,Reduce reorder quantity and transfer or promote excess stock.
P00951,Home Appliances Product 0951,Home Appliances,Subcategory 15,500,200,1160000.0,1,729.97,4233841.1,120,0,0.0,5950,25,24.4,0.0,0.0,0.0,15.0,250.0,106007.8,162820.0,-23958.73,2025-09-01,2026-08-27,0.68,0.03,292.0,6.0,5800.0,61.64,138.36,802465.75,6215.0,-6015.0,Excess Inventory,Medium,Reduce reorder quantity and transfer or promote excess stock.
P00952,Accessories Product 0952,Accessories,Subcategory 16,501,197,1164270.0,1,721.81,4265886.58,120,0,0.0,5975,25,25.04,0.0,0.0,0.0,15.0,472.0,204025.26,313123.75,-29837.85,2025-09-02,2026-08-28,1.29,0.05,152.34,3.18,5910.0,116.38,80.62,476443.15,6019.0,-5822.0,Excess Inventory,Medium,Reduce reorder quantity and transfer or promote excess stock.
P00953,IT Equipment Product 0953,IT Equipment,Subcategory 17,502,194,1167880.0,1,713.42,4294816.44,120,0,0.0,6000,25,24.48,0.0,0.0,0.0,14.0,714.0,314356.2,482441.34,-33873.36,2025-09-03,2026-08-29,1.96,0.07,99.17,1.96,6020.0,176.05,17.95,108030.14,5802.0,-5608.0,Excess Inventory,Medium,Reduce reorder quantity and transfer or promote excess stock.
P00954,Electronics Product 0954,Electronics,Subcategory 18,503,191,1170830.0,1,705.14,4322489.73,120,0,0.0,6025,25,25.12,0.0,0.0,0.0,15.0,1000.0,448156.18,688215.54,-42304.98,2025-09-04,2026-08-30,2.74,0.1,69.72,1.5,6130.0,246.58,0.0,0.0,5543.0,-5352.0,Normal,Low,Continue normal inventory monitoring.
P00955,Furniture Product 0955,Furniture,Subcategory 19,504,188,1173120.0,1,696.85,4348339.73,120,0,0.0,6050,25,24.32,0.0,0.0,0.0,14.0,1190.0,543072.66,833889.52,-44840.08,2025-09-05,2026-08-31,3.26,0.12,57.66,1.18,6240.0,293.42,0.0,0.0,5378.0,-5190.0,Normal,Low,Continue normal inventory monitoring.
P00956,Office Supplies Product 0956,Office Supplies,Subcategory 20,505,415,2635250.0,1,688.68,4373149.32,120,0,0.0,6075,25,24.28,0.0,0.0,0.0,15.0,250.0,116059.66,178244.55,-27916.91,2025-09-01,2026-08-27,0.68,0.03,605.9,6.0,6350.0,61.64,353.36,2243811.64,6345.0,-5930.0,Dead Stock,High,"Stop further purchasing and use clearance, bundle or supplier-return strategy."
P00957,Home Appliances Product 0957,Home Appliances,Subcategory 21,506,657,4244220.0,1,680.52,4396162.74,120,0,0.0,5944,24,23.58,0.0,0.0,0.0,15.0,500.0,236140.58,362679.05,-34853.65,2025-09-02,2026-08-28,1.37,0.05,479.61,3.0,6460.0,123.29,533.71,3447781.64,5965.0,-5308.0,Excess Inventory,Medium,Reduce reorder quantity and transfer or promote excess stock.
P00958,Accessories Product 0958,Accessories,Subcategory 22,507,409,2687130.0,1,672.36,4417380.0,120,0,0.0,5968,24,25.04,0.0,0.0,0.0,14.0,714.0,341787.07,526527.99,-35690.22,2025-09-03,2026-08-29,1.96,0.08,209.08,1.96,6570.0,176.05,232.95,1530450.0,5775.0,-5366.0,Excess Inventory,Medium,Reduce reorder quantity and transfer or promote excess stock.
P00959,IT Equipment Product 0959,IT Equipment,Subcategory 23,508,644,4301920.0,1,664.19,4436801.1,120,0,0.0,5992,24,23.83,0.0,0.0,0.0,15.0,984.0,478862.56,737513.66,-43604.47,2025-09-04,2026-08-30,2.7,0.11,238.88,1.52,6680.0,242.63,401.37,2681150.68,5531.0,-4887.0,Excess Inventory,Medium,Reduce reorder quantity and transfer or promote excess stock.
P00960,Electronics Product 0960,Electronics,Subcategory 0,509,403,2736370.0,1,655.93,4453774.93,120,0,0.0,6016,24,25.29,0.0,0.0,0.0,15.0,1250.0,620510.74,952598.57,-54133.54,2025-09-05,2026-08-31,3.42,0.14,117.68,1.2,6790.0,308.22,94.78,643561.78,5290.0,-4887.0,Excess Inventory,Medium,Reduce reorder quantity and transfer or promote excess stock.
P00961,Furniture Product 0961,Furniture,Subcategory 1,510,630,4347000.0,1,877.9,6057538.36,120,0,0.0,6040,24,24.42,0.0,0.0,0.0,14.0,238.0,120101.44,184345.61,-19360.11,2025-09-01,2026-08-27,0.65,0.02,966.18,5.88,6900.0,58.68,571.32,3942073.97,6326.0,-5696.0,Dead Stock,High,"Stop further purchasing and use clearance, bundle or supplier-return strategy."
P00962,Office Supplies Product 0962,Office Supplies,Subcategory 2,511,572,4009720.0,1,869.62,6096011.23,120,0,0.0,6064,24,25.04,0.0,0.0,0.0,15.0,500.0,256246.78,393424.44,-24185.48,2025-09-02,2026-08-28,1.37,0.04,417.56,3.0,7010.0,123.29,448.71,3145473.42,6090.0,-5518.0,Excess Inventory,Medium,Reduce reorder quantity and transfer or promote excess stock.
P00963,Home Appliances Product 0963,Home Appliances,Subcategory 3,512,624,4442880.0,1,861.33,6132660.82,120,0,0.0,6088,24,24.42,0.0,0.0,0.0,15.0,747.0,388850.36,597104.09,-30103.26,2025-09-03,2026-08-29,2.05,0.06,304.9,2.01,7120.0,184.19,439.81,3131434.52,5868.0,-5244.0,Excess Inventory,Medium,Reduce reorder quantity and transfer or promote excess stock.
P00964,Accessories Product 0964,Accessories,Subcategory 4,513,559,4041570.0,1,853.04,6167487.12,120,0,0.0,5999,23,24.39,0.0,0.0,0.0,14.0,952.0,503385.78,772508.9,-37322.1,2025-09-04,2026-08-30,2.61,0.08,214.32,1.47,7230.0,234.74,324.26,2344401.78,5574.0,-5015.0,Excess Inventory,Medium,Reduce reorder quantity and transfer or promote excess stock.
P00965,IT Equipment Product 0965,IT Equipment,Subcategory 5,514,556,4081040.0,1,844.88,6201395.07,120,0,0.0,6136,24,23.83,0.0,0.0,0.0,15.0,1250.0,670772.54,1029725.72,-47238.11,2025-09-05,2026-08-31,3.42,0.11,162.35,1.2,7340.0,308.22,247.78,1818711.23,5415.0,-4859.0,Excess Inventory,Medium,Reduce reorder quantity and transfer or promote excess stock.
P00966,Electronics Product 0966,Electronics,Subcategory 6,515,370,2756500.0,1,836.71,6233506.85,120,0,0.0,6325,25,24.44,0.0,0.0,0.0,15.0,245.0,133462.03,204827.26,-22272.37,2025-09-01,2026-08-27,0.67,0.02,551.22,6.12,7450.0,60.41,309.59,2306438.36,6610.0,-6240.0,Excess Inventory,Medium,Reduce reorder quantity and transfer or promote excess stock.
P00967,Furniture Product 0967,Furniture,Subcategory 7,516,367,2774520.0,1,828.45,6263097.53,120,0,0.0,6350,25,24.32,0.0,0.0,0.0,15.0,476.0,262192.76,403814.64,-27285.07,2025-09-02,2026-08-28,1.3,0.04,281.42,3.15,7560.0,117.37,249.63,1887203.84,6405.0,-6038.0,Excess Inventory,Medium,Reduce reorder quantity and transfer or promote excess stock.
P00968,Office Supplies Product 0968,Office Supplies,Subcategory 8,517,357,2738190.0,1,820.29,6291606.44,120,0,0.0,6375,25,24.96,0.0,0.0,0.0,15.0,750.0,420558.88,645532.3,-34809.99,2025-09-03,2026-08-29,2.05,0.07,173.74,2.0,7670.0,184.93,172.07,1319765.34,6157.0,-5800.0,Excess Inventory,Medium,Reduce reorder quantity and transfer or promote excess stock.
P00969,Home Appliances Product 0969,Home Appliances,Subcategory 9,518,354,2754120.0,1,812.12,6318319.18,120,0,0.0,6400,25,24.4,0.0,0.0,0.0,15.0,1000.0,568786.0,873102.43,-42415.23,2025-09-04,2026-08-30,2.74,0.09,129.21,1.5,7780.0,246.58,107.42,835763.84,5933.0,-5579.0,Excess Inventory,Medium,Reduce reorder quantity and transfer or promote excess stock.
P00970,Accessories Product 0970,Accessories,Subcategory 10,519,351,2769390.0,1,803.96,6343235.75,120,0,0.0,6425,25,25.04,0.0,0.0,0.0,14.0,1185.0,683808.6,1049458.62,-45970.73,2025-09-05,2026-08-31,3.25,0.11,108.11,1.18,7890.0,292.19,58.81,463996.85,5773.0,-5422.0,Excess Inventory,Medium,Reduce reorder quantity and transfer or promote excess stock.
P00971,IT Equipment Product 0971,IT Equipment,Subcategory 11,520,523,4184000.0,1,795.67,6365369.86,120,0,0.0,6450,25,24.48,0.0,0.0,0.0,15.0,250.0,146217.74,224473.41,-23777.2,2025-09-01,2026-08-27,0.68,0.02,763.58,6.0,8000.0,61.64,461.36,3690849.32,6735.0,-6212.0,Dead Stock,High,"Stop further purchasing and use clearance, bundle or supplier-return strategy."
P00972,Electronics Product 0972,Electronics,Subcategory 12,521,520,4217200.0,1,787.38,6385680.68,120,0,0.0,6354,24,25.12,0.0,0.0,0.0,15.0,500.0,295397.11,455015.72,-31458.65,2025-09-02,2026-08-28,1.37,0.05,379.6,3.0,8110.0,123.29,396.71,3217336.99,6390.0,-5870.0,Excess Inventory,Medium,Reduce reorder quantity and transfer or promote excess stock.
P00973,Furniture Product 0973,Furniture,Subcategory 13,522,517,4249740.0,1,779.1,6404168.22,120,0,0.0,6378,24,23.67,0.0,0.0,0.0,13.0,696.0,416886.33,641843.48,-34074.44,2025-09-03,2026-08-29,1.91,0.07,271.13,1.87,8220.0,171.62,345.38,2839052.88,6217.0,-5700.0,Excess Inventory,Medium,Reduce reorder quantity and transfer or promote excess stock.
P00974,Office Supplies Product 0974,Office Supplies,Subcategory 14,523,569,4739770.0,1,770.84,6421060.68,120,0,0.0,6525,25,24.28,0.0,0.0,0.0,15.0,1000.0,608995.94,934558.66,-43966.14,2025-09-04,2026-08-30,2.74,0.09,207.68,1.5,8330.0,246.58,322.42,2685797.4,6063.0,-5494.0,Excess Inventory,Medium,Reduce reorder quantity and transfer or promote excess stock.
P00975,Home Appliances Product 0975,Home Appliances,Subcategory 15,524,511,4312840.0,1,762.67,6436945.21,120,0,0.0,6426,24,23.67,0.0,0.0,0.0,15.0,1250.0,771298.64,1183695.83,-53246.16,2025-09-05,2026-08-31,3.42,0.12,149.21,1.2,8440.0,308.22,202.78,1711470.14,5715.0,-5204.0,Excess Inventory,Medium,Reduce reorder quantity and transfer or promote excess stock.
P00976,Accessories Product 0976,Accessories,Subcategory 16,525,500,4275000.0,1,754.51,6451033.56,120,0,0.0,6450,24,25.12,0.0,0.0,0.0,15.0,237.0,148201.67,227388.51,-23419.06,2025-09-01,2026-08-27,0.65,0.02,770.04,6.33,8550.0,58.44,441.56,3775352.05,6753.0,-6253.0,Dead Stock,High,"Stop further purchasing and use clearance, bundle or supplier-return strategy."
P00977,IT Equipment Product 0977,IT Equipment,Subcategory 17,526,315,2727900.0,1,746.34,6463325.75,120,0,0.0,6474,24,24.5,0.0,0.0,0.0,15.0,500.0,316560.46,485879.39,-35018.87,2025-09-02,2026-08-28,1.37,0.05,229.95,3.0,8660.0,123.29,191.71,1660228.77,6515.0,-6200.0,Excess Inventory,Medium,Reduce reorder quantity and transfer or promote excess stock.
P00978,Electronics Product 0978,Electronics,Subcategory 18,527,312,2736240.0,1,738.18,6473821.78,120,0,0.0,6421,23,24.48,0.0,0.0,0.0,15.0,747.0,478962.8,735231.49,-40279.26,2025-09-03,2026-08-29,2.05,0.07,152.45,2.01,8770.0,184.19,127.81,1120878.08,6216.0,-5904.0,Excess Inventory,Medium,Reduce reorder quantity and transfer or promote excess stock.
P00979,Furniture Product 0979,Furniture,Subcategory 19,528,484,4297920.0,1,730.01,6482521.64,120,0,0.0,6522,24,24.5,0.0,0.0,0.0,14.0,948.0,615688.5,944392.96,-45410.76,2025-09-04,2026-08-30,2.6,0.09,186.35,1.48,8880.0,233.75,250.25,2222189.59,6116.0,-5632.0,Excess Inventory,Medium,Reduce reorder quantity and transfer or promote excess stock.
P00980,Office Supplies Product 0980,Office Supplies,Subcategory 20,529,481,4324190.0,1,721.73,6488316.99,120,0,0.0,6546,24,25.12,0.0,0.0,0.0,14.0,1220.0,801983.94,1230340.91,-59044.94,2025-09-05,2026-08-31,3.34,0.12,143.91,1.15,8990.0,300.82,180.18,1619800.96,5869.0,-5388.0,Excess Inventory,Medium,Reduce reorder quantity and transfer or promote excess stock.
P00981,Home Appliances Product 0981,Home Appliances,Subcategory 21,530,533,4850300.0,1,943.48,8585663.01,120,0,0.0,6700,25,24.4,0.0,0.0,0.0,15.0,250.0,166321.48,255199.14,-25635.84,2025-09-01,2026-08-27,0.68,0.02,778.18,6.0,9100.0,61.64,471.36,4289341.1,6995.0,-6462.0,Dead Stock,High,"Stop further purchasing and use clearance, bundle or supplier-return strategy."
P00982,Accessories Product 0982,Accessories,Subcategory 22,531,530,4881300.0,1,935.19,8613116.3,120,0,0.0,6725,25,25.04,0.0,0.0,0.0,14.0,474.0,319285.14,489758.47,-31578.17,2025-09-02,2026-08-28,1.3,0.04,408.12,2.95,9210.0,116.88,413.12,3804865.48,6796.0,-6266.0,Dead Stock,High,"Stop further purchasing and use clearance, bundle or supplier-return strategy."
P00983,IT Equipment Product 0983,IT Equipment,Subcategory 23,532,527,4911640.0,1,927.03,8639895.34,120,0,0.0,6750,25,23.68,0.0,0.0,0.0,15.0,750.0,511030.62,784208.05,-44448.36,2025-09-03,2026-08-29,2.05,0.06,256.47,2.0,9320.0,184.93,342.07,3188078.36,6547.0,-6020.0,Excess Inventory,Medium,Reduce reorder quantity and transfer or promote excess stock.
P00984,Electronics Product 0984,Electronics,Subcategory 0,533,524,4941320.0,1,918.86,8664878.22,120,0,0.0,6775,25,24.44,0.0,0.0,0.0,15.0,1000.0,689415.82,1058020.16,-52506.25,2025-09-04,2026-08-30,2.74,0.08,191.26,1.5,9430.0,246.58,277.42,2616114.52,6323.0,-5799.0,Excess Inventory,Medium,Reduce reorder quantity and transfer or promote excess stock.
P00985,Furniture Product 0985,Furniture,Subcategory 1,534,521,4970340.0,1,910.7,8688064.93,120,0,0.0,6800,25,24.32,0.0,0.0,0.0,14.0,1185.0,823695.45,1268309.86,-56512.44,2025-09-05,2026-08-31,3.25,0.09,160.48,1.18,9540.0,292.19,228.81,2182830.41,6163.0,-5642.0,Excess Inventory,Medium,Reduce reorder quantity and transfer or promote excess stock.
P00986,Office Supplies Product 0986,Office Supplies,Subcategory 2,535,693,6687450.0,1,902.53,8709455.48,120,0,0.0,6740,24,24.96,0.0,0.0,0.0,15.0,250.0,175745.41,270632.5,-33514.28,2025-09-01,2026-08-27,0.68,0.02,1011.78,6.0,9650.0,61.64,631.36,6092586.99,7040.0,-6347.0,Dead Stock,High,"Stop further purchasing and use clearance, bundle or supplier-return strategy."
P00987,Home Appliances Product 0987,Home Appliances,Subcategory 3,536,445,4343200.0,1,894.37,8729049.86,120,0,0.0,6764,24,23.75,0.0,0.0,0.0,15.0,488.0,346993.92,534243.39,-33512.62,2025-09-02,2026-08-28,1.34,0.04,332.84,3.07,9760.0,120.33,324.67,3168791.23,6827.0,-6382.0,Dead Stock,High,"Stop further purchasing and use clearance, bundle or supplier-return strategy."
P00988,Accessories Product 0988,Accessories,Subcategory 4,537,680,6711600.0,1,886.11,8745901.64,120,0,0.0,6875,25,25.04,0.0,0.0,0.0,14.0,711.0,511313.71,787098.87,-38735.9,2025-09-03,2026-08-29,1.95,0.06,349.09,1.97,9870.0,175.32,504.68,4981240.27,6715.0,-6035.0,Excess Inventory,Medium,Reduce reorder quantity and transfer or promote excess stock.
P00989,IT Equipment Product 0989,IT Equipment,Subcategory 5,538,677,6756460.0,1,877.82,8760662.74,120,0,0.0,6812,24,24.58,0.0,0.0,0.0,15.0,1000.0,729625.76,1119450.62,-54845.91,2025-09-04,2026-08-30,2.74,0.08,247.1,1.5,9980.0,246.58,430.42,4295638.08,6365.0,-5688.0,Excess Inventory,Medium,Reduce reorder quantity and transfer or promote excess stock.
P00990,Electronics Product 0990,Electronics,Subcategory 6,539,665,6709850.0,1,869.53,8773600.55,120,0,0.0,6836,24,25.21,0.0,0.0,0.0,15.0,1250.0,922084.06,1414830.84,-64689.02,2025-09-05,2026-08-31,3.42,0.11,194.18,1.2,10090.0,308.22,356.78,3599918.49,6140.0,-5475.0,Excess Inventory,Medium,Reduce reorder quantity and transfer or promote excess stock.
P00991,Furniture Product 0991,Furniture,Subcategory 7,540,663,6762600.0,1,861.25,8784715.07,120,0,0.0,6860,24,24.33,0.0,0.0,0.0,15.0,237.0,176802.74,271231.62,-30523.18,2025-09-01,2026-08-27,0.65,0.02,1021.08,6.33,10200.0,58.44,604.56,6166528.77,7178.0,-6515.0,Dead Stock,High,"Stop further purchasing and use clearance, bundle or supplier-return strategy."
P00992,Office Supplies Product 0992,Office Supplies,Subcategory 8,541,478,4928180.0,1,853.08,8795277.4,120,0,0.0,6884,24,24.25,0.0,0.0,0.0,15.0,500.0,376876.6,578349.94,-43791.57,2025-09-02,2026-08-28,1.37,0.04,348.94,3.0,10310.0,123.29,354.71,3657084.11,6940.0,-6462.0,Excess Inventory,Medium,Reduce reorder quantity and transfer or promote excess stock.
P00993,Home Appliances Product 0993,Home Appliances,Subcategory 9,542,475,4949500.0,1,844.92,8804043.56,120,0,0.0,6908,24,23.75,0.0,0.0,0.0,15.0,747.0,569075.24,873116.59,-52572.65,2025-09-03,2026-08-29,2.05,0.06,232.1,2.01,10420.0,184.19,290.81,3030221.64,6718.0,-6243.0,Excess Inventory,Medium,Reduce reorder quantity and transfer or promote excess stock.
P00994,Accessories Product 0994,Accessories,Subcategory 10,543,654,6886620.0,1,836.75,8811013.56,120,0,0.0,6932,24,25.21,0.0,0.0,0.0,14.0,924.0,711746.43,1090902.01,-58053.46,2025-09-04,2026-08-30,2.53,0.08,258.34,1.52,10530.0,227.84,426.16,4487510.96,6565.0,-5911.0,Excess Inventory,Medium,Reduce reorder quantity and transfer or promote excess stock.
P00995,IT Equipment Product 0995,IT Equipment,Subcategory 11,544,460,4894400.0,1,828.49,8815167.12,120,0,0.0,6956,24,24.58,0.0,0.0,0.0,15.0,1250.0,972345.86,1491597.59,-69908.38,2025-09-05,2026-08-31,3.42,0.11,134.32,1.2,10640.0,308.22,151.78,1614947.95,6265.0,-5805.0,Excess Inventory,Medium,Reduce reorder quantity and transfer or promote excess stock.
P00996,Electronics Product 0996,Electronics,Subcategory 12,545,403,4332250.0,1,820.33,8818534.25,120,0,0.0,7075,25,25.12,0.0,0.0,0.0,15.0,250.0,196479.54,301425.07,-36088.31,2025-09-01,2026-08-27,0.68,0.02,588.38,6.0,10750.0,61.64,341.36,3669578.77,7385.0,-6982.0,Dead Stock,High,"Stop further purchasing and use clearance, bundle or supplier-return strategy."
P00997,Furniture Product 0997,Furniture,Subcategory 13,546,393,4267980.0,1,812.16,8820105.21,120,0,0.0,6654,24,23.67,0.0,0.0,0.0,14.0,474.0,376484.93,577439.85,-41101.95,2025-09-02,2026-08-28,1.3,0.04,302.63,2.95,10860.0,116.88,276.12,2998698.9,6740.0,-6347.0,Dead Stock,High,"Stop further purchasing and use clearance, bundle or supplier-return strategy."
P00999,Home Appliances Product 0999,Home Appliances,Subcategory 15,548,387,4287960.0,1,795.59,8815126.58,120,0,0.0,7150,25,24.4,0.0,0.0,0.0,15.0,1000.0,807150.32,1242968.01,-60964.7,2025-09-04,2026-08-30,2.74,0.09,141.26,1.5,11080.0,246.58,140.42,1555905.21,6713.0,-6326.0,Excess Inventory,Medium,Reduce reorder quantity and transfer or promote excess stock.
P01000,Accessories Product 1000,Accessories,Subcategory 16,549,375,4196250.0,1,787.3,8809902.33,120,0,0.0,7175,25,25.04,0.0,0.0,0.0,15.0,1250.0,1018955.07,1568791.43,-66159.49,2025-09-05,2026-08-31,3.42,0.12,109.5,1.2,11190.0,308.22,66.78,747277.4,6489.0,-6114.0,Excess Inventory,Medium,Reduce reorder quantity and transfer or promote excess stock.
