Dataset,Record_ID,Transaction_Date,Customer_ID,Product_ID,Additional_Entity,Transaction_Amount,Discount,Refund,Net_Profit,Anomaly_Score,Priority,Anomaly_Reason,Recommended_Action
Inventory,P00560-W020-2025-11-19,2025-11-19,,P00560,W020,-1670340.0,0.0,0.0,0.0,99.09,Critical,Negative closing stock; Unusual inventory movement; Unusual closing-stock change; Unusual inventory-value change; Negative inventory value,"Reconcile warehouse movement with purchase, sale and return records; physically validate stock."
Inventory,P00060-W020-2026-08-01,2026-08-01,,P00060,W020,-1670340.0,0.0,0.0,0.0,99.09,Critical,Negative closing stock; Unusual inventory movement; Unusual closing-stock change; Unusual inventory-value change; Negative inventory value,"Reconcile warehouse movement with purchase, sale and return records; physically validate stock."
Inventory,P00559-W019-2026-04-02,2026-04-02,,P00559,W019,-1616560.0,0.0,0.0,0.0,99.0,Critical,Negative closing stock; Unusual inventory movement; Unusual closing-stock change; Unusual inventory-value change; Negative inventory value,"Reconcile warehouse movement with purchase, sale and return records; physically validate stock."
Inventory,P00059-W019-2026-07-21,2026-07-21,,P00059,W019,-1616560.0,0.0,0.0,0.0,99.0,Critical,Negative closing stock; Unusual inventory movement; Unusual closing-stock change; Unusual inventory-value change; Negative inventory value,"Reconcile warehouse movement with purchase, sale and return records; physically validate stock."
Inventory,P00560-W020-2026-04-03,2026-04-03,,P00560,W020,-1663550.0,0.0,0.0,0.0,99.0,Critical,Negative closing stock; Unusual inventory movement; Unusual closing-stock change; Unusual inventory-value change; Negative inventory value,"Reconcile warehouse movement with purchase, sale and return records; physically validate stock."
Inventory,P00060-W020-2026-07-22,2026-07-22,,P00060,W020,-1663550.0,0.0,0.0,0.0,99.0,Critical,Negative closing stock; Unusual inventory movement; Unusual closing-stock change; Unusual inventory-value change; Negative inventory value,"Reconcile warehouse movement with purchase, sale and return records; physically validate stock."
Inventory,P00060-W020-2025-12-04,2025-12-04,,P00060,W020,-1656760.0,0.0,0.0,0.0,98.98,Critical,Negative closing stock; Unusual inventory movement; Unusual closing-stock change; Unusual inventory-value change; Negative inventory value,"Reconcile warehouse movement with purchase, sale and return records; physically validate stock."
Inventory,P00560-W020-2026-03-24,2026-03-24,,P00560,W020,-1656760.0,0.0,0.0,0.0,98.98,Critical,Negative closing stock; Unusual inventory movement; Unusual closing-stock change; Unusual inventory-value change; Negative inventory value,"Reconcile warehouse movement with purchase, sale and return records; physically validate stock."
Inventory,P00560-W020-2026-08-06,2026-08-06,,P00560,W020,-1649970.0,0.0,0.0,0.0,98.97,Critical,Negative closing stock; Unusual inventory movement; Unusual closing-stock change; Unusual inventory-value change; Negative inventory value,"Reconcile warehouse movement with purchase, sale and return records; physically validate stock."
Inventory,P00060-W020-2025-11-24,2025-11-24,,P00060,W020,-1649970.0,0.0,0.0,0.0,98.97,Critical,Negative closing stock; Unusual inventory movement; Unusual closing-stock change; Unusual inventory-value change; Negative inventory value,"Reconcile warehouse movement with purchase, sale and return records; physically validate stock."
Inventory,P00060-W020-2026-04-08,2026-04-08,,P00060,W020,-1643180.0,0.0,0.0,0.0,98.95,Critical,Negative closing stock; Unusual inventory movement; Unusual closing-stock change; Unusual inventory-value change; Negative inventory value,"Reconcile warehouse movement with purchase, sale and return records; physically validate stock."
Inventory,P00060-W020-2025-11-14,2025-11-14,,P00060,W020,-1643180.0,0.0,0.0,0.0,98.95,Critical,Negative closing stock; Unusual inventory movement; Unusual closing-stock change; Unusual inventory-value change; Negative inventory value,"Reconcile warehouse movement with purchase, sale and return records; physically validate stock."
Inventory,P00560-W020-2026-07-27,2026-07-27,,P00560,W020,-1643180.0,0.0,0.0,0.0,98.95,Critical,Negative closing stock; Unusual inventory movement; Unusual closing-stock change; Unusual inventory-value change; Negative inventory value,"Reconcile warehouse movement with purchase, sale and return records; physically validate stock."
Inventory,P00060-W020-2026-03-29,2026-03-29,,P00060,W020,-1636390.0,0.0,0.0,0.0,98.94,Critical,Negative closing stock; Unusual inventory movement; Unusual closing-stock change; Unusual inventory-value change; Negative inventory value,"Reconcile warehouse movement with purchase, sale and return records; physically validate stock."
Inventory,P00560-W020-2025-12-09,2025-12-09,,P00560,W020,-1636390.0,0.0,0.0,0.0,98.94,Critical,Negative closing stock; Unusual inventory movement; Unusual closing-stock change; Unusual inventory-value change; Negative inventory value,"Reconcile warehouse movement with purchase, sale and return records; physically validate stock."
Inventory,P00560-W020-2026-07-17,2026-07-17,,P00560,W020,-1636390.0,0.0,0.0,0.0,98.94,Critical,Negative closing stock; Unusual inventory movement; Unusual closing-stock change; Unusual inventory-value change; Negative inventory value,"Reconcile warehouse movement with purchase, sale and return records; physically validate stock."
Inventory,P00560-W020-2025-11-29,2025-11-29,,P00560,W020,-1629600.0,0.0,0.0,0.0,98.92,Critical,Negative closing stock; Unusual inventory movement; Unusual closing-stock change; Unusual inventory-value change; Negative inventory value,"Reconcile warehouse movement with purchase, sale and return records; physically validate stock."
Inventory,P00060-W020-2026-03-19,2026-03-19,,P00060,W020,-1629600.0,0.0,0.0,0.0,98.92,Critical,Negative closing stock; Unusual inventory movement; Unusual closing-stock change; Unusual inventory-value change; Negative inventory value,"Reconcile warehouse movement with purchase, sale and return records; physically validate stock."
Inventory,P00058-W018-2026-07-10,2026-07-10,,P00058,W018,-1563660.0,0.0,0.0,0.0,98.89,Critical,Negative closing stock; Unusual inventory movement; Unusual closing-stock change; Unusual inventory-value change; Negative inventory value,"Reconcile warehouse movement with purchase, sale and return records; physically validate stock."
Inventory,P00058-W018-2025-12-02,2025-12-02,,P00058,W018,-1563660.0,0.0,0.0,0.0,98.89,Critical,Negative closing stock; Unusual inventory movement; Unusual closing-stock change; Unusual inventory-value change; Negative inventory value,"Reconcile warehouse movement with purchase, sale and return records; physically validate stock."
Inventory,P00558-W018-2026-03-22,2026-03-22,,P00558,W018,-1563660.0,0.0,0.0,0.0,98.89,Critical,Negative closing stock; Unusual inventory movement; Unusual closing-stock change; Unusual inventory-value change; Negative inventory value,"Reconcile warehouse movement with purchase, sale and return records; physically validate stock."
Inventory,P00558-W018-2025-10-28,2025-10-28,,P00558,W018,-1563660.0,0.0,0.0,0.0,98.89,Critical,Negative closing stock; Unusual inventory movement; Unusual closing-stock change; Unusual inventory-value change; Negative inventory value,"Reconcile warehouse movement with purchase, sale and return records; physically validate stock."
Inventory,P00059-W019-2025-12-03,2025-12-03,,P00059,W019,-1609880.0,0.0,0.0,0.0,98.89,Critical,Negative closing stock; Unusual inventory movement; Unusual closing-stock change; Unusual inventory-value change; Negative inventory value,"Reconcile warehouse movement with purchase, sale and return records; physically validate stock."
Inventory,P00559-W019-2026-03-23,2026-03-23,,P00559,W019,-1609880.0,0.0,0.0,0.0,98.89,Critical,Negative closing stock; Unusual inventory movement; Unusual closing-stock change; Unusual inventory-value change; Negative inventory value,"Reconcile warehouse movement with purchase, sale and return records; physically validate stock."
Inventory,P00060-W020-2026-03-09,2026-03-09,,P00060,W020,-1670340.0,0.0,0.0,0.0,98.86,Critical,Negative closing stock; Unusual inventory movement; Unusual closing-stock change; Unusual inventory-value change; Negative inventory value,"Reconcile warehouse movement with purchase, sale and return records; physically validate stock."
Inventory,P00560-W020-2026-06-27,2026-06-27,,P00560,W020,-1670340.0,0.0,0.0,0.0,98.86,Critical,Negative closing stock; Unusual inventory movement; Unusual closing-stock change; Unusual inventory-value change; Negative inventory value,"Reconcile warehouse movement with purchase, sale and return records; physically validate stock."
Inventory,P00059-W019-2025-11-23,2025-11-23,,P00059,W019,-1603200.0,0.0,0.0,0.0,98.85,Critical,Negative closing stock; Unusual inventory movement; Unusual closing-stock change; Unusual inventory-value change; Negative inventory value,"Reconcile warehouse movement with purchase, sale and return records; physically validate stock."
Inventory,P00559-W019-2026-08-05,2026-08-05,,P00559,W019,-1603200.0,0.0,0.0,0.0,98.85,Critical,Negative closing stock; Unusual inventory movement; Unusual closing-stock change; Unusual inventory-value change; Negative inventory value,"Reconcile warehouse movement with purchase, sale and return records; physically validate stock."
Inventory,P00058-W018-2026-06-30,2026-06-30,,P00058,W018,-1557090.0,0.0,0.0,0.0,98.85,Critical,Negative closing stock; Unusual inventory movement; Unusual closing-stock change; Unusual inventory-value change; Negative inventory value,"Reconcile warehouse movement with purchase, sale and return records; physically validate stock."
Inventory,P00558-W018-2026-03-12,2026-03-12,,P00558,W018,-1557090.0,0.0,0.0,0.0,98.85,Critical,Negative closing stock; Unusual inventory movement; Unusual closing-stock change; Unusual inventory-value change; Negative inventory value,"Reconcile warehouse movement with purchase, sale and return records; physically validate stock."
Inventory,P00060-W020-2026-02-27,2026-02-27,,P00060,W020,-1663550.0,0.0,0.0,0.0,98.85,Critical,Negative closing stock; Unusual inventory movement; Unusual closing-stock change; Unusual inventory-value change; Negative inventory value,"Reconcile warehouse movement with purchase, sale and return records; physically validate stock."
Inventory,P00560-W020-2025-11-09,2025-11-09,,P00560,W020,-1663550.0,0.0,0.0,0.0,98.85,Critical,Negative closing stock; Unusual inventory movement; Unusual closing-stock change; Unusual inventory-value change; Negative inventory value,"Reconcile warehouse movement with purchase, sale and return records; physically validate stock."
Inventory,P00560-W020-2025-10-30,2025-10-30,,P00560,W020,-1656760.0,0.0,0.0,0.0,98.83,Critical,Negative closing stock; Unusual inventory movement; Unusual closing-stock change; Unusual inventory-value change; Negative inventory value,"Reconcile warehouse movement with purchase, sale and return records; physically validate stock."
Inventory,P00060-W020-2026-07-12,2026-07-12,,P00060,W020,-1656760.0,0.0,0.0,0.0,98.83,Critical,Negative closing stock; Unusual inventory movement; Unusual closing-stock change; Unusual inventory-value change; Negative inventory value,"Reconcile warehouse movement with purchase, sale and return records; physically validate stock."
Inventory,P00059-W019-2026-04-07,2026-04-07,,P00059,W019,-1596520.0,0.0,0.0,0.0,98.83,Critical,Negative closing stock; Unusual inventory movement; Unusual closing-stock change; Unusual inventory-value change; Negative inventory value,"Reconcile warehouse movement with purchase, sale and return records; physically validate stock."
Inventory,P00059-W019-2025-11-13,2025-11-13,,P00059,W019,-1596520.0,0.0,0.0,0.0,98.83,Critical,Negative closing stock; Unusual inventory movement; Unusual closing-stock change; Unusual inventory-value change; Negative inventory value,"Reconcile warehouse movement with purchase, sale and return records; physically validate stock."
Inventory,P00559-W019-2026-07-26,2026-07-26,,P00559,W019,-1596520.0,0.0,0.0,0.0,98.83,Critical,Negative closing stock; Unusual inventory movement; Unusual closing-stock change; Unusual inventory-value change; Negative inventory value,"Reconcile warehouse movement with purchase, sale and return records; physically validate stock."
Inventory,P00558-W018-2026-03-02,2026-03-02,,P00558,W018,-1550520.0,0.0,0.0,0.0,98.83,Critical,Negative closing stock; Unusual inventory movement; Unusual closing-stock change; Unusual inventory-value change; Negative inventory value,"Reconcile warehouse movement with purchase, sale and return records; physically validate stock."
Inventory,P00060-W020-2025-09-20,2025-09-20,,P00060,W020,-1649970.0,0.0,0.0,0.0,98.82,Critical,Negative closing stock; Unusual inventory movement; Unusual closing-stock change; Unusual inventory-value change; Negative inventory value,"Reconcile warehouse movement with purchase, sale and return records; physically validate stock."
Inventory,P00060-W020-2026-07-02,2026-07-02,,P00060,W020,-1649970.0,0.0,0.0,0.0,98.82,Critical,Negative closing stock; Unusual inventory movement; Unusual closing-stock change; Unusual inventory-value change; Negative inventory value,"Reconcile warehouse movement with purchase, sale and return records; physically validate stock."
Inventory,P00060-W020-2026-02-12,2026-02-12,,P00060,W020,-1649970.0,0.0,0.0,0.0,98.82,Critical,Negative closing stock; Unusual inventory movement; Unusual closing-stock change; Unusual inventory-value change; Negative inventory value,"Reconcile warehouse movement with purchase, sale and return records; physically validate stock."
Inventory,P00560-W020-2025-10-25,2025-10-25,,P00560,W020,-1649970.0,0.0,0.0,0.0,98.82,Critical,Negative closing stock; Unusual inventory movement; Unusual closing-stock change; Unusual inventory-value change; Negative inventory value,"Reconcile warehouse movement with purchase, sale and return records; physically validate stock."
Inventory,P00560-W020-2026-03-14,2026-03-14,,P00560,W020,-1649970.0,0.0,0.0,0.0,98.82,Critical,Negative closing stock; Unusual inventory movement; Unusual closing-stock change; Unusual inventory-value change; Negative inventory value,"Reconcile warehouse movement with purchase, sale and return records; physically validate stock."
Inventory,P00560-W020-2026-06-02,2026-06-02,,P00560,W020,-1649970.0,0.0,0.0,0.0,98.82,Critical,Negative closing stock; Unusual inventory movement; Unusual closing-stock change; Unusual inventory-value change; Negative inventory value,"Reconcile warehouse movement with purchase, sale and return records; physically validate stock."
Inventory,P00058-W018-2026-06-15,2026-06-15,,P00058,W018,-1543950.0,0.0,0.0,0.0,98.81,Critical,Negative closing stock; Unusual inventory movement; Unusual closing-stock change; Unusual inventory-value change; Negative inventory value,"Reconcile warehouse movement with purchase, sale and return records; physically validate stock."
Inventory,P00058-W018-2025-11-02,2025-11-02,,P00058,W018,-1543950.0,0.0,0.0,0.0,98.81,Critical,Negative closing stock; Unusual inventory movement; Unusual closing-stock change; Unusual inventory-value change; Negative inventory value,"Reconcile warehouse movement with purchase, sale and return records; physically validate stock."
Inventory,P00558-W018-2025-10-03,2025-10-03,,P00558,W018,-1543950.0,0.0,0.0,0.0,98.81,Critical,Negative closing stock; Unusual inventory movement; Unusual closing-stock change; Unusual inventory-value change; Negative inventory value,"Reconcile warehouse movement with purchase, sale and return records; physically validate stock."
Inventory,P00558-W018-2026-02-25,2026-02-25,,P00558,W018,-1543950.0,0.0,0.0,0.0,98.81,Critical,Negative closing stock; Unusual inventory movement; Unusual closing-stock change; Unusual inventory-value change; Negative inventory value,"Reconcile warehouse movement with purchase, sale and return records; physically validate stock."
Inventory,P00559-W019-2025-12-08,2025-12-08,,P00559,W019,-1589840.0,0.0,0.0,0.0,98.81,Critical,Negative closing stock; Unusual inventory movement; Unusual closing-stock change; Unusual inventory-value change; Negative inventory value,"Reconcile warehouse movement with purchase, sale and return records; physically validate stock."
Inventory,P00059-W019-2026-03-28,2026-03-28,,P00059,W019,-1589840.0,0.0,0.0,0.0,98.81,Critical,Negative closing stock; Unusual inventory movement; Unusual closing-stock change; Unusual inventory-value change; Negative inventory value,"Reconcile warehouse movement with purchase, sale and return records; physically validate stock."
Inventory,P00559-W019-2026-07-16,2026-07-16,,P00559,W019,-1589840.0,0.0,0.0,0.0,98.81,Critical,Negative closing stock; Unusual inventory movement; Unusual closing-stock change; Unusual inventory-value change; Negative inventory value,"Reconcile warehouse movement with purchase, sale and return records; physically validate stock."
Inventory,P00560-W020-2026-05-23,2026-05-23,,P00560,W020,-1643180.0,0.0,0.0,0.0,98.8,Critical,Negative closing stock; Unusual inventory movement; Unusual closing-stock change; Unusual inventory-value change; Negative inventory value,"Reconcile warehouse movement with purchase, sale and return records; physically validate stock."
Inventory,P00559-W019-2025-11-28,2025-11-28,,P00559,W019,-1583160.0,0.0,0.0,0.0,98.79,Critical,Negative closing stock; Unusual inventory movement; Unusual closing-stock change; Unusual inventory-value change; Negative inventory value,"Reconcile warehouse movement with purchase, sale and return records; physically validate stock."
Inventory,P00059-W019-2026-03-18,2026-03-18,,P00059,W019,-1583160.0,0.0,0.0,0.0,98.79,Critical,Negative closing stock; Unusual inventory movement; Unusual closing-stock change; Unusual inventory-value change; Negative inventory value,"Reconcile warehouse movement with purchase, sale and return records; physically validate stock."
Inventory,P00060-W020-2026-01-23,2026-01-23,,P00060,W020,-1636390.0,0.0,0.0,0.0,98.78,Critical,Negative closing stock; Unusual inventory movement; Unusual closing-stock change; Unusual inventory-value change; Negative inventory value,"Reconcile warehouse movement with purchase, sale and return records; physically validate stock."
Inventory,P00060-W020-2026-08-26,2026-08-26,,P00060,W020,-1629600.0,0.0,0.0,0.0,98.77,Critical,Negative closing stock; Unusual inventory movement; Unusual closing-stock change; Unusual inventory-value change; Negative inventory value,"Reconcile warehouse movement with purchase, sale and return records; physically validate stock."
Inventory,P00560-W020-2026-05-08,2026-05-08,,P00560,W020,-1629600.0,0.0,0.0,0.0,98.77,Critical,Negative closing stock; Unusual inventory movement; Unusual closing-stock change; Unusual inventory-value change; Negative inventory value,"Reconcile warehouse movement with purchase, sale and return records; physically validate stock."
Inventory,P00560-W020-2025-09-25,2025-09-25,,P00560,W020,-1629600.0,0.0,0.0,0.0,98.77,Critical,Negative closing stock; Unusual inventory movement; Unusual closing-stock change; Unusual inventory-value change; Negative inventory value,"Reconcile warehouse movement with purchase, sale and return records; physically validate stock."
Inventory,P00060-W020-2026-01-18,2026-01-18,,P00060,W020,-1629600.0,0.0,0.0,0.0,98.77,Critical,Negative closing stock; Unusual inventory movement; Unusual closing-stock change; Unusual inventory-value change; Negative inventory value,"Reconcile warehouse movement with purchase, sale and return records; physically validate stock."
Inventory,P00560-W020-2025-12-14,2025-12-14,,P00560,W020,-1629600.0,0.0,0.0,0.0,98.77,Critical,Negative closing stock; Unusual inventory movement; Unusual closing-stock change; Unusual inventory-value change; Negative inventory value,"Reconcile warehouse movement with purchase, sale and return records; physically validate stock."
Inventory,P00559-W019-2025-11-18,2025-11-18,,P00559,W019,-1576480.0,0.0,0.0,0.0,98.76,Critical,Negative closing stock; Unusual inventory movement; Unusual closing-stock change; Unusual inventory-value change; Negative inventory value,"Reconcile warehouse movement with purchase, sale and return records; physically validate stock."
Inventory,P00059-W019-2026-07-31,2026-07-31,,P00059,W019,-1576480.0,0.0,0.0,0.0,98.76,Critical,Negative closing stock; Unusual inventory movement; Unusual closing-stock change; Unusual inventory-value change; Negative inventory value,"Reconcile warehouse movement with purchase, sale and return records; physically validate stock."
Inventory,P00060-W020-2026-08-16,2026-08-16,,P00060,W020,-1622810.0,0.0,0.0,0.0,98.74,Critical,Negative closing stock; Unusual inventory movement; Unusual closing-stock change; Unusual inventory-value change; Negative inventory value,"Reconcile warehouse movement with purchase, sale and return records; physically validate stock."
Inventory,P00559-W019-2025-11-08,2025-11-08,,P00559,W019,-1616560.0,0.0,0.0,0.0,98.73,Critical,Negative closing stock; Unusual inventory movement; Unusual closing-stock change; Unusual inventory-value change; Negative inventory value,"Reconcile warehouse movement with purchase, sale and return records; physically validate stock."
Inventory,P00059-W019-2026-02-26,2026-02-26,,P00059,W019,-1616560.0,0.0,0.0,0.0,98.73,Critical,Negative closing stock; Unusual inventory movement; Unusual closing-stock change; Unusual inventory-value change; Negative inventory value,"Reconcile warehouse movement with purchase, sale and return records; physically validate stock."
Inventory,P00560-W020-2026-04-18,2026-04-18,,P00560,W020,-1616020.0,0.0,0.0,0.0,98.72,Critical,Negative closing stock; Unusual inventory movement; Unusual closing-stock change; Unusual inventory-value change; Negative inventory value,"Reconcile warehouse movement with purchase, sale and return records; physically validate stock."
Inventory,P00059-W019-2026-07-11,2026-07-11,,P00059,W019,-1609880.0,0.0,0.0,0.0,98.71,Critical,Negative closing stock; Unusual inventory movement; Unusual closing-stock change; Unusual inventory-value change; Negative inventory value,"Reconcile warehouse movement with purchase, sale and return records; physically validate stock."
Inventory,P00559-W019-2025-10-29,2025-10-29,,P00559,W019,-1609880.0,0.0,0.0,0.0,98.71,Critical,Negative closing stock; Unusual inventory movement; Unusual closing-stock change; Unusual inventory-value change; Negative inventory value,"Reconcile warehouse movement with purchase, sale and return records; physically validate stock."
Inventory,P00058-W018-2025-11-22,2025-11-22,,P00058,W018,-1557090.0,0.0,0.0,0.0,98.71,Critical,Negative closing stock; Unusual inventory movement; Unusual closing-stock change; Unusual inventory-value change; Negative inventory value,"Reconcile warehouse movement with purchase, sale and return records; physically validate stock."
Inventory,P00558-W018-2026-08-04,2026-08-04,,P00558,W018,-1557090.0,0.0,0.0,0.0,98.71,Critical,Negative closing stock; Unusual inventory movement; Unusual closing-stock change; Unusual inventory-value change; Negative inventory value,"Reconcile warehouse movement with purchase, sale and return records; physically validate stock."
Inventory,P00060-W020-2025-12-19,2025-12-19,,P00060,W020,-1609230.0,0.0,0.0,0.0,98.69,Critical,Negative closing stock; Unusual inventory movement; Unusual closing-stock change; Unusual inventory-value change; Negative inventory value,"Reconcile warehouse movement with purchase, sale and return records; physically validate stock."
Inventory,P00560-W020-2026-04-08,2026-04-08,,P00560,W020,-1609230.0,0.0,0.0,0.0,98.69,Critical,Negative closing stock; Unusual inventory movement; Unusual closing-stock change; Unusual inventory-value change; Negative inventory value,"Reconcile warehouse movement with purchase, sale and return records; physically validate stock."
Inventory,P00059-W019-2026-07-01,2026-07-01,,P00059,W019,-1603200.0,0.0,0.0,0.0,98.69,Critical,Negative closing stock; Unusual inventory movement; Unusual closing-stock change; Unusual inventory-value change; Negative inventory value,"Reconcile warehouse movement with purchase, sale and return records; physically validate stock."
Inventory,P00559-W019-2026-03-13,2026-03-13,,P00559,W019,-1603200.0,0.0,0.0,0.0,98.69,Critical,Negative closing stock; Unusual inventory movement; Unusual closing-stock change; Unusual inventory-value change; Negative inventory value,"Reconcile warehouse movement with purchase, sale and return records; physically validate stock."
Inventory,P00058-W018-2025-11-12,2025-11-12,,P00058,W018,-1550520.0,0.0,0.0,0.0,98.69,Critical,Negative closing stock; Unusual inventory movement; Unusual closing-stock change; Unusual inventory-value change; Negative inventory value,"Reconcile warehouse movement with purchase, sale and return records; physically validate stock."
Inventory,P00058-W018-2026-04-06,2026-04-06,,P00058,W018,-1550520.0,0.0,0.0,0.0,98.69,Critical,Negative closing stock; Unusual inventory movement; Unusual closing-stock change; Unusual inventory-value change; Negative inventory value,"Reconcile warehouse movement with purchase, sale and return records; physically validate stock."
Inventory,P00558-W018-2026-07-25,2026-07-25,,P00558,W018,-1550520.0,0.0,0.0,0.0,98.69,Critical,Negative closing stock; Unusual inventory movement; Unusual closing-stock change; Unusual inventory-value change; Negative inventory value,"Reconcile warehouse movement with purchase, sale and return records; physically validate stock."
Inventory,P00058-W018-2026-03-27,2026-03-27,,P00058,W018,-1543950.0,0.0,0.0,0.0,98.67,Critical,Negative closing stock; Unusual inventory movement; Unusual closing-stock change; Unusual inventory-value change; Negative inventory value,"Reconcile warehouse movement with purchase, sale and return records; physically validate stock."
Inventory,P00558-W018-2026-07-15,2026-07-15,,P00558,W018,-1543950.0,0.0,0.0,0.0,98.67,Critical,Negative closing stock; Unusual inventory movement; Unusual closing-stock change; Unusual inventory-value change; Negative inventory value,"Reconcile warehouse movement with purchase, sale and return records; physically validate stock."
Inventory,P00558-W018-2025-12-07,2025-12-07,,P00558,W018,-1543950.0,0.0,0.0,0.0,98.67,Critical,Negative closing stock; Unusual inventory movement; Unusual closing-stock change; Unusual inventory-value change; Negative inventory value,"Reconcile warehouse movement with purchase, sale and return records; physically validate stock."
Inventory,P00059-W019-2026-06-26,2026-06-26,,P00059,W019,-1596520.0,0.0,0.0,0.0,98.66,Critical,Negative closing stock; Unusual inventory movement; Unusual closing-stock change; Unusual inventory-value change; Negative inventory value,"Reconcile warehouse movement with purchase, sale and return records; physically validate stock."
Inventory,P00559-W019-2026-05-22,2026-05-22,,P00559,W019,-1596520.0,0.0,0.0,0.0,98.66,Critical,Negative closing stock; Unusual inventory movement; Unusual closing-stock change; Unusual inventory-value change; Negative inventory value,"Reconcile warehouse movement with purchase, sale and return records; physically validate stock."
Inventory,P00559-W019-2026-03-03,2026-03-03,,P00559,W019,-1596520.0,0.0,0.0,0.0,98.66,Critical,Negative closing stock; Unusual inventory movement; Unusual closing-stock change; Unusual inventory-value change; Negative inventory value,"Reconcile warehouse movement with purchase, sale and return records; physically validate stock."
Inventory,P00559-W019-2025-10-14,2025-10-14,,P00559,W019,-1596520.0,0.0,0.0,0.0,98.66,Critical,Negative closing stock; Unusual inventory movement; Unusual closing-stock change; Unusual inventory-value change; Negative inventory value,"Reconcile warehouse movement with purchase, sale and return records; physically validate stock."
Inventory,P00059-W019-2026-01-22,2026-01-22,,P00059,W019,-1589840.0,0.0,0.0,0.0,98.65,Critical,Negative closing stock; Unusual inventory movement; Unusual closing-stock change; Unusual inventory-value change; Negative inventory value,"Reconcile warehouse movement with purchase, sale and return records; physically validate stock."
Inventory,P00558-W018-2026-02-15,2026-02-15,,P00558,W018,-1537380.0,0.0,0.0,0.0,98.64,Critical,Negative closing stock; Unusual inventory movement; Unusual closing-stock change; Unusual inventory-value change; Negative inventory value,"Reconcile warehouse movement with purchase, sale and return records; physically validate stock."
Inventory,P00058-W018-2025-10-28,2025-10-28,,P00058,W018,-1537380.0,0.0,0.0,0.0,98.64,Critical,Negative closing stock; Unusual inventory movement; Unusual closing-stock change; Unusual inventory-value change; Negative inventory value,"Reconcile warehouse movement with purchase, sale and return records; physically validate stock."
Inventory,P00058-W018-2026-06-05,2026-06-05,,P00058,W018,-1537380.0,0.0,0.0,0.0,98.64,Critical,Negative closing stock; Unusual inventory movement; Unusual closing-stock change; Unusual inventory-value change; Negative inventory value,"Reconcile warehouse movement with purchase, sale and return records; physically validate stock."
Inventory,P00558-W018-2026-07-05,2026-07-05,,P00558,W018,-1537380.0,0.0,0.0,0.0,98.64,Critical,Negative closing stock; Unusual inventory movement; Unusual closing-stock change; Unusual inventory-value change; Negative inventory value,"Reconcile warehouse movement with purchase, sale and return records; physically validate stock."
Inventory,P00558-W018-2025-11-27,2025-11-27,,P00558,W018,-1537380.0,0.0,0.0,0.0,98.64,Critical,Negative closing stock; Unusual inventory movement; Unusual closing-stock change; Unusual inventory-value change; Negative inventory value,"Reconcile warehouse movement with purchase, sale and return records; physically validate stock."
Inventory,P00058-W018-2026-03-17,2026-03-17,,P00058,W018,-1537380.0,0.0,0.0,0.0,98.64,Critical,Negative closing stock; Unusual inventory movement; Unusual closing-stock change; Unusual inventory-value change; Negative inventory value,"Reconcile warehouse movement with purchase, sale and return records; physically validate stock."
Inventory,P00559-W019-2025-09-24,2025-09-24,,P00559,W019,-1583160.0,0.0,0.0,0.0,98.63,Critical,Negative closing stock; Unusual inventory movement; Unusual closing-stock change; Unusual inventory-value change; Negative inventory value,"Reconcile warehouse movement with purchase, sale and return records; physically validate stock."
Inventory,P00558-W018-2025-11-17,2025-11-17,,P00558,W018,-1530810.0,0.0,0.0,0.0,98.62,Critical,Negative closing stock; Unusual inventory movement; Unusual closing-stock change; Unusual inventory-value change; Negative inventory value,"Reconcile warehouse movement with purchase, sale and return records; physically validate stock."
Inventory,P00058-W018-2026-07-30,2026-07-30,,P00058,W018,-1530810.0,0.0,0.0,0.0,98.62,Critical,Negative closing stock; Unusual inventory movement; Unusual closing-stock change; Unusual inventory-value change; Negative inventory value,"Reconcile warehouse movement with purchase, sale and return records; physically validate stock."
Inventory,P00058-W018-2025-10-18,2025-10-18,,P00058,W018,-1530810.0,0.0,0.0,0.0,98.62,Critical,Negative closing stock; Unusual inventory movement; Unusual closing-stock change; Unusual inventory-value change; Negative inventory value,"Reconcile warehouse movement with purchase, sale and return records; physically validate stock."
Inventory,P00558-W018-2026-06-25,2026-06-25,,P00558,W018,-1530810.0,0.0,0.0,0.0,98.62,Critical,Negative closing stock; Unusual inventory movement; Unusual closing-stock change; Unusual inventory-value change; Negative inventory value,"Reconcile warehouse movement with purchase, sale and return records; physically validate stock."
Inventory,P00558-W018-2026-02-05,2026-02-05,,P00558,W018,-1530810.0,0.0,0.0,0.0,98.62,Critical,Negative closing stock; Unusual inventory movement; Unusual closing-stock change; Unusual inventory-value change; Negative inventory value,"Reconcile warehouse movement with purchase, sale and return records; physically validate stock."
Inventory,P00058-W018-2026-03-07,2026-03-07,,P00058,W018,-1530810.0,0.0,0.0,0.0,98.62,Critical,Negative closing stock; Unusual inventory movement; Unusual closing-stock change; Unusual inventory-value change; Negative inventory value,"Reconcile warehouse movement with purchase, sale and return records; physically validate stock."
Inventory,P00060-W020-2026-06-27,2026-06-27,,P00060,W020,-1643180.0,0.0,0.0,0.0,98.61,Critical,Negative closing stock; Unusual inventory movement; Unusual closing-stock change; Unusual inventory-value change; Negative inventory value,"Reconcile warehouse movement with purchase, sale and return records; physically validate stock."
Inventory,P00560-W020-2026-03-04,2026-03-04,,P00560,W020,-1643180.0,0.0,0.0,0.0,98.61,Critical,Negative closing stock; Unusual inventory movement; Unusual closing-stock change; Unusual inventory-value change; Negative inventory value,"Reconcile warehouse movement with purchase, sale and return records; physically validate stock."
Inventory,P00560-W020-2025-10-15,2025-10-15,,P00560,W020,-1643180.0,0.0,0.0,0.0,98.61,Critical,Negative closing stock; Unusual inventory movement; Unusual closing-stock change; Unusual inventory-value change; Negative inventory value,"Reconcile warehouse movement with purchase, sale and return records; physically validate stock."
Inventory,P00057-W017-2026-06-04,2026-06-04,,P00057,W017,-1492260.0,0.0,0.0,0.0,98.6,Critical,Negative closing stock; Unusual inventory movement; Unusual closing-stock change; Unusual inventory-value change; Negative inventory value,"Reconcile warehouse movement with purchase, sale and return records; physically validate stock."
Inventory,P00557-W017-2026-02-14,2026-02-14,,P00557,W017,-1492260.0,0.0,0.0,0.0,98.6,Critical,Negative closing stock; Unusual inventory movement; Unusual closing-stock change; Unusual inventory-value change; Negative inventory value,"Reconcile warehouse movement with purchase, sale and return records; physically validate stock."
Inventory,P00057-W017-2025-10-27,2025-10-27,,P00057,W017,-1492260.0,0.0,0.0,0.0,98.6,Critical,Negative closing stock; Unusual inventory movement; Unusual closing-stock change; Unusual inventory-value change; Negative inventory value,"Reconcile warehouse movement with purchase, sale and return records; physically validate stock."
Inventory,P00059-W019-2026-08-15,2026-08-15,,P00059,W019,-1576480.0,0.0,0.0,0.0,98.6,Critical,Negative closing stock; Unusual inventory movement; Unusual closing-stock change; Unusual inventory-value change; Negative inventory value,"Reconcile warehouse movement with purchase, sale and return records; physically validate stock."
Inventory,P00059-W019-2026-05-27,2026-05-27,,P00059,W019,-1576480.0,0.0,0.0,0.0,98.6,Critical,Negative closing stock; Unusual inventory movement; Unusual closing-stock change; Unusual inventory-value change; Negative inventory value,"Reconcile warehouse movement with purchase, sale and return records; physically validate stock."
Inventory,P00559-W019-2026-04-27,2026-04-27,,P00559,W019,-1576480.0,0.0,0.0,0.0,98.6,Critical,Negative closing stock; Unusual inventory movement; Unusual closing-stock change; Unusual inventory-value change; Negative inventory value,"Reconcile warehouse movement with purchase, sale and return records; physically validate stock."
Inventory,P00059-W019-2026-01-07,2026-01-07,,P00059,W019,-1576480.0,0.0,0.0,0.0,98.6,Critical,Negative closing stock; Unusual inventory movement; Unusual closing-stock change; Unusual inventory-value change; Negative inventory value,"Reconcile warehouse movement with purchase, sale and return records; physically validate stock."
Inventory,P00560-W020-2025-10-05,2025-10-05,,P00560,W020,-1636390.0,0.0,0.0,0.0,98.6,Critical,Negative closing stock; Unusual inventory movement; Unusual closing-stock change; Unusual inventory-value change; Negative inventory value,"Reconcile warehouse movement with purchase, sale and return records; physically validate stock."
Inventory,P00060-W020-2025-11-04,2025-11-04,,P00060,W020,-1636390.0,0.0,0.0,0.0,98.6,Critical,Negative closing stock; Unusual inventory movement; Unusual closing-stock change; Unusual inventory-value change; Negative inventory value,"Reconcile warehouse movement with purchase, sale and return records; physically validate stock."
Inventory,P00060-W020-2026-06-17,2026-06-17,,P00060,W020,-1636390.0,0.0,0.0,0.0,98.6,Critical,Negative closing stock; Unusual inventory movement; Unusual closing-stock change; Unusual inventory-value change; Negative inventory value,"Reconcile warehouse movement with purchase, sale and return records; physically validate stock."
Inventory,P00560-W020-2026-02-27,2026-02-27,,P00560,W020,-1636390.0,0.0,0.0,0.0,98.6,Critical,Negative closing stock; Unusual inventory movement; Unusual closing-stock change; Unusual inventory-value change; Negative inventory value,"Reconcile warehouse movement with purchase, sale and return records; physically validate stock."
Inventory,P00558-W018-2026-04-01,2026-04-01,,P00558,W018,-1524240.0,0.0,0.0,0.0,98.59,Critical,Negative closing stock; Unusual inventory movement; Unusual closing-stock change; Unusual inventory-value change; Negative inventory value,"Reconcile warehouse movement with purchase, sale and return records; physically validate stock."
Inventory,P00058-W018-2026-02-25,2026-02-25,,P00058,W018,-1524240.0,0.0,0.0,0.0,98.59,Critical,Negative closing stock; Unusual inventory movement; Unusual closing-stock change; Unusual inventory-value change; Negative inventory value,"Reconcile warehouse movement with purchase, sale and return records; physically validate stock."
Inventory,P00558-W018-2025-11-07,2025-11-07,,P00558,W018,-1524240.0,0.0,0.0,0.0,98.59,Critical,Negative closing stock; Unusual inventory movement; Unusual closing-stock change; Unusual inventory-value change; Negative inventory value,"Reconcile warehouse movement with purchase, sale and return records; physically validate stock."
Inventory,P00058-W018-2025-10-08,2025-10-08,,P00058,W018,-1524240.0,0.0,0.0,0.0,98.59,Critical,Negative closing stock; Unusual inventory movement; Unusual closing-stock change; Unusual inventory-value change; Negative inventory value,"Reconcile warehouse movement with purchase, sale and return records; physically validate stock."
Inventory,P00058-W018-2026-07-20,2026-07-20,,P00058,W018,-1524240.0,0.0,0.0,0.0,98.59,Critical,Negative closing stock; Unusual inventory movement; Unusual closing-stock change; Unusual inventory-value change; Negative inventory value,"Reconcile warehouse movement with purchase, sale and return records; physically validate stock."
Inventory,P00558-W018-2026-06-20,2026-06-20,,P00558,W018,-1524240.0,0.0,0.0,0.0,98.59,Critical,Negative closing stock; Unusual inventory movement; Unusual closing-stock change; Unusual inventory-value change; Negative inventory value,"Reconcile warehouse movement with purchase, sale and return records; physically validate stock."
Inventory,P00560-W020-2026-02-17,2026-02-17,,P00560,W020,-1629600.0,0.0,0.0,0.0,98.58,Critical,Negative closing stock; Unusual inventory movement; Unusual closing-stock change; Unusual inventory-value change; Negative inventory value,"Reconcile warehouse movement with purchase, sale and return records; physically validate stock."
Inventory,P00560-W020-2026-07-07,2026-07-07,,P00560,W020,-1629600.0,0.0,0.0,0.0,98.58,Critical,Negative closing stock; Unusual inventory movement; Unusual closing-stock change; Unusual inventory-value change; Negative inventory value,"Reconcile warehouse movement with purchase, sale and return records; physically validate stock."
Inventory,P00060-W020-2025-10-30,2025-10-30,,P00060,W020,-1629600.0,0.0,0.0,0.0,98.58,Critical,Negative closing stock; Unusual inventory movement; Unusual closing-stock change; Unusual inventory-value change; Negative inventory value,"Reconcile warehouse movement with purchase, sale and return records; physically validate stock."
Inventory,P00060-W020-2026-06-07,2026-06-07,,P00060,W020,-1629600.0,0.0,0.0,0.0,98.58,Critical,Negative closing stock; Unusual inventory movement; Unusual closing-stock change; Unusual inventory-value change; Negative inventory value,"Reconcile warehouse movement with purchase, sale and return records; physically validate stock."
Inventory,P00559-W019-2026-04-17,2026-04-17,,P00559,W019,-1569800.0,0.0,0.0,0.0,98.58,Critical,Negative closing stock; Unusual inventory movement; Unusual closing-stock change; Unusual inventory-value change; Negative inventory value,"Reconcile warehouse movement with purchase, sale and return records; physically validate stock."
Inventory,P00558-W018-2026-06-10,2026-06-10,,P00558,W018,-1517670.0,0.0,0.0,0.0,98.57,Critical,Negative closing stock; Unusual inventory movement; Unusual closing-stock change; Unusual inventory-value change; Negative inventory value,"Reconcile warehouse movement with purchase, sale and return records; physically validate stock."
Inventory,P00058-W018-2026-02-20,2026-02-20,,P00058,W018,-1517670.0,0.0,0.0,0.0,98.57,Critical,Negative closing stock; Unusual inventory movement; Unusual closing-stock change; Unusual inventory-value change; Negative inventory value,"Reconcile warehouse movement with purchase, sale and return records; physically validate stock."
Inventory,P00559-W019-2026-04-07,2026-04-07,,P00559,W019,-1563120.0,0.0,0.0,0.0,98.56,Critical,Negative closing stock; Unusual inventory movement; Unusual closing-stock change; Unusual inventory-value change; Negative inventory value,"Reconcile warehouse movement with purchase, sale and return records; physically validate stock."
Inventory,P00059-W019-2025-12-18,2025-12-18,,P00059,W019,-1563120.0,0.0,0.0,0.0,98.56,Critical,Negative closing stock; Unusual inventory movement; Unusual closing-stock change; Unusual inventory-value change; Negative inventory value,"Reconcile warehouse movement with purchase, sale and return records; physically validate stock."
Inventory,P00558-W018-2025-10-23,2025-10-23,,P00558,W018,-1511100.0,0.0,0.0,0.0,98.55,Critical,Negative closing stock; Unusual inventory movement; Unusual closing-stock change; Unusual inventory-value change; Negative inventory value,"Reconcile warehouse movement with purchase, sale and return records; physically validate stock."
Inventory,P00058-W018-2026-02-10,2026-02-10,,P00058,W018,-1511100.0,0.0,0.0,0.0,98.55,Critical,Negative closing stock; Unusual inventory movement; Unusual closing-stock change; Unusual inventory-value change; Negative inventory value,"Reconcile warehouse movement with purchase, sale and return records; physically validate stock."
Inventory,P00060-W020-2026-01-08,2026-01-08,,P00060,W020,-1622810.0,0.0,0.0,0.0,98.54,Critical,Negative closing stock; Unusual inventory movement; Unusual closing-stock change; Unusual inventory-value change; Negative inventory value,"Reconcile warehouse movement with purchase, sale and return records; physically validate stock."
Inventory,P00560-W020-2026-04-28,2026-04-28,,P00560,W020,-1622810.0,0.0,0.0,0.0,98.54,Critical,Negative closing stock; Unusual inventory movement; Unusual closing-stock change; Unusual inventory-value change; Negative inventory value,"Reconcile warehouse movement with purchase, sale and return records; physically validate stock."
Inventory,P00560-W020-2026-02-07,2026-02-07,,P00560,W020,-1622810.0,0.0,0.0,0.0,98.54,Critical,Negative closing stock; Unusual inventory movement; Unusual closing-stock change; Unusual inventory-value change; Negative inventory value,"Reconcile warehouse movement with purchase, sale and return records; physically validate stock."
Inventory,P00060-W020-2025-10-20,2025-10-20,,P00060,W020,-1622810.0,0.0,0.0,0.0,98.54,Critical,Negative closing stock; Unusual inventory movement; Unusual closing-stock change; Unusual inventory-value change; Negative inventory value,"Reconcile warehouse movement with purchase, sale and return records; physically validate stock."
Inventory,P00060-W020-2026-05-28,2026-05-28,,P00060,W020,-1622810.0,0.0,0.0,0.0,98.54,Critical,Negative closing stock; Unusual inventory movement; Unusual closing-stock change; Unusual inventory-value change; Negative inventory value,"Reconcile warehouse movement with purchase, sale and return records; physically validate stock."
Inventory,P00058-W018-2026-06-25,2026-06-25,,P00058,W018,-1504530.0,0.0,0.0,0.0,98.54,Critical,Negative closing stock; Unusual inventory movement; Unusual closing-stock change; Unusual inventory-value change; Negative inventory value,"Reconcile warehouse movement with purchase, sale and return records; physically validate stock."
Inventory,P00558-W018-2025-10-13,2025-10-13,,P00558,W018,-1504530.0,0.0,0.0,0.0,98.54,Critical,Negative closing stock; Unusual inventory movement; Unusual closing-stock change; Unusual inventory-value change; Negative inventory value,"Reconcile warehouse movement with purchase, sale and return records; physically validate stock."
Inventory,P00059-W019-2025-12-08,2025-12-08,,P00059,W019,-1556440.0,0.0,0.0,0.0,98.53,Critical,Negative closing stock; Unusual inventory movement; Unusual closing-stock change; Unusual inventory-value change; Negative inventory value,"Reconcile warehouse movement with purchase, sale and return records; physically validate stock."
Inventory,P00559-W019-2026-08-20,2026-08-20,,P00559,W019,-1556440.0,0.0,0.0,0.0,98.53,Critical,Negative closing stock; Unusual inventory movement; Unusual closing-stock change; Unusual inventory-value change; Negative inventory value,"Reconcile warehouse movement with purchase, sale and return records; physically validate stock."
Inventory,P00060-W020-2025-12-29,2025-12-29,,P00060,W020,-1616020.0,0.0,0.0,0.0,98.52,Critical,Negative closing stock; Unusual inventory movement; Unusual closing-stock change; Unusual inventory-value change; Negative inventory value,"Reconcile warehouse movement with purchase, sale and return records; physically validate stock."
Inventory,P00060-W020-2025-10-10,2025-10-10,,P00060,W020,-1616020.0,0.0,0.0,0.0,98.52,Critical,Negative closing stock; Unusual inventory movement; Unusual closing-stock change; Unusual inventory-value change; Negative inventory value,"Reconcile warehouse movement with purchase, sale and return records; physically validate stock."
Inventory,P00060-W020-2026-05-18,2026-05-18,,P00060,W020,-1616020.0,0.0,0.0,0.0,98.52,Critical,Negative closing stock; Unusual inventory movement; Unusual closing-stock change; Unusual inventory-value change; Negative inventory value,"Reconcile warehouse movement with purchase, sale and return records; physically validate stock."
Inventory,P00560-W020-2026-06-22,2026-06-22,,P00560,W020,-1616020.0,0.0,0.0,0.0,98.52,Critical,Negative closing stock; Unusual inventory movement; Unusual closing-stock change; Unusual inventory-value change; Negative inventory value,"Reconcile warehouse movement with purchase, sale and return records; physically validate stock."
Inventory,P00560-W020-2025-09-10,2025-09-10,,P00560,W020,-1616020.0,0.0,0.0,0.0,98.52,Critical,Negative closing stock; Unusual inventory movement; Unusual closing-stock change; Unusual inventory-value change; Negative inventory value,"Reconcile warehouse movement with purchase, sale and return records; physically validate stock."
Inventory,P00560-W020-2026-01-28,2026-01-28,,P00560,W020,-1616020.0,0.0,0.0,0.0,98.52,Critical,Negative closing stock; Unusual inventory movement; Unusual closing-stock change; Unusual inventory-value change; Negative inventory value,"Reconcile warehouse movement with purchase, sale and return records; physically validate stock."
Inventory,P00060-W020-2026-05-13,2026-05-13,,P00060,W020,-1609230.0,0.0,0.0,0.0,98.5,Critical,Negative closing stock; Unusual inventory movement; Unusual closing-stock change; Unusual inventory-value change; Negative inventory value,"Reconcile warehouse movement with purchase, sale and return records; physically validate stock."
Inventory,P00060-W020-2025-09-30,2025-09-30,,P00060,W020,-1609230.0,0.0,0.0,0.0,98.5,Critical,Negative closing stock; Unusual inventory movement; Unusual closing-stock change; Unusual inventory-value change; Negative inventory value,"Reconcile warehouse movement with purchase, sale and return records; physically validate stock."
Inventory,P00560-W020-2026-06-12,2026-06-12,,P00560,W020,-1609230.0,0.0,0.0,0.0,98.5,Critical,Negative closing stock; Unusual inventory movement; Unusual closing-stock change; Unusual inventory-value change; Negative inventory value,"Reconcile warehouse movement with purchase, sale and return records; physically validate stock."
Inventory,P00560-W020-2026-08-31,2026-08-31,,P00560,W020,-1609230.0,0.0,0.0,0.0,98.5,Critical,Negative closing stock; Unusual inventory movement; Unusual closing-stock change; Unusual inventory-value change; Negative inventory value,"Reconcile warehouse movement with purchase, sale and return records; physically validate stock."
Inventory,P00560-W020-2026-01-18,2026-01-18,,P00560,W020,-1609230.0,0.0,0.0,0.0,98.5,Critical,Negative closing stock; Unusual inventory movement; Unusual closing-stock change; Unusual inventory-value change; Negative inventory value,"Reconcile warehouse movement with purchase, sale and return records; physically validate stock."
Inventory,P00060-W020-2026-02-22,2026-02-22,,P00060,W020,-1609230.0,0.0,0.0,0.0,98.5,Critical,Negative closing stock; Unusual inventory movement; Unusual closing-stock change; Unusual inventory-value change; Negative inventory value,"Reconcile warehouse movement with purchase, sale and return records; physically validate stock."
Inventory,P00060-W020-2026-05-03,2026-05-03,,P00060,W020,-1602440.0,0.0,0.0,0.0,98.48,Critical,Negative closing stock; Unusual inventory movement; Unusual closing-stock change; Unusual inventory-value change; Negative inventory value,"Reconcile warehouse movement with purchase, sale and return records; physically validate stock."
Inventory,P00560-W020-2026-01-13,2026-01-13,,P00560,W020,-1602440.0,0.0,0.0,0.0,98.48,Critical,Negative closing stock; Unusual inventory movement; Unusual closing-stock change; Unusual inventory-value change; Negative inventory value,"Reconcile warehouse movement with purchase, sale and return records; physically validate stock."
Inventory,P00560-W020-2026-08-21,2026-08-21,,P00560,W020,-1602440.0,0.0,0.0,0.0,98.48,Critical,Negative closing stock; Unusual inventory movement; Unusual closing-stock change; Unusual inventory-value change; Negative inventory value,"Reconcile warehouse movement with purchase, sale and return records; physically validate stock."
Inventory,P00060-W020-2025-12-09,2025-12-09,,P00060,W020,-1602440.0,0.0,0.0,0.0,98.48,Critical,Negative closing stock; Unusual inventory movement; Unusual closing-stock change; Unusual inventory-value change; Negative inventory value,"Reconcile warehouse movement with purchase, sale and return records; physically validate stock."
Inventory,P00058-W018-2026-01-21,2026-01-21,,P00058,W018,-1543950.0,0.0,0.0,0.0,98.48,Critical,Negative closing stock; Unusual inventory movement; Unusual closing-stock change; Unusual inventory-value change; Negative inventory value,"Reconcile warehouse movement with purchase, sale and return records; physically validate stock."
Inventory,P00056-W016-2025-10-16,2025-10-16,,P00056,W016,-1441450.0,0.0,0.0,0.0,98.48,Critical,Negative closing stock; Unusual inventory movement; Unusual closing-stock change; Unusual inventory-value change; Negative inventory value,"Reconcile warehouse movement with purchase, sale and return records; physically validate stock."
Inventory,P00556-W016-2026-02-03,2026-02-03,,P00556,W016,-1441450.0,0.0,0.0,0.0,98.48,Critical,Negative closing stock; Unusual inventory movement; Unusual closing-stock change; Unusual inventory-value change; Negative inventory value,"Reconcile warehouse movement with purchase, sale and return records; physically validate stock."
Inventory,P00557-W017-2026-02-04,2026-02-04,,P00557,W017,-1485800.0,0.0,0.0,0.0,98.47,Critical,Negative closing stock; Unusual inventory movement; Unusual closing-stock change; Unusual inventory-value change; Negative inventory value,"Reconcile warehouse movement with purchase, sale and return records; physically validate stock."
Inventory,P00057-W017-2025-10-17,2025-10-17,,P00057,W017,-1485800.0,0.0,0.0,0.0,98.47,Critical,Negative closing stock; Unusual inventory movement; Unusual closing-stock change; Unusual inventory-value change; Negative inventory value,"Reconcile warehouse movement with purchase, sale and return records; physically validate stock."
Inventory,P00558-W018-2025-09-23,2025-09-23,,P00558,W018,-1537380.0,0.0,0.0,0.0,98.46,Critical,Negative closing stock; Unusual inventory movement; Unusual closing-stock change; Unusual inventory-value change; Negative inventory value,"Reconcile warehouse movement with purchase, sale and return records; physically validate stock."
Inventory,P00557-W017-2026-06-19,2026-06-19,,P00557,W017,-1479340.0,0.0,0.0,0.0,98.46,Critical,Negative closing stock; Unusual inventory movement; Unusual closing-stock change; Unusual inventory-value change; Negative inventory value,"Reconcile warehouse movement with purchase, sale and return records; physically validate stock."
Inventory,P00057-W017-2025-10-07,2025-10-07,,P00057,W017,-1479340.0,0.0,0.0,0.0,98.46,Critical,Negative closing stock; Unusual inventory movement; Unusual closing-stock change; Unusual inventory-value change; Negative inventory value,"Reconcile warehouse movement with purchase, sale and return records; physically validate stock."
Inventory,P00060-W020-2025-09-15,2025-09-15,,P00060,W020,-1595650.0,0.0,0.0,0.0,98.45,Critical,Negative closing stock; Unusual inventory movement; Unusual closing-stock change; Unusual inventory-value change; Negative inventory value,"Reconcile warehouse movement with purchase, sale and return records; physically validate stock."
Inventory,P00560-W020-2026-08-11,2026-08-11,,P00560,W020,-1595650.0,0.0,0.0,0.0,98.45,Critical,Negative closing stock; Unusual inventory movement; Unusual closing-stock change; Unusual inventory-value change; Negative inventory value,"Reconcile warehouse movement with purchase, sale and return records; physically validate stock."
Inventory,P00060-W020-2026-04-23,2026-04-23,,P00060,W020,-1595650.0,0.0,0.0,0.0,98.45,Critical,Negative closing stock; Unusual inventory movement; Unusual closing-stock change; Unusual inventory-value change; Negative inventory value,"Reconcile warehouse movement with purchase, sale and return records; physically validate stock."
Inventory,P00560-W020-2026-01-03,2026-01-03,,P00560,W020,-1595650.0,0.0,0.0,0.0,98.45,Critical,Negative closing stock; Unusual inventory movement; Unusual closing-stock change; Unusual inventory-value change; Negative inventory value,"Reconcile warehouse movement with purchase, sale and return records; physically validate stock."
Inventory,P00058-W018-2026-05-26,2026-05-26,,P00058,W018,-1530810.0,0.0,0.0,0.0,98.45,Critical,Negative closing stock; Unusual inventory movement; Unusual closing-stock change; Unusual inventory-value change; Negative inventory value,"Reconcile warehouse movement with purchase, sale and return records; physically validate stock."
Inventory,P00057-W017-2026-02-19,2026-02-19,,P00057,W017,-1472880.0,0.0,0.0,0.0,98.44,Critical,Negative closing stock; Unusual inventory movement; Unusual closing-stock change; Unusual inventory-value change; Negative inventory value,"Reconcile warehouse movement with purchase, sale and return records; physically validate stock."
Inventory,P00557-W017-2026-06-09,2026-06-09,,P00557,W017,-1472880.0,0.0,0.0,0.0,98.44,Critical,Negative closing stock; Unusual inventory movement; Unusual closing-stock change; Unusual inventory-value change; Negative inventory value,"Reconcile warehouse movement with purchase, sale and return records; physically validate stock."
Inventory,P00559-W019-2026-02-26,2026-02-26,,P00559,W019,-1589840.0,0.0,0.0,0.0,98.44,Critical,Negative closing stock; Unusual inventory movement; Unusual closing-stock change; Unusual inventory-value change; Negative inventory value,"Reconcile warehouse movement with purchase, sale and return records; physically validate stock."
Inventory,P00059-W019-2026-06-16,2026-06-16,,P00059,W019,-1589840.0,0.0,0.0,0.0,98.44,Critical,Negative closing stock; Unusual inventory movement; Unusual closing-stock change; Unusual inventory-value change; Negative inventory value,"Reconcile warehouse movement with purchase, sale and return records; physically validate stock."
Inventory,P00559-W019-2025-10-04,2025-10-04,,P00559,W019,-1589840.0,0.0,0.0,0.0,98.44,Critical,Negative closing stock; Unusual inventory movement; Unusual closing-stock change; Unusual inventory-value change; Negative inventory value,"Reconcile warehouse movement with purchase, sale and return records; physically validate stock."
Inventory,P00059-W019-2025-11-03,2025-11-03,,P00059,W019,-1589840.0,0.0,0.0,0.0,98.44,Critical,Negative closing stock; Unusual inventory movement; Unusual closing-stock change; Unusual inventory-value change; Negative inventory value,"Reconcile warehouse movement with purchase, sale and return records; physically validate stock."
Inventory,P00060-W020-2026-04-13,2026-04-13,,P00060,W020,-1588860.0,0.0,0.0,0.0,98.43,Critical,Negative closing stock; Unusual inventory movement; Unusual closing-stock change; Unusual inventory-value change; Negative inventory value,"Reconcile warehouse movement with purchase, sale and return records; physically validate stock."
Inventory,P00560-W020-2026-05-18,2026-05-18,,P00560,W020,-1588860.0,0.0,0.0,0.0,98.43,Critical,Negative closing stock; Unusual inventory movement; Unusual closing-stock change; Unusual inventory-value change; Negative inventory value,"Reconcile warehouse movement with purchase, sale and return records; physically validate stock."
Inventory,P00058-W018-2026-05-16,2026-05-16,,P00058,W018,-1524240.0,0.0,0.0,0.0,98.43,Critical,Negative closing stock; Unusual inventory movement; Unusual closing-stock change; Unusual inventory-value change; Negative inventory value,"Reconcile warehouse movement with purchase, sale and return records; physically validate stock."
Inventory,P00558-W018-2026-04-16,2026-04-16,,P00558,W018,-1524240.0,0.0,0.0,0.0,98.43,Critical,Negative closing stock; Unusual inventory movement; Unusual closing-stock change; Unusual inventory-value change; Negative inventory value,"Reconcile warehouse movement with purchase, sale and return records; physically validate stock."
Inventory,P00558-W018-2026-01-26,2026-01-26,,P00558,W018,-1524240.0,0.0,0.0,0.0,98.43,Critical,Negative closing stock; Unusual inventory movement; Unusual closing-stock change; Unusual inventory-value change; Negative inventory value,"Reconcile warehouse movement with purchase, sale and return records; physically validate stock."
Inventory,P00058-W018-2025-12-27,2025-12-27,,P00058,W018,-1524240.0,0.0,0.0,0.0,98.43,Critical,Negative closing stock; Unusual inventory movement; Unusual closing-stock change; Unusual inventory-value change; Negative inventory value,"Reconcile warehouse movement with purchase, sale and return records; physically validate stock."
Inventory,P00558-W018-2025-09-08,2025-09-08,,P00558,W018,-1524240.0,0.0,0.0,0.0,98.43,Critical,Negative closing stock; Unusual inventory movement; Unusual closing-stock change; Unusual inventory-value change; Negative inventory value,"Reconcile warehouse movement with purchase, sale and return records; physically validate stock."
Inventory,P00559-W019-2026-02-16,2026-02-16,,P00559,W019,-1583160.0,0.0,0.0,0.0,98.42,Critical,Negative closing stock; Unusual inventory movement; Unusual closing-stock change; Unusual inventory-value change; Negative inventory value,"Reconcile warehouse movement with purchase, sale and return records; physically validate stock."
Inventory,P00059-W019-2025-10-29,2025-10-29,,P00059,W019,-1583160.0,0.0,0.0,0.0,98.42,Critical,Negative closing stock; Unusual inventory movement; Unusual closing-stock change; Unusual inventory-value change; Negative inventory value,"Reconcile warehouse movement with purchase, sale and return records; physically validate stock."
Inventory,P00059-W019-2026-06-06,2026-06-06,,P00059,W019,-1583160.0,0.0,0.0,0.0,98.42,Critical,Negative closing stock; Unusual inventory movement; Unusual closing-stock change; Unusual inventory-value change; Negative inventory value,"Reconcile warehouse movement with purchase, sale and return records; physically validate stock."
Inventory,P00559-W019-2026-07-06,2026-07-06,,P00559,W019,-1583160.0,0.0,0.0,0.0,98.42,Critical,Negative closing stock; Unusual inventory movement; Unusual closing-stock change; Unusual inventory-value change; Negative inventory value,"Reconcile warehouse movement with purchase, sale and return records; physically validate stock."
Inventory,P00557-W017-2025-10-22,2025-10-22,,P00557,W017,-1466420.0,0.0,0.0,0.0,98.42,Critical,Negative closing stock; Unusual inventory movement; Unusual closing-stock change; Unusual inventory-value change; Negative inventory value,"Reconcile warehouse movement with purchase, sale and return records; physically validate stock."
Inventory,P00057-W017-2026-02-09,2026-02-09,,P00057,W017,-1466420.0,0.0,0.0,0.0,98.42,Critical,Negative closing stock; Unusual inventory movement; Unusual closing-stock change; Unusual inventory-value change; Negative inventory value,"Reconcile warehouse movement with purchase, sale and return records; physically validate stock."
Inventory,P00558-W018-2026-04-06,2026-04-06,,P00558,W018,-1517670.0,0.0,0.0,0.0,98.41,Critical,Negative closing stock; Unusual inventory movement; Unusual closing-stock change; Unusual inventory-value change; Negative inventory value,"Reconcile warehouse movement with purchase, sale and return records; physically validate stock."
Inventory,P00058-W018-2025-12-17,2025-12-17,,P00058,W018,-1517670.0,0.0,0.0,0.0,98.41,Critical,Negative closing stock; Unusual inventory movement; Unusual closing-stock change; Unusual inventory-value change; Negative inventory value,"Reconcile warehouse movement with purchase, sale and return records; physically validate stock."
Inventory,P00057-W017-2026-06-24,2026-06-24,,P00057,W017,-1459960.0,0.0,0.0,0.0,98.4,Critical,Negative closing stock; Unusual inventory movement; Unusual closing-stock change; Unusual inventory-value change; Negative inventory value,"Reconcile warehouse movement with purchase, sale and return records; physically validate stock."
Inventory,P00557-W017-2025-10-12,2025-10-12,,P00557,W017,-1459960.0,0.0,0.0,0.0,98.4,Critical,Negative closing stock; Unusual inventory movement; Unusual closing-stock change; Unusual inventory-value change; Negative inventory value,"Reconcile warehouse movement with purchase, sale and return records; physically validate stock."
Inventory,P00059-W019-2026-03-08,2026-03-08,,P00059,W019,-1576480.0,0.0,0.0,0.0,98.39,Critical,Negative closing stock; Unusual inventory movement; Unusual closing-stock change; Unusual inventory-value change; Negative inventory value,"Reconcile warehouse movement with purchase, sale and return records; physically validate stock."
Inventory,P00559-W019-2026-06-26,2026-06-26,,P00559,W019,-1576480.0,0.0,0.0,0.0,98.39,Critical,Negative closing stock; Unusual inventory movement; Unusual closing-stock change; Unusual inventory-value change; Negative inventory value,"Reconcile warehouse movement with purchase, sale and return records; physically validate stock."
Inventory,P00559-W019-2026-02-06,2026-02-06,,P00559,W019,-1576480.0,0.0,0.0,0.0,98.39,Critical,Negative closing stock; Unusual inventory movement; Unusual closing-stock change; Unusual inventory-value change; Negative inventory value,"Reconcile warehouse movement with purchase, sale and return records; physically validate stock."
Inventory,P00059-W019-2025-10-19,2025-10-19,,P00059,W019,-1576480.0,0.0,0.0,0.0,98.39,Critical,Negative closing stock; Unusual inventory movement; Unusual closing-stock change; Unusual inventory-value change; Negative inventory value,"Reconcile warehouse movement with purchase, sale and return records; physically validate stock."
Inventory,P00058-W018-2025-12-07,2025-12-07,,P00058,W018,-1511100.0,0.0,0.0,0.0,98.39,Critical,Negative closing stock; Unusual inventory movement; Unusual closing-stock change; Unusual inventory-value change; Negative inventory value,"Reconcile warehouse movement with purchase, sale and return records; physically validate stock."
Inventory,P00558-W018-2026-08-19,2026-08-19,,P00558,W018,-1511100.0,0.0,0.0,0.0,98.39,Critical,Negative closing stock; Unusual inventory movement; Unusual closing-stock change; Unusual inventory-value change; Negative inventory value,"Reconcile warehouse movement with purchase, sale and return records; physically validate stock."
Inventory,P00557-W017-2026-02-24,2026-02-24,,P00557,W017,-1453500.0,0.0,0.0,0.0,98.38,Critical,Negative closing stock; Unusual inventory movement; Unusual closing-stock change; Unusual inventory-value change; Negative inventory value,"Reconcile warehouse movement with purchase, sale and return records; physically validate stock."
Inventory,P00557-W017-2025-10-02,2025-10-02,,P00557,W017,-1453500.0,0.0,0.0,0.0,98.38,Critical,Negative closing stock; Unusual inventory movement; Unusual closing-stock change; Unusual inventory-value change; Negative inventory value,"Reconcile warehouse movement with purchase, sale and return records; physically validate stock."
Inventory,P00057-W017-2026-06-14,2026-06-14,,P00057,W017,-1453500.0,0.0,0.0,0.0,98.38,Critical,Negative closing stock; Unusual inventory movement; Unusual closing-stock change; Unusual inventory-value change; Negative inventory value,"Reconcile warehouse movement with purchase, sale and return records; physically validate stock."
Inventory,P00558-W018-2026-08-09,2026-08-09,,P00558,W018,-1504530.0,0.0,0.0,0.0,98.37,Critical,Negative closing stock; Unusual inventory movement; Unusual closing-stock change; Unusual inventory-value change; Negative inventory value,"Reconcile warehouse movement with purchase, sale and return records; physically validate stock."
Inventory,P00058-W018-2026-04-21,2026-04-21,,P00058,W018,-1504530.0,0.0,0.0,0.0,98.37,Critical,Negative closing stock; Unusual inventory movement; Unusual closing-stock change; Unusual inventory-value change; Negative inventory value,"Reconcile warehouse movement with purchase, sale and return records; physically validate stock."
Inventory,P00559-W019-2026-01-27,2026-01-27,,P00559,W019,-1569800.0,0.0,0.0,0.0,98.37,Critical,Negative closing stock; Unusual inventory movement; Unusual closing-stock change; Unusual inventory-value change; Negative inventory value,"Reconcile warehouse movement with purchase, sale and return records; physically validate stock."
Inventory,P00059-W019-2025-10-09,2025-10-09,,P00059,W019,-1569800.0,0.0,0.0,0.0,98.37,Critical,Negative closing stock; Unusual inventory movement; Unusual closing-stock change; Unusual inventory-value change; Negative inventory value,"Reconcile warehouse movement with purchase, sale and return records; physically validate stock."
Inventory,P00059-W019-2025-12-28,2025-12-28,,P00059,W019,-1569800.0,0.0,0.0,0.0,98.37,Critical,Negative closing stock; Unusual inventory movement; Unusual closing-stock change; Unusual inventory-value change; Negative inventory value,"Reconcile warehouse movement with purchase, sale and return records; physically validate stock."
Inventory,P00559-W019-2025-09-09,2025-09-09,,P00559,W019,-1569800.0,0.0,0.0,0.0,98.37,Critical,Negative closing stock; Unusual inventory movement; Unusual closing-stock change; Unusual inventory-value change; Negative inventory value,"Reconcile warehouse movement with purchase, sale and return records; physically validate stock."
Inventory,P00559-W019-2026-06-21,2026-06-21,,P00559,W019,-1569800.0,0.0,0.0,0.0,98.37,Critical,Negative closing stock; Unusual inventory movement; Unusual closing-stock change; Unusual inventory-value change; Negative inventory value,"Reconcile warehouse movement with purchase, sale and return records; physically validate stock."
Inventory,P00059-W019-2026-05-17,2026-05-17,,P00059,W019,-1569800.0,0.0,0.0,0.0,98.37,Critical,Negative closing stock; Unusual inventory movement; Unusual closing-stock change; Unusual inventory-value change; Negative inventory value,"Reconcile warehouse movement with purchase, sale and return records; physically validate stock."
Inventory,P00059-W019-2026-02-21,2026-02-21,,P00059,W019,-1563120.0,0.0,0.0,0.0,98.35,Critical,Negative closing stock; Unusual inventory movement; Unusual closing-stock change; Unusual inventory-value change; Negative inventory value,"Reconcile warehouse movement with purchase, sale and return records; physically validate stock."
Inventory,P00059-W019-2026-05-12,2026-05-12,,P00059,W019,-1563120.0,0.0,0.0,0.0,98.35,Critical,Negative closing stock; Unusual inventory movement; Unusual closing-stock change; Unusual inventory-value change; Negative inventory value,"Reconcile warehouse movement with purchase, sale and return records; physically validate stock."
Inventory,P00559-W019-2026-01-17,2026-01-17,,P00559,W019,-1563120.0,0.0,0.0,0.0,98.35,Critical,Negative closing stock; Unusual inventory movement; Unusual closing-stock change; Unusual inventory-value change; Negative inventory value,"Reconcile warehouse movement with purchase, sale and return records; physically validate stock."
Inventory,P00559-W019-2026-08-30,2026-08-30,,P00559,W019,-1563120.0,0.0,0.0,0.0,98.35,Critical,Negative closing stock; Unusual inventory movement; Unusual closing-stock change; Unusual inventory-value change; Negative inventory value,"Reconcile warehouse movement with purchase, sale and return records; physically validate stock."
Inventory,P00559-W019-2026-06-11,2026-06-11,,P00559,W019,-1563120.0,0.0,0.0,0.0,98.35,Critical,Negative closing stock; Unusual inventory movement; Unusual closing-stock change; Unusual inventory-value change; Negative inventory value,"Reconcile warehouse movement with purchase, sale and return records; physically validate stock."
Inventory,P00059-W019-2025-09-29,2025-09-29,,P00059,W019,-1563120.0,0.0,0.0,0.0,98.35,Critical,Negative closing stock; Unusual inventory movement; Unusual closing-stock change; Unusual inventory-value change; Negative inventory value,"Reconcile warehouse movement with purchase, sale and return records; physically validate stock."
Inventory,P00160-W020-2025-10-20,2025-10-20,,P00160,W020,-991340.0,0.0,0.0,0.0,98.35,Critical,Negative closing stock; Unusual inventory movement; Unusual closing-stock change; Unusual inventory-value change; Negative inventory value,"Reconcile warehouse movement with purchase, sale and return records; physically validate stock."
Inventory,P00160-W020-2026-05-28,2026-05-28,,P00160,W020,-991340.0,0.0,0.0,0.0,98.35,Critical,Negative closing stock; Unusual inventory movement; Unusual closing-stock change; Unusual inventory-value change; Negative inventory value,"Reconcile warehouse movement with purchase, sale and return records; physically validate stock."
Inventory,P00660-W020-2026-02-07,2026-02-07,,P00660,W020,-991340.0,0.0,0.0,0.0,98.35,Critical,Negative closing stock; Unusual inventory movement; Unusual closing-stock change; Unusual inventory-value change; Negative inventory value,"Reconcile warehouse movement with purchase, sale and return records; physically validate stock."
Inventory,P00557-W017-2025-09-22,2025-09-22,,P00557,W017,-1492260.0,0.0,0.0,0.0,98.35,Critical,Negative closing stock; Unusual inventory movement; Unusual closing-stock change; Unusual inventory-value change; Negative inventory value,"Reconcile warehouse movement with purchase, sale and return records; physically validate stock."
Inventory,P00059-W019-2026-05-02,2026-05-02,,P00059,W019,-1556440.0,0.0,0.0,0.0,98.33,Critical,Negative closing stock; Unusual inventory movement; Unusual closing-stock change; Unusual inventory-value change; Negative inventory value,"Reconcile warehouse movement with purchase, sale and return records; physically validate stock."
Inventory,P00559-W019-2026-01-12,2026-01-12,,P00559,W019,-1556440.0,0.0,0.0,0.0,98.33,Critical,Negative closing stock; Unusual inventory movement; Unusual closing-stock change; Unusual inventory-value change; Negative inventory value,"Reconcile warehouse movement with purchase, sale and return records; physically validate stock."
Inventory,P00059-W019-2025-09-19,2025-09-19,,P00059,W019,-1556440.0,0.0,0.0,0.0,98.33,Critical,Negative closing stock; Unusual inventory movement; Unusual closing-stock change; Unusual inventory-value change; Negative inventory value,"Reconcile warehouse movement with purchase, sale and return records; physically validate stock."
Inventory,P00559-W019-2025-10-24,2025-10-24,,P00559,W019,-1556440.0,0.0,0.0,0.0,98.33,Critical,Negative closing stock; Unusual inventory movement; Unusual closing-stock change; Unusual inventory-value change; Negative inventory value,"Reconcile warehouse movement with purchase, sale and return records; physically validate stock."
Inventory,P00059-W019-2026-02-11,2026-02-11,,P00059,W019,-1556440.0,0.0,0.0,0.0,98.33,Critical,Negative closing stock; Unusual inventory movement; Unusual closing-stock change; Unusual inventory-value change; Negative inventory value,"Reconcile warehouse movement with purchase, sale and return records; physically validate stock."
Inventory,P00559-W019-2026-06-01,2026-06-01,,P00559,W019,-1556440.0,0.0,0.0,0.0,98.33,Critical,Negative closing stock; Unusual inventory movement; Unusual closing-stock change; Unusual inventory-value change; Negative inventory value,"Reconcile warehouse movement with purchase, sale and return records; physically validate stock."
Inventory,P00555-W015-2026-06-17,2026-06-17,,P00555,W015,-1391520.0,0.0,0.0,0.0,98.32,Critical,Negative closing stock; Unusual inventory movement; Unusual closing-stock change; Unusual inventory-value change; Negative inventory value,"Reconcile warehouse movement with purchase, sale and return records; physically validate stock."
Inventory,P00555-W015-2026-01-23,2026-01-23,,P00555,W015,-1391520.0,0.0,0.0,0.0,98.32,Critical,Negative closing stock; Unusual inventory movement; Unusual closing-stock change; Unusual inventory-value change; Negative inventory value,"Reconcile warehouse movement with purchase, sale and return records; physically validate stock."
Inventory,P00055-W015-2026-05-13,2026-05-13,,P00055,W015,-1391520.0,0.0,0.0,0.0,98.32,Critical,Negative closing stock; Unusual inventory movement; Unusual closing-stock change; Unusual inventory-value change; Negative inventory value,"Reconcile warehouse movement with purchase, sale and return records; physically validate stock."
Inventory,P00055-W015-2025-10-05,2025-10-05,,P00055,W015,-1391520.0,0.0,0.0,0.0,98.32,Critical,Negative closing stock; Unusual inventory movement; Unusual closing-stock change; Unusual inventory-value change; Negative inventory value,"Reconcile warehouse movement with purchase, sale and return records; physically validate stock."
Inventory,P00057-W017-2026-05-25,2026-05-25,,P00057,W017,-1485800.0,0.0,0.0,0.0,98.32,Critical,Negative closing stock; Unusual inventory movement; Unusual closing-stock change; Unusual inventory-value change; Negative inventory value,"Reconcile warehouse movement with purchase, sale and return records; physically validate stock."
Inventory,P00556-W016-2026-06-18,2026-06-18,,P00556,W016,-1435100.0,0.0,0.0,0.0,98.32,Critical,Negative closing stock; Unusual inventory movement; Unusual closing-stock change; Unusual inventory-value change; Negative inventory value,"Reconcile warehouse movement with purchase, sale and return records; physically validate stock."
Inventory,P00056-W016-2025-10-06,2025-10-06,,P00056,W016,-1435100.0,0.0,0.0,0.0,98.32,Critical,Negative closing stock; Unusual inventory movement; Unusual closing-stock change; Unusual inventory-value change; Negative inventory value,"Reconcile warehouse movement with purchase, sale and return records; physically validate stock."
Inventory,P00057-W017-2026-05-15,2026-05-15,,P00057,W017,-1479340.0,0.0,0.0,0.0,98.31,Critical,Negative closing stock; Unusual inventory movement; Unusual closing-stock change; Unusual inventory-value change; Negative inventory value,"Reconcile warehouse movement with purchase, sale and return records; physically validate stock."
Inventory,P00557-W017-2026-01-25,2026-01-25,,P00557,W017,-1479340.0,0.0,0.0,0.0,98.31,Critical,Negative closing stock; Unusual inventory movement; Unusual closing-stock change; Unusual inventory-value change; Negative inventory value,"Reconcile warehouse movement with purchase, sale and return records; physically validate stock."
Inventory,P00559-W019-2026-08-10,2026-08-10,,P00559,W019,-1549760.0,0.0,0.0,0.0,98.31,Critical,Negative closing stock; Unusual inventory movement; Unusual closing-stock change; Unusual inventory-value change; Negative inventory value,"Reconcile warehouse movement with purchase, sale and return records; physically validate stock."
Inventory,P00059-W019-2025-09-14,2025-09-14,,P00059,W019,-1549760.0,0.0,0.0,0.0,98.31,Critical,Negative closing stock; Unusual inventory movement; Unusual closing-stock change; Unusual inventory-value change; Negative inventory value,"Reconcile warehouse movement with purchase, sale and return records; physically validate stock."
Inventory,P00059-W019-2026-04-22,2026-04-22,,P00059,W019,-1549760.0,0.0,0.0,0.0,98.31,Critical,Negative closing stock; Unusual inventory movement; Unusual closing-stock change; Unusual inventory-value change; Negative inventory value,"Reconcile warehouse movement with purchase, sale and return records; physically validate stock."
Inventory,P00559-W019-2026-01-02,2026-01-02,,P00559,W019,-1549760.0,0.0,0.0,0.0,98.31,Critical,Negative closing stock; Unusual inventory movement; Unusual closing-stock change; Unusual inventory-value change; Negative inventory value,"Reconcile warehouse movement with purchase, sale and return records; physically validate stock."
Inventory,P00056-W016-2026-02-18,2026-02-18,,P00056,W016,-1428750.0,0.0,0.0,0.0,98.31,Critical,Negative closing stock; Unusual inventory movement; Unusual closing-stock change; Unusual inventory-value change; Negative inventory value,"Reconcile warehouse movement with purchase, sale and return records; physically validate stock."
Inventory,P00556-W016-2026-06-08,2026-06-08,,P00556,W016,-1428750.0,0.0,0.0,0.0,98.31,Critical,Negative closing stock; Unusual inventory movement; Unusual closing-stock change; Unusual inventory-value change; Negative inventory value,"Reconcile warehouse movement with purchase, sale and return records; physically validate stock."
Inventory,P00556-W016-2025-10-21,2025-10-21,,P00556,W016,-1422400.0,0.0,0.0,0.0,98.29,Critical,Negative closing stock; Unusual inventory movement; Unusual closing-stock change; Unusual inventory-value change; Negative inventory value,"Reconcile warehouse movement with purchase, sale and return records; physically validate stock."
Inventory,P00056-W016-2026-02-08,2026-02-08,,P00056,W016,-1422400.0,0.0,0.0,0.0,98.29,Critical,Negative closing stock; Unusual inventory movement; Unusual closing-stock change; Unusual inventory-value change; Negative inventory value,"Reconcile warehouse movement with purchase, sale and return records; physically validate stock."
Inventory,P00057-W017-2025-12-16,2025-12-16,,P00057,W017,-1472880.0,0.0,0.0,0.0,98.29,Critical,Negative closing stock; Unusual inventory movement; Unusual closing-stock change; Unusual inventory-value change; Negative inventory value,"Reconcile warehouse movement with purchase, sale and return records; physically validate stock."
Inventory,P00557-W017-2026-04-05,2026-04-05,,P00557,W017,-1472880.0,0.0,0.0,0.0,98.29,Critical,Negative closing stock; Unusual inventory movement; Unusual closing-stock change; Unusual inventory-value change; Negative inventory value,"Reconcile warehouse movement with purchase, sale and return records; physically validate stock."
Inventory,P00557-W017-2026-01-15,2026-01-15,,P00557,W017,-1472880.0,0.0,0.0,0.0,98.29,Critical,Negative closing stock; Unusual inventory movement; Unusual closing-stock change; Unusual inventory-value change; Negative inventory value,"Reconcile warehouse movement with purchase, sale and return records; physically validate stock."
Inventory,P00057-W017-2025-09-27,2025-09-27,,P00057,W017,-1472880.0,0.0,0.0,0.0,98.29,Critical,Negative closing stock; Unusual inventory movement; Unusual closing-stock change; Unusual inventory-value change; Negative inventory value,"Reconcile warehouse movement with purchase, sale and return records; physically validate stock."
Inventory,P00057-W017-2026-05-10,2026-05-10,,P00057,W017,-1472880.0,0.0,0.0,0.0,98.29,Critical,Negative closing stock; Unusual inventory movement; Unusual closing-stock change; Unusual inventory-value change; Negative inventory value,"Reconcile warehouse movement with purchase, sale and return records; physically validate stock."
Inventory,P00557-W017-2026-08-28,2026-08-28,,P00557,W017,-1472880.0,0.0,0.0,0.0,98.29,Critical,Negative closing stock; Unusual inventory movement; Unusual closing-stock change; Unusual inventory-value change; Negative inventory value,"Reconcile warehouse movement with purchase, sale and return records; physically validate stock."
Inventory,P00055-W015-2025-09-25,2025-09-25,,P00055,W015,-1385280.0,0.0,0.0,0.0,98.29,Critical,Negative closing stock; Unusual inventory movement; Unusual closing-stock change; Unusual inventory-value change; Negative inventory value,"Reconcile warehouse movement with purchase, sale and return records; physically validate stock."
Inventory,P00555-W015-2026-01-13,2026-01-13,,P00555,W015,-1385280.0,0.0,0.0,0.0,98.29,Critical,Negative closing stock; Unusual inventory movement; Unusual closing-stock change; Unusual inventory-value change; Negative inventory value,"Reconcile warehouse movement with purchase, sale and return records; physically validate stock."
Inventory,P00059-W019-2026-04-12,2026-04-12,,P00059,W019,-1543080.0,0.0,0.0,0.0,98.28,Critical,Negative closing stock; Unusual inventory movement; Unusual closing-stock change; Unusual inventory-value change; Negative inventory value,"Reconcile warehouse movement with purchase, sale and return records; physically validate stock."
Inventory,P00559-W019-2026-05-17,2026-05-17,,P00559,W019,-1543080.0,0.0,0.0,0.0,98.28,Critical,Negative closing stock; Unusual inventory movement; Unusual closing-stock change; Unusual inventory-value change; Negative inventory value,"Reconcile warehouse movement with purchase, sale and return records; physically validate stock."
Inventory,P00159-W019-2025-10-09,2025-10-09,,P00159,W019,-948560.0,0.0,0.0,0.0,98.28,Critical,Negative closing stock; Unusual inventory movement; Unusual closing-stock change; Unusual inventory-value change; Negative inventory value,"Reconcile warehouse movement with purchase, sale and return records; physically validate stock."
Inventory,P00659-W019-2026-06-21,2026-06-21,,P00659,W019,-948560.0,0.0,0.0,0.0,98.28,Critical,Negative closing stock; Unusual inventory movement; Unusual closing-stock change; Unusual inventory-value change; Negative inventory value,"Reconcile warehouse movement with purchase, sale and return records; physically validate stock."
Inventory,P00659-W019-2026-01-27,2026-01-27,,P00659,W019,-948560.0,0.0,0.0,0.0,98.28,Critical,Negative closing stock; Unusual inventory movement; Unusual closing-stock change; Unusual inventory-value change; Negative inventory value,"Reconcile warehouse movement with purchase, sale and return records; physically validate stock."
Inventory,P00557-W017-2026-08-18,2026-08-18,,P00557,W017,-1466420.0,0.0,0.0,0.0,98.27,Critical,Negative closing stock; Unusual inventory movement; Unusual closing-stock change; Unusual inventory-value change; Negative inventory value,"Reconcile warehouse movement with purchase, sale and return records; physically validate stock."
Inventory,P00057-W017-2025-12-06,2025-12-06,,P00057,W017,-1466420.0,0.0,0.0,0.0,98.27,Critical,Negative closing stock; Unusual inventory movement; Unusual closing-stock change; Unusual inventory-value change; Negative inventory value,"Reconcile warehouse movement with purchase, sale and return records; physically validate stock."
Inventory,P00059-W019-2026-01-17,2026-01-17,,P00059,W019,-1536400.0,0.0,0.0,0.0,98.27,Critical,Negative closing stock; Unusual inventory movement; Unusual closing-stock change; Unusual inventory-value change; Negative inventory value,"Reconcile warehouse movement with purchase, sale and return records; physically validate stock."
Inventory,P00559-W019-2026-05-07,2026-05-07,,P00559,W019,-1536400.0,0.0,0.0,0.0,98.27,Critical,Negative closing stock; Unusual inventory movement; Unusual closing-stock change; Unusual inventory-value change; Negative inventory value,"Reconcile warehouse movement with purchase, sale and return records; physically validate stock."
Inventory,P00559-W019-2025-12-13,2025-12-13,,P00559,W019,-1536400.0,0.0,0.0,0.0,98.27,Critical,Negative closing stock; Unusual inventory movement; Unusual closing-stock change; Unusual inventory-value change; Negative inventory value,"Reconcile warehouse movement with purchase, sale and return records; physically validate stock."
Inventory,P00059-W019-2026-08-25,2026-08-25,,P00059,W019,-1536400.0,0.0,0.0,0.0,98.27,Critical,Negative closing stock; Unusual inventory movement; Unusual closing-stock change; Unusual inventory-value change; Negative inventory value,"Reconcile warehouse movement with purchase, sale and return records; physically validate stock."
Inventory,P00556-W016-2025-10-11,2025-10-11,,P00556,W016,-1416050.0,0.0,0.0,0.0,98.27,Critical,Negative closing stock; Unusual inventory movement; Unusual closing-stock change; Unusual inventory-value change; Negative inventory value,"Reconcile warehouse movement with purchase, sale and return records; physically validate stock."
Inventory,P00056-W016-2026-06-23,2026-06-23,,P00056,W016,-1416050.0,0.0,0.0,0.0,98.27,Critical,Negative closing stock; Unusual inventory movement; Unusual closing-stock change; Unusual inventory-value change; Negative inventory value,"Reconcile warehouse movement with purchase, sale and return records; physically validate stock."
Inventory,P00555-W015-2026-05-28,2026-05-28,,P00555,W015,-1379040.0,0.0,0.0,0.0,98.26,Critical,Negative closing stock; Unusual inventory movement; Unusual closing-stock change; Unusual inventory-value change; Negative inventory value,"Reconcile warehouse movement with purchase, sale and return records; physically validate stock."
Inventory,P00055-W015-2025-09-15,2025-09-15,,P00055,W015,-1379040.0,0.0,0.0,0.0,98.26,Critical,Negative closing stock; Unusual inventory movement; Unusual closing-stock change; Unusual inventory-value change; Negative inventory value,"Reconcile warehouse movement with purchase, sale and return records; physically validate stock."
Inventory,P00057-W017-2026-04-20,2026-04-20,,P00057,W017,-1459960.0,0.0,0.0,0.0,98.26,Critical,Negative closing stock; Unusual inventory movement; Unusual closing-stock change; Unusual inventory-value change; Negative inventory value,"Reconcile warehouse movement with purchase, sale and return records; physically validate stock."
Inventory,P00557-W017-2026-08-08,2026-08-08,,P00557,W017,-1459960.0,0.0,0.0,0.0,98.26,Critical,Negative closing stock; Unusual inventory movement; Unusual closing-stock change; Unusual inventory-value change; Negative inventory value,"Reconcile warehouse movement with purchase, sale and return records; physically validate stock."
Inventory,P00556-W016-2026-02-23,2026-02-23,,P00556,W016,-1409700.0,0.0,0.0,0.0,98.25,Critical,Negative closing stock; Unusual inventory movement; Unusual closing-stock change; Unusual inventory-value change; Negative inventory value,"Reconcile warehouse movement with purchase, sale and return records; physically validate stock."
Inventory,P00056-W016-2026-06-13,2026-06-13,,P00056,W016,-1409700.0,0.0,0.0,0.0,98.25,Critical,Negative closing stock; Unusual inventory movement; Unusual closing-stock change; Unusual inventory-value change; Negative inventory value,"Reconcile warehouse movement with purchase, sale and return records; physically validate stock."
Inventory,P00556-W016-2025-10-01,2025-10-01,,P00556,W016,-1409700.0,0.0,0.0,0.0,98.25,Critical,Negative closing stock; Unusual inventory movement; Unusual closing-stock change; Unusual inventory-value change; Negative inventory value,"Reconcile warehouse movement with purchase, sale and return records; physically validate stock."
Inventory,P00555-W015-2025-12-29,2025-12-29,,P00555,W015,-1372800.0,0.0,0.0,0.0,98.25,Critical,Negative closing stock; Unusual inventory movement; Unusual closing-stock change; Unusual inventory-value change; Negative inventory value,"Reconcile warehouse movement with purchase, sale and return records; physically validate stock."
Inventory,P00055-W015-2025-09-10,2025-09-10,,P00055,W015,-1372800.0,0.0,0.0,0.0,98.25,Critical,Negative closing stock; Unusual inventory movement; Unusual closing-stock change; Unusual inventory-value change; Negative inventory value,"Reconcile warehouse movement with purchase, sale and return records; physically validate stock."
Inventory,P00555-W015-2026-05-18,2026-05-18,,P00555,W015,-1372800.0,0.0,0.0,0.0,98.25,Critical,Negative closing stock; Unusual inventory movement; Unusual closing-stock change; Unusual inventory-value change; Negative inventory value,"Reconcile warehouse movement with purchase, sale and return records; physically validate stock."
Inventory,P00160-W020-2025-10-10,2025-10-10,,P00160,W020,-984550.0,0.0,0.0,0.0,98.24,Critical,Negative closing stock; Unusual inventory movement; Unusual closing-stock change; Unusual inventory-value change; Negative inventory value,"Reconcile warehouse movement with purchase, sale and return records; physically validate stock."
Inventory,P00660-W020-2026-06-22,2026-06-22,,P00660,W020,-984550.0,0.0,0.0,0.0,98.24,Critical,Negative closing stock; Unusual inventory movement; Unusual closing-stock change; Unusual inventory-value change; Negative inventory value,"Reconcile warehouse movement with purchase, sale and return records; physically validate stock."
Inventory,P00660-W020-2026-01-28,2026-01-28,,P00660,W020,-984550.0,0.0,0.0,0.0,98.24,Critical,Negative closing stock; Unusual inventory movement; Unusual closing-stock change; Unusual inventory-value change; Negative inventory value,"Reconcile warehouse movement with purchase, sale and return records; physically validate stock."
Inventory,P00057-W017-2025-11-21,2025-11-21,,P00057,W017,-1453500.0,0.0,0.0,0.0,98.23,Critical,Negative closing stock; Unusual inventory movement; Unusual closing-stock change; Unusual inventory-value change; Negative inventory value,"Reconcile warehouse movement with purchase, sale and return records; physically validate stock."
Inventory,P00057-W017-2026-06-29,2026-06-29,,P00057,W017,-1453500.0,0.0,0.0,0.0,98.23,Critical,Negative closing stock; Unusual inventory movement; Unusual closing-stock change; Unusual inventory-value change; Negative inventory value,"Reconcile warehouse movement with purchase, sale and return records; physically validate stock."
Inventory,P00557-W017-2026-03-11,2026-03-11,,P00557,W017,-1453500.0,0.0,0.0,0.0,98.23,Critical,Negative closing stock; Unusual inventory movement; Unusual closing-stock change; Unusual inventory-value change; Negative inventory value,"Reconcile warehouse movement with purchase, sale and return records; physically validate stock."
Inventory,P00057-W017-2026-04-10,2026-04-10,,P00057,W017,-1453500.0,0.0,0.0,0.0,98.23,Critical,Negative closing stock; Unusual inventory movement; Unusual closing-stock change; Unusual inventory-value change; Negative inventory value,"Reconcile warehouse movement with purchase, sale and return records; physically validate stock."
Inventory,P00557-W017-2026-08-03,2026-08-03,,P00557,W017,-1453500.0,0.0,0.0,0.0,98.23,Critical,Negative closing stock; Unusual inventory movement; Unusual closing-stock change; Unusual inventory-value change; Negative inventory value,"Reconcile warehouse movement with purchase, sale and return records; physically validate stock."
Inventory,P00056-W016-2025-10-26,2025-10-26,,P00056,W016,-1403350.0,0.0,0.0,0.0,98.23,Critical,Negative closing stock; Unusual inventory movement; Unusual closing-stock change; Unusual inventory-value change; Negative inventory value,"Reconcile warehouse movement with purchase, sale and return records; physically validate stock."
Inventory,P00056-W016-2026-06-03,2026-06-03,,P00056,W016,-1403350.0,0.0,0.0,0.0,98.23,Critical,Negative closing stock; Unusual inventory movement; Unusual closing-stock change; Unusual inventory-value change; Negative inventory value,"Reconcile warehouse movement with purchase, sale and return records; physically validate stock."
Inventory,P00556-W016-2026-02-13,2026-02-13,,P00556,W016,-1403350.0,0.0,0.0,0.0,98.23,Critical,Negative closing stock; Unusual inventory movement; Unusual closing-stock change; Unusual inventory-value change; Negative inventory value,"Reconcile warehouse movement with purchase, sale and return records; physically validate stock."
Inventory,P00058-W018-2026-05-11,2026-05-11,,P00058,W018,-1517670.0,0.0,0.0,0.0,98.22,Critical,Negative closing stock; Unusual inventory movement; Unusual closing-stock change; Unusual inventory-value change; Negative inventory value,"Reconcile warehouse movement with purchase, sale and return records; physically validate stock."
Inventory,P00558-W018-2026-01-16,2026-01-16,,P00558,W018,-1517670.0,0.0,0.0,0.0,98.22,Critical,Negative closing stock; Unusual inventory movement; Unusual closing-stock change; Unusual inventory-value change; Negative inventory value,"Reconcile warehouse movement with purchase, sale and return records; physically validate stock."
Inventory,P00558-W018-2026-08-29,2026-08-29,,P00558,W018,-1517670.0,0.0,0.0,0.0,98.22,Critical,Negative closing stock; Unusual inventory movement; Unusual closing-stock change; Unusual inventory-value change; Negative inventory value,"Reconcile warehouse movement with purchase, sale and return records; physically validate stock."
Inventory,P00058-W018-2025-09-28,2025-09-28,,P00058,W018,-1517670.0,0.0,0.0,0.0,98.22,Critical,Negative closing stock; Unusual inventory movement; Unusual closing-stock change; Unusual inventory-value change; Negative inventory value,"Reconcile warehouse movement with purchase, sale and return records; physically validate stock."
Inventory,P00557-W017-2026-03-01,2026-03-01,,P00557,W017,-1447040.0,0.0,0.0,0.0,98.22,Critical,Negative closing stock; Unusual inventory movement; Unusual closing-stock change; Unusual inventory-value change; Negative inventory value,"Reconcile warehouse movement with purchase, sale and return records; physically validate stock."
Inventory,P00160-W020-2025-09-30,2025-09-30,,P00160,W020,-977760.0,0.0,0.0,0.0,98.22,Critical,Negative closing stock; Unusual inventory movement; Unusual closing-stock change; Unusual inventory-value change; Negative inventory value,"Reconcile warehouse movement with purchase, sale and return records; physically validate stock."
Inventory,P00660-W020-2026-06-12,2026-06-12,,P00660,W020,-977760.0,0.0,0.0,0.0,98.22,Critical,Negative closing stock; Unusual inventory movement; Unusual closing-stock change; Unusual inventory-value change; Negative inventory value,"Reconcile warehouse movement with purchase, sale and return records; physically validate stock."
Inventory,P00057-W017-2025-11-01,2025-11-01,,P00057,W017,-1440580.0,0.0,0.0,0.0,98.21,Critical,Negative closing stock; Unusual inventory movement; Unusual closing-stock change; Unusual inventory-value change; Negative inventory value,"Reconcile warehouse movement with purchase, sale and return records; physically validate stock."
Inventory,P00160-W020-2026-02-12,2026-02-12,,P00160,W020,-970970.0,0.0,0.0,0.0,98.21,Critical,Negative closing stock; Unusual inventory movement; Unusual closing-stock change; Unusual inventory-value change; Negative inventory value,"Reconcile warehouse movement with purchase, sale and return records; physically validate stock."
Inventory,P00660-W020-2026-06-02,2026-06-02,,P00660,W020,-970970.0,0.0,0.0,0.0,98.21,Critical,Negative closing stock; Unusual inventory movement; Unusual closing-stock change; Unusual inventory-value change; Negative inventory value,"Reconcile warehouse movement with purchase, sale and return records; physically validate stock."
Inventory,P00058-W018-2026-05-01,2026-05-01,,P00058,W018,-1511100.0,0.0,0.0,0.0,98.2,Critical,Negative closing stock; Unusual inventory movement; Unusual closing-stock change; Unusual inventory-value change; Negative inventory value,"Reconcile warehouse movement with purchase, sale and return records; physically validate stock."
Inventory,P00558-W018-2026-05-31,2026-05-31,,P00558,W018,-1511100.0,0.0,0.0,0.0,98.2,Critical,Negative closing stock; Unusual inventory movement; Unusual closing-stock change; Unusual inventory-value change; Negative inventory value,"Reconcile warehouse movement with purchase, sale and return records; physically validate stock."
Inventory,P00558-W018-2026-01-11,2026-01-11,,P00558,W018,-1511100.0,0.0,0.0,0.0,98.2,Critical,Negative closing stock; Unusual inventory movement; Unusual closing-stock change; Unusual inventory-value change; Negative inventory value,"Reconcile warehouse movement with purchase, sale and return records; physically validate stock."
Inventory,P00058-W018-2025-09-18,2025-09-18,,P00058,W018,-1511100.0,0.0,0.0,0.0,98.2,Critical,Negative closing stock; Unusual inventory movement; Unusual closing-stock change; Unusual inventory-value change; Negative inventory value,"Reconcile warehouse movement with purchase, sale and return records; physically validate stock."
Inventory,P00660-W020-2025-10-15,2025-10-15,,P00660,W020,-964180.0,0.0,0.0,0.0,98.19,Critical,Negative closing stock; Unusual inventory movement; Unusual closing-stock change; Unusual inventory-value change; Negative inventory value,"Reconcile warehouse movement with purchase, sale and return records; physically validate stock."
Inventory,P00160-W020-2026-02-02,2026-02-02,,P00160,W020,-964180.0,0.0,0.0,0.0,98.19,Critical,Negative closing stock; Unusual inventory movement; Unusual closing-stock change; Unusual inventory-value change; Negative inventory value,"Reconcile warehouse movement with purchase, sale and return records; physically validate stock."
Inventory,P00557-W017-2026-07-04,2026-07-04,,P00557,W017,-1434120.0,0.0,0.0,0.0,98.19,Critical,Negative closing stock; Unusual inventory movement; Unusual closing-stock change; Unusual inventory-value change; Negative inventory value,"Reconcile warehouse movement with purchase, sale and return records; physically validate stock."
Inventory,P00660-W020-2025-10-05,2025-10-05,,P00660,W020,-957390.0,0.0,0.0,0.0,98.18,Critical,Negative closing stock; Unusual inventory movement; Unusual closing-stock change; Unusual inventory-value change; Negative inventory value,"Reconcile warehouse movement with purchase, sale and return records; physically validate stock."
Inventory,P00160-W020-2026-06-17,2026-06-17,,P00160,W020,-957390.0,0.0,0.0,0.0,98.18,Critical,Negative closing stock; Unusual inventory movement; Unusual closing-stock change; Unusual inventory-value change; Negative inventory value,"Reconcile warehouse movement with purchase, sale and return records; physically validate stock."
Inventory,P00558-W018-2026-01-01,2026-01-01,,P00558,W018,-1504530.0,0.0,0.0,0.0,98.18,Critical,Negative closing stock; Unusual inventory movement; Unusual closing-stock change; Unusual inventory-value change; Negative inventory value,"Reconcile warehouse movement with purchase, sale and return records; physically validate stock."
Inventory,P00058-W018-2025-09-13,2025-09-13,,P00058,W018,-1504530.0,0.0,0.0,0.0,98.18,Critical,Negative closing stock; Unusual inventory movement; Unusual closing-stock change; Unusual inventory-value change; Negative inventory value,"Reconcile warehouse movement with purchase, sale and return records; physically validate stock."
Inventory,P00558-W018-2026-05-21,2026-05-21,,P00558,W018,-1504530.0,0.0,0.0,0.0,98.18,Critical,Negative closing stock; Unusual inventory movement; Unusual closing-stock change; Unusual inventory-value change; Negative inventory value,"Reconcile warehouse movement with purchase, sale and return records; physically validate stock."
Inventory,P00058-W018-2026-04-11,2026-04-11,,P00058,W018,-1497960.0,0.0,0.0,0.0,98.16,Critical,Negative closing stock; Unusual inventory movement; Unusual closing-stock change; Unusual inventory-value change; Negative inventory value,"Reconcile warehouse movement with purchase, sale and return records; physically validate stock."
Inventory,P00558-W018-2026-05-16,2026-05-16,,P00558,W018,-1497960.0,0.0,0.0,0.0,98.16,Critical,Negative closing stock; Unusual inventory movement; Unusual closing-stock change; Unusual inventory-value change; Negative inventory value,"Reconcile warehouse movement with purchase, sale and return records; physically validate stock."
Inventory,P00160-W020-2026-06-07,2026-06-07,,P00160,W020,-950600.0,0.0,0.0,0.0,98.16,Critical,Negative closing stock; Unusual inventory movement; Unusual closing-stock change; Unusual inventory-value change; Negative inventory value,"Reconcile warehouse movement with purchase, sale and return records; physically validate stock."
Inventory,P00660-W020-2026-02-17,2026-02-17,,P00660,W020,-950600.0,0.0,0.0,0.0,98.16,Critical,Negative closing stock; Unusual inventory movement; Unusual closing-stock change; Unusual inventory-value change; Negative inventory value,"Reconcile warehouse movement with purchase, sale and return records; physically validate stock."
Inventory,P00056-W016-2026-05-24,2026-05-24,,P00056,W016,-1441450.0,0.0,0.0,0.0,98.16,Critical,Negative closing stock; Unusual inventory movement; Unusual closing-stock change; Unusual inventory-value change; Negative inventory value,"Reconcile warehouse movement with purchase, sale and return records; physically validate stock."
Inventory,P00558-W018-2026-05-06,2026-05-06,,P00558,W018,-1491390.0,0.0,0.0,0.0,98.15,Critical,Negative closing stock; Unusual inventory movement; Unusual closing-stock change; Unusual inventory-value change; Negative inventory value,"Reconcile warehouse movement with purchase, sale and return records; physically validate stock."
Inventory,P00058-W018-2026-08-24,2026-08-24,,P00058,W018,-1491390.0,0.0,0.0,0.0,98.15,Critical,Negative closing stock; Unusual inventory movement; Unusual closing-stock change; Unusual inventory-value change; Negative inventory value,"Reconcile warehouse movement with purchase, sale and return records; physically validate stock."
Inventory,P00558-W018-2025-12-12,2025-12-12,,P00558,W018,-1491390.0,0.0,0.0,0.0,98.15,Critical,Negative closing stock; Unusual inventory movement; Unusual closing-stock change; Unusual inventory-value change; Negative inventory value,"Reconcile warehouse movement with purchase, sale and return records; physically validate stock."
Inventory,P00058-W018-2026-01-16,2026-01-16,,P00058,W018,-1491390.0,0.0,0.0,0.0,98.15,Critical,Negative closing stock; Unusual inventory movement; Unusual closing-stock change; Unusual inventory-value change; Negative inventory value,"Reconcile warehouse movement with purchase, sale and return records; physically validate stock."
Inventory,P00658-W018-2026-01-16,2026-01-16,,P00658,W018,-906660.0,0.0,0.0,0.0,98.14,Critical,Negative closing stock; Unusual inventory movement; Unusual closing-stock change; Unusual inventory-value change; Negative inventory value,"Reconcile warehouse movement with purchase, sale and return records; physically validate stock."
Inventory,P00658-W018-2026-06-10,2026-06-10,,P00658,W018,-906660.0,0.0,0.0,0.0,98.14,Critical,Negative closing stock; Unusual inventory movement; Unusual closing-stock change; Unusual inventory-value change; Negative inventory value,"Reconcile warehouse movement with purchase, sale and return records; physically validate stock."
Inventory,P00158-W018-2025-09-28,2025-09-28,,P00158,W018,-906660.0,0.0,0.0,0.0,98.14,Critical,Negative closing stock; Unusual inventory movement; Unusual closing-stock change; Unusual inventory-value change; Negative inventory value,"Reconcile warehouse movement with purchase, sale and return records; physically validate stock."
Inventory,P00159-W019-2025-09-29,2025-09-29,,P00159,W019,-941880.0,0.0,0.0,0.0,98.14,Critical,Negative closing stock; Unusual inventory movement; Unusual closing-stock change; Unusual inventory-value change; Negative inventory value,"Reconcile warehouse movement with purchase, sale and return records; physically validate stock."
Inventory,P00659-W019-2026-06-11,2026-06-11,,P00659,W019,-941880.0,0.0,0.0,0.0,98.14,Critical,Negative closing stock; Unusual inventory movement; Unusual closing-stock change; Unusual inventory-value change; Negative inventory value,"Reconcile warehouse movement with purchase, sale and return records; physically validate stock."
Inventory,P00056-W016-2026-05-14,2026-05-14,,P00056,W016,-1435100.0,0.0,0.0,0.0,98.13,Critical,Negative closing stock; Unusual inventory movement; Unusual closing-stock change; Unusual inventory-value change; Negative inventory value,"Reconcile warehouse movement with purchase, sale and return records; physically validate stock."
Inventory,P00556-W016-2026-01-24,2026-01-24,,P00556,W016,-1435100.0,0.0,0.0,0.0,98.13,Critical,Negative closing stock; Unusual inventory movement; Unusual closing-stock change; Unusual inventory-value change; Negative inventory value,"Reconcile warehouse movement with purchase, sale and return records; physically validate stock."
Inventory,P00058-W018-2026-08-14,2026-08-14,,P00058,W018,-1484820.0,0.0,0.0,0.0,98.13,Critical,Negative closing stock; Unusual inventory movement; Unusual closing-stock change; Unusual inventory-value change; Negative inventory value,"Reconcile warehouse movement with purchase, sale and return records; physically validate stock."
Inventory,P00558-W018-2026-04-26,2026-04-26,,P00558,W018,-1484820.0,0.0,0.0,0.0,98.13,Critical,Negative closing stock; Unusual inventory movement; Unusual closing-stock change; Unusual inventory-value change; Negative inventory value,"Reconcile warehouse movement with purchase, sale and return records; physically validate stock."
Inventory,P00058-W018-2026-01-06,2026-01-06,,P00058,W018,-1484820.0,0.0,0.0,0.0,98.13,Critical,Negative closing stock; Unusual inventory movement; Unusual closing-stock change; Unusual inventory-value change; Negative inventory value,"Reconcile warehouse movement with purchase, sale and return records; physically validate stock."
Inventory,P00556-W016-2026-01-14,2026-01-14,,P00556,W016,-1428750.0,0.0,0.0,0.0,98.12,Critical,Negative closing stock; Unusual inventory movement; Unusual closing-stock change; Unusual inventory-value change; Negative inventory value,"Reconcile warehouse movement with purchase, sale and return records; physically validate stock."
Inventory,P00056-W016-2025-09-26,2025-09-26,,P00056,W016,-1428750.0,0.0,0.0,0.0,98.12,Critical,Negative closing stock; Unusual inventory movement; Unusual closing-stock change; Unusual inventory-value change; Negative inventory value,"Reconcile warehouse movement with purchase, sale and return records; physically validate stock."
Inventory,P00055-W015-2026-02-17,2026-02-17,,P00055,W015,-1385280.0,0.0,0.0,0.0,98.11,Critical,Negative closing stock; Unusual inventory movement; Unusual closing-stock change; Unusual inventory-value change; Negative inventory value,"Reconcile warehouse movement with purchase, sale and return records; physically validate stock."
Inventory,P00555-W015-2026-06-07,2026-06-07,,P00555,W015,-1385280.0,0.0,0.0,0.0,98.11,Critical,Negative closing stock; Unusual inventory movement; Unusual closing-stock change; Unusual inventory-value change; Negative inventory value,"Reconcile warehouse movement with purchase, sale and return records; physically validate stock."
Inventory,P00159-W019-2026-02-11,2026-02-11,,P00159,W019,-935200.0,0.0,0.0,0.0,98.11,Critical,Negative closing stock; Unusual inventory movement; Unusual closing-stock change; Unusual inventory-value change; Negative inventory value,"Reconcile warehouse movement with purchase, sale and return records; physically validate stock."
Inventory,P00659-W019-2026-06-01,2026-06-01,,P00659,W019,-935200.0,0.0,0.0,0.0,98.11,Critical,Negative closing stock; Unusual inventory movement; Unusual closing-stock change; Unusual inventory-value change; Negative inventory value,"Reconcile warehouse movement with purchase, sale and return records; physically validate stock."
Inventory,P00158-W018-2025-09-18,2025-09-18,,P00158,W018,-900090.0,0.0,0.0,0.0,98.11,Critical,Negative closing stock; Unusual inventory movement; Unusual closing-stock change; Unusual inventory-value change; Negative inventory value,"Reconcile warehouse movement with purchase, sale and return records; physically validate stock."
Inventory,P00658-W018-2026-01-06,2026-01-06,,P00658,W018,-900090.0,0.0,0.0,0.0,98.11,Critical,Negative closing stock; Unusual inventory movement; Unusual closing-stock change; Unusual inventory-value change; Negative inventory value,"Reconcile warehouse movement with purchase, sale and return records; physically validate stock."
Inventory,P00556-W016-2026-01-09,2026-01-09,,P00556,W016,-1422400.0,0.0,0.0,0.0,98.1,Critical,Negative closing stock; Unusual inventory movement; Unusual closing-stock change; Unusual inventory-value change; Negative inventory value,"Reconcile warehouse movement with purchase, sale and return records; physically validate stock."
Inventory,P00556-W016-2026-08-17,2026-08-17,,P00556,W016,-1422400.0,0.0,0.0,0.0,98.1,Critical,Negative closing stock; Unusual inventory movement; Unusual closing-stock change; Unusual inventory-value change; Negative inventory value,"Reconcile warehouse movement with purchase, sale and return records; physically validate stock."
Inventory,P00556-W016-2026-05-29,2026-05-29,,P00556,W016,-1422400.0,0.0,0.0,0.0,98.1,Critical,Negative closing stock; Unusual inventory movement; Unusual closing-stock change; Unusual inventory-value change; Negative inventory value,"Reconcile warehouse movement with purchase, sale and return records; physically validate stock."
Inventory,P00056-W016-2026-04-29,2026-04-29,,P00056,W016,-1422400.0,0.0,0.0,0.0,98.1,Critical,Negative closing stock; Unusual inventory movement; Unusual closing-stock change; Unusual inventory-value change; Negative inventory value,"Reconcile warehouse movement with purchase, sale and return records; physically validate stock."
Inventory,P00056-W016-2025-12-05,2025-12-05,,P00056,W016,-1422400.0,0.0,0.0,0.0,98.1,Critical,Negative closing stock; Unusual inventory movement; Unusual closing-stock change; Unusual inventory-value change; Negative inventory value,"Reconcile warehouse movement with purchase, sale and return records; physically validate stock."
Inventory,P00056-W016-2025-09-16,2025-09-16,,P00056,W016,-1422400.0,0.0,0.0,0.0,98.1,Critical,Negative closing stock; Unusual inventory movement; Unusual closing-stock change; Unusual inventory-value change; Negative inventory value,"Reconcile warehouse movement with purchase, sale and return records; physically validate stock."
Inventory,P00660-W020-2025-09-15,2025-09-15,,P00660,W020,-991340.0,0.0,0.0,0.0,98.09,Critical,Negative closing stock; Unusual inventory movement; Unusual closing-stock change; Unusual inventory-value change; Negative inventory value,"Reconcile warehouse movement with purchase, sale and return records; physically validate stock."
Inventory,P00658-W018-2026-05-21,2026-05-21,,P00658,W018,-893520.0,0.0,0.0,0.0,98.09,Critical,Negative closing stock; Unusual inventory movement; Unusual closing-stock change; Unusual inventory-value change; Negative inventory value,"Reconcile warehouse movement with purchase, sale and return records; physically validate stock."
Inventory,P00158-W018-2025-09-08,2025-09-08,,P00158,W018,-893520.0,0.0,0.0,0.0,98.09,Critical,Negative closing stock; Unusual inventory movement; Unusual closing-stock change; Unusual inventory-value change; Negative inventory value,"Reconcile warehouse movement with purchase, sale and return records; physically validate stock."
Inventory,P00160-W020-2026-05-18,2026-05-18,,P00160,W020,-984550.0,0.0,0.0,0.0,98.08,Critical,Negative closing stock; Unusual inventory movement; Unusual closing-stock change; Unusual inventory-value change; Negative inventory value,"Reconcile warehouse movement with purchase, sale and return records; physically validate stock."
Inventory,P00659-W019-2025-10-14,2025-10-14,,P00659,W019,-928520.0,0.0,0.0,0.0,98.08,Critical,Negative closing stock; Unusual inventory movement; Unusual closing-stock change; Unusual inventory-value change; Negative inventory value,"Reconcile warehouse movement with purchase, sale and return records; physically validate stock."
Inventory,P00159-W019-2026-02-01,2026-02-01,,P00159,W019,-928520.0,0.0,0.0,0.0,98.08,Critical,Negative closing stock; Unusual inventory movement; Unusual closing-stock change; Unusual inventory-value change; Negative inventory value,"Reconcile warehouse movement with purchase, sale and return records; physically validate stock."
Inventory,P00555-W015-2025-10-20,2025-10-20,,P00555,W015,-1379040.0,0.0,0.0,0.0,98.08,Critical,Negative closing stock; Unusual inventory movement; Unusual closing-stock change; Unusual inventory-value change; Negative inventory value,"Reconcile warehouse movement with purchase, sale and return records; physically validate stock."
Inventory,P00055-W015-2026-02-07,2026-02-07,,P00055,W015,-1379040.0,0.0,0.0,0.0,98.08,Critical,Negative closing stock; Unusual inventory movement; Unusual closing-stock change; Unusual inventory-value change; Negative inventory value,"Reconcile warehouse movement with purchase, sale and return records; physically validate stock."
Inventory,P00556-W016-2026-08-07,2026-08-07,,P00556,W016,-1416050.0,0.0,0.0,0.0,98.07,Critical,Negative closing stock; Unusual inventory movement; Unusual closing-stock change; Unusual inventory-value change; Negative inventory value,"Reconcile warehouse movement with purchase, sale and return records; physically validate stock."
Inventory,P00056-W016-2026-04-19,2026-04-19,,P00056,W016,-1416050.0,0.0,0.0,0.0,98.07,Critical,Negative closing stock; Unusual inventory movement; Unusual closing-stock change; Unusual inventory-value change; Negative inventory value,"Reconcile warehouse movement with purchase, sale and return records; physically validate stock."
Inventory,P00057-W017-2025-09-17,2025-09-17,,P00057,W017,-1466420.0,0.0,0.0,0.0,98.07,Critical,Negative closing stock; Unusual inventory movement; Unusual closing-stock change; Unusual inventory-value change; Negative inventory value,"Reconcile warehouse movement with purchase, sale and return records; physically validate stock."
Inventory,P00557-W017-2026-05-30,2026-05-30,,P00557,W017,-1466420.0,0.0,0.0,0.0,98.07,Critical,Negative closing stock; Unusual inventory movement; Unusual closing-stock change; Unusual inventory-value change; Negative inventory value,"Reconcile warehouse movement with purchase, sale and return records; physically validate stock."
Inventory,P00557-W017-2026-01-10,2026-01-10,,P00557,W017,-1466420.0,0.0,0.0,0.0,98.07,Critical,Negative closing stock; Unusual inventory movement; Unusual closing-stock change; Unusual inventory-value change; Negative inventory value,"Reconcile warehouse movement with purchase, sale and return records; physically validate stock."
Inventory,P00057-W017-2026-04-30,2026-04-30,,P00057,W017,-1466420.0,0.0,0.0,0.0,98.07,Critical,Negative closing stock; Unusual inventory movement; Unusual closing-stock change; Unusual inventory-value change; Negative inventory value,"Reconcile warehouse movement with purchase, sale and return records; physically validate stock."
Inventory,P00658-W018-2025-12-22,2025-12-22,,P00658,W018,-886950.0,0.0,0.0,0.0,98.07,Critical,Negative closing stock; Unusual inventory movement; Unusual closing-stock change; Unusual inventory-value change; Negative inventory value,"Reconcile warehouse movement with purchase, sale and return records; physically validate stock."
Inventory,P00658-W018-2026-05-11,2026-05-11,,P00658,W018,-886950.0,0.0,0.0,0.0,98.07,Critical,Negative closing stock; Unusual inventory movement; Unusual closing-stock change; Unusual inventory-value change; Negative inventory value,"Reconcile warehouse movement with purchase, sale and return records; physically validate stock."
Inventory,P00158-W018-2026-01-21,2026-01-21,,P00158,W018,-886950.0,0.0,0.0,0.0,98.07,Critical,Negative closing stock; Unusual inventory movement; Unusual closing-stock change; Unusual inventory-value change; Negative inventory value,"Reconcile warehouse movement with purchase, sale and return records; physically validate stock."
Inventory,P00660-W020-2026-01-18,2026-01-18,,P00660,W020,-977760.0,0.0,0.0,0.0,98.07,Critical,Negative closing stock; Unusual inventory movement; Unusual closing-stock change; Unusual inventory-value change; Negative inventory value,"Reconcile warehouse movement with purchase, sale and return records; physically validate stock."
Inventory,P00555-W015-2025-10-10,2025-10-10,,P00555,W015,-1372800.0,0.0,0.0,0.0,98.06,Critical,Negative closing stock; Unusual inventory movement; Unusual closing-stock change; Unusual inventory-value change; Negative inventory value,"Reconcile warehouse movement with purchase, sale and return records; physically validate stock."
Inventory,P00055-W015-2026-06-22,2026-06-22,,P00055,W015,-1372800.0,0.0,0.0,0.0,98.06,Critical,Negative closing stock; Unusual inventory movement; Unusual closing-stock change; Unusual inventory-value change; Negative inventory value,"Reconcile warehouse movement with purchase, sale and return records; physically validate stock."
Inventory,P00557-W017-2026-05-20,2026-05-20,,P00557,W017,-1459960.0,0.0,0.0,0.0,98.06,Critical,Negative closing stock; Unusual inventory movement; Unusual closing-stock change; Unusual inventory-value change; Negative inventory value,"Reconcile warehouse movement with purchase, sale and return records; physically validate stock."
Inventory,P00057-W017-2025-09-12,2025-09-12,,P00057,W017,-1459960.0,0.0,0.0,0.0,98.06,Critical,Negative closing stock; Unusual inventory movement; Unusual closing-stock change; Unusual inventory-value change; Negative inventory value,"Reconcile warehouse movement with purchase, sale and return records; physically validate stock."
Inventory,P00557-W017-2025-12-31,2025-12-31,,P00557,W017,-1459960.0,0.0,0.0,0.0,98.06,Critical,Negative closing stock; Unusual inventory movement; Unusual closing-stock change; Unusual inventory-value change; Negative inventory value,"Reconcile warehouse movement with purchase, sale and return records; physically validate stock."
Inventory,P00056-W016-2026-04-09,2026-04-09,,P00056,W016,-1409700.0,0.0,0.0,0.0,98.06,Critical,Negative closing stock; Unusual inventory movement; Unusual closing-stock change; Unusual inventory-value change; Negative inventory value,"Reconcile warehouse movement with purchase, sale and return records; physically validate stock."
Inventory,P00660-W020-2026-01-08,2026-01-08,,P00660,W020,-970970.0,0.0,0.0,0.0,98.05,Critical,Negative closing stock; Unusual inventory movement; Unusual closing-stock change; Unusual inventory-value change; Negative inventory value,"Reconcile warehouse movement with purchase, sale and return records; physically validate stock."
Inventory,P00160-W020-2025-12-09,2025-12-09,,P00160,W020,-970970.0,0.0,0.0,0.0,98.05,Critical,Negative closing stock; Unusual inventory movement; Unusual closing-stock change; Unusual inventory-value change; Negative inventory value,"Reconcile warehouse movement with purchase, sale and return records; physically validate stock."
Inventory,P00660-W020-2026-08-21,2026-08-21,,P00660,W020,-970970.0,0.0,0.0,0.0,98.05,Critical,Negative closing stock; Unusual inventory movement; Unusual closing-stock change; Unusual inventory-value change; Negative inventory value,"Reconcile warehouse movement with purchase, sale and return records; physically validate stock."
Inventory,P00160-W020-2025-09-20,2025-09-20,,P00160,W020,-970970.0,0.0,0.0,0.0,98.05,Critical,Negative closing stock; Unusual inventory movement; Unusual closing-stock change; Unusual inventory-value change; Negative inventory value,"Reconcile warehouse movement with purchase, sale and return records; physically validate stock."
Inventory,P00160-W020-2026-05-03,2026-05-03,,P00160,W020,-970970.0,0.0,0.0,0.0,98.05,Critical,Negative closing stock; Unusual inventory movement; Unusual closing-stock change; Unusual inventory-value change; Negative inventory value,"Reconcile warehouse movement with purchase, sale and return records; physically validate stock."
Inventory,P00054-W014-2026-08-30,2026-08-30,,P00054,W014,-1324080.0,0.0,0.0,0.0,98.05,Critical,Negative closing stock; Unusual inventory movement; Unusual closing-stock change; Unusual inventory-value change; Negative inventory value,"Reconcile warehouse movement with purchase, sale and return records; physically validate stock."
Inventory,P00554-W014-2026-05-12,2026-05-12,,P00554,W014,-1324080.0,0.0,0.0,0.0,98.05,Critical,Negative closing stock; Unusual inventory movement; Unusual closing-stock change; Unusual inventory-value change; Negative inventory value,"Reconcile warehouse movement with purchase, sale and return records; physically validate stock."
Inventory,P00555-W015-2025-09-30,2025-09-30,,P00555,W015,-1366560.0,0.0,0.0,0.0,98.04,Critical,Negative closing stock; Unusual inventory movement; Unusual closing-stock change; Unusual inventory-value change; Negative inventory value,"Reconcile warehouse movement with purchase, sale and return records; physically validate stock."
Inventory,P00055-W015-2026-08-31,2026-08-31,,P00055,W015,-1366560.0,0.0,0.0,0.0,98.04,Critical,Negative closing stock; Unusual inventory movement; Unusual closing-stock change; Unusual inventory-value change; Negative inventory value,"Reconcile warehouse movement with purchase, sale and return records; physically validate stock."
Inventory,P00555-W015-2026-02-22,2026-02-22,,P00555,W015,-1366560.0,0.0,0.0,0.0,98.04,Critical,Negative closing stock; Unusual inventory movement; Unusual closing-stock change; Unusual inventory-value change; Negative inventory value,"Reconcile warehouse movement with purchase, sale and return records; physically validate stock."
Inventory,P00555-W015-2026-05-13,2026-05-13,,P00555,W015,-1366560.0,0.0,0.0,0.0,98.04,Critical,Negative closing stock; Unusual inventory movement; Unusual closing-stock change; Unusual inventory-value change; Negative inventory value,"Reconcile warehouse movement with purchase, sale and return records; physically validate stock."
Inventory,P00055-W015-2026-06-12,2026-06-12,,P00055,W015,-1366560.0,0.0,0.0,0.0,98.04,Critical,Negative closing stock; Unusual inventory movement; Unusual closing-stock change; Unusual inventory-value change; Negative inventory value,"Reconcile warehouse movement with purchase, sale and return records; physically validate stock."
Inventory,P00055-W015-2026-01-18,2026-01-18,,P00055,W015,-1366560.0,0.0,0.0,0.0,98.04,Critical,Negative closing stock; Unusual inventory movement; Unusual closing-stock change; Unusual inventory-value change; Negative inventory value,"Reconcile warehouse movement with purchase, sale and return records; physically validate stock."
Inventory,P00160-W020-2025-11-29,2025-11-29,,P00160,W020,-964180.0,0.0,0.0,0.0,98.04,Critical,Negative closing stock; Unusual inventory movement; Unusual closing-stock change; Unusual inventory-value change; Negative inventory value,"Reconcile warehouse movement with purchase, sale and return records; physically validate stock."
Inventory,P00660-W020-2026-08-11,2026-08-11,,P00660,W020,-964180.0,0.0,0.0,0.0,98.04,Critical,Negative closing stock; Unusual inventory movement; Unusual closing-stock change; Unusual inventory-value change; Negative inventory value,"Reconcile warehouse movement with purchase, sale and return records; physically validate stock."
Inventory,P00159-W019-2026-06-16,2026-06-16,,P00159,W019,-921840.0,0.0,0.0,0.0,98.03,Critical,Negative closing stock; Unusual inventory movement; Unusual closing-stock change; Unusual inventory-value change; Negative inventory value,"Reconcile warehouse movement with purchase, sale and return records; physically validate stock."
Inventory,P00659-W019-2025-10-04,2025-10-04,,P00659,W019,-921840.0,0.0,0.0,0.0,98.03,Critical,Negative closing stock; Unusual inventory movement; Unusual closing-stock change; Unusual inventory-value change; Negative inventory value,"Reconcile warehouse movement with purchase, sale and return records; physically validate stock."
Inventory,P00556-W016-2026-07-23,2026-07-23,,P00556,W016,-1403350.0,0.0,0.0,0.0,98.03,Critical,Negative closing stock; Unusual inventory movement; Unusual closing-stock change; Unusual inventory-value change; Negative inventory value,"Reconcile warehouse movement with purchase, sale and return records; physically validate stock."
Inventory,P00056-W016-2026-04-04,2026-04-04,,P00056,W016,-1403350.0,0.0,0.0,0.0,98.03,Critical,Negative closing stock; Unusual inventory movement; Unusual closing-stock change; Unusual inventory-value change; Negative inventory value,"Reconcile warehouse movement with purchase, sale and return records; physically validate stock."
Inventory,P00056-W016-2025-11-10,2025-11-10,,P00056,W016,-1403350.0,0.0,0.0,0.0,98.03,Critical,Negative closing stock; Unusual inventory movement; Unusual closing-stock change; Unusual inventory-value change; Negative inventory value,"Reconcile warehouse movement with purchase, sale and return records; physically validate stock."
Inventory,P00556-W016-2025-12-10,2025-12-10,,P00556,W016,-1403350.0,0.0,0.0,0.0,98.03,Critical,Negative closing stock; Unusual inventory movement; Unusual closing-stock change; Unusual inventory-value change; Negative inventory value,"Reconcile warehouse movement with purchase, sale and return records; physically validate stock."
Inventory,P00556-W016-2026-02-28,2026-02-28,,P00556,W016,-1403350.0,0.0,0.0,0.0,98.03,Critical,Negative closing stock; Unusual inventory movement; Unusual closing-stock change; Unusual inventory-value change; Negative inventory value,"Reconcile warehouse movement with purchase, sale and return records; physically validate stock."
Inventory,P00057-W017-2026-01-20,2026-01-20,,P00057,W017,-1453500.0,0.0,0.0,0.0,98.03,Critical,Negative closing stock; Unusual inventory movement; Unusual closing-stock change; Unusual inventory-value change; Negative inventory value,"Reconcile warehouse movement with purchase, sale and return records; physically validate stock."
Inventory,P00557-W017-2026-05-15,2026-05-15,,P00557,W017,-1453500.0,0.0,0.0,0.0,98.03,Critical,Negative closing stock; Unusual inventory movement; Unusual closing-stock change; Unusual inventory-value change; Negative inventory value,"Reconcile warehouse movement with purchase, sale and return records; physically validate stock."
Inventory,P00160-W020-2026-04-13,2026-04-13,,P00160,W020,-957390.0,0.0,0.0,0.0,98.03,Critical,Negative closing stock; Unusual inventory movement; Unusual closing-stock change; Unusual inventory-value change; Negative inventory value,"Reconcile warehouse movement with purchase, sale and return records; physically validate stock."
Inventory,P00660-W020-2026-08-01,2026-08-01,,P00660,W020,-957390.0,0.0,0.0,0.0,98.03,Critical,Negative closing stock; Unusual inventory movement; Unusual closing-stock change; Unusual inventory-value change; Negative inventory value,"Reconcile warehouse movement with purchase, sale and return records; physically validate stock."
Inventory,P00055-W015-2026-01-13,2026-01-13,,P00055,W015,-1360320.0,0.0,0.0,0.0,98.02,Critical,Negative closing stock; Unusual inventory movement; Unusual closing-stock change; Unusual inventory-value change; Negative inventory value,"Reconcile warehouse movement with purchase, sale and return records; physically validate stock."
Inventory,P00055-W015-2026-08-21,2026-08-21,,P00055,W015,-1360320.0,0.0,0.0,0.0,98.02,Critical,Negative closing stock; Unusual inventory movement; Unusual closing-stock change; Unusual inventory-value change; Negative inventory value,"Reconcile warehouse movement with purchase, sale and return records; physically validate stock."
Inventory,P00555-W015-2026-02-12,2026-02-12,,P00555,W015,-1360320.0,0.0,0.0,0.0,98.02,Critical,Negative closing stock; Unusual inventory movement; Unusual closing-stock change; Unusual inventory-value change; Negative inventory value,"Reconcile warehouse movement with purchase, sale and return records; physically validate stock."
Inventory,P00555-W015-2026-05-03,2026-05-03,,P00555,W015,-1360320.0,0.0,0.0,0.0,98.02,Critical,Negative closing stock; Unusual inventory movement; Unusual closing-stock change; Unusual inventory-value change; Negative inventory value,"Reconcile warehouse movement with purchase, sale and return records; physically validate stock."
Inventory,P00555-W015-2025-09-20,2025-09-20,,P00555,W015,-1360320.0,0.0,0.0,0.0,98.02,Critical,Negative closing stock; Unusual inventory movement; Unusual closing-stock change; Unusual inventory-value change; Negative inventory value,"Reconcile warehouse movement with purchase, sale and return records; physically validate stock."
Inventory,P00055-W015-2026-06-02,2026-06-02,,P00055,W015,-1360320.0,0.0,0.0,0.0,98.02,Critical,Negative closing stock; Unusual inventory movement; Unusual closing-stock change; Unusual inventory-value change; Negative inventory value,"Reconcile warehouse movement with purchase, sale and return records; physically validate stock."
Inventory,P00055-W015-2025-10-25,2025-10-25,,P00055,W015,-1360320.0,0.0,0.0,0.0,98.02,Critical,Negative closing stock; Unusual inventory movement; Unusual closing-stock change; Unusual inventory-value change; Negative inventory value,"Reconcile warehouse movement with purchase, sale and return records; physically validate stock."
Inventory,P00659-W019-2026-02-16,2026-02-16,,P00659,W019,-915160.0,0.0,0.0,0.0,98.02,Critical,Negative closing stock; Unusual inventory movement; Unusual closing-stock change; Unusual inventory-value change; Negative inventory value,"Reconcile warehouse movement with purchase, sale and return records; physically validate stock."
Inventory,P00159-W019-2026-06-06,2026-06-06,,P00159,W019,-915160.0,0.0,0.0,0.0,98.02,Critical,Negative closing stock; Unusual inventory movement; Unusual closing-stock change; Unusual inventory-value change; Negative inventory value,"Reconcile warehouse movement with purchase, sale and return records; physically validate stock."
Inventory,P00057-W017-2026-01-15,2026-01-15,,P00057,W017,-1447040.0,0.0,0.0,0.0,98.01,Critical,Negative closing stock; Unusual inventory movement; Unusual closing-stock change; Unusual inventory-value change; Negative inventory value,"Reconcile warehouse movement with purchase, sale and return records; physically validate stock."
Inventory,P00557-W017-2025-12-11,2025-12-11,,P00557,W017,-1447040.0,0.0,0.0,0.0,98.01,Critical,Negative closing stock; Unusual inventory movement; Unusual closing-stock change; Unusual inventory-value change; Negative inventory value,"Reconcile warehouse movement with purchase, sale and return records; physically validate stock."
Inventory,P00057-W017-2026-04-05,2026-04-05,,P00057,W017,-1447040.0,0.0,0.0,0.0,98.01,Critical,Negative closing stock; Unusual inventory movement; Unusual closing-stock change; Unusual inventory-value change; Negative inventory value,"Reconcile warehouse movement with purchase, sale and return records; physically validate stock."
Inventory,P00057-W017-2026-08-23,2026-08-23,,P00057,W017,-1447040.0,0.0,0.0,0.0,98.01,Critical,Negative closing stock; Unusual inventory movement; Unusual closing-stock change; Unusual inventory-value change; Negative inventory value,"Reconcile warehouse movement with purchase, sale and return records; physically validate stock."
Inventory,P00557-W017-2026-05-05,2026-05-05,,P00557,W017,-1447040.0,0.0,0.0,0.0,98.01,Critical,Negative closing stock; Unusual inventory movement; Unusual closing-stock change; Unusual inventory-value change; Negative inventory value,"Reconcile warehouse movement with purchase, sale and return records; physically validate stock."
Inventory,P00557-W017-2026-07-24,2026-07-24,,P00557,W017,-1447040.0,0.0,0.0,0.0,98.01,Critical,Negative closing stock; Unusual inventory movement; Unusual closing-stock change; Unusual inventory-value change; Negative inventory value,"Reconcile warehouse movement with purchase, sale and return records; physically validate stock."
Inventory,P00057-W017-2025-11-11,2025-11-11,,P00057,W017,-1447040.0,0.0,0.0,0.0,98.01,Critical,Negative closing stock; Unusual inventory movement; Unusual closing-stock change; Unusual inventory-value change; Negative inventory value,"Reconcile warehouse movement with purchase, sale and return records; physically validate stock."
Inventory,P00555-W015-2026-02-02,2026-02-02,,P00555,W015,-1354080.0,0.0,0.0,0.0,98.01,Critical,Negative closing stock; Unusual inventory movement; Unusual closing-stock change; Unusual inventory-value change; Negative inventory value,"Reconcile warehouse movement with purchase, sale and return records; physically validate stock."
Inventory,P00055-W015-2025-10-15,2025-10-15,,P00055,W015,-1354080.0,0.0,0.0,0.0,98.01,Critical,Negative closing stock; Unusual inventory movement; Unusual closing-stock change; Unusual inventory-value change; Negative inventory value,"Reconcile warehouse movement with purchase, sale and return records; physically validate stock."
Inventory,P00055-W015-2026-01-03,2026-01-03,,P00055,W015,-1354080.0,0.0,0.0,0.0,98.01,Critical,Negative closing stock; Unusual inventory movement; Unusual closing-stock change; Unusual inventory-value change; Negative inventory value,"Reconcile warehouse movement with purchase, sale and return records; physically validate stock."
Inventory,P00555-W015-2026-04-23,2026-04-23,,P00555,W015,-1354080.0,0.0,0.0,0.0,98.01,Critical,Negative closing stock; Unusual inventory movement; Unusual closing-stock change; Unusual inventory-value change; Negative inventory value,"Reconcile warehouse movement with purchase, sale and return records; physically validate stock."
Inventory,P00055-W015-2026-05-23,2026-05-23,,P00055,W015,-1354080.0,0.0,0.0,0.0,98.01,Critical,Negative closing stock; Unusual inventory movement; Unusual closing-stock change; Unusual inventory-value change; Negative inventory value,"Reconcile warehouse movement with purchase, sale and return records; physically validate stock."
Inventory,P00057-W017-2026-03-26,2026-03-26,,P00057,W017,-1440580.0,0.0,0.0,0.0,98.0,Critical,Negative closing stock; Unusual inventory movement; Unusual closing-stock change; Unusual inventory-value change; Negative inventory value,"Reconcile warehouse movement with purchase, sale and return records; physically validate stock."
Inventory,P00057-W017-2026-01-05,2026-01-05,,P00057,W017,-1440580.0,0.0,0.0,0.0,98.0,Critical,Negative closing stock; Unusual inventory movement; Unusual closing-stock change; Unusual inventory-value change; Negative inventory value,"Reconcile warehouse movement with purchase, sale and return records; physically validate stock."
Inventory,P00557-W017-2025-12-06,2025-12-06,,P00557,W017,-1440580.0,0.0,0.0,0.0,98.0,Critical,Negative closing stock; Unusual inventory movement; Unusual closing-stock change; Unusual inventory-value change; Negative inventory value,"Reconcile warehouse movement with purchase, sale and return records; physically validate stock."
Inventory,P00557-W017-2026-04-25,2026-04-25,,P00557,W017,-1440580.0,0.0,0.0,0.0,98.0,Critical,Negative closing stock; Unusual inventory movement; Unusual closing-stock change; Unusual inventory-value change; Negative inventory value,"Reconcile warehouse movement with purchase, sale and return records; physically validate stock."
Inventory,P00057-W017-2026-08-13,2026-08-13,,P00057,W017,-1440580.0,0.0,0.0,0.0,98.0,Critical,Negative closing stock; Unusual inventory movement; Unusual closing-stock change; Unusual inventory-value change; Negative inventory value,"Reconcile warehouse movement with purchase, sale and return records; physically validate stock."
Inventory,P00557-W017-2026-07-14,2026-07-14,,P00557,W017,-1440580.0,0.0,0.0,0.0,98.0,Critical,Negative closing stock; Unusual inventory movement; Unusual closing-stock change; Unusual inventory-value change; Negative inventory value,"Reconcile warehouse movement with purchase, sale and return records; physically validate stock."
Inventory,P00660-W020-2026-07-27,2026-07-27,,P00660,W020,-950600.0,0.0,0.0,0.0,98.0,Critical,Negative closing stock; Unusual inventory movement; Unusual closing-stock change; Unusual inventory-value change; Negative inventory value,"Reconcile warehouse movement with purchase, sale and return records; physically validate stock."
Inventory,P00160-W020-2026-06-22,2026-06-22,,P00160,W020,-950600.0,0.0,0.0,0.0,98.0,Critical,Negative closing stock; Unusual inventory movement; Unusual closing-stock change; Unusual inventory-value change; Negative inventory value,"Reconcile warehouse movement with purchase, sale and return records; physically validate stock."
Inventory,P00160-W020-2025-11-14,2025-11-14,,P00160,W020,-950600.0,0.0,0.0,0.0,98.0,Critical,Negative closing stock; Unusual inventory movement; Unusual closing-stock change; Unusual inventory-value change; Negative inventory value,"Reconcile warehouse movement with purchase, sale and return records; physically validate stock."
Inventory,P00160-W020-2026-04-03,2026-04-03,,P00160,W020,-950600.0,0.0,0.0,0.0,98.0,Critical,Negative closing stock; Unusual inventory movement; Unusual closing-stock change; Unusual inventory-value change; Negative inventory value,"Reconcile warehouse movement with purchase, sale and return records; physically validate stock."
Inventory,P00660-W020-2025-12-14,2025-12-14,,P00660,W020,-950600.0,0.0,0.0,0.0,98.0,Critical,Negative closing stock; Unusual inventory movement; Unusual closing-stock change; Unusual inventory-value change; Negative inventory value,"Reconcile warehouse movement with purchase, sale and return records; physically validate stock."
Inventory,P00660-W020-2026-03-04,2026-03-04,,P00660,W020,-950600.0,0.0,0.0,0.0,98.0,Critical,Negative closing stock; Unusual inventory movement; Unusual closing-stock change; Unusual inventory-value change; Negative inventory value,"Reconcile warehouse movement with purchase, sale and return records; physically validate stock."
Inventory,P00056-W016-2025-10-31,2025-10-31,,P00056,W016,-1397000.0,0.0,0.0,0.0,97.99,Critical,Negative closing stock; Unusual inventory movement; Unusual closing-stock change; Unusual inventory-value change; Negative inventory value,"Reconcile warehouse movement with purchase, sale and return records; physically validate stock."
Inventory,P00159-W019-2026-05-17,2026-05-17,,P00159,W019,-948560.0,0.0,0.0,0.0,97.98,Critical,Negative closing stock; Unusual inventory movement; Unusual closing-stock change; Unusual inventory-value change; Negative inventory value,"Reconcile warehouse movement with purchase, sale and return records; physically validate stock."
Inventory,P00159-W019-2026-05-27,2026-05-27,,P00159,W019,-908480.0,0.0,0.0,0.0,97.98,Critical,Negative closing stock; Unusual inventory movement; Unusual closing-stock change; Unusual inventory-value change; Negative inventory value,"Reconcile warehouse movement with purchase, sale and return records; physically validate stock."
Inventory,P00159-W019-2025-10-19,2025-10-19,,P00159,W019,-908480.0,0.0,0.0,0.0,97.98,Critical,Negative closing stock; Unusual inventory movement; Unusual closing-stock change; Unusual inventory-value change; Negative inventory value,"Reconcile warehouse movement with purchase, sale and return records; physically validate stock."
Inventory,P00659-W019-2026-02-06,2026-02-06,,P00659,W019,-908480.0,0.0,0.0,0.0,97.98,Critical,Negative closing stock; Unusual inventory movement; Unusual closing-stock change; Unusual inventory-value change; Negative inventory value,"Reconcile warehouse movement with purchase, sale and return records; physically validate stock."
Inventory,P00057-W017-2026-03-16,2026-03-16,,P00057,W017,-1434120.0,0.0,0.0,0.0,97.98,Critical,Negative closing stock; Unusual inventory movement; Unusual closing-stock change; Unusual inventory-value change; Negative inventory value,"Reconcile warehouse movement with purchase, sale and return records; physically validate stock."
Inventory,P00557-W017-2026-04-15,2026-04-15,,P00557,W017,-1434120.0,0.0,0.0,0.0,97.98,Critical,Negative closing stock; Unusual inventory movement; Unusual closing-stock change; Unusual inventory-value change; Negative inventory value,"Reconcile warehouse movement with purchase, sale and return records; physically validate stock."
Inventory,P00557-W017-2025-09-07,2025-09-07,,P00557,W017,-1434120.0,0.0,0.0,0.0,97.98,Critical,Negative closing stock; Unusual inventory movement; Unusual closing-stock change; Unusual inventory-value change; Negative inventory value,"Reconcile warehouse movement with purchase, sale and return records; physically validate stock."
Inventory,P00057-W017-2025-12-26,2025-12-26,,P00057,W017,-1434120.0,0.0,0.0,0.0,97.98,Critical,Negative closing stock; Unusual inventory movement; Unusual closing-stock change; Unusual inventory-value change; Negative inventory value,"Reconcile warehouse movement with purchase, sale and return records; physically validate stock."
Inventory,P00557-W017-2025-11-26,2025-11-26,,P00557,W017,-1434120.0,0.0,0.0,0.0,97.98,Critical,Negative closing stock; Unusual inventory movement; Unusual closing-stock change; Unusual inventory-value change; Negative inventory value,"Reconcile warehouse movement with purchase, sale and return records; physically validate stock."
Inventory,P00055-W015-2025-12-24,2025-12-24,,P00055,W015,-1347840.0,0.0,0.0,0.0,97.97,Critical,Negative closing stock; Unusual inventory movement; Unusual closing-stock change; Unusual inventory-value change; Negative inventory value,"Reconcile warehouse movement with purchase, sale and return records; physically validate stock."
Inventory,P00556-W016-2026-07-03,2026-07-03,,P00556,W016,-1390650.0,0.0,0.0,0.0,97.97,Critical,Negative closing stock; Unusual inventory movement; Unusual closing-stock change; Unusual inventory-value change; Negative inventory value,"Reconcile warehouse movement with purchase, sale and return records; physically validate stock."
Inventory,P00659-W019-2026-01-17,2026-01-17,,P00659,W019,-941880.0,0.0,0.0,0.0,97.97,Critical,Negative closing stock; Unusual inventory movement; Unusual closing-stock change; Unusual inventory-value change; Negative inventory value,"Reconcile warehouse movement with purchase, sale and return records; physically validate stock."
Inventory,P00556-W016-2026-06-23,2026-06-23,,P00556,W016,-1384300.0,0.0,0.0,0.0,97.97,Critical,Negative closing stock; Unusual inventory movement; Unusual closing-stock change; Unusual inventory-value change; Negative inventory value,"Reconcile warehouse movement with purchase, sale and return records; physically validate stock."
Inventory,P00056-W016-2026-03-05,2026-03-05,,P00056,W016,-1384300.0,0.0,0.0,0.0,97.97,Critical,Negative closing stock; Unusual inventory movement; Unusual closing-stock change; Unusual inventory-value change; Negative inventory value,"Reconcile warehouse movement with purchase, sale and return records; physically validate stock."
Inventory,P00660-W020-2026-02-22,2026-02-22,,P00660,W020,-943810.0,0.0,0.0,0.0,97.97,Critical,Negative closing stock; Unusual inventory movement; Unusual closing-stock change; Unusual inventory-value change; Negative inventory value,"Reconcile warehouse movement with purchase, sale and return records; physically validate stock."
Inventory,P00160-W020-2025-11-04,2025-11-04,,P00160,W020,-943810.0,0.0,0.0,0.0,97.97,Critical,Negative closing stock; Unusual inventory movement; Unusual closing-stock change; Unusual inventory-value change; Negative inventory value,"Reconcile warehouse movement with purchase, sale and return records; physically validate stock."
Inventory,P00555-W015-2026-08-26,2026-08-26,,P00555,W015,-1341600.0,0.0,0.0,0.0,97.96,Critical,Negative closing stock; Unusual inventory movement; Unusual closing-stock change; Unusual inventory-value change; Negative inventory value,"Reconcile warehouse movement with purchase, sale and return records; physically validate stock."
Inventory,P00055-W015-2026-05-08,2026-05-08,,P00055,W015,-1341600.0,0.0,0.0,0.0,97.96,Critical,Negative closing stock; Unusual inventory movement; Unusual closing-stock change; Unusual inventory-value change; Negative inventory value,"Reconcile warehouse movement with purchase, sale and return records; physically validate stock."
Inventory,P00557-W017-2025-11-16,2025-11-16,,P00557,W017,-1427660.0,0.0,0.0,0.0,97.96,Critical,Negative closing stock; Unusual inventory movement; Unusual closing-stock change; Unusual inventory-value change; Negative inventory value,"Reconcile warehouse movement with purchase, sale and return records; physically validate stock."
Inventory,P00057-W017-2026-07-29,2026-07-29,,P00057,W017,-1427660.0,0.0,0.0,0.0,97.96,Critical,Negative closing stock; Unusual inventory movement; Unusual closing-stock change; Unusual inventory-value change; Negative inventory value,"Reconcile warehouse movement with purchase, sale and return records; physically validate stock."
Inventory,P00057-W017-2026-03-06,2026-03-06,,P00057,W017,-1427660.0,0.0,0.0,0.0,97.96,Critical,Negative closing stock; Unusual inventory movement; Unusual closing-stock change; Unusual inventory-value change; Negative inventory value,"Reconcile warehouse movement with purchase, sale and return records; physically validate stock."
Inventory,P00557-W017-2026-06-24,2026-06-24,,P00557,W017,-1427660.0,0.0,0.0,0.0,97.96,Critical,Negative closing stock; Unusual inventory movement; Unusual closing-stock change; Unusual inventory-value change; Negative inventory value,"Reconcile warehouse movement with purchase, sale and return records; physically validate stock."
Inventory,P00159-W019-2025-09-19,2025-09-19,,P00159,W019,-935200.0,0.0,0.0,0.0,97.94,Critical,Negative closing stock; Unusual inventory movement; Unusual closing-stock change; Unusual inventory-value change; Negative inventory value,"Reconcile warehouse movement with purchase, sale and return records; physically validate stock."
Inventory,P00659-W019-2026-01-07,2026-01-07,,P00659,W019,-935200.0,0.0,0.0,0.0,97.94,Critical,Negative closing stock; Unusual inventory movement; Unusual closing-stock change; Unusual inventory-value change; Negative inventory value,"Reconcile warehouse movement with purchase, sale and return records; physically validate stock."
Inventory,P00557-W017-2026-03-31,2026-03-31,,P00557,W017,-1421200.0,0.0,0.0,0.0,97.94,Critical,Negative closing stock; Unusual inventory movement; Unusual closing-stock change; Unusual inventory-value change; Negative inventory value,"Reconcile warehouse movement with purchase, sale and return records; physically validate stock."
Inventory,P00557-W017-2025-11-06,2025-11-06,,P00557,W017,-1421200.0,0.0,0.0,0.0,97.94,Critical,Negative closing stock; Unusual inventory movement; Unusual closing-stock change; Unusual inventory-value change; Negative inventory value,"Reconcile warehouse movement with purchase, sale and return records; physically validate stock."
Inventory,P00057-W017-2026-07-19,2026-07-19,,P00057,W017,-1421200.0,0.0,0.0,0.0,97.94,Critical,Negative closing stock; Unusual inventory movement; Unusual closing-stock change; Unusual inventory-value change; Negative inventory value,"Reconcile warehouse movement with purchase, sale and return records; physically validate stock."
Inventory,P00057-W017-2026-02-24,2026-02-24,,P00057,W017,-1421200.0,0.0,0.0,0.0,97.94,Critical,Negative closing stock; Unusual inventory movement; Unusual closing-stock change; Unusual inventory-value change; Negative inventory value,"Reconcile warehouse movement with purchase, sale and return records; physically validate stock."
Inventory,P00658-W018-2026-05-31,2026-05-31,,P00658,W018,-900090.0,0.0,0.0,0.0,97.93,Critical,Negative closing stock; Unusual inventory movement; Unusual closing-stock change; Unusual inventory-value change; Negative inventory value,"Reconcile warehouse movement with purchase, sale and return records; physically validate stock."
Inventory,P00158-W018-2026-02-10,2026-02-10,,P00158,W018,-900090.0,0.0,0.0,0.0,97.93,Critical,Negative closing stock; Unusual inventory movement; Unusual closing-stock change; Unusual inventory-value change; Negative inventory value,"Reconcile warehouse movement with purchase, sale and return records; physically validate stock."
Inventory,P00160-W020-2025-10-25,2025-10-25,,P00160,W020,-937020.0,0.0,0.0,0.0,97.92,Critical,Negative closing stock; Unusual inventory movement; Unusual closing-stock change; Unusual inventory-value change; Negative inventory value,"Reconcile warehouse movement with purchase, sale and return records; physically validate stock."
Inventory,P00055-W015-2026-04-28,2026-04-28,,P00055,W015,-1335360.0,0.0,0.0,0.0,97.92,Critical,Negative closing stock; Unusual inventory movement; Unusual closing-stock change; Unusual inventory-value change; Negative inventory value,"Reconcile warehouse movement with purchase, sale and return records; physically validate stock."
Inventory,P00555-W015-2026-01-08,2026-01-08,,P00555,W015,-1335360.0,0.0,0.0,0.0,97.92,Critical,Negative closing stock; Unusual inventory movement; Unusual closing-stock change; Unusual inventory-value change; Negative inventory value,"Reconcile warehouse movement with purchase, sale and return records; physically validate stock."
Inventory,P00658-W018-2025-10-13,2025-10-13,,P00658,W018,-893520.0,0.0,0.0,0.0,97.91,Critical,Negative closing stock; Unusual inventory movement; Unusual closing-stock change; Unusual inventory-value change; Negative inventory value,"Reconcile warehouse movement with purchase, sale and return records; physically validate stock."
Inventory,P00158-W018-2026-01-31,2026-01-31,,P00158,W018,-893520.0,0.0,0.0,0.0,97.91,Critical,Negative closing stock; Unusual inventory movement; Unusual closing-stock change; Unusual inventory-value change; Negative inventory value,"Reconcile warehouse movement with purchase, sale and return records; physically validate stock."
Inventory,P00057-W017-2026-07-09,2026-07-09,,P00057,W017,-1414740.0,0.0,0.0,0.0,97.9,Critical,Negative closing stock; Unusual inventory movement; Unusual closing-stock change; Unusual inventory-value change; Negative inventory value,"Reconcile warehouse movement with purchase, sale and return records; physically validate stock."
Inventory,P00557-W017-2026-03-21,2026-03-21,,P00557,W017,-1414740.0,0.0,0.0,0.0,97.9,Critical,Negative closing stock; Unusual inventory movement; Unusual closing-stock change; Unusual inventory-value change; Negative inventory value,"Reconcile warehouse movement with purchase, sale and return records; physically validate stock."
Inventory,P00057-W017-2025-12-01,2025-12-01,,P00057,W017,-1414740.0,0.0,0.0,0.0,97.9,Critical,Negative closing stock; Unusual inventory movement; Unusual closing-stock change; Unusual inventory-value change; Negative inventory value,"Reconcile warehouse movement with purchase, sale and return records; physically validate stock."
Inventory,P00557-W017-2025-10-27,2025-10-27,,P00557,W017,-1414740.0,0.0,0.0,0.0,97.9,Critical,Negative closing stock; Unusual inventory movement; Unusual closing-stock change; Unusual inventory-value change; Negative inventory value,"Reconcile warehouse movement with purchase, sale and return records; physically validate stock."
Inventory,P00659-W019-2026-05-22,2026-05-22,,P00659,W019,-928520.0,0.0,0.0,0.0,97.9,Critical,Negative closing stock; Unusual inventory movement; Unusual closing-stock change; Unusual inventory-value change; Negative inventory value,"Reconcile warehouse movement with purchase, sale and return records; physically validate stock."
Inventory,P00659-W019-2026-01-02,2026-01-02,,P00659,W019,-928520.0,0.0,0.0,0.0,97.9,Critical,Negative closing stock; Unusual inventory movement; Unusual closing-stock change; Unusual inventory-value change; Negative inventory value,"Reconcile warehouse movement with purchase, sale and return records; physically validate stock."
Inventory,P00159-W019-2026-04-22,2026-04-22,,P00159,W019,-928520.0,0.0,0.0,0.0,97.9,Critical,Negative closing stock; Unusual inventory movement; Unusual closing-stock change; Unusual inventory-value change; Negative inventory value,"Reconcile warehouse movement with purchase, sale and return records; physically validate stock."
Inventory,P00159-W019-2025-09-09,2025-09-09,,P00159,W019,-928520.0,0.0,0.0,0.0,97.9,Critical,Negative closing stock; Unusual inventory movement; Unusual closing-stock change; Unusual inventory-value change; Negative inventory value,"Reconcile warehouse movement with purchase, sale and return records; physically validate stock."
Inventory,P00659-W019-2026-08-10,2026-08-10,,P00659,W019,-928520.0,0.0,0.0,0.0,97.9,Critical,Negative closing stock; Unusual inventory movement; Unusual closing-stock change; Unusual inventory-value change; Negative inventory value,"Reconcile warehouse movement with purchase, sale and return records; physically validate stock."
Inventory,P00159-W019-2025-11-28,2025-11-28,,P00159,W019,-928520.0,0.0,0.0,0.0,97.9,Critical,Negative closing stock; Unusual inventory movement; Unusual closing-stock change; Unusual inventory-value change; Negative inventory value,"Reconcile warehouse movement with purchase, sale and return records; physically validate stock."
Inventory,P00660-W020-2026-06-27,2026-06-27,,P00660,W020,-930230.0,0.0,0.0,0.0,97.9,Critical,Negative closing stock; Unusual inventory movement; Unusual closing-stock change; Unusual inventory-value change; Negative inventory value,"Reconcile warehouse movement with purchase, sale and return records; physically validate stock."
Inventory,P00658-W018-2025-10-03,2025-10-03,,P00658,W018,-886950.0,0.0,0.0,0.0,97.89,Critical,Negative closing stock; Unusual inventory movement; Unusual closing-stock change; Unusual inventory-value change; Negative inventory value,"Reconcile warehouse movement with purchase, sale and return records; physically validate stock."
Inventory,P00158-W018-2026-06-15,2026-06-15,,P00158,W018,-886950.0,0.0,0.0,0.0,97.89,Critical,Negative closing stock; Unusual inventory movement; Unusual closing-stock change; Unusual inventory-value change; Negative inventory value,"Reconcile warehouse movement with purchase, sale and return records; physically validate stock."
Inventory,P00055-W015-2026-04-18,2026-04-18,,P00055,W015,-1372800.0,0.0,0.0,0.0,97.89,Critical,Negative closing stock; Unusual inventory movement; Unusual closing-stock change; Unusual inventory-value change; Negative inventory value,"Reconcile warehouse movement with purchase, sale and return records; physically validate stock."
Inventory,P00555-W015-2026-08-06,2026-08-06,,P00555,W015,-1372800.0,0.0,0.0,0.0,97.89,Critical,Negative closing stock; Unusual inventory movement; Unusual closing-stock change; Unusual inventory-value change; Negative inventory value,"Reconcile warehouse movement with purchase, sale and return records; physically validate stock."
Inventory,P00053-W013-2026-01-11,2026-01-11,,P00053,W013,-1276240.0,0.0,0.0,0.0,97.88,Critical,Negative closing stock; Unusual inventory movement; Unusual closing-stock change; Unusual inventory-value change; Negative inventory value,"Reconcile warehouse movement with purchase, sale and return records; physically validate stock."
Inventory,P00553-W013-2026-05-01,2026-05-01,,P00553,W013,-1276240.0,0.0,0.0,0.0,97.88,Critical,Negative closing stock; Unusual inventory movement; Unusual closing-stock change; Unusual inventory-value change; Negative inventory value,"Reconcile warehouse movement with purchase, sale and return records; physically validate stock."
Inventory,P00053-W013-2026-08-19,2026-08-19,,P00053,W013,-1276240.0,0.0,0.0,0.0,97.88,Critical,Negative closing stock; Unusual inventory movement; Unusual closing-stock change; Unusual inventory-value change; Negative inventory value,"Reconcile warehouse movement with purchase, sale and return records; physically validate stock."
Inventory,P00055-W015-2026-04-08,2026-04-08,,P00055,W015,-1366560.0,0.0,0.0,0.0,97.87,Critical,Negative closing stock; Unusual inventory movement; Unusual closing-stock change; Unusual inventory-value change; Negative inventory value,"Reconcile warehouse movement with purchase, sale and return records; physically validate stock."
Inventory,P00556-W016-2025-12-30,2025-12-30,,P00556,W016,-1416050.0,0.0,0.0,0.0,97.87,Critical,Negative closing stock; Unusual inventory movement; Unusual closing-stock change; Unusual inventory-value change; Negative inventory value,"Reconcile warehouse movement with purchase, sale and return records; physically validate stock."
Inventory,P00556-W016-2026-05-19,2026-05-19,,P00556,W016,-1416050.0,0.0,0.0,0.0,97.87,Critical,Negative closing stock; Unusual inventory movement; Unusual closing-stock change; Unusual inventory-value change; Negative inventory value,"Reconcile warehouse movement with purchase, sale and return records; physically validate stock."
Inventory,P00056-W016-2025-09-11,2025-09-11,,P00056,W016,-1416050.0,0.0,0.0,0.0,97.87,Critical,Negative closing stock; Unusual inventory movement; Unusual closing-stock change; Unusual inventory-value change; Negative inventory value,"Reconcile warehouse movement with purchase, sale and return records; physically validate stock."
Inventory,P00159-W019-2026-04-12,2026-04-12,,P00159,W019,-921840.0,0.0,0.0,0.0,97.86,Critical,Negative closing stock; Unusual inventory movement; Unusual closing-stock change; Unusual inventory-value change; Negative inventory value,"Reconcile warehouse movement with purchase, sale and return records; physically validate stock."
Inventory,P00659-W019-2026-07-31,2026-07-31,,P00659,W019,-921840.0,0.0,0.0,0.0,97.86,Critical,Negative closing stock; Unusual inventory movement; Unusual closing-stock change; Unusual inventory-value change; Negative inventory value,"Reconcile warehouse movement with purchase, sale and return records; physically validate stock."
Inventory,P00555-W015-2025-12-09,2025-12-09,,P00555,W015,-1360320.0,0.0,0.0,0.0,97.86,Critical,Negative closing stock; Unusual inventory movement; Unusual closing-stock change; Unusual inventory-value change; Negative inventory value,"Reconcile warehouse movement with purchase, sale and return records; physically validate stock."
Inventory,P00158-W018-2026-01-11,2026-01-11,,P00158,W018,-880380.0,0.0,0.0,0.0,97.85,Critical,Negative closing stock; Unusual inventory movement; Unusual closing-stock change; Unusual inventory-value change; Negative inventory value,"Reconcile warehouse movement with purchase, sale and return records; physically validate stock."
Inventory,P00158-W018-2026-06-05,2026-06-05,,P00158,W018,-880380.0,0.0,0.0,0.0,97.85,Critical,Negative closing stock; Unusual inventory movement; Unusual closing-stock change; Unusual inventory-value change; Negative inventory value,"Reconcile warehouse movement with purchase, sale and return records; physically validate stock."
Inventory,P00158-W018-2026-08-24,2026-08-24,,P00158,W018,-880380.0,0.0,0.0,0.0,97.85,Critical,Negative closing stock; Unusual inventory movement; Unusual closing-stock change; Unusual inventory-value change; Negative inventory value,"Reconcile warehouse movement with purchase, sale and return records; physically validate stock."
Inventory,P00658-W018-2026-02-15,2026-02-15,,P00658,W018,-880380.0,0.0,0.0,0.0,97.85,Critical,Negative closing stock; Unusual inventory movement; Unusual closing-stock change; Unusual inventory-value change; Negative inventory value,"Reconcile warehouse movement with purchase, sale and return records; physically validate stock."
Inventory,P00658-W018-2026-05-06,2026-05-06,,P00658,W018,-880380.0,0.0,0.0,0.0,97.85,Critical,Negative closing stock; Unusual inventory movement; Unusual closing-stock change; Unusual inventory-value change; Negative inventory value,"Reconcile warehouse movement with purchase, sale and return records; physically validate stock."
Inventory,P00556-W016-2026-05-14,2026-05-14,,P00556,W016,-1409700.0,0.0,0.0,0.0,97.85,Critical,Negative closing stock; Unusual inventory movement; Unusual closing-stock change; Unusual inventory-value change; Negative inventory value,"Reconcile warehouse movement with purchase, sale and return records; physically validate stock."
Inventory,P00056-W016-2026-01-19,2026-01-19,,P00056,W016,-1409700.0,0.0,0.0,0.0,97.85,Critical,Negative closing stock; Unusual inventory movement; Unusual closing-stock change; Unusual inventory-value change; Negative inventory value,"Reconcile warehouse movement with purchase, sale and return records; physically validate stock."
Inventory,P00659-W019-2025-12-13,2025-12-13,,P00659,W019,-915160.0,0.0,0.0,0.0,97.84,Critical,Negative closing stock; Unusual inventory movement; Unusual closing-stock change; Unusual inventory-value change; Negative inventory value,"Reconcile warehouse movement with purchase, sale and return records; physically validate stock."
Inventory,P00159-W019-2026-04-02,2026-04-02,,P00159,W019,-915160.0,0.0,0.0,0.0,97.84,Critical,Negative closing stock; Unusual inventory movement; Unusual closing-stock change; Unusual inventory-value change; Negative inventory value,"Reconcile warehouse movement with purchase, sale and return records; physically validate stock."
Inventory,P00555-W015-2026-07-12,2026-07-12,,P00555,W015,-1354080.0,0.0,0.0,0.0,97.84,Critical,Negative closing stock; Unusual inventory movement; Unusual closing-stock change; Unusual inventory-value change; Negative inventory value,"Reconcile warehouse movement with purchase, sale and return records; physically validate stock."
Inventory,P00055-W015-2025-10-30,2025-10-30,,P00055,W015,-1354080.0,0.0,0.0,0.0,97.84,Critical,Negative closing stock; Unusual inventory movement; Unusual closing-stock change; Unusual inventory-value change; Negative inventory value,"Reconcile warehouse movement with purchase, sale and return records; physically validate stock."
Inventory,P00055-W015-2026-03-24,2026-03-24,,P00055,W015,-1354080.0,0.0,0.0,0.0,97.84,Critical,Negative closing stock; Unusual inventory movement; Unusual closing-stock change; Unusual inventory-value change; Negative inventory value,"Reconcile warehouse movement with purchase, sale and return records; physically validate stock."
Inventory,P00555-W015-2025-12-04,2025-12-04,,P00555,W015,-1354080.0,0.0,0.0,0.0,97.84,Critical,Negative closing stock; Unusual inventory movement; Unusual closing-stock change; Unusual inventory-value change; Negative inventory value,"Reconcile warehouse movement with purchase, sale and return records; physically validate stock."
Inventory,P00055-W015-2026-08-11,2026-08-11,,P00055,W015,-1354080.0,0.0,0.0,0.0,97.84,Critical,Negative closing stock; Unusual inventory movement; Unusual closing-stock change; Unusual inventory-value change; Negative inventory value,"Reconcile warehouse movement with purchase, sale and return records; physically validate stock."
Inventory,P00160-W020-2025-09-10,2025-09-10,,P00160,W020,-964180.0,0.0,0.0,0.0,97.83,Critical,Negative closing stock; Unusual inventory movement; Unusual closing-stock change; Unusual inventory-value change; Negative inventory value,"Reconcile warehouse movement with purchase, sale and return records; physically validate stock."
Inventory,P00660-W020-2026-01-03,2026-01-03,,P00660,W020,-964180.0,0.0,0.0,0.0,97.83,Critical,Negative closing stock; Unusual inventory movement; Unusual closing-stock change; Unusual inventory-value change; Negative inventory value,"Reconcile warehouse movement with purchase, sale and return records; physically validate stock."
Inventory,P00660-W020-2026-05-23,2026-05-23,,P00660,W020,-964180.0,0.0,0.0,0.0,97.83,Critical,Negative closing stock; Unusual inventory movement; Unusual closing-stock change; Unusual inventory-value change; Negative inventory value,"Reconcile warehouse movement with purchase, sale and return records; physically validate stock."
Inventory,P00160-W020-2026-04-23,2026-04-23,,P00160,W020,-964180.0,0.0,0.0,0.0,97.83,Critical,Negative closing stock; Unusual inventory movement; Unusual closing-stock change; Unusual inventory-value change; Negative inventory value,"Reconcile warehouse movement with purchase, sale and return records; physically validate stock."
Inventory,P00054-W014-2026-08-20,2026-08-20,,P00054,W014,-1317950.0,0.0,0.0,0.0,97.83,Critical,Negative closing stock; Unusual inventory movement; Unusual closing-stock change; Unusual inventory-value change; Negative inventory value,"Reconcile warehouse movement with purchase, sale and return records; physically validate stock."
Sales,SA00139894,2025-12-09,C019895,P00895,C019895,5782.58,369.1,1230.34,-1567.2,97.24,Critical,Unusual transaction amount; Unusual refund; Unusual quantity; Negative-profit transaction,"Validate order, discount, refund and customer purchase history before approval."
Sales,SA00012494,2025-11-24,C012495,P00495,C012495,5782.58,369.1,1230.34,-1527.2,97.07,Critical,Unusual transaction amount; Unusual refund; Unusual quantity; Negative-profit transaction,"Validate order, discount, refund and customer purchase history before approval."
Sales,SA00138984,2026-06-12,C018985,P00985,C018985,5185.56,330.99,1103.31,-1383.01,97.03,Critical,Unusual transaction amount; Unusual refund; Unusual quantity; Negative-profit transaction,"Validate order, discount, refund and customer purchase history before approval."
Sales,SA00110774,2026-02-27,C010775,P00775,C010775,4588.54,292.89,976.28,-1258.82,96.78,Critical,Unusual discount; Unusual refund; Unusual quantity; Negative-profit transaction,"Validate order, discount, refund and customer purchase history before approval."
Sales,SA00010674,2025-11-29,C010675,P00675,C010675,4588.54,292.89,976.28,-1238.82,96.77,Critical,Unusual discount; Unusual refund; Unusual quantity; Negative-profit transaction,"Validate order, discount, refund and customer purchase history before approval."
Sales,SA00166284,2026-03-29,C006285,P00285,C006285,5185.56,330.99,1103.31,-1403.01,96.71,Critical,Unusual transaction amount; Unusual refund; Unusual quantity; Negative-profit transaction,"Validate order, discount, refund and customer purchase history before approval."
Sales,SA00111684,2026-08-26,C011685,P00685,C011685,5185.56,330.99,1103.31,-1363.01,96.69,Critical,Unusual transaction amount; Unusual refund; Unusual quantity; Negative-profit transaction,"Validate order, discount, refund and customer purchase history before approval."
Sales,SA00180389,2025-11-19,C000390,P00390,C000390,5484.07,350.05,1166.82,-1505.09,96.6,Critical,Unusual transaction amount; Unusual refund; Unusual quantity; Negative-profit transaction,"Validate order, discount, refund and customer purchase history before approval."
Sales,SA00133979,2025-09-25,C013980,P00980,C013980,4887.05,311.94,1039.8,-1340.92,96.55,Critical,Unusual refund; Unusual quantity; Negative-profit transaction,"Validate order, discount, refund and customer purchase history before approval."
Sales,SA00167194,2025-09-25,C007195,P00195,C007195,5782.58,369.1,1230.34,-1587.2,96.5,Critical,Unusual transaction amount; Unusual refund; Unusual quantity; Negative-profit transaction,"Validate order, discount, refund and customer purchase history before approval."
Sales,SA00118054,2026-02-07,C018055,P00055,C018055,3394.49,216.67,722.23,-950.46,96.44,Critical,Unusual refund; Unusual quantity; Negative-profit transaction,"Validate order, discount, refund and customer purchase history before approval."
Sales,SA00005669,2026-03-14,C005670,P00670,C005670,4290.02,273.83,912.77,-1196.73,96.39,Critical,Unusual refund; Unusual quantity; Negative-profit transaction,"Validate order, discount, refund and customer purchase history before approval."
Sales,SA00006579,2025-09-10,C006580,P00580,C006580,4887.05,311.94,1039.8,-1300.92,96.33,Critical,Unusual refund; Unusual quantity; Negative-profit transaction,"Validate order, discount, refund and customer purchase history before approval."
Sales,SA00135799,2025-09-20,C015800,P00800,C015800,6081.09,388.15,1293.85,-1629.29,96.3,Critical,Unusual transaction amount; Unusual refund; Unusual quantity; Negative-profit transaction,"Validate order, discount, refund and customer purchase history before approval."
Sales,SA00089389,2026-07-27,C009390,P00390,C009390,5484.07,350.05,1166.82,-1465.09,96.29,Critical,Unusual transaction amount; Unusual refund; Unusual quantity; Negative-profit transaction,"Validate order, discount, refund and customer purchase history before approval."
Sales,SA00181299,2026-05-18,C001300,P00300,C001300,6081.09,388.15,1293.85,-1609.29,96.29,Critical,Unusual transaction amount; Unusual refund; Unusual quantity; Negative-profit transaction,"Validate order, discount, refund and customer purchase history before approval."
Sales,SA00129884,2026-07-07,C009885,P00885,C009885,5185.56,330.99,1103.31,-1403.01,96.27,Critical,Unusual transaction amount; Unusual refund; Unusual quantity; Negative-profit transaction,"Validate order, discount, refund and customer purchase history before approval."
Sales,SA00143989,2026-02-27,C003990,P00990,C003990,5484.07,350.05,1166.82,-1505.09,96.22,Critical,Unusual transaction amount; Unusual refund; Unusual quantity; Negative-profit transaction,"Validate order, discount, refund and customer purchase history before approval."
Sales,SA00123059,2025-10-25,C003060,P00060,C003060,3693.0,235.72,785.75,-992.55,96.21,Critical,Unusual refund; Unusual quantity; Negative-profit transaction,"Validate order, discount, refund and customer purchase history before approval."
Sales,SA00047984,2026-02-17,C007985,P00985,C007985,5185.56,330.99,1103.31,-1423.01,96.14,Critical,Unusual transaction amount; Unusual refund; Unusual quantity; Negative-profit transaction,"Validate order, discount, refund and customer purchase history before approval."
Sales,SA00121694,2026-01-28,C001695,P00695,C001695,5782.58,369.1,1230.34,-1527.2,96.12,Critical,Unusual transaction amount; Unusual refund; Unusual quantity; Negative-profit transaction,"Validate order, discount, refund and customer purchase history before approval."
Sales,SA00097384,2026-06-22,C017385,P00385,C017385,5516.55,0.0,1103.31,-1176.74,96.11,Critical,Unusual transaction amount; Unusual refund; Unusual quantity; Negative-profit transaction,"Validate order, discount, refund and customer purchase history before approval."
Sales,SA00146264,2026-05-23,C006265,P00265,C006265,3991.51,254.78,849.26,-1074.65,96.1,Critical,Unusual refund; Unusual quantity; Negative-profit transaction,"Validate order, discount, refund and customer purchase history before approval."
Sales,SA00132705,2026-03-30,C012706,P00706,C012706,93.82,5.99,99.81,-193.04,96.04,Critical,Unusual discount; Unusual refund; Unusual quantity; Negative-profit transaction,"Validate order, discount, refund and customer purchase history before approval."
Sales,SA00007489,2026-03-09,C007490,P00490,C007490,5484.07,350.05,1166.82,-1485.09,95.97,Critical,Unusual transaction amount; Unusual refund; Unusual quantity; Negative-profit transaction,"Validate order, discount, refund and customer purchase history before approval."
Sales,SA00145900,2026-05-24,C005901,P00901,C005901,34.12,2.18,36.29,-121.8,95.96,Critical,Unusual discount; Unusual refund; Unusual quantity; Negative-profit transaction,"Validate order, discount, refund and customer purchase history before approval."
Sales,SA00098294,2025-12-19,C018295,P00295,C018295,6151.68,0.0,1230.34,-1337.17,95.92,Critical,Unusual transaction amount; Unusual refund; Unusual quantity; Negative-profit transaction,"Validate order, discount, refund and customer purchase history before approval."
Sales,SA00047074,2026-08-21,C007075,P00075,C007075,4588.54,292.89,976.28,-1238.82,95.91,Critical,Unusual discount; Unusual refund; Unusual quantity; Negative-profit transaction,"Validate order, discount, refund and customer purchase history before approval."
Sales,SA00172199,2026-06-12,C012200,P00200,C012200,6081.09,388.15,1293.85,-1629.29,95.84,Critical,Unusual transaction amount; Unusual refund; Unusual quantity; Negative-profit transaction,"Validate order, discount, refund and customer purchase history before approval."
Sales,SA00124515,2025-10-21,C004516,P00516,C004516,213.22,13.61,226.83,-295.49,95.83,Critical,Unusual discount; Unusual refund; Unusual quantity; Negative-profit transaction,"Validate order, discount, refund and customer purchase history before approval."
Sales,SA00005305,2026-03-15,C005306,P00306,C005306,93.82,5.99,99.81,-153.04,95.8,Critical,Unusual discount; Unusual refund; Unusual quantity; Negative-profit transaction,"Validate order, discount, refund and customer purchase history before approval."
Sales,SA00012949,2026-02-22,C012950,P00950,C012950,3095.98,197.62,658.72,-888.38,95.75,Critical,Unusual discount; Unusual refund; Unusual quantity; Negative-profit transaction,"Validate order, discount, refund and customer purchase history before approval."
Sales,SA00039794,2025-09-10,C019795,P00795,C019795,5782.58,369.1,1230.34,-1547.2,95.73,Critical,Unusual transaction amount; Unusual refund; Unusual quantity; Negative-profit transaction,"Validate order, discount, refund and customer purchase history before approval."
Sales,SA00138620,2026-06-13,C018621,P00621,C018621,272.92,17.42,290.34,-386.72,95.7,Critical,Unusual refund; Unusual quantity; Negative-profit transaction,"Validate order, discount, refund and customer purchase history before approval."
Sales,SA00179479,2026-05-23,C019480,P00480,C019480,4887.05,311.94,1039.8,-1320.92,95.69,Critical,Unusual refund; Unusual quantity; Negative-profit transaction,"Validate order, discount, refund and customer purchase history before approval."
Sales,SA00021594,2025-10-30,C001595,P00595,C001595,5782.58,369.1,1230.34,-1587.2,95.67,Critical,Unusual transaction amount; Unusual refund; Unusual quantity; Negative-profit transaction,"Validate order, discount, refund and customer purchase history before approval."
Sales,SA00032969,2025-12-29,C012970,P00970,C012970,4290.02,273.83,912.77,-1136.73,95.67,Critical,Unusual refund; Unusual quantity; Negative-profit transaction,"Validate order, discount, refund and customer purchase history before approval."
Sales,SA00161279,2026-07-12,C001280,P00280,C001280,4887.05,311.94,1039.8,-1360.92,95.66,Critical,Unusual refund; Unusual quantity; Negative-profit transaction,"Validate order, discount, refund and customer purchase history before approval."
Sales,SA00146979,2026-05-08,C006980,P00980,C006980,5198.99,0.0,1039.8,-1106.52,95.66,Critical,Unusual transaction amount; Unusual refund; Unusual quantity; Negative-profit transaction,"Validate order, discount, refund and customer purchase history before approval."
Sales,SA00083279,2025-10-30,C003280,P00280,C003280,5198.99,0.0,1039.8,-1166.52,95.65,Critical,Unusual transaction amount; Unusual refund; Unusual quantity; Negative-profit transaction,"Validate order, discount, refund and customer purchase history before approval."
Sales,SA00061179,2026-04-13,C001180,P00180,C001180,4887.05,311.94,1039.8,-1340.92,95.64,Critical,Unusual refund; Unusual quantity; Negative-profit transaction,"Validate order, discount, refund and customer purchase history before approval."
Sales,SA00185394,2026-08-06,C005395,P00395,C005395,5782.58,369.1,1230.34,-1547.2,95.62,Critical,Unusual transaction amount; Unusual refund; Unusual quantity; Negative-profit transaction,"Validate order, discount, refund and customer purchase history before approval."
Sales,SA00061894,2026-03-29,C001895,P00895,C001895,6151.68,0.0,1230.34,-1337.17,95.61,Critical,Unusual transaction amount; Unusual refund; Unusual quantity; Negative-profit transaction,"Validate order, discount, refund and customer purchase history before approval."
Sales,SA00137710,2025-12-15,C017711,P00711,C017711,153.52,9.8,163.32,-224.26,95.61,Critical,Unusual discount; Unusual refund; Unusual quantity; Negative-profit transaction,"Validate order, discount, refund and customer purchase history before approval."
Sales,SA00119874,2026-02-02,C019875,P00875,C019875,4588.54,292.89,976.28,-1238.82,95.6,Critical,Unusual discount; Unusual refund; Unusual quantity; Negative-profit transaction,"Validate order, discount, refund and customer purchase history before approval."
Sales,SA00187669,2025-10-30,C007670,P00670,C007670,4290.02,273.83,912.77,-1196.73,95.59,Critical,Unusual refund; Unusual quantity; Negative-profit transaction,"Validate order, discount, refund and customer purchase history before approval."
Sales,SA00023869,2026-01-23,C003870,P00870,C003870,4290.02,273.83,912.77,-1156.73,95.56,Critical,Unusual refund; Unusual quantity; Negative-profit transaction,"Validate order, discount, refund and customer purchase history before approval."
Sales,SA00128064,2026-07-12,C008065,P00065,C008065,3991.51,254.78,849.26,-1114.65,95.56,Critical,Unusual refund; Unusual quantity; Negative-profit transaction,"Validate order, discount, refund and customer purchase history before approval."
Sales,SA00126049,2026-01-03,C006050,P00050,C006050,3293.6,0.0,658.72,-745.21,95.52,Critical,Unusual refund; Unusual quantity; Negative-profit transaction,"Validate order, discount, refund and customer purchase history before approval."
Sales,SA00156274,2025-10-25,C016275,P00275,C016275,4588.54,292.89,976.28,-1238.82,95.51,Critical,Unusual discount; Unusual refund; Unusual quantity; Negative-profit transaction,"Validate order, discount, refund and customer purchase history before approval."
Sales,SA00164100,2026-04-04,C004101,P00101,C004101,34.12,2.18,36.29,-81.8,95.5,Critical,Unusual discount; Unusual refund; Unusual quantity; Negative-profit transaction,"Validate order, discount, refund and customer purchase history before approval."
Sales,SA00097579,2026-01-03,C017580,P00580,C017580,4887.05,311.94,1039.8,-1340.92,95.5,Critical,Unusual refund; Unusual quantity; Negative-profit transaction,"Validate order, discount, refund and customer purchase history before approval."
Sales,SA00096474,2025-12-24,C016475,P00475,C016475,4881.42,0.0,976.28,-1096.3,95.42,Critical,Unusual refund; Unusual quantity; Negative-profit transaction,"Validate order, discount, refund and customer purchase history before approval."
Sales,SA00069005,2025-09-21,C009006,P00006,C009006,93.82,5.99,99.81,-173.04,95.41,Critical,Unusual discount; Unusual refund; Unusual quantity; Negative-profit transaction,"Validate order, discount, refund and customer purchase history before approval."
Sales,SA00121499,2026-07-17,C001500,P00500,C001500,6469.24,0.0,1293.85,-1407.4,95.4,Critical,Unusual transaction amount; Unusual refund; Unusual quantity; Negative-profit transaction,"Validate order, discount, refund and customer purchase history before approval."
Sales,SA00047789,2026-08-06,C007790,P00790,C007790,5834.11,0.0,1166.82,-1246.95,95.4,Critical,Unusual transaction amount; Unusual refund; Unusual quantity; Negative-profit transaction,"Validate order, discount, refund and customer purchase history before approval."
Sales,SA00053899,2026-05-03,C013900,P00900,C013900,6081.09,388.15,1293.85,-1649.29,95.38,Critical,Unusual transaction amount; Unusual refund; Unusual quantity; Negative-profit transaction,"Validate order, discount, refund and customer purchase history before approval."
Sales,SA00070084,2025-09-05,C010085,P00085,C010085,5516.55,0.0,1103.31,-1156.74,95.38,Critical,Unusual transaction amount; Unusual refund; Unusual quantity; Negative-profit transaction,"Validate order, discount, refund and customer purchase history before approval."
Sales,SA00038884,2026-03-14,C018885,P00885,C018885,5185.56,330.99,1103.31,-1363.01,95.37,Critical,Unusual transaction amount; Unusual refund; Unusual quantity; Negative-profit transaction,"Validate order, discount, refund and customer purchase history before approval."
Sales,SA00027964,2026-04-13,C007965,P00965,C007965,3991.51,254.78,849.26,-1094.65,95.33,Critical,Unusual refund; Unusual quantity; Negative-profit transaction,"Validate order, discount, refund and customer purchase history before approval."
Sales,SA00048699,2026-02-02,C008700,P00700,C008700,6469.24,0.0,1293.85,-1407.4,95.33,Critical,Unusual transaction amount; Unusual refund; Unusual quantity; Negative-profit transaction,"Validate order, discount, refund and customer purchase history before approval."
Sales,SA00162189,2026-01-08,C002190,P00190,C002190,5484.07,350.05,1166.82,-1465.09,95.33,Critical,Unusual transaction amount; Unusual refund; Unusual quantity; Negative-profit transaction,"Validate order, discount, refund and customer purchase history before approval."
Sales,SA00020489,2025-10-20,C000490,P00490,C000490,5834.11,0.0,1166.82,-1226.95,95.32,Critical,Unusual transaction amount; Unusual refund; Unusual quantity; Negative-profit transaction,"Validate order, discount, refund and customer purchase history before approval."
Sales,SA00088479,2026-01-28,C008480,P00480,C008480,4887.05,311.94,1039.8,-1360.92,95.31,Critical,Unusual refund; Unusual quantity; Negative-profit transaction,"Validate order, discount, refund and customer purchase history before approval."
Sales,SA00083474,2026-05-13,C003475,P00475,C003475,4588.54,292.89,976.28,-1238.82,95.29,Critical,Unusual discount; Unusual refund; Unusual quantity; Negative-profit transaction,"Validate order, discount, refund and customer purchase history before approval."
Sales,SA00118405,2026-01-24,C018406,P00406,C018406,99.81,0.0,99.81,-129.31,95.28,Critical,Unusual refund; Unusual quantity; Negative-profit transaction,"Validate order, discount, refund and customer purchase history before approval."
Sales,SA00002289,2025-12-09,C002290,P00290,C002290,5834.11,0.0,1166.82,-1266.95,95.27,Critical,Unusual transaction amount; Unusual refund; Unusual quantity; Negative-profit transaction,"Validate order, discount, refund and customer purchase history before approval."
Sales,SA00123605,2026-04-24,C003606,P00606,C003606,93.82,5.99,99.81,-133.04,95.27,Critical,Unusual discount; Unusual refund; Unusual quantity; Negative-profit transaction,"Validate order, discount, refund and customer purchase history before approval."
Sales,SA00161084,2025-12-29,C001085,P00085,C001085,5516.55,0.0,1103.31,-1196.74,95.24,Critical,Unusual transaction amount; Unusual refund; Unusual quantity; Negative-profit transaction,"Validate order, discount, refund and customer purchase history before approval."
Sales,SA00147889,2025-11-04,C007890,P00890,C007890,5834.11,0.0,1166.82,-1266.95,95.23,Critical,Unusual transaction amount; Unusual refund; Unusual quantity; Negative-profit transaction,"Validate order, discount, refund and customer purchase history before approval."
Sales,SA00075284,2025-12-04,C015285,P00285,C015285,5185.56,330.99,1103.31,-1363.01,95.19,Critical,Unusual transaction amount; Unusual refund; Unusual quantity; Negative-profit transaction,"Validate order, discount, refund and customer purchase history before approval."
Sales,SA00148799,2026-05-03,C008800,P00800,C008800,6469.24,0.0,1293.85,-1427.4,95.19,Critical,Unusual transaction amount; Unusual refund; Unusual quantity; Negative-profit transaction,"Validate order, discount, refund and customer purchase history before approval."
Sales,SA00070994,2026-03-04,C010995,P00995,C010995,6151.68,0.0,1230.34,-1317.17,95.16,Critical,Unusual transaction amount; Unusual refund; Unusual quantity; Negative-profit transaction,"Validate order, discount, refund and customer purchase history before approval."
Sales,SA00148084,2026-05-18,C008085,P00085,C008085,5185.56,330.99,1103.31,-1363.01,95.16,Critical,Unusual transaction amount; Unusual refund; Unusual quantity; Negative-profit transaction,"Validate order, discount, refund and customer purchase history before approval."
Sales,SA00115415,2025-11-15,C015416,P00416,C015416,213.22,13.61,226.83,-315.49,95.15,Critical,Unusual discount; Unusual refund; Unusual quantity; Negative-profit transaction,"Validate order, discount, refund and customer purchase history before approval."
Sales,SA00136254,2025-12-19,C016255,P00255,C016255,3394.49,216.67,722.23,-910.46,95.12,Critical,Unusual refund; Unusual quantity; Negative-profit transaction,"Validate order, discount, refund and customer purchase history before approval."
Sales,SA00028874,2025-10-10,C008875,P00875,C008875,4588.54,292.89,976.28,-1278.82,95.12,Critical,Unusual discount; Unusual refund; Unusual quantity; Negative-profit transaction,"Validate order, discount, refund and customer purchase history before approval."
Sales,SA00106484,2026-05-28,C006485,P00485,C006485,5516.55,0.0,1103.31,-1156.74,95.11,Critical,Unusual transaction amount; Unusual refund; Unusual quantity; Negative-profit transaction,"Validate order, discount, refund and customer purchase history before approval."
Sales,SA00069174,2026-03-09,C009175,P00175,C009175,4881.42,0.0,976.28,-1076.3,95.07,Critical,Unusual refund; Unusual quantity; Negative-profit transaction,"Validate order, discount, refund and customer purchase history before approval."
Sales,SA00082564,2025-11-14,C002565,P00565,C002565,3991.51,254.78,849.26,-1054.65,95.06,Critical,Unusual refund; Unusual quantity; Negative-profit transaction,"Validate order, discount, refund and customer purchase history before approval."
Sales,SA00184484,2026-02-07,C004485,P00485,C004485,5185.56,330.99,1103.31,-1363.01,95.06,Critical,Unusual transaction amount; Unusual refund; Unusual quantity; Negative-profit transaction,"Validate order, discount, refund and customer purchase history before approval."
Sales,SA00130599,2026-06-22,C010600,P00600,C010600,6469.24,0.0,1293.85,-1387.4,94.99,Critical,Unusual transaction amount; Unusual refund; Unusual quantity; Negative-profit transaction,"Validate order, discount, refund and customer purchase history before approval."
Sales,SA00107394,2025-11-24,C007395,P00395,C007395,6151.68,0.0,1230.34,-1317.17,94.98,Critical,Unusual transaction amount; Unusual refund; Unusual quantity; Negative-profit transaction,"Validate order, discount, refund and customer purchase history before approval."
Sales,SA00094394,2026-04-13,C014395,P00395,C014395,5782.58,369.1,1230.34,-1587.2,94.94,Critical,Unusual transaction amount; Unusual refund; Unusual quantity; Negative-profit transaction,"Validate order, discount, refund and customer purchase history before approval."
Sales,SA00091105,2026-04-09,C011106,P00106,C011106,99.81,0.0,99.81,-244.84,94.93,Critical,Unusual refund; Unusual quantity; Negative-profit transaction,"Validate order, discount, refund and customer purchase history before approval."
Sales,SA00173200,2026-03-10,C013201,P00201,C013201,34.12,2.18,36.29,-61.8,94.92,Critical,Unusual discount; Unusual refund; Unusual quantity; Negative-profit transaction,"Validate order, discount, refund and customer purchase history before approval."
Sales,SA00012299,2026-05-13,C012300,P00300,C012300,6469.24,0.0,1293.85,-1407.4,94.92,Critical,Unusual transaction amount; Unusual refund; Unusual quantity; Negative-profit transaction,"Validate order, discount, refund and customer purchase history before approval."
Sales,SA00029784,2026-04-08,C009785,P00785,C009785,5185.56,330.99,1103.31,-1383.01,94.92,Critical,Unusual transaction amount; Unusual refund; Unusual quantity; Negative-profit transaction,"Validate order, discount, refund and customer purchase history before approval."
Sales,SA00034594,2026-06-12,C014595,P00595,C014595,6151.68,0.0,1230.34,-1317.17,94.91,Critical,Unusual transaction amount; Unusual refund; Unusual quantity; Negative-profit transaction,"Validate order, discount, refund and customer purchase history before approval."
Sales,SA00181754,2026-08-16,C001755,P00755,C001755,3394.49,216.67,722.23,-970.46,94.9,Critical,Unusual refund; Unusual quantity; Negative-profit transaction,"Validate order, discount, refund and customer purchase history before approval."
Sales,SA00014769,2026-02-17,C014770,P00770,C014770,4290.02,273.83,912.77,-1176.73,94.88,Critical,Unusual refund; Unusual quantity; Negative-profit transaction,"Validate order, discount, refund and customer purchase history before approval."
Sales,SA00152894,2026-07-22,C012895,P00895,C012895,6151.68,0.0,1230.34,-1297.17,94.87,Critical,Unusual transaction amount; Unusual refund; Unusual quantity; Negative-profit transaction,"Validate order, discount, refund and customer purchase history before approval."
Sales,SA00175384,2026-03-04,C015385,P00385,C015385,5185.56,330.99,1103.31,-1383.01,94.87,Critical,Unusual transaction amount; Unusual refund; Unusual quantity; Negative-profit transaction,"Validate order, discount, refund and customer purchase history before approval."
Sales,SA00041874,2026-05-23,C001875,P00875,C001875,4881.42,0.0,976.28,-1056.3,94.87,Critical,Unusual refund; Unusual quantity; Negative-profit transaction,"Validate order, discount, refund and customer purchase history before approval."
Sales,SA00001574,2025-12-24,C001575,P00575,C001575,4588.54,292.89,976.28,-1258.82,94.86,Critical,Unusual discount; Unusual refund; Unusual quantity; Negative-profit transaction,"Validate order, discount, refund and customer purchase history before approval."
Sales,SA00119510,2026-02-03,C019511,P00511,C019511,153.52,9.8,163.32,-264.26,94.86,Critical,Unusual discount; Unusual refund; Unusual quantity; Negative-profit transaction,"Validate order, discount, refund and customer purchase history before approval."
Sales,SA00013859,2026-08-21,C013860,P00860,C013860,3693.0,235.72,785.75,-992.55,94.83,Critical,Unusual refund; Unusual quantity; Negative-profit transaction,"Validate order, discount, refund and customer purchase history before approval."
Sales,SA00080289,2026-08-21,C000290,P00290,C000290,5484.07,350.05,1166.82,-1485.09,94.82,Critical,Unusual transaction amount; Unusual refund; Unusual quantity; Negative-profit transaction,"Validate order, discount, refund and customer purchase history before approval."
Sales,SA00131054,2025-09-20,C011055,P00055,C011055,3611.16,0.0,722.23,-775.43,94.79,Critical,Unusual refund; Unusual quantity; Negative-profit transaction,"Validate order, discount, refund and customer purchase history before approval."
Sales,SA00193584,2026-01-13,C013585,P00585,C013585,5185.56,330.99,1103.31,-1423.01,94.79,Critical,Unusual transaction amount; Unusual refund; Unusual quantity; Negative-profit transaction,"Validate order, discount, refund and customer purchase history before approval."
Sales,SA00126959,2026-07-02,C006960,P00960,C006960,3928.73,0.0,785.75,-905.65,94.79,Critical,Unusual refund; Unusual quantity; Negative-profit transaction,"Validate order, discount, refund and customer purchase history before approval."
Sales,SA00091469,2026-04-08,C011470,P00470,C011470,4563.86,0.0,912.77,-986.07,94.73,Critical,Unusual refund; Unusual quantity; Negative-profit transaction,"Validate order, discount, refund and customer purchase history before approval."
Sales,SA00164464,2026-04-03,C004465,P00465,C004465,3991.51,254.78,849.26,-1114.65,94.72,Critical,Unusual refund; Unusual quantity; Negative-profit transaction,"Validate order, discount, refund and customer purchase history before approval."
Sales,SA00047620,2026-02-18,C007621,P00621,C007621,272.92,17.42,290.34,-346.72,94.7,Critical,Unusual refund; Unusual quantity; Negative-profit transaction,"Validate order, discount, refund and customer purchase history before approval."
Sales,SA00087569,2026-08-01,C007570,P00570,C007570,4290.02,273.83,912.77,-1176.73,94.69,Critical,Unusual refund; Unusual quantity; Negative-profit transaction,"Validate order, discount, refund and customer purchase history before approval."
Sales,SA00103949,2026-06-17,C003950,P00950,C003950,3095.98,197.62,658.72,-848.38,94.69,Critical,Unusual discount; Unusual refund; Unusual quantity; Negative-profit transaction,"Validate order, discount, refund and customer purchase history before approval."
Sales,SA00113049,2026-05-23,C013050,P00050,C013050,3095.98,197.62,658.72,-828.38,94.69,Critical,Unusual discount; Unusual refund; Unusual quantity; Negative-profit transaction,"Validate order, discount, refund and customer purchase history before approval."
Sales,SA00114505,2026-05-19,C014506,P00506,C014506,93.82,5.99,99.81,-153.04,94.68,Critical,Unusual discount; Unusual refund; Unusual quantity; Negative-profit transaction,"Validate order, discount, refund and customer purchase history before approval."
Sales,SA00169469,2025-12-19,C009470,P00470,C009470,4290.02,273.83,912.77,-3733.91,94.63,Critical,Unusual refund; Unusual quantity; Negative-profit transaction,"Validate order, discount, refund and customer purchase history before approval."
Sales,SA00117235,2025-11-10,C017236,P00236,C017236,452.03,28.85,480.88,-560.41,94.6,Critical,Unusual refund; Unusual quantity; Negative-profit transaction,"Validate order, discount, refund and customer purchase history before approval."
Sales,SA00001379,2026-06-12,C001380,P00380,C001380,5198.99,0.0,1039.8,-1106.52,94.57,Critical,Unusual transaction amount; Unusual refund; Unusual quantity; Negative-profit transaction,"Validate order, discount, refund and customer purchase history before approval."
Sales,SA00042784,2025-11-19,C002785,P00785,C002785,5516.55,0.0,1103.31,-1216.74,94.56,Critical,Unusual transaction amount; Unusual refund; Unusual quantity; Negative-profit transaction,"Validate order, discount, refund and customer purchase history before approval."
Sales,SA00179115,2026-05-24,C019116,P00116,C019116,213.22,13.61,226.83,-335.49,94.52,Critical,Unusual discount; Unusual refund; Unusual quantity; Negative-profit transaction,"Validate order, discount, refund and customer purchase history before approval."
Sales,SA00111944,2026-05-13,C011945,P00945,C011945,2976.03,0.0,595.21,-655.0,94.5,Critical,Unusual refund; Unusual quantity; Negative-profit transaction,"Validate order, discount, refund and customer purchase history before approval."
Sales,SA00111125,2026-02-13,C011126,P00126,C011126,353.86,0.0,353.86,-384.72,94.5,Critical,Unusual refund; Unusual quantity; Negative-profit transaction,"Validate order, discount, refund and customer purchase history before approval."
Sales,SA00128610,2026-01-09,C008611,P00611,C008611,153.52,9.8,163.32,-244.26,94.5,Critical,Unusual discount; Unusual refund; Unusual quantity; Negative-profit transaction,"Validate order, discount, refund and customer purchase history before approval."
Sales,SA00167649,2025-12-24,C007650,P00650,C007650,3095.98,197.62,658.72,-868.38,94.5,Critical,Unusual discount; Unusual refund; Unusual quantity; Negative-profit transaction,"Validate order, discount, refund and customer purchase history before approval."
Sales,SA00127700,2026-07-13,C007701,P00701,C007701,34.12,2.18,36.29,-81.8,94.47,Critical,Unusual discount; Unusual refund; Unusual quantity; Negative-profit transaction,"Validate order, discount, refund and customer purchase history before approval."
Sales,SA00132510,2025-09-16,C012511,P00511,C012511,163.32,0.0,163.32,-218.16,94.44,Critical,Unusual refund; Unusual quantity; Negative-profit transaction,"Validate order, discount, refund and customer purchase history before approval."
Sales,SA00029589,2025-09-25,C009590,P00590,C009590,5834.11,0.0,1166.82,-1286.95,94.44,Critical,Unusual transaction amount; Unusual refund; Unusual quantity; Negative-profit transaction,"Validate order, discount, refund and customer purchase history before approval."
Sales,SA00060269,2025-10-15,C000270,P00270,C000270,4290.02,273.83,912.77,-1156.73,94.43,Critical,Unusual refund; Unusual quantity; Negative-profit transaction,"Validate order, discount, refund and customer purchase history before approval."
Sales,SA00122864,2026-04-13,C002865,P00865,C002865,4246.29,0.0,849.26,-955.86,94.41,Critical,Unusual refund; Unusual quantity; Negative-profit transaction,"Validate order, discount, refund and customer purchase history before approval."
Sales,SA00072099,2026-03-14,C012100,P00100,C012100,6081.09,388.15,1293.85,-1609.29,94.39,Critical,Unusual transaction amount; Unusual refund; Unusual quantity; Negative-profit transaction,"Validate order, discount, refund and customer purchase history before approval."
Sales,SA00023674,2026-07-12,C003675,P00675,C003675,4881.42,0.0,976.28,-1096.3,94.39,Critical,Unusual refund; Unusual quantity; Negative-profit transaction,"Validate order, discount, refund and customer purchase history before approval."
Sales,SA00099399,2025-12-29,C019400,P00400,C019400,6081.09,388.15,1293.85,-1629.29,94.39,Critical,Unusual transaction amount; Unusual refund; Unusual quantity; Negative-profit transaction,"Validate order, discount, refund and customer purchase history before approval."
Sales,SA00002120,2026-06-23,C002121,P00121,C002121,272.92,17.42,290.34,-366.72,94.36,Critical,Unusual refund; Unusual quantity; Negative-profit transaction,"Validate order, discount, refund and customer purchase history before approval."
Sales,SA00004850,2025-12-15,C004851,P00851,C004851,631.14,40.29,671.42,-774.09,94.33,Critical,Unusual discount; Unusual refund; Unusual quantity; Negative-profit transaction,"Validate order, discount, refund and customer purchase history before approval."
Sales,SA00105405,2026-06-13,C005406,P00406,C005406,93.82,5.99,99.81,-173.04,94.32,Critical,Unusual discount; Unusual refund; Unusual quantity; Negative-profit transaction,"Validate order, discount, refund and customer purchase history before approval."
Sales,SA00105210,2025-11-30,C005211,P00211,C005211,163.32,0.0,163.32,-198.16,94.32,Critical,Unusual refund; Unusual quantity; Negative-profit transaction,"Validate order, discount, refund and customer purchase history before approval."
Sales,SA00152998,2025-11-03,C012999,P00999,C012999,4817.11,307.48,1281.15,-1559.13,94.32,Critical,Unusual discount; Unusual refund; Negative-profit transaction,"Validate order, discount, refund and customer purchase history before approval."
Sales,SA00065989,2026-06-17,C005990,P00990,C005990,5834.11,0.0,1166.82,-1286.95,94.31,Critical,Unusual transaction amount; Unusual refund; Unusual quantity; Negative-profit transaction,"Validate order, discount, refund and customer purchase history before approval."
Sales,SA00028510,2025-10-11,C008511,P00511,C008511,153.52,9.8,163.32,-224.26,94.3,Critical,Unusual discount; Unusual refund; Unusual quantity; Negative-profit transaction,"Validate order, discount, refund and customer purchase history before approval."
Sales,SA00110215,2026-08-17,C010216,P00216,C010216,226.83,0.0,226.83,-307.01,94.3,Critical,Unusual refund; Unusual quantity; Negative-profit transaction,"Validate order, discount, refund and customer purchase history before approval."
Sales,SA00023505,2026-01-24,C003506,P00506,C003506,93.82,5.99,99.81,-193.04,94.29,Critical,Unusual discount; Unusual refund; Unusual quantity; Negative-profit transaction,"Validate order, discount, refund and customer purchase history before approval."
Sales,SA00073100,2025-12-10,C013101,P00101,C013101,34.12,2.18,36.29,-121.8,94.28,Critical,Unusual discount; Unusual refund; Unusual quantity; Negative-profit transaction,"Validate order, discount, refund and customer purchase history before approval."
Sales,SA00101479,2025-09-10,C001480,P00480,C001480,5198.99,0.0,1039.8,-1126.52,94.28,Critical,Unusual transaction amount; Unusual refund; Unusual quantity; Negative-profit transaction,"Validate order, discount, refund and customer purchase history before approval."
Sales,SA00141974,2026-08-21,C001975,P00975,C001975,4881.42,0.0,976.28,-1076.3,94.28,Critical,Unusual refund; Unusual quantity; Negative-profit transaction,"Validate order, discount, refund and customer purchase history before approval."
Sales,SA00097020,2026-06-23,C017021,P00021,C017021,290.34,0.0,290.34,-375.87,94.25,Critical,Unusual refund; Unusual quantity; Negative-profit transaction,"Validate order, discount, refund and customer purchase history before approval."
Sales,SA00097215,2026-01-04,C017216,P00216,C017216,213.22,13.61,226.83,-275.49,94.23,Critical,Unusual discount; Unusual refund; Unusual quantity; Negative-profit transaction,"Validate order, discount, refund and customer purchase history before approval."
Sales,SA00175189,2026-08-21,C015190,P00190,C015190,5834.11,0.0,1166.82,-1286.95,94.2,Critical,Unusual transaction amount; Unusual refund; Unusual quantity; Negative-profit transaction,"Validate order, discount, refund and customer purchase history before approval."
Sales,SA00138599,2026-05-23,C018600,P00600,C018600,6081.09,388.15,0.0,-335.44,94.16,Critical,Unusual transaction amount; Unusual refund; Unusual quantity; Negative-profit transaction,"Validate order, discount, refund and customer purchase history before approval."
Sales,SA00024415,2026-07-23,C004416,P00416,C004416,213.22,13.61,226.83,-275.49,94.16,Critical,Unusual discount; Unusual refund; Unusual quantity; Negative-profit transaction,"Validate order, discount, refund and customer purchase history before approval."
Sales,SA00079379,2026-02-22,C019380,P00380,C019380,4887.05,311.94,1039.8,-1300.92,94.15,Critical,Unusual refund; Unusual quantity; Negative-profit transaction,"Validate order, discount, refund and customer purchase history before approval."
Sales,SA00065274,2026-07-02,C005275,P00275,C005275,4588.54,292.89,976.28,-1278.82,94.15,Critical,Unusual discount; Unusual refund; Unusual quantity; Negative-profit transaction,"Validate order, discount, refund and customer purchase history before approval."
Sales,SA00013664,2026-02-07,C013665,P00665,C013665,4246.29,0.0,849.26,-955.86,94.13,Critical,Unusual refund; Unusual quantity; Negative-profit transaction,"Validate order, discount, refund and customer purchase history before approval."
Sales,SA00055069,2026-07-17,C015070,P00070,C015070,4563.86,0.0,912.77,-986.07,94.1,Critical,Unusual refund; Unusual quantity; Negative-profit transaction,"Validate order, discount, refund and customer purchase history before approval."
Sales,SA00079184,2026-08-11,C019185,P00185,C019185,5516.55,0.0,1103.31,-1216.74,94.09,Critical,Unusual transaction amount; Unusual refund; Unusual quantity; Negative-profit transaction,"Validate order, discount, refund and customer purchase history before approval."
Sales,SA00074179,2025-11-24,C014180,P00180,C014180,5198.99,0.0,1039.8,-1106.52,94.09,Critical,Unusual transaction amount; Unusual refund; Unusual quantity; Negative-profit transaction,"Validate order, discount, refund and customer purchase history before approval."
Sales,SA00125230,2025-10-06,C005231,P00231,C005231,417.37,0.0,417.37,-473.57,94.07,Critical,Unusual refund; Unusual quantity; Negative-profit transaction,"Validate order, discount, refund and customer purchase history before approval."
Sales,SA00119315,2026-07-23,C019316,P00316,C019316,226.83,0.0,226.83,-287.01,94.02,Critical,Unusual refund; Unusual quantity; Negative-profit transaction,"Validate order, discount, refund and customer purchase history before approval."
Sales,SA00016394,2026-08-01,C016395,P00395,C016395,6151.68,0.0,1230.34,-1357.17,94.0,Critical,Unusual transaction amount; Unusual refund; Unusual quantity; Negative-profit transaction,"Validate order, discount, refund and customer purchase history before approval."
Sales,SA00056174,2026-07-27,C016175,P00175,C016175,4588.54,292.89,976.28,-1218.82,93.98,Critical,Unusual discount; Unusual refund; Unusual quantity; Negative-profit transaction,"Validate order, discount, refund and customer purchase history before approval."
Sales,SA00117599,2025-11-09,C017600,P00600,C017600,6081.09,388.15,0.0,-375.44,93.98,Critical,Unusual transaction amount; Unusual refund; Unusual quantity; Negative-profit transaction,"Validate order, discount, refund and customer purchase history before approval."
Sales,SA00153544,2026-05-03,C013545,P00545,C013545,2797.47,178.56,595.21,-766.27,93.98,Critical,Unusual refund; Unusual quantity; Negative-profit transaction,"Validate order, discount, refund and customer purchase history before approval."
Sales,SA00127505,2025-12-30,C007506,P00506,C007506,99.81,0.0,99.81,-189.31,93.97,Critical,Unusual refund; Unusual quantity; Negative-profit transaction,"Validate order, discount, refund and customer purchase history before approval."
Sales,SA00236599,2025-11-19,C016600,P00600,C016600,6081.09,388.15,0.0,-3990.51,93.97,Critical,Unusual transaction amount; Unusual refund; Unusual quantity; Negative-profit transaction,"Validate order, discount, refund and customer purchase history before approval."
Sales,SA00178205,2025-11-25,C018206,P00206,C018206,93.82,5.99,99.81,-173.04,93.96,Critical,Unusual discount; Unusual refund; Unusual quantity; Negative-profit transaction,"Validate order, discount, refund and customer purchase history before approval."
Sales,SA00089844,2025-10-25,C009845,P00845,C009845,2797.47,178.56,595.21,-746.27,93.95,Critical,Unusual refund; Unusual quantity; Negative-profit transaction,"Validate order, discount, refund and customer purchase history before approval."
Sales,SA00046879,2026-02-07,C006880,P00880,C006880,5198.99,0.0,1039.8,-1166.52,93.94,Critical,Unusual transaction amount; Unusual refund; Unusual quantity; Negative-profit transaction,"Validate order, discount, refund and customer purchase history before approval."
Sales,SA00154454,2025-10-30,C014455,P00455,C014455,3394.49,216.67,722.23,-950.46,93.91,Critical,Unusual refund; Unusual quantity; Negative-profit transaction,"Validate order, discount, refund and customer purchase history before approval."
Sales,SA00140349,2026-03-09,C000350,P00350,C000350,3095.98,197.62,658.72,-848.38,93.91,Critical,Unusual discount; Unusual refund; Unusual quantity; Negative-profit transaction,"Validate order, discount, refund and customer purchase history before approval."
Sales,SA00011389,2025-11-14,C011390,P00390,C011390,5834.11,0.0,1166.82,-1246.95,93.91,Critical,Unusual transaction amount; Unusual refund; Unusual quantity; Negative-profit transaction,"Validate order, discount, refund and customer purchase history before approval."
Sales,SA00057084,2026-01-23,C017085,P00085,C017085,5185.56,330.99,1103.31,-1403.01,93.9,Critical,Unusual transaction amount; Unusual refund; Unusual quantity; Negative-profit transaction,"Validate order, discount, refund and customer purchase history before approval."
Sales,SA00086100,2026-07-23,C006101,P00101,C006101,36.29,0.0,36.29,-80.45,93.88,Critical,Unusual refund; Unusual quantity; Negative-profit transaction,"Validate order, discount, refund and customer purchase history before approval."
Sales,SA00173655,2026-06-08,C013656,P00656,C013656,690.84,44.1,734.94,-845.33,93.88,Critical,Unusual discount; Unusual refund; Unusual quantity; Negative-profit transaction,"Validate order, discount, refund and customer purchase history before approval."
Sales,SA00081654,2026-05-18,C001655,P00655,C001655,3394.49,216.67,722.23,-950.46,93.88,Critical,Unusual refund; Unusual quantity; Negative-profit transaction,"Validate order, discount, refund and customer purchase history before approval."
Sales,SA00014574,2026-08-06,C014575,P00575,C014575,4881.42,0.0,976.28,-1036.3,93.87,Critical,Unusual refund; Unusual quantity; Negative-profit transaction,"Validate order, discount, refund and customer purchase history before approval."
Sales,SA00116949,2026-01-28,C016950,P00950,C016950,3293.6,0.0,658.72,-765.21,93.87,Critical,Unusual refund; Unusual quantity; Negative-profit transaction,"Validate order, discount, refund and customer purchase history before approval."
Sales,SA00166830,2025-09-26,C006831,P00831,C006831,392.33,25.04,417.37,-489.18,93.85,Critical,Unusual refund; Unusual quantity; Negative-profit transaction,"Validate order, discount, refund and customer purchase history before approval."
Sales,SA00185199,2026-01-23,C005200,P00200,C005200,6469.24,0.0,1293.85,-1427.4,93.84,Critical,Unusual transaction amount; Unusual refund; Unusual quantity; Negative-profit transaction,"Validate order, discount, refund and customer purchase history before approval."
Sales,SA00111593,2026-05-27,C011594,P00594,C011594,4578.3,292.23,1217.63,-1519.75,93.83,Critical,Unusual refund; Negative-profit transaction,"Validate order, discount, refund and customer purchase history before approval."
Sales,SA00051169,2025-11-09,C011170,P00170,C011170,4290.02,273.83,912.77,-1176.73,93.79,Critical,Unusual refund; Unusual quantity; Negative-profit transaction,"Validate order, discount, refund and customer purchase history before approval."
Sales,SA00025598,2025-10-19,C005599,P00599,C005599,4817.11,307.48,1281.15,-1599.13,93.78,Critical,Unusual discount; Unusual refund; Negative-profit transaction,"Validate order, discount, refund and customer purchase history before approval."
Sales,SA00147720,2026-05-19,C007721,P00721,C007721,272.92,17.42,290.34,-366.72,93.78,Critical,Unusual refund; Unusual quantity; Negative-profit transaction,"Validate order, discount, refund and customer purchase history before approval."
Sales,SA00146615,2026-05-09,C006616,P00616,C006616,226.83,0.0,226.83,-307.01,93.77,Critical,Unusual refund; Unusual quantity; Negative-profit transaction,"Validate order, discount, refund and customer purchase history before approval."
Sales,SA00096110,2025-12-25,C016111,P00111,C016111,163.32,0.0,163.32,-218.16,93.77,Critical,Unusual refund; Unusual quantity; Negative-profit transaction,"Validate order, discount, refund and customer purchase history before approval."
Sales,SA00139244,2026-02-27,C019245,P00245,C019245,2976.03,0.0,595.21,-675.0,93.76,Critical,Unusual refund; Unusual quantity; Negative-profit transaction,"Validate order, discount, refund and customer purchase history before approval."
Sales,SA00037064,2026-03-19,C017065,P00065,C017065,3991.51,254.78,849.26,-1074.65,93.76,Critical,Unusual refund; Unusual quantity; Negative-profit transaction,"Validate order, discount, refund and customer purchase history before approval."
Sales,SA00074010,2026-06-08,C014011,P00011,C014011,153.52,9.8,163.32,-204.26,93.76,Critical,Unusual discount; Unusual refund; Unusual quantity; Negative-profit transaction,"Validate order, discount, refund and customer purchase history before approval."
Sales,SA00042615,2026-06-03,C002616,P00616,C002616,213.22,13.61,226.83,-315.49,93.75,Critical,Unusual discount; Unusual refund; Unusual quantity; Negative-profit transaction,"Validate order, discount, refund and customer purchase history before approval."
Sales,SA00085749,2026-08-06,C005750,P00750,C005750,3095.98,197.62,658.72,-888.38,93.72,Critical,Unusual discount; Unusual refund; Unusual quantity; Negative-profit transaction,"Validate order, discount, refund and customer purchase history before approval."
Sales,SA00082655,2026-02-13,C002656,P00656,C002656,690.84,44.1,734.94,-805.33,93.72,Critical,Unusual discount; Unusual refund; Unusual quantity; Negative-profit transaction,"Validate order, discount, refund and customer purchase history before approval."
Sales,SA00123094,2025-11-29,C003095,P00095,C003095,5782.58,369.1,0.0,-336.86,93.71,Critical,Unusual transaction amount; Unusual refund; Unusual quantity; Negative-profit transaction,"Validate order, discount, refund and customer purchase history before approval."
Sales,SA00089025,2026-07-28,C009026,P00026,C009026,332.63,21.23,353.86,-457.96,93.7,Critical,Unusual refund; Unusual quantity; Negative-profit transaction,"Validate order, discount, refund and customer purchase history before approval."
Sales,SA00008035,2025-09-06,C008036,P00036,C008036,452.03,28.85,480.88,-560.41,93.7,Critical,Unusual refund; Unusual quantity; Negative-profit transaction,"Validate order, discount, refund and customer purchase history before approval."
Sales,SA00007398,2025-12-08,C007399,P00399,C007399,4817.11,307.48,1281.15,-4454.45,93.69,Critical,Unusual discount; Unusual refund; Negative-profit transaction,"Validate order, discount, refund and customer purchase history before approval."
Sales,SA00157899,2026-04-08,C017900,P00900,C017900,6469.24,0.0,1293.85,-1407.4,93.69,Critical,Unusual transaction amount; Unusual refund; Unusual quantity; Negative-profit transaction,"Validate order, discount, refund and customer purchase history before approval."
Sales,SA00179284,2025-11-09,C019285,P00285,C019285,5516.55,0.0,1103.31,-1156.74,93.68,Critical,Unusual transaction amount; Unusual refund; Unusual quantity; Negative-profit transaction,"Validate order, discount, refund and customer purchase history before approval."
Sales,SA00103130,2026-03-20,C003131,P00131,C003131,392.33,25.04,417.37,-469.18,93.68,Critical,Unusual refund; Unusual quantity; Negative-profit transaction,"Validate order, discount, refund and customer purchase history before approval."
Sales,SA00083825,2026-04-29,C003826,P00826,C003826,353.86,0.0,353.86,-444.72,93.67,Critical,Unusual refund; Unusual quantity; Negative-profit transaction,"Validate order, discount, refund and customer purchase history before approval."
Sales,SA00082005,2026-05-04,C002006,P00006,C002006,99.81,0.0,99.81,-129.31,93.65,Critical,Unusual refund; Unusual quantity; Negative-profit transaction,"Validate order, discount, refund and customer purchase history before approval."
Sales,SA00143625,2026-02-28,C003626,P00626,C003626,332.63,21.23,353.86,-417.96,93.62,Critical,Unusual refund; Unusual quantity; Negative-profit transaction,"Validate order, discount, refund and customer purchase history before approval."
Sales,SA00089935,2026-01-24,C009936,P00936,C009936,452.03,28.85,480.88,-540.41,93.62,Critical,Unusual refund; Unusual quantity; Negative-profit transaction,"Validate order, discount, refund and customer purchase history before approval."
Sales,SA00124970,2026-01-19,C004971,P00971,C004971,869.95,55.53,925.47,-999.0,93.61,Critical,Unusual discount; Unusual refund; Unusual quantity; Negative-profit transaction,"Validate order, discount, refund and customer purchase history before approval."
Sales,SA00181559,2026-02-02,C001560,P00560,C001560,3928.73,0.0,785.75,-865.65,93.61,Critical,Unusual refund; Unusual quantity; Negative-profit transaction,"Validate order, discount, refund and customer purchase history before approval."
Sales,SA00095759,2026-01-08,C015760,P00760,C015760,3693.0,235.72,785.75,-1052.55,93.6,Critical,Unusual refund; Unusual quantity; Negative-profit transaction,"Validate order, discount, refund and customer purchase history before approval."
Sales,SA00131599,2026-03-19,C011600,P00600,C011600,6081.09,388.15,0.0,-375.44,93.6,Critical,Unusual transaction amount; Unusual refund; Unusual quantity; Negative-profit transaction,"Validate order, discount, refund and customer purchase history before approval."
Sales,SA00179094,2026-05-03,C019095,P00095,C019095,5782.58,369.1,0.0,-336.86,93.59,Critical,Unusual transaction amount; Unusual refund; Unusual quantity; Negative-profit transaction,"Validate order, discount, refund and customer purchase history before approval."
Sales,SA00167740,2026-03-25,C007741,P00741,C007741,511.73,32.66,544.4,-651.65,93.59,Critical,Unusual refund; Unusual quantity; Negative-profit transaction,"Validate order, discount, refund and customer purchase history before approval."
Sales,SA00018045,2026-02-08,C018046,P00046,C018046,571.43,36.47,607.91,-702.88,93.57,Critical,Unusual refund; Unusual quantity; Negative-profit transaction,"Validate order, discount, refund and customer purchase history before approval."
Sales,SA00054159,2026-01-18,C014160,P00160,C014160,3928.73,0.0,785.75,-905.65,93.57,Critical,Unusual refund; Unusual quantity; Negative-profit transaction,"Validate order, discount, refund and customer purchase history before approval."
Sales,SA00190035,2026-04-24,C010036,P00036,C010036,452.03,28.85,480.88,-560.41,93.56,Critical,Unusual refund; Unusual quantity; Negative-profit transaction,"Validate order, discount, refund and customer purchase history before approval."
Sales,SA00122674,2025-10-05,C002675,P00675,C002675,4588.54,292.89,0.0,-262.54,93.56,Critical,Unusual discount; Unusual refund; Unusual quantity; Negative-profit transaction,"Validate order, discount, refund and customer purchase history before approval."
Sales,SA00106315,2025-12-10,C006316,P00316,C006316,213.22,13.61,226.83,-335.49,93.56,Critical,Unusual discount; Unusual refund; Unusual quantity; Negative-profit transaction,"Validate order, discount, refund and customer purchase history before approval."
Sales,SA00005599,2026-01-03,C005600,P00600,C005600,6081.09,388.15,0.0,-375.44,93.55,Critical,Unusual transaction amount; Unusual refund; Unusual quantity; Negative-profit transaction,"Validate order, discount, refund and customer purchase history before approval."
Sales,SA00185849,2025-11-04,C005850,P00850,C005850,3095.98,197.62,658.72,-828.38,93.53,Critical,Unusual discount; Unusual refund; Unusual quantity; Negative-profit transaction,"Validate order, discount, refund and customer purchase history before approval."
Sales,SA00085554,2026-01-23,C005555,P00555,C005555,3611.16,0.0,722.23,-795.43,93.53,Critical,Unusual refund; Unusual quantity; Negative-profit transaction,"Validate order, discount, refund and customer purchase history before approval."
Sales,SA00117984,2025-11-29,C017985,P00985,C017985,5185.56,330.99,0.0,-319.7,93.53,Critical,Unusual transaction amount; Unusual refund; Unusual quantity; Negative-profit transaction,"Validate order, discount, refund and customer purchase history before approval."
Sales,SA00126335,2025-10-16,C006336,P00336,C006336,452.03,28.85,480.88,-540.41,93.53,Critical,Unusual refund; Unusual quantity; Negative-profit transaction,"Validate order, discount, refund and customer purchase history before approval."
Sales,SA00137073,2026-03-18,C017074,P00074,C017074,3623.07,231.26,963.58,-1182.24,93.51,Critical,Unusual refund; Negative-profit transaction,"Validate order, discount, refund and customer purchase history before approval."
Sales,SA00150450,2025-11-10,C010451,P00451,C010451,631.14,40.29,671.42,-774.09,93.51,Critical,Unusual discount; Unusual refund; Unusual quantity; Negative-profit transaction,"Validate order, discount, refund and customer purchase history before approval."
Sales,SA00173369,2026-08-26,C013370,P00370,C013370,4563.86,0.0,912.77,-966.07,93.5,Critical,Unusual refund; Unusual quantity; Negative-profit transaction,"Validate order, discount, refund and customer purchase history before approval."
Sales,SA00132068,2026-07-01,C012069,P00069,C012069,3384.26,216.02,900.07,-3175.87,93.5,Critical,Unusual discount; Unusual refund; Negative-profit transaction,"Validate order, discount, refund and customer purchase history before approval."
Sales,SA00069720,2025-09-06,C009721,P00721,C009721,290.34,0.0,290.34,-355.87,93.48,Critical,Unusual refund; Unusual quantity; Negative-profit transaction,"Validate order, discount, refund and customer purchase history before approval."
Sales,SA00002939,2025-09-20,C002940,P00940,C002940,2498.96,159.51,531.69,-724.18,93.48,Critical,Unusual refund; Unusual quantity; Negative-profit transaction,"Validate order, discount, refund and customer purchase history before approval."
Sales,SA00115674,2026-08-01,C015675,P00675,C015675,4588.54,292.89,0.0,-302.54,93.48,Critical,Unusual discount; Unusual refund; Unusual quantity; Negative-profit transaction,"Validate order, discount, refund and customer purchase history before approval."
Sales,SA00047165,2025-11-20,C007166,P00166,C007166,810.24,51.72,861.96,-967.78,93.47,Critical,Unusual discount; Unusual refund; Unusual quantity; Negative-profit transaction,"Validate order, discount, refund and customer purchase history before approval."
Sales,SA00025325,2026-01-19,C005326,P00326,C005326,332.63,21.23,353.86,-437.96,93.46,Critical,Unusual refund; Unusual quantity; Negative-profit transaction,"Validate order, discount, refund and customer purchase history before approval."
Sales,SA00067549,2025-09-25,C007550,P00550,C007550,3095.98,197.62,658.72,-848.38,93.45,Critical,Unusual discount; Unusual refund; Unusual quantity; Negative-profit transaction,"Validate order, discount, refund and customer purchase history before approval."
Sales,SA00036154,2025-09-20,C016155,P00155,C016155,3394.49,216.67,722.23,-970.46,93.44,Critical,Unusual refund; Unusual quantity; Negative-profit transaction,"Validate order, discount, refund and customer purchase history before approval."
Sales,SA00114310,2025-11-05,C014311,P00311,C014311,163.32,0.0,163.32,-258.16,93.43,Critical,Unusual refund; Unusual quantity; Negative-profit transaction,"Validate order, discount, refund and customer purchase history before approval."
Sales,SA00131984,2026-04-08,C011985,P00985,C011985,5185.56,330.99,0.0,-319.7,93.39,Critical,Unusual transaction amount; Unusual refund; Unusual quantity; Negative-profit transaction,"Validate order, discount, refund and customer purchase history before approval."
Sales,SA00005578,2025-12-13,C005579,P00579,C005579,3861.88,246.5,1027.09,-1281.61,93.38,Critical,Unusual refund; Negative-profit transaction,"Validate order, discount, refund and customer purchase history before approval."
Sales,SA00162735,2026-07-08,C002736,P00736,C002736,452.03,28.85,480.88,-540.41,93.36,Critical,Unusual refund; Unusual quantity; Negative-profit transaction,"Validate order, discount, refund and customer purchase history before approval."
Sales,SA00124599,2026-01-13,C004600,P00600,C004600,6081.09,388.15,0.0,-335.44,93.36,Critical,Unusual transaction amount; Unusual refund; Unusual quantity; Negative-profit transaction,"Validate order, discount, refund and customer purchase history before approval."
Sales,SA00130969,2026-06-27,C010970,P00970,C010970,4290.02,273.83,0.0,-223.96,93.34,Critical,Unusual refund; Unusual quantity; Negative-profit transaction,"Validate order, discount, refund and customer purchase history before approval."
Sales,SA00136345,2026-03-20,C016346,P00346,C016346,571.43,36.47,607.91,-682.88,93.34,Critical,Unusual refund; Unusual quantity; Negative-profit transaction,"Validate order, discount, refund and customer purchase history before approval."
Sales,SA00012984,2026-03-29,C012985,P00985,C012985,5185.56,330.99,0.0,-279.7,93.34,Critical,Unusual transaction amount; Unusual refund; Unusual quantity; Negative-profit transaction,"Validate order, discount, refund and customer purchase history before approval."
Sales,SA00020944,2026-01-18,C000945,P00945,C000945,2976.03,0.0,595.21,-695.0,93.33,Critical,Unusual refund; Unusual quantity; Negative-profit transaction,"Validate order, discount, refund and customer purchase history before approval."
Sales,SA00132999,2026-01-18,C013000,P01000,C013000,6081.09,388.15,0.0,-335.44,93.32,Critical,Unusual transaction amount; Unusual refund; Unusual quantity; Negative-profit transaction,"Validate order, discount, refund and customer purchase history before approval."
Sales,SA00039599,2026-02-27,C019600,P00600,C019600,6469.24,0.0,1293.85,-1427.4,93.32,Critical,Unusual transaction amount; Unusual refund; Unusual quantity; Negative-profit transaction,"Validate order, discount, refund and customer purchase history before approval."
Sales,SA00145494,2026-04-13,C005495,P00495,C005495,5782.58,369.1,0.0,-3812.29,93.32,Critical,Unusual transaction amount; Unusual refund; Unusual quantity; Negative-profit transaction,"Validate order, discount, refund and customer purchase history before approval."
Sales,SA00171094,2026-06-02,C011095,P00095,C011095,6151.68,0.0,1230.34,-1337.17,93.32,Critical,Unusual transaction amount; Unusual refund; Unusual quantity; Negative-profit transaction,"Validate order, discount, refund and customer purchase history before approval."
Sales,SA00138389,2025-10-25,C018390,P00390,C018390,5484.07,350.05,0.0,-338.27,93.32,Critical,Unusual transaction amount; Unusual refund; Unusual quantity; Negative-profit transaction,"Validate order, discount, refund and customer purchase history before approval."
Sales,SA00189398,2026-07-26,C009399,P00399,C009399,4817.11,307.48,1281.15,-1559.13,93.3,Critical,Unusual discount; Unusual refund; Negative-profit transaction,"Validate order, discount, refund and customer purchase history before approval."
Sales,SA00166599,2026-02-07,C006600,P00600,C006600,6081.09,388.15,0.0,-335.44,93.29,Critical,Unusual transaction amount; Unusual refund; Unusual quantity; Negative-profit transaction,"Validate order, discount, refund and customer purchase history before approval."
Sales,SA00037610,2025-09-16,C017611,P00611,C017611,153.52,9.8,163.32,-204.26,93.28,Critical,Unusual discount; Unusual refund; Unusual quantity; Negative-profit transaction,"Validate order, discount, refund and customer purchase history before approval."
Sales,SA00135344,2026-06-22,C015345,P00345,C015345,2797.47,178.56,595.21,-806.27,93.27,Critical,Unusual refund; Unusual quantity; Negative-profit transaction,"Validate order, discount, refund and customer purchase history before approval."
Sales,SA00100400,2025-09-26,C000401,P00401,C000401,34.12,2.18,36.29,-61.8,93.26,Critical,Unusual discount; Unusual refund; Unusual quantity; Negative-profit transaction,"Validate order, discount, refund and customer purchase history before approval."
Sales,SA00134798,2025-12-23,C014799,P00799,C014799,4817.11,307.48,1281.15,-1599.13,93.26,Critical,Unusual discount; Unusual refund; Negative-profit transaction,"Validate order, discount, refund and customer purchase history before approval."
Sales,SA00121330,2026-01-29,C001331,P00331,C001331,392.33,25.04,417.37,-509.18,93.26,Critical,Unusual refund; Unusual quantity; Negative-profit transaction,"Validate order, discount, refund and customer purchase history before approval."
Sales,SA00192479,2026-01-03,C012480,P00480,C012480,5198.99,0.0,1039.8,-1166.52,93.26,Critical,Unusual transaction amount; Unusual refund; Unusual quantity; Negative-profit transaction,"Validate order, discount, refund and customer purchase history before approval."
Sales,SA00137515,2026-06-03,C017516,P00516,C017516,226.83,0.0,226.83,-327.01,93.26,Critical,Unusual refund; Unusual quantity; Negative-profit transaction,"Validate order, discount, refund and customer purchase history before approval."
Sales,SA00138494,2026-02-07,C018495,P00495,C018495,5782.58,369.1,0.0,-296.86,93.24,Critical,Unusual transaction amount; Unusual refund; Unusual quantity; Negative-profit transaction,"Validate order, discount, refund and customer purchase history before approval."
Sales,SA00145984,2026-08-16,C005985,P00985,C005985,5185.56,330.99,0.0,-319.7,93.24,Critical,Unusual transaction amount; Unusual refund; Unusual quantity; Negative-profit transaction,"Validate order, discount, refund and customer purchase history before approval."
Sales,SA00151094,2026-08-16,C011095,P00095,C011095,5782.58,369.1,0.0,-336.86,93.24,Critical,Unusual transaction amount; Unusual refund; Unusual quantity; Negative-profit transaction,"Validate order, discount, refund and customer purchase history before approval."
Sales,SA00112945,2026-02-08,C012946,P00946,C012946,607.91,0.0,607.91,-700.14,93.24,Critical,Unusual refund; Unusual quantity; Negative-profit transaction,"Validate order, discount, refund and customer purchase history before approval."
Sales,SA00093120,2025-10-16,C013121,P00121,C013121,272.92,17.42,290.34,-326.72,93.24,Critical,Unusual refund; Unusual quantity; Negative-profit transaction,"Validate order, discount, refund and customer purchase history before approval."
Sales,SA00182300,2026-02-13,C002301,P00301,C002301,34.12,2.18,36.29,-121.8,93.23,Critical,Unusual discount; Unusual refund; Unusual quantity; Negative-profit transaction,"Validate order, discount, refund and customer purchase history before approval."
Sales,SA00125299,2025-12-14,C005300,P00300,C005300,6081.09,388.15,0.0,-315.44,93.22,Critical,Unusual transaction amount; Unusual refund; Unusual quantity; Negative-profit transaction,"Validate order, discount, refund and customer purchase history before approval."
Sales,SA00108135,2025-12-05,C008136,P00136,C008136,452.03,28.85,480.88,-580.41,93.22,Critical,Unusual refund; Unusual quantity; Negative-profit transaction,"Validate order, discount, refund and customer purchase history before approval."
Sales,SA00038689,2026-08-31,C018690,P00690,C018690,5834.11,0.0,1166.82,-1266.95,93.22,Critical,Unusual transaction amount; Unusual refund; Unusual quantity; Negative-profit transaction,"Validate order, discount, refund and customer purchase history before approval."
Sales,SA00128415,2026-06-28,C008416,P00416,C008416,226.83,0.0,226.83,-267.01,93.21,Critical,Unusual refund; Unusual quantity; Negative-profit transaction,"Validate order, discount, refund and customer purchase history before approval."
Sales,SA00102493,2026-06-21,C002494,P00494,C002494,4578.3,292.23,1217.63,-1459.75,93.2,Critical,Unusual refund; Negative-profit transaction,"Validate order, discount, refund and customer purchase history before approval."
Sales,SA00177659,2026-05-28,C017660,P00660,C017660,3693.0,235.72,785.75,-1032.55,93.2,Critical,Unusual refund; Unusual quantity; Negative-profit transaction,"Validate order, discount, refund and customer purchase history before approval."
Sales,SA00140699,2026-02-22,C000700,P00700,C000700,6081.09,388.15,0.0,-4010.51,93.17,Critical,Unusual transaction amount; Unusual refund; Unusual quantity; Negative-profit transaction,"Validate order, discount, refund and customer purchase history before approval."
Sales,SA00007979,2026-07-12,C007980,P00980,C007980,4887.05,311.94,0.0,-301.12,93.17,Critical,Unusual refund; Unusual quantity; Negative-profit transaction,"Validate order, discount, refund and customer purchase history before approval."
Sales,SA00018094,2026-03-29,C018095,P00095,C018095,5782.58,369.1,0.0,-296.86,93.16,Critical,Unusual transaction amount; Unusual refund; Unusual quantity; Negative-profit transaction,"Validate order, discount, refund and customer purchase history before approval."
Sales,SA00167454,2026-06-12,C007455,P00455,C007455,3611.16,0.0,722.23,-775.43,93.15,Critical,Unusual refund; Unusual quantity; Negative-profit transaction,"Validate order, discount, refund and customer purchase history before approval."
Sales,SA00007125,2026-03-10,C007126,P00126,C007126,332.63,21.23,353.86,-397.96,93.15,Critical,Unusual refund; Unusual quantity; Negative-profit transaction,"Validate order, discount, refund and customer purchase history before approval."
Sales,SA00143674,2026-04-18,C003675,P00675,C003675,4588.54,292.89,0.0,-302.54,93.15,Critical,Unusual discount; Unusual refund; Unusual quantity; Negative-profit transaction,"Validate order, discount, refund and customer purchase history before approval."
Sales,SA00107849,2026-02-22,C007850,P00850,C007850,3293.6,0.0,658.72,-705.21,93.14,Critical,Unusual refund; Unusual quantity; Negative-profit transaction,"Validate order, discount, refund and customer purchase history before approval."
Sales,SA00159368,2026-04-17,C019369,P00369,C019369,3384.26,216.02,900.07,-1082.87,93.14,Critical,Unusual discount; Unusual refund; Negative-profit transaction,"Validate order, discount, refund and customer purchase history before approval."
Sales,SA00192310,2026-07-18,C012311,P00311,C012311,153.52,9.8,163.32,-264.26,93.13,Critical,Unusual discount; Unusual refund; Unusual quantity; Negative-profit transaction,"Validate order, discount, refund and customer purchase history before approval."
Sales,SA00081459,2025-11-04,C001460,P00460,C001460,3928.73,0.0,785.75,-845.65,93.12,Critical,Unusual refund; Unusual quantity; Negative-profit transaction,"Validate order, discount, refund and customer purchase history before approval."
Sales,SA00193220,2026-01-14,C013221,P00221,C013221,272.92,17.42,290.34,-346.72,93.12,Critical,Unusual refund; Unusual quantity; Negative-profit transaction,"Validate order, discount, refund and customer purchase history before approval."
Sales,SA00104573,2026-03-03,C004574,P00574,C004574,3854.33,0.0,963.58,-1018.12,93.11,Critical,Unusual refund; Negative-profit transaction,"Validate order, discount, refund and customer purchase history before approval."
Sales,SA00086659,2026-02-02,C006660,P00660,C006660,3693.0,235.72,785.75,-992.55,93.11,Critical,Unusual refund; Unusual quantity; Negative-profit transaction,"Validate order, discount, refund and customer purchase history before approval."
Sales,SA00164674,2025-10-30,C004675,P00675,C004675,4588.54,292.89,0.0,-3019.36,93.1,Critical,Unusual discount; Unusual refund; Unusual quantity; Negative-profit transaction,"Validate order, discount, refund and customer purchase history before approval."
Sales,SA00032150,2025-10-01,C012151,P00151,C012151,631.14,40.29,671.42,-794.09,93.1,Critical,Unusual discount; Unusual refund; Unusual quantity; Negative-profit transaction,"Validate order, discount, refund and customer purchase history before approval."
Sales,SA00109045,2026-06-03,C009046,P00046,C009046,571.43,36.47,607.91,-662.88,93.1,Critical,Unusual refund; Unusual quantity; Negative-profit transaction,"Validate order, discount, refund and customer purchase history before approval."
Sales,SA00110984,2025-09-25,C010985,P00985,C010985,5185.56,330.99,0.0,-279.7,93.07,Critical,Unusual transaction amount; Unusual refund; Unusual quantity; Negative-profit transaction,"Validate order, discount, refund and customer purchase history before approval."
Sales,SA00110599,2025-09-05,C010600,P00600,C010600,6081.09,388.15,0.0,-335.44,93.07,Critical,Unusual transaction amount; Unusual refund; Unusual quantity; Negative-profit transaction,"Validate order, discount, refund and customer purchase history before approval."
Sales,SA00136674,2026-02-12,C016675,P00675,C016675,4588.54,292.89,0.0,-262.54,93.06,Critical,Unusual discount; Unusual refund; Unusual quantity; Negative-profit transaction,"Validate order, discount, refund and customer purchase history before approval."
Sales,SA00067354,2026-03-14,C007355,P00355,C007355,3611.16,0.0,722.23,-835.43,93.06,Critical,Unusual refund; Unusual quantity; Negative-profit transaction,"Validate order, discount, refund and customer purchase history before approval."
Sales,SA00049154,2026-05-03,C009155,P00155,C009155,3611.16,0.0,722.23,-795.43,93.04,Critical,Unusual refund; Unusual quantity; Negative-profit transaction,"Validate order, discount, refund and customer purchase history before approval."
Sales,SA00137094,2026-04-08,C017095,P00095,C017095,5782.58,369.1,0.0,-336.86,93.04,Critical,Unusual transaction amount; Unusual refund; Unusual quantity; Negative-profit transaction,"Validate order, discount, refund and customer purchase history before approval."
Sales,SA00092210,2026-04-19,C012211,P00211,C012211,153.52,9.8,163.32,-244.26,93.03,Critical,Unusual discount; Unusual refund; Unusual quantity; Negative-profit transaction,"Validate order, discount, refund and customer purchase history before approval."
Sales,SA00116130,2025-10-31,C016131,P00131,C016131,417.37,0.0,417.37,-493.57,93.02,Critical,Unusual refund; Unusual quantity; Negative-profit transaction,"Validate order, discount, refund and customer purchase history before approval."
Sales,SA00110389,2026-02-07,C010390,P00390,C010390,5484.07,350.05,0.0,-338.27,93.0,Critical,Unusual transaction amount; Unusual refund; Unusual quantity; Negative-profit transaction,"Validate order, discount, refund and customer purchase history before approval."
Sales,SA00072359,2025-11-29,C012360,P00360,C012360,3928.73,0.0,785.75,-865.65,93.0,Critical,Unusual refund; Unusual quantity; Negative-profit transaction,"Validate order, discount, refund and customer purchase history before approval."
Sales,SA00112699,2026-06-07,C012700,P00700,C012700,6081.09,388.15,0.0,-355.44,92.99,Critical,Unusual transaction amount; Unusual refund; Unusual quantity; Negative-profit transaction,"Validate order, discount, refund and customer purchase history before approval."
Sales,SA00125789,2026-04-18,C005790,P00790,C005790,5484.07,350.05,0.0,-298.27,92.99,Critical,Unusual transaction amount; Unusual refund; Unusual quantity; Negative-profit transaction,"Validate order, discount, refund and customer purchase history before approval."
Sales,SA00099854,2026-03-29,C019855,P00855,C019855,3394.49,216.67,722.23,-910.46,92.98,Critical,Unusual refund; Unusual quantity; Negative-profit transaction,"Validate order, discount, refund and customer purchase history before approval."
Sales,SA00123199,2026-03-14,C003200,P00200,C003200,6081.09,388.15,0.0,-375.44,92.97,Critical,Unusual transaction amount; Unusual refund; Unusual quantity; Negative-profit transaction,"Validate order, discount, refund and customer purchase history before approval."
Sales,SA00125894,2026-08-01,C005895,P00895,C005895,5782.58,369.1,0.0,-336.86,92.97,Critical,Unusual transaction amount; Unusual refund; Unusual quantity; Negative-profit transaction,"Validate order, discount, refund and customer purchase history before approval."
Sales,SA00140440,2026-06-08,C000441,P00441,C000441,511.73,32.66,544.4,-631.65,92.96,Critical,Unusual refund; Unusual quantity; Negative-profit transaction,"Validate order, discount, refund and customer purchase history before approval."
Sales,SA00132783,2026-06-16,C012784,P00784,C012784,4362.43,0.0,1090.61,-1197.87,92.95,Critical,Unusual refund; Negative-profit transaction,"Validate order, discount, refund and customer purchase history before approval."
Sales,SA00130899,2026-04-18,C010900,P00900,C010900,6081.09,388.15,0.0,-315.44,92.95,Critical,Unusual transaction amount; Unusual refund; Unusual quantity; Negative-profit transaction,"Validate order, discount, refund and customer purchase history before approval."
Sales,SA00097839,2025-09-20,C017840,P00840,C017840,2658.47,0.0,531.69,-644.77,92.95,Critical,Unusual refund; Unusual quantity; Negative-profit transaction,"Validate order, discount, refund and customer purchase history before approval."
Sales,SA00134330,2025-09-11,C014331,P00331,C014331,417.37,0.0,417.37,-453.57,92.95,Critical,Unusual refund; Unusual quantity; Negative-profit transaction,"Validate order, discount, refund and customer purchase history before approval."
Sales,SA00189749,2026-07-12,C009750,P00750,C009750,3293.6,0.0,658.72,-765.21,92.94,Critical,Unusual refund; Unusual quantity; Negative-profit transaction,"Validate order, discount, refund and customer purchase history before approval."
Sales,SA00158969,2026-03-14,C018970,P00970,C018970,4290.02,273.83,0.0,-223.96,92.93,Critical,Unusual refund; Unusual quantity; Negative-profit transaction,"Validate order, discount, refund and customer purchase history before approval."
Sales,SA00115220,2026-05-04,C015221,P00221,C015221,290.34,0.0,290.34,-335.87,92.92,Critical,Unusual refund; Unusual quantity; Negative-profit transaction,"Validate order, discount, refund and customer purchase history before approval."
Sales,SA00129674,2025-12-09,C009675,P00675,C009675,4588.54,292.89,0.0,-302.54,92.92,Critical,Unusual discount; Unusual refund; Unusual quantity; Negative-profit transaction,"Validate order, discount, refund and customer purchase history before approval."
Sales,SA00110494,2026-05-23,C010495,P00495,C010495,5782.58,369.1,0.0,-296.86,92.92,Critical,Unusual transaction amount; Unusual refund; Unusual quantity; Negative-profit transaction,"Validate order, discount, refund and customer purchase history before approval."
Sales,SA00007944,2026-06-07,C007945,P00945,C007945,2797.47,178.56,595.21,-766.27,92.91,Critical,Unusual refund; Unusual quantity; Negative-profit transaction,"Validate order, discount, refund and customer purchase history before approval."
Sales,SA00006670,2025-12-10,C006671,P00671,C006671,869.95,55.53,925.47,-1019.0,92.91,Critical,Unusual discount; Unusual refund; Unusual quantity; Negative-profit transaction,"Validate order, discount, refund and customer purchase history before approval."
Sales,SA00171835,2026-06-13,C011836,P00836,C011836,452.03,28.85,480.88,-600.41,92.91,Critical,Unusual refund; Unusual quantity; Negative-profit transaction,"Validate order, discount, refund and customer purchase history before approval."
Sales,SA00069460,2025-12-20,C009461,P00461,C009461,750.54,47.91,798.45,-876.55,92.9,Critical,Unusual discount; Unusual refund; Unusual quantity; Negative-profit transaction,"Validate order, discount, refund and customer purchase history before approval."
Sales,SA00245699,2025-10-25,C005700,P00700,C005700,6081.09,388.15,0.0,-315.44,92.9,Critical,Unusual transaction amount; Unusual refund; Unusual quantity; Negative-profit transaction,"Validate order, discount, refund and customer purchase history before approval."
Sales,SA00144444,2026-05-28,C004445,P00445,C004445,2797.47,178.56,595.21,-786.27,92.89,Critical,Unusual refund; Unusual quantity; Negative-profit transaction,"Validate order, discount, refund and customer purchase history before approval."
Sales,SA00166375,2026-06-28,C006376,P00376,C006376,929.65,59.34,988.99,-1110.23,92.88,Critical,Unusual refund; Unusual quantity; Negative-profit transaction,"Validate order, discount, refund and customer purchase history before approval."
Sales,SA00132894,2025-10-05,C012895,P00895,C012895,5782.58,369.1,0.0,-296.86,92.88,Critical,Unusual transaction amount; Unusual refund; Unusual quantity; Negative-profit transaction,"Validate order, discount, refund and customer purchase history before approval."
Sales,SA00009855,2025-09-01,C009856,P00856,C009856,690.84,44.1,734.94,-805.33,92.87,Critical,Unusual discount; Unusual refund; Unusual quantity; Negative-profit transaction,"Validate order, discount, refund and customer purchase history before approval."
Sales,SA00130144,2026-03-24,C010145,P00145,C010145,2976.03,0.0,595.21,-695.0,92.86,Critical,Unusual refund; Unusual quantity; Negative-profit transaction,"Validate order, discount, refund and customer purchase history before approval."
Sales,SA00159879,2025-09-10,C019880,P00880,C019880,4887.05,311.94,0.0,-3217.59,92.85,Critical,Unusual refund; Unusual quantity; Negative-profit transaction,"Validate order, discount, refund and customer purchase history before approval."
Sales,SA00177100,2025-11-15,C017101,P00101,C017101,36.29,0.0,36.29,-120.45,92.85,Critical,Unusual refund; Unusual quantity; Negative-profit transaction,"Validate order, discount, refund and customer purchase history before approval."
Sales,SA00137969,2026-08-31,C017970,P00970,C017970,4290.02,273.83,0.0,-263.96,92.85,Critical,Unusual refund; Unusual quantity; Negative-profit transaction,"Validate order, discount, refund and customer purchase history before approval."
Sales,SA00160720,2025-12-30,C000721,P00721,C000721,290.34,0.0,290.34,-315.87,92.83,Critical,Unusual refund; Unusual quantity; Negative-profit transaction,"Validate order, discount, refund and customer purchase history before approval."
Sales,SA00077910,2026-02-13,C017911,P00911,C017911,163.32,0.0,163.32,-258.16,92.82,Critical,Unusual refund; Unusual quantity; Negative-profit transaction,"Validate order, discount, refund and customer purchase history before approval."
Sales,SA00019984,2026-06-02,C019985,P00985,C019985,5185.56,330.99,0.0,-319.7,92.82,Critical,Unusual transaction amount; Unusual refund; Unusual quantity; Negative-profit transaction,"Validate order, discount, refund and customer purchase history before approval."
Sales,SA00159984,2025-12-24,C019985,P00985,C019985,5185.56,330.99,0.0,-319.7,92.82,Critical,Unusual transaction amount; Unusual refund; Unusual quantity; Negative-profit transaction,"Validate order, discount, refund and customer purchase history before approval."
Sales,SA00131704,2026-07-02,C011705,P00705,C011705,409.39,26.13,87.1,-149.54,92.81,Critical,Unusual refund; Unusual quantity; Negative-profit transaction,"Validate order, discount, refund and customer purchase history before approval."
Sales,SA00033599,2025-09-20,C013600,P00600,C013600,6081.09,388.15,0.0,-375.44,92.8,Critical,Unusual transaction amount; Unusual refund; Unusual quantity; Negative-profit transaction,"Validate order, discount, refund and customer purchase history before approval."
Sales,SA00092015,2025-10-06,C012016,P00016,C012016,226.83,0.0,226.83,-267.01,92.8,Critical,Unusual refund; Unusual quantity; Negative-profit transaction,"Validate order, discount, refund and customer purchase history before approval."
Sales,SA00062440,2025-09-26,C002441,P00441,C002441,544.4,0.0,544.4,-611.29,92.78,Critical,Unusual refund; Unusual quantity; Negative-profit transaction,"Validate order, discount, refund and customer purchase history before approval."
Sales,SA00130094,2026-02-02,C010095,P00095,C010095,5782.58,369.1,0.0,-296.86,92.78,Critical,Unusual transaction amount; Unusual refund; Unusual quantity; Negative-profit transaction,"Validate order, discount, refund and customer purchase history before approval."
Sales,SA00166544,2025-12-14,C006545,P00545,C006545,2976.03,0.0,595.21,-695.0,92.77,Critical,Unusual refund; Unusual quantity; Negative-profit transaction,"Validate order, discount, refund and customer purchase history before approval."
Sales,SA00152984,2025-10-20,C012985,P00985,C012985,5185.56,330.99,0.0,-279.7,92.77,Critical,Unusual transaction amount; Unusual refund; Unusual quantity; Negative-profit transaction,"Validate order, discount, refund and customer purchase history before approval."
Sales,SA00056720,2026-01-24,C016721,P00721,C016721,272.92,17.42,290.34,-326.72,92.76,Critical,Unusual refund; Unusual quantity; Negative-profit transaction,"Validate order, discount, refund and customer purchase history before approval."
Sales,SA00005984,2026-01-23,C005985,P00985,C005985,5185.56,330.99,0.0,-319.7,92.76,Critical,Unusual transaction amount; Unusual refund; Unusual quantity; Negative-profit transaction,"Validate order, discount, refund and customer purchase history before approval."
Sales,SA00135869,2025-11-29,C015870,P00870,C015870,4290.02,273.83,0.0,-243.96,92.76,Critical,Unusual refund; Unusual quantity; Negative-profit transaction,"Validate order, discount, refund and customer purchase history before approval."
Sales,SA00078105,2026-08-27,C018106,P00106,C018106,93.82,5.99,99.81,-153.04,92.76,Critical,Unusual discount; Unusual refund; Unusual quantity; Negative-profit transaction,"Validate order, discount, refund and customer purchase history before approval."
Sales,SA00129975,2025-10-06,C009976,P00976,C009976,929.65,59.34,988.99,-1110.23,92.75,Critical,Unusual refund; Unusual quantity; Negative-profit transaction,"Validate order, discount, refund and customer purchase history before approval."
Sales,SA00130794,2026-01-03,C010795,P00795,C010795,5782.58,369.1,0.0,-356.86,92.75,Critical,Unusual transaction amount; Unusual refund; Unusual quantity; Negative-profit transaction,"Validate order, discount, refund and customer purchase history before approval."
Sales,SA00012039,2026-08-26,C012040,P00040,C012040,2498.96,159.51,531.69,-704.18,92.75,Critical,Unusual refund; Unusual quantity; Negative-profit transaction,"Validate order, discount, refund and customer purchase history before approval."
Sales,SA00119965,2026-05-04,C019966,P00966,C019966,810.24,51.72,861.96,-967.78,92.73,Critical,Unusual discount; Unusual refund; Unusual quantity; Negative-profit transaction,"Validate order, discount, refund and customer purchase history before approval."
Sales,SA00138284,2026-07-12,C018285,P00285,C018285,5185.56,330.99,0.0,-299.7,92.71,Critical,Unusual transaction amount; Unusual refund; Unusual quantity; Negative-profit transaction,"Validate order, discount, refund and customer purchase history before approval."
Sales,SA00040984,2025-12-14,C000985,P00985,C000985,5185.56,330.99,0.0,-279.7,92.71,Critical,Unusual transaction amount; Unusual refund; Unusual quantity; Negative-profit transaction,"Validate order, discount, refund and customer purchase history before approval."
Sales,SA00028783,2026-07-11,C008784,P00784,C008784,4100.68,261.75,1090.61,-1361.0,92.71,Critical,Unusual discount; Unusual refund; Negative-profit transaction,"Validate order, discount, refund and customer purchase history before approval."
Sales,SA00174825,2026-08-22,C014826,P00826,C014826,353.86,0.0,353.86,-404.72,92.71,Critical,Unusual refund; Unusual quantity; Negative-profit transaction,"Validate order, discount, refund and customer purchase history before approval."
Sales,SA00031240,2026-04-04,C011241,P00241,C011241,511.73,32.66,544.4,-631.65,92.71,Critical,Unusual refund; Unusual quantity; Negative-profit transaction,"Validate order, discount, refund and customer purchase history before approval."
Sales,SA00025969,2025-10-25,C005970,P00970,C005970,4290.02,273.83,0.0,-263.96,92.66,Critical,Unusual refund; Unusual quantity; Negative-profit transaction,"Validate order, discount, refund and customer purchase history before approval."
Sales,SA00125958,2025-10-04,C005959,P00959,C005959,3092.17,0.0,773.04,-848.49,92.65,Critical,Unusual refund; Negative-profit transaction,"Validate order, discount, refund and customer purchase history before approval."
Sales,SA00153999,2026-08-01,C014000,P01000,C014000,6081.09,388.15,0.0,-375.44,92.65,Critical,Unusual transaction amount; Unusual refund; Unusual quantity; Negative-profit transaction,"Validate order, discount, refund and customer purchase history before approval."
Sales,SA00123969,2026-04-23,C003970,P00970,C003970,4290.02,273.83,0.0,-263.96,92.64,Critical,Unusual refund; Unusual quantity; Negative-profit transaction,"Validate order, discount, refund and customer purchase history before approval."
Sales,SA00028965,2026-01-09,C008966,P00966,C008966,810.24,51.72,861.96,-927.78,92.62,Critical,Unusual discount; Unusual refund; Unusual quantity; Negative-profit transaction,"Validate order, discount, refund and customer purchase history before approval."
Sales,SA00006293,2025-11-28,C006294,P00294,C006294,4870.53,0.0,1217.63,-1317.63,92.61,Critical,Unusual refund; Negative-profit transaction,"Validate order, discount, refund and customer purchase history before approval."
Sales,SA00087010,2026-01-19,C007011,P00011,C007011,163.32,0.0,163.32,-238.16,92.61,Critical,Unusual refund; Unusual quantity; Negative-profit transaction,"Validate order, discount, refund and customer purchase history before approval."
Sales,SA00020775,2026-08-02,C000776,P00776,C000776,929.65,59.34,988.99,-1110.23,92.61,Critical,Unusual refund; Unusual quantity; Negative-profit transaction,"Validate order, discount, refund and customer purchase history before approval."
Sales,SA00102844,2026-06-07,C002845,P00845,C002845,2976.03,0.0,595.21,-675.0,92.61,Critical,Unusual refund; Unusual quantity; Negative-profit transaction,"Validate order, discount, refund and customer purchase history before approval."
Sales,SA00159599,2025-12-04,C019600,P00600,C019600,6081.09,388.15,0.0,-375.44,92.6,Critical,Unusual transaction amount; Unusual refund; Unusual quantity; Negative-profit transaction,"Validate order, discount, refund and customer purchase history before approval."
Sales,SA00019599,2026-05-13,C019600,P00600,C019600,6081.09,388.15,0.0,-375.44,92.6,Critical,Unusual transaction amount; Unusual refund; Unusual quantity; Negative-profit transaction,"Validate order, discount, refund and customer purchase history before approval."
Sales,SA00099035,2025-12-30,C019036,P00036,C019036,452.03,28.85,480.88,-600.41,92.59,Critical,Unusual refund; Unusual quantity; Negative-profit transaction,"Validate order, discount, refund and customer purchase history before approval."
Sales,SA00097488,2025-10-04,C017489,P00489,C017489,4339.49,276.99,1154.12,-1420.37,92.59,Critical,Unusual refund; Negative-profit transaction,"Validate order, discount, refund and customer purchase history before approval."
Sales,SA00112979,2026-03-14,C012980,P00980,C012980,4887.05,311.94,0.0,-261.12,92.59,Critical,Unusual refund; Unusual quantity; Negative-profit transaction,"Validate order, discount, refund and customer purchase history before approval."
Sales,SA00182755,2026-05-14,C002756,P00756,C002756,690.84,44.1,734.94,-825.33,92.59,Critical,Unusual discount; Unusual refund; Unusual quantity; Negative-profit transaction,"Validate order, discount, refund and customer purchase history before approval."
Sales,SA00153349,2025-10-20,C013350,P00350,C013350,3293.6,0.0,658.72,-765.21,92.58,Critical,Unusual refund; Unusual quantity; Negative-profit transaction,"Validate order, discount, refund and customer purchase history before approval."
Sales,SA00146299,2026-06-27,C006300,P00300,C006300,6081.09,388.15,0.0,-355.44,92.58,Critical,Unusual transaction amount; Unusual refund; Unusual quantity; Negative-profit transaction,"Validate order, discount, refund and customer purchase history before approval."
Sales,SA00089599,2026-02-22,C009600,P00600,C009600,6081.09,388.15,0.0,-375.44,92.57,Critical,Unusual transaction amount; Unusual refund; Unusual quantity; Negative-profit transaction,"Validate order, discount, refund and customer purchase history before approval."
Sales,SA00139985,2026-03-10,C019986,P00986,C019986,1049.05,66.96,1116.01,-1252.69,92.57,Critical,Unusual refund; Unusual quantity; Negative-profit transaction,"Validate order, discount, refund and customer purchase history before approval."
Sales,SA00015588,2026-05-17,C015589,P00589,C015589,4339.49,276.99,1154.12,-1440.37,92.57,Critical,Unusual refund; Negative-profit transaction,"Validate order, discount, refund and customer purchase history before approval."
Sales,SA00000573,2026-03-28,C000574,P00574,C000574,3623.07,231.26,963.58,-1162.24,92.57,Critical,Unusual refund; Negative-profit transaction,"Validate order, discount, refund and customer purchase history before approval."
Sales,SA00118194,2026-06-27,C018195,P00195,C018195,5782.58,369.1,0.0,-316.86,92.56,Critical,Unusual transaction amount; Unusual refund; Unusual quantity; Negative-profit transaction,"Validate order, discount, refund and customer purchase history before approval."
Sales,SA00046073,2025-11-23,C006074,P00074,C006074,3623.07,231.26,963.58,-1222.24,92.56,Critical,Unusual refund; Negative-profit transaction,"Validate order, discount, refund and customer purchase history before approval."
Sales,SA00173984,2026-05-03,C013985,P00985,C013985,5185.56,330.99,0.0,-319.7,92.56,Critical,Unusual transaction amount; Unusual refund; Unusual quantity; Negative-profit transaction,"Validate order, discount, refund and customer purchase history before approval."
Sales,SA00222599,2026-07-12,C002600,P00600,C002600,6081.09,388.15,0.0,-335.44,92.56,Critical,Unusual transaction amount; Unusual refund; Unusual quantity; Negative-profit transaction,"Validate order, discount, refund and customer purchase history before approval."
Sales,SA00100855,2025-12-25,C000856,P00856,C000856,690.84,44.1,734.94,-845.33,92.54,Critical,Unusual discount; Unusual refund; Unusual quantity; Negative-profit transaction,"Validate order, discount, refund and customer purchase history before approval."
Sales,SA00130689,2025-09-20,C010690,P00690,C010690,5484.07,350.05,0.0,-318.27,92.54,Critical,Unusual transaction amount; Unusual refund; Unusual quantity; Negative-profit transaction,"Validate order, discount, refund and customer purchase history before approval."
Sales,SA00178660,2026-02-23,C018661,P00661,C018661,750.54,47.91,798.45,-876.55,92.53,Critical,Unusual discount; Unusual refund; Unusual quantity; Negative-profit transaction,"Validate order, discount, refund and customer purchase history before approval."
Sales,SA00012599,2026-03-09,C012600,P00600,C012600,6081.09,388.15,0.0,-335.44,92.53,Critical,Unusual transaction amount; Unusual refund; Unusual quantity; Negative-profit transaction,"Validate order, discount, refund and customer purchase history before approval."
Sales,SA00152599,2025-09-30,C012600,P00600,C012600,6081.09,388.15,0.0,-335.44,92.53,Critical,Unusual transaction amount; Unusual refund; Unusual quantity; Negative-profit transaction,"Validate order, discount, refund and customer purchase history before approval."
Sales,SA00011675,2026-08-27,C011676,P00676,C011676,929.65,59.34,988.99,-1130.23,92.53,Critical,Unusual refund; Unusual quantity; Negative-profit transaction,"Validate order, discount, refund and customer purchase history before approval."
Sales,SA00061530,2026-03-30,C001531,P00531,C001531,417.37,0.0,417.37,-453.57,92.53,Critical,Unusual refund; Unusual quantity; Negative-profit transaction,"Validate order, discount, refund and customer purchase history before approval."
Sales,SA00150268,2026-05-12,C010269,P00269,C010269,3384.26,216.02,900.07,-1102.87,92.52,Critical,Unusual discount; Unusual refund; Negative-profit transaction,"Validate order, discount, refund and customer purchase history before approval."
Sales,SA00162098,2025-10-09,C002099,P00099,C002099,4817.11,307.48,1281.15,-1539.13,92.52,Critical,Unusual discount; Unusual refund; Negative-profit transaction,"Validate order, discount, refund and customer purchase history before approval."
Sales,SA00000699,2026-08-01,C000700,P00700,C000700,6081.09,388.15,0.0,-355.44,92.51,Critical,Unusual transaction amount; Unusual refund; Unusual quantity; Negative-profit transaction,"Validate order, discount, refund and customer purchase history before approval."
Sales,SA00136100,2026-07-18,C016101,P00101,C016101,34.12,2.18,0.0,-45.51,92.51,Critical,Unusual discount; Unusual refund; Unusual quantity; Negative-profit transaction,"Validate order, discount, refund and customer purchase history before approval."
Sales,SA00013299,2026-02-07,C013300,P00300,C013300,6081.09,388.15,0.0,-315.44,92.5,Critical,Unusual transaction amount; Unusual refund; Unusual quantity; Negative-profit transaction,"Validate order, discount, refund and customer purchase history before approval."
Sales,SA00064910,2026-07-03,C004911,P00911,C004911,153.52,9.8,163.32,-224.26,92.5,Critical,Unusual discount; Unusual refund; Unusual quantity; Negative-profit transaction,"Validate order, discount, refund and customer purchase history before approval."
Sales,SA00115499,2026-02-07,C015500,P00500,C015500,6081.09,388.15,0.0,-355.44,92.49,Critical,Unusual transaction amount; Unusual refund; Unusual quantity; Negative-profit transaction,"Validate order, discount, refund and customer purchase history before approval."
Sales,SA00112763,2026-08-10,C012764,P00764,C012764,3346.22,0.0,836.56,-918.37,92.48,Critical,Unusual refund; Negative-profit transaction,"Validate order, discount, refund and customer purchase history before approval."
Sales,SA00142988,2026-06-01,C002989,P00989,C002989,4339.49,276.99,1154.12,-1400.37,92.47,Critical,Unusual refund; Negative-profit transaction,"Validate order, discount, refund and customer purchase history before approval."
Sales,SA00122954,2026-07-12,C002955,P00955,C002955,3394.49,216.67,0.0,-248.23,92.46,Critical,Unusual refund; Unusual quantity; Negative-profit transaction,"Validate order, discount, refund and customer purchase history before approval."
Sales,SA00005494,2025-09-20,C005495,P00495,C005495,5782.58,369.1,0.0,-336.86,92.46,Critical,Unusual transaction amount; Unusual refund; Unusual quantity; Negative-profit transaction,"Validate order, discount, refund and customer purchase history before approval."
Sales,SA00048075,2026-05-19,C008076,P00076,C008076,929.65,59.34,988.99,-1130.23,92.46,Critical,Unusual refund; Unusual quantity; Negative-profit transaction,"Validate order, discount, refund and customer purchase history before approval."
Sales,SA00171674,2026-01-03,C011675,P00675,C011675,4588.54,292.89,0.0,-302.54,92.46,Critical,Unusual discount; Unusual refund; Unusual quantity; Negative-profit transaction,"Validate order, discount, refund and customer purchase history before approval."
Sales,SA00028315,2026-03-30,C008316,P00316,C008316,226.83,0.0,226.83,-327.01,92.46,Critical,Unusual refund; Unusual quantity; Negative-profit transaction,"Validate order, discount, refund and customer purchase history before approval."
Sales,SA00053535,2026-05-04,C013536,P00536,C013536,452.03,28.85,480.88,-540.41,92.45,Critical,Unusual refund; Unusual quantity; Negative-profit transaction,"Validate order, discount, refund and customer purchase history before approval."
Sales,SA00166984,2026-02-27,C006985,P00985,C006985,5185.56,330.99,0.0,-279.7,92.45,Critical,Unusual transaction amount; Unusual refund; Unusual quantity; Negative-profit transaction,"Validate order, discount, refund and customer purchase history before approval."
Sales,SA00026984,2026-08-06,C006985,P00985,C006985,5185.56,330.99,0.0,-279.7,92.45,Critical,Unusual transaction amount; Unusual refund; Unusual quantity; Negative-profit transaction,"Validate order, discount, refund and customer purchase history before approval."
Sales,SA00089984,2026-03-14,C009985,P00985,C009985,5185.56,330.99,0.0,-319.7,92.45,Critical,Unusual transaction amount; Unusual refund; Unusual quantity; Negative-profit transaction,"Validate order, discount, refund and customer purchase history before approval."
Sales,SA00229984,2025-10-05,C009985,P00985,C009985,5185.56,330.99,0.0,-319.7,92.45,Critical,Unusual transaction amount; Unusual refund; Unusual quantity; Negative-profit transaction,"Validate order, discount, refund and customer purchase history before approval."
Sales,SA00093744,2026-07-02,C013745,P00745,C013745,2976.03,0.0,595.21,-695.0,92.45,Critical,Unusual refund; Unusual quantity; Negative-profit transaction,"Validate order, discount, refund and customer purchase history before approval."
Sales,SA00116969,2026-02-17,C016970,P00970,C016970,4290.02,273.83,0.0,-223.96,92.44,Critical,Unusual refund; Unusual quantity; Negative-profit transaction,"Validate order, discount, refund and customer purchase history before approval."
Sales,SA00007699,2025-10-05,C007700,P00700,C007700,6081.09,388.15,0.0,-315.44,92.44,Critical,Unusual transaction amount; Unusual refund; Unusual quantity; Negative-profit transaction,"Validate order, discount, refund and customer purchase history before approval."
Sales,SA00049440,2026-02-13,C009441,P00441,C009441,511.73,32.66,544.4,-591.65,92.44,Critical,Unusual refund; Unusual quantity; Negative-profit transaction,"Validate order, discount, refund and customer purchase history before approval."
Sales,SA00143170,2025-11-30,C003171,P00171,C003171,869.95,55.53,925.47,-1039.0,92.44,Critical,Unusual discount; Unusual refund; Unusual quantity; Negative-profit transaction,"Validate order, discount, refund and customer purchase history before approval."
Sales,SA00242969,2026-05-03,C002970,P00970,C002970,4290.02,273.83,0.0,-223.96,92.42,Critical,Unusual refund; Unusual quantity; Negative-profit transaction,"Validate order, discount, refund and customer purchase history before approval."
Sales,SA00017044,2026-05-13,C017045,P00045,C017045,2797.47,178.56,595.21,-746.27,92.42,Critical,Unusual refund; Unusual quantity; Negative-profit transaction,"Validate order, discount, refund and customer purchase history before approval."
Sales,SA00157674,2026-08-26,C017675,P00675,C017675,4588.54,292.89,0.0,-302.54,92.42,Critical,Unusual discount; Unusual refund; Unusual quantity; Negative-profit transaction,"Validate order, discount, refund and customer purchase history before approval."
Sales,SA00017674,2026-02-02,C017675,P00675,C017675,4588.54,292.89,0.0,-302.54,92.42,Critical,Unusual discount; Unusual refund; Unusual quantity; Negative-profit transaction,"Validate order, discount, refund and customer purchase history before approval."
Sales,SA00222984,2026-08-01,C002985,P00985,C002985,5185.56,330.99,0.0,-279.7,92.42,Critical,Unusual transaction amount; Unusual refund; Unusual quantity; Negative-profit transaction,"Validate order, discount, refund and customer purchase history before approval."
Sales,SA00146888,2026-02-06,C006889,P00889,C006889,4616.48,0.0,1154.12,-1207.75,92.42,Critical,Unusual refund; Negative-profit transaction,"Validate order, discount, refund and customer purchase history before approval."
Sales,SA00145599,2026-07-27,C005600,P00600,C005600,6081.09,388.15,0.0,-375.44,92.41,Critical,Unusual transaction amount; Unusual refund; Unusual quantity; Negative-profit transaction,"Validate order, discount, refund and customer purchase history before approval."
Sales,SA00163359,2026-03-24,C003360,P00360,C003360,3928.73,0.0,785.75,-905.65,92.41,Critical,Unusual refund; Unusual quantity; Negative-profit transaction,"Validate order, discount, refund and customer purchase history before approval."
Sales,SA00059164,2025-10-05,C019165,P00165,C019165,4246.29,0.0,849.26,-935.86,92.4,Critical,Unusual refund; Unusual quantity; Negative-profit transaction,"Validate order, discount, refund and customer purchase history before approval."
Sales,SA00061599,2026-06-07,C001600,P00600,C001600,6081.09,388.15,0.0,-375.44,92.39,Critical,Unusual transaction amount; Unusual refund; Unusual quantity; Negative-profit transaction,"Validate order, discount, refund and customer purchase history before approval."
Sales,SA00103984,2026-07-22,C003985,P00985,C003985,5185.56,330.99,0.0,-319.7,92.39,Critical,Unusual transaction amount; Unusual refund; Unusual quantity; Negative-profit transaction,"Validate order, discount, refund and customer purchase history before approval."
Sales,SA00243984,2026-02-12,C003985,P00985,C003985,5185.56,330.99,0.0,-319.7,92.39,Critical,Unusual transaction amount; Unusual refund; Unusual quantity; Negative-profit transaction,"Validate order, discount, refund and customer purchase history before approval."
Sales,SA00038674,2026-08-16,C018675,P00675,C018675,4588.54,292.89,0.0,-262.54,92.39,Critical,Unusual discount; Unusual refund; Unusual quantity; Negative-profit transaction,"Validate order, discount, refund and customer purchase history before approval."
Sales,SA00118089,2026-03-14,C018090,P00090,C018090,5484.07,350.05,0.0,-278.27,92.38,Critical,Unusual transaction amount; Unusual refund; Unusual quantity; Negative-profit transaction,"Validate order, discount, refund and customer purchase history before approval."
Sales,SA00013404,2026-05-23,C013405,P00405,C013405,409.39,26.13,87.1,-169.54,92.37,Critical,Unusual refund; Unusual quantity; Negative-profit transaction,"Validate order, discount, refund and customer purchase history before approval."
Sales,SA00022140,2026-04-29,C002141,P00141,C002141,511.73,32.66,544.4,-651.65,92.37,Critical,Unusual refund; Unusual quantity; Negative-profit transaction,"Validate order, discount, refund and customer purchase history before approval."
Sales,SA00135240,2026-03-10,C015241,P00241,C015241,544.4,0.0,544.4,-611.29,92.37,Critical,Unusual refund; Unusual quantity; Negative-profit transaction,"Validate order, discount, refund and customer purchase history before approval."
Sales,SA00026040,2026-01-04,C006041,P00041,C006041,544.4,0.0,544.4,-611.29,92.37,Critical,Unusual refund; Unusual quantity; Negative-profit transaction,"Validate order, discount, refund and customer purchase history before approval."
Sales,SA00168000,2025-12-10,C008001,P00001,C008001,36.29,0.0,36.29,-60.45,92.37,Critical,Unusual refund; Unusual quantity; Negative-profit transaction,"Validate order, discount, refund and customer purchase history before approval."
Sales,SA00151199,2025-11-29,C011200,P00200,C011200,6081.09,388.15,0.0,-375.44,92.36,Critical,Unusual transaction amount; Unusual refund; Unusual quantity; Negative-profit transaction,"Validate order, discount, refund and customer purchase history before approval."
Sales,SA00153440,2026-01-19,C013441,P00441,C013441,544.4,0.0,544.4,-878.32,92.36,Critical,Unusual refund; Unusual quantity; Negative-profit transaction,"Validate order, discount, refund and customer purchase history before approval."
Sales,SA00110284,2025-10-25,C010285,P00285,C010285,5185.56,330.99,0.0,-299.7,92.36,Critical,Unusual transaction amount; Unusual refund; Unusual quantity; Negative-profit transaction,"Validate order, discount, refund and customer purchase history before approval."
Sales,SA00018199,2026-07-12,C018200,P00200,C018200,6081.09,388.15,0.0,-335.44,92.35,Critical,Unusual transaction amount; Unusual refund; Unusual quantity; Negative-profit transaction,"Validate order, discount, refund and customer purchase history before approval."
Sales,SA00125979,2025-10-25,C005980,P00980,C005980,5198.99,0.0,0.0,-106.72,92.35,Critical,Unusual transaction amount; Unusual refund; Unusual quantity; Negative-profit transaction,"Validate order, discount, refund and customer purchase history before approval."
Sales,SA00034230,2026-06-13,C014231,P00231,C014231,417.37,0.0,417.37,-513.57,92.34,Critical,Unusual refund; Unusual quantity; Negative-profit transaction,"Validate order, discount, refund and customer purchase history before approval."
Sales,SA00152634,2025-11-04,C012635,P00635,C012635,2200.45,140.45,468.18,-662.09,92.34,Critical,Unusual refund; Unusual quantity; Negative-profit transaction,"Validate order, discount, refund and customer purchase history before approval."
Sales,SA00176554,2026-05-18,C016555,P00555,C016555,3611.16,0.0,722.23,-835.43,92.34,Critical,Unusual refund; Unusual quantity; Negative-profit transaction,"Validate order, discount, refund and customer purchase history before approval."
Sales,SA00041068,2026-03-08,C001069,P00069,C001069,3384.26,216.02,900.07,-1102.87,92.33,Critical,Unusual discount; Unusual refund; Negative-profit transaction,"Validate order, discount, refund and customer purchase history before approval."
Sales,SA00227674,2026-06-07,C007675,P00675,C007675,4588.54,292.89,0.0,-302.54,92.33,Critical,Unusual discount; Unusual refund; Unusual quantity; Negative-profit transaction,"Validate order, discount, refund and customer purchase history before approval."
Sales,SA00139999,2026-03-24,C020000,P01000,C020000,6081.09,388.15,0.0,-375.44,92.33,Critical,Unusual transaction amount; Unusual refund; Unusual quantity; Negative-profit transaction,"Validate order, discount, refund and customer purchase history before approval."
Sales,SA00036505,2025-09-06,C016506,P00506,C016506,99.81,0.0,99.81,-149.31,92.33,Critical,Unusual refund; Unusual quantity; Negative-profit transaction,"Validate order, discount, refund and customer purchase history before approval."
Sales,SA00019215,2026-04-24,C019216,P00216,C019216,226.83,0.0,226.83,-267.01,92.31,Critical,Unusual refund; Unusual quantity; Negative-profit transaction,"Validate order, discount, refund and customer purchase history before approval."
Sales,SA00090845,2026-07-23,C010846,P00846,C010846,571.43,36.47,607.91,-702.88,92.31,Critical,Unusual refund; Unusual quantity; Negative-profit transaction,"Validate order, discount, refund and customer purchase history before approval."
Sales,SA00132299,2026-02-17,C012300,P00300,C012300,6081.09,388.15,0.0,-355.44,92.31,Critical,Unusual transaction amount; Unusual refund; Unusual quantity; Negative-profit transaction,"Validate order, discount, refund and customer purchase history before approval."
Sales,SA00138179,2026-03-29,C018180,P00180,C018180,4887.05,311.94,0.0,-261.12,92.31,Critical,Unusual refund; Unusual quantity; Negative-profit transaction,"Validate order, discount, refund and customer purchase history before approval."
Sales,SA00093939,2026-01-13,C013940,P00940,C013940,2498.96,159.51,531.69,-684.18,92.3,Critical,Unusual refund; Unusual quantity; Negative-profit transaction,"Validate order, discount, refund and customer purchase history before approval."
Sales,SA00061984,2026-06-27,C001985,P00985,C001985,5185.56,330.99,0.0,-319.7,92.3,Critical,Unusual transaction amount; Unusual refund; Unusual quantity; Negative-profit transaction,"Validate order, discount, refund and customer purchase history before approval."
Sales,SA00201984,2026-01-18,C001985,P00985,C001985,5185.56,330.99,0.0,-319.7,92.3,Critical,Unusual transaction amount; Unusual refund; Unusual quantity; Negative-profit transaction,"Validate order, discount, refund and customer purchase history before approval."
Sales,SA00002869,2026-07-12,C002870,P00870,C002870,4290.02,273.83,0.0,-283.96,92.3,Critical,Unusual refund; Unusual quantity; Negative-profit transaction,"Validate order, discount, refund and customer purchase history before approval."
Sales,SA00091378,2026-01-07,C011379,P00379,C011379,4108.38,0.0,1027.09,-1087.99,92.3,Critical,Unusual refund; Negative-profit transaction,"Validate order, discount, refund and customer purchase history before approval."
Sales,SA00125684,2026-01-03,C005685,P00685,C005685,5185.56,330.99,0.0,-259.7,92.3,Critical,Unusual transaction amount; Unusual refund; Unusual quantity; Negative-profit transaction,"Validate order, discount, refund and customer purchase history before approval."
Sales,SA00045345,2025-11-25,C005346,P00346,C005346,571.43,36.47,607.91,-722.88,92.29,Critical,Unusual refund; Unusual quantity; Negative-profit transaction,"Validate order, discount, refund and customer purchase history before approval."
Sales,SA00128099,2026-08-16,C008100,P00100,C008100,6081.09,388.15,0.0,-315.44,92.29,Critical,Unusual transaction amount; Unusual refund; Unusual quantity; Negative-profit transaction,"Validate order, discount, refund and customer purchase history before approval."
Sales,SA00169560,2026-03-20,C009561,P00561,C009561,750.54,47.91,798.45,-896.55,92.29,Critical,Unusual discount; Unusual refund; Unusual quantity; Negative-profit transaction,"Validate order, discount, refund and customer purchase history before approval."
Sales,SA00003674,2025-09-25,C003675,P00675,C003675,4588.54,292.89,0.0,-302.54,92.28,Critical,Unusual discount; Unusual refund; Unusual quantity; Negative-profit transaction,"Validate order, discount, refund and customer purchase history before approval."
Sales,SA00061270,2026-07-13,C001271,P00271,C001271,869.95,55.53,925.47,-1059.0,92.28,Critical,Unusual discount; Unusual refund; Unusual quantity; Negative-profit transaction,"Validate order, discount, refund and customer purchase history before approval."
Sales,SA00186969,2025-11-29,C006970,P00970,C006970,4290.02,273.83,0.0,-223.96,92.28,Critical,Unusual refund; Unusual quantity; Negative-profit transaction,"Validate order, discount, refund and customer purchase history before approval."
Sales,SA00146160,2026-02-08,C006161,P00161,C006161,798.45,0.0,798.45,-826.69,92.26,Critical,Unusual refund; Unusual quantity; Negative-profit transaction,"Validate order, discount, refund and customer purchase history before approval."
Sales,SA00188930,2026-04-14,C008931,P00931,C008931,417.37,0.0,417.37,-493.57,92.26,Critical,Unusual refund; Unusual quantity; Negative-profit transaction,"Validate order, discount, refund and customer purchase history before approval."
Sales,SA00150674,2026-06-22,C010675,P00675,C010675,4588.54,292.89,0.0,-262.54,92.25,Critical,Unusual discount; Unusual refund; Unusual quantity; Negative-profit transaction,"Validate order, discount, refund and customer purchase history before approval."
Sales,SA00061439,2025-12-29,C001440,P00440,C001440,2658.47,0.0,531.69,-644.77,92.24,Critical,Unusual refund; Unusual quantity; Negative-profit transaction,"Validate order, discount, refund and customer purchase history before approval."
Sales,SA00105483,2026-08-30,C005484,P00484,C005484,4362.43,0.0,1090.61,-1177.87,92.24,Critical,Unusual refund; Negative-profit transaction,"Validate order, discount, refund and customer purchase history before approval."
Sales,SA00187984,2025-09-10,C007985,P00985,C007985,5185.56,330.99,0.0,-319.7,92.23,Critical,Unusual transaction amount; Unusual refund; Unusual quantity; Negative-profit transaction,"Validate order, discount, refund and customer purchase history before approval."
Sales,SA00070630,2026-03-05,C010631,P00631,C010631,417.37,0.0,417.37,-513.57,92.23,Critical,Unusual refund; Unusual quantity; Negative-profit transaction,"Validate order, discount, refund and customer purchase history before approval."
Sales,SA00059450,2026-07-18,C019451,P00451,C019451,631.14,40.29,671.42,-734.09,92.22,Critical,Unusual discount; Unusual refund; Unusual quantity; Negative-profit transaction,"Validate order, discount, refund and customer purchase history before approval."
Sales,SA00158899,2026-01-03,C018900,P00900,C018900,6081.09,388.15,0.0,-315.44,92.21,Critical,Unusual transaction amount; Unusual refund; Unusual quantity; Negative-profit transaction,"Validate order, discount, refund and customer purchase history before approval."
Sales,SA00046094,2025-12-14,C006095,P00095,C006095,5782.58,369.1,0.0,-296.86,92.21,Critical,Unusual transaction amount; Unusual refund; Unusual quantity; Negative-profit transaction,"Validate order, discount, refund and customer purchase history before approval."
Sales,SA00030954,2026-06-22,C010955,P00955,C010955,3611.16,0.0,722.23,-835.43,92.21,Critical,Unusual refund; Unusual quantity; Negative-profit transaction,"Validate order, discount, refund and customer purchase history before approval."
Sales,SA00028699,2026-04-18,C008700,P00700,C008700,6081.09,388.15,0.0,-355.44,92.21,Critical,Unusual transaction amount; Unusual refund; Unusual quantity; Negative-profit transaction,"Validate order, discount, refund and customer purchase history before approval."
Sales,SA00168699,2025-11-09,C008700,P00700,C008700,6081.09,388.15,0.0,-355.44,92.21,Critical,Unusual transaction amount; Unusual refund; Unusual quantity; Negative-profit transaction,"Validate order, discount, refund and customer purchase history before approval."
Sales,SA00138074,2025-12-14,C018075,P00075,C018075,4588.54,292.89,0.0,-302.54,92.2,Critical,Unusual discount; Unusual refund; Unusual quantity; Negative-profit transaction,"Validate order, discount, refund and customer purchase history before approval."
Sales,SA00160999,2025-10-05,C001000,P01000,C001000,6081.09,388.15,0.0,-335.44,92.2,Critical,Unusual transaction amount; Unusual refund; Unusual quantity; Negative-profit transaction,"Validate order, discount, refund and customer purchase history before approval."
Sales,SA00020999,2026-03-14,C001000,P01000,C001000,6081.09,388.15,0.0,-335.44,92.2,Critical,Unusual transaction amount; Unusual refund; Unusual quantity; Negative-profit transaction,"Validate order, discount, refund and customer purchase history before approval."
Sales,SA00153789,2026-01-03,C013790,P00790,C013790,5484.07,350.05,0.0,-298.27,92.2,Critical,Unusual transaction amount; Unusual refund; Unusual quantity; Negative-profit transaction,"Validate order, discount, refund and customer purchase history before approval."
Sales,SA00042888,2026-03-03,C002889,P00889,C002889,4339.49,276.99,1154.12,-1380.37,92.2,Critical,Unusual refund; Negative-profit transaction,"Validate order, discount, refund and customer purchase history before approval."
Sales,SA00130885,2026-04-04,C010886,P00886,C010886,1049.05,66.96,1116.01,-1192.69,92.19,Critical,Unusual refund; Unusual quantity; Negative-profit transaction,"Validate order, discount, refund and customer purchase history before approval."
Sales,SA00126699,2025-10-15,C006700,P00700,C006700,6081.09,388.15,0.0,-355.44,92.19,Critical,Unusual transaction amount; Unusual refund; Unusual quantity; Negative-profit transaction,"Validate order, discount, refund and customer purchase history before approval."
Sales,SA00102675,2025-12-20,C002676,P00676,C002676,929.65,59.34,988.99,-1090.23,92.19,Critical,Unusual refund; Unusual quantity; Negative-profit transaction,"Validate order, discount, refund and customer purchase history before approval."
Sales,SA00058540,2026-01-19,C018541,P00541,C018541,511.73,32.66,544.4,-651.65,92.19,Critical,Unusual refund; Unusual quantity; Negative-profit transaction,"Validate order, discount, refund and customer purchase history before approval."
Sales,SA00150289,2026-06-02,C010290,P00290,C010290,5484.07,350.05,0.0,-3614.05,92.18,Critical,Unusual transaction amount; Unusual refund; Unusual quantity; Negative-profit transaction,"Validate order, discount, refund and customer purchase history before approval."
Sales,SA00128688,2026-03-28,C008689,P00689,C008689,4616.48,0.0,1154.12,-1247.75,92.18,Critical,Unusual refund; Negative-profit transaction,"Validate order, discount, refund and customer purchase history before approval."
Sales,SA00108044,2025-09-05,C008045,P00045,C008045,2797.47,178.56,595.21,-786.27,92.18,Critical,Unusual refund; Unusual quantity; Negative-profit transaction,"Validate order, discount, refund and customer purchase history before approval."
Sales,SA00052625,2025-11-05,C012626,P00626,C012626,332.63,21.23,353.86,-457.96,92.18,Critical,Unusual refund; Unusual quantity; Negative-profit transaction,"Validate order, discount, refund and customer purchase history before approval."
Sales,SA00125999,2025-11-14,C006000,P01000,C006000,6081.09,388.15,0.0,-375.44,92.16,Critical,Unusual transaction amount; Unusual refund; Unusual quantity; Negative-profit transaction,"Validate order, discount, refund and customer purchase history before approval."
Sales,SA00137801,2026-03-16,C017802,P00802,C017802,92.11,5.88,49.0,-117.12,92.16,Critical,Unusual discount; Unusual refund; Negative-profit transaction,"Validate order, discount, refund and customer purchase history before approval."
Sales,SA00118594,2026-08-01,C018595,P00595,C018595,6151.68,0.0,0.0,-86.83,92.16,Critical,Unusual transaction amount; Unusual refund; Unusual quantity; Negative-profit transaction,"Validate order, discount, refund and customer purchase history before approval."
Sales,SA00194599,2025-10-25,C014600,P00600,C014600,6081.09,388.15,0.0,-335.44,92.15,Critical,Unusual transaction amount; Unusual refund; Unusual quantity; Negative-profit transaction,"Validate order, discount, refund and customer purchase history before approval."
Sales,SA00082460,2026-08-02,C002461,P00461,C002461,798.45,0.0,798.45,-886.69,92.15,Critical,Unusual refund; Unusual quantity; Negative-profit transaction,"Validate order, discount, refund and customer purchase history before approval."
Sales,SA00151969,2026-01-08,C011970,P00970,C011970,4290.02,273.83,0.0,-263.96,92.14,Critical,Unusual refund; Unusual quantity; Negative-profit transaction,"Validate order, discount, refund and customer purchase history before approval."
Sales,SA00011969,2026-06-17,C011970,P00970,C011970,4290.02,273.83,0.0,-263.96,92.14,Critical,Unusual refund; Unusual quantity; Negative-profit transaction,"Validate order, discount, refund and customer purchase history before approval."
Sales,SA00117768,2026-04-27,C017769,P00769,C017769,3600.27,0.0,900.07,-948.24,92.14,Critical,Unusual refund; Negative-profit transaction,"Validate order, discount, refund and customer purchase history before approval."
Sales,SA00130984,2026-07-12,C010985,P00985,C010985,5516.55,0.0,0.0,-73.43,92.14,Critical,Unusual transaction amount; Unusual refund; Unusual quantity; Negative-profit transaction,"Validate order, discount, refund and customer purchase history before approval."
Sales,SA00168910,2026-06-08,C008911,P00911,C008911,163.32,0.0,163.32,-218.16,92.14,Critical,Unusual refund; Unusual quantity; Negative-profit transaction,"Validate order, discount, refund and customer purchase history before approval."
Sales,SA00118005,2025-12-20,C018006,P00006,C018006,93.82,5.99,0.0,-33.23,92.13,Critical,Unusual discount; Unusual refund; Unusual quantity; Negative-profit transaction,"Validate order, discount, refund and customer purchase history before approval."
Sales,SA00230054,2025-12-14,C010055,P00055,C010055,3394.49,216.67,0.0,-228.23,92.13,Critical,Unusual refund; Unusual quantity; Negative-profit transaction,"Validate order, discount, refund and customer purchase history before approval."
Sales,SA00180984,2026-07-07,C000985,P00985,C000985,5185.56,330.99,0.0,-279.7,92.12,Critical,Unusual transaction amount; Unusual refund; Unusual quantity; Negative-profit transaction,"Validate order, discount, refund and customer purchase history before approval."
Sales,SA00066674,2026-05-03,C006675,P00675,C006675,4588.54,292.89,0.0,-262.54,92.12,Critical,Unusual discount; Unusual refund; Unusual quantity; Negative-profit transaction,"Validate order, discount, refund and customer purchase history before approval."
Sales,SA00130963,2026-06-21,C010964,P00964,C010964,3346.22,0.0,836.56,-878.37,92.11,Critical,Unusual refund; Negative-profit transaction,"Validate order, discount, refund and customer purchase history before approval."
Sales,SA00150954,2026-03-29,C010955,P00955,C010955,3394.49,216.67,0.0,-248.23,92.11,Critical,Unusual refund; Unusual quantity; Negative-profit transaction,"Validate order, discount, refund and customer purchase history before approval."
Sales,SA00128869,2025-09-25,C008870,P00870,C008870,4290.02,273.83,0.0,-283.96,92.09,Critical,Unusual refund; Unusual quantity; Negative-profit transaction,"Validate order, discount, refund and customer purchase history before approval."
Sales,SA00032878,2025-09-29,C012879,P00879,C012879,3861.88,246.5,1027.09,-1301.61,92.09,Critical,Unusual refund; Negative-profit transaction,"Validate order, discount, refund and customer purchase history before approval."
Sales,SA00098125,2026-07-03,C018126,P00126,C018126,332.63,21.23,353.86,-437.96,92.08,Critical,Unusual refund; Unusual quantity; Negative-profit transaction,"Validate order, discount, refund and customer purchase history before approval."
Sales,SA00104599,2026-03-29,C004600,P00600,C004600,6145.78,323.46,1293.85,-1588.97,92.08,Critical,Unusual transaction amount; Unusual refund; Unusual quantity; Negative-profit transaction,"Validate order, discount, refund and customer purchase history before approval."
Sales,SA00115100,2026-01-04,C015101,P00101,C015101,34.12,2.18,0.0,-85.51,92.08,Critical,Unusual discount; Unusual refund; Unusual quantity; Negative-profit transaction,"Validate order, discount, refund and customer purchase history before approval."
Sales,SA00040600,2025-11-25,C000601,P00601,C000601,36.29,0.0,36.29,-100.45,92.07,Critical,Unusual refund; Unusual quantity; Negative-profit transaction,"Validate order, discount, refund and customer purchase history before approval."
Sales,SA00093835,2025-10-01,C013836,P00836,C013836,480.88,0.0,480.88,-582.43,92.07,Critical,Unusual refund; Unusual quantity; Negative-profit transaction,"Validate order, discount, refund and customer purchase history before approval."
Sales,SA00125594,2025-10-05,C005595,P00595,C005595,6151.68,0.0,0.0,-126.83,92.07,Critical,Unusual transaction amount; Unusual refund; Unusual quantity; Negative-profit transaction,"Validate order, discount, refund and customer purchase history before approval."
Sales,SA00140979,2025-11-29,C000980,P00980,C000980,4887.05,311.94,0.0,-261.12,92.07,Critical,Unusual refund; Unusual quantity; Negative-profit transaction,"Validate order, discount, refund and customer purchase history before approval."
Sales,SA00182573,2025-11-13,C002574,P00574,C002574,3623.07,231.26,963.58,-1162.24,92.06,Critical,Unusual refund; Negative-profit transaction,"Validate order, discount, refund and customer purchase history before approval."
Sales,SA00122989,2026-08-16,C002990,P00990,C002990,5484.07,350.05,0.0,-298.27,92.06,Critical,Unusual transaction amount; Unusual refund; Unusual quantity; Negative-profit transaction,"Validate order, discount, refund and customer purchase history before approval."
Sales,SA00013573,2025-11-08,C013574,P00574,C013574,3854.33,0.0,963.58,-1058.12,92.06,Critical,Unusual refund; Negative-profit transaction,"Validate order, discount, refund and customer purchase history before approval."
Sales,SA00110789,2026-03-14,C010790,P00790,C010790,5834.11,0.0,0.0,-120.13,92.06,Critical,Unusual transaction amount; Unusual refund; Unusual quantity; Negative-profit transaction,"Validate order, discount, refund and customer purchase history before approval."
Sales,SA00091755,2026-01-19,C011756,P00756,C011756,690.84,44.1,734.94,-865.33,92.05,Critical,Unusual discount; Unusual refund; Unusual quantity; Negative-profit transaction,"Validate order, discount, refund and customer purchase history before approval."
Sales,SA00081969,2026-03-29,C001970,P00970,C001970,4290.02,273.83,0.0,-263.96,92.05,Critical,Unusual refund; Unusual quantity; Negative-profit transaction,"Validate order, discount, refund and customer purchase history before approval."
Sales,SA00186668,2026-02-01,C006669,P00669,C006669,3384.26,216.02,900.07,-1102.87,92.05,Critical,Unusual discount; Unusual refund; Negative-profit transaction,"Validate order, discount, refund and customer purchase history before approval."
Sales,SA00133699,2025-12-19,C013700,P00700,C013700,6081.09,388.15,0.0,-315.44,92.04,Critical,Unusual transaction amount; Unusual refund; Unusual quantity; Negative-profit transaction,"Validate order, discount, refund and customer purchase history before approval."
Sales,SA00116094,2025-09-25,C016095,P00095,C016095,5782.58,369.1,0.0,-296.86,92.04,Critical,Unusual transaction amount; Unusual refund; Unusual quantity; Negative-profit transaction,"Validate order, discount, refund and customer purchase history before approval."
Sales,SA00021945,2025-10-16,C001946,P00946,C001946,607.91,0.0,607.91,-660.14,92.04,Critical,Unusual refund; Unusual quantity; Negative-profit transaction,"Validate order, discount, refund and customer purchase history before approval."
Sales,SA00017954,2025-11-09,C017955,P00955,C017955,3394.49,216.67,0.0,-208.23,92.03,Critical,Unusual refund; Unusual quantity; Negative-profit transaction,"Validate order, discount, refund and customer purchase history before approval."
Sales,SA00005389,2026-06-07,C005390,P00390,C005390,5484.07,350.05,0.0,-298.27,92.02,Critical,Unusual transaction amount; Unusual refund; Unusual quantity; Negative-profit transaction,"Validate order, discount, refund and customer purchase history before approval."
Sales,SA00163869,2026-08-16,C003870,P00870,C003870,4290.02,273.83,0.0,-243.96,92.02,Critical,Unusual refund; Unusual quantity; Negative-profit transaction,"Validate order, discount, refund and customer purchase history before approval."
Payments,PAY0018199,2026-08-01,C018200,,C018200,26783.0,0.0,0.0,0.0,89.36,High,Unusual payment amount,"Match payment with invoice and review duplicate, overpayment or unusual customer payment behaviour."
Payments,PAY0059599,2026-01-03,C019600,,C019600,26783.0,0.0,0.0,0.0,89.35,High,Unusual payment amount,"Match payment with invoice and review duplicate, overpayment or unusual customer payment behaviour."
Payments,PAY0059199,2025-11-29,C019200,,C019200,26783.0,0.0,0.0,0.0,89.32,High,Unusual payment amount,"Match payment with invoice and review duplicate, overpayment or unusual customer payment behaviour."
Payments,PAY0039799,2025-10-05,C019800,,C019800,26783.0,0.0,0.0,0.0,89.31,High,Unusual payment amount,"Match payment with invoice and review duplicate, overpayment or unusual customer payment behaviour."
Payments,PAY0036998,2026-02-01,C016999,,C016999,26666.0,0.0,0.0,0.0,89.28,High,Unusual payment amount,"Match payment with invoice and review duplicate, overpayment or unusual customer payment behaviour."
Payments,PAY0059200,2025-11-30,C019201,,C019201,3500.0,0.0,0.0,0.0,89.28,High,Unusual payment amount,"Match payment with invoice and review duplicate, overpayment or unusual customer payment behaviour."
Payments,PAY0017799,2026-06-27,C017800,,C017800,26783.0,0.0,0.0,0.0,89.27,High,Unusual payment amount,"Match payment with invoice and review duplicate, overpayment or unusual customer payment behaviour."
Payments,PAY0039398,2026-08-30,C019399,,C019399,26666.0,0.0,0.0,0.0,89.27,High,Unusual payment amount,"Match payment with invoice and review duplicate, overpayment or unusual customer payment behaviour."
Payments,PAY0018200,2026-08-02,C018201,,C018201,3500.0,0.0,0.0,0.0,89.26,High,Unusual payment amount,"Match payment with invoice and review duplicate, overpayment or unusual customer payment behaviour."
Payments,PAY0017800,2026-06-28,C017801,,C017801,3500.0,0.0,0.0,0.0,89.26,High,Unusual payment amount,"Match payment with invoice and review duplicate, overpayment or unusual customer payment behaviour."
Payments,PAY0039798,2025-10-04,C019799,,C019799,26666.0,0.0,0.0,0.0,89.24,High,Unusual payment amount,"Match payment with invoice and review duplicate, overpayment or unusual customer payment behaviour."
Payments,PAY0057199,2026-06-07,C017200,,C017200,26783.0,0.0,0.0,0.0,89.23,High,Unusual payment amount,"Match payment with invoice and review duplicate, overpayment or unusual customer payment behaviour."
Payments,PAY0059999,2026-02-07,C020000,,C020000,26783.0,0.0,0.0,0.0,89.23,High,Unusual payment amount,"Match payment with invoice and review duplicate, overpayment or unusual customer payment behaviour."
Payments,PAY0059600,2026-01-04,C019601,,C019601,3500.0,0.0,0.0,0.0,89.23,High,Unusual payment amount,"Match payment with invoice and review duplicate, overpayment or unusual customer payment behaviour."
Payments,PAY0058799,2025-10-25,C018800,,C018800,26783.0,0.0,0.0,0.0,89.22,High,Unusual payment amount,"Match payment with invoice and review duplicate, overpayment or unusual customer payment behaviour."
Payments,PAY0039399,2026-08-31,C019400,,C019400,26783.0,0.0,0.0,0.0,89.21,High,Unusual payment amount,"Match payment with invoice and review duplicate, overpayment or unusual customer payment behaviour."
Payments,PAY0017399,2026-05-23,C017400,,C017400,26783.0,0.0,0.0,0.0,89.2,High,Unusual payment amount,"Match payment with invoice and review duplicate, overpayment or unusual customer payment behaviour."
Payments,PAY0019597,2026-05-31,C019598,,C019598,26549.0,0.0,0.0,0.0,89.18,High,Unusual payment amount,"Match payment with invoice and review duplicate, overpayment or unusual customer payment behaviour."
Payments,PAY0036997,2026-01-31,C016998,,C016998,26549.0,0.0,0.0,0.0,89.18,High,Unusual payment amount,"Match payment with invoice and review duplicate, overpayment or unusual customer payment behaviour."
Payments,PAY0058800,2025-10-26,C018801,,C018801,3500.0,0.0,0.0,0.0,89.18,High,Unusual payment amount,"Match payment with invoice and review duplicate, overpayment or unusual customer payment behaviour."
Payments,PAY0002006,2026-03-21,C002007,,C002007,4202.0,0.0,0.0,0.0,89.18,High,Multiple moderate-risk factors,"Match payment with invoice and review duplicate, overpayment or unusual customer payment behaviour."
Payments,PAY0038001,2025-11-01,C018002,,C018002,3617.0,0.0,0.0,0.0,89.17,High,Unusual payment amount,"Match payment with invoice and review duplicate, overpayment or unusual customer payment behaviour."
Payments,PAY0017197,2025-11-02,C017198,,C017198,26549.0,0.0,0.0,0.0,89.17,High,Unusual payment amount,"Match payment with invoice and review duplicate, overpayment or unusual customer payment behaviour."
Payments,PAY0017400,2026-05-24,C017401,,C017401,3500.0,0.0,0.0,0.0,89.17,High,Unusual payment amount,"Match payment with invoice and review duplicate, overpayment or unusual customer payment behaviour."
Payments,PAY0057198,2026-06-06,C017199,,C017199,26666.0,0.0,0.0,0.0,89.16,High,Unusual payment amount,"Match payment with invoice and review duplicate, overpayment or unusual customer payment behaviour."
Payments,PAY0019598,2026-06-01,C019599,,C019599,26666.0,0.0,0.0,0.0,89.15,High,Unusual payment amount,"Match payment with invoice and review duplicate, overpayment or unusual customer payment behaviour."
Payments,PAY0039397,2026-08-29,C019398,,C019398,26549.0,0.0,0.0,0.0,89.14,High,Unusual payment amount,"Match payment with invoice and review duplicate, overpayment or unusual customer payment behaviour."
Payments,PAY0037398,2026-03-08,C017399,,C017399,26666.0,0.0,0.0,0.0,89.14,High,Unusual payment amount,"Match payment with invoice and review duplicate, overpayment or unusual customer payment behaviour."
Payments,PAY0038998,2026-07-26,C018999,,C018999,26666.0,0.0,0.0,0.0,89.12,High,Unusual payment amount,"Match payment with invoice and review duplicate, overpayment or unusual customer payment behaviour."
Payments,PAY0019997,2026-07-05,C019998,,C019998,26549.0,0.0,0.0,0.0,89.12,High,Unusual payment amount,"Match payment with invoice and review duplicate, overpayment or unusual customer payment behaviour."
Payments,PAY0037601,2025-09-27,C017602,,C017602,3617.0,0.0,0.0,0.0,89.12,High,Unusual payment amount,"Match payment with invoice and review duplicate, overpayment or unusual customer payment behaviour."
Payments,PAY0018198,2026-07-31,C018199,,C018199,26666.0,0.0,0.0,0.0,89.11,High,Unusual payment amount,"Match payment with invoice and review duplicate, overpayment or unusual customer payment behaviour."
Payments,PAY0037200,2026-08-22,C017201,,C017201,3500.0,0.0,0.0,0.0,89.1,High,Unusual payment amount,"Match payment with invoice and review duplicate, overpayment or unusual customer payment behaviour."
Payments,PAY0017000,2026-04-19,C017001,,C017001,3500.0,0.0,0.0,0.0,89.09,High,Unusual payment amount,"Match payment with invoice and review duplicate, overpayment or unusual customer payment behaviour."
Payments,PAY0018600,2025-09-06,C018601,,C018601,3500.0,0.0,0.0,0.0,89.08,High,Unusual payment amount,"Match payment with invoice and review duplicate, overpayment or unusual customer payment behaviour."
Payments,PAY0057802,2026-01-31,C017803,,C017803,3734.0,0.0,0.0,0.0,89.08,High,Unusual payment amount,"Match payment with invoice and review duplicate, overpayment or unusual customer payment behaviour."
Payments,PAY0058196,2026-03-01,C018197,,C018197,26432.0,0.0,0.0,0.0,89.08,High,Unusual payment amount,"Match payment with invoice and review duplicate, overpayment or unusual customer payment behaviour."
Payments,PAY0017196,2025-11-01,C017197,,C017197,26432.0,0.0,0.0,0.0,89.08,High,Unusual payment amount,"Match payment with invoice and review duplicate, overpayment or unusual customer payment behaviour."
Payments,PAY0058400,2025-09-21,C018401,,C018401,3500.0,0.0,0.0,0.0,89.06,High,Unusual payment amount,"Match payment with invoice and review duplicate, overpayment or unusual customer payment behaviour."
Payments,PAY0037608,2025-10-04,C017609,,C017609,4436.0,0.0,0.0,0.0,89.06,High,Multiple moderate-risk factors,"Match payment with invoice and review duplicate, overpayment or unusual customer payment behaviour."
Payments,PAY0019596,2026-05-30,C019597,,C019597,26432.0,0.0,0.0,0.0,89.06,High,Unusual payment amount,"Match payment with invoice and review duplicate, overpayment or unusual customer payment behaviour."
Payments,PAY0038002,2025-11-02,C018003,,C018003,3734.0,0.0,0.0,0.0,89.06,High,Unusual payment amount,"Match payment with invoice and review duplicate, overpayment or unusual customer payment behaviour."
Payments,PAY0037999,2025-10-30,C018000,,C018000,26783.0,0.0,0.0,0.0,89.06,High,Unusual payment amount,"Match payment with invoice and review duplicate, overpayment or unusual customer payment behaviour."
Payments,PAY0062006,2026-08-08,C002007,,C002007,4202.0,0.0,0.0,0.0,89.06,High,Multiple moderate-risk factors,"Match payment with invoice and review duplicate, overpayment or unusual customer payment behaviour."
Payments,PAY0037602,2025-09-28,C017603,,C017603,3734.0,0.0,0.0,0.0,89.05,High,Unusual payment amount,"Match payment with invoice and review duplicate, overpayment or unusual customer payment behaviour."
Payments,PAY0057599,2026-07-12,C017600,,C017600,26783.0,0.0,0.0,0.0,89.04,High,Unusual payment amount,"Match payment with invoice and review duplicate, overpayment or unusual customer payment behaviour."
Payments,PAY0019400,2025-11-15,C019401,,C019401,3500.0,0.0,0.0,0.0,89.04,High,Unusual payment amount,"Match payment with invoice and review duplicate, overpayment or unusual customer payment behaviour."
Payments,PAY0019000,2025-10-11,C019001,,C019001,3500.0,0.0,0.0,0.0,89.04,High,Unusual payment amount,"Match payment with invoice and review duplicate, overpayment or unusual customer payment behaviour."
Payments,PAY0019800,2025-12-20,C019801,,C019801,3500.0,0.0,0.0,0.0,89.04,High,Unusual payment amount,"Match payment with invoice and review duplicate, overpayment or unusual customer payment behaviour."
Payments,PAY0058399,2025-09-20,C018400,,C018400,26783.0,0.0,0.0,0.0,89.04,High,Unusual payment amount,"Match payment with invoice and review duplicate, overpayment or unusual customer payment behaviour."
Payments,PAY0016999,2026-04-18,C017000,,C017000,26783.0,0.0,0.0,0.0,89.03,High,Unusual payment amount,"Match payment with invoice and review duplicate, overpayment or unusual customer payment behaviour."
Payments,PAY0019197,2026-04-26,C019198,,C019198,26549.0,0.0,0.0,0.0,89.03,High,Unusual payment amount,"Match payment with invoice and review duplicate, overpayment or unusual customer payment behaviour."
Payments,PAY0057598,2026-07-11,C017599,,C017599,26666.0,0.0,0.0,0.0,89.03,High,Unusual payment amount,"Match payment with invoice and review duplicate, overpayment or unusual customer payment behaviour."
Payments,PAY0017597,2025-12-07,C017598,,C017598,26549.0,0.0,0.0,0.0,89.03,High,Unusual payment amount,"Match payment with invoice and review duplicate, overpayment or unusual customer payment behaviour."
Payments,PAY0037397,2026-03-07,C017398,,C017398,26549.0,0.0,0.0,0.0,89.03,High,Unusual payment amount,"Match payment with invoice and review duplicate, overpayment or unusual customer payment behaviour."
Payments,PAY0019996,2026-07-04,C019997,,C019997,26432.0,0.0,0.0,0.0,89.03,High,Unusual payment amount,"Match payment with invoice and review duplicate, overpayment or unusual customer payment behaviour."
Payments,PAY0037201,2026-08-23,C017202,,C017202,3617.0,0.0,0.0,0.0,89.02,High,Unusual payment amount,"Match payment with invoice and review duplicate, overpayment or unusual customer payment behaviour."
Payments,PAY0038997,2026-07-25,C018998,,C018998,26549.0,0.0,0.0,0.0,89.02,High,Unusual payment amount,"Match payment with invoice and review duplicate, overpayment or unusual customer payment behaviour."
Payments,PAY0059597,2026-01-01,C019598,,C019598,26549.0,0.0,0.0,0.0,89.02,High,Unusual payment amount,"Match payment with invoice and review duplicate, overpayment or unusual customer payment behaviour."
Payments,PAY0057402,2025-12-27,C017403,,C017403,3734.0,0.0,0.0,0.0,89.0,High,Unusual payment amount,"Match payment with invoice and review duplicate, overpayment or unusual customer payment behaviour."
Payments,PAY0058596,2026-04-05,C018597,,C018597,26432.0,0.0,0.0,0.0,89.0,High,Unusual payment amount,"Match payment with invoice and review duplicate, overpayment or unusual customer payment behaviour."
Payments,PAY0057999,2026-08-16,C018000,,C018000,26783.0,0.0,0.0,0.0,89.0,High,Unusual payment amount,"Match payment with invoice and review duplicate, overpayment or unusual customer payment behaviour."
Payments,PAY0059809,2026-08-01,C019810,,C019810,4553.0,0.0,0.0,0.0,88.99,High,Multiple moderate-risk factors,"Match payment with invoice and review duplicate, overpayment or unusual customer payment behaviour."
Payments,PAY0022201,2026-07-19,C002202,,C002202,3617.0,0.0,0.0,0.0,88.99,High,Unusual payment amount,"Match payment with invoice and review duplicate, overpayment or unusual customer payment behaviour."
Payments,PAY0038401,2025-12-06,C018402,,C018402,3617.0,0.0,0.0,0.0,88.98,High,Unusual payment amount,"Match payment with invoice and review duplicate, overpayment or unusual customer payment behaviour."
Payments,PAY0031003,2026-08-30,C011004,,C011004,3851.0,0.0,0.0,0.0,88.98,High,Unusual payment amount,"Match payment with invoice and review duplicate, overpayment or unusual customer payment behaviour."
Payments,PAY0057803,2026-02-01,C017804,,C017804,3851.0,0.0,0.0,0.0,88.97,High,Unusual payment amount,"Match payment with invoice and review duplicate, overpayment or unusual customer payment behaviour."
Payments,PAY0038598,2026-06-21,C018599,,C018599,26666.0,0.0,0.0,0.0,88.97,High,Unusual payment amount,"Match payment with invoice and review duplicate, overpayment or unusual customer payment behaviour."
Payments,PAY0038801,2026-01-10,C018802,,C018802,3617.0,0.0,0.0,0.0,88.97,High,Unusual payment amount,"Match payment with invoice and review duplicate, overpayment or unusual customer payment behaviour."
Payments,PAY0039400,2025-09-01,C019401,,C019401,3500.0,0.0,0.0,0.0,88.97,High,Unusual payment amount,"Match payment with invoice and review duplicate, overpayment or unusual customer payment behaviour."
Payments,PAY0059802,2026-07-25,C019803,,C019803,3734.0,0.0,0.0,0.0,88.96,High,Unusual payment amount,"Match payment with invoice and review duplicate, overpayment or unusual customer payment behaviour."
Payments,PAY0019801,2025-12-21,C019802,,C019802,3617.0,0.0,0.0,0.0,88.96,High,Unusual payment amount,"Match payment with invoice and review duplicate, overpayment or unusual customer payment behaviour."
Payments,PAY0039601,2026-03-21,C019602,,C019602,3617.0,0.0,0.0,0.0,88.96,High,Unusual payment amount,"Match payment with invoice and review duplicate, overpayment or unusual customer payment behaviour."
Payments,PAY0019401,2025-11-16,C019402,,C019402,3617.0,0.0,0.0,0.0,88.96,High,Unusual payment amount,"Match payment with invoice and review duplicate, overpayment or unusual customer payment behaviour."
Payments,PAY0019203,2026-05-02,C019204,,C019204,3851.0,0.0,0.0,0.0,88.95,High,Unusual payment amount,"Match payment with invoice and review duplicate, overpayment or unusual customer payment behaviour."
Payments,PAY0038395,2025-11-30,C018396,,C018396,26315.0,0.0,0.0,0.0,88.95,High,Unusual payment amount,"Match payment with invoice and review duplicate, overpayment or unusual customer payment behaviour."
Payments,PAY0026202,2026-07-05,C006203,,C006203,3734.0,0.0,0.0,0.0,88.95,High,Unusual payment amount,"Match payment with invoice and review duplicate, overpayment or unusual customer payment behaviour."
Payments,PAY0018803,2026-03-28,C018804,,C018804,3851.0,0.0,0.0,0.0,88.95,High,Unusual payment amount,"Match payment with invoice and review duplicate, overpayment or unusual customer payment behaviour."
Payments,PAY0057403,2025-12-28,C017404,,C017404,3851.0,0.0,0.0,0.0,88.95,High,Unusual payment amount,"Match payment with invoice and review duplicate, overpayment or unusual customer payment behaviour."
Payments,PAY0060000,2026-02-08,C000001,,C000001,3500.0,0.0,0.0,0.0,88.94,High,Unusual payment amount,"Match payment with invoice and review duplicate, overpayment or unusual customer payment behaviour."
Payments,PAY0019599,2026-06-02,C019600,,C019600,26783.0,0.0,0.0,0.0,88.94,High,Unusual payment amount,"Match payment with invoice and review duplicate, overpayment or unusual customer payment behaviour."
Payments,PAY0036999,2026-02-02,C017000,,C017000,26783.0,0.0,0.0,0.0,88.94,High,Unusual payment amount,"Match payment with invoice and review duplicate, overpayment or unusual customer payment behaviour."
Payments,PAY0057998,2026-08-15,C017999,,C017999,26666.0,0.0,0.0,0.0,88.94,High,Unusual payment amount,"Match payment with invoice and review duplicate, overpayment or unusual customer payment behaviour."
Payments,PAY0039201,2026-02-14,C019202,,C019202,3617.0,0.0,0.0,0.0,88.93,High,Unusual payment amount,"Match payment with invoice and review duplicate, overpayment or unusual customer payment behaviour."
Payments,PAY0038795,2026-01-04,C018796,,C018796,26315.0,0.0,0.0,0.0,88.92,High,Unusual payment amount,"Match payment with invoice and review duplicate, overpayment or unusual customer payment behaviour."
Payments,PAY0058595,2026-04-04,C018596,,C018596,26315.0,0.0,0.0,0.0,88.92,High,Unusual payment amount,"Match payment with invoice and review duplicate, overpayment or unusual customer payment behaviour."
Payments,PAY0017997,2026-01-11,C017998,,C017998,26549.0,0.0,0.0,0.0,88.92,High,Unusual payment amount,"Match payment with invoice and review duplicate, overpayment or unusual customer payment behaviour."
Payments,PAY0037797,2026-04-11,C017798,,C017798,26549.0,0.0,0.0,0.0,88.92,High,Unusual payment amount,"Match payment with invoice and review duplicate, overpayment or unusual customer payment behaviour."
Payments,PAY0037798,2026-04-12,C017799,,C017799,26666.0,0.0,0.0,0.0,88.92,High,Unusual payment amount,"Match payment with invoice and review duplicate, overpayment or unusual customer payment behaviour."
Payments,PAY0017596,2025-12-06,C017597,,C017597,26432.0,0.0,0.0,0.0,88.92,High,Unusual payment amount,"Match payment with invoice and review duplicate, overpayment or unusual customer payment behaviour."
Payments,PAY0019001,2025-10-12,C019002,,C019002,3617.0,0.0,0.0,0.0,88.92,High,Unusual payment amount,"Match payment with invoice and review duplicate, overpayment or unusual customer payment behaviour."
Payments,PAY0038000,2025-10-31,C018001,,C018001,3500.0,0.0,0.0,0.0,88.91,High,Unusual payment amount,"Match payment with invoice and review duplicate, overpayment or unusual customer payment behaviour."
Payments,PAY0018797,2026-03-22,C018798,,C018798,26549.0,0.0,0.0,0.0,88.9,High,Unusual payment amount,"Match payment with invoice and review duplicate, overpayment or unusual customer payment behaviour."
Payments,PAY0038396,2025-12-01,C018397,,C018397,26432.0,0.0,0.0,0.0,88.89,High,Unusual payment amount,"Match payment with invoice and review duplicate, overpayment or unusual customer payment behaviour."
Payments,PAY0058195,2026-02-28,C018196,,C018196,26315.0,0.0,0.0,0.0,88.89,High,Unusual payment amount,"Match payment with invoice and review duplicate, overpayment or unusual customer payment behaviour."
Payments,PAY0038198,2026-05-17,C018199,,C018199,26666.0,0.0,0.0,0.0,88.89,High,Unusual payment amount,"Match payment with invoice and review duplicate, overpayment or unusual customer payment behaviour."
Payments,PAY0019196,2026-04-25,C019197,,C019197,26432.0,0.0,0.0,0.0,88.88,High,Unusual payment amount,"Match payment with invoice and review duplicate, overpayment or unusual customer payment behaviour."
Payments,PAY0057796,2026-01-25,C017797,,C017797,26432.0,0.0,0.0,0.0,88.88,High,Unusual payment amount,"Match payment with invoice and review duplicate, overpayment or unusual customer payment behaviour."
Payments,PAY0039602,2026-03-22,C019603,,C019603,3734.0,0.0,0.0,0.0,88.87,High,Unusual payment amount,"Match payment with invoice and review duplicate, overpayment or unusual customer payment behaviour."
Payments,PAY0057002,2025-11-22,C017003,,C017003,3734.0,0.0,0.0,0.0,88.87,High,Unusual payment amount,"Match payment with invoice and review duplicate, overpayment or unusual customer payment behaviour."
Payments,PAY0018601,2025-09-07,C018602,,C018602,3617.0,0.0,0.0,0.0,88.87,High,Unusual payment amount,"Match payment with invoice and review duplicate, overpayment or unusual customer payment behaviour."
Payments,PAY0039004,2026-08-01,C019005,,C019005,3968.0,0.0,0.0,0.0,88.87,High,Unusual payment amount,"Match payment with invoice and review duplicate, overpayment or unusual customer payment behaviour."
Payments,PAY0018804,2026-03-29,C018805,,C018805,3968.0,0.0,0.0,0.0,88.86,High,Unusual payment amount,"Match payment with invoice and review duplicate, overpayment or unusual customer payment behaviour."
Payments,PAY0048004,2026-03-29,C008005,,C008005,3968.0,0.0,0.0,0.0,88.86,High,Unusual payment amount,"Match payment with invoice and review duplicate, overpayment or unusual customer payment behaviour."
Payments,PAY0059803,2026-07-26,C019804,,C019804,3851.0,0.0,0.0,0.0,88.85,High,Unusual payment amount,"Match payment with invoice and review duplicate, overpayment or unusual customer payment behaviour."
Payments,PAY0038794,2026-01-03,C018795,,C018795,26198.0,0.0,0.0,0.0,88.85,High,Unusual payment amount,"Match payment with invoice and review duplicate, overpayment or unusual customer payment behaviour."
Payments,PAY0017996,2026-01-10,C017997,,C017997,26432.0,0.0,0.0,0.0,88.84,High,Unusual payment amount,"Match payment with invoice and review duplicate, overpayment or unusual customer payment behaviour."
Payments,PAY0058996,2026-05-10,C018997,,C018997,26432.0,0.0,0.0,0.0,88.84,High,Unusual payment amount,"Match payment with invoice and review duplicate, overpayment or unusual customer payment behaviour."
Payments,PAY0059201,2025-12-01,C019202,,C019202,3617.0,0.0,0.0,0.0,88.84,High,Unusual payment amount,"Match payment with invoice and review duplicate, overpayment or unusual customer payment behaviour."
Payments,PAY0019204,2026-05-03,C019205,,C019205,3968.0,0.0,0.0,0.0,88.83,High,Unusual payment amount,"Match payment with invoice and review duplicate, overpayment or unusual customer payment behaviour."
Payments,PAY0018397,2026-02-15,C018398,,C018398,26549.0,0.0,0.0,0.0,88.83,High,Unusual payment amount,"Match payment with invoice and review duplicate, overpayment or unusual customer payment behaviour."
Payments,PAY0038597,2026-06-20,C018598,,C018598,26549.0,0.0,0.0,0.0,88.83,High,Unusual payment amount,"Match payment with invoice and review duplicate, overpayment or unusual customer payment behaviour."
Payments,PAY0059002,2026-05-16,C019003,,C019003,3734.0,0.0,0.0,0.0,88.82,High,Unusual payment amount,"Match payment with invoice and review duplicate, overpayment or unusual customer payment behaviour."
Payments,PAY0044402,2026-05-16,C004403,,C004403,3734.0,0.0,0.0,0.0,88.82,High,Unusual payment amount,"Match payment with invoice and review duplicate, overpayment or unusual customer payment behaviour."
Payments,PAY0059596,2025-12-31,C019597,,C019597,26432.0,0.0,0.0,0.0,88.81,High,Unusual payment amount,"Match payment with invoice and review duplicate, overpayment or unusual customer payment behaviour."
Payments,PAY0059598,2026-01-02,C019599,,C019599,26666.0,0.0,0.0,0.0,88.81,High,Unusual payment amount,"Match payment with invoice and review duplicate, overpayment or unusual customer payment behaviour."
Payments,PAY0038394,2025-11-29,C018395,,C018395,26198.0,0.0,0.0,0.0,88.81,High,Unusual payment amount,"Match payment with invoice and review duplicate, overpayment or unusual customer payment behaviour."
Payments,PAY0039202,2026-02-15,C019203,,C019203,3734.0,0.0,0.0,0.0,88.81,High,Unusual payment amount,"Match payment with invoice and review duplicate, overpayment or unusual customer payment behaviour."
Payments,PAY0038802,2026-01-11,C018803,,C018803,3734.0,0.0,0.0,0.0,88.81,High,Unusual payment amount,"Match payment with invoice and review duplicate, overpayment or unusual customer payment behaviour."
Payments,PAY0058602,2026-04-11,C018603,,C018603,3734.0,0.0,0.0,0.0,88.81,High,Unusual payment amount,"Match payment with invoice and review duplicate, overpayment or unusual customer payment behaviour."
Payments,PAY0057003,2025-11-23,C017004,,C017004,3851.0,0.0,0.0,0.0,88.8,High,Unusual payment amount,"Match payment with invoice and review duplicate, overpayment or unusual customer payment behaviour."
Payments,PAY0074002,2026-06-20,C014003,,C014003,3734.0,0.0,0.0,0.0,88.79,High,Unusual payment amount,"Match payment with invoice and review duplicate, overpayment or unusual customer payment behaviour."
Payments,PAY0059402,2026-06-20,C019403,,C019403,3734.0,0.0,0.0,0.0,88.79,High,Unusual payment amount,"Match payment with invoice and review duplicate, overpayment or unusual customer payment behaviour."
Payments,PAY0039195,2026-02-08,C019196,,C019196,26315.0,0.0,0.0,0.0,88.79,High,Unusual payment amount,"Match payment with invoice and review duplicate, overpayment or unusual customer payment behaviour."
Payments,PAY0018994,2025-10-05,C018995,,C018995,26198.0,0.0,0.0,0.0,88.78,High,Unusual payment amount,"Match payment with invoice and review duplicate, overpayment or unusual customer payment behaviour."
Payments,PAY0059993,2026-02-01,C019994,,C019994,26081.0,0.0,0.0,0.0,88.78,High,Multiple moderate-risk factors,"Match payment with invoice and review duplicate, overpayment or unusual customer payment behaviour."
Payments,PAY0038604,2026-06-27,C018605,,C018605,3968.0,0.0,0.0,0.0,88.77,High,Unusual payment amount,"Match payment with invoice and review duplicate, overpayment or unusual customer payment behaviour."
Payments,PAY0018197,2026-07-30,C018198,,C018198,26549.0,0.0,0.0,0.0,88.77,High,Unusual payment amount,"Match payment with invoice and review duplicate, overpayment or unusual customer payment behaviour."
Payments,PAY0038197,2026-05-16,C018198,,C018198,26549.0,0.0,0.0,0.0,88.77,High,Unusual payment amount,"Match payment with invoice and review duplicate, overpayment or unusual customer payment behaviour."
Payments,PAY0037995,2025-10-26,C017996,,C017996,26315.0,0.0,0.0,0.0,88.76,High,Unusual payment amount,"Match payment with invoice and review duplicate, overpayment or unusual customer payment behaviour."
Payments,PAY0058995,2026-05-09,C018996,,C018996,26315.0,0.0,0.0,0.0,88.76,High,Unusual payment amount,"Match payment with invoice and review duplicate, overpayment or unusual customer payment behaviour."
Payments,PAY0035993,2026-05-02,C015994,,C015994,26081.0,0.0,0.0,0.0,88.75,High,Multiple moderate-risk factors,"Match payment with invoice and review duplicate, overpayment or unusual customer payment behaviour."
Payments,PAY0057795,2026-01-24,C017796,,C017796,26315.0,0.0,0.0,0.0,88.75,High,Unusual payment amount,"Match payment with invoice and review duplicate, overpayment or unusual customer payment behaviour."
Payments,PAY0039005,2026-08-02,C019006,,C019006,4085.0,0.0,0.0,0.0,88.74,High,Multiple moderate-risk factors,"Match payment with invoice and review duplicate, overpayment or unusual customer payment behaviour."
Payments,PAY0018593,2026-08-30,C018594,,C018594,26081.0,0.0,0.0,0.0,88.74,High,Multiple moderate-risk factors,"Match payment with invoice and review duplicate, overpayment or unusual customer payment behaviour."
Payments,PAY0019603,2026-06-06,C019604,,C019604,3851.0,0.0,0.0,0.0,88.74,High,Unusual payment amount,"Match payment with invoice and review duplicate, overpayment or unusual customer payment behaviour."
Payments,PAY0057799,2026-01-28,C017800,,C017800,26783.0,0.0,0.0,0.0,88.74,High,Unusual payment amount,"Match payment with invoice and review duplicate, overpayment or unusual customer payment behaviour."
Payments,PAY0019199,2026-04-28,C019200,,C019200,26783.0,0.0,0.0,0.0,88.74,High,Unusual payment amount,"Match payment with invoice and review duplicate, overpayment or unusual customer payment behaviour."
Payments,PAY0058202,2026-03-07,C018203,,C018203,3734.0,0.0,0.0,0.0,88.73,High,Unusual payment amount,"Match payment with invoice and review duplicate, overpayment or unusual customer payment behaviour."
Payments,PAY0038402,2025-12-07,C018403,,C018403,3734.0,0.0,0.0,0.0,88.73,High,Unusual payment amount,"Match payment with invoice and review duplicate, overpayment or unusual customer payment behaviour."
Payments,PAY0038605,2026-06-28,C018606,,C018606,4085.0,0.0,0.0,0.0,88.73,High,Multiple moderate-risk factors,"Match payment with invoice and review duplicate, overpayment or unusual customer payment behaviour."
Payments,PAY0018595,2025-09-01,C018596,,C018596,26315.0,0.0,0.0,0.0,88.72,High,Unusual payment amount,"Match payment with invoice and review duplicate, overpayment or unusual customer payment behaviour."
Payments,PAY0039795,2025-10-01,C019796,,C019796,26315.0,0.0,0.0,0.0,88.72,High,Unusual payment amount,"Match payment with invoice and review duplicate, overpayment or unusual customer payment behaviour."
Payments,PAY0018993,2025-10-04,C018994,,C018994,26081.0,0.0,0.0,0.0,88.72,High,Multiple moderate-risk factors,"Match payment with invoice and review duplicate, overpayment or unusual customer payment behaviour."
Payments,PAY0019202,2026-05-01,C019203,,C019203,3734.0,0.0,0.0,0.0,88.7,High,Unusual payment amount,"Match payment with invoice and review duplicate, overpayment or unusual customer payment behaviour."
Payments,PAY0071005,2026-04-04,C011006,,C011006,4085.0,0.0,0.0,0.0,88.69,High,Multiple moderate-risk factors,"Match payment with invoice and review duplicate, overpayment or unusual customer payment behaviour."
Payments,PAY0059003,2026-05-17,C019004,,C019004,3851.0,0.0,0.0,0.0,88.69,High,Unusual payment amount,"Match payment with invoice and review duplicate, overpayment or unusual customer payment behaviour."
Payments,PAY0018003,2026-01-17,C018004,,C018004,3851.0,0.0,0.0,0.0,88.69,High,Unusual payment amount,"Match payment with invoice and review duplicate, overpayment or unusual customer payment behaviour."
Payments,PAY0018403,2026-02-21,C018404,,C018404,3851.0,0.0,0.0,0.0,88.68,High,Unusual payment amount,"Match payment with invoice and review duplicate, overpayment or unusual customer payment behaviour."
Payments,PAY0001003,2026-06-21,C001004,,C001004,3851.0,0.0,0.0,0.0,88.68,High,Unusual payment amount,"Match payment with invoice and review duplicate, overpayment or unusual customer payment behaviour."
Payments,PAY0059403,2026-06-21,C019404,,C019404,3851.0,0.0,0.0,0.0,88.68,High,Unusual payment amount,"Match payment with invoice and review duplicate, overpayment or unusual customer payment behaviour."
Payments,PAY0018396,2026-02-14,C018397,,C018397,26432.0,0.0,0.0,0.0,88.68,High,Unusual payment amount,"Match payment with invoice and review duplicate, overpayment or unusual customer payment behaviour."
Payments,PAY0059396,2026-06-14,C019397,,C019397,26432.0,0.0,0.0,0.0,88.68,High,Unusual payment amount,"Match payment with invoice and review duplicate, overpayment or unusual customer payment behaviour."
Payments,PAY0017406,2026-05-30,C017407,,C017407,4202.0,0.0,0.0,0.0,88.67,High,Multiple moderate-risk factors,"Match payment with invoice and review duplicate, overpayment or unusual customer payment behaviour."
Payments,PAY0059593,2025-12-28,C019594,,C019594,26081.0,0.0,0.0,0.0,88.67,High,Multiple moderate-risk factors,"Match payment with invoice and review duplicate, overpayment or unusual customer payment behaviour."
Payments,PAY0059992,2026-01-31,C019993,,C019993,25964.0,0.0,0.0,0.0,88.67,High,Multiple moderate-risk factors,"Match payment with invoice and review duplicate, overpayment or unusual customer payment behaviour."
Payments,PAY0057192,2026-05-31,C017193,,C017193,25964.0,0.0,0.0,0.0,88.67,High,Multiple moderate-risk factors,"Match payment with invoice and review duplicate, overpayment or unusual customer payment behaviour."
Payments,PAY0018796,2026-03-21,C018797,,C018797,26432.0,0.0,0.0,0.0,88.67,High,Unusual payment amount,"Match payment with invoice and review duplicate, overpayment or unusual customer payment behaviour."
Payments,PAY0057396,2025-12-21,C017397,,C017397,26432.0,0.0,0.0,0.0,88.67,High,Unusual payment amount,"Match payment with invoice and review duplicate, overpayment or unusual customer payment behaviour."
Payments,PAY0058806,2025-11-01,C018807,,C018807,4202.0,0.0,0.0,0.0,88.66,High,Multiple moderate-risk factors,"Match payment with invoice and review duplicate, overpayment or unusual customer payment behaviour."
Payments,PAY0017195,2025-10-31,C017196,,C017196,26315.0,0.0,0.0,0.0,88.65,High,Unusual payment amount,"Match payment with invoice and review duplicate, overpayment or unusual customer payment behaviour."
Payments,PAY0038397,2025-12-02,C018398,,C018398,26549.0,0.0,0.0,0.0,88.65,High,Unusual payment amount,"Match payment with invoice and review duplicate, overpayment or unusual customer payment behaviour."
Payments,PAY0058197,2026-03-02,C018198,,C018198,26549.0,0.0,0.0,0.0,88.65,High,Unusual payment amount,"Match payment with invoice and review duplicate, overpayment or unusual customer payment behaviour."
Payments,PAY0039194,2026-02-07,C019195,,C019195,26198.0,0.0,0.0,0.0,88.64,High,Unusual payment amount,"Match payment with invoice and review duplicate, overpayment or unusual customer payment behaviour."
Payments,PAY0017603,2025-12-13,C017604,,C017604,3851.0,0.0,0.0,0.0,88.64,High,Unusual payment amount,"Match payment with invoice and review duplicate, overpayment or unusual customer payment behaviour."
Payments,PAY0059796,2026-07-19,C019797,,C019797,26432.0,0.0,0.0,0.0,88.63,High,Unusual payment amount,"Match payment with invoice and review duplicate, overpayment or unusual customer payment behaviour."
Payments,PAY0058603,2026-04-12,C018604,,C018604,3851.0,0.0,0.0,0.0,88.63,High,Unusual payment amount,"Match payment with invoice and review duplicate, overpayment or unusual customer payment behaviour."
Payments,PAY0038204,2026-05-23,C018205,,C018205,3968.0,0.0,0.0,0.0,88.62,High,Unusual payment amount,"Match payment with invoice and review duplicate, overpayment or unusual customer payment behaviour."
Payments,PAY0019394,2025-11-09,C019395,,C019395,26198.0,0.0,0.0,0.0,88.6,High,Unusual payment amount,"Match payment with invoice and review duplicate, overpayment or unusual customer payment behaviour."
Payments,PAY0038205,2026-05-24,C018206,,C018206,4085.0,0.0,0.0,0.0,88.6,High,Multiple moderate-risk factors,"Match payment with invoice and review duplicate, overpayment or unusual customer payment behaviour."
Payments,PAY0018592,2026-08-29,C018593,,C018593,25964.0,0.0,0.0,0.0,88.6,High,Multiple moderate-risk factors,"Match payment with invoice and review duplicate, overpayment or unusual customer payment behaviour."
Payments,PAY0037994,2025-10-25,C017995,,C017995,26198.0,0.0,0.0,0.0,88.59,High,Unusual payment amount,"Match payment with invoice and review duplicate, overpayment or unusual customer payment behaviour."
Payments,PAY0017806,2026-07-04,C017807,,C017807,4202.0,0.0,0.0,0.0,88.59,High,Multiple moderate-risk factors,"Match payment with invoice and review duplicate, overpayment or unusual customer payment behaviour."
Payments,PAY0017803,2026-07-01,C017804,,C017804,3851.0,0.0,0.0,0.0,88.59,High,Unusual payment amount,"Match payment with invoice and review duplicate, overpayment or unusual customer payment behaviour."
Payments,PAY0036996,2026-01-30,C016997,,C016997,26432.0,0.0,0.0,0.0,88.58,High,Unusual payment amount,"Match payment with invoice and review duplicate, overpayment or unusual customer payment behaviour."
Payments,PAY0059198,2025-11-28,C019199,,C019199,26666.0,0.0,0.0,0.0,88.58,High,Unusual payment amount,"Match payment with invoice and review duplicate, overpayment or unusual customer payment behaviour."
Payments,PAY0037998,2025-10-29,C017999,,C017999,26666.0,0.0,0.0,0.0,88.58,High,Unusual payment amount,"Match payment with invoice and review duplicate, overpayment or unusual customer payment behaviour."
Payments,PAY0017407,2026-05-31,C017408,,C017408,4319.0,0.0,0.0,0.0,88.58,High,Multiple moderate-risk factors,"Match payment with invoice and review duplicate, overpayment or unusual customer payment behaviour."
Payments,PAY0037391,2026-03-01,C017392,,C017392,25847.0,0.0,0.0,0.0,88.58,High,Multiple moderate-risk factors,"Match payment with invoice and review duplicate, overpayment or unusual customer payment behaviour."
Payments,PAY0057592,2026-07-05,C017593,,C017593,25964.0,0.0,0.0,0.0,88.58,High,Multiple moderate-risk factors,"Match payment with invoice and review duplicate, overpayment or unusual customer payment behaviour."
Payments,PAY0056996,2025-11-16,C016997,,C016997,26432.0,0.0,0.0,0.0,88.57,High,Unusual payment amount,"Match payment with invoice and review duplicate, overpayment or unusual customer payment behaviour."
Payments,PAY0058203,2026-03-08,C018204,,C018204,3851.0,0.0,0.0,0.0,88.57,High,Unusual payment amount,"Match payment with invoice and review duplicate, overpayment or unusual customer payment behaviour."
Payments,PAY0017203,2025-11-08,C017204,,C017204,3851.0,0.0,0.0,0.0,88.57,High,Unusual payment amount,"Match payment with invoice and review duplicate, overpayment or unusual customer payment behaviour."
Payments,PAY0061003,2025-11-08,C001004,,C001004,3851.0,0.0,0.0,0.0,88.57,High,Unusual payment amount,"Match payment with invoice and review duplicate, overpayment or unusual customer payment behaviour."
Payments,PAY0058406,2025-09-27,C018407,,C018407,4202.0,0.0,0.0,0.0,88.57,High,Multiple moderate-risk factors,"Match payment with invoice and review duplicate, overpayment or unusual customer payment behaviour."
Payments,PAY0018004,2026-01-18,C018005,,C018005,3968.0,0.0,0.0,0.0,88.57,High,Unusual payment amount,"Match payment with invoice and review duplicate, overpayment or unusual customer payment behaviour."
Payments,PAY0037804,2026-04-18,C017805,,C017805,3968.0,0.0,0.0,0.0,88.57,High,Unusual payment amount,"Match payment with invoice and review duplicate, overpayment or unusual customer payment behaviour."
Payments,PAY0018594,2026-08-31,C018595,,C018595,26198.0,0.0,0.0,0.0,88.56,High,Unusual payment amount,"Match payment with invoice and review duplicate, overpayment or unusual customer payment behaviour."
Payments,PAY0039792,2025-09-28,C019793,,C019793,25964.0,0.0,0.0,0.0,88.56,High,Multiple moderate-risk factors,"Match payment with invoice and review duplicate, overpayment or unusual customer payment behaviour."
Payments,PAY0059395,2026-06-13,C019396,,C019396,26315.0,0.0,0.0,0.0,88.56,High,Unusual payment amount,"Match payment with invoice and review duplicate, overpayment or unusual customer payment behaviour."
Payments,PAY0038399,2025-12-04,C018400,,C018400,26783.0,0.0,0.0,0.0,88.54,High,Unusual payment amount,"Match payment with invoice and review duplicate, overpayment or unusual customer payment behaviour."
Payments,PAY0017199,2025-11-04,C017200,,C017200,26783.0,0.0,0.0,0.0,88.54,High,Unusual payment amount,"Match payment with invoice and review duplicate, overpayment or unusual customer payment behaviour."
Payments,PAY0058199,2026-03-04,C018200,,C018200,26783.0,0.0,0.0,0.0,88.54,High,Unusual payment amount,"Match payment with invoice and review duplicate, overpayment or unusual customer payment behaviour."
Payments,PAY0058198,2026-03-03,C018199,,C018199,26666.0,0.0,0.0,0.0,88.54,High,Unusual payment amount,"Match payment with invoice and review duplicate, overpayment or unusual customer payment behaviour."
Payments,PAY0017198,2025-11-03,C017199,,C017199,26666.0,0.0,0.0,0.0,88.54,High,Unusual payment amount,"Match payment with invoice and review duplicate, overpayment or unusual customer payment behaviour."
Payments,PAY0038398,2025-12-03,C018399,,C018399,26666.0,0.0,0.0,0.0,88.54,High,Unusual payment amount,"Match payment with invoice and review duplicate, overpayment or unusual customer payment behaviour."
Payments,PAY0037207,2026-08-29,C017208,,C017208,4319.0,0.0,0.0,0.0,88.54,High,Multiple moderate-risk factors,"Match payment with invoice and review duplicate, overpayment or unusual customer payment behaviour."
Payments,PAY0018404,2026-02-22,C018405,,C018405,3968.0,0.0,0.0,0.0,88.54,High,Unusual payment amount,"Match payment with invoice and review duplicate, overpayment or unusual customer payment behaviour."
Payments,PAY0037595,2025-09-21,C017596,,C017596,26315.0,0.0,0.0,0.0,88.54,High,Unusual payment amount,"Match payment with invoice and review duplicate, overpayment or unusual customer payment behaviour."
Payments,PAY0058807,2025-11-02,C018808,,C018808,4319.0,0.0,0.0,0.0,88.53,High,Multiple moderate-risk factors,"Match payment with invoice and review duplicate, overpayment or unusual customer payment behaviour."
Payments,PAY0059986,2026-01-25,C019987,,C019987,25262.0,0.0,0.0,0.0,88.53,High,Multiple moderate-risk factors,"Match payment with invoice and review duplicate, overpayment or unusual customer payment behaviour."
Payments,PAY0019393,2025-11-08,C019394,,C019394,26081.0,0.0,0.0,0.0,88.53,High,Multiple moderate-risk factors,"Match payment with invoice and review duplicate, overpayment or unusual customer payment behaviour."
Payments,PAY0039003,2026-07-31,C019004,,C019004,3851.0,0.0,0.0,0.0,88.53,High,Unusual payment amount,"Match payment with invoice and review duplicate, overpayment or unusual customer payment behaviour."
Payments,PAY0039595,2026-03-15,C019596,,C019596,26315.0,0.0,0.0,0.0,88.53,High,Unusual payment amount,"Match payment with invoice and review duplicate, overpayment or unusual customer payment behaviour."
Payments,PAY0056995,2025-11-15,C016996,,C016996,26315.0,0.0,0.0,0.0,88.53,High,Unusual payment amount,"Match payment with invoice and review duplicate, overpayment or unusual customer payment behaviour."
Payments,PAY0057191,2026-05-30,C017192,,C017192,25847.0,0.0,0.0,0.0,88.52,High,Multiple moderate-risk factors,"Match payment with invoice and review duplicate, overpayment or unusual customer payment behaviour."
Payments,PAY0039995,2026-04-19,C019996,,C019996,26315.0,0.0,0.0,0.0,88.52,High,Unusual payment amount,"Match payment with invoice and review duplicate, overpayment or unusual customer payment behaviour."
Payments,PAY0058407,2025-09-28,C018408,,C018408,4319.0,0.0,0.0,0.0,88.51,High,Multiple moderate-risk factors,"Match payment with invoice and review duplicate, overpayment or unusual customer payment behaviour."
Payments,PAY0057591,2026-07-04,C017592,,C017592,25847.0,0.0,0.0,0.0,88.51,High,Multiple moderate-risk factors,"Match payment with invoice and review duplicate, overpayment or unusual customer payment behaviour."
Payments,PAY0017006,2026-04-25,C017007,,C017007,4202.0,0.0,0.0,0.0,88.51,High,Multiple moderate-risk factors,"Match payment with invoice and review duplicate, overpayment or unusual customer payment behaviour."
Payments,PAY0059795,2026-07-18,C019796,,C019796,26315.0,0.0,0.0,0.0,88.5,High,Unusual payment amount,"Match payment with invoice and review duplicate, overpayment or unusual customer payment behaviour."
Payments,PAY0057395,2025-12-20,C017396,,C017396,26315.0,0.0,0.0,0.0,88.5,High,Unusual payment amount,"Match payment with invoice and review duplicate, overpayment or unusual customer payment behaviour."
Payments,PAY0057193,2026-06-01,C017194,,C017194,26081.0,0.0,0.0,0.0,88.49,High,Multiple moderate-risk factors,"Match payment with invoice and review duplicate, overpayment or unusual customer payment behaviour."
Payments,PAY0019993,2026-07-01,C019994,,C019994,26081.0,0.0,0.0,0.0,88.49,High,Multiple moderate-risk factors,"Match payment with invoice and review duplicate, overpayment or unusual customer payment behaviour."
Payments,PAY0017204,2025-11-09,C017205,,C017205,3968.0,0.0,0.0,0.0,88.49,High,Unusual payment amount,"Match payment with invoice and review duplicate, overpayment or unusual customer payment behaviour."
Payments,PAY0059592,2025-12-27,C019593,,C019593,25964.0,0.0,0.0,0.0,88.48,High,Multiple moderate-risk factors,"Match payment with invoice and review duplicate, overpayment or unusual customer payment behaviour."
Payments,PAY0018193,2026-07-26,C018194,,C018194,26081.0,0.0,0.0,0.0,88.48,High,Multiple moderate-risk factors,"Match payment with invoice and review duplicate, overpayment or unusual customer payment behaviour."
Payments,PAY0037404,2026-03-14,C017405,,C017405,3968.0,0.0,0.0,0.0,88.46,High,Unusual payment amount,"Match payment with invoice and review duplicate, overpayment or unusual customer payment behaviour."
Payments,PAY0017604,2025-12-14,C017605,,C017605,3968.0,0.0,0.0,0.0,88.46,High,Unusual payment amount,"Match payment with invoice and review duplicate, overpayment or unusual customer payment behaviour."
Payments,PAY0037791,2026-04-05,C017792,,C017792,25847.0,0.0,0.0,0.0,88.46,High,Multiple moderate-risk factors,"Match payment with invoice and review duplicate, overpayment or unusual customer payment behaviour."
Payments,PAY0037208,2026-08-30,C017209,,C017209,4436.0,0.0,0.0,0.0,88.46,High,Multiple moderate-risk factors,"Match payment with invoice and review duplicate, overpayment or unusual customer payment behaviour."
Payments,PAY0057605,2026-07-18,C017606,,C017606,4085.0,0.0,0.0,0.0,88.45,High,Multiple moderate-risk factors,"Match payment with invoice and review duplicate, overpayment or unusual customer payment behaviour."
Payments,PAY0039405,2025-09-06,C019406,,C019406,4085.0,0.0,0.0,0.0,88.45,High,Multiple moderate-risk factors,"Match payment with invoice and review duplicate, overpayment or unusual customer payment behaviour."
Payments,PAY0039796,2025-10-02,C019797,,C019797,26432.0,0.0,0.0,0.0,88.44,High,Unusual payment amount,"Match payment with invoice and review duplicate, overpayment or unusual customer payment behaviour."
Payments,PAY0018596,2025-09-02,C018597,,C018597,26432.0,0.0,0.0,0.0,88.44,High,Unusual payment amount,"Match payment with invoice and review duplicate, overpayment or unusual customer payment behaviour."
Payments,PAY0019794,2025-12-14,C019795,,C019795,26198.0,0.0,0.0,0.0,88.44,High,Unusual payment amount,"Match payment with invoice and review duplicate, overpayment or unusual customer payment behaviour."
Payments,PAY0039594,2026-03-14,C019595,,C019595,26198.0,0.0,0.0,0.0,88.44,High,Unusual payment amount,"Match payment with invoice and review duplicate, overpayment or unusual customer payment behaviour."
Payments,PAY0037997,2025-10-28,C017998,,C017998,26549.0,0.0,0.0,0.0,88.43,High,Unusual payment amount,"Match payment with invoice and review duplicate, overpayment or unusual customer payment behaviour."
Payments,PAY0019604,2026-06-07,C019605,,C019605,3968.0,0.0,0.0,0.0,88.43,High,Unusual payment amount,"Match payment with invoice and review duplicate, overpayment or unusual customer payment behaviour."
Payments,PAY0037004,2026-02-07,C017005,,C017005,3968.0,0.0,0.0,0.0,88.43,High,Unusual payment amount,"Match payment with invoice and review duplicate, overpayment or unusual customer payment behaviour."
Payments,PAY0048804,2026-06-07,C008805,,C008805,3968.0,0.0,0.0,0.0,88.43,High,Unusual payment amount,"Match payment with invoice and review duplicate, overpayment or unusual customer payment behaviour."
Payments,PAY0058005,2026-08-22,C018006,,C018006,4085.0,0.0,0.0,0.0,88.43,High,Multiple moderate-risk factors,"Match payment with invoice and review duplicate, overpayment or unusual customer payment behaviour."
Payments,PAY0019807,2025-12-27,C019808,,C019808,4319.0,0.0,0.0,0.0,88.43,High,Multiple moderate-risk factors,"Match payment with invoice and review duplicate, overpayment or unusual customer payment behaviour."
Payments,PAY0039401,2025-09-02,C019402,,C019402,3617.0,0.0,0.0,0.0,88.43,High,Unusual payment amount,"Match payment with invoice and review duplicate, overpayment or unusual customer payment behaviour."
Payments,PAY0029993,2025-11-23,C009994,,C009994,26081.0,0.0,0.0,0.0,88.42,High,Multiple moderate-risk factors,"Match payment with invoice and review duplicate, overpayment or unusual customer payment behaviour."
Payments,PAY0059193,2025-11-23,C019194,,C019194,26081.0,0.0,0.0,0.0,88.42,High,Multiple moderate-risk factors,"Match payment with invoice and review duplicate, overpayment or unusual customer payment behaviour."
Payments,PAY0037805,2026-04-19,C017806,,C017806,4085.0,0.0,0.0,0.0,88.42,High,Multiple moderate-risk factors,"Match payment with invoice and review duplicate, overpayment or unusual customer payment behaviour."
Payments,PAY0019600,2026-06-03,C019601,,C019601,3500.0,0.0,0.0,0.0,88.42,High,Unusual payment amount,"Match payment with invoice and review duplicate, overpayment or unusual customer payment behaviour."
Payments,PAY0037000,2026-02-03,C017001,,C017001,3500.0,0.0,0.0,0.0,88.42,High,Unusual payment amount,"Match payment with invoice and review duplicate, overpayment or unusual customer payment behaviour."
Payments,PAY0058006,2026-08-23,C018007,,C018007,4202.0,0.0,0.0,0.0,88.41,High,Multiple moderate-risk factors,"Match payment with invoice and review duplicate, overpayment or unusual customer payment behaviour."
Payments,PAY0057801,2026-01-30,C017802,,C017802,3617.0,0.0,0.0,0.0,88.41,High,Unusual payment amount,"Match payment with invoice and review duplicate, overpayment or unusual customer payment behaviour."
Payments,PAY0019201,2026-04-30,C019202,,C019202,3617.0,0.0,0.0,0.0,88.41,High,Unusual payment amount,"Match payment with invoice and review duplicate, overpayment or unusual customer payment behaviour."
Payments,PAY0017590,2025-11-30,C017591,,C017591,25730.0,0.0,0.0,0.0,88.41,High,Multiple moderate-risk factors,"Match payment with invoice and review duplicate, overpayment or unusual customer payment behaviour."
Payments,PAY0037790,2026-04-04,C017791,,C017791,25730.0,0.0,0.0,0.0,88.4,High,Multiple moderate-risk factors,"Match payment with invoice and review duplicate, overpayment or unusual customer payment behaviour."
Payments,PAY0017990,2026-01-04,C017991,,C017991,25730.0,0.0,0.0,0.0,88.4,High,Multiple moderate-risk factors,"Match payment with invoice and review duplicate, overpayment or unusual customer payment behaviour."
Payments,PAY0019808,2025-12-28,C019809,,C019809,4436.0,0.0,0.0,0.0,88.4,High,Multiple moderate-risk factors,"Match payment with invoice and review duplicate, overpayment or unusual customer payment behaviour."
Payments,PAY0039608,2026-03-28,C019609,,C019609,4436.0,0.0,0.0,0.0,88.4,High,Multiple moderate-risk factors,"Match payment with invoice and review duplicate, overpayment or unusual customer payment behaviour."
Payments,PAY0018597,2025-09-03,C018598,,C018598,26549.0,0.0,0.0,0.0,88.39,High,Unusual payment amount,"Match payment with invoice and review duplicate, overpayment or unusual customer payment behaviour."
Payments,PAY0039797,2025-10-03,C019798,,C019798,26549.0,0.0,0.0,0.0,88.39,High,Unusual payment amount,"Match payment with invoice and review duplicate, overpayment or unusual customer payment behaviour."
Payments,PAY0058592,2026-04-01,C018593,,C018593,25964.0,0.0,0.0,0.0,88.38,High,Multiple moderate-risk factors,"Match payment with invoice and review duplicate, overpayment or unusual customer payment behaviour."
Payments,PAY0038792,2026-01-01,C018793,,C018793,25964.0,0.0,0.0,0.0,88.38,High,Multiple moderate-risk factors,"Match payment with invoice and review duplicate, overpayment or unusual customer payment behaviour."
Payments,PAY0057992,2026-08-09,C017993,,C017993,25964.0,0.0,0.0,0.0,88.38,High,Multiple moderate-risk factors,"Match payment with invoice and review duplicate, overpayment or unusual customer payment behaviour."
Payments,PAY0018598,2025-09-04,C018599,,C018599,26666.0,0.0,0.0,0.0,88.37,High,Unusual payment amount,"Match payment with invoice and review duplicate, overpayment or unusual customer payment behaviour."
Payments,PAY0059595,2025-12-30,C019596,,C019596,26315.0,0.0,0.0,0.0,88.36,High,Unusual payment amount,"Match payment with invoice and review duplicate, overpayment or unusual customer payment behaviour."
Payments,PAY0039994,2026-04-18,C019995,,C019995,26198.0,0.0,0.0,0.0,88.36,High,Unusual payment amount,"Match payment with invoice and review duplicate, overpayment or unusual customer payment behaviour."
Payments,PAY0018192,2026-07-25,C018193,,C018193,25964.0,0.0,0.0,0.0,88.36,High,Multiple moderate-risk factors,"Match payment with invoice and review duplicate, overpayment or unusual customer payment behaviour."
Payments,PAY0039000,2026-07-28,C019001,,C019001,3500.0,0.0,0.0,0.0,88.35,High,Unusual payment amount,"Match payment with invoice and review duplicate, overpayment or unusual customer payment behaviour."
Payments,PAY0037594,2025-09-20,C017595,,C017595,26198.0,0.0,0.0,0.0,88.35,High,Unusual payment amount,"Match payment with invoice and review duplicate, overpayment or unusual customer payment behaviour."
Payments,PAY0039805,2025-10-11,C019806,,C019806,4085.0,0.0,0.0,0.0,88.35,High,Multiple moderate-risk factors,"Match payment with invoice and review duplicate, overpayment or unusual customer payment behaviour."
Payments,PAY0059206,2025-12-06,C019207,,C019207,4202.0,0.0,0.0,0.0,88.34,High,Multiple moderate-risk factors,"Match payment with invoice and review duplicate, overpayment or unusual customer payment behaviour."
Payments,PAY0030006,2025-12-06,C010007,,C010007,4202.0,0.0,0.0,0.0,88.34,High,Multiple moderate-risk factors,"Match payment with invoice and review duplicate, overpayment or unusual customer payment behaviour."
Payments,PAY0019200,2026-04-29,C019201,,C019201,3500.0,0.0,0.0,0.0,88.34,High,Unusual payment amount,"Match payment with invoice and review duplicate, overpayment or unusual customer payment behaviour."
Payments,PAY0057800,2026-01-29,C017801,,C017801,3500.0,0.0,0.0,0.0,88.34,High,Unusual payment amount,"Match payment with invoice and review duplicate, overpayment or unusual customer payment behaviour."
Payments,PAY0039791,2025-09-27,C019792,,C019792,25847.0,0.0,0.0,0.0,88.34,High,Multiple moderate-risk factors,"Match payment with invoice and review duplicate, overpayment or unusual customer payment behaviour."
Payments,PAY0017807,2026-07-05,C017808,,C017808,4319.0,0.0,0.0,0.0,88.34,High,Multiple moderate-risk factors,"Match payment with invoice and review duplicate, overpayment or unusual customer payment behaviour."
Payments,PAY0037405,2026-03-15,C017406,,C017406,4085.0,0.0,0.0,0.0,88.34,High,Multiple moderate-risk factors,"Match payment with invoice and review duplicate, overpayment or unusual customer payment behaviour."
Payments,PAY0017989,2026-01-03,C017990,,C017990,25613.0,0.0,0.0,0.0,88.33,High,Multiple moderate-risk factors,"Match payment with invoice and review duplicate, overpayment or unusual customer payment behaviour."
Payments,PAY0058989,2026-05-03,C018990,,C018990,25613.0,0.0,0.0,0.0,88.33,High,Multiple moderate-risk factors,"Match payment with invoice and review duplicate, overpayment or unusual customer payment behaviour."
Payments,PAY0075407,2026-04-26,C015408,,C015408,4319.0,0.0,0.0,0.0,88.33,High,Multiple moderate-risk factors,"Match payment with invoice and review duplicate, overpayment or unusual customer payment behaviour."
Payments,PAY0017007,2026-04-26,C017008,,C017008,4319.0,0.0,0.0,0.0,88.33,High,Multiple moderate-risk factors,"Match payment with invoice and review duplicate, overpayment or unusual customer payment behaviour."
Payments,PAY0058393,2025-09-14,C018394,,C018394,26081.0,0.0,0.0,0.0,88.33,High,Multiple moderate-risk factors,"Match payment with invoice and review duplicate, overpayment or unusual customer payment behaviour."
Payments,PAY0039609,2026-03-29,C019610,,C019610,4553.0,0.0,0.0,0.0,88.33,High,Multiple moderate-risk factors,"Match payment with invoice and review duplicate, overpayment or unusual customer payment behaviour."
Payments,PAY0057009,2025-11-29,C017010,,C017010,4553.0,0.0,0.0,0.0,88.33,High,Multiple moderate-risk factors,"Match payment with invoice and review duplicate, overpayment or unusual customer payment behaviour."
Payments,PAY0057205,2026-06-13,C017206,,C017206,4085.0,0.0,0.0,0.0,88.32,High,Multiple moderate-risk factors,"Match payment with invoice and review duplicate, overpayment or unusual customer payment behaviour."
Payments,PAY0057606,2026-07-19,C017607,,C017607,4202.0,0.0,0.0,0.0,88.32,High,Multiple moderate-risk factors,"Match payment with invoice and review duplicate, overpayment or unusual customer payment behaviour."
Payments,PAY0019793,2025-12-13,C019794,,C019794,26081.0,0.0,0.0,0.0,88.31,High,Multiple moderate-risk factors,"Match payment with invoice and review duplicate, overpayment or unusual customer payment behaviour."
Payments,PAY0019990,2026-06-28,C019991,,C019991,25730.0,0.0,0.0,0.0,88.31,High,Multiple moderate-risk factors,"Match payment with invoice and review duplicate, overpayment or unusual customer payment behaviour."
Payments,PAY0037390,2026-02-28,C017391,,C017391,25730.0,0.0,0.0,0.0,88.31,High,Multiple moderate-risk factors,"Match payment with invoice and review duplicate, overpayment or unusual customer payment behaviour."
Payments,PAY0057409,2026-01-03,C017410,,C017410,4553.0,0.0,0.0,0.0,88.31,High,Multiple moderate-risk factors,"Match payment with invoice and review duplicate, overpayment or unusual customer payment behaviour."
Payments,PAY0037194,2026-08-16,C017195,,C017195,26198.0,0.0,0.0,0.0,88.31,High,Unusual payment amount,"Match payment with invoice and review duplicate, overpayment or unusual customer payment behaviour."
Payments,PAY0059606,2026-01-10,C019607,,C019607,4202.0,0.0,0.0,0.0,88.31,High,Multiple moderate-risk factors,"Match payment with invoice and review duplicate, overpayment or unusual customer payment behaviour."
Payments,PAY0017793,2026-06-21,C017794,,C017794,26081.0,0.0,0.0,0.0,88.3,High,Multiple moderate-risk factors,"Match payment with invoice and review duplicate, overpayment or unusual customer payment behaviour."
Payments,PAY0015005,2025-10-31,C015006,,C015006,4085.0,0.0,0.0,0.0,88.3,High,Multiple moderate-risk factors,"Match payment with invoice and review duplicate, overpayment or unusual customer payment behaviour."
Payments,PAY0058805,2025-10-31,C018806,,C018806,4085.0,0.0,0.0,0.0,88.3,High,Multiple moderate-risk factors,"Match payment with invoice and review duplicate, overpayment or unusual customer payment behaviour."
Payments,PAY0064402,2026-03-02,C004403,,C004403,3734.0,0.0,0.0,0.0,88.29,High,Unusual payment amount,"Match payment with invoice and review duplicate, overpayment or unusual customer payment behaviour."
Payments,PAY0059202,2025-12-02,C019203,,C019203,3734.0,0.0,0.0,0.0,88.29,High,Unusual payment amount,"Match payment with invoice and review duplicate, overpayment or unusual customer payment behaviour."
Payments,PAY0058793,2025-10-19,C018794,,C018794,26081.0,0.0,0.0,0.0,88.28,High,Multiple moderate-risk factors,"Match payment with invoice and review duplicate, overpayment or unusual customer payment behaviour."
Payments,PAY0037193,2026-08-15,C017194,,C017194,26081.0,0.0,0.0,0.0,88.28,High,Multiple moderate-risk factors,"Match payment with invoice and review duplicate, overpayment or unusual customer payment behaviour."
Payments,PAY0017194,2025-10-30,C017195,,C017195,26198.0,0.0,0.0,0.0,88.27,High,Unusual payment amount,"Match payment with invoice and review duplicate, overpayment or unusual customer payment behaviour."
Payments,PAY0039794,2025-09-30,C019795,,C019795,26198.0,0.0,0.0,0.0,88.27,High,Unusual payment amount,"Match payment with invoice and review duplicate, overpayment or unusual customer payment behaviour."
Payments,PAY0039188,2026-02-01,C019189,,C019189,25496.0,0.0,0.0,0.0,88.27,High,Multiple moderate-risk factors,"Match payment with invoice and review duplicate, overpayment or unusual customer payment behaviour."
Payments,PAY0037005,2026-02-08,C017006,,C017006,4085.0,0.0,0.0,0.0,88.27,High,Multiple moderate-risk factors,"Match payment with invoice and review duplicate, overpayment or unusual customer payment behaviour."
Payments,PAY0018599,2025-09-05,C018600,,C018600,26783.0,0.0,0.0,0.0,88.26,High,Unusual payment amount,"Match payment with invoice and review duplicate, overpayment or unusual customer payment behaviour."
Payments,PAY0016992,2026-04-11,C016993,,C016993,25964.0,0.0,0.0,0.0,88.26,High,Multiple moderate-risk factors,"Match payment with invoice and review duplicate, overpayment or unusual customer payment behaviour."
Payments,PAY0057991,2026-08-08,C017992,,C017992,25847.0,0.0,0.0,0.0,88.26,High,Multiple moderate-risk factors,"Match payment with invoice and review duplicate, overpayment or unusual customer payment behaviour."
Payments,PAY0016993,2026-04-12,C016994,,C016994,26081.0,0.0,0.0,0.0,88.26,High,Multiple moderate-risk factors,"Match payment with invoice and review duplicate, overpayment or unusual customer payment behaviour."
Payments,PAY0057010,2025-11-30,C017011,,C017011,4670.0,0.0,0.0,0.0,88.25,High,Multiple moderate-risk factors,"Match payment with invoice and review duplicate, overpayment or unusual customer payment behaviour."
Payments,PAY0017591,2025-12-01,C017592,,C017592,25847.0,0.0,0.0,0.0,88.25,High,Multiple moderate-risk factors,"Match payment with invoice and review duplicate, overpayment or unusual customer payment behaviour."
Payments,PAY0024402,2026-07-30,C004403,,C004403,3734.0,0.0,0.0,0.0,88.24,High,Unusual payment amount,"Match payment with invoice and review duplicate, overpayment or unusual customer payment behaviour."
Payments,PAY0017802,2026-06-30,C017803,,C017803,3734.0,0.0,0.0,0.0,88.24,High,Unusual payment amount,"Match payment with invoice and review duplicate, overpayment or unusual customer payment behaviour."
Payments,PAY0039002,2026-07-30,C019003,,C019003,3734.0,0.0,0.0,0.0,88.24,High,Unusual payment amount,"Match payment with invoice and review duplicate, overpayment or unusual customer payment behaviour."
Payments,PAY0017589,2025-11-29,C017590,,C017590,25613.0,0.0,0.0,0.0,88.24,High,Multiple moderate-risk factors,"Match payment with invoice and review duplicate, overpayment or unusual customer payment behaviour."
Payments,PAY0058589,2026-03-29,C018590,,C018590,25613.0,0.0,0.0,0.0,88.24,High,Multiple moderate-risk factors,"Match payment with invoice and review duplicate, overpayment or unusual customer payment behaviour."
Payments,PAY0058988,2026-05-02,C018989,,C018989,25496.0,0.0,0.0,0.0,88.22,High,Multiple moderate-risk factors,"Match payment with invoice and review duplicate, overpayment or unusual customer payment behaviour."
Payments,PAY0059810,2026-08-02,C019811,,C019811,4670.0,0.0,0.0,0.0,88.22,High,Multiple moderate-risk factors,"Match payment with invoice and review duplicate, overpayment or unusual customer payment behaviour."
Payments,PAY0018196,2026-07-29,C018197,,C018197,26432.0,0.0,0.0,0.0,88.22,High,Unusual payment amount,"Match payment with invoice and review duplicate, overpayment or unusual customer payment behaviour."
Payments,PAY0039396,2026-08-28,C019397,,C019397,26432.0,0.0,0.0,0.0,88.22,High,Unusual payment amount,"Match payment with invoice and review duplicate, overpayment or unusual customer payment behaviour."
Payments,PAY0057206,2026-06-14,C017207,,C017207,4202.0,0.0,0.0,0.0,88.22,High,Multiple moderate-risk factors,"Match payment with invoice and review duplicate, overpayment or unusual customer payment behaviour."
Payments,PAY0036991,2026-01-25,C016992,,C016992,25847.0,0.0,0.0,0.0,88.21,High,Multiple moderate-risk factors,"Match payment with invoice and review duplicate, overpayment or unusual customer payment behaviour."
Payments,PAY0059192,2025-11-22,C019193,,C019193,25964.0,0.0,0.0,0.0,88.21,High,Multiple moderate-risk factors,"Match payment with invoice and review duplicate, overpayment or unusual customer payment behaviour."
Payments,PAY0038191,2026-05-10,C018192,,C018192,25847.0,0.0,0.0,0.0,88.2,High,Multiple moderate-risk factors,"Match payment with invoice and review duplicate, overpayment or unusual customer payment behaviour."
Payments,PAY0018201,2026-08-03,C018202,,C018202,3617.0,0.0,0.0,0.0,88.2,High,Unusual payment amount,"Match payment with invoice and review duplicate, overpayment or unusual customer payment behaviour."
Payments,PAY0058392,2025-09-13,C018393,,C018393,25964.0,0.0,0.0,0.0,88.2,High,Multiple moderate-risk factors,"Match payment with invoice and review duplicate, overpayment or unusual customer payment behaviour."
Payments,PAY0059409,2026-06-27,C019410,,C019410,4553.0,0.0,0.0,0.0,88.2,High,Multiple moderate-risk factors,"Match payment with invoice and review duplicate, overpayment or unusual customer payment behaviour."
Payments,PAY0038999,2026-07-27,C019000,,C019000,26783.0,0.0,0.0,0.0,88.2,High,Unusual payment amount,"Match payment with invoice and review duplicate, overpayment or unusual customer payment behaviour."
Payments,PAY0039806,2025-10-12,C019807,,C019807,4202.0,0.0,0.0,0.0,88.2,High,Multiple moderate-risk factors,"Match payment with invoice and review duplicate, overpayment or unusual customer payment behaviour."
Payments,PAY0017393,2026-05-17,C017394,,C017394,26081.0,0.0,0.0,0.0,88.2,High,Multiple moderate-risk factors,"Match payment with invoice and review duplicate, overpayment or unusual customer payment behaviour."
Payments,PAY0039406,2025-09-07,C019407,,C019407,4202.0,0.0,0.0,0.0,88.2,High,Multiple moderate-risk factors,"Match payment with invoice and review duplicate, overpayment or unusual customer payment behaviour."
Payments,PAY0019601,2026-06-04,C019602,,C019602,3617.0,0.0,0.0,0.0,88.2,High,Unusual payment amount,"Match payment with invoice and review duplicate, overpayment or unusual customer payment behaviour."
Payments,PAY0037001,2026-02-04,C017002,,C017002,3617.0,0.0,0.0,0.0,88.2,High,Unusual payment amount,"Match payment with invoice and review duplicate, overpayment or unusual customer payment behaviour."
Payments,PAY0031005,2025-09-01,C011006,,C011006,4085.0,0.0,0.0,0.0,88.2,High,Multiple moderate-risk factors,"Match payment with invoice and review duplicate, overpayment or unusual customer payment behaviour."
Payments,PAY0037605,2025-10-01,C017606,,C017606,4085.0,0.0,0.0,0.0,88.2,High,Multiple moderate-risk factors,"Match payment with invoice and review duplicate, overpayment or unusual customer payment behaviour."
Payments,PAY0057406,2025-12-31,C017407,,C017407,4202.0,0.0,0.0,0.0,88.2,High,Multiple moderate-risk factors,"Match payment with invoice and review duplicate, overpayment or unusual customer payment behaviour."
Payments,PAY0018806,2026-03-31,C018807,,C018807,4202.0,0.0,0.0,0.0,88.2,High,Multiple moderate-risk factors,"Match payment with invoice and review duplicate, overpayment or unusual customer payment behaviour."
Payments,PAY0059410,2026-06-28,C019411,,C019411,4670.0,0.0,0.0,0.0,88.19,High,Multiple moderate-risk factors,"Match payment with invoice and review duplicate, overpayment or unusual customer payment behaviour."
Payments,PAY0018410,2026-02-28,C018411,,C018411,4670.0,0.0,0.0,0.0,88.19,High,Multiple moderate-risk factors,"Match payment with invoice and review duplicate, overpayment or unusual customer payment behaviour."
Payments,PAY0047001,2026-06-29,C007002,,C007002,3617.0,0.0,0.0,0.0,88.19,High,Unusual payment amount,"Match payment with invoice and review duplicate, overpayment or unusual customer payment behaviour."
Payments,PAY0017801,2026-06-29,C017802,,C017802,3617.0,0.0,0.0,0.0,88.19,High,Unusual payment amount,"Match payment with invoice and review duplicate, overpayment or unusual customer payment behaviour."
Payments,PAY0039001,2026-07-29,C019002,,C019002,3617.0,0.0,0.0,0.0,88.19,High,Unusual payment amount,"Match payment with invoice and review duplicate, overpayment or unusual customer payment behaviour."
Payments,PAY0071003,2026-04-02,C011004,,C011004,3851.0,0.0,0.0,0.0,88.19,High,Unusual payment amount,"Match payment with invoice and review duplicate, overpayment or unusual customer payment behaviour."
Payments,PAY0039391,2026-08-23,C019392,,C019392,25847.0,0.0,0.0,0.0,88.18,High,Multiple moderate-risk factors,"Match payment with invoice and review duplicate, overpayment or unusual customer payment behaviour."
Payments,PAY0057410,2026-01-04,C017411,,C017411,4670.0,0.0,0.0,0.0,88.17,High,Multiple moderate-risk factors,"Match payment with invoice and review duplicate, overpayment or unusual customer payment behaviour."
Payments,PAY0018810,2026-04-04,C018811,,C018811,4670.0,0.0,0.0,0.0,88.17,High,Multiple moderate-risk factors,"Match payment with invoice and review duplicate, overpayment or unusual customer payment behaviour."
Payments,PAY0038211,2026-05-30,C018212,,C018212,4787.0,0.0,0.0,0.0,88.15,High,Multiple moderate-risk factors,"Match payment with invoice and review duplicate, overpayment or unusual customer payment behaviour."
Payments,PAY0018206,2026-08-08,C018207,,C018207,4202.0,0.0,0.0,0.0,88.15,High,Multiple moderate-risk factors,"Match payment with invoice and review duplicate, overpayment or unusual customer payment behaviour."
Payments,PAY0018411,2026-03-01,C018412,,C018412,4787.0,0.0,0.0,0.0,88.14,High,Multiple moderate-risk factors,"Match payment with invoice and review duplicate, overpayment or unusual customer payment behaviour."
Payments,PAY0058591,2026-03-31,C018592,,C018592,25847.0,0.0,0.0,0.0,88.14,High,Multiple moderate-risk factors,"Match payment with invoice and review duplicate, overpayment or unusual customer payment behaviour."
Payments,PAY0038791,2025-12-31,C018792,,C018792,25847.0,0.0,0.0,0.0,88.14,High,Multiple moderate-risk factors,"Match payment with invoice and review duplicate, overpayment or unusual customer payment behaviour."
Payments,PAY0019007,2025-10-18,C019008,,C019008,4319.0,0.0,0.0,0.0,88.14,High,Multiple moderate-risk factors,"Match payment with invoice and review duplicate, overpayment or unusual customer payment behaviour."
Payments,PAY0039187,2026-01-31,C019188,,C019188,25379.0,0.0,0.0,0.0,88.14,High,Multiple moderate-risk factors,"Match payment with invoice and review duplicate, overpayment or unusual customer payment behaviour."
Payments,PAY0019407,2025-11-22,C019408,,C019408,4319.0,0.0,0.0,0.0,88.13,High,Multiple moderate-risk factors,"Match payment with invoice and review duplicate, overpayment or unusual customer payment behaviour."
Payments,PAY0058792,2025-10-18,C018793,,C018793,25964.0,0.0,0.0,0.0,88.13,High,Multiple moderate-risk factors,"Match payment with invoice and review duplicate, overpayment or unusual customer payment behaviour."
Payments,PAY0019387,2025-11-02,C019388,,C019388,25379.0,0.0,0.0,0.0,88.12,High,Multiple moderate-risk factors,"Match payment with invoice and review duplicate, overpayment or unusual customer payment behaviour."
Payments,PAY0018390,2026-02-08,C018391,,C018391,25730.0,0.0,0.0,0.0,88.12,High,Multiple moderate-risk factors,"Match payment with invoice and review duplicate, overpayment or unusual customer payment behaviour."
Payments,PAY0037609,2025-10-05,C017610,,C017610,4553.0,0.0,0.0,0.0,88.11,High,Multiple moderate-risk factors,"Match payment with invoice and review duplicate, overpayment or unusual customer payment behaviour."
Payments,PAY0023009,2025-10-05,C003010,,C003010,4553.0,0.0,0.0,0.0,88.11,High,Multiple moderate-risk factors,"Match payment with invoice and review duplicate, overpayment or unusual customer payment behaviour."
Payments,PAY0018990,2025-10-01,C018991,,C018991,25730.0,0.0,0.0,0.0,88.1,High,Multiple moderate-risk factors,"Match payment with invoice and review duplicate, overpayment or unusual customer payment behaviour."
Payments,PAY0059994,2026-02-02,C019995,,C019995,26198.0,0.0,0.0,0.0,88.1,High,Unusual payment amount,"Match payment with invoice and review duplicate, overpayment or unusual customer payment behaviour."
Payments,PAY0057194,2026-06-02,C017195,,C017195,26198.0,0.0,0.0,0.0,88.1,High,Unusual payment amount,"Match payment with invoice and review duplicate, overpayment or unusual customer payment behaviour."
Payments,PAY0019994,2026-07-02,C019995,,C019995,26198.0,0.0,0.0,0.0,88.1,High,Unusual payment amount,"Match payment with invoice and review duplicate, overpayment or unusual customer payment behaviour."
Payments,PAY0017792,2026-06-20,C017793,,C017793,25964.0,0.0,0.0,0.0,88.09,High,Multiple moderate-risk factors,"Match payment with invoice and review duplicate, overpayment or unusual customer payment behaviour."
Payments,PAY0019590,2026-05-24,C019591,,C019591,25730.0,0.0,0.0,0.0,88.09,High,Multiple moderate-risk factors,"Match payment with invoice and review duplicate, overpayment or unusual customer payment behaviour."
Payments,PAY0036990,2026-01-24,C016991,,C016991,25730.0,0.0,0.0,0.0,88.09,High,Multiple moderate-risk factors,"Match payment with invoice and review duplicate, overpayment or unusual customer payment behaviour."
Payments,PAY0017392,2026-05-16,C017393,,C017393,25964.0,0.0,0.0,0.0,88.09,High,Multiple moderate-risk factors,"Match payment with invoice and review duplicate, overpayment or unusual customer payment behaviour."
Payments,PAY0038190,2026-05-09,C018191,,C018191,25730.0,0.0,0.0,0.0,88.09,High,Multiple moderate-risk factors,"Match payment with invoice and review duplicate, overpayment or unusual customer payment behaviour."
Payments,PAY0017190,2025-10-26,C017191,,C017191,25730.0,0.0,0.0,0.0,88.08,High,Multiple moderate-risk factors,"Match payment with invoice and review duplicate, overpayment or unusual customer payment behaviour."
Payments,PAY0019989,2026-06-27,C019990,,C019990,25613.0,0.0,0.0,0.0,88.08,High,Multiple moderate-risk factors,"Match payment with invoice and review duplicate, overpayment or unusual customer payment behaviour."
Payments,PAY0019408,2025-11-23,C019409,,C019409,4436.0,0.0,0.0,0.0,88.08,High,Multiple moderate-risk factors,"Match payment with invoice and review duplicate, overpayment or unusual customer payment behaviour."
Payments,PAY0038591,2026-06-14,C018592,,C018592,25847.0,0.0,0.0,0.0,88.08,High,Multiple moderate-risk factors,"Match payment with invoice and review duplicate, overpayment or unusual customer payment behaviour."
Payments,PAY0038212,2026-05-31,C018213,,C018213,4904.0,0.0,0.0,0.0,88.08,High,Multiple moderate-risk factors,"Match payment with invoice and review duplicate, overpayment or unusual customer payment behaviour."
Payments,PAY0058599,2026-04-08,C018600,,C018600,26783.0,0.0,0.0,0.0,88.07,High,Unusual payment amount,"Match payment with invoice and review duplicate, overpayment or unusual customer payment behaviour."
Payments,PAY0038799,2026-01-08,C018800,,C018800,26783.0,0.0,0.0,0.0,88.07,High,Unusual payment amount,"Match payment with invoice and review duplicate, overpayment or unusual customer payment behaviour."
Payments,PAY0019386,2025-11-01,C019387,,C019387,25262.0,0.0,0.0,0.0,88.07,High,Multiple moderate-risk factors,"Match payment with invoice and review duplicate, overpayment or unusual customer payment behaviour."
Payments,PAY0019999,2026-07-07,C020000,,C020000,26783.0,0.0,0.0,0.0,88.06,High,Unusual payment amount,"Match payment with invoice and review duplicate, overpayment or unusual customer payment behaviour."
Payments,PAY0018207,2026-08-09,C018208,,C018208,4319.0,0.0,0.0,0.0,88.06,High,Multiple moderate-risk factors,"Match payment with invoice and review duplicate, overpayment or unusual customer payment behaviour."
Payments,PAY0038611,2026-07-04,C018612,,C018612,4787.0,0.0,0.0,0.0,88.06,High,Multiple moderate-risk factors,"Match payment with invoice and review duplicate, overpayment or unusual customer payment behaviour."
Payments,PAY0054002,2025-09-03,C014003,,C014003,3734.0,0.0,0.0,0.0,88.05,High,Unusual payment amount,"Match payment with invoice and review duplicate, overpayment or unusual customer payment behaviour."
Payments,PAY0039402,2025-09-03,C019403,,C019403,3734.0,0.0,0.0,0.0,88.05,High,Unusual payment amount,"Match payment with invoice and review duplicate, overpayment or unusual customer payment behaviour."
Payments,PAY0059607,2026-01-11,C019608,,C019608,4319.0,0.0,0.0,0.0,88.05,High,Multiple moderate-risk factors,"Match payment with invoice and review duplicate, overpayment or unusual customer payment behaviour."
Payments,PAY0018202,2026-08-04,C018203,,C018203,3734.0,0.0,0.0,0.0,88.04,High,Unusual payment amount,"Match payment with invoice and review duplicate, overpayment or unusual customer payment behaviour."
Payments,PAY0037399,2026-03-09,C017400,,C017400,26783.0,0.0,0.0,0.0,88.04,High,Unusual payment amount,"Match payment with invoice and review duplicate, overpayment or unusual customer payment behaviour."
Payments,PAY0017599,2025-12-09,C017600,,C017600,26783.0,0.0,0.0,0.0,88.04,High,Unusual payment amount,"Match payment with invoice and review duplicate, overpayment or unusual customer payment behaviour."
Payments,PAY0058588,2026-03-28,C018589,,C018589,25496.0,0.0,0.0,0.0,88.04,High,Multiple moderate-risk factors,"Match payment with invoice and review duplicate, overpayment or unusual customer payment behaviour."
Payments,PAY0038788,2025-12-28,C018789,,C018789,25496.0,0.0,0.0,0.0,88.04,High,Multiple moderate-risk factors,"Match payment with invoice and review duplicate, overpayment or unusual customer payment behaviour."
Payments,PAY0019198,2026-04-27,C019199,,C019199,26666.0,0.0,0.0,0.0,88.04,High,Unusual payment amount,"Match payment with invoice and review duplicate, overpayment or unusual customer payment behaviour."
Payments,PAY0057798,2026-01-27,C017799,,C017799,26666.0,0.0,0.0,0.0,88.04,High,Unusual payment amount,"Match payment with invoice and review duplicate, overpayment or unusual customer payment behaviour."
Payments,PAY0018195,2026-07-28,C018196,,C018196,26315.0,0.0,0.0,0.0,88.03,High,Unusual payment amount,"Match payment with invoice and review duplicate, overpayment or unusual customer payment behaviour."
Payments,PAY0038991,2026-07-19,C018992,,C018992,25847.0,0.0,0.0,0.0,88.03,High,Multiple moderate-risk factors,"Match payment with invoice and review duplicate, overpayment or unusual customer payment behaviour."
Payments,PAY0058012,2026-08-29,C018013,,C018013,4904.0,0.0,0.0,0.0,88.02,High,Multiple moderate-risk factors,"Match payment with invoice and review duplicate, overpayment or unusual customer payment behaviour."
Payments,PAY0018999,2025-10-10,C019000,,C019000,26783.0,0.0,0.0,0.0,88.02,High,Unusual payment amount,"Match payment with invoice and review duplicate, overpayment or unusual customer payment behaviour."
Payments,PAY0018389,2026-02-07,C018390,,C018390,25613.0,0.0,0.0,0.0,88.02,High,Multiple moderate-risk factors,"Match payment with invoice and review duplicate, overpayment or unusual customer payment behaviour."
Payments,PAY0059389,2026-06-07,C019390,,C019390,25613.0,0.0,0.0,0.0,88.02,High,Multiple moderate-risk factors,"Match payment with invoice and review duplicate, overpayment or unusual customer payment behaviour."
Payments,PAY0018607,2025-09-13,C018608,,C018608,4319.0,0.0,0.0,0.0,88.01,High,Multiple moderate-risk factors,"Match payment with invoice and review duplicate, overpayment or unusual customer payment behaviour."
Payments,PAY0030007,2025-12-07,C010008,,C010008,4319.0,0.0,0.0,0.0,88.01,High,Multiple moderate-risk factors,"Match payment with invoice and review duplicate, overpayment or unusual customer payment behaviour."
Payments,PAY0059207,2025-12-07,C019208,,C019208,4319.0,0.0,0.0,0.0,88.01,High,Multiple moderate-risk factors,"Match payment with invoice and review duplicate, overpayment or unusual customer payment behaviour."
Payments,PAY0042195,2026-04-29,C002196,,C002196,26315.0,0.0,0.0,0.0,88.01,High,Unusual payment amount,"Match payment with invoice and review duplicate, overpayment or unusual customer payment behaviour."
Payments,PAY0036995,2026-01-29,C016996,,C016996,26315.0,0.0,0.0,0.0,88.01,High,Unusual payment amount,"Match payment with invoice and review duplicate, overpayment or unusual customer payment behaviour."
Payments,PAY0019595,2026-05-29,C019596,,C019596,26315.0,0.0,0.0,0.0,88.01,High,Unusual payment amount,"Match payment with invoice and review duplicate, overpayment or unusual customer payment behaviour."
Payments,PAY0058802,2025-10-28,C018803,,C018803,3734.0,0.0,0.0,0.0,87.98,High,Unusual payment amount,"Match payment with invoice and review duplicate, overpayment or unusual customer payment behaviour."
Payments,PAY0059996,2026-02-04,C019997,,C019997,26432.0,0.0,0.0,0.0,87.97,High,Unusual payment amount,"Match payment with invoice and review duplicate, overpayment or unusual customer payment behaviour."
Payments,PAY0057196,2026-06-04,C017197,,C017197,26432.0,0.0,0.0,0.0,87.97,High,Unusual payment amount,"Match payment with invoice and review duplicate, overpayment or unusual customer payment behaviour."
Payments,PAY0019008,2025-10-19,C019009,,C019009,4436.0,0.0,0.0,0.0,87.97,High,Multiple moderate-risk factors,"Match payment with invoice and review duplicate, overpayment or unusual customer payment behaviour."
Payments,PAY0038400,2025-12-05,C018401,,C018401,3500.0,0.0,0.0,0.0,87.97,High,Unusual payment amount,"Match payment with invoice and review duplicate, overpayment or unusual customer payment behaviour."
Payments,PAY0017200,2025-11-05,C017201,,C017201,3500.0,0.0,0.0,0.0,87.97,High,Unusual payment amount,"Match payment with invoice and review duplicate, overpayment or unusual customer payment behaviour."
Payments,PAY0058200,2026-03-05,C018201,,C018201,3500.0,0.0,0.0,0.0,87.97,High,Unusual payment amount,"Match payment with invoice and review duplicate, overpayment or unusual customer payment behaviour."
Payments,PAY0038793,2026-01-02,C018794,,C018794,26081.0,0.0,0.0,0.0,87.97,High,Multiple moderate-risk factors,"Match payment with invoice and review duplicate, overpayment or unusual customer payment behaviour."
Payments,PAY0058593,2026-04-02,C018594,,C018594,26081.0,0.0,0.0,0.0,87.97,High,Multiple moderate-risk factors,"Match payment with invoice and review duplicate, overpayment or unusual customer payment behaviour."
Payments,PAY0019992,2026-06-30,C019993,,C019993,25964.0,0.0,0.0,0.0,87.97,High,Multiple moderate-risk factors,"Match payment with invoice and review duplicate, overpayment or unusual customer payment behaviour."
Payments,PAY0058804,2025-10-30,C018805,,C018805,3968.0,0.0,0.0,0.0,87.97,High,Unusual payment amount,"Match payment with invoice and review duplicate, overpayment or unusual customer payment behaviour."
Payments,PAY0037604,2025-09-30,C017605,,C017605,3968.0,0.0,0.0,0.0,87.97,High,Unusual payment amount,"Match payment with invoice and review duplicate, overpayment or unusual customer payment behaviour."
Payments,PAY0057407,2026-01-01,C017408,,C017408,4319.0,0.0,0.0,0.0,87.97,High,Multiple moderate-risk factors,"Match payment with invoice and review duplicate, overpayment or unusual customer payment behaviour."
Payments,PAY0018807,2026-04-01,C018808,,C018808,4319.0,0.0,0.0,0.0,87.97,High,Multiple moderate-risk factors,"Match payment with invoice and review duplicate, overpayment or unusual customer payment behaviour."
Payments,PAY0056989,2025-11-09,C016990,,C016990,25613.0,0.0,0.0,0.0,87.96,High,Multiple moderate-risk factors,"Match payment with invoice and review duplicate, overpayment or unusual customer payment behaviour."
Payments,PAY0019995,2026-07-03,C019996,,C019996,26315.0,0.0,0.0,0.0,87.95,High,Unusual payment amount,"Match payment with invoice and review duplicate, overpayment or unusual customer payment behaviour."
Payments,PAY0059995,2026-02-03,C019996,,C019996,26315.0,0.0,0.0,0.0,87.95,High,Unusual payment amount,"Match payment with invoice and review duplicate, overpayment or unusual customer payment behaviour."
Payments,PAY0057195,2026-06-03,C017196,,C017196,26315.0,0.0,0.0,0.0,87.95,High,Unusual payment amount,"Match payment with invoice and review duplicate, overpayment or unusual customer payment behaviour."
Payments,PAY0038003,2025-11-03,C018004,,C018004,3851.0,0.0,0.0,0.0,87.95,High,Unusual payment amount,"Match payment with invoice and review duplicate, overpayment or unusual customer payment behaviour."
Payments,PAY0059203,2025-12-03,C019204,,C019204,3851.0,0.0,0.0,0.0,87.95,High,Unusual payment amount,"Match payment with invoice and review duplicate, overpayment or unusual customer payment behaviour."
Payments,PAY0058013,2026-08-30,C018014,,C018014,5021.0,0.0,0.0,0.0,87.95,High,Multiple moderate-risk factors,"Match payment with invoice and review duplicate, overpayment or unusual customer payment behaviour."
Payments,PAY0039403,2025-09-04,C019404,,C019404,3851.0,0.0,0.0,0.0,87.95,High,Unusual payment amount,"Match payment with invoice and review duplicate, overpayment or unusual customer payment behaviour."
Payments,PAY0017189,2025-10-25,C017190,,C017190,25613.0,0.0,0.0,0.0,87.94,High,Multiple moderate-risk factors,"Match payment with invoice and review duplicate, overpayment or unusual customer payment behaviour."
Payments,PAY0018987,2025-09-28,C018988,,C018988,25379.0,0.0,0.0,0.0,87.94,High,Multiple moderate-risk factors,"Match payment with invoice and review duplicate, overpayment or unusual customer payment behaviour."
Payments,PAY0039390,2026-08-22,C019391,,C019391,25730.0,0.0,0.0,0.0,87.94,High,Multiple moderate-risk factors,"Match payment with invoice and review duplicate, overpayment or unusual customer payment behaviour."
Payments,PAY0059998,2026-02-06,C019999,,C019999,26666.0,0.0,0.0,0.0,87.94,High,Unusual payment amount,"Match payment with invoice and review duplicate, overpayment or unusual customer payment behaviour."
Payments,PAY0019998,2026-07-06,C019999,,C019999,26666.0,0.0,0.0,0.0,87.94,High,Unusual payment amount,"Match payment with invoice and review duplicate, overpayment or unusual customer payment behaviour."
Payments,PAY0039208,2026-02-21,C019209,,C019209,4436.0,0.0,0.0,0.0,87.94,High,Multiple moderate-risk factors,"Match payment with invoice and review duplicate, overpayment or unusual customer payment behaviour."
Payments,PAY0059009,2026-05-23,C019010,,C019010,4553.0,0.0,0.0,0.0,87.94,High,Multiple moderate-risk factors,"Match payment with invoice and review duplicate, overpayment or unusual customer payment behaviour."
Payments,PAY0019594,2026-05-28,C019595,,C019595,26198.0,0.0,0.0,0.0,87.93,High,Unusual payment amount,"Match payment with invoice and review duplicate, overpayment or unusual customer payment behaviour."
Payments,PAY0036994,2026-01-28,C016995,,C016995,26198.0,0.0,0.0,0.0,87.93,High,Unusual payment amount,"Match payment with invoice and review duplicate, overpayment or unusual customer payment behaviour."
Payments,PAY0037603,2025-09-29,C017604,,C017604,3851.0,0.0,0.0,0.0,87.93,High,Unusual payment amount,"Match payment with invoice and review duplicate, overpayment or unusual customer payment behaviour."
Payments,PAY0058803,2025-10-29,C018804,,C018804,3851.0,0.0,0.0,0.0,87.93,High,Unusual payment amount,"Match payment with invoice and review duplicate, overpayment or unusual customer payment behaviour."
Payments,PAY0042010,2025-10-26,C002011,,C002011,4670.0,0.0,0.0,0.0,87.93,High,Multiple moderate-risk factors,"Match payment with invoice and review duplicate, overpayment or unusual customer payment behaviour."
Payments,PAY0057804,2026-02-02,C017805,,C017805,3968.0,0.0,0.0,0.0,87.92,High,Unusual payment amount,"Match payment with invoice and review duplicate, overpayment or unusual customer payment behaviour."
Payments,PAY0017804,2026-07-02,C017805,,C017805,3968.0,0.0,0.0,0.0,87.92,High,Unusual payment amount,"Match payment with invoice and review duplicate, overpayment or unusual customer payment behaviour."
Payments,PAY0038590,2026-06-13,C018591,,C018591,25730.0,0.0,0.0,0.0,87.92,High,Multiple moderate-risk factors,"Match payment with invoice and review duplicate, overpayment or unusual customer payment behaviour."
Payments,PAY0057985,2026-08-02,C017986,,C017986,25145.0,0.0,0.0,0.0,87.92,High,Multiple moderate-risk factors,"Match payment with invoice and review duplicate, overpayment or unusual customer payment behaviour."
Payments,PAY0019589,2026-05-23,C019590,,C019590,25613.0,0.0,0.0,0.0,87.91,High,Multiple moderate-risk factors,"Match payment with invoice and review duplicate, overpayment or unusual customer payment behaviour."
Payments,PAY0059388,2026-06-06,C019389,,C019389,25496.0,0.0,0.0,0.0,87.91,High,Multiple moderate-risk factors,"Match payment with invoice and review duplicate, overpayment or unusual customer payment behaviour."
Payments,PAY0059594,2025-12-29,C019595,,C019595,26198.0,0.0,0.0,0.0,87.91,High,Unusual payment amount,"Match payment with invoice and review duplicate, overpayment or unusual customer payment behaviour."
Payments,PAY0017598,2025-12-08,C017599,,C017599,26666.0,0.0,0.0,0.0,87.9,High,Unusual payment amount,"Match payment with invoice and review duplicate, overpayment or unusual customer payment behaviour."
Payments,PAY0059010,2026-05-24,C019011,,C019011,4670.0,0.0,0.0,0.0,87.9,High,Multiple moderate-risk factors,"Match payment with invoice and review duplicate, overpayment or unusual customer payment behaviour."
Payments,PAY0018010,2026-01-24,C018011,,C018011,4670.0,0.0,0.0,0.0,87.9,High,Multiple moderate-risk factors,"Match payment with invoice and review duplicate, overpayment or unusual customer payment behaviour."
Payments,PAY0017013,2026-05-02,C017014,,C017014,5021.0,0.0,0.0,0.0,87.9,High,Multiple moderate-risk factors,"Match payment with invoice and review duplicate, overpayment or unusual customer payment behaviour."
Payments,PAY0058598,2026-04-07,C018599,,C018599,26666.0,0.0,0.0,0.0,87.9,High,Unusual payment amount,"Match payment with invoice and review duplicate, overpayment or unusual customer payment behaviour."
Payments,PAY0038798,2026-01-07,C018799,,C018799,26666.0,0.0,0.0,0.0,87.9,High,Unusual payment amount,"Match payment with invoice and review duplicate, overpayment or unusual customer payment behaviour."
Payments,PAY0036008,2026-05-17,C016009,,C016009,4436.0,0.0,0.0,0.0,87.89,High,Multiple moderate-risk factors,"Match payment with invoice and review duplicate, overpayment or unusual customer payment behaviour."
Payments,PAY0038808,2026-01-17,C018809,,C018809,4436.0,0.0,0.0,0.0,87.89,High,Multiple moderate-risk factors,"Match payment with invoice and review duplicate, overpayment or unusual customer payment behaviour."
Payments,PAY0016986,2026-04-05,C016987,,C016987,25262.0,0.0,0.0,0.0,87.88,High,Multiple moderate-risk factors,"Match payment with invoice and review duplicate, overpayment or unusual customer payment behaviour."
Payments,PAY0057197,2026-06-05,C017198,,C017198,26549.0,0.0,0.0,0.0,87.88,High,Unusual payment amount,"Match payment with invoice and review duplicate, overpayment or unusual customer payment behaviour."
Payments,PAY0059997,2026-02-05,C019998,,C019998,26549.0,0.0,0.0,0.0,87.88,High,Unusual payment amount,"Match payment with invoice and review duplicate, overpayment or unusual customer payment behaviour."
Payments,PAY0019190,2026-04-19,C019191,,C019191,25730.0,0.0,0.0,0.0,87.88,High,Multiple moderate-risk factors,"Match payment with invoice and review duplicate, overpayment or unusual customer payment behaviour."
Payments,PAY0016613,2026-03-28,C016614,,C016614,5021.0,0.0,0.0,0.0,87.88,High,Multiple moderate-risk factors,"Match payment with invoice and review duplicate, overpayment or unusual customer payment behaviour."
Payments,PAY0018790,2026-03-15,C018791,,C018791,25730.0,0.0,0.0,0.0,87.87,High,Multiple moderate-risk factors,"Match payment with invoice and review duplicate, overpayment or unusual customer payment behaviour."
Payments,PAY0059197,2025-11-27,C019198,,C019198,26549.0,0.0,0.0,0.0,87.87,High,Unusual payment amount,"Match payment with invoice and review duplicate, overpayment or unusual customer payment behaviour."
Payments,PAY0057405,2025-12-30,C017406,,C017406,4085.0,0.0,0.0,0.0,87.87,High,Multiple moderate-risk factors,"Match payment with invoice and review duplicate, overpayment or unusual customer payment behaviour."
Payments,PAY0018805,2026-03-30,C018806,,C018806,4085.0,0.0,0.0,0.0,87.87,High,Multiple moderate-risk factors,"Match payment with invoice and review duplicate, overpayment or unusual customer payment behaviour."
Payments,PAY0057984,2026-08-01,C017985,,C017985,25028.0,0.0,0.0,0.0,87.87,High,Multiple moderate-risk factors,"Match payment with invoice and review duplicate, overpayment or unusual customer payment behaviour."
Payments,PAY0018998,2025-10-09,C018999,,C018999,26666.0,0.0,0.0,0.0,87.87,High,Unusual payment amount,"Match payment with invoice and review duplicate, overpayment or unusual customer payment behaviour."
Payments,PAY0018811,2026-04-05,C018812,,C018812,4787.0,0.0,0.0,0.0,87.87,High,Multiple moderate-risk factors,"Match payment with invoice and review duplicate, overpayment or unusual customer payment behaviour."
Payments,PAY0004211,2026-04-05,C004212,,C004212,4787.0,0.0,0.0,0.0,87.87,High,Multiple moderate-risk factors,"Match payment with invoice and review duplicate, overpayment or unusual customer payment behaviour."
Payments,PAY0038809,2026-01-18,C018810,,C018810,4553.0,0.0,0.0,0.0,87.86,High,Multiple moderate-risk factors,"Match payment with invoice and review duplicate, overpayment or unusual customer payment behaviour."
Payments,PAY0058609,2026-04-18,C018610,,C018610,4553.0,0.0,0.0,0.0,87.86,High,Multiple moderate-risk factors,"Match payment with invoice and review duplicate, overpayment or unusual customer payment behaviour."
Payments,PAY0016008,2026-07-31,C016009,,C016009,4436.0,0.0,0.0,0.0,87.86,High,Multiple moderate-risk factors,"Match payment with invoice and review duplicate, overpayment or unusual customer payment behaviour."
Payments,PAY0059808,2026-07-31,C019809,,C019809,4436.0,0.0,0.0,0.0,87.86,High,Multiple moderate-risk factors,"Match payment with invoice and review duplicate, overpayment or unusual customer payment behaviour."
Payments,PAY0016985,2026-04-04,C016986,,C016986,25145.0,0.0,0.0,0.0,87.86,High,Multiple moderate-risk factors,"Match payment with invoice and review duplicate, overpayment or unusual customer payment behaviour."
Payments,PAY0039209,2026-02-22,C019210,,C019210,4553.0,0.0,0.0,0.0,87.86,High,Multiple moderate-risk factors,"Match payment with invoice and review duplicate, overpayment or unusual customer payment behaviour."
Payments,PAY0018608,2025-09-14,C018609,,C018609,4436.0,0.0,0.0,0.0,87.86,High,Multiple moderate-risk factors,"Match payment with invoice and review duplicate, overpayment or unusual customer payment behaviour."
Payments,PAY0038408,2025-12-13,C018409,,C018409,4436.0,0.0,0.0,0.0,87.86,High,Multiple moderate-risk factors,"Match payment with invoice and review duplicate, overpayment or unusual customer payment behaviour."
Payments,PAY0057588,2026-07-01,C017589,,C017589,25496.0,0.0,0.0,0.0,87.85,High,Multiple moderate-risk factors,"Match payment with invoice and review duplicate, overpayment or unusual customer payment behaviour."
Payments,PAY0038990,2026-07-18,C018991,,C018991,25730.0,0.0,0.0,0.0,87.85,High,Multiple moderate-risk factors,"Match payment with invoice and review duplicate, overpayment or unusual customer payment behaviour."
Payments,PAY0037392,2026-03-02,C017393,,C017393,25964.0,0.0,0.0,0.0,87.85,High,Multiple moderate-risk factors,"Match payment with invoice and review duplicate, overpayment or unusual customer payment behaviour."
Payments,PAY0017592,2025-12-02,C017593,,C017593,25964.0,0.0,0.0,0.0,87.85,High,Multiple moderate-risk factors,"Match payment with invoice and review duplicate, overpayment or unusual customer payment behaviour."
Payments,PAY0017408,2026-06-01,C017409,,C017409,4436.0,0.0,0.0,0.0,87.85,High,Multiple moderate-risk factors,"Match payment with invoice and review duplicate, overpayment or unusual customer payment behaviour."
Payments,PAY0038608,2026-07-01,C018609,,C018609,4436.0,0.0,0.0,0.0,87.85,High,Multiple moderate-risk factors,"Match payment with invoice and review duplicate, overpayment or unusual customer payment behaviour."
Payments,PAY0058189,2026-02-22,C018190,,C018190,25613.0,0.0,0.0,0.0,87.82,High,Multiple moderate-risk factors,"Match payment with invoice and review duplicate, overpayment or unusual customer payment behaviour."
Payments,PAY0059991,2026-01-30,C019992,,C019992,25847.0,0.0,0.0,0.0,87.82,High,Multiple moderate-risk factors,"Match payment with invoice and review duplicate, overpayment or unusual customer payment behaviour."
Payments,PAY0058413,2025-10-04,C018414,,C018414,5021.0,0.0,0.0,0.0,87.82,High,Multiple moderate-risk factors,"Match payment with invoice and review duplicate, overpayment or unusual customer payment behaviour."
Payments,PAY0057389,2025-12-14,C017390,,C017390,25613.0,0.0,0.0,0.0,87.82,High,Multiple moderate-risk factors,"Match payment with invoice and review duplicate, overpayment or unusual customer payment behaviour."
Payments,PAY0018789,2026-03-14,C018790,,C018790,25613.0,0.0,0.0,0.0,87.82,High,Multiple moderate-risk factors,"Match payment with invoice and review duplicate, overpayment or unusual customer payment behaviour."
Payments,PAY0019414,2025-11-29,C019415,,C019415,5138.0,0.0,0.0,0.0,87.82,High,Multiple moderate-risk factors,"Match payment with invoice and review duplicate, overpayment or unusual customer payment behaviour."
Payments,PAY0038008,2025-11-08,C018009,,C018009,4436.0,0.0,0.0,0.0,87.82,High,Multiple moderate-risk factors,"Match payment with invoice and review duplicate, overpayment or unusual customer payment behaviour."
Payments,PAY0037811,2026-04-25,C017812,,C017812,4787.0,0.0,0.0,0.0,87.81,High,Multiple moderate-risk factors,"Match payment with invoice and review duplicate, overpayment or unusual customer payment behaviour."
Payments,PAY0018011,2026-01-25,C018012,,C018012,4787.0,0.0,0.0,0.0,87.81,High,Multiple moderate-risk factors,"Match payment with invoice and review duplicate, overpayment or unusual customer payment behaviour."
Payments,PAY0038787,2025-12-27,C018788,,C018788,25379.0,0.0,0.0,0.0,87.81,High,Multiple moderate-risk factors,"Match payment with invoice and review duplicate, overpayment or unusual customer payment behaviour."
Payments,PAY0039800,2025-10-06,C019801,,C019801,3500.0,0.0,0.0,0.0,87.81,High,Unusual payment amount,"Match payment with invoice and review duplicate, overpayment or unusual customer payment behaviour."
Payments,PAY0058594,2026-04-03,C018595,,C018595,26198.0,0.0,0.0,0.0,87.8,High,Unusual payment amount,"Match payment with invoice and review duplicate, overpayment or unusual customer payment behaviour."
Payments,PAY0038184,2026-05-03,C018185,,C018185,25028.0,0.0,0.0,0.0,87.8,High,Multiple moderate-risk factors,"Match payment with invoice and review duplicate, overpayment or unusual customer payment behaviour."
Payments,PAY0039588,2026-03-08,C019589,,C019589,25496.0,0.0,0.0,0.0,87.79,High,Multiple moderate-risk factors,"Match payment with invoice and review duplicate, overpayment or unusual customer payment behaviour."
Payments,PAY0056988,2025-11-08,C016989,,C016989,25496.0,0.0,0.0,0.0,87.79,High,Multiple moderate-risk factors,"Match payment with invoice and review duplicate, overpayment or unusual customer payment behaviour."
Payments,PAY0038009,2025-11-09,C018010,,C018010,4553.0,0.0,0.0,0.0,87.79,High,Multiple moderate-risk factors,"Match payment with invoice and review duplicate, overpayment or unusual customer payment behaviour."
Payments,PAY0017798,2026-06-26,C017799,,C017799,26666.0,0.0,0.0,0.0,87.79,High,Unusual payment amount,"Match payment with invoice and review duplicate, overpayment or unusual customer payment behaviour."
Payments,PAY0055009,2026-06-07,C015010,,C015010,4553.0,0.0,0.0,0.0,87.78,High,Multiple moderate-risk factors,"Match payment with invoice and review duplicate, overpayment or unusual customer payment behaviour."
Payments,PAY0057809,2026-02-07,C017810,,C017810,4553.0,0.0,0.0,0.0,87.78,High,Multiple moderate-risk factors,"Match payment with invoice and review duplicate, overpayment or unusual customer payment behaviour."
Payments,PAY0018383,2026-02-01,C018384,,C018384,24911.0,0.0,0.0,0.0,87.77,High,Multiple moderate-risk factors,"Match payment with invoice and review duplicate, overpayment or unusual customer payment behaviour."
Payments,PAY0038393,2025-11-28,C018394,,C018394,26081.0,0.0,0.0,0.0,87.76,High,Multiple moderate-risk factors,"Match payment with invoice and review duplicate, overpayment or unusual customer payment behaviour."
Payments,PAY0017014,2026-05-03,C017015,,C017015,5138.0,0.0,0.0,0.0,87.76,High,Multiple moderate-risk factors,"Match payment with invoice and review duplicate, overpayment or unusual customer payment behaviour."
Payments,PAY0019814,2026-01-03,C019815,,C019815,5138.0,0.0,0.0,0.0,87.76,High,Multiple moderate-risk factors,"Match payment with invoice and review duplicate, overpayment or unusual customer payment behaviour."
Payments,PAY0024012,2026-07-05,C004013,,C004013,4904.0,0.0,0.0,0.0,87.75,High,Multiple moderate-risk factors,"Match payment with invoice and review duplicate, overpayment or unusual customer payment behaviour."
Payments,PAY0038612,2026-07-05,C018613,,C018613,4904.0,0.0,0.0,0.0,87.75,High,Multiple moderate-risk factors,"Match payment with invoice and review duplicate, overpayment or unusual customer payment behaviour."
Payments,PAY0039793,2025-09-29,C019794,,C019794,26081.0,0.0,0.0,0.0,87.74,High,Multiple moderate-risk factors,"Match payment with invoice and review duplicate, overpayment or unusual customer payment behaviour."
Payments,PAY0017193,2025-10-29,C017194,,C017194,26081.0,0.0,0.0,0.0,87.74,High,Multiple moderate-risk factors,"Match payment with invoice and review duplicate, overpayment or unusual customer payment behaviour."
Payments,PAY0019415,2025-11-30,C019416,,C019416,5255.0,0.0,0.0,0.0,87.74,High,Multiple moderate-risk factors,"Match payment with invoice and review duplicate, overpayment or unusual customer payment behaviour."
Payments,PAY0038388,2025-11-23,C018389,,C018389,25496.0,0.0,0.0,0.0,87.74,High,Multiple moderate-risk factors,"Match payment with invoice and review duplicate, overpayment or unusual customer payment behaviour."
Payments,PAY0019189,2026-04-18,C019190,,C019190,25613.0,0.0,0.0,0.0,87.73,High,Multiple moderate-risk factors,"Match payment with invoice and review duplicate, overpayment or unusual customer payment behaviour."
Payments,PAY0057789,2026-01-18,C017790,,C017790,25613.0,0.0,0.0,0.0,87.73,High,Multiple moderate-risk factors,"Match payment with invoice and review duplicate, overpayment or unusual customer payment behaviour."
Payments,PAY0057404,2025-12-29,C017405,,C017405,3968.0,0.0,0.0,0.0,87.73,High,Unusual payment amount,"Match payment with invoice and review duplicate, overpayment or unusual customer payment behaviour."
Payments,PAY0038409,2025-12-14,C018410,,C018410,4553.0,0.0,0.0,0.0,87.73,High,Multiple moderate-risk factors,"Match payment with invoice and review duplicate, overpayment or unusual customer payment behaviour."
Payments,PAY0058209,2026-03-14,C018210,,C018210,4553.0,0.0,0.0,0.0,87.73,High,Multiple moderate-risk factors,"Match payment with invoice and review duplicate, overpayment or unusual customer payment behaviour."
Payments,PAY0053009,2025-12-14,C013010,,C013010,4553.0,0.0,0.0,0.0,87.73,High,Multiple moderate-risk factors,"Match payment with invoice and review duplicate, overpayment or unusual customer payment behaviour."
Payments,PAY0038797,2026-01-06,C018798,,C018798,26549.0,0.0,0.0,0.0,87.73,High,Unusual payment amount,"Match payment with invoice and review duplicate, overpayment or unusual customer payment behaviour."
