"Complaint_ID","Customer_ID","Order_ID","Complaint_Date","Category","Severity","Resolution_Date","Resolution_Status","Satisfaction_Score"
"CP0000001","C000002","O0000002","2025-09-02","Delivery","High","2025-09-03","Resolved","2"
"CP0000002","C000003","O0000003","2025-09-03","Payment","Critical","2025-09-05","Resolved","3"
"CP0000003","C000004","O0000004","2025-09-04","Delivery","Medium","2025-09-07","Resolved","4"
"CP0000004","C000005","O0000005","2025-09-05","Delivery","Low","2025-09-09","Resolved","5"
"CP0000005","C000006","O0000006","2025-09-06","Support","Low","2025-09-11","Resolved","1"
"CP0000006","C000007","O0000007","2025-09-07","Refund","High","2025-09-13","Resolved","2"
"CP0000007","C000008","O0000008","2025-09-08","Delivery","Medium","2025-09-15","Resolved","3"
"CP0000008","C000009","O0000009","2025-09-09","Refund","Medium","","Open",""
"CP0000009","C000010","O0000010","2025-09-10","Support","Critical","2025-09-19","Resolved","5"
"CP0000010","C000011","O0000011","2025-09-11","Product","Critical","2025-09-21","Resolved","1"
"CP0000011","C000012","O0000012","2025-09-12","Refund","Low","2025-09-23","Resolved","2"
"CP0000012","C000013","O0000013","2025-09-13","Delivery","High","2025-09-13","Resolved","3"
"CP0000013","C000014","O0000014","2025-09-14","Refund","High","2025-09-15","Resolved","4"
"CP0000014","C000015","O0000015","2025-09-15","Support","Critical","2025-09-17","Resolved","5"
"CP0000015","C000016","O0000016","2025-09-16","Delivery","Medium","2025-09-19","Resolved","1"
"CP0000016","C000017","O0000017","2025-09-17","Payment","Critical","","Open",""
"CP0000017","C000018","O0000018","2025-09-18","Product","High","2025-09-23","Resolved","3"
"CP0000018","C000019","O0000019","2025-09-19","Product","Medium","2025-09-25","Resolved","4"
"CP0000019","C000020","O0000020","2025-09-20","Delivery","Low","2025-09-27","Resolved","5"
"CP0000020","C000021","O0000021","2025-09-21","Support","Critical","2025-09-29","Resolved","1"
"CP0000021","C000022","O0000022","2025-09-22","Support","Critical","2025-10-01","Resolved","2"
"CP0000022","C000023","O0000023","2025-09-23","Product","High","2025-10-03","Resolved","3"
"CP0000023","C000024","O0000024","2025-09-24","Payment","Medium","2025-10-05","Resolved","4"
"CP0000024","C000025","O0000025","2025-09-25","Support","Medium","","Open",""
"CP0000025","C000026","O0000026","2025-09-26","Delivery","Critical","2025-09-27","Resolved","1"
"CP0000026","C000027","O0000027","2025-09-27","Product","Critical","2025-09-29","Resolved","2"
"CP0000027","C000028","O0000028","2025-09-28","Support","Medium","2025-10-01","Resolved","3"
"CP0000028","C000029","O0000029","2025-09-29","Refund","Medium","2025-10-03","Resolved","4"
"CP0000029","C000030","O0000030","2025-09-30","Refund","Low","2025-10-05","Resolved","5"
"CP0000030","C000031","O0000031","2025-10-01","Delivery","Critical","2025-10-07","Resolved","1"
"CP0000031","C000032","O0000032","2025-10-02","Payment","Critical","2025-10-09","Resolved","2"
"CP0000032","C000033","O0000033","2025-10-03","Refund","Low","","Open",""
"CP0000033","C000034","O0000034","2025-10-04","Delivery","Low","2025-10-13","Resolved","4"
"CP0000034","C000035","O0000035","2025-10-05","Support","High","2025-10-15","Resolved","5"
"CP0000035","C000036","O0000036","2025-10-06","Payment","High","2025-10-17","Resolved","1"
"CP0000036","C000037","O0000037","2025-10-07","Payment","High","2025-10-07","Resolved","2"
"CP0000037","C000038","O0000038","2025-10-08","Refund","Critical","2025-10-09","Resolved","3"
"CP0000038","C000039","O0000039","2025-10-09","Refund","Critical","2025-10-11","Resolved","4"
"CP0000039","C000040","O0000040","2025-10-10","Delivery","High","2025-10-13","Resolved","5"
"CP0000040","C000041","O0000041","2025-10-11","Payment","Medium","","Open",""
"CP0000041","C000042","O0000042","2025-10-12","Payment","Medium","2025-10-17","Resolved","2"
"CP0000042","C000043","O0000043","2025-10-13","Product","Low","2025-10-19","Resolved","3"
"CP0000043","C000044","O0000044","2025-10-14","Refund","Low","2025-10-21","Resolved","4"
"CP0000044","C000045","O0000045","2025-10-15","Payment","Medium","2025-10-23","Resolved","5"
"CP0000045","C000046","O0000046","2025-10-16","Payment","Critical","2025-10-25","Resolved","1"
"CP0000046","C000047","O0000047","2025-10-17","Product","Critical","2025-10-27","Resolved","2"
"CP0000047","C000048","O0000048","2025-10-18","Support","Critical","2025-10-29","Resolved","3"
"CP0000048","C000049","O0000049","2025-10-19","Support","Critical","","Open",""
"CP0000049","C000050","O0000050","2025-10-20","Support","Medium","2025-10-21","Resolved","5"
"CP0000050","C000051","O0000051","2025-10-21","Refund","Low","2025-10-23","Resolved","1"
"CP0000051","C000052","O0000052","2025-10-22","Refund","Critical","2025-10-25","Resolved","2"
"CP0000052","C000053","O0000053","2025-10-23","Delivery","Low","2025-10-27","Resolved","3"
"CP0000053","C000054","O0000054","2025-10-24","Product","Low","2025-10-29","Resolved","4"
"CP0000054","C000055","O0000055","2025-10-25","Refund","Critical","2025-10-31","Resolved","5"
"CP0000055","C000056","O0000056","2025-10-26","Payment","Critical","2025-11-02","Resolved","1"
"CP0000056","C000057","O0000057","2025-10-27","Product","Medium","","Open",""
"CP0000057","C000058","O0000058","2025-10-28","Support","High","2025-11-06","Resolved","3"
"CP0000058","C000059","O0000059","2025-10-29","Refund","High","2025-11-08","Resolved","4"
"CP0000059","C000060","O0000060","2025-10-30","Product","High","2025-11-10","Resolved","5"
"CP0000060","C000061","O0000061","2025-10-31","Refund","Critical","2025-10-31","Resolved","1"
"CP0000061","C000062","O0000062","2025-11-01","Product","High","2025-11-02","Resolved","2"
"CP0000062","C000063","O0000063","2025-11-02","Product","Critical","2025-11-04","Resolved","3"
"CP0000063","C000064","O0000064","2025-11-03","Delivery","Low","2025-11-06","Resolved","4"
"CP0000064","C000065","O0000065","2025-11-04","Refund","Low","","Open",""
"CP0000065","C000066","O0000066","2025-11-05","Payment","Low","2025-11-10","Resolved","1"
"CP0000066","C000067","O0000067","2025-11-06","Payment","High","2025-11-12","Resolved","2"
"CP0000067","C000068","O0000068","2025-11-07","Payment","Low","2025-11-14","Resolved","3"
"CP0000068","C000069","O0000069","2025-11-08","Refund","Low","2025-11-16","Resolved","4"
"CP0000069","C000070","O0000070","2025-11-09","Delivery","Critical","2025-11-18","Resolved","5"
"CP0000070","C000071","O0000071","2025-11-10","Refund","Low","2025-11-20","Resolved","1"
"CP0000071","C000072","O0000072","2025-11-11","Delivery","High","2025-11-22","Resolved","2"
"CP0000072","C000073","O0000073","2025-11-12","Product","Medium","","Open",""
"CP0000073","C000074","O0000074","2025-11-13","Refund","High","2025-11-14","Resolved","4"
"CP0000074","C000075","O0000075","2025-11-14","Payment","Medium","2025-11-16","Resolved","5"
"CP0000075","C000076","O0000076","2025-11-15","Support","Medium","2025-11-18","Resolved","1"
"CP0000076","C000077","O0000077","2025-11-16","Delivery","Medium","2025-11-20","Resolved","2"
"CP0000077","C000078","O0000078","2025-11-17","Refund","Medium","2025-11-22","Resolved","3"
"CP0000078","C000079","O0000079","2025-11-18","Payment","Critical","2025-11-24","Resolved","4"
"CP0000079","C000080","O0000080","2025-11-19","Delivery","Medium","2025-11-26","Resolved","5"
"CP0000080","C000081","O0000081","2025-11-20","Delivery","High","","Open",""
"CP0000081","C000082","O0000082","2025-11-21","Payment","Low","2025-11-30","Resolved","2"
"CP0000082","C000083","O0000083","2025-11-22","Payment","Low","2025-12-02","Resolved","3"
"CP0000083","C000084","O0000084","2025-11-23","Refund","High","2025-12-04","Resolved","4"
"CP0000084","C000085","O0000085","2025-11-24","Product","Low","2025-11-24","Resolved","5"
"CP0000085","C000086","O0000086","2025-11-25","Product","Critical","2025-11-26","Resolved","1"
"CP0000086","C000087","O0000087","2025-11-26","Product","Low","2025-11-28","Resolved","2"
"CP0000087","C000088","O0000088","2025-11-27","Product","High","2025-11-30","Resolved","3"
"CP0000088","C000089","O0000089","2025-11-28","Refund","Low","","Open",""
"CP0000089","C000090","O0000090","2025-11-29","Delivery","Low","2025-12-04","Resolved","5"
"CP0000090","C000091","O0000091","2025-11-30","Product","Low","2025-12-06","Resolved","1"
"CP0000091","C000092","O0000092","2025-12-01","Delivery","Medium","2025-12-08","Resolved","2"
"CP0000092","C000093","O0000093","2025-12-02","Delivery","Critical","2025-12-10","Resolved","3"
"CP0000093","C000094","O0000094","2025-12-03","Payment","Medium","2025-12-12","Resolved","4"
"CP0000094","C000095","O0000095","2025-12-04","Delivery","Critical","2025-12-14","Resolved","5"
"CP0000095","C000096","O0000096","2025-12-05","Payment","High","2025-12-16","Resolved","1"
"CP0000096","C000097","O0000097","2025-12-06","Payment","Critical","","Open",""
"CP0000097","C000098","O0000098","2025-12-07","Delivery","High","2025-12-08","Resolved","3"
"CP0000098","C000099","O0000099","2025-12-08","Product","Low","2025-12-10","Resolved","4"
"CP0000099","C000100","O0000100","2025-12-09","Support","Low","2025-12-12","Resolved","5"
"CP0000100","C000101","O0000101","2025-12-10","Refund","Critical","2025-12-14","Resolved","1"
"CP0000101","C000102","O0000102","2025-12-11","Payment","Medium","2025-12-16","Resolved","2"
"CP0000102","C000103","O0000103","2025-12-12","Delivery","Critical","2025-12-18","Resolved","3"
"CP0000103","C000104","O0000104","2025-12-13","Delivery","Low","2025-12-20","Resolved","4"
"CP0000104","C000105","O0000105","2025-12-14","Payment","Low","","Open",""
"CP0000105","C000106","O0000106","2025-12-15","Payment","Low","2025-12-24","Resolved","1"
"CP0000106","C000107","O0000107","2025-12-16","Refund","Low","2025-12-26","Resolved","2"
"CP0000107","C000108","O0000108","2025-12-17","Payment","Low","2025-12-28","Resolved","3"
"CP0000108","C000109","O0000109","2025-12-18","Support","Medium","2025-12-18","Resolved","4"
"CP0000109","C000110","O0000110","2025-12-19","Product","Critical","2025-12-20","Resolved","5"
"CP0000110","C000111","O0000111","2025-12-20","Product","High","2025-12-22","Resolved","1"
"CP0000111","C000112","O0000112","2025-12-21","Delivery","Medium","2025-12-24","Resolved","2"
"CP0000112","C000113","O0000113","2025-12-22","Product","Medium","","Open",""
"CP0000113","C000114","O0000114","2025-12-23","Product","Low","2025-12-28","Resolved","4"
"CP0000114","C000115","O0000115","2025-12-24","Product","Critical","2025-12-30","Resolved","5"
"CP0000115","C000116","O0000116","2025-12-25","Payment","High","2026-01-01","Resolved","1"
"CP0000116","C000117","O0000117","2025-12-26","Support","Medium","2026-01-03","Resolved","2"
"CP0000117","C000118","O0000118","2025-12-27","Payment","Medium","2026-01-05","Resolved","3"
"CP0000118","C000119","O0000119","2025-12-28","Delivery","Medium","2026-01-07","Resolved","4"
"CP0000119","C000120","O0000120","2025-12-29","Support","Medium","2026-01-09","Resolved","5"
"CP0000120","C000121","O0000121","2025-12-30","Refund","Low","","Open",""
"CP0000121","C000122","O0000122","2025-12-31","Refund","Medium","2026-01-01","Resolved","2"
"CP0000122","C000123","O0000123","2026-01-01","Product","Critical","2026-01-03","Resolved","3"
"CP0000123","C000124","O0000124","2026-01-02","Product","Low","2026-01-05","Resolved","4"
"CP0000124","C000125","O0000125","2026-01-03","Product","High","2026-01-07","Resolved","5"
"CP0000125","C000126","O0000126","2026-01-04","Product","High","2026-01-09","Resolved","1"
"CP0000126","C000127","O0000127","2026-01-05","Delivery","Low","2026-01-11","Resolved","2"
"CP0000127","C000128","O0000128","2026-01-06","Product","Critical","2026-01-13","Resolved","3"
"CP0000128","C000129","O0000129","2026-01-07","Delivery","Low","","Open",""
"CP0000129","C000130","O0000130","2026-01-08","Refund","Critical","2026-01-17","Resolved","5"
"CP0000130","C000131","O0000131","2026-01-09","Refund","Medium","2026-01-19","Resolved","1"
"CP0000131","C000132","O0000132","2026-01-10","Support","Critical","2026-01-21","Resolved","2"
"CP0000132","C000133","O0000133","2026-01-11","Delivery","Critical","2026-01-11","Resolved","3"
"CP0000133","C000134","O0000134","2026-01-12","Delivery","High","2026-01-13","Resolved","4"
"CP0000134","C000135","O0000135","2026-01-13","Refund","Medium","2026-01-15","Resolved","5"
"CP0000135","C000136","O0000136","2026-01-14","Support","High","2026-01-17","Resolved","1"
"CP0000136","C000137","O0000137","2026-01-15","Product","High","","Open",""
"CP0000137","C000138","O0000138","2026-01-16","Payment","Critical","2026-01-21","Resolved","3"
"CP0000138","C000139","O0000139","2026-01-17","Delivery","Low","2026-01-23","Resolved","4"
"CP0000139","C000140","O0000140","2026-01-18","Product","Critical","2026-01-25","Resolved","5"
"CP0000140","C000141","O0000141","2026-01-19","Delivery","Medium","2026-01-27","Resolved","1"
"CP0000141","C000142","O0000142","2026-01-20","Delivery","Critical","2026-01-29","Resolved","2"
"CP0000142","C000143","O0000143","2026-01-21","Support","Critical","2026-01-31","Resolved","3"
"CP0000143","C000144","O0000144","2026-01-22","Product","Low","2026-02-02","Resolved","4"
"CP0000144","C000145","O0000145","2026-01-23","Support","Medium","","Open",""
"CP0000145","C000146","O0000146","2026-01-24","Payment","High","2026-01-25","Resolved","1"
"CP0000146","C000147","O0000147","2026-01-25","Support","Medium","2026-01-27","Resolved","2"
"CP0000147","C000148","O0000148","2026-01-26","Payment","Critical","2026-01-29","Resolved","3"
"CP0000148","C000149","O0000149","2026-01-27","Product","High","2026-01-31","Resolved","4"
"CP0000149","C000150","O0000150","2026-01-28","Delivery","Medium","2026-02-02","Resolved","5"
"CP0000150","C000151","O0000151","2026-01-29","Payment","High","2026-02-04","Resolved","1"
"CP0000151","C000152","O0000152","2026-01-30","Delivery","Medium","2026-02-06","Resolved","2"
"CP0000152","C000153","O0000153","2026-01-31","Refund","Medium","","Open",""
"CP0000153","C000154","O0000154","2026-02-01","Product","Medium","2026-02-10","Resolved","4"
"CP0000154","C000155","O0000155","2026-02-02","Refund","Low","2026-02-12","Resolved","5"
"CP0000155","C000156","O0000156","2026-02-03","Delivery","High","2026-02-14","Resolved","1"
"CP0000156","C000157","O0000157","2026-02-04","Refund","Medium","2026-02-04","Resolved","2"
"CP0000157","C000158","O0000158","2026-02-05","Delivery","High","2026-02-06","Resolved","3"
"CP0000158","C000159","O0000159","2026-02-06","Support","Low","2026-02-08","Resolved","4"
"CP0000159","C000160","O0000160","2026-02-07","Delivery","High","2026-02-10","Resolved","5"
"CP0000160","C000161","O0000161","2026-02-08","Support","High","","Open",""
"CP0000161","C000162","O0000162","2026-02-09","Refund","Low","2026-02-14","Resolved","2"
"CP0000162","C000163","O0000163","2026-02-10","Payment","High","2026-02-16","Resolved","3"
"CP0000163","C000164","O0000164","2026-02-11","Product","Critical","2026-02-18","Resolved","4"
"CP0000164","C000165","O0000165","2026-02-12","Support","Low","2026-02-20","Resolved","5"
"CP0000165","C000166","O0000166","2026-02-13","Refund","Medium","2026-02-22","Resolved","1"
"CP0000166","C000167","O0000167","2026-02-14","Delivery","High","2026-02-24","Resolved","2"
"CP0000167","C000168","O0000168","2026-02-15","Refund","Medium","2026-02-26","Resolved","3"
"CP0000168","C000169","O0000169","2026-02-16","Payment","Low","","Open",""
"CP0000169","C000170","O0000170","2026-02-17","Delivery","Low","2026-02-18","Resolved","5"
"CP0000170","C000171","O0000171","2026-02-18","Delivery","Medium","2026-02-20","Resolved","1"
"CP0000171","C000172","O0000172","2026-02-19","Support","Critical","2026-02-22","Resolved","2"
"CP0000172","C000173","O0000173","2026-02-20","Product","High","2026-02-24","Resolved","3"
"CP0000173","C000174","O0000174","2026-02-21","Payment","Medium","2026-02-26","Resolved","4"
"CP0000174","C000175","O0000175","2026-02-22","Delivery","High","2026-02-28","Resolved","5"
"CP0000175","C000176","O0000176","2026-02-23","Refund","High","2026-03-02","Resolved","1"
"CP0000176","C000177","O0000177","2026-02-24","Delivery","Low","","Open",""
"CP0000177","C000178","O0000178","2026-02-25","Product","Low","2026-03-06","Resolved","3"
"CP0000178","C000179","O0000179","2026-02-26","Delivery","Medium","2026-03-08","Resolved","4"
"CP0000179","C000180","O0000180","2026-02-27","Support","Critical","2026-03-10","Resolved","5"
"CP0000180","C000181","O0000181","2026-02-28","Refund","High","2026-02-28","Resolved","1"
"CP0000181","C000182","O0000182","2026-03-01","Delivery","Critical","2026-03-02","Resolved","2"
"CP0000182","C000183","O0000183","2026-03-02","Refund","Medium","2026-03-04","Resolved","3"
"CP0000183","C000184","O0000184","2026-03-03","Support","Medium","2026-03-06","Resolved","4"
"CP0000184","C000185","O0000185","2026-03-04","Refund","Medium","","Open",""
"CP0000185","C000186","O0000186","2026-03-05","Support","Medium","2026-03-10","Resolved","1"
"CP0000186","C000187","O0000187","2026-03-06","Refund","Critical","2026-03-12","Resolved","2"
"CP0000187","C000188","O0000188","2026-03-07","Support","High","2026-03-14","Resolved","3"
"CP0000188","C000189","O0000189","2026-03-08","Support","Low","2026-03-16","Resolved","4"
"CP0000189","C000190","O0000190","2026-03-09","Payment","Low","2026-03-18","Resolved","5"
"CP0000190","C000191","O0000191","2026-03-10","Product","Critical","2026-03-20","Resolved","1"
"CP0000191","C000192","O0000192","2026-03-11","Product","Critical","2026-03-22","Resolved","2"
"CP0000192","C000193","O0000193","2026-03-12","Product","Critical","","Open",""
"CP0000193","C000194","O0000194","2026-03-13","Support","Medium","2026-03-14","Resolved","4"
"CP0000194","C000195","O0000195","2026-03-14","Product","High","2026-03-16","Resolved","5"
"CP0000195","C000196","O0000196","2026-03-15","Support","Critical","2026-03-18","Resolved","1"
"CP0000196","C000197","O0000197","2026-03-16","Payment","Critical","2026-03-20","Resolved","2"
"CP0000197","C000198","O0000198","2026-03-17","Payment","High","2026-03-22","Resolved","3"
"CP0000198","C000199","O0000199","2026-03-18","Payment","Low","2026-03-24","Resolved","4"
"CP0000199","C000200","O0000200","2026-03-19","Refund","Critical","2026-03-26","Resolved","5"
"CP0000200","C000201","O0000201","2026-03-20","Support","Low","","Open",""
"CP0000201","C000202","O0000202","2026-03-21","Support","High","2026-03-30","Resolved","2"
"CP0000202","C000203","O0000203","2026-03-22","Delivery","Medium","2026-04-01","Resolved","3"
"CP0000203","C000204","O0000204","2026-03-23","Product","Critical","2026-04-03","Resolved","4"
"CP0000204","C000205","O0000205","2026-03-24","Delivery","Medium","2026-03-24","Resolved","5"
"CP0000205","C000206","O0000206","2026-03-25","Delivery","Low","2026-03-26","Resolved","1"
"CP0000206","C000207","O0000207","2026-03-26","Refund","Low","2026-03-28","Resolved","2"
"CP0000207","C000208","O0000208","2026-03-27","Payment","Low","2026-03-30","Resolved","3"
"CP0000208","C000209","O0000209","2026-03-28","Product","Critical","","Open",""
"CP0000209","C000210","O0000210","2026-03-29","Payment","High","2026-04-03","Resolved","5"
"CP0000210","C000211","O0000211","2026-03-30","Payment","High","2026-04-05","Resolved","1"
"CP0000211","C000212","O0000212","2026-03-31","Support","High","2026-04-07","Resolved","2"
"CP0000212","C000213","O0000213","2026-04-01","Payment","Critical","2026-04-09","Resolved","3"
"CP0000213","C000214","O0000214","2026-04-02","Refund","High","2026-04-11","Resolved","4"
"CP0000214","C000215","O0000215","2026-04-03","Product","High","2026-04-13","Resolved","5"
"CP0000215","C000216","O0000216","2026-04-04","Delivery","Low","2026-04-15","Resolved","1"
"CP0000216","C000217","O0000217","2026-04-05","Payment","Low","","Open",""
"CP0000217","C000218","O0000218","2026-04-06","Delivery","Medium","2026-04-07","Resolved","3"
"CP0000218","C000219","O0000219","2026-04-07","Payment","Critical","2026-04-09","Resolved","4"
"CP0000219","C000220","O0000220","2026-04-08","Delivery","Low","2026-04-11","Resolved","5"
"CP0000220","C000221","O0000221","2026-04-09","Payment","High","2026-04-13","Resolved","1"
"CP0000221","C000222","O0000222","2026-04-10","Support","High","2026-04-15","Resolved","2"
"CP0000222","C000223","O0000223","2026-04-11","Product","Critical","2026-04-17","Resolved","3"
"CP0000223","C000224","O0000224","2026-04-12","Payment","Critical","2026-04-19","Resolved","4"
"CP0000224","C000225","O0000225","2026-04-13","Support","Critical","","Open",""
"CP0000225","C000226","O0000226","2026-04-14","Support","Low","2026-04-23","Resolved","1"
"CP0000226","C000227","O0000227","2026-04-15","Product","Critical","2026-04-25","Resolved","2"
"CP0000227","C000228","O0000228","2026-04-16","Payment","Medium","2026-04-27","Resolved","3"
"CP0000228","C000229","O0000229","2026-04-17","Product","Medium","2026-04-17","Resolved","4"
"CP0000229","C000230","O0000230","2026-04-18","Payment","Critical","2026-04-19","Resolved","5"
"CP0000230","C000231","O0000231","2026-04-19","Support","Medium","2026-04-21","Resolved","1"
"CP0000231","C000232","O0000232","2026-04-20","Product","Low","2026-04-23","Resolved","2"
"CP0000232","C000233","O0000233","2026-04-21","Delivery","Medium","","Open",""
"CP0000233","C000234","O0000234","2026-04-22","Payment","High","2026-04-27","Resolved","4"
"CP0000234","C000235","O0000235","2026-04-23","Product","High","2026-04-29","Resolved","5"
"CP0000235","C000236","O0000236","2026-04-24","Delivery","Medium","2026-05-01","Resolved","1"
"CP0000236","C000237","O0000237","2026-04-25","Support","Low","2026-05-03","Resolved","2"
"CP0000237","C000238","O0000238","2026-04-26","Product","Low","2026-05-05","Resolved","3"
"CP0000238","C000239","O0000239","2026-04-27","Delivery","High","2026-05-07","Resolved","4"
"CP0000239","C000240","O0000240","2026-04-28","Refund","Critical","2026-05-09","Resolved","5"
"CP0000240","C000241","O0000241","2026-04-29","Support","Critical","","Open",""
"CP0000241","C000242","O0000242","2026-04-30","Product","Low","2026-05-01","Resolved","2"
"CP0000242","C000243","O0000243","2026-05-01","Support","Medium","2026-05-03","Resolved","3"
"CP0000243","C000244","O0000244","2026-05-02","Product","Low","2026-05-05","Resolved","4"
"CP0000244","C000245","O0000245","2026-05-03","Refund","Critical","2026-05-07","Resolved","5"
"CP0000245","C000246","O0000246","2026-05-04","Payment","Medium","2026-05-09","Resolved","1"
"CP0000246","C000247","O0000247","2026-05-05","Delivery","Critical","2026-05-11","Resolved","2"
"CP0000247","C000248","O0000248","2026-05-06","Delivery","Medium","2026-05-13","Resolved","3"
"CP0000248","C000249","O0000249","2026-05-07","Payment","Medium","","Open",""
"CP0000249","C000250","O0000250","2026-05-08","Support","Critical","2026-05-17","Resolved","5"
"CP0000250","C000251","O0000251","2026-05-09","Product","High","2026-05-19","Resolved","1"
"CP0000251","C000252","O0000252","2026-05-10","Product","Medium","2026-05-21","Resolved","2"
"CP0000252","C000253","O0000253","2026-05-11","Payment","High","2026-05-11","Resolved","3"
"CP0000253","C000254","O0000254","2026-05-12","Delivery","Medium","2026-05-13","Resolved","4"
"CP0000254","C000255","O0000255","2026-05-13","Delivery","Critical","2026-05-15","Resolved","5"
"CP0000255","C000256","O0000256","2026-05-14","Payment","Critical","2026-05-17","Resolved","1"
"CP0000256","C000257","O0000257","2026-05-15","Refund","Critical","","Open",""
"CP0000257","C000258","O0000258","2026-05-16","Refund","Low","2026-05-21","Resolved","3"
"CP0000258","C000259","O0000259","2026-05-17","Refund","Medium","2026-05-23","Resolved","4"
"CP0000259","C000260","O0000260","2026-05-18","Refund","Low","2026-05-25","Resolved","5"
"CP0000260","C000261","O0000261","2026-05-19","Delivery","Critical","2026-05-27","Resolved","1"
"CP0000261","C000262","O0000262","2026-05-20","Delivery","Low","2026-05-29","Resolved","2"
"CP0000262","C000263","O0000263","2026-05-21","Support","Medium","2026-05-31","Resolved","3"
"CP0000263","C000264","O0000264","2026-05-22","Delivery","Medium","2026-06-02","Resolved","4"
"CP0000264","C000265","O0000265","2026-05-23","Support","High","","Open",""
"CP0000265","C000266","O0000266","2026-05-24","Support","Critical","2026-05-25","Resolved","1"
"CP0000266","C000267","O0000267","2026-05-25","Support","Low","2026-05-27","Resolved","2"
"CP0000267","C000268","O0000268","2026-05-26","Support","Medium","2026-05-29","Resolved","3"
"CP0000268","C000269","O0000269","2026-05-27","Refund","Low","2026-05-31","Resolved","4"
"CP0000269","C000270","O0000270","2026-05-28","Support","High","2026-06-02","Resolved","5"
"CP0000270","C000271","O0000271","2026-05-29","Refund","Critical","2026-06-04","Resolved","1"
"CP0000271","C000272","O0000272","2026-05-30","Product","High","2026-06-06","Resolved","2"
"CP0000272","C000273","O0000273","2026-05-31","Product","Low","","Open",""
"CP0000273","C000274","O0000274","2026-06-01","Delivery","High","2026-06-10","Resolved","4"
"CP0000274","C000275","O0000275","2026-06-02","Product","Medium","2026-06-12","Resolved","5"
"CP0000275","C000276","O0000276","2026-06-03","Delivery","Medium","2026-06-14","Resolved","1"
"CP0000276","C000277","O0000277","2026-06-04","Support","Critical","2026-06-04","Resolved","2"
"CP0000277","C000278","O0000278","2026-06-05","Product","Critical","2026-06-06","Resolved","3"
"CP0000278","C000279","O0000279","2026-06-06","Payment","Medium","2026-06-08","Resolved","4"
"CP0000279","C000280","O0000280","2026-06-07","Refund","High","2026-06-10","Resolved","5"
"CP0000280","C000281","O0000281","2026-06-08","Product","High","","Open",""
"CP0000281","C000282","O0000282","2026-06-09","Support","Medium","2026-06-14","Resolved","2"
"CP0000282","C000283","O0000283","2026-06-10","Support","Critical","2026-06-16","Resolved","3"
"CP0000283","C000284","O0000284","2026-06-11","Delivery","Low","2026-06-18","Resolved","4"
"CP0000284","C000285","O0000285","2026-06-12","Refund","Low","2026-06-20","Resolved","5"
"CP0000285","C000286","O0000286","2026-06-13","Delivery","Medium","2026-06-22","Resolved","1"
"CP0000286","C000287","O0000287","2026-06-14","Refund","Medium","2026-06-24","Resolved","2"
"CP0000287","C000288","O0000288","2026-06-15","Refund","Critical","2026-06-26","Resolved","3"
"CP0000288","C000289","O0000289","2026-06-16","Delivery","Low","","Open",""
"CP0000289","C000290","O0000290","2026-06-17","Delivery","Medium","2026-06-18","Resolved","5"
"CP0000290","C000291","O0000291","2026-06-18","Support","Medium","2026-06-20","Resolved","1"
"CP0000291","C000292","O0000292","2026-06-19","Delivery","High","2026-06-22","Resolved","2"
"CP0000292","C000293","O0000293","2026-06-20","Delivery","Low","2026-06-24","Resolved","3"
"CP0000293","C000294","O0000294","2026-06-21","Support","High","2026-06-26","Resolved","4"
"CP0000294","C000295","O0000295","2026-06-22","Payment","Medium","2026-06-28","Resolved","5"
"CP0000295","C000296","O0000296","2026-06-23","Support","High","2026-06-30","Resolved","1"
"CP0000296","C000297","O0000297","2026-06-24","Refund","High","","Open",""
"CP0000297","C000298","O0000298","2026-06-25","Delivery","High","2026-07-04","Resolved","3"
"CP0000298","C000299","O0000299","2026-06-26","Support","Medium","2026-07-06","Resolved","4"
"CP0000299","C000300","O0000300","2026-06-27","Product","Low","2026-07-08","Resolved","5"
"CP0000300","C000301","O0000301","2026-06-28","Support","Medium","2026-06-28","Resolved","1"
"CP0000301","C000302","O0000302","2026-06-29","Product","High","2026-06-30","Resolved","2"
"CP0000302","C000303","O0000303","2026-06-30","Refund","Low","2026-07-02","Resolved","3"
"CP0000303","C000304","O0000304","2026-07-01","Refund","Low","2026-07-04","Resolved","4"
"CP0000304","C000305","O0000305","2026-07-02","Delivery","High","","Open",""
"CP0000305","C000306","O0000306","2026-07-03","Delivery","Low","2026-07-08","Resolved","1"
"CP0000306","C000307","O0000307","2026-07-04","Product","Critical","2026-07-10","Resolved","2"
"CP0000307","C000308","O0000308","2026-07-05","Refund","Medium","2026-07-12","Resolved","3"
"CP0000308","C000309","O0000309","2026-07-06","Product","Medium","2026-07-14","Resolved","4"
"CP0000309","C000310","O0000310","2026-07-07","Refund","Medium","2026-07-16","Resolved","5"
"CP0000310","C000311","O0000311","2026-07-08","Product","Low","2026-07-18","Resolved","1"
"CP0000311","C000312","O0000312","2026-07-09","Payment","Medium","2026-07-20","Resolved","2"
"CP0000312","C000313","O0000313","2026-07-10","Delivery","High","","Open",""
"CP0000313","C000314","O0000314","2026-07-11","Payment","Critical","2026-07-12","Resolved","4"
"CP0000314","C000315","O0000315","2026-07-12","Product","Low","2026-07-14","Resolved","5"
"CP0000315","C000316","O0000316","2026-07-13","Support","Medium","2026-07-16","Resolved","1"
"CP0000316","C000317","O0000317","2026-07-14","Payment","Medium","2026-07-18","Resolved","2"
"CP0000317","C000318","O0000318","2026-07-15","Delivery","Medium","2026-07-20","Resolved","3"
"CP0000318","C000319","O0000319","2026-07-16","Refund","Critical","2026-07-22","Resolved","4"
"CP0000319","C000320","O0000320","2026-07-17","Support","High","2026-07-24","Resolved","5"
"CP0000320","C000321","O0000321","2026-07-18","Delivery","High","","Open",""
"CP0000321","C000322","O0000322","2026-07-19","Support","High","2026-07-28","Resolved","2"
"CP0000322","C000323","O0000323","2026-07-20","Payment","High","2026-07-30","Resolved","3"
"CP0000323","C000324","O0000324","2026-07-21","Refund","High","2026-08-01","Resolved","4"
"CP0000324","C000325","O0000325","2026-07-22","Refund","Low","2026-07-22","Resolved","5"
"CP0000325","C000326","O0000326","2026-07-23","Delivery","Low","2026-07-24","Resolved","1"
"CP0000326","C000327","O0000327","2026-07-24","Delivery","High","2026-07-26","Resolved","2"
"CP0000327","C000328","O0000328","2026-07-25","Product","Low","2026-07-28","Resolved","3"
"CP0000328","C000329","O0000329","2026-07-26","Refund","High","","Open",""
"CP0000329","C000330","O0000330","2026-07-27","Support","High","2026-08-01","Resolved","5"
"CP0000330","C000331","O0000331","2026-07-28","Refund","Medium","2026-08-03","Resolved","1"
"CP0000331","C000332","O0000332","2026-07-29","Support","Low","2026-08-05","Resolved","2"
"CP0000332","C000333","O0000333","2026-07-30","Product","Medium","2026-08-07","Resolved","3"
"CP0000333","C000334","O0000334","2026-07-31","Refund","Medium","2026-08-09","Resolved","4"
"CP0000334","C000335","O0000335","2026-08-01","Support","High","2026-08-11","Resolved","5"
"CP0000335","C000336","O0000336","2026-08-02","Payment","Medium","2026-08-13","Resolved","1"
"CP0000336","C000337","O0000337","2026-08-03","Payment","Critical","","Open",""
"CP0000337","C000338","O0000338","2026-08-04","Payment","Medium","2026-08-05","Resolved","3"
"CP0000338","C000339","O0000339","2026-08-05","Support","Medium","2026-08-07","Resolved","4"
"CP0000339","C000340","O0000340","2026-08-06","Product","Medium","2026-08-09","Resolved","5"
"CP0000340","C000341","O0000341","2026-08-07","Support","Medium","2026-08-11","Resolved","1"
"CP0000341","C000342","O0000342","2026-08-08","Refund","High","2026-08-13","Resolved","2"
"CP0000342","C000343","O0000343","2026-08-09","Support","Medium","2026-08-15","Resolved","3"
"CP0000343","C000344","O0000344","2026-08-10","Payment","Low","2026-08-17","Resolved","4"
"CP0000344","C000345","O0000345","2026-08-11","Product","High","","Open",""
"CP0000345","C000346","O0000346","2026-08-12","Payment","Low","2026-08-21","Resolved","1"
"CP0000346","C000347","O0000347","2026-08-13","Delivery","Critical","2026-08-23","Resolved","2"
"CP0000347","C000348","O0000348","2026-08-14","Product","High","2026-08-25","Resolved","3"
"CP0000348","C000349","O0000349","2026-08-15","Refund","Low","2026-08-15","Resolved","4"
"CP0000349","C000350","O0000350","2026-08-16","Payment","Medium","2026-08-17","Resolved","5"
"CP0000350","C000351","O0000351","2026-08-17","Product","Medium","2026-08-19","Resolved","1"
"CP0000351","C000352","O0000352","2026-08-18","Refund","Critical","2026-08-21","Resolved","2"
"CP0000352","C000353","O0000353","2026-08-19","Support","Critical","","Open",""
"CP0000353","C000354","O0000354","2026-08-20","Refund","Critical","2026-08-25","Resolved","4"
"CP0000354","C000355","O0000355","2026-08-21","Support","High","2026-08-27","Resolved","5"
"CP0000355","C000356","O0000356","2026-08-22","Support","Low","2026-08-29","Resolved","1"
"CP0000356","C000357","O0000357","2026-08-23","Product","Critical","2026-08-31","Resolved","2"
"CP0000357","C000358","O0000358","2026-08-24","Support","Low","2026-09-02","Resolved","3"
"CP0000358","C000359","O0000359","2026-08-25","Delivery","Critical","2026-09-04","Resolved","4"
"CP0000359","C000360","O0000360","2026-08-26","Support","Low","2026-09-06","Resolved","5"
"CP0000360","C000361","O0000361","2026-08-27","Refund","Low","","Open",""
"CP0000361","C000362","O0000362","2026-08-28","Support","Medium","2026-08-29","Resolved","2"
"CP0000362","C000363","O0000363","2026-08-29","Product","Medium","2026-08-31","Resolved","3"
"CP0000363","C000364","O0000364","2026-08-30","Product","Critical","2026-09-02","Resolved","4"
"CP0000364","C000365","O0000365","2026-08-31","Refund","High","2026-09-04","Resolved","5"
"CP0000365","C000366","O0000366","2025-09-01","Payment","Medium","2025-09-06","Resolved","1"
"CP0000366","C000367","O0000367","2025-09-02","Refund","Medium","2025-09-08","Resolved","2"
"CP0000367","C000368","O0000368","2025-09-03","Refund","Critical","2025-09-10","Resolved","3"
"CP0000368","C000369","O0000369","2025-09-04","Support","Low","","Open",""
"CP0000369","C000370","O0000370","2025-09-05","Support","Low","2025-09-14","Resolved","5"
"CP0000370","C000371","O0000371","2025-09-06","Support","Critical","2025-09-16","Resolved","1"
"CP0000371","C000372","O0000372","2025-09-07","Payment","High","2025-09-18","Resolved","2"
"CP0000372","C000373","O0000373","2025-09-08","Support","Medium","2025-09-08","Resolved","3"
"CP0000373","C000374","O0000374","2025-09-09","Payment","Low","2025-09-10","Resolved","4"
"CP0000374","C000375","O0000375","2025-09-10","Refund","Low","2025-09-12","Resolved","5"
"CP0000375","C000376","O0000376","2025-09-11","Product","Low","2025-09-14","Resolved","1"
"CP0000376","C000377","O0000377","2025-09-12","Support","Critical","","Open",""
"CP0000377","C000378","O0000378","2025-09-13","Delivery","Medium","2025-09-18","Resolved","3"
"CP0000378","C000379","O0000379","2025-09-14","Refund","High","2025-09-20","Resolved","4"
"CP0000379","C000380","O0000380","2025-09-15","Refund","Critical","2025-09-22","Resolved","5"
"CP0000380","C000381","O0000381","2025-09-16","Refund","High","2025-09-24","Resolved","1"
"CP0000381","C000382","O0000382","2025-09-17","Refund","Critical","2025-09-26","Resolved","2"
"CP0000382","C000383","O0000383","2025-09-18","Support","Critical","2025-09-28","Resolved","3"
"CP0000383","C000384","O0000384","2025-09-19","Support","High","2025-09-30","Resolved","4"
"CP0000384","C000385","O0000385","2025-09-20","Refund","Medium","","Open",""
"CP0000385","C000386","O0000386","2025-09-21","Product","High","2025-09-22","Resolved","1"
"CP0000386","C000387","O0000387","2025-09-22","Payment","High","2025-09-24","Resolved","2"
"CP0000387","C000388","O0000388","2025-09-23","Support","Critical","2025-09-26","Resolved","3"
"CP0000388","C000389","O0000389","2025-09-24","Product","High","2025-09-28","Resolved","4"
"CP0000389","C000390","O0000390","2025-09-25","Refund","High","2025-09-30","Resolved","5"
"CP0000390","C000391","O0000391","2025-09-26","Product","Low","2025-10-02","Resolved","1"
"CP0000391","C000392","O0000392","2025-09-27","Support","Low","2025-10-04","Resolved","2"
"CP0000392","C000393","O0000393","2025-09-28","Delivery","High","","Open",""
"CP0000393","C000394","O0000394","2025-09-29","Refund","Critical","2025-10-08","Resolved","4"
"CP0000394","C000395","O0000395","2025-09-30","Product","Medium","2025-10-10","Resolved","5"
"CP0000395","C000396","O0000396","2025-10-01","Delivery","High","2025-10-12","Resolved","1"
"CP0000396","C000397","O0000397","2025-10-02","Product","Critical","2025-10-02","Resolved","2"
"CP0000397","C000398","O0000398","2025-10-03","Support","Critical","2025-10-04","Resolved","3"
"CP0000398","C000399","O0000399","2025-10-04","Payment","High","2025-10-06","Resolved","4"
"CP0000399","C000400","O0000400","2025-10-05","Support","Medium","2025-10-08","Resolved","5"
"CP0000400","C000401","O0000401","2025-10-06","Product","Medium","","Open",""
"CP0000401","C000402","O0000402","2025-10-07","Product","Low","2025-10-12","Resolved","2"
"CP0000402","C000403","O0000403","2025-10-08","Refund","Medium","2025-10-14","Resolved","3"
"CP0000403","C000404","O0000404","2025-10-09","Payment","Medium","2025-10-16","Resolved","4"
"CP0000404","C000405","O0000405","2025-10-10","Delivery","Low","2025-10-18","Resolved","5"
"CP0000405","C000406","O0000406","2025-10-11","Product","Critical","2025-10-20","Resolved","1"
"CP0000406","C000407","O0000407","2025-10-12","Payment","Critical","2025-10-22","Resolved","2"
"CP0000407","C000408","O0000408","2025-10-13","Support","Critical","2025-10-24","Resolved","3"
"CP0000408","C000409","O0000409","2025-10-14","Support","Low","","Open",""
"CP0000409","C000410","O0000410","2025-10-15","Refund","Low","2025-10-16","Resolved","5"
"CP0000410","C000411","O0000411","2025-10-16","Payment","Low","2025-10-18","Resolved","1"
"CP0000411","C000412","O0000412","2025-10-17","Payment","Medium","2025-10-20","Resolved","2"
"CP0000412","C000413","O0000413","2025-10-18","Product","High","2025-10-22","Resolved","3"
"CP0000413","C000414","O0000414","2025-10-19","Delivery","High","2025-10-24","Resolved","4"
"CP0000414","C000415","O0000415","2025-10-20","Payment","Critical","2025-10-26","Resolved","5"
"CP0000415","C000416","O0000416","2025-10-21","Refund","Critical","2025-10-28","Resolved","1"
"CP0000416","C000417","O0000417","2025-10-22","Support","High","","Open",""
"CP0000417","C000418","O0000418","2025-10-23","Delivery","Critical","2025-11-01","Resolved","3"
"CP0000418","C000419","O0000419","2025-10-24","Delivery","Medium","2025-11-03","Resolved","4"
"CP0000419","C000420","O0000420","2025-10-25","Payment","High","2025-11-05","Resolved","5"
"CP0000420","C000421","O0000421","2025-10-26","Delivery","High","2025-10-26","Resolved","1"
"CP0000421","C000422","O0000422","2025-10-27","Delivery","Medium","2025-10-28","Resolved","2"
"CP0000422","C000423","O0000423","2025-10-28","Delivery","High","2025-10-30","Resolved","3"
"CP0000423","C000424","O0000424","2025-10-29","Refund","High","2025-11-01","Resolved","4"
"CP0000424","C000425","O0000425","2025-10-30","Delivery","Critical","","Open",""
"CP0000425","C000426","O0000426","2025-10-31","Product","High","2025-11-05","Resolved","1"
"CP0000426","C000427","O0000427","2025-11-01","Product","Critical","2025-11-07","Resolved","2"
"CP0000427","C000428","O0000428","2025-11-02","Payment","Low","2025-11-09","Resolved","3"
"CP0000428","C000429","O0000429","2025-11-03","Product","High","2025-11-11","Resolved","4"
"CP0000429","C000430","O0000430","2025-11-04","Delivery","Medium","2025-11-13","Resolved","5"
"CP0000430","C000431","O0000431","2025-11-05","Refund","Low","2025-11-15","Resolved","1"
"CP0000431","C000432","O0000432","2025-11-06","Support","High","2025-11-17","Resolved","2"
"CP0000432","C000433","O0000433","2025-11-07","Support","Critical","","Open",""
"CP0000433","C000434","O0000434","2025-11-08","Support","High","2025-11-09","Resolved","4"
"CP0000434","C000435","O0000435","2025-11-09","Product","Medium","2025-11-11","Resolved","5"
"CP0000435","C000436","O0000436","2025-11-10","Delivery","Medium","2025-11-13","Resolved","1"
"CP0000436","C000437","O0000437","2025-11-11","Delivery","Medium","2025-11-15","Resolved","2"
"CP0000437","C000438","O0000438","2025-11-12","Delivery","Critical","2025-11-17","Resolved","3"
"CP0000438","C000439","O0000439","2025-11-13","Product","High","2025-11-19","Resolved","4"
"CP0000439","C000440","O0000440","2025-11-14","Refund","Low","2025-11-21","Resolved","5"
"CP0000440","C000441","O0000441","2025-11-15","Delivery","Medium","","Open",""
"CP0000441","C000442","O0000442","2025-11-16","Delivery","Low","2025-11-25","Resolved","2"
"CP0000442","C000443","O0000443","2025-11-17","Support","Low","2025-11-27","Resolved","3"
"CP0000443","C000444","O0000444","2025-11-18","Payment","Critical","2025-11-29","Resolved","4"
"CP0000444","C000445","O0000445","2025-11-19","Refund","Critical","2025-11-19","Resolved","5"
"CP0000445","C000446","O0000446","2025-11-20","Product","Critical","2025-11-21","Resolved","1"
"CP0000446","C000447","O0000447","2025-11-21","Support","High","2025-11-23","Resolved","2"
"CP0000447","C000448","O0000448","2025-11-22","Delivery","Low","2025-11-25","Resolved","3"
"CP0000448","C000449","O0000449","2025-11-23","Payment","Low","","Open",""
"CP0000449","C000450","O0000450","2025-11-24","Product","Medium","2025-11-29","Resolved","5"
"CP0000450","C000451","O0000451","2025-11-25","Refund","Low","2025-12-01","Resolved","1"
"CP0000451","C000452","O0000452","2025-11-26","Product","High","2025-12-03","Resolved","2"
"CP0000452","C000453","O0000453","2025-11-27","Payment","High","2025-12-05","Resolved","3"
"CP0000453","C000454","O0000454","2025-11-28","Support","Low","2025-12-07","Resolved","4"
"CP0000454","C000455","O0000455","2025-11-29","Payment","Medium","2025-12-09","Resolved","5"
"CP0000455","C000456","O0000456","2025-11-30","Delivery","Low","2025-12-11","Resolved","1"
"CP0000456","C000457","O0000457","2025-12-01","Payment","High","","Open",""
"CP0000457","C000458","O0000458","2025-12-02","Product","Critical","2025-12-03","Resolved","3"
"CP0000458","C000459","O0000459","2025-12-03","Payment","Low","2025-12-05","Resolved","4"
"CP0000459","C000460","O0000460","2025-12-04","Support","Medium","2025-12-07","Resolved","5"
"CP0000460","C000461","O0000461","2025-12-05","Payment","Low","2025-12-09","Resolved","1"
"CP0000461","C000462","O0000462","2025-12-06","Delivery","Medium","2025-12-11","Resolved","2"
"CP0000462","C000463","O0000463","2025-12-07","Refund","Low","2025-12-13","Resolved","3"
"CP0000463","C000464","O0000464","2025-12-08","Delivery","High","2025-12-15","Resolved","4"
"CP0000464","C000465","O0000465","2025-12-09","Product","High","","Open",""
"CP0000465","C000466","O0000466","2025-12-10","Payment","Medium","2025-12-19","Resolved","1"
"CP0000466","C000467","O0000467","2025-12-11","Refund","Medium","2025-12-21","Resolved","2"
"CP0000467","C000468","O0000468","2025-12-12","Support","Low","2025-12-23","Resolved","3"
"CP0000468","C000469","O0000469","2025-12-13","Payment","High","2025-12-13","Resolved","4"
"CP0000469","C000470","O0000470","2025-12-14","Payment","Low","2025-12-15","Resolved","5"
"CP0000470","C000471","O0000471","2025-12-15","Refund","Medium","2025-12-17","Resolved","1"
"CP0000471","C000472","O0000472","2025-12-16","Payment","Medium","2025-12-19","Resolved","2"
"CP0000472","C000473","O0000473","2025-12-17","Refund","Medium","","Open",""
"CP0000473","C000474","O0000474","2025-12-18","Product","Low","2025-12-23","Resolved","4"
"CP0000474","C000475","O0000475","2025-12-19","Refund","High","2025-12-25","Resolved","5"
"CP0000475","C000476","O0000476","2025-12-20","Delivery","High","2025-12-27","Resolved","1"
"CP0000476","C000477","O0000477","2025-12-21","Payment","Low","2025-12-29","Resolved","2"
"CP0000477","C000478","O0000478","2025-12-22","Refund","High","2025-12-31","Resolved","3"
"CP0000478","C000479","O0000479","2025-12-23","Delivery","Medium","2026-01-02","Resolved","4"
"CP0000479","C000480","O0000480","2025-12-24","Payment","Medium","2026-01-04","Resolved","5"
"CP0000480","C000481","O0000481","2025-12-25","Support","High","","Open",""
"CP0000481","C000482","O0000482","2025-12-26","Refund","Medium","2025-12-27","Resolved","2"
"CP0000482","C000483","O0000483","2025-12-27","Refund","Low","2025-12-29","Resolved","3"
"CP0000483","C000484","O0000484","2025-12-28","Refund","Medium","2025-12-31","Resolved","4"
"CP0000484","C000485","O0000485","2025-12-29","Support","Low","2026-01-02","Resolved","5"
"CP0000485","C000486","O0000486","2025-12-30","Product","Low","2026-01-04","Resolved","1"
"CP0000486","C000487","O0000487","2025-12-31","Product","Medium","2026-01-06","Resolved","2"
"CP0000487","C000488","O0000488","2026-01-01","Refund","Critical","2026-01-08","Resolved","3"
"CP0000488","C000489","O0000489","2026-01-02","Product","Critical","","Open",""
"CP0000489","C000490","O0000490","2026-01-03","Support","High","2026-01-12","Resolved","5"
"CP0000490","C000491","O0000491","2026-01-04","Payment","Critical","2026-01-14","Resolved","1"
"CP0000491","C000492","O0000492","2026-01-05","Support","Critical","2026-01-16","Resolved","2"
"CP0000492","C000493","O0000493","2026-01-06","Refund","Low","2026-01-06","Resolved","3"
"CP0000493","C000494","O0000494","2026-01-07","Product","Critical","2026-01-08","Resolved","4"
"CP0000494","C000495","O0000495","2026-01-08","Payment","Low","2026-01-10","Resolved","5"
"CP0000495","C000496","O0000496","2026-01-09","Product","High","2026-01-12","Resolved","1"
"CP0000496","C000497","O0000497","2026-01-10","Support","Low","","Open",""
"CP0000497","C000498","O0000498","2026-01-11","Refund","Low","2026-01-16","Resolved","3"
"CP0000498","C000499","O0000499","2026-01-12","Delivery","Medium","2026-01-18","Resolved","4"
"CP0000499","C000500","O0000500","2026-01-13","Product","High","2026-01-20","Resolved","5"
"CP0000500","C000501","O0000501","2026-01-14","Payment","Low","2026-01-22","Resolved","1"
"CP0000501","C000502","O0000502","2026-01-15","Delivery","Critical","2026-01-24","Resolved","2"
"CP0000502","C000503","O0000503","2026-01-16","Payment","Low","2026-01-26","Resolved","3"
"CP0000503","C000504","O0000504","2026-01-17","Refund","Medium","2026-01-28","Resolved","4"
"CP0000504","C000505","O0000505","2026-01-18","Support","High","","Open",""
"CP0000505","C000506","O0000506","2026-01-19","Refund","High","2026-01-20","Resolved","1"
"CP0000506","C000507","O0000507","2026-01-20","Support","High","2026-01-22","Resolved","2"
"CP0000507","C000508","O0000508","2026-01-21","Delivery","Critical","2026-01-24","Resolved","3"
"CP0000508","C000509","O0000509","2026-01-22","Delivery","Critical","2026-01-26","Resolved","4"
"CP0000509","C000510","O0000510","2026-01-23","Payment","High","2026-01-28","Resolved","5"
"CP0000510","C000511","O0000511","2026-01-24","Delivery","Critical","2026-01-30","Resolved","1"
"CP0000511","C000512","O0000512","2026-01-25","Delivery","Medium","2026-02-01","Resolved","2"
"CP0000512","C000513","O0000513","2026-01-26","Product","Critical","","Open",""
"CP0000513","C000514","O0000514","2026-01-27","Delivery","High","2026-02-05","Resolved","4"
"CP0000514","C000515","O0000515","2026-01-28","Delivery","High","2026-02-07","Resolved","5"
"CP0000515","C000516","O0000516","2026-01-29","Delivery","High","2026-02-09","Resolved","1"
"CP0000516","C000517","O0000517","2026-01-30","Product","Medium","2026-01-30","Resolved","2"
"CP0000517","C000518","O0000518","2026-01-31","Payment","Medium","2026-02-01","Resolved","3"
"CP0000518","C000519","O0000519","2026-02-01","Payment","High","2026-02-03","Resolved","4"
"CP0000519","C000520","O0000520","2026-02-02","Refund","Low","2026-02-05","Resolved","5"
"CP0000520","C000521","O0000521","2026-02-03","Payment","Low","","Open",""
"CP0000521","C000522","O0000522","2026-02-04","Refund","High","2026-02-09","Resolved","2"
"CP0000522","C000523","O0000523","2026-02-05","Refund","High","2026-02-11","Resolved","3"
"CP0000523","C000524","O0000524","2026-02-06","Delivery","Medium","2026-02-13","Resolved","4"
"CP0000524","C000525","O0000525","2026-02-07","Refund","Medium","2026-02-15","Resolved","5"
"CP0000525","C000526","O0000526","2026-02-08","Product","Low","2026-02-17","Resolved","1"
"CP0000526","C000527","O0000527","2026-02-09","Delivery","High","2026-02-19","Resolved","2"
"CP0000527","C000528","O0000528","2026-02-10","Support","High","2026-02-21","Resolved","3"
"CP0000528","C000529","O0000529","2026-02-11","Product","High","","Open",""
"CP0000529","C000530","O0000530","2026-02-12","Payment","Low","2026-02-13","Resolved","5"
"CP0000530","C000531","O0000531","2026-02-13","Refund","High","2026-02-15","Resolved","1"
"CP0000531","C000532","O0000532","2026-02-14","Payment","Low","2026-02-17","Resolved","2"
"CP0000532","C000533","O0000533","2026-02-15","Payment","High","2026-02-19","Resolved","3"
"CP0000533","C000534","O0000534","2026-02-16","Payment","Medium","2026-02-21","Resolved","4"
"CP0000534","C000535","O0000535","2026-02-17","Payment","Critical","2026-02-23","Resolved","5"
"CP0000535","C000536","O0000536","2026-02-18","Support","Low","2026-02-25","Resolved","1"
"CP0000536","C000537","O0000537","2026-02-19","Product","Critical","","Open",""
"CP0000537","C000538","O0000538","2026-02-20","Refund","Critical","2026-03-01","Resolved","3"
"CP0000538","C000539","O0000539","2026-02-21","Payment","High","2026-03-03","Resolved","4"
"CP0000539","C000540","O0000540","2026-02-22","Delivery","Low","2026-03-05","Resolved","5"
"CP0000540","C000541","O0000541","2026-02-23","Support","High","2026-02-23","Resolved","1"
"CP0000541","C000542","O0000542","2026-02-24","Refund","Medium","2026-02-25","Resolved","2"
"CP0000542","C000543","O0000543","2026-02-25","Payment","Critical","2026-02-27","Resolved","3"
"CP0000543","C000544","O0000544","2026-02-26","Payment","High","2026-03-01","Resolved","4"
"CP0000544","C000545","O0000545","2026-02-27","Refund","High","","Open",""
"CP0000545","C000546","O0000546","2026-02-28","Support","Low","2026-03-05","Resolved","1"
"CP0000546","C000547","O0000547","2026-03-01","Payment","High","2026-03-07","Resolved","2"
"CP0000547","C000548","O0000548","2026-03-02","Payment","Critical","2026-03-09","Resolved","3"
"CP0000548","C000549","O0000549","2026-03-03","Delivery","Critical","2026-03-11","Resolved","4"
"CP0000549","C000550","O0000550","2026-03-04","Product","Low","2026-03-13","Resolved","5"
"CP0000550","C000551","O0000551","2026-03-05","Support","Low","2026-03-15","Resolved","1"
"CP0000551","C000552","O0000552","2026-03-06","Refund","Medium","2026-03-17","Resolved","2"
"CP0000552","C000553","O0000553","2026-03-07","Delivery","High","","Open",""
"CP0000553","C000554","O0000554","2026-03-08","Payment","Medium","2026-03-09","Resolved","4"
"CP0000554","C000555","O0000555","2026-03-09","Refund","Critical","2026-03-11","Resolved","5"
"CP0000555","C000556","O0000556","2026-03-10","Product","Medium","2026-03-13","Resolved","1"
"CP0000556","C000557","O0000557","2026-03-11","Support","Low","2026-03-15","Resolved","2"
"CP0000557","C000558","O0000558","2026-03-12","Delivery","Medium","2026-03-17","Resolved","3"
"CP0000558","C000559","O0000559","2026-03-13","Product","Low","2026-03-19","Resolved","4"
"CP0000559","C000560","O0000560","2026-03-14","Delivery","Medium","2026-03-21","Resolved","5"
"CP0000560","C000561","O0000561","2026-03-15","Product","Critical","","Open",""
"CP0000561","C000562","O0000562","2026-03-16","Payment","Critical","2026-03-25","Resolved","2"
"CP0000562","C000563","O0000563","2026-03-17","Support","Medium","2026-03-27","Resolved","3"
"CP0000563","C000564","O0000564","2026-03-18","Payment","Medium","2026-03-29","Resolved","4"
"CP0000564","C000565","O0000565","2026-03-19","Payment","Low","2026-03-19","Resolved","5"
"CP0000565","C000566","O0000566","2026-03-20","Delivery","Critical","2026-03-21","Resolved","1"
"CP0000566","C000567","O0000567","2026-03-21","Delivery","Low","2026-03-23","Resolved","2"
"CP0000567","C000568","O0000568","2026-03-22","Support","High","2026-03-25","Resolved","3"
"CP0000568","C000569","O0000569","2026-03-23","Delivery","Critical","","Open",""
"CP0000569","C000570","O0000570","2026-03-24","Refund","High","2026-03-29","Resolved","5"
"CP0000570","C000571","O0000571","2026-03-25","Delivery","Medium","2026-03-31","Resolved","1"
"CP0000571","C000572","O0000572","2026-03-26","Payment","High","2026-04-02","Resolved","2"
"CP0000572","C000573","O0000573","2026-03-27","Refund","Low","2026-04-04","Resolved","3"
"CP0000573","C000574","O0000574","2026-03-28","Product","High","2026-04-06","Resolved","4"
"CP0000574","C000575","O0000575","2026-03-29","Support","Critical","2026-04-08","Resolved","5"
"CP0000575","C000576","O0000576","2026-03-30","Refund","Medium","2026-04-10","Resolved","1"
"CP0000576","C000577","O0000577","2026-03-31","Support","Low","","Open",""
"CP0000577","C000578","O0000578","2026-04-01","Support","Critical","2026-04-02","Resolved","3"
"CP0000578","C000579","O0000579","2026-04-02","Support","Low","2026-04-04","Resolved","4"
"CP0000579","C000580","O0000580","2026-04-03","Support","Medium","2026-04-06","Resolved","5"
"CP0000580","C000581","O0000581","2026-04-04","Support","Low","2026-04-08","Resolved","1"
"CP0000581","C000582","O0000582","2026-04-05","Product","High","2026-04-10","Resolved","2"
"CP0000582","C000583","O0000583","2026-04-06","Refund","Low","2026-04-12","Resolved","3"
"CP0000583","C000584","O0000584","2026-04-07","Refund","Critical","2026-04-14","Resolved","4"
"CP0000584","C000585","O0000585","2026-04-08","Payment","Medium","","Open",""
"CP0000585","C000586","O0000586","2026-04-09","Delivery","Critical","2026-04-18","Resolved","1"
"CP0000586","C000587","O0000587","2026-04-10","Support","Medium","2026-04-20","Resolved","2"
"CP0000587","C000588","O0000588","2026-04-11","Payment","Low","2026-04-22","Resolved","3"
"CP0000588","C000589","O0000589","2026-04-12","Refund","High","2026-04-12","Resolved","4"
"CP0000589","C000590","O0000590","2026-04-13","Support","High","2026-04-14","Resolved","5"
"CP0000590","C000591","O0000591","2026-04-14","Refund","Medium","2026-04-16","Resolved","1"
"CP0000591","C000592","O0000592","2026-04-15","Support","Critical","2026-04-18","Resolved","2"
"CP0000592","C000593","O0000593","2026-04-16","Product","Critical","","Open",""
"CP0000593","C000594","O0000594","2026-04-17","Refund","High","2026-04-22","Resolved","4"
"CP0000594","C000595","O0000595","2026-04-18","Support","Medium","2026-04-24","Resolved","5"
"CP0000595","C000596","O0000596","2026-04-19","Support","Critical","2026-04-26","Resolved","1"
"CP0000596","C000597","O0000597","2026-04-20","Delivery","Low","2026-04-28","Resolved","2"
"CP0000597","C000598","O0000598","2026-04-21","Refund","High","2026-04-30","Resolved","3"
"CP0000598","C000599","O0000599","2026-04-22","Payment","Low","2026-05-02","Resolved","4"
"CP0000599","C000600","O0000600","2026-04-23","Refund","Medium","2026-05-04","Resolved","5"
"CP0000600","C000601","O0000601","2026-04-24","Payment","Critical","","Open",""
"CP0000601","C000602","O0000602","2026-04-25","Support","Low","2026-04-26","Resolved","2"
"CP0000602","C000603","O0000603","2026-04-26","Payment","Low","2026-04-28","Resolved","3"
"CP0000603","C000604","O0000604","2026-04-27","Payment","Critical","2026-04-30","Resolved","4"
"CP0000604","C000605","O0000605","2026-04-28","Payment","Medium","2026-05-02","Resolved","5"
"CP0000605","C000606","O0000606","2026-04-29","Delivery","High","2026-05-04","Resolved","1"
"CP0000606","C000607","O0000607","2026-04-30","Refund","High","2026-05-06","Resolved","2"
"CP0000607","C000608","O0000608","2026-05-01","Refund","Medium","2026-05-08","Resolved","3"
"CP0000608","C000609","O0000609","2026-05-02","Payment","Low","","Open",""
"CP0000609","C000610","O0000610","2026-05-03","Support","High","2026-05-12","Resolved","5"
"CP0000610","C000611","O0000611","2026-05-04","Payment","Low","2026-05-14","Resolved","1"
"CP0000611","C000612","O0000612","2026-05-05","Payment","Critical","2026-05-16","Resolved","2"
"CP0000612","C000613","O0000613","2026-05-06","Refund","Critical","2026-05-06","Resolved","3"
"CP0000613","C000614","O0000614","2026-05-07","Refund","Low","2026-05-08","Resolved","4"
"CP0000614","C000615","O0000615","2026-05-08","Support","High","2026-05-10","Resolved","5"
"CP0000615","C000616","O0000616","2026-05-09","Support","Critical","2026-05-12","Resolved","1"
"CP0000616","C000617","O0000617","2026-05-10","Delivery","High","","Open",""
"CP0000617","C000618","O0000618","2026-05-11","Product","High","2026-05-16","Resolved","3"
"CP0000618","C000619","O0000619","2026-05-12","Delivery","Medium","2026-05-18","Resolved","4"
"CP0000619","C000620","O0000620","2026-05-13","Support","Medium","2026-05-20","Resolved","5"
"CP0000620","C000621","O0000621","2026-05-14","Payment","Critical","2026-05-22","Resolved","1"
"CP0000621","C000622","O0000622","2026-05-15","Payment","Low","2026-05-24","Resolved","2"
"CP0000622","C000623","O0000623","2026-05-16","Product","Low","2026-05-26","Resolved","3"
"CP0000623","C000624","O0000624","2026-05-17","Product","High","2026-05-28","Resolved","4"
"CP0000624","C000625","O0000625","2026-05-18","Delivery","Critical","","Open",""
"CP0000625","C000626","O0000626","2026-05-19","Delivery","High","2026-05-20","Resolved","1"
"CP0000626","C000627","O0000627","2026-05-20","Product","Medium","2026-05-22","Resolved","2"
"CP0000627","C000628","O0000628","2026-05-21","Refund","Low","2026-05-24","Resolved","3"
"CP0000628","C000629","O0000629","2026-05-22","Refund","High","2026-05-26","Resolved","4"
"CP0000629","C000630","O0000630","2026-05-23","Payment","Medium","2026-05-28","Resolved","5"
"CP0000630","C000631","O0000631","2026-05-24","Refund","Low","2026-05-30","Resolved","1"
"CP0000631","C000632","O0000632","2026-05-25","Refund","Low","2026-06-01","Resolved","2"
"CP0000632","C000633","O0000633","2026-05-26","Support","Low","","Open",""
"CP0000633","C000634","O0000634","2026-05-27","Refund","Low","2026-06-05","Resolved","4"
"CP0000634","C000635","O0000635","2026-05-28","Payment","Medium","2026-06-07","Resolved","5"
"CP0000635","C000636","O0000636","2026-05-29","Delivery","High","2026-06-09","Resolved","1"
"CP0000636","C000637","O0000637","2026-05-30","Support","Critical","2026-05-30","Resolved","2"
"CP0000637","C000638","O0000638","2026-05-31","Payment","Critical","2026-06-01","Resolved","3"
"CP0000638","C000639","O0000639","2026-06-01","Payment","Low","2026-06-03","Resolved","4"
"CP0000639","C000640","O0000640","2026-06-02","Support","High","2026-06-05","Resolved","5"
"CP0000640","C000641","O0000641","2026-06-03","Product","High","","Open",""
"CP0000641","C000642","O0000642","2026-06-04","Support","Critical","2026-06-09","Resolved","2"
"CP0000642","C000643","O0000643","2026-06-05","Support","High","2026-06-11","Resolved","3"
"CP0000643","C000644","O0000644","2026-06-06","Delivery","High","2026-06-13","Resolved","4"
"CP0000644","C000645","O0000645","2026-06-07","Delivery","Medium","2026-06-15","Resolved","5"
"CP0000645","C000646","O0000646","2026-06-08","Refund","Low","2026-06-17","Resolved","1"
"CP0000646","C000647","O0000647","2026-06-09","Delivery","High","2026-06-19","Resolved","2"
"CP0000647","C000648","O0000648","2026-06-10","Support","Medium","2026-06-21","Resolved","3"
"CP0000648","C000649","O0000649","2026-06-11","Product","Critical","","Open",""
"CP0000649","C000650","O0000650","2026-06-12","Payment","Low","2026-06-13","Resolved","5"
"CP0000650","C000651","O0000651","2026-06-13","Support","Low","2026-06-15","Resolved","1"
"CP0000651","C000652","O0000652","2026-06-14","Product","Low","2026-06-17","Resolved","2"
"CP0000652","C000653","O0000653","2026-06-15","Refund","Medium","2026-06-19","Resolved","3"
"CP0000653","C000654","O0000654","2026-06-16","Refund","Critical","2026-06-21","Resolved","4"
"CP0000654","C000655","O0000655","2026-06-17","Support","Low","2026-06-23","Resolved","5"
"CP0000655","C000656","O0000656","2026-06-18","Product","Critical","2026-06-25","Resolved","1"
"CP0000656","C000657","O0000657","2026-06-19","Product","Low","","Open",""
"CP0000657","C000658","O0000658","2026-06-20","Product","Medium","2026-06-29","Resolved","3"
"CP0000658","C000659","O0000659","2026-06-21","Delivery","High","2026-07-01","Resolved","4"
"CP0000659","C000660","O0000660","2026-06-22","Product","Critical","2026-07-03","Resolved","5"
"CP0000660","C000661","O0000661","2026-06-23","Delivery","Medium","2026-06-23","Resolved","1"
"CP0000661","C000662","O0000662","2026-06-24","Delivery","Low","2026-06-25","Resolved","2"
"CP0000662","C000663","O0000663","2026-06-25","Payment","Medium","2026-06-27","Resolved","3"
"CP0000663","C000664","O0000664","2026-06-26","Payment","Critical","2026-06-29","Resolved","4"
"CP0000664","C000665","O0000665","2026-06-27","Support","Medium","","Open",""
"CP0000665","C000666","O0000666","2026-06-28","Payment","Low","2026-07-03","Resolved","1"
"CP0000666","C000667","O0000667","2026-06-29","Delivery","Medium","2026-07-05","Resolved","2"
"CP0000667","C000668","O0000668","2026-06-30","Payment","Medium","2026-07-07","Resolved","3"
"CP0000668","C000669","O0000669","2026-07-01","Product","Critical","2026-07-09","Resolved","4"
"CP0000669","C000670","O0000670","2026-07-02","Delivery","Medium","2026-07-11","Resolved","5"
"CP0000670","C000671","O0000671","2026-07-03","Refund","Critical","2026-07-13","Resolved","1"
"CP0000671","C000672","O0000672","2026-07-04","Support","High","2026-07-15","Resolved","2"
"CP0000672","C000673","O0000673","2026-07-05","Product","Medium","","Open",""
"CP0000673","C000674","O0000674","2026-07-06","Product","Medium","2026-07-07","Resolved","4"
"CP0000674","C000675","O0000675","2026-07-07","Refund","Critical","2026-07-09","Resolved","5"
"CP0000675","C000676","O0000676","2026-07-08","Support","High","2026-07-11","Resolved","1"
"CP0000676","C000677","O0000677","2026-07-09","Support","Critical","2026-07-13","Resolved","2"
"CP0000677","C000678","O0000678","2026-07-10","Product","Low","2026-07-15","Resolved","3"
"CP0000678","C000679","O0000679","2026-07-11","Delivery","Critical","2026-07-17","Resolved","4"
"CP0000679","C000680","O0000680","2026-07-12","Product","Critical","2026-07-19","Resolved","5"
"CP0000680","C000681","O0000681","2026-07-13","Refund","Critical","","Open",""
"CP0000681","C000682","O0000682","2026-07-14","Product","Critical","2026-07-23","Resolved","2"
"CP0000682","C000683","O0000683","2026-07-15","Support","Low","2026-07-25","Resolved","3"
"CP0000683","C000684","O0000684","2026-07-16","Product","High","2026-07-27","Resolved","4"
"CP0000684","C000685","O0000685","2026-07-17","Delivery","Medium","2026-07-17","Resolved","5"
"CP0000685","C000686","O0000686","2026-07-18","Support","Medium","2026-07-19","Resolved","1"
"CP0000686","C000687","O0000687","2026-07-19","Product","Low","2026-07-21","Resolved","2"
"CP0000687","C000688","O0000688","2026-07-20","Product","Critical","2026-07-23","Resolved","3"
"CP0000688","C000689","O0000689","2026-07-21","Delivery","Low","","Open",""
"CP0000689","C000690","O0000690","2026-07-22","Payment","Low","2026-07-27","Resolved","5"
"CP0000690","C000691","O0000691","2026-07-23","Support","Low","2026-07-29","Resolved","1"
"CP0000691","C000692","O0000692","2026-07-24","Support","High","2026-07-31","Resolved","2"
"CP0000692","C000693","O0000693","2026-07-25","Refund","Critical","2026-08-02","Resolved","3"
"CP0000693","C000694","O0000694","2026-07-26","Payment","Medium","2026-08-04","Resolved","4"
"CP0000694","C000695","O0000695","2026-07-27","Product","Critical","2026-08-06","Resolved","5"
"CP0000695","C000696","O0000696","2026-07-28","Support","Medium","2026-08-08","Resolved","1"
"CP0000696","C000697","O0000697","2026-07-29","Refund","Medium","","Open",""
"CP0000697","C000698","O0000698","2026-07-30","Delivery","Medium","2026-07-31","Resolved","3"
"CP0000698","C000699","O0000699","2026-07-31","Delivery","Low","2026-08-02","Resolved","4"
"CP0000699","C000700","O0000700","2026-08-01","Payment","Critical","2026-08-04","Resolved","5"
"CP0000700","C000701","O0000701","2026-08-02","Delivery","Low","2026-08-06","Resolved","1"
"CP0000701","C000702","O0000702","2026-08-03","Support","Critical","2026-08-08","Resolved","2"
"CP0000702","C000703","O0000703","2026-08-04","Refund","Medium","2026-08-10","Resolved","3"
"CP0000703","C000704","O0000704","2026-08-05","Support","High","2026-08-12","Resolved","4"
"CP0000704","C000705","O0000705","2026-08-06","Delivery","High","","Open",""
"CP0000705","C000706","O0000706","2026-08-07","Refund","High","2026-08-16","Resolved","1"
"CP0000706","C000707","O0000707","2026-08-08","Delivery","Low","2026-08-18","Resolved","2"
"CP0000707","C000708","O0000708","2026-08-09","Refund","Low","2026-08-20","Resolved","3"
"CP0000708","C000709","O0000709","2026-08-10","Product","Critical","2026-08-10","Resolved","4"
"CP0000709","C000710","O0000710","2026-08-11","Product","Critical","2026-08-12","Resolved","5"
"CP0000710","C000711","O0000711","2026-08-12","Delivery","Critical","2026-08-14","Resolved","1"
"CP0000711","C000712","O0000712","2026-08-13","Support","High","2026-08-16","Resolved","2"
"CP0000712","C000713","O0000713","2026-08-14","Refund","Medium","","Open",""
"CP0000713","C000714","O0000714","2026-08-15","Support","Critical","2026-08-20","Resolved","4"
"CP0000714","C000715","O0000715","2026-08-16","Product","Low","2026-08-22","Resolved","5"
"CP0000715","C000716","O0000716","2026-08-17","Product","Medium","2026-08-24","Resolved","1"
"CP0000716","C000717","O0000717","2026-08-18","Refund","High","2026-08-26","Resolved","2"
"CP0000717","C000718","O0000718","2026-08-19","Refund","Low","2026-08-28","Resolved","3"
"CP0000718","C000719","O0000719","2026-08-20","Refund","High","2026-08-30","Resolved","4"
"CP0000719","C000720","O0000720","2026-08-21","Payment","High","2026-09-01","Resolved","5"
"CP0000720","C000721","O0000721","2026-08-22","Refund","Critical","","Open",""
"CP0000721","C000722","O0000722","2026-08-23","Support","Critical","2026-08-24","Resolved","2"
"CP0000722","C000723","O0000723","2026-08-24","Refund","Low","2026-08-26","Resolved","3"
"CP0000723","C000724","O0000724","2026-08-25","Refund","High","2026-08-28","Resolved","4"
"CP0000724","C000725","O0000725","2026-08-26","Payment","High","2026-08-30","Resolved","5"
"CP0000725","C000726","O0000726","2026-08-27","Support","Low","2026-09-01","Resolved","1"
"CP0000726","C000727","O0000727","2026-08-28","Product","Critical","2026-09-03","Resolved","2"
"CP0000727","C000728","O0000728","2026-08-29","Support","High","2026-09-05","Resolved","3"
"CP0000728","C000729","O0000729","2026-08-30","Product","Low","","Open",""
"CP0000729","C000730","O0000730","2026-08-31","Product","High","2026-09-09","Resolved","5"
"CP0000730","C000731","O0000731","2025-09-01","Product","Low","2025-09-11","Resolved","1"
"CP0000731","C000732","O0000732","2025-09-02","Product","Low","2025-09-13","Resolved","2"
"CP0000732","C000733","O0000733","2025-09-03","Delivery","Low","2025-09-03","Resolved","3"
"CP0000733","C000734","O0000734","2025-09-04","Refund","Low","2025-09-05","Resolved","4"
"CP0000734","C000735","O0000735","2025-09-05","Delivery","High","2025-09-07","Resolved","5"
"CP0000735","C000736","O0000736","2025-09-06","Payment","Medium","2025-09-09","Resolved","1"
"CP0000736","C000737","O0000737","2025-09-07","Product","Critical","","Open",""
"CP0000737","C000738","O0000738","2025-09-08","Refund","Critical","2025-09-13","Resolved","3"
"CP0000738","C000739","O0000739","2025-09-09","Delivery","High","2025-09-15","Resolved","4"
"CP0000739","C000740","O0000740","2025-09-10","Support","High","2025-09-17","Resolved","5"
"CP0000740","C000741","O0000741","2025-09-11","Delivery","Low","2025-09-19","Resolved","1"
"CP0000741","C000742","O0000742","2025-09-12","Product","Critical","2025-09-21","Resolved","2"
"CP0000742","C000743","O0000743","2025-09-13","Delivery","High","2025-09-23","Resolved","3"
"CP0000743","C000744","O0000744","2025-09-14","Support","Low","2025-09-25","Resolved","4"
"CP0000744","C000745","O0000745","2025-09-15","Payment","Critical","","Open",""
"CP0000745","C000746","O0000746","2025-09-16","Product","Critical","2025-09-17","Resolved","1"
"CP0000746","C000747","O0000747","2025-09-17","Product","Medium","2025-09-19","Resolved","2"
"CP0000747","C000748","O0000748","2025-09-18","Refund","Critical","2025-09-21","Resolved","3"
"CP0000748","C000749","O0000749","2025-09-19","Refund","Medium","2025-09-23","Resolved","4"
"CP0000749","C000750","O0000750","2025-09-20","Product","Medium","2025-09-25","Resolved","5"
"CP0000750","C000751","O0000751","2025-09-21","Support","Critical","2025-09-27","Resolved","1"
"CP0000751","C000752","O0000752","2025-09-22","Payment","High","2025-09-29","Resolved","2"
"CP0000752","C000753","O0000753","2025-09-23","Support","Critical","","Open",""
"CP0000753","C000754","O0000754","2025-09-24","Product","High","2025-10-03","Resolved","4"
"CP0000754","C000755","O0000755","2025-09-25","Payment","Low","2025-10-05","Resolved","5"
"CP0000755","C000756","O0000756","2025-09-26","Payment","High","2025-10-07","Resolved","1"
"CP0000756","C000757","O0000757","2025-09-27","Delivery","High","2025-09-27","Resolved","2"
"CP0000757","C000758","O0000758","2025-09-28","Payment","Medium","2025-09-29","Resolved","3"
"CP0000758","C000759","O0000759","2025-09-29","Refund","Low","2025-10-01","Resolved","4"
"CP0000759","C000760","O0000760","2025-09-30","Support","Critical","2025-10-03","Resolved","5"
"CP0000760","C000761","O0000761","2025-10-01","Payment","Medium","","Open",""
"CP0000761","C000762","O0000762","2025-10-02","Payment","Medium","2025-10-07","Resolved","2"
"CP0000762","C000763","O0000763","2025-10-03","Support","Critical","2025-10-09","Resolved","3"
"CP0000763","C000764","O0000764","2025-10-04","Refund","High","2025-10-11","Resolved","4"
"CP0000764","C000765","O0000765","2025-10-05","Refund","Medium","2025-10-13","Resolved","5"
"CP0000765","C000766","O0000766","2025-10-06","Delivery","Critical","2025-10-15","Resolved","1"
"CP0000766","C000767","O0000767","2025-10-07","Payment","Critical","2025-10-17","Resolved","2"
"CP0000767","C000768","O0000768","2025-10-08","Payment","Critical","2025-10-19","Resolved","3"
"CP0000768","C000769","O0000769","2025-10-09","Refund","Critical","","Open",""
"CP0000769","C000770","O0000770","2025-10-10","Payment","Low","2025-10-11","Resolved","5"
"CP0000770","C000771","O0000771","2025-10-11","Refund","Low","2025-10-13","Resolved","1"
"CP0000771","C000772","O0000772","2025-10-12","Payment","Medium","2025-10-15","Resolved","2"
"CP0000772","C000773","O0000773","2025-10-13","Payment","Low","2025-10-17","Resolved","3"
"CP0000773","C000774","O0000774","2025-10-14","Refund","Critical","2025-10-19","Resolved","4"
"CP0000774","C000775","O0000775","2025-10-15","Delivery","Critical","2025-10-21","Resolved","5"
"CP0000775","C000776","O0000776","2025-10-16","Product","High","2025-10-23","Resolved","1"
"CP0000776","C000777","O0000777","2025-10-17","Payment","Critical","","Open",""
"CP0000777","C000778","O0000778","2025-10-18","Delivery","High","2025-10-27","Resolved","3"
"CP0000778","C000779","O0000779","2025-10-19","Support","Medium","2025-10-29","Resolved","4"
"CP0000779","C000780","O0000780","2025-10-20","Payment","Medium","2025-10-31","Resolved","5"
"CP0000780","C000781","O0000781","2025-10-21","Product","High","2025-10-21","Resolved","1"
"CP0000781","C000782","O0000782","2025-10-22","Refund","Critical","2025-10-23","Resolved","2"
"CP0000782","C000783","O0000783","2025-10-23","Refund","High","2025-10-25","Resolved","3"
"CP0000783","C000784","O0000784","2025-10-24","Payment","Medium","2025-10-27","Resolved","4"
"CP0000784","C000785","O0000785","2025-10-25","Product","Low","","Open",""
"CP0000785","C000786","O0000786","2025-10-26","Delivery","High","2025-10-31","Resolved","1"
"CP0000786","C000787","O0000787","2025-10-27","Delivery","High","2025-11-02","Resolved","2"
"CP0000787","C000788","O0000788","2025-10-28","Refund","High","2025-11-04","Resolved","3"
"CP0000788","C000789","O0000789","2025-10-29","Support","Medium","2025-11-06","Resolved","4"
"CP0000789","C000790","O0000790","2025-10-30","Support","Low","2025-11-08","Resolved","5"
"CP0000790","C000791","O0000791","2025-10-31","Refund","Critical","2025-11-10","Resolved","1"
"CP0000791","C000792","O0000792","2025-11-01","Delivery","Medium","2025-11-12","Resolved","2"
"CP0000792","C000793","O0000793","2025-11-02","Payment","Medium","","Open",""
"CP0000793","C000794","O0000794","2025-11-03","Refund","Low","2025-11-04","Resolved","4"
"CP0000794","C000795","O0000795","2025-11-04","Refund","Critical","2025-11-06","Resolved","5"
"CP0000795","C000796","O0000796","2025-11-05","Delivery","Critical","2025-11-08","Resolved","1"
"CP0000796","C000797","O0000797","2025-11-06","Refund","Low","2025-11-10","Resolved","2"
"CP0000797","C000798","O0000798","2025-11-07","Delivery","High","2025-11-12","Resolved","3"
"CP0000798","C000799","O0000799","2025-11-08","Delivery","Low","2025-11-14","Resolved","4"
"CP0000799","C000800","O0000800","2025-11-09","Delivery","Low","2025-11-16","Resolved","5"
"CP0000800","C000801","O0000801","2025-11-10","Refund","Low","","Open",""
"CP0000801","C000802","O0000802","2025-11-11","Refund","Critical","2025-11-20","Resolved","2"
"CP0000802","C000803","O0000803","2025-11-12","Product","Critical","2025-11-22","Resolved","3"
"CP0000803","C000804","O0000804","2025-11-13","Product","High","2025-11-24","Resolved","4"
"CP0000804","C000805","O0000805","2025-11-14","Support","Critical","2025-11-14","Resolved","5"
"CP0000805","C000806","O0000806","2025-11-15","Support","Critical","2025-11-16","Resolved","1"
"CP0000806","C000807","O0000807","2025-11-16","Payment","High","2025-11-18","Resolved","2"
"CP0000807","C000808","O0000808","2025-11-17","Support","High","2025-11-20","Resolved","3"
"CP0000808","C000809","O0000809","2025-11-18","Payment","Low","","Open",""
"CP0000809","C000810","O0000810","2025-11-19","Product","High","2025-11-24","Resolved","5"
"CP0000810","C000811","O0000811","2025-11-20","Support","Low","2025-11-26","Resolved","1"
"CP0000811","C000812","O0000812","2025-11-21","Delivery","Critical","2025-11-28","Resolved","2"
"CP0000812","C000813","O0000813","2025-11-22","Delivery","High","2025-11-30","Resolved","3"
"CP0000813","C000814","O0000814","2025-11-23","Payment","High","2025-12-02","Resolved","4"
"CP0000814","C000815","O0000815","2025-11-24","Payment","Critical","2025-12-04","Resolved","5"
"CP0000815","C000816","O0000816","2025-11-25","Delivery","Medium","2025-12-06","Resolved","1"
"CP0000816","C000817","O0000817","2025-11-26","Product","High","","Open",""
"CP0000817","C000818","O0000818","2025-11-27","Payment","Critical","2025-11-28","Resolved","3"
"CP0000818","C000819","O0000819","2025-11-28","Refund","Medium","2025-11-30","Resolved","4"
"CP0000819","C000820","O0000820","2025-11-29","Support","High","2025-12-02","Resolved","5"
"CP0000820","C000821","O0000821","2025-11-30","Product","Critical","2025-12-04","Resolved","1"
"CP0000821","C000822","O0000822","2025-12-01","Delivery","High","2025-12-06","Resolved","2"
"CP0000822","C000823","O0000823","2025-12-02","Payment","Medium","2025-12-08","Resolved","3"
"CP0000823","C000824","O0000824","2025-12-03","Product","Critical","2025-12-10","Resolved","4"
"CP0000824","C000825","O0000825","2025-12-04","Refund","Medium","","Open",""
"CP0000825","C000826","O0000826","2025-12-05","Refund","Low","2025-12-14","Resolved","1"
"CP0000826","C000827","O0000827","2025-12-06","Support","Critical","2025-12-16","Resolved","2"
"CP0000827","C000828","O0000828","2025-12-07","Support","Critical","2025-12-18","Resolved","3"
"CP0000828","C000829","O0000829","2025-12-08","Refund","Critical","2025-12-08","Resolved","4"
"CP0000829","C000830","O0000830","2025-12-09","Payment","Low","2025-12-10","Resolved","5"
"CP0000830","C000831","O0000831","2025-12-10","Delivery","Low","2025-12-12","Resolved","1"
"CP0000831","C000832","O0000832","2025-12-11","Product","Low","2025-12-14","Resolved","2"
"CP0000832","C000833","O0000833","2025-12-12","Product","Medium","","Open",""
"CP0000833","C000834","O0000834","2025-12-13","Payment","Critical","2025-12-18","Resolved","4"
"CP0000834","C000835","O0000835","2025-12-14","Payment","Medium","2025-12-20","Resolved","5"
"CP0000835","C000836","O0000836","2025-12-15","Product","Low","2025-12-22","Resolved","1"
"CP0000836","C000837","O0000837","2025-12-16","Refund","Low","2025-12-24","Resolved","2"
"CP0000837","C000838","O0000838","2025-12-17","Support","High","2025-12-26","Resolved","3"
"CP0000838","C000839","O0000839","2025-12-18","Delivery","Medium","2025-12-28","Resolved","4"
"CP0000839","C000840","O0000840","2025-12-19","Delivery","Low","2025-12-30","Resolved","5"
"CP0000840","C000841","O0000841","2025-12-20","Product","Medium","","Open",""
"CP0000841","C000842","O0000842","2025-12-21","Payment","Medium","2025-12-22","Resolved","2"
"CP0000842","C000843","O0000843","2025-12-22","Support","Low","2025-12-24","Resolved","3"
"CP0000843","C000844","O0000844","2025-12-23","Refund","High","2025-12-26","Resolved","4"
"CP0000844","C000845","O0000845","2025-12-24","Refund","High","2025-12-28","Resolved","5"
"CP0000845","C000846","O0000846","2025-12-25","Payment","Medium","2025-12-30","Resolved","1"
"CP0000846","C000847","O0000847","2025-12-26","Support","Low","2026-01-01","Resolved","2"
"CP0000847","C000848","O0000848","2025-12-27","Product","Medium","2026-01-03","Resolved","3"
"CP0000848","C000849","O0000849","2025-12-28","Support","Critical","","Open",""
"CP0000849","C000850","O0000850","2025-12-29","Payment","Medium","2026-01-07","Resolved","5"
"CP0000850","C000851","O0000851","2025-12-30","Product","High","2026-01-09","Resolved","1"
"CP0000851","C000852","O0000852","2025-12-31","Refund","Low","2026-01-11","Resolved","2"
"CP0000852","C000853","O0000853","2026-01-01","Support","Medium","2026-01-01","Resolved","3"
"CP0000853","C000854","O0000854","2026-01-02","Refund","Low","2026-01-03","Resolved","4"
"CP0000854","C000855","O0000855","2026-01-03","Product","Critical","2026-01-05","Resolved","5"
"CP0000855","C000856","O0000856","2026-01-04","Payment","Low","2026-01-07","Resolved","1"
"CP0000856","C000857","O0000857","2026-01-05","Product","Low","","Open",""
"CP0000857","C000858","O0000858","2026-01-06","Refund","Low","2026-01-11","Resolved","3"
"CP0000858","C000859","O0000859","2026-01-07","Payment","Medium","2026-01-13","Resolved","4"
"CP0000859","C000860","O0000860","2026-01-08","Support","High","2026-01-15","Resolved","5"
"CP0000860","C000861","O0000861","2026-01-09","Product","Medium","2026-01-17","Resolved","1"
"CP0000861","C000862","O0000862","2026-01-10","Payment","Critical","2026-01-19","Resolved","2"
"CP0000862","C000863","O0000863","2026-01-11","Delivery","Critical","2026-01-21","Resolved","3"
"CP0000863","C000864","O0000864","2026-01-12","Payment","Medium","2026-01-23","Resolved","4"
"CP0000864","C000865","O0000865","2026-01-13","Refund","High","","Open",""
"CP0000865","C000866","O0000866","2026-01-14","Payment","Critical","2026-01-15","Resolved","1"
"CP0000866","C000867","O0000867","2026-01-15","Product","High","2026-01-17","Resolved","2"
"CP0000867","C000868","O0000868","2026-01-16","Payment","Critical","2026-01-19","Resolved","3"
"CP0000868","C000869","O0000869","2026-01-17","Support","High","2026-01-21","Resolved","4"
"CP0000869","C000870","O0000870","2026-01-18","Product","Low","2026-01-23","Resolved","5"
"CP0000870","C000871","O0000871","2026-01-19","Refund","Critical","2026-01-25","Resolved","1"
"CP0000871","C000872","O0000872","2026-01-20","Payment","High","2026-01-27","Resolved","2"
"CP0000872","C000873","O0000873","2026-01-21","Support","Low","","Open",""
"CP0000873","C000874","O0000874","2026-01-22","Payment","Medium","2026-01-31","Resolved","4"
"CP0000874","C000875","O0000875","2026-01-23","Delivery","Critical","2026-02-02","Resolved","5"
"CP0000875","C000876","O0000876","2026-01-24","Support","Critical","2026-02-04","Resolved","1"
"CP0000876","C000877","O0000877","2026-01-25","Support","High","2026-01-25","Resolved","2"
"CP0000877","C000878","O0000878","2026-01-26","Refund","Low","2026-01-27","Resolved","3"
"CP0000878","C000879","O0000879","2026-01-27","Payment","High","2026-01-29","Resolved","4"
"CP0000879","C000880","O0000880","2026-01-28","Refund","Medium","2026-01-31","Resolved","5"
"CP0000880","C000881","O0000881","2026-01-29","Support","Critical","","Open",""
"CP0000881","C000882","O0000882","2026-01-30","Support","Low","2026-02-04","Resolved","2"
"CP0000882","C000883","O0000883","2026-01-31","Payment","Critical","2026-02-06","Resolved","3"
"CP0000883","C000884","O0000884","2026-02-01","Delivery","Medium","2026-02-08","Resolved","4"
"CP0000884","C000885","O0000885","2026-02-02","Payment","Low","2026-02-10","Resolved","5"
"CP0000885","C000886","O0000886","2026-02-03","Support","High","2026-02-12","Resolved","1"
"CP0000886","C000887","O0000887","2026-02-04","Product","High","2026-02-14","Resolved","2"
"CP0000887","C000888","O0000888","2026-02-05","Payment","Critical","2026-02-16","Resolved","3"
"CP0000888","C000889","O0000889","2026-02-06","Delivery","Low","","Open",""
"CP0000889","C000890","O0000890","2026-02-07","Support","High","2026-02-08","Resolved","5"
"CP0000890","C000891","O0000891","2026-02-08","Support","Low","2026-02-10","Resolved","1"
"CP0000891","C000892","O0000892","2026-02-09","Support","Low","2026-02-12","Resolved","2"
"CP0000892","C000893","O0000893","2026-02-10","Support","Medium","2026-02-14","Resolved","3"
"CP0000893","C000894","O0000894","2026-02-11","Delivery","Critical","2026-02-16","Resolved","4"
"CP0000894","C000895","O0000895","2026-02-12","Delivery","Low","2026-02-18","Resolved","5"
"CP0000895","C000896","O0000896","2026-02-13","Payment","Critical","2026-02-20","Resolved","1"
"CP0000896","C000897","O0000897","2026-02-14","Delivery","Low","","Open",""
"CP0000897","C000898","O0000898","2026-02-15","Refund","Low","2026-02-24","Resolved","3"
"CP0000898","C000899","O0000899","2026-02-16","Refund","Low","2026-02-26","Resolved","4"
"CP0000899","C000900","O0000900","2026-02-17","Payment","Critical","2026-02-28","Resolved","5"
"CP0000900","C000901","O0000901","2026-02-18","Support","High","2026-02-18","Resolved","1"
"CP0000901","C000902","O0000902","2026-02-19","Product","Low","2026-02-20","Resolved","2"
"CP0000902","C000903","O0000903","2026-02-20","Refund","Low","2026-02-22","Resolved","3"
"CP0000903","C000904","O0000904","2026-02-21","Product","Low","2026-02-24","Resolved","4"
"CP0000904","C000905","O0000905","2026-02-22","Support","Critical","","Open",""
"CP0000905","C000906","O0000906","2026-02-23","Support","Critical","2026-02-28","Resolved","1"
"CP0000906","C000907","O0000907","2026-02-24","Payment","Low","2026-03-02","Resolved","2"
"CP0000907","C000908","O0000908","2026-02-25","Support","Low","2026-03-04","Resolved","3"
"CP0000908","C000909","O0000909","2026-02-26","Support","Low","2026-03-06","Resolved","4"
"CP0000909","C000910","O0000910","2026-02-27","Delivery","Low","2026-03-08","Resolved","5"
"CP0000910","C000911","O0000911","2026-02-28","Refund","Critical","2026-03-10","Resolved","1"
"CP0000911","C000912","O0000912","2026-03-01","Product","Low","2026-03-12","Resolved","2"
"CP0000912","C000913","O0000913","2026-03-02","Delivery","Low","","Open",""
"CP0000913","C000914","O0000914","2026-03-03","Refund","High","2026-03-04","Resolved","4"
"CP0000914","C000915","O0000915","2026-03-04","Support","High","2026-03-06","Resolved","5"
"CP0000915","C000916","O0000916","2026-03-05","Support","Medium","2026-03-08","Resolved","1"
"CP0000916","C000917","O0000917","2026-03-06","Payment","Low","2026-03-10","Resolved","2"
"CP0000917","C000918","O0000918","2026-03-07","Support","Critical","2026-03-12","Resolved","3"
"CP0000918","C000919","O0000919","2026-03-08","Support","Medium","2026-03-14","Resolved","4"
"CP0000919","C000920","O0000920","2026-03-09","Support","Critical","2026-03-16","Resolved","5"
"CP0000920","C000921","O0000921","2026-03-10","Payment","Low","","Open",""
"CP0000921","C000922","O0000922","2026-03-11","Support","Low","2026-03-20","Resolved","2"
"CP0000922","C000923","O0000923","2026-03-12","Support","Low","2026-03-22","Resolved","3"
"CP0000923","C000924","O0000924","2026-03-13","Refund","Medium","2026-03-24","Resolved","4"
"CP0000924","C000925","O0000925","2026-03-14","Support","Medium","2026-03-14","Resolved","5"
"CP0000925","C000926","O0000926","2026-03-15","Refund","Critical","2026-03-16","Resolved","1"
"CP0000926","C000927","O0000927","2026-03-16","Delivery","High","2026-03-18","Resolved","2"
"CP0000927","C000928","O0000928","2026-03-17","Delivery","Critical","2026-03-20","Resolved","3"
"CP0000928","C000929","O0000929","2026-03-18","Product","Low","","Open",""
"CP0000929","C000930","O0000930","2026-03-19","Delivery","Medium","2026-03-24","Resolved","5"
"CP0000930","C000931","O0000931","2026-03-20","Payment","High","2026-03-26","Resolved","1"
"CP0000931","C000932","O0000932","2026-03-21","Refund","High","2026-03-28","Resolved","2"
"CP0000932","C000933","O0000933","2026-03-22","Delivery","Low","2026-03-30","Resolved","3"
"CP0000933","C000934","O0000934","2026-03-23","Support","High","2026-04-01","Resolved","4"
"CP0000934","C000935","O0000935","2026-03-24","Payment","Low","2026-04-03","Resolved","5"
"CP0000935","C000936","O0000936","2026-03-25","Payment","High","2026-04-05","Resolved","1"
"CP0000936","C000937","O0000937","2026-03-26","Support","Medium","","Open",""
"CP0000937","C000938","O0000938","2026-03-27","Delivery","Critical","2026-03-28","Resolved","3"
"CP0000938","C000939","O0000939","2026-03-28","Refund","Low","2026-03-30","Resolved","4"
"CP0000939","C000940","O0000940","2026-03-29","Delivery","Critical","2026-04-01","Resolved","5"
"CP0000940","C000941","O0000941","2026-03-30","Support","Medium","2026-04-03","Resolved","1"
"CP0000941","C000942","O0000942","2026-03-31","Refund","Low","2026-04-05","Resolved","2"
"CP0000942","C000943","O0000943","2026-04-01","Refund","Medium","2026-04-07","Resolved","3"
"CP0000943","C000944","O0000944","2026-04-02","Refund","Medium","2026-04-09","Resolved","4"
"CP0000944","C000945","O0000945","2026-04-03","Support","Medium","","Open",""
"CP0000945","C000946","O0000946","2026-04-04","Delivery","Low","2026-04-13","Resolved","1"
"CP0000946","C000947","O0000947","2026-04-05","Support","Critical","2026-04-15","Resolved","2"
"CP0000947","C000948","O0000948","2026-04-06","Product","High","2026-04-17","Resolved","3"
"CP0000948","C000949","O0000949","2026-04-07","Payment","Medium","2026-04-07","Resolved","4"
"CP0000949","C000950","O0000950","2026-04-08","Delivery","Medium","2026-04-09","Resolved","5"
"CP0000950","C000951","O0000951","2026-04-09","Refund","High","2026-04-11","Resolved","1"
"CP0000951","C000952","O0000952","2026-04-10","Delivery","Low","2026-04-13","Resolved","2"
"CP0000952","C000953","O0000953","2026-04-11","Support","Critical","","Open",""
"CP0000953","C000954","O0000954","2026-04-12","Payment","Critical","2026-04-17","Resolved","4"
"CP0000954","C000955","O0000955","2026-04-13","Payment","Medium","2026-04-19","Resolved","5"
"CP0000955","C000956","O0000956","2026-04-14","Delivery","Low","2026-04-21","Resolved","1"
"CP0000956","C000957","O0000957","2026-04-15","Support","High","2026-04-23","Resolved","2"
"CP0000957","C000958","O0000958","2026-04-16","Support","High","2026-04-25","Resolved","3"
"CP0000958","C000959","O0000959","2026-04-17","Support","Critical","2026-04-27","Resolved","4"
"CP0000959","C000960","O0000960","2026-04-18","Product","High","2026-04-29","Resolved","5"
"CP0000960","C000961","O0000961","2026-04-19","Product","Low","","Open",""
"CP0000961","C000962","O0000962","2026-04-20","Payment","Critical","2026-04-21","Resolved","2"
"CP0000962","C000963","O0000963","2026-04-21","Product","Medium","2026-04-23","Resolved","3"
"CP0000963","C000964","O0000964","2026-04-22","Payment","Critical","2026-04-25","Resolved","4"
"CP0000964","C000965","O0000965","2026-04-23","Delivery","Low","2026-04-27","Resolved","5"
"CP0000965","C000966","O0000966","2026-04-24","Support","Critical","2026-04-29","Resolved","1"
"CP0000966","C000967","O0000967","2026-04-25","Refund","Medium","2026-05-01","Resolved","2"
"CP0000967","C000968","O0000968","2026-04-26","Refund","Low","2026-05-03","Resolved","3"
"CP0000968","C000969","O0000969","2026-04-27","Support","Low","","Open",""
"CP0000969","C000970","O0000970","2026-04-28","Payment","Medium","2026-05-07","Resolved","5"
"CP0000970","C000971","O0000971","2026-04-29","Delivery","Critical","2026-05-09","Resolved","1"
"CP0000971","C000972","O0000972","2026-04-30","Refund","Medium","2026-05-11","Resolved","2"
"CP0000972","C000973","O0000973","2026-05-01","Payment","Critical","2026-05-01","Resolved","3"
"CP0000973","C000974","O0000974","2026-05-02","Support","Critical","2026-05-03","Resolved","4"
"CP0000974","C000975","O0000975","2026-05-03","Product","Low","2026-05-05","Resolved","5"
"CP0000975","C000976","O0000976","2026-05-04","Support","Low","2026-05-07","Resolved","1"
"CP0000976","C000977","O0000977","2026-05-05","Support","Critical","","Open",""
"CP0000977","C000978","O0000978","2026-05-06","Product","Critical","2026-05-11","Resolved","3"
"CP0000978","C000979","O0000979","2026-05-07","Product","High","2026-05-13","Resolved","4"
"CP0000979","C000980","O0000980","2026-05-08","Refund","Low","2026-05-15","Resolved","5"
"CP0000980","C000981","O0000981","2026-05-09","Support","High","2026-05-17","Resolved","1"
"CP0000981","C000982","O0000982","2026-05-10","Refund","Low","2026-05-19","Resolved","2"
"CP0000982","C000983","O0000983","2026-05-11","Product","Medium","2026-05-21","Resolved","3"
"CP0000983","C000984","O0000984","2026-05-12","Product","Medium","2026-05-23","Resolved","4"
"CP0000984","C000985","O0000985","2026-05-13","Delivery","Medium","","Open",""
"CP0000985","C000986","O0000986","2026-05-14","Product","High","2026-05-15","Resolved","1"
"CP0000986","C000987","O0000987","2026-05-15","Payment","High","2026-05-17","Resolved","2"
"CP0000987","C000988","O0000988","2026-05-16","Delivery","Medium","2026-05-19","Resolved","3"
"CP0000988","C000989","O0000989","2026-05-17","Support","Critical","2026-05-21","Resolved","4"
"CP0000989","C000990","O0000990","2026-05-18","Product","High","2026-05-23","Resolved","5"
"CP0000990","C000991","O0000991","2026-05-19","Support","High","2026-05-25","Resolved","1"
"CP0000991","C000992","O0000992","2026-05-20","Payment","Low","2026-05-27","Resolved","2"
"CP0000992","C000993","O0000993","2026-05-21","Delivery","High","","Open",""
"CP0000993","C000994","O0000994","2026-05-22","Delivery","High","2026-05-31","Resolved","4"
"CP0000994","C000995","O0000995","2026-05-23","Product","Medium","2026-06-02","Resolved","5"
"CP0000995","C000996","O0000996","2026-05-24","Refund","Low","2026-06-04","Resolved","1"
"CP0000996","C000997","O0000997","2026-05-25","Payment","Low","2026-05-25","Resolved","2"
"CP0000997","C000998","O0000998","2026-05-26","Product","Critical","2026-05-27","Resolved","3"
"CP0000998","C000999","O0000999","2026-05-27","Support","Medium","2026-05-29","Resolved","4"
"CP0000999","C001000","O0001000","2026-05-28","Delivery","Critical","2026-05-31","Resolved","5"
"CP0001000","C001001","O0001001","2026-05-29","Product","Medium","","Open",""
"CP0001001","C001002","O0001002","2026-05-30","Support","Medium","2026-06-04","Resolved","2"
"CP0001002","C001003","O0001003","2026-05-31","Payment","High","2026-06-06","Resolved","3"
"CP0001003","C001004","O0001004","2026-06-01","Delivery","Medium","2026-06-08","Resolved","4"
"CP0001004","C001005","O0001005","2026-06-02","Delivery","Medium","2026-06-10","Resolved","5"
"CP0001005","C001006","O0001006","2026-06-03","Payment","Medium","2026-06-12","Resolved","1"
"CP0001006","C001007","O0001007","2026-06-04","Support","Medium","2026-06-14","Resolved","2"
"CP0001007","C001008","O0001008","2026-06-05","Payment","Low","2026-06-16","Resolved","3"
"CP0001008","C001009","O0001009","2026-06-06","Delivery","Low","","Open",""
"CP0001009","C001010","O0001010","2026-06-07","Product","High","2026-06-08","Resolved","5"
"CP0001010","C001011","O0001011","2026-06-08","Product","Medium","2026-06-10","Resolved","1"
"CP0001011","C001012","O0001012","2026-06-09","Refund","High","2026-06-12","Resolved","2"
"CP0001012","C001013","O0001013","2026-06-10","Delivery","Critical","2026-06-14","Resolved","3"
"CP0001013","C001014","O0001014","2026-06-11","Payment","Medium","2026-06-16","Resolved","4"
"CP0001014","C001015","O0001015","2026-06-12","Delivery","Medium","2026-06-18","Resolved","5"
"CP0001015","C001016","O0001016","2026-06-13","Delivery","Medium","2026-06-20","Resolved","1"
"CP0001016","C001017","O0001017","2026-06-14","Support","Low","","Open",""
"CP0001017","C001018","O0001018","2026-06-15","Payment","Low","2026-06-24","Resolved","3"
"CP0001018","C001019","O0001019","2026-06-16","Support","Medium","2026-06-26","Resolved","4"
"CP0001019","C001020","O0001020","2026-06-17","Delivery","Medium","2026-06-28","Resolved","5"
"CP0001020","C001021","O0001021","2026-06-18","Delivery","High","2026-06-18","Resolved","1"
"CP0001021","C001022","O0001022","2026-06-19","Delivery","High","2026-06-20","Resolved","2"
"CP0001022","C001023","O0001023","2026-06-20","Product","Critical","2026-06-22","Resolved","3"
"CP0001023","C001024","O0001024","2026-06-21","Refund","Medium","2026-06-24","Resolved","4"
"CP0001024","C001025","O0001025","2026-06-22","Payment","Medium","","Open",""
"CP0001025","C001026","O0001026","2026-06-23","Product","Low","2026-06-28","Resolved","1"
"CP0001026","C001027","O0001027","2026-06-24","Refund","Low","2026-06-30","Resolved","2"
"CP0001027","C001028","O0001028","2026-06-25","Support","Critical","2026-07-02","Resolved","3"
"CP0001028","C001029","O0001029","2026-06-26","Refund","Medium","2026-07-04","Resolved","4"
"CP0001029","C001030","O0001030","2026-06-27","Payment","Critical","2026-07-06","Resolved","5"
"CP0001030","C001031","O0001031","2026-06-28","Payment","Medium","2026-07-08","Resolved","1"
"CP0001031","C001032","O0001032","2026-06-29","Product","Critical","2026-07-10","Resolved","2"
"CP0001032","C001033","O0001033","2026-06-30","Support","High","","Open",""
"CP0001033","C001034","O0001034","2026-07-01","Support","Critical","2026-07-02","Resolved","4"
"CP0001034","C001035","O0001035","2026-07-02","Support","Medium","2026-07-04","Resolved","5"
"CP0001035","C001036","O0001036","2026-07-03","Support","Critical","2026-07-06","Resolved","1"
"CP0001036","C001037","O0001037","2026-07-04","Product","Medium","2026-07-08","Resolved","2"
"CP0001037","C001038","O0001038","2026-07-05","Product","Medium","2026-07-10","Resolved","3"
"CP0001038","C001039","O0001039","2026-07-06","Support","Low","2026-07-12","Resolved","4"
"CP0001039","C001040","O0001040","2026-07-07","Delivery","High","2026-07-14","Resolved","5"
"CP0001040","C001041","O0001041","2026-07-08","Payment","Low","","Open",""
"CP0001041","C001042","O0001042","2026-07-09","Support","High","2026-07-18","Resolved","2"
"CP0001042","C001043","O0001043","2026-07-10","Delivery","Medium","2026-07-20","Resolved","3"
"CP0001043","C001044","O0001044","2026-07-11","Delivery","High","2026-07-22","Resolved","4"
"CP0001044","C001045","O0001045","2026-07-12","Support","High","2026-07-12","Resolved","5"
"CP0001045","C001046","O0001046","2026-07-13","Payment","High","2026-07-14","Resolved","1"
"CP0001046","C001047","O0001047","2026-07-14","Delivery","High","2026-07-16","Resolved","2"
"CP0001047","C001048","O0001048","2026-07-15","Refund","High","2026-07-18","Resolved","3"
"CP0001048","C001049","O0001049","2026-07-16","Payment","Critical","","Open",""
"CP0001049","C001050","O0001050","2026-07-17","Refund","High","2026-07-22","Resolved","5"
"CP0001050","C001051","O0001051","2026-07-18","Support","Critical","2026-07-24","Resolved","1"
"CP0001051","C001052","O0001052","2026-07-19","Support","Low","2026-07-26","Resolved","2"
"CP0001052","C001053","O0001053","2026-07-20","Support","Low","2026-07-28","Resolved","3"
"CP0001053","C001054","O0001054","2026-07-21","Refund","Critical","2026-07-30","Resolved","4"
"CP0001054","C001055","O0001055","2026-07-22","Refund","Medium","2026-08-01","Resolved","5"
"CP0001055","C001056","O0001056","2026-07-23","Payment","Medium","2026-08-03","Resolved","1"
"CP0001056","C001057","O0001057","2026-07-24","Refund","Critical","","Open",""
"CP0001057","C001058","O0001058","2026-07-25","Payment","High","2026-07-26","Resolved","3"
"CP0001058","C001059","O0001059","2026-07-26","Product","High","2026-07-28","Resolved","4"
"CP0001059","C001060","O0001060","2026-07-27","Delivery","Medium","2026-07-30","Resolved","5"
"CP0001060","C001061","O0001061","2026-07-28","Delivery","Medium","2026-08-01","Resolved","1"
"CP0001061","C001062","O0001062","2026-07-29","Support","High","2026-08-03","Resolved","2"
"CP0001062","C001063","O0001063","2026-07-30","Payment","Medium","2026-08-05","Resolved","3"
"CP0001063","C001064","O0001064","2026-07-31","Delivery","Critical","2026-08-07","Resolved","4"
"CP0001064","C001065","O0001065","2026-08-01","Support","Medium","","Open",""
"CP0001065","C001066","O0001066","2026-08-02","Delivery","Low","2026-08-11","Resolved","1"
"CP0001066","C001067","O0001067","2026-08-03","Delivery","High","2026-08-13","Resolved","2"
"CP0001067","C001068","O0001068","2026-08-04","Payment","Low","2026-08-15","Resolved","3"
"CP0001068","C001069","O0001069","2026-08-05","Delivery","High","2026-08-05","Resolved","4"
"CP0001069","C001070","O0001070","2026-08-06","Product","High","2026-08-07","Resolved","5"
"CP0001070","C001071","O0001071","2026-08-07","Refund","Medium","2026-08-09","Resolved","1"
"CP0001071","C001072","O0001072","2026-08-08","Support","High","2026-08-11","Resolved","2"
"CP0001072","C001073","O0001073","2026-08-09","Refund","Critical","","Open",""
"CP0001073","C001074","O0001074","2026-08-10","Delivery","High","2026-08-15","Resolved","4"
"CP0001074","C001075","O0001075","2026-08-11","Support","Medium","2026-08-17","Resolved","5"
"CP0001075","C001076","O0001076","2026-08-12","Delivery","High","2026-08-19","Resolved","1"
"CP0001076","C001077","O0001077","2026-08-13","Product","Critical","2026-08-21","Resolved","2"
"CP0001077","C001078","O0001078","2026-08-14","Product","Medium","2026-08-23","Resolved","3"
"CP0001078","C001079","O0001079","2026-08-15","Payment","Low","2026-08-25","Resolved","4"
"CP0001079","C001080","O0001080","2026-08-16","Support","High","2026-08-27","Resolved","5"
"CP0001080","C001081","O0001081","2026-08-17","Refund","Medium","","Open",""
"CP0001081","C001082","O0001082","2026-08-18","Delivery","Low","2026-08-19","Resolved","2"
"CP0001082","C001083","O0001083","2026-08-19","Refund","Critical","2026-08-21","Resolved","3"
"CP0001083","C001084","O0001084","2026-08-20","Delivery","Critical","2026-08-23","Resolved","4"
"CP0001084","C001085","O0001085","2026-08-21","Support","Critical","2026-08-25","Resolved","5"
"CP0001085","C001086","O0001086","2026-08-22","Product","Critical","2026-08-27","Resolved","1"
"CP0001086","C001087","O0001087","2026-08-23","Payment","Medium","2026-08-29","Resolved","2"
"CP0001087","C001088","O0001088","2026-08-24","Payment","Low","2026-08-31","Resolved","3"
"CP0001088","C001089","O0001089","2026-08-25","Delivery","Critical","","Open",""
"CP0001089","C001090","O0001090","2026-08-26","Payment","High","2026-09-04","Resolved","5"
"CP0001090","C001091","O0001091","2026-08-27","Refund","Critical","2026-09-06","Resolved","1"
"CP0001091","C001092","O0001092","2026-08-28","Delivery","Medium","2026-09-08","Resolved","2"
"CP0001092","C001093","O0001093","2026-08-29","Payment","Medium","2026-08-29","Resolved","3"
"CP0001093","C001094","O0001094","2026-08-30","Payment","Critical","2026-08-31","Resolved","4"
"CP0001094","C001095","O0001095","2026-08-31","Payment","High","2026-09-02","Resolved","5"
"CP0001095","C001096","O0001096","2025-09-01","Refund","High","2025-09-04","Resolved","1"
"CP0001096","C001097","O0001097","2025-09-02","Product","Critical","","Open",""
"CP0001097","C001098","O0001098","2025-09-03","Support","Medium","2025-09-08","Resolved","3"
"CP0001098","C001099","O0001099","2025-09-04","Refund","High","2025-09-10","Resolved","4"
"CP0001099","C001100","O0001100","2025-09-05","Payment","High","2025-09-12","Resolved","5"
"CP0001100","C001101","O0001101","2025-09-06","Payment","Low","2025-09-14","Resolved","1"
"CP0001101","C001102","O0001102","2025-09-07","Delivery","High","2025-09-16","Resolved","2"
"CP0001102","C001103","O0001103","2025-09-08","Refund","Low","2025-09-18","Resolved","3"
"CP0001103","C001104","O0001104","2025-09-09","Refund","Medium","2025-09-20","Resolved","4"
"CP0001104","C001105","O0001105","2025-09-10","Payment","High","","Open",""
"CP0001105","C001106","O0001106","2025-09-11","Payment","High","2025-09-12","Resolved","1"
"CP0001106","C001107","O0001107","2025-09-12","Refund","High","2025-09-14","Resolved","2"
"CP0001107","C001108","O0001108","2025-09-13","Product","Medium","2025-09-16","Resolved","3"
"CP0001108","C001109","O0001109","2025-09-14","Product","High","2025-09-18","Resolved","4"
"CP0001109","C001110","O0001110","2025-09-15","Product","Low","2025-09-20","Resolved","5"
"CP0001110","C001111","O0001111","2025-09-16","Payment","Low","2025-09-22","Resolved","1"
"CP0001111","C001112","O0001112","2025-09-17","Product","High","2025-09-24","Resolved","2"
"CP0001112","C001113","O0001113","2025-09-18","Refund","Critical","","Open",""
"CP0001113","C001114","O0001114","2025-09-19","Refund","Critical","2025-09-28","Resolved","4"
"CP0001114","C001115","O0001115","2025-09-20","Delivery","Critical","2025-09-30","Resolved","5"
"CP0001115","C001116","O0001116","2025-09-21","Product","Low","2025-10-02","Resolved","1"
"CP0001116","C001117","O0001117","2025-09-22","Product","High","2025-09-22","Resolved","2"
"CP0001117","C001118","O0001118","2025-09-23","Delivery","Medium","2025-09-24","Resolved","3"
"CP0001118","C001119","O0001119","2025-09-24","Support","High","2025-09-26","Resolved","4"
"CP0001119","C001120","O0001120","2025-09-25","Product","High","2025-09-28","Resolved","5"
"CP0001120","C001121","O0001121","2025-09-26","Product","Medium","","Open",""
"CP0001121","C001122","O0001122","2025-09-27","Product","High","2025-10-02","Resolved","2"
"CP0001122","C001123","O0001123","2025-09-28","Delivery","Critical","2025-10-04","Resolved","3"
"CP0001123","C001124","O0001124","2025-09-29","Delivery","High","2025-10-06","Resolved","4"
"CP0001124","C001125","O0001125","2025-09-30","Product","High","2025-10-08","Resolved","5"
"CP0001125","C001126","O0001126","2025-10-01","Refund","High","2025-10-10","Resolved","1"
"CP0001126","C001127","O0001127","2025-10-02","Delivery","Critical","2025-10-12","Resolved","2"
"CP0001127","C001128","O0001128","2025-10-03","Payment","Critical","2025-10-14","Resolved","3"
"CP0001128","C001129","O0001129","2025-10-04","Refund","Low","","Open",""
"CP0001129","C001130","O0001130","2025-10-05","Support","High","2025-10-06","Resolved","5"
"CP0001130","C001131","O0001131","2025-10-06","Payment","Low","2025-10-08","Resolved","1"
"CP0001131","C001132","O0001132","2025-10-07","Product","Critical","2025-10-10","Resolved","2"
"CP0001132","C001133","O0001133","2025-10-08","Support","Medium","2025-10-12","Resolved","3"
"CP0001133","C001134","O0001134","2025-10-09","Payment","Medium","2025-10-14","Resolved","4"
"CP0001134","C001135","O0001135","2025-10-10","Support","Critical","2025-10-16","Resolved","5"
"CP0001135","C001136","O0001136","2025-10-11","Delivery","Low","2025-10-18","Resolved","1"
"CP0001136","C001137","O0001137","2025-10-12","Product","Low","","Open",""
"CP0001137","C001138","O0001138","2025-10-13","Delivery","Low","2025-10-22","Resolved","3"
"CP0001138","C001139","O0001139","2025-10-14","Payment","Low","2025-10-24","Resolved","4"
"CP0001139","C001140","O0001140","2025-10-15","Product","Critical","2025-10-26","Resolved","5"
"CP0001140","C001141","O0001141","2025-10-16","Support","Critical","2025-10-16","Resolved","1"
"CP0001141","C001142","O0001142","2025-10-17","Payment","High","2025-10-18","Resolved","2"
"CP0001142","C001143","O0001143","2025-10-18","Delivery","High","2025-10-20","Resolved","3"
"CP0001143","C001144","O0001144","2025-10-19","Refund","High","2025-10-22","Resolved","4"
"CP0001144","C001145","O0001145","2025-10-20","Refund","Medium","","Open",""
"CP0001145","C001146","O0001146","2025-10-21","Support","Low","2025-10-26","Resolved","1"
"CP0001146","C001147","O0001147","2025-10-22","Payment","Critical","2025-10-28","Resolved","2"
"CP0001147","C001148","O0001148","2025-10-23","Payment","Critical","2025-10-30","Resolved","3"
"CP0001148","C001149","O0001149","2025-10-24","Delivery","Low","2025-11-01","Resolved","4"
"CP0001149","C001150","O0001150","2025-10-25","Payment","Critical","2025-11-03","Resolved","5"
"CP0001150","C001151","O0001151","2025-10-26","Support","Critical","2025-11-05","Resolved","1"
"CP0001151","C001152","O0001152","2025-10-27","Delivery","Medium","2025-11-07","Resolved","2"
"CP0001152","C001153","O0001153","2025-10-28","Payment","Medium","","Open",""
"CP0001153","C001154","O0001154","2025-10-29","Product","Low","2025-10-30","Resolved","4"
"CP0001154","C001155","O0001155","2025-10-30","Support","Medium","2025-11-01","Resolved","5"
"CP0001155","C001156","O0001156","2025-10-31","Product","Medium","2025-11-03","Resolved","1"
"CP0001156","C001157","O0001157","2025-11-01","Support","High","2025-11-05","Resolved","2"
"CP0001157","C001158","O0001158","2025-11-02","Delivery","High","2025-11-07","Resolved","3"
"CP0001158","C001159","O0001159","2025-11-03","Support","Medium","2025-11-09","Resolved","4"
"CP0001159","C001160","O0001160","2025-11-04","Product","High","2025-11-11","Resolved","5"
"CP0001160","C001161","O0001161","2025-11-05","Product","Low","","Open",""
"CP0001161","C001162","O0001162","2025-11-06","Support","Critical","2025-11-15","Resolved","2"
"CP0001162","C001163","O0001163","2025-11-07","Delivery","High","2025-11-17","Resolved","3"
"CP0001163","C001164","O0001164","2025-11-08","Product","Critical","2025-11-19","Resolved","4"
"CP0001164","C001165","O0001165","2025-11-09","Support","High","2025-11-09","Resolved","5"
"CP0001165","C001166","O0001166","2025-11-10","Support","Low","2025-11-11","Resolved","1"
"CP0001166","C001167","O0001167","2025-11-11","Delivery","High","2025-11-13","Resolved","2"
"CP0001167","C001168","O0001168","2025-11-12","Refund","Medium","2025-11-15","Resolved","3"
"CP0001168","C001169","O0001169","2025-11-13","Product","Critical","","Open",""
"CP0001169","C001170","O0001170","2025-11-14","Refund","Critical","2025-11-19","Resolved","5"
"CP0001170","C001171","O0001171","2025-11-15","Delivery","Low","2025-11-21","Resolved","1"
"CP0001171","C001172","O0001172","2025-11-16","Payment","Medium","2025-11-23","Resolved","2"
"CP0001172","C001173","O0001173","2025-11-17","Payment","High","2025-11-25","Resolved","3"
"CP0001173","C001174","O0001174","2025-11-18","Support","High","2025-11-27","Resolved","4"
"CP0001174","C001175","O0001175","2025-11-19","Support","Medium","2025-11-29","Resolved","5"
"CP0001175","C001176","O0001176","2025-11-20","Delivery","Low","2025-12-01","Resolved","1"
"CP0001176","C001177","O0001177","2025-11-21","Product","Critical","","Open",""
"CP0001177","C001178","O0001178","2025-11-22","Payment","Medium","2025-11-23","Resolved","3"
"CP0001178","C001179","O0001179","2025-11-23","Refund","Critical","2025-11-25","Resolved","4"
"CP0001179","C001180","O0001180","2025-11-24","Refund","Low","2025-11-27","Resolved","5"
"CP0001180","C001181","O0001181","2025-11-25","Delivery","High","2025-11-29","Resolved","1"
"CP0001181","C001182","O0001182","2025-11-26","Product","Low","2025-12-01","Resolved","2"
"CP0001182","C001183","O0001183","2025-11-27","Refund","Critical","2025-12-03","Resolved","3"
"CP0001183","C001184","O0001184","2025-11-28","Payment","High","2025-12-05","Resolved","4"
"CP0001184","C001185","O0001185","2025-11-29","Delivery","Medium","","Open",""
"CP0001185","C001186","O0001186","2025-11-30","Refund","Low","2025-12-09","Resolved","1"
"CP0001186","C001187","O0001187","2025-12-01","Support","Low","2025-12-11","Resolved","2"
"CP0001187","C001188","O0001188","2025-12-02","Delivery","Critical","2025-12-13","Resolved","3"
"CP0001188","C001189","O0001189","2025-12-03","Support","Medium","2025-12-03","Resolved","4"
"CP0001189","C001190","O0001190","2025-12-04","Product","Low","2025-12-05","Resolved","5"
"CP0001190","C001191","O0001191","2025-12-05","Payment","Critical","2025-12-07","Resolved","1"
"CP0001191","C001192","O0001192","2025-12-06","Product","High","2025-12-09","Resolved","2"
"CP0001192","C001193","O0001193","2025-12-07","Refund","Critical","","Open",""
"CP0001193","C001194","O0001194","2025-12-08","Payment","Medium","2025-12-13","Resolved","4"
"CP0001194","C001195","O0001195","2025-12-09","Refund","High","2025-12-15","Resolved","5"
"CP0001195","C001196","O0001196","2025-12-10","Payment","Low","2025-12-17","Resolved","1"
"CP0001196","C001197","O0001197","2025-12-11","Refund","Low","2025-12-19","Resolved","2"
"CP0001197","C001198","O0001198","2025-12-12","Delivery","Low","2025-12-21","Resolved","3"
"CP0001198","C001199","O0001199","2025-12-13","Delivery","Medium","2025-12-23","Resolved","4"
"CP0001199","C001200","O0001200","2025-12-14","Payment","Low","2025-12-25","Resolved","5"
"CP0001200","C001201","O0001201","2025-12-15","Delivery","Low","","Open",""
"CP0001201","C001202","O0001202","2025-12-16","Product","Medium","2025-12-17","Resolved","2"
"CP0001202","C001203","O0001203","2025-12-17","Refund","High","2025-12-19","Resolved","3"
"CP0001203","C001204","O0001204","2025-12-18","Refund","Medium","2025-12-21","Resolved","4"
"CP0001204","C001205","O0001205","2025-12-19","Support","Medium","2025-12-23","Resolved","5"
"CP0001205","C001206","O0001206","2025-12-20","Delivery","High","2025-12-25","Resolved","1"
"CP0001206","C001207","O0001207","2025-12-21","Product","Low","2025-12-27","Resolved","2"
"CP0001207","C001208","O0001208","2025-12-22","Payment","High","2025-12-29","Resolved","3"
"CP0001208","C001209","O0001209","2025-12-23","Product","Low","","Open",""
"CP0001209","C001210","O0001210","2025-12-24","Refund","Low","2026-01-02","Resolved","5"
"CP0001210","C001211","O0001211","2025-12-25","Support","High","2026-01-04","Resolved","1"
"CP0001211","C001212","O0001212","2025-12-26","Payment","Medium","2026-01-06","Resolved","2"
"CP0001212","C001213","O0001213","2025-12-27","Support","Critical","2025-12-27","Resolved","3"
"CP0001213","C001214","O0001214","2025-12-28","Payment","Critical","2025-12-29","Resolved","4"
"CP0001214","C001215","O0001215","2025-12-29","Product","Medium","2025-12-31","Resolved","5"
"CP0001215","C001216","O0001216","2025-12-30","Refund","High","2026-01-02","Resolved","1"
"CP0001216","C001217","O0001217","2025-12-31","Support","Medium","","Open",""
"CP0001217","C001218","O0001218","2026-01-01","Product","Low","2026-01-06","Resolved","3"
"CP0001218","C001219","O0001219","2026-01-02","Refund","Critical","2026-01-08","Resolved","4"
"CP0001219","C001220","O0001220","2026-01-03","Payment","Low","2026-01-10","Resolved","5"
"CP0001220","C001221","O0001221","2026-01-04","Support","Critical","2026-01-12","Resolved","1"
"CP0001221","C001222","O0001222","2026-01-05","Payment","Low","2026-01-14","Resolved","2"
"CP0001222","C001223","O0001223","2026-01-06","Support","Low","2026-01-16","Resolved","3"
"CP0001223","C001224","O0001224","2026-01-07","Refund","Low","2026-01-18","Resolved","4"
"CP0001224","C001225","O0001225","2026-01-08","Support","Low","","Open",""
"CP0001225","C001226","O0001226","2026-01-09","Refund","High","2026-01-10","Resolved","1"
"CP0001226","C001227","O0001227","2026-01-10","Product","Low","2026-01-12","Resolved","2"
"CP0001227","C001228","O0001228","2026-01-11","Refund","Critical","2026-01-14","Resolved","3"
"CP0001228","C001229","O0001229","2026-01-12","Payment","Critical","2026-01-16","Resolved","4"
"CP0001229","C001230","O0001230","2026-01-13","Delivery","Critical","2026-01-18","Resolved","5"
"CP0001230","C001231","O0001231","2026-01-14","Payment","Low","2026-01-20","Resolved","1"
"CP0001231","C001232","O0001232","2026-01-15","Support","Medium","2026-01-22","Resolved","2"
"CP0001232","C001233","O0001233","2026-01-16","Refund","Low","","Open",""
"CP0001233","C001234","O0001234","2026-01-17","Support","High","2026-01-26","Resolved","4"
"CP0001234","C001235","O0001235","2026-01-18","Product","Critical","2026-01-28","Resolved","5"
"CP0001235","C001236","O0001236","2026-01-19","Payment","Critical","2026-01-30","Resolved","1"
"CP0001236","C001237","O0001237","2026-01-20","Support","Low","2026-01-20","Resolved","2"
"CP0001237","C001238","O0001238","2026-01-21","Support","Critical","2026-01-22","Resolved","3"
"CP0001238","C001239","O0001239","2026-01-22","Product","Critical","2026-01-24","Resolved","4"
"CP0001239","C001240","O0001240","2026-01-23","Payment","Medium","2026-01-26","Resolved","5"
"CP0001240","C001241","O0001241","2026-01-24","Delivery","Medium","","Open",""
"CP0001241","C001242","O0001242","2026-01-25","Product","High","2026-01-30","Resolved","2"
"CP0001242","C001243","O0001243","2026-01-26","Product","Critical","2026-02-01","Resolved","3"
"CP0001243","C001244","O0001244","2026-01-27","Payment","High","2026-02-03","Resolved","4"
"CP0001244","C001245","O0001245","2026-01-28","Delivery","Critical","2026-02-05","Resolved","5"
"CP0001245","C001246","O0001246","2026-01-29","Refund","Critical","2026-02-07","Resolved","1"
"CP0001246","C001247","O0001247","2026-01-30","Delivery","Medium","2026-02-09","Resolved","2"
"CP0001247","C001248","O0001248","2026-01-31","Refund","Medium","2026-02-11","Resolved","3"
"CP0001248","C001249","O0001249","2026-02-01","Support","High","","Open",""
"CP0001249","C001250","O0001250","2026-02-02","Support","Critical","2026-02-03","Resolved","5"
"CP0001250","C001251","O0001251","2026-02-03","Support","Medium","2026-02-05","Resolved","1"
"CP0001251","C001252","O0001252","2026-02-04","Refund","High","2026-02-07","Resolved","2"
"CP0001252","C001253","O0001253","2026-02-05","Support","Medium","2026-02-09","Resolved","3"
"CP0001253","C001254","O0001254","2026-02-06","Payment","Medium","2026-02-11","Resolved","4"
"CP0001254","C001255","O0001255","2026-02-07","Refund","Medium","2026-02-13","Resolved","5"
"CP0001255","C001256","O0001256","2026-02-08","Support","Medium","2026-02-15","Resolved","1"
"CP0001256","C001257","O0001257","2026-02-09","Payment","Medium","","Open",""
"CP0001257","C001258","O0001258","2026-02-10","Support","Medium","2026-02-19","Resolved","3"
"CP0001258","C001259","O0001259","2026-02-11","Delivery","High","2026-02-21","Resolved","4"
"CP0001259","C001260","O0001260","2026-02-12","Support","High","2026-02-23","Resolved","5"
"CP0001260","C001261","O0001261","2026-02-13","Product","High","2026-02-13","Resolved","1"
"CP0001261","C001262","O0001262","2026-02-14","Refund","Critical","2026-02-15","Resolved","2"
"CP0001262","C001263","O0001263","2026-02-15","Refund","Low","2026-02-17","Resolved","3"
"CP0001263","C001264","O0001264","2026-02-16","Refund","High","2026-02-19","Resolved","4"
"CP0001264","C001265","O0001265","2026-02-17","Payment","High","","Open",""
"CP0001265","C001266","O0001266","2026-02-18","Support","Low","2026-02-23","Resolved","1"
"CP0001266","C001267","O0001267","2026-02-19","Refund","Low","2026-02-25","Resolved","2"
"CP0001267","C001268","O0001268","2026-02-20","Product","Medium","2026-02-27","Resolved","3"
"CP0001268","C001269","O0001269","2026-02-21","Delivery","Medium","2026-03-01","Resolved","4"
"CP0001269","C001270","O0001270","2026-02-22","Refund","Low","2026-03-03","Resolved","5"
"CP0001270","C001271","O0001271","2026-02-23","Product","Critical","2026-03-05","Resolved","1"
"CP0001271","C001272","O0001272","2026-02-24","Payment","Low","2026-03-07","Resolved","2"
"CP0001272","C001273","O0001273","2026-02-25","Payment","High","","Open",""
"CP0001273","C001274","O0001274","2026-02-26","Delivery","Low","2026-02-27","Resolved","4"
"CP0001274","C001275","O0001275","2026-02-27","Delivery","Medium","2026-03-01","Resolved","5"
"CP0001275","C001276","O0001276","2026-02-28","Delivery","High","2026-03-03","Resolved","1"
"CP0001276","C001277","O0001277","2026-03-01","Refund","Low","2026-03-05","Resolved","2"
"CP0001277","C001278","O0001278","2026-03-02","Support","Low","2026-03-07","Resolved","3"
"CP0001278","C001279","O0001279","2026-03-03","Refund","High","2026-03-09","Resolved","4"
"CP0001279","C001280","O0001280","2026-03-04","Delivery","High","2026-03-11","Resolved","5"
"CP0001280","C001281","O0001281","2026-03-05","Payment","Critical","","Open",""
"CP0001281","C001282","O0001282","2026-03-06","Delivery","Critical","2026-03-15","Resolved","2"
"CP0001282","C001283","O0001283","2026-03-07","Payment","High","2026-03-17","Resolved","3"
"CP0001283","C001284","O0001284","2026-03-08","Support","High","2026-03-19","Resolved","4"
"CP0001284","C001285","O0001285","2026-03-09","Payment","Critical","2026-03-09","Resolved","5"
"CP0001285","C001286","O0001286","2026-03-10","Delivery","Critical","2026-03-11","Resolved","1"
"CP0001286","C001287","O0001287","2026-03-11","Support","Critical","2026-03-13","Resolved","2"
"CP0001287","C001288","O0001288","2026-03-12","Delivery","Low","2026-03-15","Resolved","3"
"CP0001288","C001289","O0001289","2026-03-13","Product","Critical","","Open",""
"CP0001289","C001290","O0001290","2026-03-14","Delivery","Medium","2026-03-19","Resolved","5"
"CP0001290","C001291","O0001291","2026-03-15","Payment","Low","2026-03-21","Resolved","1"
"CP0001291","C001292","O0001292","2026-03-16","Product","High","2026-03-23","Resolved","2"
"CP0001292","C001293","O0001293","2026-03-17","Delivery","Medium","2026-03-25","Resolved","3"
"CP0001293","C001294","O0001294","2026-03-18","Product","High","2026-03-27","Resolved","4"
"CP0001294","C001295","O0001295","2026-03-19","Product","High","2026-03-29","Resolved","5"
"CP0001295","C001296","O0001296","2026-03-20","Support","Medium","2026-03-31","Resolved","1"
"CP0001296","C001297","O0001297","2026-03-21","Product","Low","","Open",""
"CP0001297","C001298","O0001298","2026-03-22","Delivery","Critical","2026-03-23","Resolved","3"
"CP0001298","C001299","O0001299","2026-03-23","Delivery","Low","2026-03-25","Resolved","4"
"CP0001299","C001300","O0001300","2026-03-24","Refund","High","2026-03-27","Resolved","5"
"CP0001300","C001301","O0001301","2026-03-25","Support","Low","2026-03-29","Resolved","1"
"CP0001301","C001302","O0001302","2026-03-26","Product","Medium","2026-03-31","Resolved","2"
"CP0001302","C001303","O0001303","2026-03-27","Product","High","2026-04-02","Resolved","3"
"CP0001303","C001304","O0001304","2026-03-28","Delivery","High","2026-04-04","Resolved","4"
"CP0001304","C001305","O0001305","2026-03-29","Refund","Critical","","Open",""
"CP0001305","C001306","O0001306","2026-03-30","Product","Medium","2026-04-08","Resolved","1"
"CP0001306","C001307","O0001307","2026-03-31","Delivery","Low","2026-04-10","Resolved","2"
"CP0001307","C001308","O0001308","2026-04-01","Payment","Critical","2026-04-12","Resolved","3"
"CP0001308","C001309","O0001309","2026-04-02","Refund","Low","2026-04-02","Resolved","4"
"CP0001309","C001310","O0001310","2026-04-03","Delivery","Low","2026-04-04","Resolved","5"
"CP0001310","C001311","O0001311","2026-04-04","Delivery","Critical","2026-04-06","Resolved","1"
"CP0001311","C001312","O0001312","2026-04-05","Refund","High","2026-04-08","Resolved","2"
"CP0001312","C001313","O0001313","2026-04-06","Delivery","High","","Open",""
"CP0001313","C001314","O0001314","2026-04-07","Payment","Medium","2026-04-12","Resolved","4"
"CP0001314","C001315","O0001315","2026-04-08","Product","High","2026-04-14","Resolved","5"
"CP0001315","C001316","O0001316","2026-04-09","Payment","High","2026-04-16","Resolved","1"
"CP0001316","C001317","O0001317","2026-04-10","Delivery","Critical","2026-04-18","Resolved","2"
"CP0001317","C001318","O0001318","2026-04-11","Payment","High","2026-04-20","Resolved","3"
"CP0001318","C001319","O0001319","2026-04-12","Refund","Critical","2026-04-22","Resolved","4"
"CP0001319","C001320","O0001320","2026-04-13","Delivery","Medium","2026-04-24","Resolved","5"
"CP0001320","C001321","O0001321","2026-04-14","Delivery","Critical","","Open",""
"CP0001321","C001322","O0001322","2026-04-15","Refund","Medium","2026-04-16","Resolved","2"
"CP0001322","C001323","O0001323","2026-04-16","Support","Critical","2026-04-18","Resolved","3"
"CP0001323","C001324","O0001324","2026-04-17","Support","Critical","2026-04-20","Resolved","4"
"CP0001324","C001325","O0001325","2026-04-18","Refund","Medium","2026-04-22","Resolved","5"
"CP0001325","C001326","O0001326","2026-04-19","Support","Low","2026-04-24","Resolved","1"
"CP0001326","C001327","O0001327","2026-04-20","Support","High","2026-04-26","Resolved","2"
"CP0001327","C001328","O0001328","2026-04-21","Support","High","2026-04-28","Resolved","3"
"CP0001328","C001329","O0001329","2026-04-22","Product","Critical","","Open",""
"CP0001329","C001330","O0001330","2026-04-23","Product","High","2026-05-02","Resolved","5"
"CP0001330","C001331","O0001331","2026-04-24","Delivery","High","2026-05-04","Resolved","1"
"CP0001331","C001332","O0001332","2026-04-25","Support","Low","2026-05-06","Resolved","2"
"CP0001332","C001333","O0001333","2026-04-26","Product","High","2026-04-26","Resolved","3"
"CP0001333","C001334","O0001334","2026-04-27","Delivery","Critical","2026-04-28","Resolved","4"
"CP0001334","C001335","O0001335","2026-04-28","Payment","Low","2026-04-30","Resolved","5"
"CP0001335","C001336","O0001336","2026-04-29","Payment","Medium","2026-05-02","Resolved","1"
"CP0001336","C001337","O0001337","2026-04-30","Product","Critical","","Open",""
"CP0001337","C001338","O0001338","2026-05-01","Support","Low","2026-05-06","Resolved","3"
"CP0001338","C001339","O0001339","2026-05-02","Product","Critical","2026-05-08","Resolved","4"
"CP0001339","C001340","O0001340","2026-05-03","Payment","Critical","2026-05-10","Resolved","5"
"CP0001340","C001341","O0001341","2026-05-04","Support","High","2026-05-12","Resolved","1"
"CP0001341","C001342","O0001342","2026-05-05","Refund","Low","2026-05-14","Resolved","2"
"CP0001342","C001343","O0001343","2026-05-06","Refund","Critical","2026-05-16","Resolved","3"
"CP0001343","C001344","O0001344","2026-05-07","Delivery","Low","2026-05-18","Resolved","4"
"CP0001344","C001345","O0001345","2026-05-08","Product","Low","","Open",""
"CP0001345","C001346","O0001346","2026-05-09","Payment","Low","2026-05-10","Resolved","1"
"CP0001346","C001347","O0001347","2026-05-10","Support","Medium","2026-05-12","Resolved","2"
"CP0001347","C001348","O0001348","2026-05-11","Payment","Medium","2026-05-14","Resolved","3"
"CP0001348","C001349","O0001349","2026-05-12","Support","Medium","2026-05-16","Resolved","4"
"CP0001349","C001350","O0001350","2026-05-13","Delivery","High","2026-05-18","Resolved","5"
"CP0001350","C001351","O0001351","2026-05-14","Support","Medium","2026-05-20","Resolved","1"
"CP0001351","C001352","O0001352","2026-05-15","Delivery","High","2026-05-22","Resolved","2"
"CP0001352","C001353","O0001353","2026-05-16","Product","High","","Open",""
"CP0001353","C001354","O0001354","2026-05-17","Support","Medium","2026-05-26","Resolved","4"
"CP0001354","C001355","O0001355","2026-05-18","Delivery","Critical","2026-05-28","Resolved","5"
"CP0001355","C001356","O0001356","2026-05-19","Support","Low","2026-05-30","Resolved","1"
"CP0001356","C001357","O0001357","2026-05-20","Payment","Low","2026-05-20","Resolved","2"
"CP0001357","C001358","O0001358","2026-05-21","Payment","Medium","2026-05-22","Resolved","3"
"CP0001358","C001359","O0001359","2026-05-22","Refund","Critical","2026-05-24","Resolved","4"
"CP0001359","C001360","O0001360","2026-05-23","Product","Medium","2026-05-26","Resolved","5"
"CP0001360","C001361","O0001361","2026-05-24","Support","Low","","Open",""
"CP0001361","C001362","O0001362","2026-05-25","Support","Low","2026-05-30","Resolved","2"
"CP0001362","C001363","O0001363","2026-05-26","Payment","Critical","2026-06-01","Resolved","3"
"CP0001363","C001364","O0001364","2026-05-27","Payment","Medium","2026-06-03","Resolved","4"
"CP0001364","C001365","O0001365","2026-05-28","Payment","Critical","2026-06-05","Resolved","5"
"CP0001365","C001366","O0001366","2026-05-29","Payment","Low","2026-06-07","Resolved","1"
"CP0001366","C001367","O0001367","2026-05-30","Product","Medium","2026-06-09","Resolved","2"
"CP0001367","C001368","O0001368","2026-05-31","Delivery","High","2026-06-11","Resolved","3"
"CP0001368","C001369","O0001369","2026-06-01","Payment","High","","Open",""
"CP0001369","C001370","O0001370","2026-06-02","Product","High","2026-06-03","Resolved","5"
"CP0001370","C001371","O0001371","2026-06-03","Support","High","2026-06-05","Resolved","1"
"CP0001371","C001372","O0001372","2026-06-04","Delivery","Critical","2026-06-07","Resolved","2"
"CP0001372","C001373","O0001373","2026-06-05","Support","Medium","2026-06-09","Resolved","3"
"CP0001373","C001374","O0001374","2026-06-06","Refund","Critical","2026-06-11","Resolved","4"
"CP0001374","C001375","O0001375","2026-06-07","Payment","Critical","2026-06-13","Resolved","5"
"CP0001375","C001376","O0001376","2026-06-08","Refund","High","2026-06-15","Resolved","1"
"CP0001376","C001377","O0001377","2026-06-09","Product","Medium","","Open",""
"CP0001377","C001378","O0001378","2026-06-10","Product","Critical","2026-06-19","Resolved","3"
"CP0001378","C001379","O0001379","2026-06-11","Refund","Low","2026-06-21","Resolved","4"
"CP0001379","C001380","O0001380","2026-06-12","Delivery","Medium","2026-06-23","Resolved","5"
"CP0001380","C001381","O0001381","2026-06-13","Product","Critical","2026-06-13","Resolved","1"
"CP0001381","C001382","O0001382","2026-06-14","Product","Low","2026-06-15","Resolved","2"
"CP0001382","C001383","O0001383","2026-06-15","Product","Medium","2026-06-17","Resolved","3"
"CP0001383","C001384","O0001384","2026-06-16","Product","Low","2026-06-19","Resolved","4"
"CP0001384","C001385","O0001385","2026-06-17","Payment","Low","","Open",""
"CP0001385","C001386","O0001386","2026-06-18","Payment","High","2026-06-23","Resolved","1"
"CP0001386","C001387","O0001387","2026-06-19","Product","Critical","2026-06-25","Resolved","2"
"CP0001387","C001388","O0001388","2026-06-20","Payment","Critical","2026-06-27","Resolved","3"
"CP0001388","C001389","O0001389","2026-06-21","Payment","Critical","2026-06-29","Resolved","4"
"CP0001389","C001390","O0001390","2026-06-22","Delivery","Critical","2026-07-01","Resolved","5"
"CP0001390","C001391","O0001391","2026-06-23","Payment","Critical","2026-07-03","Resolved","1"
"CP0001391","C001392","O0001392","2026-06-24","Product","Low","2026-07-05","Resolved","2"
"CP0001392","C001393","O0001393","2026-06-25","Payment","Medium","","Open",""
"CP0001393","C001394","O0001394","2026-06-26","Refund","Critical","2026-06-27","Resolved","4"
"CP0001394","C001395","O0001395","2026-06-27","Refund","Medium","2026-06-29","Resolved","5"
"CP0001395","C001396","O0001396","2026-06-28","Payment","Medium","2026-07-01","Resolved","1"
"CP0001396","C001397","O0001397","2026-06-29","Payment","Critical","2026-07-03","Resolved","2"
"CP0001397","C001398","O0001398","2026-06-30","Payment","High","2026-07-05","Resolved","3"
"CP0001398","C001399","O0001399","2026-07-01","Refund","Medium","2026-07-07","Resolved","4"
"CP0001399","C001400","O0001400","2026-07-02","Product","Low","2026-07-09","Resolved","5"
"CP0001400","C001401","O0001401","2026-07-03","Delivery","High","","Open",""
"CP0001401","C001402","O0001402","2026-07-04","Support","Low","2026-07-13","Resolved","2"
"CP0001402","C001403","O0001403","2026-07-05","Support","High","2026-07-15","Resolved","3"
"CP0001403","C001404","O0001404","2026-07-06","Support","Medium","2026-07-17","Resolved","4"
"CP0001404","C001405","O0001405","2026-07-07","Payment","Low","2026-07-07","Resolved","5"
"CP0001405","C001406","O0001406","2026-07-08","Refund","Critical","2026-07-09","Resolved","1"
"CP0001406","C001407","O0001407","2026-07-09","Refund","Medium","2026-07-11","Resolved","2"
"CP0001407","C001408","O0001408","2026-07-10","Support","Low","2026-07-13","Resolved","3"
"CP0001408","C001409","O0001409","2026-07-11","Payment","Critical","","Open",""
"CP0001409","C001410","O0001410","2026-07-12","Payment","Medium","2026-07-17","Resolved","5"
"CP0001410","C001411","O0001411","2026-07-13","Payment","Medium","2026-07-19","Resolved","1"
"CP0001411","C001412","O0001412","2026-07-14","Payment","Medium","2026-07-21","Resolved","2"
"CP0001412","C001413","O0001413","2026-07-15","Payment","Low","2026-07-23","Resolved","3"
"CP0001413","C001414","O0001414","2026-07-16","Support","High","2026-07-25","Resolved","4"
"CP0001414","C001415","O0001415","2026-07-17","Delivery","Critical","2026-07-27","Resolved","5"
"CP0001415","C001416","O0001416","2026-07-18","Delivery","Low","2026-07-29","Resolved","1"
"CP0001416","C001417","O0001417","2026-07-19","Product","Low","","Open",""
"CP0001417","C001418","O0001418","2026-07-20","Refund","High","2026-07-21","Resolved","3"
"CP0001418","C001419","O0001419","2026-07-21","Refund","High","2026-07-23","Resolved","4"
"CP0001419","C001420","O0001420","2026-07-22","Delivery","Low","2026-07-25","Resolved","5"
"CP0001420","C001421","O0001421","2026-07-23","Payment","High","2026-07-27","Resolved","1"
"CP0001421","C001422","O0001422","2026-07-24","Delivery","Medium","2026-07-29","Resolved","2"
"CP0001422","C001423","O0001423","2026-07-25","Product","Critical","2026-07-31","Resolved","3"
"CP0001423","C001424","O0001424","2026-07-26","Delivery","Medium","2026-08-02","Resolved","4"
"CP0001424","C001425","O0001425","2026-07-27","Delivery","High","","Open",""
"CP0001425","C001426","O0001426","2026-07-28","Delivery","Medium","2026-08-06","Resolved","1"
"CP0001426","C001427","O0001427","2026-07-29","Support","Medium","2026-08-08","Resolved","2"
"CP0001427","C001428","O0001428","2026-07-30","Product","Critical","2026-08-10","Resolved","3"
"CP0001428","C001429","O0001429","2026-07-31","Payment","High","2026-07-31","Resolved","4"
"CP0001429","C001430","O0001430","2026-08-01","Support","Critical","2026-08-02","Resolved","5"
"CP0001430","C001431","O0001431","2026-08-02","Payment","Low","2026-08-04","Resolved","1"
"CP0001431","C001432","O0001432","2026-08-03","Delivery","High","2026-08-06","Resolved","2"
"CP0001432","C001433","O0001433","2026-08-04","Product","High","","Open",""
"CP0001433","C001434","O0001434","2026-08-05","Refund","High","2026-08-10","Resolved","4"
"CP0001434","C001435","O0001435","2026-08-06","Product","Low","2026-08-12","Resolved","5"
"CP0001435","C001436","O0001436","2026-08-07","Support","High","2026-08-14","Resolved","1"
"CP0001436","C001437","O0001437","2026-08-08","Refund","Low","2026-08-16","Resolved","2"
"CP0001437","C001438","O0001438","2026-08-09","Support","Critical","2026-08-18","Resolved","3"
"CP0001438","C001439","O0001439","2026-08-10","Payment","High","2026-08-20","Resolved","4"
"CP0001439","C001440","O0001440","2026-08-11","Support","Critical","2026-08-22","Resolved","5"
"CP0001440","C001441","O0001441","2026-08-12","Product","Critical","","Open",""
"CP0001441","C001442","O0001442","2026-08-13","Payment","Medium","2026-08-14","Resolved","2"
"CP0001442","C001443","O0001443","2026-08-14","Payment","Critical","2026-08-16","Resolved","3"
"CP0001443","C001444","O0001444","2026-08-15","Payment","Critical","2026-08-18","Resolved","4"
"CP0001444","C001445","O0001445","2026-08-16","Payment","High","2026-08-20","Resolved","5"
"CP0001445","C001446","O0001446","2026-08-17","Delivery","Low","2026-08-22","Resolved","1"
"CP0001446","C001447","O0001447","2026-08-18","Product","High","2026-08-24","Resolved","2"
"CP0001447","C001448","O0001448","2026-08-19","Refund","Medium","2026-08-26","Resolved","3"
"CP0001448","C001449","O0001449","2026-08-20","Payment","Low","","Open",""
"CP0001449","C001450","O0001450","2026-08-21","Product","Low","2026-08-30","Resolved","5"
"CP0001450","C001451","O0001451","2026-08-22","Delivery","Low","2026-09-01","Resolved","1"
"CP0001451","C001452","O0001452","2026-08-23","Delivery","Low","2026-09-03","Resolved","2"
"CP0001452","C001453","O0001453","2026-08-24","Support","Critical","2026-08-24","Resolved","3"
"CP0001453","C001454","O0001454","2026-08-25","Product","Critical","2026-08-26","Resolved","4"
"CP0001454","C001455","O0001455","2026-08-26","Delivery","High","2026-08-28","Resolved","5"
"CP0001455","C001456","O0001456","2026-08-27","Refund","Critical","2026-08-30","Resolved","1"
"CP0001456","C001457","O0001457","2026-08-28","Product","Critical","","Open",""
"CP0001457","C001458","O0001458","2026-08-29","Product","Low","2026-09-03","Resolved","3"
"CP0001458","C001459","O0001459","2026-08-30","Refund","Low","2026-09-05","Resolved","4"
"CP0001459","C001460","O0001460","2026-08-31","Support","Critical","2026-09-07","Resolved","5"
"CP0001460","C001461","O0001461","2025-09-01","Refund","High","2025-09-09","Resolved","1"
"CP0001461","C001462","O0001462","2025-09-02","Support","High","2025-09-11","Resolved","2"
"CP0001462","C001463","O0001463","2025-09-03","Support","Low","2025-09-13","Resolved","3"
"CP0001463","C001464","O0001464","2025-09-04","Refund","Medium","2025-09-15","Resolved","4"
"CP0001464","C001465","O0001465","2025-09-05","Refund","Low","","Open",""
"CP0001465","C001466","O0001466","2025-09-06","Support","Medium","2025-09-07","Resolved","1"
"CP0001466","C001467","O0001467","2025-09-07","Product","Medium","2025-09-09","Resolved","2"
"CP0001467","C001468","O0001468","2025-09-08","Payment","Critical","2025-09-11","Resolved","3"
"CP0001468","C001469","O0001469","2025-09-09","Product","Critical","2025-09-13","Resolved","4"
"CP0001469","C001470","O0001470","2025-09-10","Product","Critical","2025-09-15","Resolved","5"
"CP0001470","C001471","O0001471","2025-09-11","Payment","Medium","2025-09-17","Resolved","1"
"CP0001471","C001472","O0001472","2025-09-12","Support","High","2025-09-19","Resolved","2"
"CP0001472","C001473","O0001473","2025-09-13","Refund","Low","","Open",""
"CP0001473","C001474","O0001474","2025-09-14","Payment","Low","2025-09-23","Resolved","4"
"CP0001474","C001475","O0001475","2025-09-15","Payment","High","2025-09-25","Resolved","5"
"CP0001475","C001476","O0001476","2025-09-16","Refund","High","2025-09-27","Resolved","1"
"CP0001476","C001477","O0001477","2025-09-17","Product","Critical","2025-09-17","Resolved","2"
"CP0001477","C001478","O0001478","2025-09-18","Payment","Low","2025-09-19","Resolved","3"
"CP0001478","C001479","O0001479","2025-09-19","Payment","High","2025-09-21","Resolved","4"
"CP0001479","C001480","O0001480","2025-09-20","Product","Low","2025-09-23","Resolved","5"
"CP0001480","C001481","O0001481","2025-09-21","Refund","Medium","","Open",""
"CP0001481","C001482","O0001482","2025-09-22","Support","Low","2025-09-27","Resolved","2"
"CP0001482","C001483","O0001483","2025-09-23","Payment","Critical","2025-09-29","Resolved","3"
"CP0001483","C001484","O0001484","2025-09-24","Support","Low","2025-10-01","Resolved","4"
"CP0001484","C001485","O0001485","2025-09-25","Support","High","2025-10-03","Resolved","5"
"CP0001485","C001486","O0001486","2025-09-26","Payment","Low","2025-10-05","Resolved","1"
"CP0001486","C001487","O0001487","2025-09-27","Delivery","Low","2025-10-07","Resolved","2"
"CP0001487","C001488","O0001488","2025-09-28","Refund","Critical","2025-10-09","Resolved","3"
"CP0001488","C001489","O0001489","2025-09-29","Support","Medium","","Open",""
"CP0001489","C001490","O0001490","2025-09-30","Payment","Critical","2025-10-01","Resolved","5"
"CP0001490","C001491","O0001491","2025-10-01","Refund","High","2025-10-03","Resolved","1"
"CP0001491","C001492","O0001492","2025-10-02","Refund","Medium","2025-10-05","Resolved","2"
"CP0001492","C001493","O0001493","2025-10-03","Payment","High","2025-10-07","Resolved","3"
"CP0001493","C001494","O0001494","2025-10-04","Payment","Medium","2025-10-09","Resolved","4"
"CP0001494","C001495","O0001495","2025-10-05","Payment","Medium","2025-10-11","Resolved","5"
"CP0001495","C001496","O0001496","2025-10-06","Payment","Critical","2025-10-13","Resolved","1"
"CP0001496","C001497","O0001497","2025-10-07","Product","High","","Open",""
"CP0001497","C001498","O0001498","2025-10-08","Support","Low","2025-10-17","Resolved","3"
"CP0001498","C001499","O0001499","2025-10-09","Refund","Medium","2025-10-19","Resolved","4"
"CP0001499","C001500","O0001500","2025-10-10","Product","High","2025-10-21","Resolved","5"
"CP0001500","C001501","O0001501","2025-10-11","Support","Low","2025-10-11","Resolved","1"
"CP0001501","C001502","O0001502","2025-10-12","Support","Low","2025-10-13","Resolved","2"
"CP0001502","C001503","O0001503","2025-10-13","Delivery","Medium","2025-10-15","Resolved","3"
"CP0001503","C001504","O0001504","2025-10-14","Support","High","2025-10-17","Resolved","4"
"CP0001504","C001505","O0001505","2025-10-15","Payment","High","","Open",""
"CP0001505","C001506","O0001506","2025-10-16","Delivery","Low","2025-10-21","Resolved","1"
"CP0001506","C001507","O0001507","2025-10-17","Support","Low","2025-10-23","Resolved","2"
"CP0001507","C001508","O0001508","2025-10-18","Product","Medium","2025-10-25","Resolved","3"
"CP0001508","C001509","O0001509","2025-10-19","Payment","High","2025-10-27","Resolved","4"
"CP0001509","C001510","O0001510","2025-10-20","Product","Medium","2025-10-29","Resolved","5"
"CP0001510","C001511","O0001511","2025-10-21","Refund","Critical","2025-10-31","Resolved","1"
"CP0001511","C001512","O0001512","2025-10-22","Refund","Critical","2025-11-02","Resolved","2"
"CP0001512","C001513","O0001513","2025-10-23","Support","High","","Open",""
"CP0001513","C001514","O0001514","2025-10-24","Delivery","Critical","2025-10-25","Resolved","4"
"CP0001514","C001515","O0001515","2025-10-25","Support","High","2025-10-27","Resolved","5"
"CP0001515","C001516","O0001516","2025-10-26","Delivery","Low","2025-10-29","Resolved","1"
"CP0001516","C001517","O0001517","2025-10-27","Payment","High","2025-10-31","Resolved","2"
"CP0001517","C001518","O0001518","2025-10-28","Payment","Critical","2025-11-02","Resolved","3"
"CP0001518","C001519","O0001519","2025-10-29","Product","Critical","2025-11-04","Resolved","4"
"CP0001519","C001520","O0001520","2025-10-30","Payment","Critical","2025-11-06","Resolved","5"
"CP0001520","C001521","O0001521","2025-10-31","Product","High","","Open",""
"CP0001521","C001522","O0001522","2025-11-01","Delivery","Critical","2025-11-10","Resolved","2"
"CP0001522","C001523","O0001523","2025-11-02","Payment","Medium","2025-11-12","Resolved","3"
"CP0001523","C001524","O0001524","2025-11-03","Payment","Medium","2025-11-14","Resolved","4"
"CP0001524","C001525","O0001525","2025-11-04","Refund","Critical","2025-11-04","Resolved","5"
"CP0001525","C001526","O0001526","2025-11-05","Refund","Low","2025-11-06","Resolved","1"
"CP0001526","C001527","O0001527","2025-11-06","Delivery","Medium","2025-11-08","Resolved","2"
"CP0001527","C001528","O0001528","2025-11-07","Support","Critical","2025-11-10","Resolved","3"
"CP0001528","C001529","O0001529","2025-11-08","Payment","Medium","","Open",""
"CP0001529","C001530","O0001530","2025-11-09","Refund","Critical","2025-11-14","Resolved","5"
"CP0001530","C001531","O0001531","2025-11-10","Payment","Medium","2025-11-16","Resolved","1"
"CP0001531","C001532","O0001532","2025-11-11","Product","Critical","2025-11-18","Resolved","2"
"CP0001532","C001533","O0001533","2025-11-12","Product","Medium","2025-11-20","Resolved","3"
"CP0001533","C001534","O0001534","2025-11-13","Refund","Low","2025-11-22","Resolved","4"
"CP0001534","C001535","O0001535","2025-11-14","Support","High","2025-11-24","Resolved","5"
"CP0001535","C001536","O0001536","2025-11-15","Refund","Low","2025-11-26","Resolved","1"
"CP0001536","C001537","O0001537","2025-11-16","Payment","Low","","Open",""
"CP0001537","C001538","O0001538","2025-11-17","Support","Critical","2025-11-18","Resolved","3"
"CP0001538","C001539","O0001539","2025-11-18","Support","High","2025-11-20","Resolved","4"
"CP0001539","C001540","O0001540","2025-11-19","Support","Medium","2025-11-22","Resolved","5"
"CP0001540","C001541","O0001541","2025-11-20","Product","Low","2025-11-24","Resolved","1"
"CP0001541","C001542","O0001542","2025-11-21","Payment","Low","2025-11-26","Resolved","2"
"CP0001542","C001543","O0001543","2025-11-22","Refund","Critical","2025-11-28","Resolved","3"
"CP0001543","C001544","O0001544","2025-11-23","Support","Low","2025-11-30","Resolved","4"
"CP0001544","C001545","O0001545","2025-11-24","Delivery","Medium","","Open",""
"CP0001545","C001546","O0001546","2025-11-25","Refund","Critical","2025-12-04","Resolved","1"
"CP0001546","C001547","O0001547","2025-11-26","Support","Medium","2025-12-06","Resolved","2"
"CP0001547","C001548","O0001548","2025-11-27","Payment","Critical","2025-12-08","Resolved","3"
"CP0001548","C001549","O0001549","2025-11-28","Delivery","Low","2025-11-28","Resolved","4"
"CP0001549","C001550","O0001550","2025-11-29","Product","High","2025-11-30","Resolved","5"
"CP0001550","C001551","O0001551","2025-11-30","Refund","Low","2025-12-02","Resolved","1"
"CP0001551","C001552","O0001552","2025-12-01","Payment","Low","2025-12-04","Resolved","2"
"CP0001552","C001553","O0001553","2025-12-02","Support","High","","Open",""
"CP0001553","C001554","O0001554","2025-12-03","Payment","Medium","2025-12-08","Resolved","4"
"CP0001554","C001555","O0001555","2025-12-04","Payment","Critical","2025-12-10","Resolved","5"
"CP0001555","C001556","O0001556","2025-12-05","Refund","Low","2025-12-12","Resolved","1"
"CP0001556","C001557","O0001557","2025-12-06","Delivery","Critical","2025-12-14","Resolved","2"
"CP0001557","C001558","O0001558","2025-12-07","Support","High","2025-12-16","Resolved","3"
"CP0001558","C001559","O0001559","2025-12-08","Delivery","High","2025-12-18","Resolved","4"
"CP0001559","C001560","O0001560","2025-12-09","Refund","Low","2025-12-20","Resolved","5"
"CP0001560","C001561","O0001561","2025-12-10","Refund","Critical","","Open",""
"CP0001561","C001562","O0001562","2025-12-11","Delivery","Medium","2025-12-12","Resolved","2"
"CP0001562","C001563","O0001563","2025-12-12","Support","Low","2025-12-14","Resolved","3"
"CP0001563","C001564","O0001564","2025-12-13","Refund","Critical","2025-12-16","Resolved","4"
"CP0001564","C001565","O0001565","2025-12-14","Refund","Critical","2025-12-18","Resolved","5"
"CP0001565","C001566","O0001566","2025-12-15","Refund","Low","2025-12-20","Resolved","1"
"CP0001566","C001567","O0001567","2025-12-16","Payment","Critical","2025-12-22","Resolved","2"
"CP0001567","C001568","O0001568","2025-12-17","Delivery","High","2025-12-24","Resolved","3"
"CP0001568","C001569","O0001569","2025-12-18","Support","High","","Open",""
"CP0001569","C001570","O0001570","2025-12-19","Product","High","2025-12-28","Resolved","5"
"CP0001570","C001571","O0001571","2025-12-20","Payment","Critical","2025-12-30","Resolved","1"
"CP0001571","C001572","O0001572","2025-12-21","Payment","Low","2026-01-01","Resolved","2"
"CP0001572","C001573","O0001573","2025-12-22","Delivery","High","2025-12-22","Resolved","3"
"CP0001573","C001574","O0001574","2025-12-23","Product","Medium","2025-12-24","Resolved","4"
"CP0001574","C001575","O0001575","2025-12-24","Payment","Medium","2025-12-26","Resolved","5"
"CP0001575","C001576","O0001576","2025-12-25","Payment","Critical","2025-12-28","Resolved","1"
"CP0001576","C001577","O0001577","2025-12-26","Refund","Low","","Open",""
"CP0001577","C001578","O0001578","2025-12-27","Refund","Critical","2026-01-01","Resolved","3"
"CP0001578","C001579","O0001579","2025-12-28","Refund","Medium","2026-01-03","Resolved","4"
"CP0001579","C001580","O0001580","2025-12-29","Delivery","High","2026-01-05","Resolved","5"
"CP0001580","C001581","O0001581","2025-12-30","Support","Critical","2026-01-07","Resolved","1"
"CP0001581","C001582","O0001582","2025-12-31","Support","Medium","2026-01-09","Resolved","2"
"CP0001582","C001583","O0001583","2026-01-01","Refund","Low","2026-01-11","Resolved","3"
"CP0001583","C001584","O0001584","2026-01-02","Payment","Critical","2026-01-13","Resolved","4"
"CP0001584","C001585","O0001585","2026-01-03","Delivery","Low","","Open",""
"CP0001585","C001586","O0001586","2026-01-04","Payment","High","2026-01-05","Resolved","1"
"CP0001586","C001587","O0001587","2026-01-05","Product","Low","2026-01-07","Resolved","2"
"CP0001587","C001588","O0001588","2026-01-06","Refund","Low","2026-01-09","Resolved","3"
"CP0001588","C001589","O0001589","2026-01-07","Refund","Low","2026-01-11","Resolved","4"
"CP0001589","C001590","O0001590","2026-01-08","Delivery","Low","2026-01-13","Resolved","5"
"CP0001590","C001591","O0001591","2026-01-09","Product","Critical","2026-01-15","Resolved","1"
"CP0001591","C001592","O0001592","2026-01-10","Payment","High","2026-01-17","Resolved","2"
"CP0001592","C001593","O0001593","2026-01-11","Delivery","Critical","","Open",""
"CP0001593","C001594","O0001594","2026-01-12","Support","Medium","2026-01-21","Resolved","4"
"CP0001594","C001595","O0001595","2026-01-13","Delivery","High","2026-01-23","Resolved","5"
"CP0001595","C001596","O0001596","2026-01-14","Payment","Medium","2026-01-25","Resolved","1"
"CP0001596","C001597","O0001597","2026-01-15","Delivery","Critical","2026-01-15","Resolved","2"
"CP0001597","C001598","O0001598","2026-01-16","Payment","Medium","2026-01-17","Resolved","3"
"CP0001598","C001599","O0001599","2026-01-17","Refund","Low","2026-01-19","Resolved","4"
"CP0001599","C001600","O0001600","2026-01-18","Delivery","Low","2026-01-21","Resolved","5"
"CP0001600","C001601","O0001601","2026-01-19","Support","Medium","","Open",""
"CP0001601","C001602","O0001602","2026-01-20","Refund","Medium","2026-01-25","Resolved","2"
"CP0001602","C001603","O0001603","2026-01-21","Payment","Low","2026-01-27","Resolved","3"
"CP0001603","C001604","O0001604","2026-01-22","Refund","Critical","2026-01-29","Resolved","4"
"CP0001604","C001605","O0001605","2026-01-23","Payment","Critical","2026-01-31","Resolved","5"
"CP0001605","C001606","O0001606","2026-01-24","Refund","High","2026-02-02","Resolved","1"
"CP0001606","C001607","O0001607","2026-01-25","Support","Low","2026-02-04","Resolved","2"
"CP0001607","C001608","O0001608","2026-01-26","Payment","Low","2026-02-06","Resolved","3"
"CP0001608","C001609","O0001609","2026-01-27","Product","Critical","","Open",""
"CP0001609","C001610","O0001610","2026-01-28","Delivery","Critical","2026-01-29","Resolved","5"
"CP0001610","C001611","O0001611","2026-01-29","Refund","Critical","2026-01-31","Resolved","1"
"CP0001611","C001612","O0001612","2026-01-30","Support","Low","2026-02-02","Resolved","2"
"CP0001612","C001613","O0001613","2026-01-31","Payment","Medium","2026-02-04","Resolved","3"
"CP0001613","C001614","O0001614","2026-02-01","Support","Medium","2026-02-06","Resolved","4"
"CP0001614","C001615","O0001615","2026-02-02","Delivery","High","2026-02-08","Resolved","5"
"CP0001615","C001616","O0001616","2026-02-03","Refund","Low","2026-02-10","Resolved","1"
"CP0001616","C001617","O0001617","2026-02-04","Product","High","","Open",""
"CP0001617","C001618","O0001618","2026-02-05","Refund","Low","2026-02-14","Resolved","3"
"CP0001618","C001619","O0001619","2026-02-06","Refund","Critical","2026-02-16","Resolved","4"
"CP0001619","C001620","O0001620","2026-02-07","Payment","Low","2026-02-18","Resolved","5"
"CP0001620","C001621","O0001621","2026-02-08","Delivery","Low","2026-02-08","Resolved","1"
"CP0001621","C001622","O0001622","2026-02-09","Payment","Low","2026-02-10","Resolved","2"
"CP0001622","C001623","O0001623","2026-02-10","Delivery","Critical","2026-02-12","Resolved","3"
"CP0001623","C001624","O0001624","2026-02-11","Payment","Medium","2026-02-14","Resolved","4"
"CP0001624","C001625","O0001625","2026-02-12","Delivery","Low","","Open",""
"CP0001625","C001626","O0001626","2026-02-13","Payment","Medium","2026-02-18","Resolved","1"
"CP0001626","C001627","O0001627","2026-02-14","Payment","High","2026-02-20","Resolved","2"
"CP0001627","C001628","O0001628","2026-02-15","Delivery","High","2026-02-22","Resolved","3"
"CP0001628","C001629","O0001629","2026-02-16","Product","Medium","2026-02-24","Resolved","4"
"CP0001629","C001630","O0001630","2026-02-17","Support","Critical","2026-02-26","Resolved","5"
"CP0001630","C001631","O0001631","2026-02-18","Support","High","2026-02-28","Resolved","1"
"CP0001631","C001632","O0001632","2026-02-19","Support","High","2026-03-02","Resolved","2"
"CP0001632","C001633","O0001633","2026-02-20","Product","High","","Open",""
"CP0001633","C001634","O0001634","2026-02-21","Product","High","2026-02-22","Resolved","4"
"CP0001634","C001635","O0001635","2026-02-22","Payment","Medium","2026-02-24","Resolved","5"
"CP0001635","C001636","O0001636","2026-02-23","Delivery","Low","2026-02-26","Resolved","1"
"CP0001636","C001637","O0001637","2026-02-24","Product","Medium","2026-02-28","Resolved","2"
"CP0001637","C001638","O0001638","2026-02-25","Refund","Low","2026-03-02","Resolved","3"
"CP0001638","C001639","O0001639","2026-02-26","Refund","High","2026-03-04","Resolved","4"
"CP0001639","C001640","O0001640","2026-02-27","Support","Critical","2026-03-06","Resolved","5"
"CP0001640","C001641","O0001641","2026-02-28","Refund","Medium","","Open",""
"CP0001641","C001642","O0001642","2026-03-01","Support","Medium","2026-03-10","Resolved","2"
"CP0001642","C001643","O0001643","2026-03-02","Support","Medium","2026-03-12","Resolved","3"
"CP0001643","C001644","O0001644","2026-03-03","Support","High","2026-03-14","Resolved","4"
"CP0001644","C001645","O0001645","2026-03-04","Support","Medium","2026-03-04","Resolved","5"
"CP0001645","C001646","O0001646","2026-03-05","Refund","Critical","2026-03-06","Resolved","1"
"CP0001646","C001647","O0001647","2026-03-06","Refund","Low","2026-03-08","Resolved","2"
"CP0001647","C001648","O0001648","2026-03-07","Support","Critical","2026-03-10","Resolved","3"
"CP0001648","C001649","O0001649","2026-03-08","Payment","Critical","","Open",""
"CP0001649","C001650","O0001650","2026-03-09","Support","Low","2026-03-14","Resolved","5"
"CP0001650","C001651","O0001651","2026-03-10","Payment","Low","2026-03-16","Resolved","1"
"CP0001651","C001652","O0001652","2026-03-11","Support","Medium","2026-03-18","Resolved","2"
"CP0001652","C001653","O0001653","2026-03-12","Support","Low","2026-03-20","Resolved","3"
"CP0001653","C001654","O0001654","2026-03-13","Payment","Medium","2026-03-22","Resolved","4"
"CP0001654","C001655","O0001655","2026-03-14","Refund","High","2026-03-24","Resolved","5"
"CP0001655","C001656","O0001656","2026-03-15","Support","High","2026-03-26","Resolved","1"
"CP0001656","C001657","O0001657","2026-03-16","Product","Low","","Open",""
"CP0001657","C001658","O0001658","2026-03-17","Delivery","Low","2026-03-18","Resolved","3"
"CP0001658","C001659","O0001659","2026-03-18","Delivery","High","2026-03-20","Resolved","4"
"CP0001659","C001660","O0001660","2026-03-19","Payment","Critical","2026-03-22","Resolved","5"
"CP0001660","C001661","O0001661","2026-03-20","Delivery","Low","2026-03-24","Resolved","1"
"CP0001661","C001662","O0001662","2026-03-21","Delivery","High","2026-03-26","Resolved","2"
"CP0001662","C001663","O0001663","2026-03-22","Delivery","Medium","2026-03-28","Resolved","3"
"CP0001663","C001664","O0001664","2026-03-23","Payment","Low","2026-03-30","Resolved","4"
"CP0001664","C001665","O0001665","2026-03-24","Refund","Medium","","Open",""
"CP0001665","C001666","O0001666","2026-03-25","Delivery","Critical","2026-04-03","Resolved","1"
"CP0001666","C001667","O0001667","2026-03-26","Refund","Low","2026-04-05","Resolved","2"
"CP0001667","C001668","O0001668","2026-03-27","Delivery","Low","2026-04-07","Resolved","3"
"CP0001668","C001669","O0001669","2026-03-28","Delivery","High","2026-03-28","Resolved","4"
"CP0001669","C001670","O0001670","2026-03-29","Product","Low","2026-03-30","Resolved","5"
"CP0001670","C001671","O0001671","2026-03-30","Refund","Critical","2026-04-01","Resolved","1"
"CP0001671","C001672","O0001672","2026-03-31","Payment","Critical","2026-04-03","Resolved","2"
"CP0001672","C001673","O0001673","2026-04-01","Refund","Medium","","Open",""
"CP0001673","C001674","O0001674","2026-04-02","Refund","Medium","2026-04-07","Resolved","4"
"CP0001674","C001675","O0001675","2026-04-03","Delivery","Critical","2026-04-09","Resolved","5"
"CP0001675","C001676","O0001676","2026-04-04","Product","Low","2026-04-11","Resolved","1"
"CP0001676","C001677","O0001677","2026-04-05","Product","High","2026-04-13","Resolved","2"
"CP0001677","C001678","O0001678","2026-04-06","Support","High","2026-04-15","Resolved","3"
"CP0001678","C001679","O0001679","2026-04-07","Support","Critical","2026-04-17","Resolved","4"
"CP0001679","C001680","O0001680","2026-04-08","Delivery","Medium","2026-04-19","Resolved","5"
"CP0001680","C001681","O0001681","2026-04-09","Product","Medium","","Open",""
"CP0001681","C001682","O0001682","2026-04-10","Delivery","High","2026-04-11","Resolved","2"
"CP0001682","C001683","O0001683","2026-04-11","Delivery","Low","2026-04-13","Resolved","3"
"CP0001683","C001684","O0001684","2026-04-12","Delivery","Critical","2026-04-15","Resolved","4"
"CP0001684","C001685","O0001685","2026-04-13","Payment","Low","2026-04-17","Resolved","5"
"CP0001685","C001686","O0001686","2026-04-14","Payment","Critical","2026-04-19","Resolved","1"
"CP0001686","C001687","O0001687","2026-04-15","Refund","Critical","2026-04-21","Resolved","2"
"CP0001687","C001688","O0001688","2026-04-16","Delivery","Medium","2026-04-23","Resolved","3"
"CP0001688","C001689","O0001689","2026-04-17","Delivery","Medium","","Open",""
"CP0001689","C001690","O0001690","2026-04-18","Product","Low","2026-04-27","Resolved","5"
"CP0001690","C001691","O0001691","2026-04-19","Support","High","2026-04-29","Resolved","1"
"CP0001691","C001692","O0001692","2026-04-20","Product","Critical","2026-05-01","Resolved","2"
"CP0001692","C001693","O0001693","2026-04-21","Refund","Medium","2026-04-21","Resolved","3"
"CP0001693","C001694","O0001694","2026-04-22","Support","High","2026-04-23","Resolved","4"
"CP0001694","C001695","O0001695","2026-04-23","Delivery","Critical","2026-04-25","Resolved","5"
"CP0001695","C001696","O0001696","2026-04-24","Support","Critical","2026-04-27","Resolved","1"
"CP0001696","C001697","O0001697","2026-04-25","Delivery","Low","","Open",""
"CP0001697","C001698","O0001698","2026-04-26","Delivery","High","2026-05-01","Resolved","3"
"CP0001698","C001699","O0001699","2026-04-27","Support","Medium","2026-05-03","Resolved","4"
"CP0001699","C001700","O0001700","2026-04-28","Payment","Medium","2026-05-05","Resolved","5"
"CP0001700","C001701","O0001701","2026-04-29","Product","High","2026-05-07","Resolved","1"
"CP0001701","C001702","O0001702","2026-04-30","Refund","Medium","2026-05-09","Resolved","2"
"CP0001702","C001703","O0001703","2026-05-01","Delivery","Critical","2026-05-11","Resolved","3"
"CP0001703","C001704","O0001704","2026-05-02","Payment","Low","2026-05-13","Resolved","4"
"CP0001704","C001705","O0001705","2026-05-03","Support","Low","","Open",""
"CP0001705","C001706","O0001706","2026-05-04","Refund","Low","2026-05-05","Resolved","1"
"CP0001706","C001707","O0001707","2026-05-05","Product","Low","2026-05-07","Resolved","2"
"CP0001707","C001708","O0001708","2026-05-06","Delivery","Low","2026-05-09","Resolved","3"
"CP0001708","C001709","O0001709","2026-05-07","Product","Medium","2026-05-11","Resolved","4"
"CP0001709","C001710","O0001710","2026-05-08","Refund","High","2026-05-13","Resolved","5"
"CP0001710","C001711","O0001711","2026-05-09","Product","Medium","2026-05-15","Resolved","1"
"CP0001711","C001712","O0001712","2026-05-10","Support","Low","2026-05-17","Resolved","2"
"CP0001712","C001713","O0001713","2026-05-11","Refund","Medium","","Open",""
"CP0001713","C001714","O0001714","2026-05-12","Support","Critical","2026-05-21","Resolved","4"
"CP0001714","C001715","O0001715","2026-05-13","Payment","Critical","2026-05-23","Resolved","5"
"CP0001715","C001716","O0001716","2026-05-14","Delivery","Low","2026-05-25","Resolved","1"
"CP0001716","C001717","O0001717","2026-05-15","Delivery","High","2026-05-15","Resolved","2"
"CP0001717","C001718","O0001718","2026-05-16","Payment","Critical","2026-05-17","Resolved","3"
"CP0001718","C001719","O0001719","2026-05-17","Payment","Critical","2026-05-19","Resolved","4"
"CP0001719","C001720","O0001720","2026-05-18","Payment","Critical","2026-05-21","Resolved","5"
"CP0001720","C001721","O0001721","2026-05-19","Payment","Low","","Open",""
"CP0001721","C001722","O0001722","2026-05-20","Refund","Medium","2026-05-25","Resolved","2"
"CP0001722","C001723","O0001723","2026-05-21","Refund","Critical","2026-05-27","Resolved","3"
"CP0001723","C001724","O0001724","2026-05-22","Support","Low","2026-05-29","Resolved","4"
"CP0001724","C001725","O0001725","2026-05-23","Refund","High","2026-05-31","Resolved","5"
"CP0001725","C001726","O0001726","2026-05-24","Product","Low","2026-06-02","Resolved","1"
"CP0001726","C001727","O0001727","2026-05-25","Support","High","2026-06-04","Resolved","2"
"CP0001727","C001728","O0001728","2026-05-26","Refund","Medium","2026-06-06","Resolved","3"
"CP0001728","C001729","O0001729","2026-05-27","Support","High","","Open",""
"CP0001729","C001730","O0001730","2026-05-28","Refund","Medium","2026-05-29","Resolved","5"
"CP0001730","C001731","O0001731","2026-05-29","Product","Low","2026-05-31","Resolved","1"
"CP0001731","C001732","O0001732","2026-05-30","Product","High","2026-06-02","Resolved","2"
"CP0001732","C001733","O0001733","2026-05-31","Support","Medium","2026-06-04","Resolved","3"
"CP0001733","C001734","O0001734","2026-06-01","Payment","High","2026-06-06","Resolved","4"
"CP0001734","C001735","O0001735","2026-06-02","Product","Medium","2026-06-08","Resolved","5"
"CP0001735","C001736","O0001736","2026-06-03","Delivery","High","2026-06-10","Resolved","1"
"CP0001736","C001737","O0001737","2026-06-04","Delivery","Medium","","Open",""
"CP0001737","C001738","O0001738","2026-06-05","Refund","Medium","2026-06-14","Resolved","3"
"CP0001738","C001739","O0001739","2026-06-06","Product","Low","2026-06-16","Resolved","4"
"CP0001739","C001740","O0001740","2026-06-07","Refund","Low","2026-06-18","Resolved","5"
"CP0001740","C001741","O0001741","2026-06-08","Payment","Critical","2026-06-08","Resolved","1"
"CP0001741","C001742","O0001742","2026-06-09","Product","High","2026-06-10","Resolved","2"
"CP0001742","C001743","O0001743","2026-06-10","Support","High","2026-06-12","Resolved","3"
"CP0001743","C001744","O0001744","2026-06-11","Delivery","Low","2026-06-14","Resolved","4"
"CP0001744","C001745","O0001745","2026-06-12","Product","Critical","","Open",""
"CP0001745","C001746","O0001746","2026-06-13","Delivery","Critical","2026-06-18","Resolved","1"
"CP0001746","C001747","O0001747","2026-06-14","Support","Medium","2026-06-20","Resolved","2"
"CP0001747","C001748","O0001748","2026-06-15","Payment","Low","2026-06-22","Resolved","3"
"CP0001748","C001749","O0001749","2026-06-16","Support","High","2026-06-24","Resolved","4"
"CP0001749","C001750","O0001750","2026-06-17","Support","High","2026-06-26","Resolved","5"
"CP0001750","C001751","O0001751","2026-06-18","Refund","Critical","2026-06-28","Resolved","1"
"CP0001751","C001752","O0001752","2026-06-19","Refund","Medium","2026-06-30","Resolved","2"
"CP0001752","C001753","O0001753","2026-06-20","Support","High","","Open",""
"CP0001753","C001754","O0001754","2026-06-21","Product","High","2026-06-22","Resolved","4"
"CP0001754","C001755","O0001755","2026-06-22","Payment","High","2026-06-24","Resolved","5"
"CP0001755","C001756","O0001756","2026-06-23","Payment","Critical","2026-06-26","Resolved","1"
"CP0001756","C001757","O0001757","2026-06-24","Support","High","2026-06-28","Resolved","2"
"CP0001757","C001758","O0001758","2026-06-25","Delivery","Low","2026-06-30","Resolved","3"
"CP0001758","C001759","O0001759","2026-06-26","Delivery","Medium","2026-07-02","Resolved","4"
"CP0001759","C001760","O0001760","2026-06-27","Delivery","Low","2026-07-04","Resolved","5"
"CP0001760","C001761","O0001761","2026-06-28","Delivery","High","","Open",""
"CP0001761","C001762","O0001762","2026-06-29","Support","Critical","2026-07-08","Resolved","2"
"CP0001762","C001763","O0001763","2026-06-30","Refund","Medium","2026-07-10","Resolved","3"
"CP0001763","C001764","O0001764","2026-07-01","Payment","Medium","2026-07-12","Resolved","4"
"CP0001764","C001765","O0001765","2026-07-02","Delivery","Low","2026-07-02","Resolved","5"
"CP0001765","C001766","O0001766","2026-07-03","Support","Critical","2026-07-04","Resolved","1"
"CP0001766","C001767","O0001767","2026-07-04","Support","High","2026-07-06","Resolved","2"
"CP0001767","C001768","O0001768","2026-07-05","Support","Medium","2026-07-08","Resolved","3"
"CP0001768","C001769","O0001769","2026-07-06","Support","Critical","","Open",""
"CP0001769","C001770","O0001770","2026-07-07","Support","Medium","2026-07-12","Resolved","5"
"CP0001770","C001771","O0001771","2026-07-08","Product","Medium","2026-07-14","Resolved","1"
"CP0001771","C001772","O0001772","2026-07-09","Support","Medium","2026-07-16","Resolved","2"
"CP0001772","C001773","O0001773","2026-07-10","Support","Low","2026-07-18","Resolved","3"
"CP0001773","C001774","O0001774","2026-07-11","Support","High","2026-07-20","Resolved","4"
"CP0001774","C001775","O0001775","2026-07-12","Payment","Low","2026-07-22","Resolved","5"
"CP0001775","C001776","O0001776","2026-07-13","Delivery","Low","2026-07-24","Resolved","1"
"CP0001776","C001777","O0001777","2026-07-14","Refund","Critical","","Open",""
"CP0001777","C001778","O0001778","2026-07-15","Payment","Low","2026-07-16","Resolved","3"
"CP0001778","C001779","O0001779","2026-07-16","Delivery","Medium","2026-07-18","Resolved","4"
"CP0001779","C001780","O0001780","2026-07-17","Product","Critical","2026-07-20","Resolved","5"
"CP0001780","C001781","O0001781","2026-07-18","Product","Medium","2026-07-22","Resolved","1"
"CP0001781","C001782","O0001782","2026-07-19","Support","Low","2026-07-24","Resolved","2"
"CP0001782","C001783","O0001783","2026-07-20","Payment","High","2026-07-26","Resolved","3"
"CP0001783","C001784","O0001784","2026-07-21","Product","Critical","2026-07-28","Resolved","4"
"CP0001784","C001785","O0001785","2026-07-22","Support","Medium","","Open",""
"CP0001785","C001786","O0001786","2026-07-23","Refund","Critical","2026-08-01","Resolved","1"
"CP0001786","C001787","O0001787","2026-07-24","Product","Critical","2026-08-03","Resolved","2"
"CP0001787","C001788","O0001788","2026-07-25","Payment","High","2026-08-05","Resolved","3"
"CP0001788","C001789","O0001789","2026-07-26","Delivery","Critical","2026-07-26","Resolved","4"
"CP0001789","C001790","O0001790","2026-07-27","Product","Low","2026-07-28","Resolved","5"
"CP0001790","C001791","O0001791","2026-07-28","Product","Medium","2026-07-30","Resolved","1"
"CP0001791","C001792","O0001792","2026-07-29","Refund","Medium","2026-08-01","Resolved","2"
"CP0001792","C001793","O0001793","2026-07-30","Product","Medium","","Open",""
"CP0001793","C001794","O0001794","2026-07-31","Product","Critical","2026-08-05","Resolved","4"
"CP0001794","C001795","O0001795","2026-08-01","Support","Critical","2026-08-07","Resolved","5"
"CP0001795","C001796","O0001796","2026-08-02","Payment","Low","2026-08-09","Resolved","1"
"CP0001796","C001797","O0001797","2026-08-03","Delivery","Medium","2026-08-11","Resolved","2"
"CP0001797","C001798","O0001798","2026-08-04","Support","High","2026-08-13","Resolved","3"
"CP0001798","C001799","O0001799","2026-08-05","Payment","Critical","2026-08-15","Resolved","4"
"CP0001799","C001800","O0001800","2026-08-06","Payment","Critical","2026-08-17","Resolved","5"
"CP0001800","C001801","O0001801","2026-08-07","Delivery","Low","","Open",""
"CP0001801","C001802","O0001802","2026-08-08","Refund","High","2026-08-09","Resolved","2"
"CP0001802","C001803","O0001803","2026-08-09","Support","High","2026-08-11","Resolved","3"
"CP0001803","C001804","O0001804","2026-08-10","Refund","Medium","2026-08-13","Resolved","4"
"CP0001804","C001805","O0001805","2026-08-11","Payment","Critical","2026-08-15","Resolved","5"
"CP0001805","C001806","O0001806","2026-08-12","Payment","High","2026-08-17","Resolved","1"
"CP0001806","C001807","O0001807","2026-08-13","Payment","Medium","2026-08-19","Resolved","2"
"CP0001807","C001808","O0001808","2026-08-14","Support","Low","2026-08-21","Resolved","3"
"CP0001808","C001809","O0001809","2026-08-15","Support","Critical","","Open",""
"CP0001809","C001810","O0001810","2026-08-16","Delivery","Critical","2026-08-25","Resolved","5"
"CP0001810","C001811","O0001811","2026-08-17","Support","Low","2026-08-27","Resolved","1"
"CP0001811","C001812","O0001812","2026-08-18","Delivery","Medium","2026-08-29","Resolved","2"
"CP0001812","C001813","O0001813","2026-08-19","Support","Critical","2026-08-19","Resolved","3"
"CP0001813","C001814","O0001814","2026-08-20","Payment","Low","2026-08-21","Resolved","4"
"CP0001814","C001815","O0001815","2026-08-21","Refund","Critical","2026-08-23","Resolved","5"
"CP0001815","C001816","O0001816","2026-08-22","Payment","Low","2026-08-25","Resolved","1"
"CP0001816","C001817","O0001817","2026-08-23","Support","Low","","Open",""
"CP0001817","C001818","O0001818","2026-08-24","Support","Critical","2026-08-29","Resolved","3"
"CP0001818","C001819","O0001819","2026-08-25","Support","Medium","2026-08-31","Resolved","4"
"CP0001819","C001820","O0001820","2026-08-26","Refund","High","2026-09-02","Resolved","5"
"CP0001820","C001821","O0001821","2026-08-27","Refund","Medium","2026-09-04","Resolved","1"
"CP0001821","C001822","O0001822","2026-08-28","Product","Medium","2026-09-06","Resolved","2"
"CP0001822","C001823","O0001823","2026-08-29","Refund","Low","2026-09-08","Resolved","3"
"CP0001823","C001824","O0001824","2026-08-30","Product","Medium","2026-09-10","Resolved","4"
"CP0001824","C001825","O0001825","2026-08-31","Support","High","","Open",""
"CP0001825","C001826","O0001826","2025-09-01","Delivery","Medium","2025-09-02","Resolved","1"
"CP0001826","C001827","O0001827","2025-09-02","Support","Medium","2025-09-04","Resolved","2"
"CP0001827","C001828","O0001828","2025-09-03","Refund","Low","2025-09-06","Resolved","3"
"CP0001828","C001829","O0001829","2025-09-04","Support","High","2025-09-08","Resolved","4"
"CP0001829","C001830","O0001830","2025-09-05","Delivery","High","2025-09-10","Resolved","5"
"CP0001830","C001831","O0001831","2025-09-06","Payment","Critical","2025-09-12","Resolved","1"
"CP0001831","C001832","O0001832","2025-09-07","Delivery","High","2025-09-14","Resolved","2"
"CP0001832","C001833","O0001833","2025-09-08","Product","Critical","","Open",""
"CP0001833","C001834","O0001834","2025-09-09","Support","Low","2025-09-18","Resolved","4"
"CP0001834","C001835","O0001835","2025-09-10","Support","High","2025-09-20","Resolved","5"
"CP0001835","C001836","O0001836","2025-09-11","Support","Critical","2025-09-22","Resolved","1"
"CP0001836","C001837","O0001837","2025-09-12","Delivery","Low","2025-09-12","Resolved","2"
"CP0001837","C001838","O0001838","2025-09-13","Product","Low","2025-09-14","Resolved","3"
"CP0001838","C001839","O0001839","2025-09-14","Payment","Critical","2025-09-16","Resolved","4"
"CP0001839","C001840","O0001840","2025-09-15","Payment","High","2025-09-18","Resolved","5"
"CP0001840","C001841","O0001841","2025-09-16","Delivery","Low","","Open",""
"CP0001841","C001842","O0001842","2025-09-17","Support","Critical","2025-09-22","Resolved","2"
"CP0001842","C001843","O0001843","2025-09-18","Support","High","2025-09-24","Resolved","3"
"CP0001843","C001844","O0001844","2025-09-19","Support","Medium","2025-09-26","Resolved","4"
"CP0001844","C001845","O0001845","2025-09-20","Delivery","Low","2025-09-28","Resolved","5"
"CP0001845","C001846","O0001846","2025-09-21","Support","Critical","2025-09-30","Resolved","1"
"CP0001846","C001847","O0001847","2025-09-22","Support","High","2025-10-02","Resolved","2"
"CP0001847","C001848","O0001848","2025-09-23","Delivery","Low","2025-10-04","Resolved","3"
"CP0001848","C001849","O0001849","2025-09-24","Refund","Medium","","Open",""
"CP0001849","C001850","O0001850","2025-09-25","Support","High","2025-09-26","Resolved","5"
"CP0001850","C001851","O0001851","2025-09-26","Product","High","2025-09-28","Resolved","1"
"CP0001851","C001852","O0001852","2025-09-27","Delivery","Low","2025-09-30","Resolved","2"
"CP0001852","C001853","O0001853","2025-09-28","Payment","High","2025-10-02","Resolved","3"
"CP0001853","C001854","O0001854","2025-09-29","Support","Low","2025-10-04","Resolved","4"
"CP0001854","C001855","O0001855","2025-09-30","Refund","Critical","2025-10-06","Resolved","5"
"CP0001855","C001856","O0001856","2025-10-01","Refund","Medium","2025-10-08","Resolved","1"
"CP0001856","C001857","O0001857","2025-10-02","Delivery","Medium","","Open",""
"CP0001857","C001858","O0001858","2025-10-03","Support","Low","2025-10-12","Resolved","3"
"CP0001858","C001859","O0001859","2025-10-04","Delivery","High","2025-10-14","Resolved","4"
"CP0001859","C001860","O0001860","2025-10-05","Refund","Low","2025-10-16","Resolved","5"
"CP0001860","C001861","O0001861","2025-10-06","Payment","Critical","2025-10-06","Resolved","1"
"CP0001861","C001862","O0001862","2025-10-07","Delivery","Medium","2025-10-08","Resolved","2"
"CP0001862","C001863","O0001863","2025-10-08","Product","High","2025-10-10","Resolved","3"
"CP0001863","C001864","O0001864","2025-10-09","Support","Low","2025-10-12","Resolved","4"
"CP0001864","C001865","O0001865","2025-10-10","Product","High","","Open",""
"CP0001865","C001866","O0001866","2025-10-11","Payment","High","2025-10-16","Resolved","1"
"CP0001866","C001867","O0001867","2025-10-12","Refund","High","2025-10-18","Resolved","2"
"CP0001867","C001868","O0001868","2025-10-13","Refund","High","2025-10-20","Resolved","3"
"CP0001868","C001869","O0001869","2025-10-14","Support","Medium","2025-10-22","Resolved","4"
"CP0001869","C001870","O0001870","2025-10-15","Support","Low","2025-10-24","Resolved","5"
"CP0001870","C001871","O0001871","2025-10-16","Product","Medium","2025-10-26","Resolved","1"
"CP0001871","C001872","O0001872","2025-10-17","Delivery","High","2025-10-28","Resolved","2"
"CP0001872","C001873","O0001873","2025-10-18","Delivery","Critical","","Open",""
"CP0001873","C001874","O0001874","2025-10-19","Product","Medium","2025-10-20","Resolved","4"
"CP0001874","C001875","O0001875","2025-10-20","Product","Low","2025-10-22","Resolved","5"
"CP0001875","C001876","O0001876","2025-10-21","Delivery","High","2025-10-24","Resolved","1"
"CP0001876","C001877","O0001877","2025-10-22","Delivery","Medium","2025-10-26","Resolved","2"
"CP0001877","C001878","O0001878","2025-10-23","Delivery","Low","2025-10-28","Resolved","3"
"CP0001878","C001879","O0001879","2025-10-24","Refund","High","2025-10-30","Resolved","4"
"CP0001879","C001880","O0001880","2025-10-25","Support","Medium","2025-11-01","Resolved","5"
"CP0001880","C001881","O0001881","2025-10-26","Delivery","Medium","","Open",""
"CP0001881","C001882","O0001882","2025-10-27","Payment","Low","2025-11-05","Resolved","2"
"CP0001882","C001883","O0001883","2025-10-28","Refund","High","2025-11-07","Resolved","3"
"CP0001883","C001884","O0001884","2025-10-29","Payment","Critical","2025-11-09","Resolved","4"
"CP0001884","C001885","O0001885","2025-10-30","Delivery","Low","2025-10-30","Resolved","5"
"CP0001885","C001886","O0001886","2025-10-31","Payment","High","2025-11-01","Resolved","1"
"CP0001886","C001887","O0001887","2025-11-01","Payment","High","2025-11-03","Resolved","2"
"CP0001887","C001888","O0001888","2025-11-02","Delivery","Medium","2025-11-05","Resolved","3"
"CP0001888","C001889","O0001889","2025-11-03","Support","Medium","","Open",""
"CP0001889","C001890","O0001890","2025-11-04","Payment","Low","2025-11-09","Resolved","5"
"CP0001890","C001891","O0001891","2025-11-05","Payment","Low","2025-11-11","Resolved","1"
"CP0001891","C001892","O0001892","2025-11-06","Payment","Critical","2025-11-13","Resolved","2"
"CP0001892","C001893","O0001893","2025-11-07","Support","High","2025-11-15","Resolved","3"
"CP0001893","C001894","O0001894","2025-11-08","Product","Critical","2025-11-17","Resolved","4"
"CP0001894","C001895","O0001895","2025-11-09","Payment","Medium","2025-11-19","Resolved","5"
"CP0001895","C001896","O0001896","2025-11-10","Refund","High","2025-11-21","Resolved","1"
"CP0001896","C001897","O0001897","2025-11-11","Refund","High","","Open",""
"CP0001897","C001898","O0001898","2025-11-12","Refund","Medium","2025-11-13","Resolved","3"
"CP0001898","C001899","O0001899","2025-11-13","Delivery","Medium","2025-11-15","Resolved","4"
"CP0001899","C001900","O0001900","2025-11-14","Support","Low","2025-11-17","Resolved","5"
"CP0001900","C001901","O0001901","2025-11-15","Refund","Medium","2025-11-19","Resolved","1"
"CP0001901","C001902","O0001902","2025-11-16","Payment","Critical","2025-11-21","Resolved","2"
"CP0001902","C001903","O0001903","2025-11-17","Delivery","High","2025-11-23","Resolved","3"
"CP0001903","C001904","O0001904","2025-11-18","Product","Low","2025-11-25","Resolved","4"
"CP0001904","C001905","O0001905","2025-11-19","Refund","High","","Open",""
"CP0001905","C001906","O0001906","2025-11-20","Delivery","Medium","2025-11-29","Resolved","1"
"CP0001906","C001907","O0001907","2025-11-21","Delivery","Low","2025-12-01","Resolved","2"
"CP0001907","C001908","O0001908","2025-11-22","Support","Low","2025-12-03","Resolved","3"
"CP0001908","C001909","O0001909","2025-11-23","Delivery","High","2025-11-23","Resolved","4"
"CP0001909","C001910","O0001910","2025-11-24","Product","Low","2025-11-25","Resolved","5"
"CP0001910","C001911","O0001911","2025-11-25","Product","Medium","2025-11-27","Resolved","1"
"CP0001911","C001912","O0001912","2025-11-26","Refund","Critical","2025-11-29","Resolved","2"
"CP0001912","C001913","O0001913","2025-11-27","Product","High","","Open",""
"CP0001913","C001914","O0001914","2025-11-28","Product","Critical","2025-12-03","Resolved","4"
"CP0001914","C001915","O0001915","2025-11-29","Delivery","Low","2025-12-05","Resolved","5"
"CP0001915","C001916","O0001916","2025-11-30","Support","Low","2025-12-07","Resolved","1"
"CP0001916","C001917","O0001917","2025-12-01","Product","High","2025-12-09","Resolved","2"
"CP0001917","C001918","O0001918","2025-12-02","Refund","Medium","2025-12-11","Resolved","3"
"CP0001918","C001919","O0001919","2025-12-03","Delivery","High","2025-12-13","Resolved","4"
"CP0001919","C001920","O0001920","2025-12-04","Refund","Medium","2025-12-15","Resolved","5"
"CP0001920","C001921","O0001921","2025-12-05","Refund","Low","","Open",""
"CP0001921","C001922","O0001922","2025-12-06","Product","High","2025-12-07","Resolved","2"
"CP0001922","C001923","O0001923","2025-12-07","Support","Medium","2025-12-09","Resolved","3"
"CP0001923","C001924","O0001924","2025-12-08","Support","High","2025-12-11","Resolved","4"
"CP0001924","C001925","O0001925","2025-12-09","Support","High","2025-12-13","Resolved","5"
"CP0001925","C001926","O0001926","2025-12-10","Refund","Low","2025-12-15","Resolved","1"
"CP0001926","C001927","O0001927","2025-12-11","Delivery","Low","2025-12-17","Resolved","2"
"CP0001927","C001928","O0001928","2025-12-12","Support","High","2025-12-19","Resolved","3"
"CP0001928","C001929","O0001929","2025-12-13","Delivery","Medium","","Open",""
"CP0001929","C001930","O0001930","2025-12-14","Support","Critical","2025-12-23","Resolved","5"
"CP0001930","C001931","O0001931","2025-12-15","Payment","High","2025-12-25","Resolved","1"
"CP0001931","C001932","O0001932","2025-12-16","Refund","High","2025-12-27","Resolved","2"
"CP0001932","C001933","O0001933","2025-12-17","Support","Critical","2025-12-17","Resolved","3"
"CP0001933","C001934","O0001934","2025-12-18","Product","Low","2025-12-19","Resolved","4"
"CP0001934","C001935","O0001935","2025-12-19","Support","Medium","2025-12-21","Resolved","5"
"CP0001935","C001936","O0001936","2025-12-20","Product","Low","2025-12-23","Resolved","1"
"CP0001936","C001937","O0001937","2025-12-21","Product","Low","","Open",""
"CP0001937","C001938","O0001938","2025-12-22","Support","Low","2025-12-27","Resolved","3"
"CP0001938","C001939","O0001939","2025-12-23","Refund","High","2025-12-29","Resolved","4"
"CP0001939","C001940","O0001940","2025-12-24","Refund","Low","2025-12-31","Resolved","5"
"CP0001940","C001941","O0001941","2025-12-25","Payment","Low","2026-01-02","Resolved","1"
"CP0001941","C001942","O0001942","2025-12-26","Delivery","Medium","2026-01-04","Resolved","2"
"CP0001942","C001943","O0001943","2025-12-27","Delivery","Medium","2026-01-06","Resolved","3"
"CP0001943","C001944","O0001944","2025-12-28","Support","Low","2026-01-08","Resolved","4"
"CP0001944","C001945","O0001945","2025-12-29","Refund","Critical","","Open",""
"CP0001945","C001946","O0001946","2025-12-30","Delivery","Medium","2025-12-31","Resolved","1"
"CP0001946","C001947","O0001947","2025-12-31","Delivery","High","2026-01-02","Resolved","2"
"CP0001947","C001948","O0001948","2026-01-01","Delivery","Critical","2026-01-04","Resolved","3"
"CP0001948","C001949","O0001949","2026-01-02","Refund","Critical","2026-01-06","Resolved","4"
"CP0001949","C001950","O0001950","2026-01-03","Product","Low","2026-01-08","Resolved","5"
"CP0001950","C001951","O0001951","2026-01-04","Delivery","Critical","2026-01-10","Resolved","1"
"CP0001951","C001952","O0001952","2026-01-05","Delivery","Medium","2026-01-12","Resolved","2"
"CP0001952","C001953","O0001953","2026-01-06","Delivery","Medium","","Open",""
"CP0001953","C001954","O0001954","2026-01-07","Refund","Low","2026-01-16","Resolved","4"
"CP0001954","C001955","O0001955","2026-01-08","Payment","Medium","2026-01-18","Resolved","5"
"CP0001955","C001956","O0001956","2026-01-09","Support","High","2026-01-20","Resolved","1"
"CP0001956","C001957","O0001957","2026-01-10","Payment","Low","2026-01-10","Resolved","2"
"CP0001957","C001958","O0001958","2026-01-11","Support","Low","2026-01-12","Resolved","3"
"CP0001958","C001959","O0001959","2026-01-12","Product","Medium","2026-01-14","Resolved","4"
"CP0001959","C001960","O0001960","2026-01-13","Delivery","Medium","2026-01-16","Resolved","5"
"CP0001960","C001961","O0001961","2026-01-14","Delivery","Low","","Open",""
"CP0001961","C001962","O0001962","2026-01-15","Refund","Low","2026-01-20","Resolved","2"
"CP0001962","C001963","O0001963","2026-01-16","Support","Low","2026-01-22","Resolved","3"
"CP0001963","C001964","O0001964","2026-01-17","Refund","Critical","2026-01-24","Resolved","4"
"CP0001964","C001965","O0001965","2026-01-18","Support","Critical","2026-01-26","Resolved","5"
"CP0001965","C001966","O0001966","2026-01-19","Refund","Critical","2026-01-28","Resolved","1"
"CP0001966","C001967","O0001967","2026-01-20","Delivery","Medium","2026-01-30","Resolved","2"
"CP0001967","C001968","O0001968","2026-01-21","Refund","Low","2026-02-01","Resolved","3"
"CP0001968","C001969","O0001969","2026-01-22","Payment","High","","Open",""
"CP0001969","C001970","O0001970","2026-01-23","Product","Low","2026-01-24","Resolved","5"
"CP0001970","C001971","O0001971","2026-01-24","Payment","Medium","2026-01-26","Resolved","1"
"CP0001971","C001972","O0001972","2026-01-25","Delivery","Low","2026-01-28","Resolved","2"
"CP0001972","C001973","O0001973","2026-01-26","Product","High","2026-01-30","Resolved","3"
"CP0001973","C001974","O0001974","2026-01-27","Support","High","2026-02-01","Resolved","4"
"CP0001974","C001975","O0001975","2026-01-28","Payment","Medium","2026-02-03","Resolved","5"
"CP0001975","C001976","O0001976","2026-01-29","Payment","High","2026-02-05","Resolved","1"
"CP0001976","C001977","O0001977","2026-01-30","Support","Medium","","Open",""
"CP0001977","C001978","O0001978","2026-01-31","Support","Medium","2026-02-09","Resolved","3"
"CP0001978","C001979","O0001979","2026-02-01","Support","High","2026-02-11","Resolved","4"
"CP0001979","C001980","O0001980","2026-02-02","Product","High","2026-02-13","Resolved","5"
"CP0001980","C001981","O0001981","2026-02-03","Payment","High","2026-02-03","Resolved","1"
"CP0001981","C001982","O0001982","2026-02-04","Delivery","Low","2026-02-05","Resolved","2"
"CP0001982","C001983","O0001983","2026-02-05","Refund","Medium","2026-02-07","Resolved","3"
"CP0001983","C001984","O0001984","2026-02-06","Product","Critical","2026-02-09","Resolved","4"
"CP0001984","C001985","O0001985","2026-02-07","Refund","Critical","","Open",""
"CP0001985","C001986","O0001986","2026-02-08","Support","Low","2026-02-13","Resolved","1"
"CP0001986","C001987","O0001987","2026-02-09","Product","High","2026-02-15","Resolved","2"
"CP0001987","C001988","O0001988","2026-02-10","Refund","Critical","2026-02-17","Resolved","3"
"CP0001988","C001989","O0001989","2026-02-11","Delivery","Critical","2026-02-19","Resolved","4"
"CP0001989","C001990","O0001990","2026-02-12","Refund","Critical","2026-02-21","Resolved","5"
"CP0001990","C001991","O0001991","2026-02-13","Product","Critical","2026-02-23","Resolved","1"
"CP0001991","C001992","O0001992","2026-02-14","Support","Critical","2026-02-25","Resolved","2"
"CP0001992","C001993","O0001993","2026-02-15","Support","Critical","","Open",""
"CP0001993","C001994","O0001994","2026-02-16","Delivery","Critical","2026-02-17","Resolved","4"
"CP0001994","C001995","O0001995","2026-02-17","Refund","Critical","2026-02-19","Resolved","5"
"CP0001995","C001996","O0001996","2026-02-18","Refund","Critical","2026-02-21","Resolved","1"
"CP0001996","C001997","O0001997","2026-02-19","Refund","Medium","2026-02-23","Resolved","2"
"CP0001997","C001998","O0001998","2026-02-20","Payment","Low","2026-02-25","Resolved","3"
"CP0001998","C001999","O0001999","2026-02-21","Product","Low","2026-02-27","Resolved","4"
"CP0001999","C002000","O0002000","2026-02-22","Support","High","2026-03-01","Resolved","5"
"CP0002000","C002001","O0002001","2026-02-23","Payment","Medium","","Open",""
"CP0002001","C002002","O0002002","2026-02-24","Product","Medium","2026-03-05","Resolved","2"
"CP0002002","C002003","O0002003","2026-02-25","Payment","High","2026-03-07","Resolved","3"
"CP0002003","C002004","O0002004","2026-02-26","Payment","Critical","2026-03-09","Resolved","4"
"CP0002004","C002005","O0002005","2026-02-27","Refund","Medium","2026-02-27","Resolved","5"
"CP0002005","C002006","O0002006","2026-02-28","Delivery","Critical","2026-03-01","Resolved","1"
"CP0002006","C002007","O0002007","2026-03-01","Payment","Medium","2026-03-03","Resolved","2"
"CP0002007","C002008","O0002008","2026-03-02","Refund","High","2026-03-05","Resolved","3"
"CP0002008","C002009","O0002009","2026-03-03","Payment","Low","","Open",""
"CP0002009","C002010","O0002010","2026-03-04","Product","Medium","2026-03-09","Resolved","5"
"CP0002010","C002011","O0002011","2026-03-05","Product","Low","2026-03-11","Resolved","1"
"CP0002011","C002012","O0002012","2026-03-06","Payment","High","2026-03-13","Resolved","2"
"CP0002012","C002013","O0002013","2026-03-07","Delivery","Critical","2026-03-15","Resolved","3"
"CP0002013","C002014","O0002014","2026-03-08","Product","Low","2026-03-17","Resolved","4"
"CP0002014","C002015","O0002015","2026-03-09","Refund","Critical","2026-03-19","Resolved","5"
"CP0002015","C002016","O0002016","2026-03-10","Support","Critical","2026-03-21","Resolved","1"
"CP0002016","C002017","O0002017","2026-03-11","Support","Medium","","Open",""
"CP0002017","C002018","O0002018","2026-03-12","Product","Critical","2026-03-13","Resolved","3"
"CP0002018","C002019","O0002019","2026-03-13","Product","High","2026-03-15","Resolved","4"
"CP0002019","C002020","O0002020","2026-03-14","Payment","High","2026-03-17","Resolved","5"
"CP0002020","C002021","O0002021","2026-03-15","Product","High","2026-03-19","Resolved","1"
"CP0002021","C002022","O0002022","2026-03-16","Support","High","2026-03-21","Resolved","2"
"CP0002022","C002023","O0002023","2026-03-17","Payment","Critical","2026-03-23","Resolved","3"
"CP0002023","C002024","O0002024","2026-03-18","Support","Low","2026-03-25","Resolved","4"
"CP0002024","C002025","O0002025","2026-03-19","Product","Critical","","Open",""
"CP0002025","C002026","O0002026","2026-03-20","Support","High","2026-03-29","Resolved","1"
"CP0002026","C002027","O0002027","2026-03-21","Support","Critical","2026-03-31","Resolved","2"
"CP0002027","C002028","O0002028","2026-03-22","Product","Low","2026-04-02","Resolved","3"
"CP0002028","C002029","O0002029","2026-03-23","Delivery","Medium","2026-03-23","Resolved","4"
"CP0002029","C002030","O0002030","2026-03-24","Refund","Medium","2026-03-25","Resolved","5"
"CP0002030","C002031","O0002031","2026-03-25","Delivery","Critical","2026-03-27","Resolved","1"
"CP0002031","C002032","O0002032","2026-03-26","Support","Critical","2026-03-29","Resolved","2"
"CP0002032","C002033","O0002033","2026-03-27","Refund","Critical","","Open",""
"CP0002033","C002034","O0002034","2026-03-28","Product","Critical","2026-04-02","Resolved","4"
"CP0002034","C002035","O0002035","2026-03-29","Payment","High","2026-04-04","Resolved","5"
"CP0002035","C002036","O0002036","2026-03-30","Payment","Medium","2026-04-06","Resolved","1"
"CP0002036","C002037","O0002037","2026-03-31","Support","High","2026-04-08","Resolved","2"
"CP0002037","C002038","O0002038","2026-04-01","Support","Medium","2026-04-10","Resolved","3"
"CP0002038","C002039","O0002039","2026-04-02","Product","High","2026-04-12","Resolved","4"
"CP0002039","C002040","O0002040","2026-04-03","Refund","Critical","2026-04-14","Resolved","5"
"CP0002040","C002041","O0002041","2026-04-04","Support","Critical","","Open",""
"CP0002041","C002042","O0002042","2026-04-05","Product","High","2026-04-06","Resolved","2"
"CP0002042","C002043","O0002043","2026-04-06","Refund","Medium","2026-04-08","Resolved","3"
"CP0002043","C002044","O0002044","2026-04-07","Support","Low","2026-04-10","Resolved","4"
"CP0002044","C002045","O0002045","2026-04-08","Refund","Low","2026-04-12","Resolved","5"
"CP0002045","C002046","O0002046","2026-04-09","Refund","High","2026-04-14","Resolved","1"
"CP0002046","C002047","O0002047","2026-04-10","Support","High","2026-04-16","Resolved","2"
"CP0002047","C002048","O0002048","2026-04-11","Payment","Low","2026-04-18","Resolved","3"
"CP0002048","C002049","O0002049","2026-04-12","Payment","Medium","","Open",""
"CP0002049","C002050","O0002050","2026-04-13","Payment","Low","2026-04-22","Resolved","5"
"CP0002050","C002051","O0002051","2026-04-14","Payment","Critical","2026-04-24","Resolved","1"
"CP0002051","C002052","O0002052","2026-04-15","Delivery","Critical","2026-04-26","Resolved","2"
"CP0002052","C002053","O0002053","2026-04-16","Delivery","Medium","2026-04-16","Resolved","3"
"CP0002053","C002054","O0002054","2026-04-17","Support","High","2026-04-18","Resolved","4"
"CP0002054","C002055","O0002055","2026-04-18","Support","Low","2026-04-20","Resolved","5"
"CP0002055","C002056","O0002056","2026-04-19","Support","Medium","2026-04-22","Resolved","1"
"CP0002056","C002057","O0002057","2026-04-20","Payment","Low","","Open",""
"CP0002057","C002058","O0002058","2026-04-21","Support","High","2026-04-26","Resolved","3"
"CP0002058","C002059","O0002059","2026-04-22","Refund","Medium","2026-04-28","Resolved","4"
"CP0002059","C002060","O0002060","2026-04-23","Product","Medium","2026-04-30","Resolved","5"
"CP0002060","C002061","O0002061","2026-04-24","Payment","Low","2026-05-02","Resolved","1"
"CP0002061","C002062","O0002062","2026-04-25","Refund","Medium","2026-05-04","Resolved","2"
"CP0002062","C002063","O0002063","2026-04-26","Support","High","2026-05-06","Resolved","3"
"CP0002063","C002064","O0002064","2026-04-27","Payment","Low","2026-05-08","Resolved","4"
"CP0002064","C002065","O0002065","2026-04-28","Product","Critical","","Open",""
"CP0002065","C002066","O0002066","2026-04-29","Support","Critical","2026-04-30","Resolved","1"
"CP0002066","C002067","O0002067","2026-04-30","Refund","Medium","2026-05-02","Resolved","2"
"CP0002067","C002068","O0002068","2026-05-01","Payment","Low","2026-05-04","Resolved","3"
"CP0002068","C002069","O0002069","2026-05-02","Refund","High","2026-05-06","Resolved","4"
"CP0002069","C002070","O0002070","2026-05-03","Payment","Low","2026-05-08","Resolved","5"
"CP0002070","C002071","O0002071","2026-05-04","Refund","Critical","2026-05-10","Resolved","1"
"CP0002071","C002072","O0002072","2026-05-05","Product","Medium","2026-05-12","Resolved","2"
"CP0002072","C002073","O0002073","2026-05-06","Support","Medium","","Open",""
"CP0002073","C002074","O0002074","2026-05-07","Payment","High","2026-05-16","Resolved","4"
"CP0002074","C002075","O0002075","2026-05-08","Support","High","2026-05-18","Resolved","5"
"CP0002075","C002076","O0002076","2026-05-09","Payment","High","2026-05-20","Resolved","1"
"CP0002076","C002077","O0002077","2026-05-10","Refund","Medium","2026-05-10","Resolved","2"
"CP0002077","C002078","O0002078","2026-05-11","Delivery","Medium","2026-05-12","Resolved","3"
"CP0002078","C002079","O0002079","2026-05-12","Refund","Medium","2026-05-14","Resolved","4"
"CP0002079","C002080","O0002080","2026-05-13","Product","Critical","2026-05-16","Resolved","5"
"CP0002080","C002081","O0002081","2026-05-14","Support","Critical","","Open",""
"CP0002081","C002082","O0002082","2026-05-15","Product","High","2026-05-20","Resolved","2"
"CP0002082","C002083","O0002083","2026-05-16","Support","Low","2026-05-22","Resolved","3"
"CP0002083","C002084","O0002084","2026-05-17","Payment","Low","2026-05-24","Resolved","4"
"CP0002084","C002085","O0002085","2026-05-18","Delivery","Critical","2026-05-26","Resolved","5"
"CP0002085","C002086","O0002086","2026-05-19","Refund","Medium","2026-05-28","Resolved","1"
"CP0002086","C002087","O0002087","2026-05-20","Product","High","2026-05-30","Resolved","2"
"CP0002087","C002088","O0002088","2026-05-21","Product","Low","2026-06-01","Resolved","3"
"CP0002088","C002089","O0002089","2026-05-22","Refund","Medium","","Open",""
"CP0002089","C002090","O0002090","2026-05-23","Support","High","2026-05-24","Resolved","5"
"CP0002090","C002091","O0002091","2026-05-24","Product","Critical","2026-05-26","Resolved","1"
"CP0002091","C002092","O0002092","2026-05-25","Delivery","Critical","2026-05-28","Resolved","2"
"CP0002092","C002093","O0002093","2026-05-26","Payment","Critical","2026-05-30","Resolved","3"
"CP0002093","C002094","O0002094","2026-05-27","Support","Critical","2026-06-01","Resolved","4"
"CP0002094","C002095","O0002095","2026-05-28","Product","Critical","2026-06-03","Resolved","5"
"CP0002095","C002096","O0002096","2026-05-29","Product","Critical","2026-06-05","Resolved","1"
"CP0002096","C002097","O0002097","2026-05-30","Product","Medium","","Open",""
"CP0002097","C002098","O0002098","2026-05-31","Support","Critical","2026-06-09","Resolved","3"
"CP0002098","C002099","O0002099","2026-06-01","Delivery","Medium","2026-06-11","Resolved","4"
"CP0002099","C002100","O0002100","2026-06-02","Product","Medium","2026-06-13","Resolved","5"
"CP0002100","C002101","O0002101","2026-06-03","Payment","High","2026-06-03","Resolved","1"
"CP0002101","C002102","O0002102","2026-06-04","Delivery","High","2026-06-05","Resolved","2"
"CP0002102","C002103","O0002103","2026-06-05","Delivery","Critical","2026-06-07","Resolved","3"
"CP0002103","C002104","O0002104","2026-06-06","Refund","Critical","2026-06-09","Resolved","4"
"CP0002104","C002105","O0002105","2026-06-07","Support","Medium","","Open",""
"CP0002105","C002106","O0002106","2026-06-08","Delivery","Low","2026-06-13","Resolved","1"
"CP0002106","C002107","O0002107","2026-06-09","Product","Low","2026-06-15","Resolved","2"
"CP0002107","C002108","O0002108","2026-06-10","Product","Medium","2026-06-17","Resolved","3"
"CP0002108","C002109","O0002109","2026-06-11","Support","Low","2026-06-19","Resolved","4"
"CP0002109","C002110","O0002110","2026-06-12","Support","Low","2026-06-21","Resolved","5"
"CP0002110","C002111","O0002111","2026-06-13","Delivery","Medium","2026-06-23","Resolved","1"
"CP0002111","C002112","O0002112","2026-06-14","Product","High","2026-06-25","Resolved","2"
"CP0002112","C002113","O0002113","2026-06-15","Support","High","","Open",""
"CP0002113","C002114","O0002114","2026-06-16","Delivery","Critical","2026-06-17","Resolved","4"
"CP0002114","C002115","O0002115","2026-06-17","Payment","High","2026-06-19","Resolved","5"
"CP0002115","C002116","O0002116","2026-06-18","Support","Critical","2026-06-21","Resolved","1"
"CP0002116","C002117","O0002117","2026-06-19","Refund","Medium","2026-06-23","Resolved","2"
"CP0002117","C002118","O0002118","2026-06-20","Payment","Low","2026-06-25","Resolved","3"
"CP0002118","C002119","O0002119","2026-06-21","Product","Low","2026-06-27","Resolved","4"
"CP0002119","C002120","O0002120","2026-06-22","Support","Medium","2026-06-29","Resolved","5"
"CP0002120","C002121","O0002121","2026-06-23","Payment","High","","Open",""
"CP0002121","C002122","O0002122","2026-06-24","Support","Critical","2026-07-03","Resolved","2"
"CP0002122","C002123","O0002123","2026-06-25","Support","Medium","2026-07-05","Resolved","3"
"CP0002123","C002124","O0002124","2026-06-26","Support","Medium","2026-07-07","Resolved","4"
"CP0002124","C002125","O0002125","2026-06-27","Support","High","2026-06-27","Resolved","5"
"CP0002125","C002126","O0002126","2026-06-28","Refund","Low","2026-06-29","Resolved","1"
"CP0002126","C002127","O0002127","2026-06-29","Refund","Medium","2026-07-01","Resolved","2"
"CP0002127","C002128","O0002128","2026-06-30","Product","High","2026-07-03","Resolved","3"
"CP0002128","C002129","O0002129","2026-07-01","Product","Low","","Open",""
"CP0002129","C002130","O0002130","2026-07-02","Payment","Low","2026-07-07","Resolved","5"
"CP0002130","C002131","O0002131","2026-07-03","Product","Low","2026-07-09","Resolved","1"
"CP0002131","C002132","O0002132","2026-07-04","Refund","Low","2026-07-11","Resolved","2"
"CP0002132","C002133","O0002133","2026-07-05","Support","High","2026-07-13","Resolved","3"
"CP0002133","C002134","O0002134","2026-07-06","Payment","Low","2026-07-15","Resolved","4"
"CP0002134","C002135","O0002135","2026-07-07","Support","High","2026-07-17","Resolved","5"
"CP0002135","C002136","O0002136","2026-07-08","Payment","Medium","2026-07-19","Resolved","1"
"CP0002136","C002137","O0002137","2026-07-09","Delivery","Medium","","Open",""
"CP0002137","C002138","O0002138","2026-07-10","Payment","Critical","2026-07-11","Resolved","3"
"CP0002138","C002139","O0002139","2026-07-11","Support","Critical","2026-07-13","Resolved","4"
"CP0002139","C002140","O0002140","2026-07-12","Product","Critical","2026-07-15","Resolved","5"
"CP0002140","C002141","O0002141","2026-07-13","Refund","Critical","2026-07-17","Resolved","1"
"CP0002141","C002142","O0002142","2026-07-14","Support","High","2026-07-19","Resolved","2"
"CP0002142","C002143","O0002143","2026-07-15","Support","Medium","2026-07-21","Resolved","3"
"CP0002143","C002144","O0002144","2026-07-16","Delivery","Medium","2026-07-23","Resolved","4"
"CP0002144","C002145","O0002145","2026-07-17","Refund","Critical","","Open",""
"CP0002145","C002146","O0002146","2026-07-18","Refund","Critical","2026-07-27","Resolved","1"
"CP0002146","C002147","O0002147","2026-07-19","Product","Low","2026-07-29","Resolved","2"
"CP0002147","C002148","O0002148","2026-07-20","Delivery","Medium","2026-07-31","Resolved","3"
"CP0002148","C002149","O0002149","2026-07-21","Refund","Critical","2026-07-21","Resolved","4"
"CP0002149","C002150","O0002150","2026-07-22","Refund","Medium","2026-07-23","Resolved","5"
"CP0002150","C002151","O0002151","2026-07-23","Support","Critical","2026-07-25","Resolved","1"
"CP0002151","C002152","O0002152","2026-07-24","Payment","Critical","2026-07-27","Resolved","2"
"CP0002152","C002153","O0002153","2026-07-25","Product","Medium","","Open",""
"CP0002153","C002154","O0002154","2026-07-26","Product","Medium","2026-07-31","Resolved","4"
"CP0002154","C002155","O0002155","2026-07-27","Support","Low","2026-08-02","Resolved","5"
"CP0002155","C002156","O0002156","2026-07-28","Refund","Medium","2026-08-04","Resolved","1"
"CP0002156","C002157","O0002157","2026-07-29","Payment","Medium","2026-08-06","Resolved","2"
"CP0002157","C002158","O0002158","2026-07-30","Refund","Medium","2026-08-08","Resolved","3"
"CP0002158","C002159","O0002159","2026-07-31","Payment","Medium","2026-08-10","Resolved","4"
"CP0002159","C002160","O0002160","2026-08-01","Delivery","Low","2026-08-12","Resolved","5"
"CP0002160","C002161","O0002161","2026-08-02","Payment","Medium","","Open",""
"CP0002161","C002162","O0002162","2026-08-03","Payment","Critical","2026-08-04","Resolved","2"
"CP0002162","C002163","O0002163","2026-08-04","Support","Medium","2026-08-06","Resolved","3"
"CP0002163","C002164","O0002164","2026-08-05","Support","Low","2026-08-08","Resolved","4"
"CP0002164","C002165","O0002165","2026-08-06","Payment","Medium","2026-08-10","Resolved","5"
"CP0002165","C002166","O0002166","2026-08-07","Refund","High","2026-08-12","Resolved","1"
"CP0002166","C002167","O0002167","2026-08-08","Delivery","Medium","2026-08-14","Resolved","2"
"CP0002167","C002168","O0002168","2026-08-09","Support","Medium","2026-08-16","Resolved","3"
"CP0002168","C002169","O0002169","2026-08-10","Delivery","Medium","","Open",""
"CP0002169","C002170","O0002170","2026-08-11","Delivery","Medium","2026-08-20","Resolved","5"
"CP0002170","C002171","O0002171","2026-08-12","Payment","Low","2026-08-22","Resolved","1"
"CP0002171","C002172","O0002172","2026-08-13","Delivery","High","2026-08-24","Resolved","2"
"CP0002172","C002173","O0002173","2026-08-14","Product","Low","2026-08-14","Resolved","3"
"CP0002173","C002174","O0002174","2026-08-15","Payment","Critical","2026-08-16","Resolved","4"
"CP0002174","C002175","O0002175","2026-08-16","Support","Low","2026-08-18","Resolved","5"
"CP0002175","C002176","O0002176","2026-08-17","Delivery","Critical","2026-08-20","Resolved","1"
"CP0002176","C002177","O0002177","2026-08-18","Refund","High","","Open",""
"CP0002177","C002178","O0002178","2026-08-19","Delivery","Low","2026-08-24","Resolved","3"
"CP0002178","C002179","O0002179","2026-08-20","Support","Critical","2026-08-26","Resolved","4"
"CP0002179","C002180","O0002180","2026-08-21","Support","Low","2026-08-28","Resolved","5"
"CP0002180","C002181","O0002181","2026-08-22","Payment","Medium","2026-08-30","Resolved","1"
"CP0002181","C002182","O0002182","2026-08-23","Product","Critical","2026-09-01","Resolved","2"
"CP0002182","C002183","O0002183","2026-08-24","Refund","Low","2026-09-03","Resolved","3"
"CP0002183","C002184","O0002184","2026-08-25","Product","Medium","2026-09-05","Resolved","4"
"CP0002184","C002185","O0002185","2026-08-26","Product","Critical","","Open",""
"CP0002185","C002186","O0002186","2026-08-27","Delivery","High","2026-08-28","Resolved","1"
"CP0002186","C002187","O0002187","2026-08-28","Product","Critical","2026-08-30","Resolved","2"
"CP0002187","C002188","O0002188","2026-08-29","Product","Critical","2026-09-01","Resolved","3"
"CP0002188","C002189","O0002189","2026-08-30","Support","Critical","2026-09-03","Resolved","4"
"CP0002189","C002190","O0002190","2026-08-31","Refund","High","2026-09-05","Resolved","5"
"CP0002190","C002191","O0002191","2025-09-01","Payment","High","2025-09-07","Resolved","1"
"CP0002191","C002192","O0002192","2025-09-02","Payment","Critical","2025-09-09","Resolved","2"
"CP0002192","C002193","O0002193","2025-09-03","Support","High","","Open",""
"CP0002193","C002194","O0002194","2025-09-04","Support","Medium","2025-09-13","Resolved","4"
"CP0002194","C002195","O0002195","2025-09-05","Support","High","2025-09-15","Resolved","5"
"CP0002195","C002196","O0002196","2025-09-06","Refund","Critical","2025-09-17","Resolved","1"
"CP0002196","C002197","O0002197","2025-09-07","Delivery","Critical","2025-09-07","Resolved","2"
"CP0002197","C002198","O0002198","2025-09-08","Refund","Critical","2025-09-09","Resolved","3"
"CP0002198","C002199","O0002199","2025-09-09","Refund","Critical","2025-09-11","Resolved","4"
"CP0002199","C002200","O0002200","2025-09-10","Refund","High","2025-09-13","Resolved","5"
"CP0002200","C002201","O0002201","2025-09-11","Delivery","Medium","","Open",""
"CP0002201","C002202","O0002202","2025-09-12","Payment","Low","2025-09-17","Resolved","2"
"CP0002202","C002203","O0002203","2025-09-13","Support","High","2025-09-19","Resolved","3"
"CP0002203","C999999","O0002204","2025-09-14","Payment","High","2025-09-21","Resolved","4"
"CP0002204","C002205","O0002205","2025-09-15","Product","Low","2025-09-23","Resolved","5"
"CP0002205","C002206","O0002206","2025-09-16","Payment","Medium","2025-09-25","Resolved","1"
"CP0002206","C002207","O0002207","2025-09-17","Product","Medium","2025-09-27","Resolved","2"
"CP0002207","C002208","O0002208","2025-09-18","Delivery","Medium","2025-09-29","Resolved","3"
"CP0002208","C002209","O0002209","2025-09-19","Payment","Medium","","Open",""
"CP0002209","C002210","O0002210","2025-09-20","Product","High","2025-09-21","Resolved","5"
"CP0002210","C002211","O0002211","2025-09-21","Support","Critical","2025-09-23","Resolved","1"
"CP0002211","C002212","O0002212","2025-09-22","Delivery","Low","2025-09-25","Resolved","2"
"CP0002212","C002213","O0002213","2025-09-23","Delivery","Low","2025-09-27","Resolved","3"
"CP0002213","C002214","O0002214","2025-09-24","Payment","Critical","2025-09-29","Resolved","4"
"CP0002214","C002215","O0002215","2025-09-25","Payment","Low","2025-10-01","Resolved","5"
"CP0002215","C002216","O0002216","2025-09-26","Payment","Critical","2025-10-03","Resolved","1"
"CP0002216","C002217","O0002217","2025-09-27","Product","Critical","","Open",""
"CP0002217","C002218","O0002218","2025-09-28","Refund","High","2025-10-07","Resolved","3"
"CP0002218","C002219","O0002219","2025-09-29","Refund","High","2025-10-09","Resolved","4"
"CP0002219","C002220","O0002220","2025-09-30","Product","Critical","2025-10-11","Resolved","5"
"CP0002220","C002221","O0002221","2025-10-01","Payment","Medium","2025-10-01","Resolved","1"
"CP0002221","C002222","O0002222","2025-10-02","Delivery","Medium","2025-10-03","Resolved","2"
"CP0002222","C002223","O0002223","2025-10-03","Delivery","Low","2025-10-05","Resolved","3"
"CP0002223","C002224","O0002224","2025-10-04","Delivery","Critical","2025-10-07","Resolved","4"
"CP0002224","C002225","O0002225","2025-10-05","Product","High","","Open",""
"CP0002225","C002226","O0002226","2025-10-06","Product","High","2025-10-11","Resolved","1"
"CP0002226","C002227","O0002227","2025-10-07","Delivery","Critical","2025-10-13","Resolved","2"
"CP0002227","C002228","O0002228","2025-10-08","Payment","Critical","2025-10-15","Resolved","3"
"CP0002228","C002229","O0002229","2025-10-09","Refund","Medium","2025-10-17","Resolved","4"
"CP0002229","C002230","O0002230","2025-10-10","Payment","Critical","2025-10-19","Resolved","5"
"CP0002230","C002231","O0002231","2025-10-11","Payment","Medium","2025-10-21","Resolved","1"
"CP0002231","C002232","O0002232","2025-10-12","Delivery","Medium","2025-10-23","Resolved","2"
"CP0002232","C002233","O0002233","2025-10-13","Product","Critical","","Open",""
"CP0002233","C002234","O0002234","2025-10-14","Refund","Low","2025-10-15","Resolved","4"
"CP0002234","C002235","O0002235","2025-10-15","Payment","Medium","2025-10-17","Resolved","5"
"CP0002235","C002236","O0002236","2025-10-16","Refund","Low","2025-10-19","Resolved","1"
"CP0002236","C002237","O0002237","2025-10-17","Support","Low","2025-10-21","Resolved","2"
"CP0002237","C002238","O0002238","2025-10-18","Support","Medium","2025-10-23","Resolved","3"
"CP0002238","C002239","O0002239","2025-10-19","Payment","Medium","2025-10-25","Resolved","4"
"CP0002239","C002240","O0002240","2025-10-20","Refund","Medium","2025-10-27","Resolved","5"
"CP0002240","C002241","O0002241","2025-10-21","Support","High","","Open",""
"CP0002241","C002242","O0002242","2025-10-22","Refund","Medium","2025-10-31","Resolved","2"
"CP0002242","C002243","O0002243","2025-10-23","Refund","High","2025-11-02","Resolved","3"
"CP0002243","C002244","O0002244","2025-10-24","Support","High","2025-11-04","Resolved","4"
"CP0002244","C002245","O0002245","2025-10-25","Delivery","Critical","2025-10-25","Resolved","5"
"CP0002245","C002246","O0002246","2025-10-26","Product","High","2025-10-27","Resolved","1"
"CP0002246","C002247","O0002247","2025-10-27","Product","Critical","2025-10-29","Resolved","2"
"CP0002247","C002248","O0002248","2025-10-28","Payment","High","2025-10-31","Resolved","3"
"CP0002248","C002249","O0002249","2025-10-29","Product","Medium","","Open",""
"CP0002249","C002250","O0002250","2025-10-30","Payment","Medium","2025-11-04","Resolved","5"
"CP0002250","C002251","O0002251","2025-10-31","Payment","Low","2025-11-06","Resolved","1"
"CP0002251","C002252","O0002252","2025-11-01","Product","Low","2025-11-08","Resolved","2"
"CP0002252","C002253","O0002253","2025-11-02","Support","Low","2025-11-10","Resolved","3"
"CP0002253","C002254","O0002254","2025-11-03","Delivery","Low","2025-11-12","Resolved","4"
"CP0002254","C002255","O0002255","2025-11-04","Product","Low","2025-11-14","Resolved","5"
"CP0002255","C002256","O0002256","2025-11-05","Product","Critical","2025-11-16","Resolved","1"
"CP0002256","C002257","O0002257","2025-11-06","Support","Low","","Open",""
"CP0002257","C002258","O0002258","2025-11-07","Payment","High","2025-11-08","Resolved","3"
"CP0002258","C002259","O0002259","2025-11-08","Support","Critical","2025-11-10","Resolved","4"
"CP0002259","C002260","O0002260","2025-11-09","Payment","Critical","2025-11-12","Resolved","5"
"CP0002260","C002261","O0002261","2025-11-10","Product","High","2025-11-14","Resolved","1"
"CP0002261","C002262","O0002262","2025-11-11","Payment","High","2025-11-16","Resolved","2"
"CP0002262","C002263","O0002263","2025-11-12","Delivery","High","2025-11-18","Resolved","3"
"CP0002263","C002264","O0002264","2025-11-13","Support","Critical","2025-11-20","Resolved","4"
"CP0002264","C002265","O0002265","2025-11-14","Product","Low","","Open",""
"CP0002265","C002266","O0002266","2025-11-15","Delivery","Medium","2025-11-24","Resolved","1"
"CP0002266","C002267","O0002267","2025-11-16","Product","Low","2025-11-26","Resolved","2"
"CP0002267","C002268","O0002268","2025-11-17","Delivery","High","2025-11-28","Resolved","3"
"CP0002268","C002269","O0002269","2025-11-18","Product","High","2025-11-18","Resolved","4"
"CP0002269","C002270","O0002270","2025-11-19","Product","Critical","2025-11-20","Resolved","5"
"CP0002270","C002271","O0002271","2025-11-20","Product","Medium","2025-11-22","Resolved","1"
"CP0002271","C002272","O0002272","2025-11-21","Delivery","High","2025-11-24","Resolved","2"
"CP0002272","C002273","O0002273","2025-11-22","Product","High","","Open",""
"CP0002273","C002274","O0002274","2025-11-23","Payment","Low","2025-11-28","Resolved","4"
"CP0002274","C002275","O0002275","2025-11-24","Product","Low","2025-11-30","Resolved","5"
"CP0002275","C002276","O0002276","2025-11-25","Payment","Low","2025-12-02","Resolved","1"
"CP0002276","C002277","O0002277","2025-11-26","Product","Medium","2025-12-04","Resolved","2"
"CP0002277","C002278","O0002278","2025-11-27","Delivery","Low","2025-12-06","Resolved","3"
"CP0002278","C002279","O0002279","2025-11-28","Product","Medium","2025-12-08","Resolved","4"
"CP0002279","C002280","O0002280","2025-11-29","Refund","High","2025-12-10","Resolved","5"
"CP0002280","C002281","O0002281","2025-11-30","Support","Critical","","Open",""
"CP0002281","C002282","O0002282","2025-12-01","Product","Critical","2025-12-02","Resolved","2"
"CP0002282","C002283","O0002283","2025-12-02","Product","Medium","2025-12-04","Resolved","3"
"CP0002283","C002284","O0002284","2025-12-03","Refund","Medium","2025-12-06","Resolved","4"
"CP0002284","C002285","O0002285","2025-12-04","Payment","Critical","2025-12-08","Resolved","5"
"CP0002285","C002286","O0002286","2025-12-05","Payment","Low","2025-12-10","Resolved","1"
"CP0002286","C002287","O0002287","2025-12-06","Product","Low","2025-12-12","Resolved","2"
"CP0002287","C002288","O0002288","2025-12-07","Refund","High","2025-12-14","Resolved","3"
"CP0002288","C002289","O0002289","2025-12-08","Payment","Critical","","Open",""
"CP0002289","C002290","O0002290","2025-12-09","Refund","Low","2025-12-18","Resolved","5"
"CP0002290","C002291","O0002291","2025-12-10","Payment","Critical","2025-12-20","Resolved","1"
"CP0002291","C002292","O0002292","2025-12-11","Delivery","High","2025-12-22","Resolved","2"
"CP0002292","C002293","O0002293","2025-12-12","Payment","Medium","2025-12-12","Resolved","3"
"CP0002293","C002294","O0002294","2025-12-13","Product","Medium","2025-12-14","Resolved","4"
"CP0002294","C002295","O0002295","2025-12-14","Support","Medium","2025-12-16","Resolved","5"
"CP0002295","C002296","O0002296","2025-12-15","Support","Medium","2025-12-18","Resolved","1"
"CP0002296","C002297","O0002297","2025-12-16","Product","High","","Open",""
"CP0002297","C002298","O0002298","2025-12-17","Delivery","High","2025-12-22","Resolved","3"
"CP0002298","C002299","O0002299","2025-12-18","Refund","Medium","2025-12-24","Resolved","4"
"CP0002299","C002300","O0002300","2025-12-19","Refund","Low","2025-12-26","Resolved","5"
"CP0002300","C002301","O0002301","2025-12-20","Refund","Medium","2025-12-28","Resolved","1"
"CP0002301","C002302","O0002302","2025-12-21","Support","Critical","2025-12-30","Resolved","2"
"CP0002302","C002303","O0002303","2025-12-22","Refund","Low","2026-01-01","Resolved","3"
"CP0002303","C002304","O0002304","2025-12-23","Refund","Medium","2026-01-03","Resolved","4"
"CP0002304","C002305","O0002305","2025-12-24","Delivery","Low","","Open",""
"CP0002305","C002306","O0002306","2025-12-25","Refund","Low","2025-12-26","Resolved","1"
"CP0002306","C002307","O0002307","2025-12-26","Product","Low","2025-12-28","Resolved","2"
"CP0002307","C002308","O0002308","2025-12-27","Refund","Critical","2025-12-30","Resolved","3"
"CP0002308","C002309","O0002309","2025-12-28","Refund","High","2026-01-01","Resolved","4"
"CP0002309","C002310","O0002310","2025-12-29","Support","High","2026-01-03","Resolved","5"
"CP0002310","C002311","O0002311","2025-12-30","Payment","Medium","2026-01-05","Resolved","1"
"CP0002311","C002312","O0002312","2025-12-31","Product","Critical","2026-01-07","Resolved","2"
"CP0002312","C002313","O0002313","2026-01-01","Delivery","Medium","","Open",""
"CP0002313","C002314","O0002314","2026-01-02","Payment","Critical","2026-01-11","Resolved","4"
"CP0002314","C002315","O0002315","2026-01-03","Support","Critical","2026-01-13","Resolved","5"
"CP0002315","C002316","O0002316","2026-01-04","Delivery","Medium","2026-01-15","Resolved","1"
"CP0002316","C002317","O0002317","2026-01-05","Payment","High","2026-01-05","Resolved","2"
"CP0002317","C002318","O0002318","2026-01-06","Payment","Low","2026-01-07","Resolved","3"
"CP0002318","C002319","O0002319","2026-01-07","Delivery","Critical","2026-01-09","Resolved","4"
"CP0002319","C002320","O0002320","2026-01-08","Support","High","2026-01-11","Resolved","5"
"CP0002320","C002321","O0002321","2026-01-09","Payment","High","","Open",""
"CP0002321","C002322","O0002322","2026-01-10","Delivery","Critical","2026-01-15","Resolved","2"
"CP0002322","C002323","O0002323","2026-01-11","Delivery","High","2026-01-17","Resolved","3"
"CP0002323","C002324","O0002324","2026-01-12","Payment","Critical","2026-01-19","Resolved","4"
"CP0002324","C002325","O0002325","2026-01-13","Payment","Low","2026-01-21","Resolved","5"
"CP0002325","C002326","O0002326","2026-01-14","Delivery","Medium","2026-01-23","Resolved","1"
"CP0002326","C002327","O0002327","2026-01-15","Refund","Medium","2026-01-25","Resolved","2"
"CP0002327","C002328","O0002328","2026-01-16","Product","Low","2026-01-27","Resolved","3"
"CP0002328","C002329","O0002329","2026-01-17","Product","Critical","","Open",""
"CP0002329","C002330","O0002330","2026-01-18","Payment","Critical","2026-01-19","Resolved","5"
"CP0002330","C002331","O0002331","2026-01-19","Delivery","Low","2026-01-21","Resolved","1"
"CP0002331","C002332","O0002332","2026-01-20","Product","High","2026-01-23","Resolved","2"
"CP0002332","C002333","O0002333","2026-01-21","Payment","High","2026-01-25","Resolved","3"
"CP0002333","C002334","O0002334","2026-01-22","Support","High","2026-01-27","Resolved","4"
"CP0002334","C002335","O0002335","2026-01-23","Payment","Medium","2026-01-29","Resolved","5"
"CP0002335","C002336","O0002336","2026-01-24","Delivery","Medium","2026-01-31","Resolved","1"
"CP0002336","C002337","O0002337","2026-01-25","Delivery","Critical","","Open",""
"CP0002337","C002338","O0002338","2026-01-26","Delivery","Critical","2026-02-04","Resolved","3"
"CP0002338","C002339","O0002339","2026-01-27","Refund","Low","2026-02-06","Resolved","4"
"CP0002339","C002340","O0002340","2026-01-28","Payment","Critical","2026-02-08","Resolved","5"
"CP0002340","C002341","O0002341","2026-01-29","Delivery","Medium","2026-01-29","Resolved","1"
"CP0002341","C002342","O0002342","2026-01-30","Refund","Critical","2026-01-31","Resolved","2"
"CP0002342","C002343","O0002343","2026-01-31","Refund","Low","2026-02-02","Resolved","3"
"CP0002343","C002344","O0002344","2026-02-01","Refund","Low","2026-02-04","Resolved","4"
"CP0002344","C002345","O0002345","2026-02-02","Support","Medium","","Open",""
"CP0002345","C002346","O0002346","2026-02-03","Support","Critical","2026-02-08","Resolved","1"
"CP0002346","C002347","O0002347","2026-02-04","Refund","Low","2026-02-10","Resolved","2"
"CP0002347","C002348","O0002348","2026-02-05","Support","Medium","2026-02-12","Resolved","3"
"CP0002348","C002349","O0002349","2026-02-06","Product","Medium","2026-02-14","Resolved","4"
"CP0002349","C002350","O0002350","2026-02-07","Payment","Critical","2026-02-16","Resolved","5"
"CP0002350","C002351","O0002351","2026-02-08","Refund","Low","2026-02-18","Resolved","1"
"CP0002351","C002352","O0002352","2026-02-09","Product","High","2026-02-20","Resolved","2"
"CP0002352","C002353","O0002353","2026-02-10","Refund","High","","Open",""
"CP0002353","C002354","O0002354","2026-02-11","Support","Medium","2026-02-12","Resolved","4"
"CP0002354","C002355","O0002355","2026-02-12","Refund","Medium","2026-02-14","Resolved","5"
"CP0002355","C002356","O0002356","2026-02-13","Payment","High","2026-02-16","Resolved","1"
"CP0002356","C002357","O0002357","2026-02-14","Refund","Low","2026-02-18","Resolved","2"
"CP0002357","C002358","O0002358","2026-02-15","Product","Critical","2026-02-20","Resolved","3"
"CP0002358","C002359","O0002359","2026-02-16","Support","High","2026-02-22","Resolved","4"
"CP0002359","C002360","O0002360","2026-02-17","Support","Critical","2026-02-24","Resolved","5"
"CP0002360","C002361","O0002361","2026-02-18","Payment","Critical","","Open",""
"CP0002361","C002362","O0002362","2026-02-19","Refund","High","2026-02-28","Resolved","2"
"CP0002362","C002363","O0002363","2026-02-20","Delivery","High","2026-03-02","Resolved","3"
"CP0002363","C002364","O0002364","2026-02-21","Payment","High","2026-03-04","Resolved","4"
"CP0002364","C002365","O0002365","2026-02-22","Delivery","Low","2026-02-22","Resolved","5"
"CP0002365","C002366","O0002366","2026-02-23","Payment","High","2026-02-24","Resolved","1"
"CP0002366","C002367","O0002367","2026-02-24","Delivery","Medium","2026-02-26","Resolved","2"
"CP0002367","C002368","O0002368","2026-02-25","Delivery","Medium","2026-02-28","Resolved","3"
"CP0002368","C002369","O0002369","2026-02-26","Support","High","","Open",""
"CP0002369","C002370","O0002370","2026-02-27","Refund","Low","2026-03-04","Resolved","5"
"CP0002370","C002371","O0002371","2026-02-28","Support","Medium","2026-03-06","Resolved","1"
"CP0002371","C002372","O0002372","2026-03-01","Support","High","2026-03-08","Resolved","2"
"CP0002372","C002373","O0002373","2026-03-02","Delivery","High","2026-03-10","Resolved","3"
"CP0002373","C002374","O0002374","2026-03-03","Support","Medium","2026-03-12","Resolved","4"
"CP0002374","C002375","O0002375","2026-03-04","Product","Low","2026-03-14","Resolved","5"
"CP0002375","C002376","O0002376","2026-03-05","Delivery","Medium","2026-03-16","Resolved","1"
"CP0002376","C002377","O0002377","2026-03-06","Refund","Critical","","Open",""
"CP0002377","C002378","O0002378","2026-03-07","Support","Low","2026-03-08","Resolved","3"
"CP0002378","C002379","O0002379","2026-03-08","Payment","Critical","2026-03-10","Resolved","4"
"CP0002379","C002380","O0002380","2026-03-09","Support","Critical","2026-03-12","Resolved","5"
"CP0002380","C002381","O0002381","2026-03-10","Payment","High","2026-03-14","Resolved","1"
"CP0002381","C002382","O0002382","2026-03-11","Delivery","Critical","2026-03-16","Resolved","2"
"CP0002382","C002383","O0002383","2026-03-12","Payment","Low","2026-03-18","Resolved","3"
"CP0002383","C002384","O0002384","2026-03-13","Refund","Critical","2026-03-20","Resolved","4"
"CP0002384","C002385","O0002385","2026-03-14","Support","Critical","","Open",""
"CP0002385","C002386","O0002386","2026-03-15","Payment","Medium","2026-03-24","Resolved","1"
"CP0002386","C002387","O0002387","2026-03-16","Product","Medium","2026-03-26","Resolved","2"
"CP0002387","C002388","O0002388","2026-03-17","Delivery","Low","2026-03-28","Resolved","3"
"CP0002388","C002389","O0002389","2026-03-18","Payment","Medium","2026-03-18","Resolved","4"
"CP0002389","C002390","O0002390","2026-03-19","Refund","Low","2026-03-20","Resolved","5"
"CP0002390","C002391","O0002391","2026-03-20","Delivery","Critical","2026-03-22","Resolved","1"
"CP0002391","C002392","O0002392","2026-03-21","Payment","High","2026-03-24","Resolved","2"
"CP0002392","C002393","O0002393","2026-03-22","Refund","Medium","","Open",""
"CP0002393","C002394","O0002394","2026-03-23","Support","High","2026-03-28","Resolved","4"
"CP0002394","C002395","O0002395","2026-03-24","Refund","Medium","2026-03-30","Resolved","5"
"CP0002395","C002396","O0002396","2026-03-25","Product","Low","2026-04-01","Resolved","1"
"CP0002396","C002397","O0002397","2026-03-26","Product","Low","2026-04-03","Resolved","2"
"CP0002397","C002398","O0002398","2026-03-27","Payment","High","2026-04-05","Resolved","3"
"CP0002398","C002399","O0002399","2026-03-28","Delivery","Low","2026-04-07","Resolved","4"
"CP0002399","C002400","O0002400","2026-03-29","Delivery","Low","2026-04-09","Resolved","5"
"CP0002400","C002401","O0002401","2026-03-30","Product","Low","","Open",""
"CP0002401","C002402","O0002402","2026-03-31","Delivery","High","2026-04-01","Resolved","2"
"CP0002402","C002403","O0002403","2026-04-01","Support","Critical","2026-04-03","Resolved","3"
"CP0002403","C002404","O0002404","2026-04-02","Refund","Low","2026-04-05","Resolved","4"
"CP0002404","C002405","O0002405","2026-04-03","Delivery","High","2026-04-07","Resolved","5"
"CP0002405","C002406","O0002406","2026-04-04","Product","High","2026-04-09","Resolved","1"
"CP0002406","C002407","O0002407","2026-04-05","Refund","Critical","2026-04-11","Resolved","2"
"CP0002407","C002408","O0002408","2026-04-06","Product","Low","2026-04-13","Resolved","3"
"CP0002408","C002409","O0002409","2026-04-07","Payment","Low","","Open",""
"CP0002409","C002410","O0002410","2026-04-08","Product","High","2026-04-17","Resolved","5"
"CP0002410","C002411","O0002411","2026-04-09","Support","Low","2026-04-19","Resolved","1"
"CP0002411","C002412","O0002412","2026-04-10","Support","High","2026-04-21","Resolved","2"
"CP0002412","C002413","O0002413","2026-04-11","Payment","Critical","2026-04-11","Resolved","3"
"CP0002413","C002414","O0002414","2026-04-12","Product","Low","2026-04-13","Resolved","4"
"CP0002414","C002415","O0002415","2026-04-13","Product","Critical","2026-04-15","Resolved","5"
"CP0002415","C002416","O0002416","2026-04-14","Refund","High","2026-04-17","Resolved","1"
"CP0002416","C002417","O0002417","2026-04-15","Payment","Medium","","Open",""
"CP0002417","C002418","O0002418","2026-04-16","Refund","High","2026-04-21","Resolved","3"
"CP0002418","C002419","O0002419","2026-04-17","Payment","Critical","2026-04-23","Resolved","4"
"CP0002419","C002420","O0002420","2026-04-18","Payment","Low","2026-04-25","Resolved","5"
"CP0002420","C002421","O0002421","2026-04-19","Refund","High","2026-04-27","Resolved","1"
"CP0002421","C002422","O0002422","2026-04-20","Refund","Low","2026-04-29","Resolved","2"
"CP0002422","C002423","O0002423","2026-04-21","Refund","Medium","2026-05-01","Resolved","3"
"CP0002423","C002424","O0002424","2026-04-22","Delivery","Medium","2026-05-03","Resolved","4"
"CP0002424","C002425","O0002425","2026-04-23","Refund","Low","","Open",""
"CP0002425","C002426","O0002426","2026-04-24","Refund","Medium","2026-04-25","Resolved","1"
"CP0002426","C002427","O0002427","2026-04-25","Delivery","Critical","2026-04-27","Resolved","2"
"CP0002427","C002428","O0002428","2026-04-26","Refund","Critical","2026-04-29","Resolved","3"
"CP0002428","C002429","O0002429","2026-04-27","Product","Critical","2026-05-01","Resolved","4"
"CP0002429","C002430","O0002430","2026-04-28","Delivery","High","2026-05-03","Resolved","5"
"CP0002430","C002431","O0002431","2026-04-29","Support","High","2026-05-05","Resolved","1"
"CP0002431","C002432","O0002432","2026-04-30","Delivery","Medium","2026-05-07","Resolved","2"
"CP0002432","C002433","O0002433","2026-05-01","Payment","High","","Open",""
"CP0002433","C002434","O0002434","2026-05-02","Payment","High","2026-05-11","Resolved","4"
"CP0002434","C002435","O0002435","2026-05-03","Product","Medium","2026-05-13","Resolved","5"
"CP0002435","C002436","O0002436","2026-05-04","Support","Low","2026-05-15","Resolved","1"
"CP0002436","C002437","O0002437","2026-05-05","Support","Medium","2026-05-05","Resolved","2"
"CP0002437","C002438","O0002438","2026-05-06","Support","High","2026-05-07","Resolved","3"
"CP0002438","C002439","O0002439","2026-05-07","Delivery","Medium","2026-05-09","Resolved","4"
"CP0002439","C002440","O0002440","2026-05-08","Payment","Medium","2026-05-11","Resolved","5"
"CP0002440","C002441","O0002441","2026-05-09","Product","Critical","","Open",""
"CP0002441","C002442","O0002442","2026-05-10","Payment","Low","2026-05-15","Resolved","2"
"CP0002442","C002443","O0002443","2026-05-11","Product","Medium","2026-05-17","Resolved","3"
"CP0002443","C002444","O0002444","2026-05-12","Delivery","Medium","2026-05-19","Resolved","4"
"CP0002444","C002445","O0002445","2026-05-13","Delivery","Medium","2026-05-21","Resolved","5"
"CP0002445","C002446","O0002446","2026-05-14","Refund","Medium","2026-05-23","Resolved","1"
"CP0002446","C002447","O0002447","2026-05-15","Refund","Medium","2026-05-25","Resolved","2"
"CP0002447","C002448","O0002448","2026-05-16","Support","Medium","2026-05-27","Resolved","3"
"CP0002448","C002449","O0002449","2026-05-17","Support","Medium","","Open",""
"CP0002449","C002450","O0002450","2026-05-18","Payment","Critical","2026-05-19","Resolved","5"
"CP0002450","C002451","O0002451","2026-05-19","Product","Medium","2026-05-21","Resolved","1"
"CP0002451","C002452","O0002452","2026-05-20","Support","Low","2026-05-23","Resolved","2"
"CP0002452","C002453","O0002453","2026-05-21","Delivery","Low","2026-05-25","Resolved","3"
"CP0002453","C002454","O0002454","2026-05-22","Product","High","2026-05-27","Resolved","4"
"CP0002454","C002455","O0002455","2026-05-23","Payment","Critical","2026-05-29","Resolved","5"
"CP0002455","C002456","O0002456","2026-05-24","Support","Critical","2026-05-31","Resolved","1"
"CP0002456","C002457","O0002457","2026-05-25","Delivery","High","","Open",""
"CP0002457","C002458","O0002458","2026-05-26","Delivery","Medium","2026-06-04","Resolved","3"
"CP0002458","C002459","O0002459","2026-05-27","Product","Low","2026-06-06","Resolved","4"
"CP0002459","C002460","O0002460","2026-05-28","Support","Low","2026-06-08","Resolved","5"
"CP0002460","C002461","O0002461","2026-05-29","Payment","High","2026-05-29","Resolved","1"
"CP0002461","C002462","O0002462","2026-05-30","Delivery","Low","2026-05-31","Resolved","2"
"CP0002462","C002463","O0002463","2026-05-31","Delivery","Medium","2026-06-02","Resolved","3"
"CP0002463","C002464","O0002464","2026-06-01","Payment","Critical","2026-06-04","Resolved","4"
"CP0002464","C002465","O0002465","2026-06-02","Payment","Medium","","Open",""
"CP0002465","C002466","O0002466","2026-06-03","Product","High","2026-06-08","Resolved","1"
"CP0002466","C002467","O0002467","2026-06-04","Payment","High","2026-06-10","Resolved","2"
"CP0002467","C002468","O0002468","2026-06-05","Product","High","2026-06-12","Resolved","3"
"CP0002468","C002469","O0002469","2026-06-06","Refund","Medium","2026-06-14","Resolved","4"
"CP0002469","C002470","O0002470","2026-06-07","Support","Medium","2026-06-16","Resolved","5"
"CP0002470","C002471","O0002471","2026-06-08","Payment","Critical","2026-06-18","Resolved","1"
"CP0002471","C002472","O0002472","2026-06-09","Payment","Low","2026-06-20","Resolved","2"
"CP0002472","C002473","O0002473","2026-06-10","Product","Medium","","Open",""
"CP0002473","C002474","O0002474","2026-06-11","Product","Low","2026-06-12","Resolved","4"
"CP0002474","C002475","O0002475","2026-06-12","Delivery","Low","2026-06-14","Resolved","5"
"CP0002475","C002476","O0002476","2026-06-13","Product","High","2026-06-16","Resolved","1"
"CP0002476","C002477","O0002477","2026-06-14","Support","Critical","2026-06-18","Resolved","2"
"CP0002477","C002478","O0002478","2026-06-15","Product","High","2026-06-20","Resolved","3"
"CP0002478","C002479","O0002479","2026-06-16","Refund","Low","2026-06-22","Resolved","4"
"CP0002479","C002480","O0002480","2026-06-17","Refund","Medium","2026-06-24","Resolved","5"
"CP0002480","C002481","O0002481","2026-06-18","Support","Medium","","Open",""
"CP0002481","C002482","O0002482","2026-06-19","Delivery","Medium","2026-06-28","Resolved","2"
"CP0002482","C002483","O0002483","2026-06-20","Delivery","Low","2026-06-30","Resolved","3"
"CP0002483","C002484","O0002484","2026-06-21","Payment","Low","2026-07-02","Resolved","4"
"CP0002484","C002485","O0002485","2026-06-22","Refund","Low","2026-06-22","Resolved","5"
"CP0002485","C002486","O0002486","2026-06-23","Refund","Critical","2026-06-24","Resolved","1"
"CP0002486","C002487","O0002487","2026-06-24","Refund","Low","2026-06-26","Resolved","2"
"CP0002487","C002488","O0002488","2026-06-25","Product","Low","2026-06-28","Resolved","3"
"CP0002488","C002489","O0002489","2026-06-26","Product","Critical","","Open",""
"CP0002489","C002490","O0002490","2026-06-27","Support","Critical","2026-07-02","Resolved","5"
"CP0002490","C002491","O0002491","2026-06-28","Refund","High","2026-07-04","Resolved","1"
"CP0002491","C002492","O0002492","2026-06-29","Product","Critical","2026-07-06","Resolved","2"
"CP0002492","C002493","O0002493","2026-06-30","Product","High","2026-07-08","Resolved","3"
"CP0002493","C002494","O0002494","2026-07-01","Refund","High","2026-07-10","Resolved","4"
"CP0002494","C002495","O0002495","2026-07-02","Refund","Critical","2026-07-12","Resolved","5"
"CP0002495","C002496","O0002496","2026-07-03","Delivery","High","2026-07-14","Resolved","1"
"CP0002496","C002497","O0002497","2026-07-04","Support","Medium","","Open",""
"CP0002497","C002498","O0002498","2026-07-05","Refund","Medium","2026-07-06","Resolved","3"
"CP0002498","C002499","O0002499","2026-07-06","Refund","High","2026-07-08","Resolved","4"
"CP0002499","C002500","O0002500","2026-07-07","Support","Critical","2026-07-10","Resolved","5"
"CP0002500","C002501","O0002501","2026-07-08","Support","Critical","2026-07-12","Resolved","1"
"CP0002501","C002502","O0002502","2026-07-09","Support","Medium","2026-07-14","Resolved","2"
"CP0002502","C002503","O0002503","2026-07-10","Delivery","High","2026-07-16","Resolved","3"
"CP0002503","C002504","O0002504","2026-07-11","Refund","Medium","2026-07-18","Resolved","4"
"CP0002504","C002505","O0002505","2026-07-12","Delivery","Low","","Open",""
"CP0002505","C002506","O0002506","2026-07-13","Refund","Low","2026-07-22","Resolved","1"
"CP0002506","C002507","O0002507","2026-07-14","Product","Low","2026-07-24","Resolved","2"
"CP0002507","C002508","O0002508","2026-07-15","Support","High","2026-07-26","Resolved","3"
"CP0002508","C002509","O0002509","2026-07-16","Refund","Critical","2026-07-16","Resolved","4"
"CP0002509","C002510","O0002510","2026-07-17","Refund","Low","2026-07-18","Resolved","5"
"CP0002510","C002511","O0002511","2026-07-18","Refund","Medium","2026-07-20","Resolved","1"
"CP0002511","C002512","O0002512","2026-07-19","Delivery","High","2026-07-22","Resolved","2"
"CP0002512","C002513","O0002513","2026-07-20","Payment","High","","Open",""
"CP0002513","C002514","O0002514","2026-07-21","Payment","High","2026-07-26","Resolved","4"
"CP0002514","C002515","O0002515","2026-07-22","Refund","High","2026-07-28","Resolved","5"
"CP0002515","C002516","O0002516","2026-07-23","Refund","High","2026-07-30","Resolved","1"
"CP0002516","C002517","O0002517","2026-07-24","Product","Critical","2026-08-01","Resolved","2"
"CP0002517","C002518","O0002518","2026-07-25","Support","Medium","2026-08-03","Resolved","3"
"CP0002518","C002519","O0002519","2026-07-26","Delivery","Low","2026-08-05","Resolved","4"
"CP0002519","C002520","O0002520","2026-07-27","Support","Critical","2026-08-07","Resolved","5"
"CP0002520","C002521","O0002521","2026-07-28","Delivery","High","","Open",""
"CP0002521","C002522","O0002522","2026-07-29","Delivery","High","2026-07-30","Resolved","2"
"CP0002522","C002523","O0002523","2026-07-30","Support","Medium","2026-08-01","Resolved","3"
"CP0002523","C002524","O0002524","2026-07-31","Payment","Low","2026-08-03","Resolved","4"
"CP0002524","C002525","O0002525","2026-08-01","Product","Medium","2026-08-05","Resolved","5"
"CP0002525","C002526","O0002526","2026-08-02","Refund","Critical","2026-08-07","Resolved","1"
"CP0002526","C002527","O0002527","2026-08-03","Support","Low","2026-08-09","Resolved","2"
"CP0002527","C002528","O0002528","2026-08-04","Product","High","2026-08-11","Resolved","3"
"CP0002528","C002529","O0002529","2026-08-05","Product","Medium","","Open",""
"CP0002529","C002530","O0002530","2026-08-06","Refund","High","2026-08-15","Resolved","5"
"CP0002530","C002531","O0002531","2026-08-07","Payment","High","2026-08-17","Resolved","1"
"CP0002531","C002532","O0002532","2026-08-08","Product","Critical","2026-08-19","Resolved","2"
"CP0002532","C002533","O0002533","2026-08-09","Product","Critical","2026-08-09","Resolved","3"
"CP0002533","C002534","O0002534","2026-08-10","Refund","Critical","2026-08-11","Resolved","4"
"CP0002534","C002535","O0002535","2026-08-11","Product","Medium","2026-08-13","Resolved","5"
"CP0002535","C002536","O0002536","2026-08-12","Delivery","Low","2026-08-15","Resolved","1"
"CP0002536","C002537","O0002537","2026-08-13","Support","Low","","Open",""
"CP0002537","C002538","O0002538","2026-08-14","Refund","Critical","2026-08-19","Resolved","3"
"CP0002538","C002539","O0002539","2026-08-15","Delivery","High","2026-08-21","Resolved","4"
"CP0002539","C002540","O0002540","2026-08-16","Refund","Low","2026-08-23","Resolved","5"
"CP0002540","C002541","O0002541","2026-08-17","Payment","Medium","2026-08-25","Resolved","1"
"CP0002541","C002542","O0002542","2026-08-18","Refund","Low","2026-08-27","Resolved","2"
"CP0002542","C002543","O0002543","2026-08-19","Payment","Low","2026-08-29","Resolved","3"
"CP0002543","C002544","O0002544","2026-08-20","Support","Low","2026-08-31","Resolved","4"
"CP0002544","C002545","O0002545","2026-08-21","Refund","High","","Open",""
"CP0002545","C002546","O0002546","2026-08-22","Support","High","2026-08-23","Resolved","1"
"CP0002546","C002547","O0002547","2026-08-23","Support","Low","2026-08-25","Resolved","2"
"CP0002547","C002548","O0002548","2026-08-24","Support","Low","2026-08-27","Resolved","3"
"CP0002548","C002549","O0002549","2026-08-25","Payment","High","2026-08-29","Resolved","4"
"CP0002549","C002550","O0002550","2026-08-26","Product","Critical","2026-08-31","Resolved","5"
"CP0002550","C002551","O0002551","2026-08-27","Product","Low","2026-09-02","Resolved","1"
"CP0002551","C002552","O0002552","2026-08-28","Payment","High","2026-09-04","Resolved","2"
"CP0002552","C002553","O0002553","2026-08-29","Product","High","","Open",""
"CP0002553","C002554","O0002554","2026-08-30","Support","Medium","2026-09-08","Resolved","4"
"CP0002554","C002555","O0002555","2026-08-31","Payment","Medium","2026-09-10","Resolved","5"
"CP0002555","C002556","O0002556","2025-09-01","Payment","Low","2025-09-12","Resolved","1"
"CP0002556","C002557","O0002557","2025-09-02","Support","Medium","2025-09-02","Resolved","2"
"CP0002557","C002558","O0002558","2025-09-03","Delivery","High","2025-09-04","Resolved","3"
"CP0002558","C002559","O0002559","2025-09-04","Support","Low","2025-09-06","Resolved","4"
"CP0002559","C002560","O0002560","2025-09-05","Support","Critical","2025-09-08","Resolved","5"
"CP0002560","C002561","O0002561","2025-09-06","Product","High","","Open",""
"CP0002561","C002562","O0002562","2025-09-07","Product","High","2025-09-12","Resolved","2"
"CP0002562","C002563","O0002563","2025-09-08","Support","Critical","2025-09-14","Resolved","3"
"CP0002563","C002564","O0002564","2025-09-09","Product","High","2025-09-16","Resolved","4"
"CP0002564","C002565","O0002565","2025-09-10","Delivery","Medium","2025-09-18","Resolved","5"
"CP0002565","C002566","O0002566","2025-09-11","Payment","Low","2025-09-20","Resolved","1"
"CP0002566","C002567","O0002567","2025-09-12","Payment","Low","2025-09-22","Resolved","2"
"CP0002567","C002568","O0002568","2025-09-13","Support","Critical","2025-09-24","Resolved","3"
"CP0002568","C002569","O0002569","2025-09-14","Payment","Critical","","Open",""
"CP0002569","C002570","O0002570","2025-09-15","Payment","Critical","2025-09-16","Resolved","5"
"CP0002570","C002571","O0002571","2025-09-16","Product","Critical","2025-09-18","Resolved","1"
"CP0002571","C002572","O0002572","2025-09-17","Refund","Low","2025-09-20","Resolved","2"
"CP0002572","C002573","O0002573","2025-09-18","Delivery","High","2025-09-22","Resolved","3"
"CP0002573","C002574","O0002574","2025-09-19","Product","High","2025-09-24","Resolved","4"
"CP0002574","C002575","O0002575","2025-09-20","Product","High","2025-09-26","Resolved","5"
"CP0002575","C002576","O0002576","2025-09-21","Delivery","Critical","2025-09-28","Resolved","1"
"CP0002576","C002577","O0002577","2025-09-22","Delivery","Critical","","Open",""
"CP0002577","C002578","O0002578","2025-09-23","Payment","High","2025-10-02","Resolved","3"
"CP0002578","C002579","O0002579","2025-09-24","Payment","High","2025-10-04","Resolved","4"
"CP0002579","C002580","O0002580","2025-09-25","Support","Critical","2025-10-06","Resolved","5"
"CP0002580","C002581","O0002581","2025-09-26","Support","Medium","2025-09-26","Resolved","1"
"CP0002581","C002582","O0002582","2025-09-27","Payment","Medium","2025-09-28","Resolved","2"
"CP0002582","C002583","O0002583","2025-09-28","Delivery","High","2025-09-30","Resolved","3"
"CP0002583","C002584","O0002584","2025-09-29","Support","Medium","2025-10-02","Resolved","4"
"CP0002584","C002585","O0002585","2025-09-30","Support","Medium","","Open",""
"CP0002585","C002586","O0002586","2025-10-01","Delivery","Low","2025-10-06","Resolved","1"
"CP0002586","C002587","O0002587","2025-10-02","Payment","High","2025-10-08","Resolved","2"
"CP0002587","C002588","O0002588","2025-10-03","Delivery","High","2025-10-10","Resolved","3"
"CP0002588","C002589","O0002589","2025-10-04","Refund","Medium","2025-10-12","Resolved","4"
"CP0002589","C002590","O0002590","2025-10-05","Product","High","2025-10-14","Resolved","5"
"CP0002590","C002591","O0002591","2025-10-06","Product","Medium","2025-10-16","Resolved","1"
"CP0002591","C002592","O0002592","2025-10-07","Refund","Medium","2025-10-18","Resolved","2"
"CP0002592","C002593","O0002593","2025-10-08","Support","High","","Open",""
"CP0002593","C002594","O0002594","2025-10-09","Delivery","Low","2025-10-10","Resolved","4"
"CP0002594","C002595","O0002595","2025-10-10","Product","High","2025-10-12","Resolved","5"
"CP0002595","C002596","O0002596","2025-10-11","Delivery","High","2025-10-14","Resolved","1"
"CP0002596","C002597","O0002597","2025-10-12","Payment","Low","2025-10-16","Resolved","2"
"CP0002597","C002598","O0002598","2025-10-13","Support","Critical","2025-10-18","Resolved","3"
"CP0002598","C002599","O0002599","2025-10-14","Support","Critical","2025-10-20","Resolved","4"
"CP0002599","C002600","O0002600","2025-10-15","Delivery","Low","2025-10-22","Resolved","5"
"CP0002600","C002601","O0002601","2025-10-16","Payment","Low","","Open",""
"CP0002601","C002602","O0002602","2025-10-17","Refund","Medium","2025-10-26","Resolved","2"
"CP0002602","C002603","O0002603","2025-10-18","Payment","Medium","2025-10-28","Resolved","3"
"CP0002603","C002604","O0002604","2025-10-19","Payment","Critical","2025-10-30","Resolved","4"
"CP0002604","C002605","O0002605","2025-10-20","Delivery","Medium","2025-10-20","Resolved","5"
"CP0002605","C002606","O0002606","2025-10-21","Refund","Critical","2025-10-22","Resolved","1"
"CP0002606","C002607","O0002607","2025-10-22","Product","High","2025-10-24","Resolved","2"
"CP0002607","C002608","O0002608","2025-10-23","Refund","High","2025-10-26","Resolved","3"
"CP0002608","C002609","O0002609","2025-10-24","Support","Low","","Open",""
"CP0002609","C002610","O0002610","2025-10-25","Refund","Medium","2025-10-30","Resolved","5"
"CP0002610","C002611","O0002611","2025-10-26","Payment","Medium","2025-11-01","Resolved","1"
"CP0002611","C002612","O0002612","2025-10-27","Product","High","2025-11-03","Resolved","2"
"CP0002612","C002613","O0002613","2025-10-28","Payment","Low","2025-11-05","Resolved","3"
"CP0002613","C002614","O0002614","2025-10-29","Refund","Low","2025-11-07","Resolved","4"
"CP0002614","C002615","O0002615","2025-10-30","Product","Critical","2025-11-09","Resolved","5"
"CP0002615","C002616","O0002616","2025-10-31","Payment","Medium","2025-11-11","Resolved","1"
"CP0002616","C002617","O0002617","2025-11-01","Support","Critical","","Open",""
"CP0002617","C002618","O0002618","2025-11-02","Payment","High","2025-11-03","Resolved","3"
"CP0002618","C002619","O0002619","2025-11-03","Refund","Critical","2025-11-05","Resolved","4"
"CP0002619","C002620","O0002620","2025-11-04","Support","Medium","2025-11-07","Resolved","5"
"CP0002620","C002621","O0002621","2025-11-05","Refund","Critical","2025-11-09","Resolved","1"
"CP0002621","C002622","O0002622","2025-11-06","Delivery","Low","2025-11-11","Resolved","2"
"CP0002622","C002623","O0002623","2025-11-07","Refund","Low","2025-11-13","Resolved","3"
"CP0002623","C002624","O0002624","2025-11-08","Delivery","High","2025-11-15","Resolved","4"
"CP0002624","C002625","O0002625","2025-11-09","Product","Critical","","Open",""
"CP0002625","C002626","O0002626","2025-11-10","Delivery","Medium","2025-11-19","Resolved","1"
"CP0002626","C002627","O0002627","2025-11-11","Refund","Medium","2025-11-21","Resolved","2"
"CP0002627","C002628","O0002628","2025-11-12","Product","High","2025-11-23","Resolved","3"
"CP0002628","C002629","O0002629","2025-11-13","Product","Low","2025-11-13","Resolved","4"
"CP0002629","C002630","O0002630","2025-11-14","Product","Critical","2025-11-15","Resolved","5"
"CP0002630","C002631","O0002631","2025-11-15","Support","Low","2025-11-17","Resolved","1"
"CP0002631","C002632","O0002632","2025-11-16","Product","Medium","2025-11-19","Resolved","2"
"CP0002632","C002633","O0002633","2025-11-17","Product","Critical","","Open",""
"CP0002633","C002634","O0002634","2025-11-18","Delivery","Critical","2025-11-23","Resolved","4"
"CP0002634","C002635","O0002635","2025-11-19","Delivery","Low","2025-11-25","Resolved","5"
"CP0002635","C002636","O0002636","2025-11-20","Payment","High","2025-11-27","Resolved","1"
"CP0002636","C002637","O0002637","2025-11-21","Refund","Critical","2025-11-29","Resolved","2"
"CP0002637","C002638","O0002638","2025-11-22","Support","High","2025-12-01","Resolved","3"
"CP0002638","C002639","O0002639","2025-11-23","Support","Medium","2025-12-03","Resolved","4"
"CP0002639","C002640","O0002640","2025-11-24","Refund","Medium","2025-12-05","Resolved","5"
"CP0002640","C002641","O0002641","2025-11-25","Payment","Critical","","Open",""
"CP0002641","C002642","O0002642","2025-11-26","Refund","High","2025-11-27","Resolved","2"
"CP0002642","C002643","O0002643","2025-11-27","Refund","Low","2025-11-29","Resolved","3"
"CP0002643","C002644","O0002644","2025-11-28","Product","Medium","2025-12-01","Resolved","4"
"CP0002644","C002645","O0002645","2025-11-29","Support","High","2025-12-03","Resolved","5"
"CP0002645","C002646","O0002646","2025-11-30","Delivery","Medium","2025-12-05","Resolved","1"
"CP0002646","C002647","O0002647","2025-12-01","Delivery","Medium","2025-12-07","Resolved","2"
"CP0002647","C002648","O0002648","2025-12-02","Payment","Critical","2025-12-09","Resolved","3"
"CP0002648","C002649","O0002649","2025-12-03","Support","Critical","","Open",""
"CP0002649","C002650","O0002650","2025-12-04","Payment","Low","2025-12-13","Resolved","5"
"CP0002650","C002651","O0002651","2025-12-05","Refund","Low","2025-12-15","Resolved","1"
"CP0002651","C002652","O0002652","2025-12-06","Refund","Medium","2025-12-17","Resolved","2"
"CP0002652","C002653","O0002653","2025-12-07","Support","Critical","2025-12-07","Resolved","3"
"CP0002653","C002654","O0002654","2025-12-08","Product","Critical","2025-12-09","Resolved","4"
"CP0002654","C002655","O0002655","2025-12-09","Refund","High","2025-12-11","Resolved","5"
"CP0002655","C002656","O0002656","2025-12-10","Support","Critical","2025-12-13","Resolved","1"
"CP0002656","C002657","O0002657","2025-12-11","Refund","Medium","","Open",""
"CP0002657","C002658","O0002658","2025-12-12","Support","Medium","2025-12-17","Resolved","3"
"CP0002658","C002659","O0002659","2025-12-13","Delivery","Critical","2025-12-19","Resolved","4"
"CP0002659","C002660","O0002660","2025-12-14","Refund","High","2025-12-21","Resolved","5"
"CP0002660","C002661","O0002661","2025-12-15","Support","High","2025-12-23","Resolved","1"
"CP0002661","C002662","O0002662","2025-12-16","Refund","Medium","2025-12-25","Resolved","2"
"CP0002662","C002663","O0002663","2025-12-17","Product","High","2025-12-27","Resolved","3"
"CP0002663","C002664","O0002664","2025-12-18","Support","Critical","2025-12-29","Resolved","4"
"CP0002664","C002665","O0002665","2025-12-19","Delivery","Medium","","Open",""
"CP0002665","C002666","O0002666","2025-12-20","Refund","Critical","2025-12-21","Resolved","1"
"CP0002666","C002667","O0002667","2025-12-21","Delivery","Low","2025-12-23","Resolved","2"
"CP0002667","C002668","O0002668","2025-12-22","Product","Medium","2025-12-25","Resolved","3"
"CP0002668","C002669","O0002669","2025-12-23","Refund","High","2025-12-27","Resolved","4"
"CP0002669","C002670","O0002670","2025-12-24","Product","Low","2025-12-29","Resolved","5"
"CP0002670","C002671","O0002671","2025-12-25","Delivery","Low","2025-12-31","Resolved","1"
"CP0002671","C002672","O0002672","2025-12-26","Support","High","2026-01-02","Resolved","2"
"CP0002672","C002673","O0002673","2025-12-27","Product","Medium","","Open",""
"CP0002673","C002674","O0002674","2025-12-28","Refund","High","2026-01-06","Resolved","4"
"CP0002674","C002675","O0002675","2025-12-29","Support","Critical","2026-01-08","Resolved","5"
"CP0002675","C002676","O0002676","2025-12-30","Delivery","High","2026-01-10","Resolved","1"
"CP0002676","C002677","O0002677","2025-12-31","Refund","High","2025-12-31","Resolved","2"
"CP0002677","C002678","O0002678","2026-01-01","Support","Low","2026-01-02","Resolved","3"
"CP0002678","C002679","O0002679","2026-01-02","Support","High","2026-01-04","Resolved","4"
"CP0002679","C002680","O0002680","2026-01-03","Delivery","High","2026-01-06","Resolved","5"
"CP0002680","C002681","O0002681","2026-01-04","Product","Low","","Open",""
"CP0002681","C002682","O0002682","2026-01-05","Payment","High","2026-01-10","Resolved","2"
"CP0002682","C002683","O0002683","2026-01-06","Delivery","Critical","2026-01-12","Resolved","3"
"CP0002683","C002684","O0002684","2026-01-07","Product","Medium","2026-01-14","Resolved","4"
"CP0002684","C002685","O0002685","2026-01-08","Refund","Critical","2026-01-16","Resolved","5"
"CP0002685","C002686","O0002686","2026-01-09","Payment","Low","2026-01-18","Resolved","1"
"CP0002686","C002687","O0002687","2026-01-10","Refund","High","2026-01-20","Resolved","2"
"CP0002687","C002688","O0002688","2026-01-11","Refund","Medium","2026-01-22","Resolved","3"
"CP0002688","C002689","O0002689","2026-01-12","Payment","Medium","","Open",""
"CP0002689","C002690","O0002690","2026-01-13","Delivery","High","2026-01-14","Resolved","5"
"CP0002690","C002691","O0002691","2026-01-14","Support","Low","2026-01-16","Resolved","1"
"CP0002691","C002692","O0002692","2026-01-15","Product","Low","2026-01-18","Resolved","2"
"CP0002692","C002693","O0002693","2026-01-16","Payment","High","2026-01-20","Resolved","3"
"CP0002693","C002694","O0002694","2026-01-17","Delivery","Medium","2026-01-22","Resolved","4"
"CP0002694","C002695","O0002695","2026-01-18","Support","Medium","2026-01-24","Resolved","5"
"CP0002695","C002696","O0002696","2026-01-19","Support","Low","2026-01-26","Resolved","1"
"CP0002696","C002697","O0002697","2026-01-20","Payment","Medium","","Open",""
"CP0002697","C002698","O0002698","2026-01-21","Product","High","2026-01-30","Resolved","3"
"CP0002698","C002699","O0002699","2026-01-22","Payment","Medium","2026-02-01","Resolved","4"
"CP0002699","C002700","O0002700","2026-01-23","Support","Critical","2026-02-03","Resolved","5"
"CP0002700","C002701","O0002701","2026-01-24","Refund","High","2026-01-24","Resolved","1"
"CP0002701","C002702","O0002702","2026-01-25","Product","Critical","2026-01-26","Resolved","2"
"CP0002702","C002703","O0002703","2026-01-26","Refund","Low","2026-01-28","Resolved","3"
"CP0002703","C002704","O0002704","2026-01-27","Refund","Low","2026-01-30","Resolved","4"
"CP0002704","C002705","O0002705","2026-01-28","Refund","Critical","","Open",""
"CP0002705","C002706","O0002706","2026-01-29","Payment","Low","2026-02-03","Resolved","1"
"CP0002706","C002707","O0002707","2026-01-30","Delivery","Medium","2026-02-05","Resolved","2"
"CP0002707","C002708","O0002708","2026-01-31","Refund","Critical","2026-02-07","Resolved","3"
"CP0002708","C002709","O0002709","2026-02-01","Product","Low","2026-02-09","Resolved","4"
"CP0002709","C002710","O0002710","2026-02-02","Product","Medium","2026-02-11","Resolved","5"
"CP0002710","C002711","O0002711","2026-02-03","Product","Critical","2026-02-13","Resolved","1"
"CP0002711","C002712","O0002712","2026-02-04","Delivery","High","2026-02-15","Resolved","2"
"CP0002712","C002713","O0002713","2026-02-05","Delivery","Low","","Open",""
"CP0002713","C002714","O0002714","2026-02-06","Delivery","Medium","2026-02-07","Resolved","4"
"CP0002714","C002715","O0002715","2026-02-07","Refund","Critical","2026-02-09","Resolved","5"
"CP0002715","C002716","O0002716","2026-02-08","Product","Medium","2026-02-11","Resolved","1"
"CP0002716","C002717","O0002717","2026-02-09","Delivery","Low","2026-02-13","Resolved","2"
"CP0002717","C002718","O0002718","2026-02-10","Support","Low","2026-02-15","Resolved","3"
"CP0002718","C002719","O0002719","2026-02-11","Delivery","Critical","2026-02-17","Resolved","4"
"CP0002719","C002720","O0002720","2026-02-12","Payment","Low","2026-02-19","Resolved","5"
"CP0002720","C002721","O0002721","2026-02-13","Refund","Low","","Open",""
"CP0002721","C002722","O0002722","2026-02-14","Product","Medium","2026-02-23","Resolved","2"
"CP0002722","C002723","O0002723","2026-02-15","Refund","Medium","2026-02-25","Resolved","3"
"CP0002723","C002724","O0002724","2026-02-16","Refund","Medium","2026-02-27","Resolved","4"
"CP0002724","C002725","O0002725","2026-02-17","Payment","Medium","2026-02-17","Resolved","5"
"CP0002725","C002726","O0002726","2026-02-18","Support","Critical","2026-02-19","Resolved","1"
"CP0002726","C002727","O0002727","2026-02-19","Product","Low","2026-02-21","Resolved","2"
"CP0002727","C002728","O0002728","2026-02-20","Refund","Medium","2026-02-23","Resolved","3"
"CP0002728","C002729","O0002729","2026-02-21","Payment","Critical","","Open",""
"CP0002729","C002730","O0002730","2026-02-22","Delivery","Medium","2026-02-27","Resolved","5"
"CP0002730","C002731","O0002731","2026-02-23","Delivery","Low","2026-03-01","Resolved","1"
"CP0002731","C002732","O0002732","2026-02-24","Delivery","Medium","2026-03-03","Resolved","2"
"CP0002732","C002733","O0002733","2026-02-25","Delivery","Low","2026-03-05","Resolved","3"
"CP0002733","C002734","O0002734","2026-02-26","Refund","Low","2026-03-07","Resolved","4"
"CP0002734","C002735","O0002735","2026-02-27","Support","Critical","2026-03-09","Resolved","5"
"CP0002735","C002736","O0002736","2026-02-28","Support","Medium","2026-03-11","Resolved","1"
"CP0002736","C002737","O0002737","2026-03-01","Payment","Critical","","Open",""
"CP0002737","C002738","O0002738","2026-03-02","Payment","High","2026-03-03","Resolved","3"
"CP0002738","C002739","O0002739","2026-03-03","Product","Medium","2026-03-05","Resolved","4"
"CP0002739","C002740","O0002740","2026-03-04","Refund","High","2026-03-07","Resolved","5"
"CP0002740","C002741","O0002741","2026-03-05","Delivery","High","2026-03-09","Resolved","1"
"CP0002741","C002742","O0002742","2026-03-06","Support","Low","2026-03-11","Resolved","2"
"CP0002742","C002743","O0002743","2026-03-07","Support","High","2026-03-13","Resolved","3"
"CP0002743","C002744","O0002744","2026-03-08","Payment","Critical","2026-03-15","Resolved","4"
"CP0002744","C002745","O0002745","2026-03-09","Product","High","","Open",""
"CP0002745","C002746","O0002746","2026-03-10","Payment","High","2026-03-19","Resolved","1"
"CP0002746","C002747","O0002747","2026-03-11","Delivery","High","2026-03-21","Resolved","2"
"CP0002747","C002748","O0002748","2026-03-12","Refund","Medium","2026-03-23","Resolved","3"
"CP0002748","C002749","O0002749","2026-03-13","Product","High","2026-03-13","Resolved","4"
"CP0002749","C002750","O0002750","2026-03-14","Support","Low","2026-03-15","Resolved","5"
"CP0002750","C002751","O0002751","2026-03-15","Refund","High","2026-03-17","Resolved","1"
"CP0002751","C002752","O0002752","2026-03-16","Support","Critical","2026-03-19","Resolved","2"
"CP0002752","C002753","O0002753","2026-03-17","Delivery","High","","Open",""
"CP0002753","C002754","O0002754","2026-03-18","Product","Medium","2026-03-23","Resolved","4"
"CP0002754","C002755","O0002755","2026-03-19","Payment","Medium","2026-03-25","Resolved","5"
"CP0002755","C002756","O0002756","2026-03-20","Delivery","Medium","2026-03-27","Resolved","1"
"CP0002756","C002757","O0002757","2026-03-21","Support","Medium","2026-03-29","Resolved","2"
"CP0002757","C002758","O0002758","2026-03-22","Payment","Medium","2026-03-31","Resolved","3"
"CP0002758","C002759","O0002759","2026-03-23","Refund","High","2026-04-02","Resolved","4"
"CP0002759","C002760","O0002760","2026-03-24","Payment","High","2026-04-04","Resolved","5"
"CP0002760","C002761","O0002761","2026-03-25","Product","Critical","","Open",""
"CP0002761","C002762","O0002762","2026-03-26","Payment","High","2026-03-27","Resolved","2"
"CP0002762","C002763","O0002763","2026-03-27","Product","Medium","2026-03-29","Resolved","3"
"CP0002763","C002764","O0002764","2026-03-28","Product","Medium","2026-03-31","Resolved","4"
"CP0002764","C002765","O0002765","2026-03-29","Refund","Medium","2026-04-02","Resolved","5"
"CP0002765","C002766","O0002766","2026-03-30","Payment","High","2026-04-04","Resolved","1"
"CP0002766","C002767","O0002767","2026-03-31","Product","Critical","2026-04-06","Resolved","2"
"CP0002767","C002768","O0002768","2026-04-01","Product","Critical","2026-04-08","Resolved","3"
"CP0002768","C002769","O0002769","2026-04-02","Support","High","","Open",""
"CP0002769","C002770","O0002770","2026-04-03","Support","Critical","2026-04-12","Resolved","5"
"CP0002770","C002771","O0002771","2026-04-04","Product","High","2026-04-14","Resolved","1"
"CP0002771","C002772","O0002772","2026-04-05","Payment","High","2026-04-16","Resolved","2"
"CP0002772","C002773","O0002773","2026-04-06","Support","High","2026-04-06","Resolved","3"
"CP0002773","C002774","O0002774","2026-04-07","Support","Critical","2026-04-08","Resolved","4"
"CP0002774","C002775","O0002775","2026-04-08","Payment","Medium","2026-04-10","Resolved","5"
"CP0002775","C002776","O0002776","2026-04-09","Support","Critical","2026-04-12","Resolved","1"
"CP0002776","C002777","O0002777","2026-04-10","Payment","Critical","","Open",""
"CP0002777","C002778","O0002778","2026-04-11","Payment","Critical","2026-04-16","Resolved","3"
"CP0002778","C002779","O0002779","2026-04-12","Product","Medium","2026-04-18","Resolved","4"
"CP0002779","C002780","O0002780","2026-04-13","Payment","Critical","2026-04-20","Resolved","5"
"CP0002780","C002781","O0002781","2026-04-14","Refund","Medium","2026-04-22","Resolved","1"
"CP0002781","C002782","O0002782","2026-04-15","Delivery","Low","2026-04-24","Resolved","2"
"CP0002782","C002783","O0002783","2026-04-16","Refund","Critical","2026-04-26","Resolved","3"
"CP0002783","C002784","O0002784","2026-04-17","Refund","Critical","2026-04-28","Resolved","4"
"CP0002784","C002785","O0002785","2026-04-18","Delivery","High","","Open",""
"CP0002785","C002786","O0002786","2026-04-19","Support","High","2026-04-20","Resolved","1"
"CP0002786","C002787","O0002787","2026-04-20","Support","Medium","2026-04-22","Resolved","2"
"CP0002787","C002788","O0002788","2026-04-21","Refund","High","2026-04-24","Resolved","3"
"CP0002788","C002789","O0002789","2026-04-22","Payment","Critical","2026-04-26","Resolved","4"
"CP0002789","C002790","O0002790","2026-04-23","Refund","Low","2026-04-28","Resolved","5"
"CP0002790","C002791","O0002791","2026-04-24","Product","High","2026-04-30","Resolved","1"
"CP0002791","C002792","O0002792","2026-04-25","Payment","High","2026-05-02","Resolved","2"
"CP0002792","C002793","O0002793","2026-04-26","Payment","Critical","","Open",""
"CP0002793","C002794","O0002794","2026-04-27","Payment","Critical","2026-05-06","Resolved","4"
"CP0002794","C002795","O0002795","2026-04-28","Support","Critical","2026-05-08","Resolved","5"
"CP0002795","C002796","O0002796","2026-04-29","Product","High","2026-05-10","Resolved","1"
"CP0002796","C002797","O0002797","2026-04-30","Refund","Critical","2026-04-30","Resolved","2"
"CP0002797","C002798","O0002798","2026-05-01","Refund","Low","2026-05-02","Resolved","3"
"CP0002798","C002799","O0002799","2026-05-02","Refund","High","2026-05-04","Resolved","4"
"CP0002799","C002800","O0002800","2026-05-03","Delivery","High","2026-05-06","Resolved","5"
"CP0002800","C002801","O0002801","2026-05-04","Support","Medium","","Open",""
"CP0002801","C002802","O0002802","2026-05-05","Support","Critical","2026-05-10","Resolved","2"
"CP0002802","C002803","O0002803","2026-05-06","Delivery","Medium","2026-05-12","Resolved","3"
"CP0002803","C002804","O0002804","2026-05-07","Support","Critical","2026-05-14","Resolved","4"
"CP0002804","C002805","O0002805","2026-05-08","Payment","Medium","2026-05-16","Resolved","5"
"CP0002805","C002806","O0002806","2026-05-09","Payment","Medium","2026-05-18","Resolved","1"
"CP0002806","C002807","O0002807","2026-05-10","Payment","Medium","2026-05-20","Resolved","2"
"CP0002807","C002808","O0002808","2026-05-11","Support","Medium","2026-05-22","Resolved","3"
"CP0002808","C002809","O0002809","2026-05-12","Product","Medium","","Open",""
"CP0002809","C002810","O0002810","2026-05-13","Delivery","Medium","2026-05-14","Resolved","5"
"CP0002810","C002811","O0002811","2026-05-14","Refund","Critical","2026-05-16","Resolved","1"
"CP0002811","C002812","O0002812","2026-05-15","Support","High","2026-05-18","Resolved","2"
"CP0002812","C002813","O0002813","2026-05-16","Refund","High","2026-05-20","Resolved","3"
"CP0002813","C002814","O0002814","2026-05-17","Payment","Medium","2026-05-22","Resolved","4"
"CP0002814","C002815","O0002815","2026-05-18","Delivery","Critical","2026-05-24","Resolved","5"
"CP0002815","C002816","O0002816","2026-05-19","Delivery","Critical","2026-05-26","Resolved","1"
"CP0002816","C002817","O0002817","2026-05-20","Delivery","Low","","Open",""
"CP0002817","C002818","O0002818","2026-05-21","Delivery","Critical","2026-05-30","Resolved","3"
"CP0002818","C002819","O0002819","2026-05-22","Refund","Low","2026-06-01","Resolved","4"
"CP0002819","C002820","O0002820","2026-05-23","Delivery","High","2026-06-03","Resolved","5"
"CP0002820","C002821","O0002821","2026-05-24","Product","High","2026-05-24","Resolved","1"
"CP0002821","C002822","O0002822","2026-05-25","Product","High","2026-05-26","Resolved","2"
"CP0002822","C002823","O0002823","2026-05-26","Payment","High","2026-05-28","Resolved","3"
"CP0002823","C002824","O0002824","2026-05-27","Support","Low","2026-05-30","Resolved","4"
"CP0002824","C002825","O0002825","2026-05-28","Delivery","Critical","","Open",""
"CP0002825","C002826","O0002826","2026-05-29","Support","High","2026-06-03","Resolved","1"
"CP0002826","C002827","O0002827","2026-05-30","Payment","Critical","2026-06-05","Resolved","2"
"CP0002827","C002828","O0002828","2026-05-31","Support","Critical","2026-06-07","Resolved","3"
"CP0002828","C002829","O0002829","2026-06-01","Delivery","Critical","2026-06-09","Resolved","4"
"CP0002829","C002830","O0002830","2026-06-02","Delivery","Critical","2026-06-11","Resolved","5"
"CP0002830","C002831","O0002831","2026-06-03","Product","High","2026-06-13","Resolved","1"
"CP0002831","C002832","O0002832","2026-06-04","Payment","High","2026-06-15","Resolved","2"
"CP0002832","C002833","O0002833","2026-06-05","Product","Medium","","Open",""
"CP0002833","C002834","O0002834","2026-06-06","Delivery","Low","2026-06-07","Resolved","4"
"CP0002834","C002835","O0002835","2026-06-07","Payment","Medium","2026-06-09","Resolved","5"
"CP0002835","C002836","O0002836","2026-06-08","Delivery","Critical","2026-06-11","Resolved","1"
"CP0002836","C002837","O0002837","2026-06-09","Delivery","Critical","2026-06-13","Resolved","2"
"CP0002837","C002838","O0002838","2026-06-10","Payment","High","2026-06-15","Resolved","3"
"CP0002838","C002839","O0002839","2026-06-11","Support","Medium","2026-06-17","Resolved","4"
"CP0002839","C002840","O0002840","2026-06-12","Support","Medium","2026-06-19","Resolved","5"
"CP0002840","C002841","O0002841","2026-06-13","Product","Medium","","Open",""
"CP0002841","C002842","O0002842","2026-06-14","Refund","Low","2026-06-23","Resolved","2"
"CP0002842","C002843","O0002843","2026-06-15","Delivery","Low","2026-06-25","Resolved","3"
"CP0002843","C002844","O0002844","2026-06-16","Refund","Medium","2026-06-27","Resolved","4"
"CP0002844","C002845","O0002845","2026-06-17","Payment","Low","2026-06-17","Resolved","5"
"CP0002845","C002846","O0002846","2026-06-18","Payment","Critical","2026-06-19","Resolved","1"
"CP0002846","C002847","O0002847","2026-06-19","Refund","Critical","2026-06-21","Resolved","2"
"CP0002847","C002848","O0002848","2026-06-20","Delivery","Medium","2026-06-23","Resolved","3"
"CP0002848","C002849","O0002849","2026-06-21","Support","Critical","","Open",""
"CP0002849","C002850","O0002850","2026-06-22","Payment","Low","2026-06-27","Resolved","5"
"CP0002850","C002851","O0002851","2026-06-23","Payment","Critical","2026-06-29","Resolved","1"
"CP0002851","C002852","O0002852","2026-06-24","Product","Low","2026-07-01","Resolved","2"
"CP0002852","C002853","O0002853","2026-06-25","Support","Critical","2026-07-03","Resolved","3"
"CP0002853","C002854","O0002854","2026-06-26","Payment","Medium","2026-07-05","Resolved","4"
"CP0002854","C002855","O0002855","2026-06-27","Delivery","Medium","2026-07-07","Resolved","5"
"CP0002855","C002856","O0002856","2026-06-28","Payment","Medium","2026-07-09","Resolved","1"
"CP0002856","C002857","O0002857","2026-06-29","Support","Low","","Open",""
"CP0002857","C002858","O0002858","2026-06-30","Refund","Medium","2026-07-01","Resolved","3"
"CP0002858","C002859","O0002859","2026-07-01","Refund","High","2026-07-03","Resolved","4"
"CP0002859","C002860","O0002860","2026-07-02","Delivery","High","2026-07-05","Resolved","5"
"CP0002860","C002861","O0002861","2026-07-03","Refund","Medium","2026-07-07","Resolved","1"
"CP0002861","C002862","O0002862","2026-07-04","Support","Medium","2026-07-09","Resolved","2"
"CP0002862","C002863","O0002863","2026-07-05","Payment","Low","2026-07-11","Resolved","3"
"CP0002863","C002864","O0002864","2026-07-06","Refund","Medium","2026-07-13","Resolved","4"
"CP0002864","C002865","O0002865","2026-07-07","Product","Low","","Open",""
"CP0002865","C002866","O0002866","2026-07-08","Delivery","Critical","2026-07-17","Resolved","1"
"CP0002866","C002867","O0002867","2026-07-09","Delivery","Critical","2026-07-19","Resolved","2"
"CP0002867","C002868","O0002868","2026-07-10","Product","Critical","2026-07-21","Resolved","3"
"CP0002868","C002869","O0002869","2026-07-11","Delivery","High","2026-07-11","Resolved","4"
"CP0002869","C002870","O0002870","2026-07-12","Support","Critical","2026-07-13","Resolved","5"
"CP0002870","C002871","O0002871","2026-07-13","Payment","Low","2026-07-15","Resolved","1"
"CP0002871","C002872","O0002872","2026-07-14","Support","Critical","2026-07-17","Resolved","2"
"CP0002872","C002873","O0002873","2026-07-15","Payment","Low","","Open",""
"CP0002873","C002874","O0002874","2026-07-16","Delivery","Medium","2026-07-21","Resolved","4"
"CP0002874","C002875","O0002875","2026-07-17","Refund","Medium","2026-07-23","Resolved","5"
"CP0002875","C002876","O0002876","2026-07-18","Product","Medium","2026-07-25","Resolved","1"
"CP0002876","C002877","O0002877","2026-07-19","Product","Low","2026-07-27","Resolved","2"
"CP0002877","C002878","O0002878","2026-07-20","Product","Low","2026-07-29","Resolved","3"
"CP0002878","C002879","O0002879","2026-07-21","Delivery","Medium","2026-07-31","Resolved","4"
"CP0002879","C002880","O0002880","2026-07-22","Support","High","2026-08-02","Resolved","5"
"CP0002880","C002881","O0002881","2026-07-23","Refund","High","","Open",""
"CP0002881","C002882","O0002882","2026-07-24","Support","Critical","2026-07-25","Resolved","2"
"CP0002882","C002883","O0002883","2026-07-25","Payment","Medium","2026-07-27","Resolved","3"
"CP0002883","C002884","O0002884","2026-07-26","Product","High","2026-07-29","Resolved","4"
"CP0002884","C002885","O0002885","2026-07-27","Delivery","Medium","2026-07-31","Resolved","5"
"CP0002885","C002886","O0002886","2026-07-28","Payment","Low","2026-08-02","Resolved","1"
"CP0002886","C002887","O0002887","2026-07-29","Refund","Critical","2026-08-04","Resolved","2"
"CP0002887","C002888","O0002888","2026-07-30","Delivery","Low","2026-08-06","Resolved","3"
"CP0002888","C002889","O0002889","2026-07-31","Delivery","Low","","Open",""
"CP0002889","C002890","O0002890","2026-08-01","Payment","High","2026-08-10","Resolved","5"
"CP0002890","C002891","O0002891","2026-08-02","Payment","Low","2026-08-12","Resolved","1"
"CP0002891","C002892","O0002892","2026-08-03","Refund","Low","2026-08-14","Resolved","2"
"CP0002892","C002893","O0002893","2026-08-04","Payment","Critical","2026-08-04","Resolved","3"
"CP0002893","C002894","O0002894","2026-08-05","Product","Medium","2026-08-06","Resolved","4"
"CP0002894","C002895","O0002895","2026-08-06","Payment","Low","2026-08-08","Resolved","5"
"CP0002895","C002896","O0002896","2026-08-07","Payment","Low","2026-08-10","Resolved","1"
"CP0002896","C002897","O0002897","2026-08-08","Product","Medium","","Open",""
"CP0002897","C002898","O0002898","2026-08-09","Refund","High","2026-08-14","Resolved","3"
"CP0002898","C002899","O0002899","2026-08-10","Delivery","Medium","2026-08-16","Resolved","4"
"CP0002899","C002900","O0002900","2026-08-11","Product","Critical","2026-08-18","Resolved","5"
"CP0002900","C002901","O0002901","2026-08-12","Delivery","Medium","2026-08-20","Resolved","1"
"CP0002901","C002902","O0002902","2026-08-13","Product","High","2026-08-22","Resolved","2"
"CP0002902","C002903","O0002903","2026-08-14","Refund","Critical","2026-08-24","Resolved","3"
"CP0002903","C002904","O0002904","2026-08-15","Support","Medium","2026-08-26","Resolved","4"
"CP0002904","C002905","O0002905","2026-08-16","Delivery","High","","Open",""
"CP0002905","C002906","O0002906","2026-08-17","Payment","High","2026-08-18","Resolved","1"
"CP0002906","C002907","O0002907","2026-08-18","Product","Critical","2026-08-20","Resolved","2"
"CP0002907","C002908","O0002908","2026-08-19","Payment","Low","2026-08-22","Resolved","3"
"CP0002908","C002909","O0002909","2026-08-20","Payment","Low","2026-08-24","Resolved","4"
"CP0002909","C002910","O0002910","2026-08-21","Product","Low","2026-08-26","Resolved","5"
"CP0002910","C002911","O0002911","2026-08-22","Product","Low","2026-08-28","Resolved","1"
"CP0002911","C002912","O0002912","2026-08-23","Refund","Medium","2026-08-30","Resolved","2"
"CP0002912","C002913","O0002913","2026-08-24","Support","Critical","","Open",""
"CP0002913","C002914","O0002914","2026-08-25","Support","Low","2026-09-03","Resolved","4"
"CP0002914","C002915","O0002915","2026-08-26","Refund","Medium","2026-09-05","Resolved","5"
"CP0002915","C002916","O0002916","2026-08-27","Product","Low","2026-09-07","Resolved","1"
"CP0002916","C002917","O0002917","2026-08-28","Product","Low","2026-08-28","Resolved","2"
"CP0002917","C002918","O0002918","2026-08-29","Product","Critical","2026-08-30","Resolved","3"
"CP0002918","C002919","O0002919","2026-08-30","Support","Critical","2026-09-01","Resolved","4"
"CP0002919","C002920","O0002920","2026-08-31","Payment","High","2026-09-03","Resolved","5"
"CP0002920","C002921","O0002921","2025-09-01","Support","Medium","","Open",""
"CP0002921","C002922","O0002922","2025-09-02","Refund","Medium","2025-09-07","Resolved","2"
"CP0002922","C002923","O0002923","2025-09-03","Product","Medium","2025-09-09","Resolved","3"
"CP0002923","C002924","O0002924","2025-09-04","Refund","Low","2025-09-11","Resolved","4"
"CP0002924","C002925","O0002925","2025-09-05","Product","Critical","2025-09-13","Resolved","5"
"CP0002925","C002926","O0002926","2025-09-06","Product","Medium","2025-09-15","Resolved","1"
"CP0002926","C002927","O0002927","2025-09-07","Support","Low","2025-09-17","Resolved","2"
"CP0002927","C002928","O0002928","2025-09-08","Refund","Low","2025-09-19","Resolved","3"
"CP0002928","C002929","O0002929","2025-09-09","Product","High","","Open",""
"CP0002929","C002930","O0002930","2025-09-10","Support","High","2025-09-11","Resolved","5"
"CP0002930","C002931","O0002931","2025-09-11","Delivery","Critical","2025-09-13","Resolved","1"
"CP0002931","C002932","O0002932","2025-09-12","Payment","High","2025-09-15","Resolved","2"
"CP0002932","C002933","O0002933","2025-09-13","Support","Medium","2025-09-17","Resolved","3"
"CP0002933","C002934","O0002934","2025-09-14","Payment","Medium","2025-09-19","Resolved","4"
"CP0002934","C002935","O0002935","2025-09-15","Payment","Medium","2025-09-21","Resolved","5"
"CP0002935","C002936","O0002936","2025-09-16","Product","Medium","2025-09-23","Resolved","1"
"CP0002936","C002937","O0002937","2025-09-17","Support","Low","","Open",""
"CP0002937","C002938","O0002938","2025-09-18","Payment","Low","2025-09-27","Resolved","3"
"CP0002938","C002939","O0002939","2025-09-19","Support","High","2025-09-29","Resolved","4"
"CP0002939","C002940","O0002940","2025-09-20","Delivery","Medium","2025-10-01","Resolved","5"
"CP0002940","C002941","O0002941","2025-09-21","Product","Low","2025-09-21","Resolved","1"
"CP0002941","C002942","O0002942","2025-09-22","Refund","High","2025-09-23","Resolved","2"
"CP0002942","C002943","O0002943","2025-09-23","Refund","High","2025-09-25","Resolved","3"
"CP0002943","C002944","O0002944","2025-09-24","Payment","High","2025-09-27","Resolved","4"
"CP0002944","C002945","O0002945","2025-09-25","Product","Medium","","Open",""
"CP0002945","C002946","O0002946","2025-09-26","Support","Critical","2025-10-01","Resolved","1"
"CP0002946","C002947","O0002947","2025-09-27","Refund","Medium","2025-10-03","Resolved","2"
"CP0002947","C002948","O0002948","2025-09-28","Product","Critical","2025-10-05","Resolved","3"
"CP0002948","C002949","O0002949","2025-09-29","Support","Low","2025-10-07","Resolved","4"
"CP0002949","C002950","O0002950","2025-09-30","Product","Medium","2025-10-09","Resolved","5"
"CP0002950","C002951","O0002951","2025-10-01","Refund","Medium","2025-10-11","Resolved","1"
"CP0002951","C002952","O0002952","2025-10-02","Payment","Low","2025-10-13","Resolved","2"
"CP0002952","C002953","O0002953","2025-10-03","Support","Medium","","Open",""
"CP0002953","C002954","O0002954","2025-10-04","Refund","Critical","2025-10-05","Resolved","4"
"CP0002954","C002955","O0002955","2025-10-05","Payment","High","2025-10-07","Resolved","5"
"CP0002955","C002956","O0002956","2025-10-06","Refund","High","2025-10-09","Resolved","1"
"CP0002956","C002957","O0002957","2025-10-07","Payment","Medium","2025-10-11","Resolved","2"
"CP0002957","C002958","O0002958","2025-10-08","Product","Critical","2025-10-13","Resolved","3"
"CP0002958","C002959","O0002959","2025-10-09","Support","Low","2025-10-15","Resolved","4"
"CP0002959","C002960","O0002960","2025-10-10","Delivery","Medium","2025-10-17","Resolved","5"
"CP0002960","C002961","O0002961","2025-10-11","Payment","High","","Open",""
"CP0002961","C002962","O0002962","2025-10-12","Delivery","High","2025-10-21","Resolved","2"
"CP0002962","C002963","O0002963","2025-10-13","Payment","Medium","2025-10-23","Resolved","3"
"CP0002963","C002964","O0002964","2025-10-14","Payment","High","2025-10-25","Resolved","4"
"CP0002964","C002965","O0002965","2025-10-15","Product","Medium","2025-10-15","Resolved","5"
"CP0002965","C002966","O0002966","2025-10-16","Product","Medium","2025-10-17","Resolved","1"
"CP0002966","C002967","O0002967","2025-10-17","Support","Critical","2025-10-19","Resolved","2"
"CP0002967","C002968","O0002968","2025-10-18","Delivery","Low","2025-10-21","Resolved","3"
"CP0002968","C002969","O0002969","2025-10-19","Refund","Medium","","Open",""
"CP0002969","C002970","O0002970","2025-10-20","Support","Critical","2025-10-25","Resolved","5"
"CP0002970","C002971","O0002971","2025-10-21","Support","Low","2025-10-27","Resolved","1"
"CP0002971","C002972","O0002972","2025-10-22","Payment","Medium","2025-10-29","Resolved","2"
"CP0002972","C002973","O0002973","2025-10-23","Product","Critical","2025-10-31","Resolved","3"
"CP0002973","C002974","O0002974","2025-10-24","Product","Medium","2025-11-02","Resolved","4"
"CP0002974","C002975","O0002975","2025-10-25","Payment","Low","2025-11-04","Resolved","5"
"CP0002975","C002976","O0002976","2025-10-26","Refund","High","2025-11-06","Resolved","1"
"CP0002976","C002977","O0002977","2025-10-27","Payment","Critical","","Open",""
"CP0002977","C002978","O0002978","2025-10-28","Refund","High","2025-10-29","Resolved","3"
"CP0002978","C002979","O0002979","2025-10-29","Delivery","Medium","2025-10-31","Resolved","4"
"CP0002979","C002980","O0002980","2025-10-30","Support","Low","2025-11-02","Resolved","5"
"CP0002980","C002981","O0002981","2025-10-31","Support","High","2025-11-04","Resolved","1"
"CP0002981","C002982","O0002982","2025-11-01","Payment","Critical","2025-11-06","Resolved","2"
"CP0002982","C002983","O0002983","2025-11-02","Delivery","Medium","2025-11-08","Resolved","3"
"CP0002983","C002984","O0002984","2025-11-03","Product","Medium","2025-11-10","Resolved","4"
"CP0002984","C002985","O0002985","2025-11-04","Support","Low","","Open",""
"CP0002985","C002986","O0002986","2025-11-05","Product","Medium","2025-11-14","Resolved","1"
"CP0002986","C002987","O0002987","2025-11-06","Support","Critical","2025-11-16","Resolved","2"
"CP0002987","C002988","O0002988","2025-11-07","Support","Critical","2025-11-18","Resolved","3"
"CP0002988","C002989","O0002989","2025-11-08","Product","Medium","2025-11-08","Resolved","4"
"CP0002989","C002990","O0002990","2025-11-09","Refund","Low","2025-11-10","Resolved","5"
"CP0002990","C002991","O0002991","2025-11-10","Refund","Critical","2025-11-12","Resolved","1"
"CP0002991","C002992","O0002992","2025-11-11","Refund","Medium","2025-11-14","Resolved","2"
"CP0002992","C002993","O0002993","2025-11-12","Payment","Medium","","Open",""
"CP0002993","C002994","O0002994","2025-11-13","Support","Low","2025-11-18","Resolved","4"
"CP0002994","C002995","O0002995","2025-11-14","Product","High","2025-11-20","Resolved","5"
"CP0002995","C002996","O0002996","2025-11-15","Refund","Medium","2025-11-22","Resolved","1"
"CP0002996","C002997","O0002997","2025-11-16","Delivery","Low","2025-11-24","Resolved","2"
"CP0002997","C002998","O0002998","2025-11-17","Support","Critical","2025-11-26","Resolved","3"
"CP0002998","C002999","O0002999","2025-11-18","Payment","Medium","2025-11-28","Resolved","4"
"CP0002999","C003000","O0003000","2025-11-19","Product","High","2025-11-30","Resolved","5"
"CP0003000","C003001","O0003001","2025-11-20","Payment","Low","","Open",""
"CP0003001","C003002","O0003002","2025-11-21","Payment","Low","2025-11-22","Resolved","2"
"CP0003002","C003003","O0003003","2025-11-22","Refund","Low","2025-11-24","Resolved","3"
"CP0003003","C003004","O0003004","2025-11-23","Delivery","Medium","2025-11-26","Resolved","4"
"CP0003004","C003005","O0003005","2025-11-24","Product","Critical","2025-11-28","Resolved","5"
"CP0003005","C003006","O0003006","2025-11-25","Product","Medium","2025-11-30","Resolved","1"
"CP0003006","C003007","O0003007","2025-11-26","Product","Critical","2025-12-02","Resolved","2"
"CP0003007","C003008","O0003008","2025-11-27","Payment","Critical","2025-12-04","Resolved","3"
"CP0003008","C003009","O0003009","2025-11-28","Delivery","High","","Open",""
"CP0003009","C003010","O0003010","2025-11-29","Refund","Low","2025-12-08","Resolved","5"
"CP0003010","C003011","O0003011","2025-11-30","Refund","Low","2025-12-10","Resolved","1"
"CP0003011","C003012","O0003012","2025-12-01","Support","Medium","2025-12-12","Resolved","2"
"CP0003012","C003013","O0003013","2025-12-02","Refund","Low","2025-12-02","Resolved","3"
"CP0003013","C003014","O0003014","2025-12-03","Payment","Medium","2025-12-04","Resolved","4"
"CP0003014","C003015","O0003015","2025-12-04","Delivery","High","2025-12-06","Resolved","5"
"CP0003015","C003016","O0003016","2025-12-05","Support","High","2025-12-08","Resolved","1"
"CP0003016","C003017","O0003017","2025-12-06","Product","Low","","Open",""
"CP0003017","C003018","O0003018","2025-12-07","Product","Medium","2025-12-12","Resolved","3"
"CP0003018","C003019","O0003019","2025-12-08","Refund","High","2025-12-14","Resolved","4"
"CP0003019","C003020","O0003020","2025-12-09","Refund","Low","2025-12-16","Resolved","5"
"CP0003020","C003021","O0003021","2025-12-10","Product","High","2025-12-18","Resolved","1"
"CP0003021","C003022","O0003022","2025-12-11","Delivery","Low","2025-12-20","Resolved","2"
"CP0003022","C003023","O0003023","2025-12-12","Support","High","2025-12-22","Resolved","3"
"CP0003023","C003024","O0003024","2025-12-13","Product","Medium","2025-12-24","Resolved","4"
"CP0003024","C003025","O0003025","2025-12-14","Refund","Medium","","Open",""
"CP0003025","C003026","O0003026","2025-12-15","Delivery","Low","2025-12-16","Resolved","1"
"CP0003026","C003027","O0003027","2025-12-16","Product","Critical","2025-12-18","Resolved","2"
"CP0003027","C003028","O0003028","2025-12-17","Refund","Medium","2025-12-20","Resolved","3"
"CP0003028","C003029","O0003029","2025-12-18","Product","Low","2025-12-22","Resolved","4"
"CP0003029","C003030","O0003030","2025-12-19","Delivery","Low","2025-12-24","Resolved","5"
"CP0003030","C003031","O0003031","2025-12-20","Product","High","2025-12-26","Resolved","1"
"CP0003031","C003032","O0003032","2025-12-21","Refund","Medium","2025-12-28","Resolved","2"
"CP0003032","C003033","O0003033","2025-12-22","Payment","High","","Open",""
"CP0003033","C003034","O0003034","2025-12-23","Payment","High","2026-01-01","Resolved","4"
"CP0003034","C003035","O0003035","2025-12-24","Product","High","2026-01-03","Resolved","5"
"CP0003035","C003036","O0003036","2025-12-25","Support","Low","2026-01-05","Resolved","1"
"CP0003036","C003037","O0003037","2025-12-26","Delivery","Medium","2025-12-26","Resolved","2"
"CP0003037","C003038","O0003038","2025-12-27","Refund","Critical","2025-12-28","Resolved","3"
"CP0003038","C003039","O0003039","2025-12-28","Support","Low","2025-12-30","Resolved","4"
"CP0003039","C003040","O0003040","2025-12-29","Refund","Low","2026-01-01","Resolved","5"
"CP0003040","C003041","O0003041","2025-12-30","Payment","Medium","","Open",""
"CP0003041","C003042","O0003042","2025-12-31","Support","High","2026-01-05","Resolved","2"
"CP0003042","C003043","O0003043","2026-01-01","Payment","Low","2026-01-07","Resolved","3"
"CP0003043","C003044","O0003044","2026-01-02","Support","Critical","2026-01-09","Resolved","4"
"CP0003044","C003045","O0003045","2026-01-03","Refund","High","2026-01-11","Resolved","5"
"CP0003045","C003046","O0003046","2026-01-04","Payment","Critical","2026-01-13","Resolved","1"
"CP0003046","C003047","O0003047","2026-01-05","Refund","Medium","2026-01-15","Resolved","2"
"CP0003047","C003048","O0003048","2026-01-06","Payment","Medium","2026-01-17","Resolved","3"
"CP0003048","C003049","O0003049","2026-01-07","Delivery","Critical","","Open",""
"CP0003049","C003050","O0003050","2026-01-08","Refund","Medium","2026-01-09","Resolved","5"
"CP0003050","C003051","O0003051","2026-01-09","Product","Critical","2026-01-11","Resolved","1"
"CP0003051","C003052","O0003052","2026-01-10","Product","Medium","2026-01-13","Resolved","2"
"CP0003052","C003053","O0003053","2026-01-11","Payment","Medium","2026-01-15","Resolved","3"
"CP0003053","C003054","O0003054","2026-01-12","Product","Low","2026-01-17","Resolved","4"
"CP0003054","C003055","O0003055","2026-01-13","Refund","Critical","2026-01-19","Resolved","5"
"CP0003055","C003056","O0003056","2026-01-14","Payment","Critical","2026-01-21","Resolved","1"
"CP0003056","C003057","O0003057","2026-01-15","Payment","Critical","","Open",""
"CP0003057","C003058","O0003058","2026-01-16","Payment","Low","2026-01-25","Resolved","3"
"CP0003058","C003059","O0003059","2026-01-17","Support","Critical","2026-01-27","Resolved","4"
"CP0003059","C003060","O0003060","2026-01-18","Refund","Low","2026-01-29","Resolved","5"
"CP0003060","C003061","O0003061","2026-01-19","Support","Critical","2026-01-19","Resolved","1"
"CP0003061","C003062","O0003062","2026-01-20","Payment","Low","2026-01-21","Resolved","2"
"CP0003062","C003063","O0003063","2026-01-21","Product","High","2026-01-23","Resolved","3"
"CP0003063","C003064","O0003064","2026-01-22","Payment","Low","2026-01-25","Resolved","4"
"CP0003064","C003065","O0003065","2026-01-23","Refund","Low","","Open",""
"CP0003065","C003066","O0003066","2026-01-24","Product","Low","2026-01-29","Resolved","1"
"CP0003066","C003067","O0003067","2026-01-25","Refund","Medium","2026-01-31","Resolved","2"
"CP0003067","C003068","O0003068","2026-01-26","Product","Critical","2026-02-02","Resolved","3"
"CP0003068","C003069","O0003069","2026-01-27","Refund","High","2026-02-04","Resolved","4"
"CP0003069","C003070","O0003070","2026-01-28","Refund","High","2026-02-06","Resolved","5"
"CP0003070","C003071","O0003071","2026-01-29","Product","Critical","2026-02-08","Resolved","1"
"CP0003071","C003072","O0003072","2026-01-30","Support","Medium","2026-02-10","Resolved","2"
"CP0003072","C003073","O0003073","2026-01-31","Payment","Medium","","Open",""
"CP0003073","C003074","O0003074","2026-02-01","Refund","High","2026-02-02","Resolved","4"
"CP0003074","C003075","O0003075","2026-02-02","Support","Critical","2026-02-04","Resolved","5"
"CP0003075","C003076","O0003076","2026-02-03","Payment","Medium","2026-02-06","Resolved","1"
"CP0003076","C003077","O0003077","2026-02-04","Support","Low","2026-02-08","Resolved","2"
"CP0003077","C003078","O0003078","2026-02-05","Product","High","2026-02-10","Resolved","3"
"CP0003078","C003079","O0003079","2026-02-06","Product","Critical","2026-02-12","Resolved","4"
"CP0003079","C003080","O0003080","2026-02-07","Delivery","Critical","2026-02-14","Resolved","5"
"CP0003080","C003081","O0003081","2026-02-08","Delivery","Critical","","Open",""
"CP0003081","C003082","O0003082","2026-02-09","Payment","Low","2026-02-18","Resolved","2"
"CP0003082","C003083","O0003083","2026-02-10","Product","Low","2026-02-20","Resolved","3"
"CP0003083","C003084","O0003084","2026-02-11","Delivery","Medium","2026-02-22","Resolved","4"
"CP0003084","C003085","O0003085","2026-02-12","Product","Critical","2026-02-12","Resolved","5"
"CP0003085","C003086","O0003086","2026-02-13","Delivery","Low","2026-02-14","Resolved","1"
"CP0003086","C003087","O0003087","2026-02-14","Refund","Medium","2026-02-16","Resolved","2"
"CP0003087","C003088","O0003088","2026-02-15","Support","Low","2026-02-18","Resolved","3"
"CP0003088","C003089","O0003089","2026-02-16","Delivery","Low","","Open",""
"CP0003089","C003090","O0003090","2026-02-17","Product","Low","2026-02-22","Resolved","5"
"CP0003090","C003091","O0003091","2026-02-18","Product","Medium","2026-02-24","Resolved","1"
"CP0003091","C003092","O0003092","2026-02-19","Support","Medium","2026-02-26","Resolved","2"
"CP0003092","C003093","O0003093","2026-02-20","Product","High","2026-02-28","Resolved","3"
"CP0003093","C003094","O0003094","2026-02-21","Refund","Medium","2026-03-02","Resolved","4"
"CP0003094","C003095","O0003095","2026-02-22","Product","Critical","2026-03-04","Resolved","5"
"CP0003095","C003096","O0003096","2026-02-23","Support","Medium","2026-03-06","Resolved","1"
"CP0003096","C003097","O0003097","2026-02-24","Product","Medium","","Open",""
"CP0003097","C003098","O0003098","2026-02-25","Support","Low","2026-02-26","Resolved","3"
"CP0003098","C003099","O0003099","2026-02-26","Product","High","2026-02-28","Resolved","4"
"CP0003099","C003100","O0003100","2026-02-27","Payment","High","2026-03-02","Resolved","5"
"CP0003100","C003101","O0003101","2026-02-28","Payment","Low","2026-03-04","Resolved","1"
"CP0003101","C003102","O0003102","2026-03-01","Payment","Critical","2026-03-06","Resolved","2"
"CP0003102","C003103","O0003103","2026-03-02","Support","Medium","2026-03-08","Resolved","3"
"CP0003103","C003104","O0003104","2026-03-03","Delivery","Critical","2026-03-10","Resolved","4"
"CP0003104","C003105","O0003105","2026-03-04","Support","Critical","","Open",""
"CP0003105","C003106","O0003106","2026-03-05","Payment","Low","2026-03-14","Resolved","1"
"CP0003106","C003107","O0003107","2026-03-06","Delivery","Critical","2026-03-16","Resolved","2"
"CP0003107","C003108","O0003108","2026-03-07","Refund","High","2026-03-18","Resolved","3"
"CP0003108","C003109","O0003109","2026-03-08","Payment","Low","2026-03-08","Resolved","4"
"CP0003109","C003110","O0003110","2026-03-09","Delivery","High","2026-03-10","Resolved","5"
"CP0003110","C003111","O0003111","2026-03-10","Delivery","Low","2026-03-12","Resolved","1"
"CP0003111","C003112","O0003112","2026-03-11","Support","Medium","2026-03-14","Resolved","2"
"CP0003112","C003113","O0003113","2026-03-12","Payment","Critical","","Open",""
"CP0003113","C003114","O0003114","2026-03-13","Delivery","Critical","2026-03-18","Resolved","4"
"CP0003114","C003115","O0003115","2026-03-14","Refund","Critical","2026-03-20","Resolved","5"
"CP0003115","C003116","O0003116","2026-03-15","Support","Medium","2026-03-22","Resolved","1"
"CP0003116","C003117","O0003117","2026-03-16","Product","Critical","2026-03-24","Resolved","2"
"CP0003117","C003118","O0003118","2026-03-17","Payment","High","2026-03-26","Resolved","3"
"CP0003118","C003119","O0003119","2026-03-18","Payment","Critical","2026-03-28","Resolved","4"
"CP0003119","C003120","O0003120","2026-03-19","Delivery","Low","2026-03-30","Resolved","5"
"CP0003120","C003121","O0003121","2026-03-20","Support","High","","Open",""
"CP0003121","C003122","O0003122","2026-03-21","Refund","Medium","2026-03-22","Resolved","2"
"CP0003122","C003123","O0003123","2026-03-22","Refund","Medium","2026-03-24","Resolved","3"
"CP0003123","C003124","O0003124","2026-03-23","Product","Critical","2026-03-26","Resolved","4"
"CP0003124","C003125","O0003125","2026-03-24","Refund","Critical","2026-03-28","Resolved","5"
"CP0003125","C003126","O0003126","2026-03-25","Support","High","2026-03-30","Resolved","1"
"CP0003126","C003127","O0003127","2026-03-26","Payment","Low","2026-04-01","Resolved","2"
"CP0003127","C003128","O0003128","2026-03-27","Refund","Critical","2026-04-03","Resolved","3"
"CP0003128","C003129","O0003129","2026-03-28","Support","Low","","Open",""
"CP0003129","C003130","O0003130","2026-03-29","Refund","Medium","2026-04-07","Resolved","5"
"CP0003130","C003131","O0003131","2026-03-30","Payment","Medium","2026-04-09","Resolved","1"
"CP0003131","C003132","O0003132","2026-03-31","Delivery","Critical","2026-04-11","Resolved","2"
"CP0003132","C003133","O0003133","2026-04-01","Support","Critical","2026-04-01","Resolved","3"
"CP0003133","C003134","O0003134","2026-04-02","Product","Medium","2026-04-03","Resolved","4"
"CP0003134","C003135","O0003135","2026-04-03","Refund","Medium","2026-04-05","Resolved","5"
"CP0003135","C003136","O0003136","2026-04-04","Payment","Low","2026-04-07","Resolved","1"
"CP0003136","C003137","O0003137","2026-04-05","Payment","High","","Open",""
"CP0003137","C003138","O0003138","2026-04-06","Refund","High","2026-04-11","Resolved","3"
"CP0003138","C003139","O0003139","2026-04-07","Support","High","2026-04-13","Resolved","4"
"CP0003139","C003140","O0003140","2026-04-08","Delivery","Critical","2026-04-15","Resolved","5"
"CP0003140","C003141","O0003141","2026-04-09","Refund","Low","2026-04-17","Resolved","1"
"CP0003141","C003142","O0003142","2026-04-10","Delivery","Medium","2026-04-19","Resolved","2"
"CP0003142","C003143","O0003143","2026-04-11","Delivery","High","2026-04-21","Resolved","3"
"CP0003143","C003144","O0003144","2026-04-12","Product","Low","2026-04-23","Resolved","4"
"CP0003144","C003145","O0003145","2026-04-13","Product","High","","Open",""
"CP0003145","C003146","O0003146","2026-04-14","Support","Low","2026-04-15","Resolved","1"
"CP0003146","C003147","O0003147","2026-04-15","Support","Critical","2026-04-17","Resolved","2"
"CP0003147","C003148","O0003148","2026-04-16","Payment","Critical","2026-04-19","Resolved","3"
"CP0003148","C003149","O0003149","2026-04-17","Support","Low","2026-04-21","Resolved","4"
"CP0003149","C003150","O0003150","2026-04-18","Payment","Low","2026-04-23","Resolved","5"
"CP0003150","C003151","O0003151","2026-04-19","Refund","Low","2026-04-25","Resolved","1"
"CP0003151","C003152","O0003152","2026-04-20","Payment","Low","2026-04-27","Resolved","2"
"CP0003152","C003153","O0003153","2026-04-21","Product","Low","","Open",""
"CP0003153","C003154","O0003154","2026-04-22","Refund","High","2026-05-01","Resolved","4"
"CP0003154","C003155","O0003155","2026-04-23","Payment","Medium","2026-05-03","Resolved","5"
"CP0003155","C003156","O0003156","2026-04-24","Refund","High","2026-05-05","Resolved","1"
"CP0003156","C003157","O0003157","2026-04-25","Delivery","High","2026-04-25","Resolved","2"
"CP0003157","C003158","O0003158","2026-04-26","Product","Critical","2026-04-27","Resolved","3"
"CP0003158","C003159","O0003159","2026-04-27","Refund","High","2026-04-29","Resolved","4"
"CP0003159","C003160","O0003160","2026-04-28","Delivery","High","2026-05-01","Resolved","5"
"CP0003160","C003161","O0003161","2026-04-29","Refund","High","","Open",""
"CP0003161","C003162","O0003162","2026-04-30","Refund","Low","2026-05-05","Resolved","2"
"CP0003162","C003163","O0003163","2026-05-01","Refund","Low","2026-05-07","Resolved","3"
"CP0003163","C003164","O0003164","2026-05-02","Support","High","2026-05-09","Resolved","4"
"CP0003164","C003165","O0003165","2026-05-03","Delivery","Medium","2026-05-11","Resolved","5"
"CP0003165","C003166","O0003166","2026-05-04","Support","High","2026-05-13","Resolved","1"
"CP0003166","C003167","O0003167","2026-05-05","Delivery","High","2026-05-15","Resolved","2"
"CP0003167","C003168","O0003168","2026-05-06","Product","Critical","2026-05-17","Resolved","3"
"CP0003168","C003169","O0003169","2026-05-07","Delivery","High","","Open",""
"CP0003169","C003170","O0003170","2026-05-08","Support","Low","2026-05-09","Resolved","5"
"CP0003170","C003171","O0003171","2026-05-09","Refund","Critical","2026-05-11","Resolved","1"
"CP0003171","C003172","O0003172","2026-05-10","Product","High","2026-05-13","Resolved","2"
"CP0003172","C003173","O0003173","2026-05-11","Payment","Critical","2026-05-15","Resolved","3"
"CP0003173","C003174","O0003174","2026-05-12","Refund","Low","2026-05-17","Resolved","4"
"CP0003174","C003175","O0003175","2026-05-13","Delivery","Critical","2026-05-19","Resolved","5"
"CP0003175","C003176","O0003176","2026-05-14","Delivery","Critical","2026-05-21","Resolved","1"
"CP0003176","C003177","O0003177","2026-05-15","Support","Low","","Open",""
"CP0003177","C003178","O0003178","2026-05-16","Delivery","High","2026-05-25","Resolved","3"
"CP0003178","C003179","O0003179","2026-05-17","Product","Medium","2026-05-27","Resolved","4"
"CP0003179","C003180","O0003180","2026-05-18","Product","Medium","2026-05-29","Resolved","5"
"CP0003180","C003181","O0003181","2026-05-19","Delivery","Low","2026-05-19","Resolved","1"
"CP0003181","C003182","O0003182","2026-05-20","Support","Critical","2026-05-21","Resolved","2"
"CP0003182","C003183","O0003183","2026-05-21","Product","Low","2026-05-23","Resolved","3"
"CP0003183","C003184","O0003184","2026-05-22","Delivery","High","2026-05-25","Resolved","4"
"CP0003184","C003185","O0003185","2026-05-23","Payment","Low","","Open",""
"CP0003185","C003186","O0003186","2026-05-24","Support","Critical","2026-05-29","Resolved","1"
"CP0003186","C003187","O0003187","2026-05-25","Delivery","High","2026-05-31","Resolved","2"
"CP0003187","C003188","O0003188","2026-05-26","Support","Medium","2026-06-02","Resolved","3"
"CP0003188","C003189","O0003189","2026-05-27","Refund","Low","2026-06-04","Resolved","4"
"CP0003189","C003190","O0003190","2026-05-28","Product","Medium","2026-06-06","Resolved","5"
"CP0003190","C003191","O0003191","2026-05-29","Refund","High","2026-06-08","Resolved","1"
"CP0003191","C003192","O0003192","2026-05-30","Payment","High","2026-06-10","Resolved","2"
"CP0003192","C003193","O0003193","2026-05-31","Refund","Medium","","Open",""
"CP0003193","C003194","O0003194","2026-06-01","Product","Critical","2026-06-02","Resolved","4"
"CP0003194","C003195","O0003195","2026-06-02","Payment","Medium","2026-06-04","Resolved","5"
"CP0003195","C003196","O0003196","2026-06-03","Refund","High","2026-06-06","Resolved","1"
"CP0003196","C003197","O0003197","2026-06-04","Support","Medium","2026-06-08","Resolved","2"
"CP0003197","C003198","O0003198","2026-06-05","Product","Low","2026-06-10","Resolved","3"
"CP0003198","C003199","O0003199","2026-06-06","Payment","Low","2026-06-12","Resolved","4"
"CP0003199","C003200","O0003200","2026-06-07","Refund","Low","2026-06-14","Resolved","5"
"CP0003200","C003201","O0003201","2026-06-08","Support","Low","","Open",""
"CP0003201","C003202","O0003202","2026-06-09","Product","High","2026-06-18","Resolved","2"
"CP0003202","C003203","O0003203","2026-06-10","Payment","Medium","2026-06-20","Resolved","3"
"CP0003203","C003204","O0003204","2026-06-11","Payment","Medium","2026-06-22","Resolved","4"
"CP0003204","C003205","O0003205","2026-06-12","Delivery","High","2026-06-12","Resolved","5"
"CP0003205","C003206","O0003206","2026-06-13","Refund","Low","2026-06-14","Resolved","1"
"CP0003206","C003207","O0003207","2026-06-14","Product","Low","2026-06-16","Resolved","2"
"CP0003207","C003208","O0003208","2026-06-15","Support","Low","2026-06-18","Resolved","3"
"CP0003208","C003209","O0003209","2026-06-16","Refund","Critical","","Open",""
"CP0003209","C003210","O0003210","2026-06-17","Payment","Medium","2026-06-22","Resolved","5"
"CP0003210","C003211","O0003211","2026-06-18","Payment","High","2026-06-24","Resolved","1"
"CP0003211","C003212","O0003212","2026-06-19","Support","Low","2026-06-26","Resolved","2"
"CP0003212","C003213","O0003213","2026-06-20","Delivery","Critical","2026-06-28","Resolved","3"
"CP0003213","C003214","O0003214","2026-06-21","Delivery","High","2026-06-30","Resolved","4"
"CP0003214","C003215","O0003215","2026-06-22","Support","Critical","2026-07-02","Resolved","5"
"CP0003215","C003216","O0003216","2026-06-23","Payment","Critical","2026-07-04","Resolved","1"
"CP0003216","C003217","O0003217","2026-06-24","Delivery","Low","","Open",""
"CP0003217","C003218","O0003218","2026-06-25","Delivery","Critical","2026-06-26","Resolved","3"
"CP0003218","C003219","O0003219","2026-06-26","Delivery","Critical","2026-06-28","Resolved","4"
"CP0003219","C003220","O0003220","2026-06-27","Product","Medium","2026-06-30","Resolved","5"
"CP0003220","C003221","O0003221","2026-06-28","Support","Medium","2026-07-02","Resolved","1"
"CP0003221","C003222","O0003222","2026-06-29","Refund","High","2026-07-04","Resolved","2"
"CP0003222","C003223","O0003223","2026-06-30","Refund","High","2026-07-06","Resolved","3"
"CP0003223","C003224","O0003224","2026-07-01","Delivery","Medium","2026-07-08","Resolved","4"
"CP0003224","C003225","O0003225","2026-07-02","Product","High","","Open",""
"CP0003225","C003226","O0003226","2026-07-03","Refund","Critical","2026-07-12","Resolved","1"
"CP0003226","C003227","O0003227","2026-07-04","Delivery","Medium","2026-07-14","Resolved","2"
"CP0003227","C003228","O0003228","2026-07-05","Support","Low","2026-07-16","Resolved","3"
"CP0003228","C003229","O0003229","2026-07-06","Payment","Low","2026-07-06","Resolved","4"
"CP0003229","C003230","O0003230","2026-07-07","Delivery","High","2026-07-08","Resolved","5"
"CP0003230","C003231","O0003231","2026-07-08","Refund","High","2026-07-10","Resolved","1"
"CP0003231","C003232","O0003232","2026-07-09","Refund","Critical","2026-07-12","Resolved","2"
"CP0003232","C003233","O0003233","2026-07-10","Refund","Medium","","Open",""
"CP0003233","C003234","O0003234","2026-07-11","Delivery","Critical","2026-07-16","Resolved","4"
"CP0003234","C003235","O0003235","2026-07-12","Payment","Critical","2026-07-18","Resolved","5"
"CP0003235","C003236","O0003236","2026-07-13","Support","Low","2026-07-20","Resolved","1"
"CP0003236","C003237","O0003237","2026-07-14","Refund","Medium","2026-07-22","Resolved","2"
"CP0003237","C003238","O0003238","2026-07-15","Refund","Low","2026-07-24","Resolved","3"
"CP0003238","C003239","O0003239","2026-07-16","Product","Low","2026-07-26","Resolved","4"
"CP0003239","C003240","O0003240","2026-07-17","Payment","Medium","2026-07-28","Resolved","5"
"CP0003240","C003241","O0003241","2026-07-18","Support","Medium","","Open",""
"CP0003241","C003242","O0003242","2026-07-19","Refund","Critical","2026-07-20","Resolved","2"
"CP0003242","C003243","O0003243","2026-07-20","Refund","Medium","2026-07-22","Resolved","3"
"CP0003243","C003244","O0003244","2026-07-21","Refund","Medium","2026-07-24","Resolved","4"
"CP0003244","C003245","O0003245","2026-07-22","Support","High","2026-07-26","Resolved","5"
"CP0003245","C003246","O0003246","2026-07-23","Delivery","Medium","2026-07-28","Resolved","1"
"CP0003246","C003247","O0003247","2026-07-24","Product","Medium","2026-07-30","Resolved","2"
"CP0003247","C003248","O0003248","2026-07-25","Delivery","Critical","2026-08-01","Resolved","3"
"CP0003248","C003249","O0003249","2026-07-26","Delivery","High","","Open",""
"CP0003249","C003250","O0003250","2026-07-27","Product","Critical","2026-08-05","Resolved","5"
"CP0003250","C003251","O0003251","2026-07-28","Support","Critical","2026-08-07","Resolved","1"
"CP0003251","C003252","O0003252","2026-07-29","Refund","Low","2026-08-09","Resolved","2"
"CP0003252","C003253","O0003253","2026-07-30","Product","Medium","2026-07-30","Resolved","3"
"CP0003253","C003254","O0003254","2026-07-31","Product","Low","2026-08-01","Resolved","4"
"CP0003254","C003255","O0003255","2026-08-01","Product","Medium","2026-08-03","Resolved","5"
"CP0003255","C003256","O0003256","2026-08-02","Delivery","Medium","2026-08-05","Resolved","1"
"CP0003256","C003257","O0003257","2026-08-03","Product","Medium","","Open",""
"CP0003257","C003258","O0003258","2026-08-04","Delivery","Medium","2026-08-09","Resolved","3"
"CP0003258","C003259","O0003259","2026-08-05","Delivery","Medium","2026-08-11","Resolved","4"
"CP0003259","C003260","O0003260","2026-08-06","Delivery","Low","2026-08-13","Resolved","5"
"CP0003260","C003261","O0003261","2026-08-07","Refund","High","2026-08-15","Resolved","1"
"CP0003261","C003262","O0003262","2026-08-08","Product","Low","2026-08-17","Resolved","2"
"CP0003262","C003263","O0003263","2026-08-09","Delivery","Medium","2026-08-19","Resolved","3"
"CP0003263","C003264","O0003264","2026-08-10","Payment","Critical","2026-08-21","Resolved","4"
"CP0003264","C003265","O0003265","2026-08-11","Support","Low","","Open",""
"CP0003265","C003266","O0003266","2026-08-12","Product","Medium","2026-08-13","Resolved","1"
"CP0003266","C003267","O0003267","2026-08-13","Payment","Medium","2026-08-15","Resolved","2"
"CP0003267","C003268","O0003268","2026-08-14","Support","High","2026-08-17","Resolved","3"
"CP0003268","C003269","O0003269","2026-08-15","Support","Medium","2026-08-19","Resolved","4"
"CP0003269","C003270","O0003270","2026-08-16","Payment","High","2026-08-21","Resolved","5"
"CP0003270","C003271","O0003271","2026-08-17","Support","High","2026-08-23","Resolved","1"
"CP0003271","C003272","O0003272","2026-08-18","Delivery","Low","2026-08-25","Resolved","2"
"CP0003272","C003273","O0003273","2026-08-19","Payment","Low","","Open",""
"CP0003273","C003274","O0003274","2026-08-20","Delivery","Low","2026-08-29","Resolved","4"
"CP0003274","C003275","O0003275","2026-08-21","Support","Critical","2026-08-31","Resolved","5"
"CP0003275","C003276","O0003276","2026-08-22","Refund","Medium","2026-09-02","Resolved","1"
"CP0003276","C003277","O0003277","2026-08-23","Refund","Medium","2026-08-23","Resolved","2"
"CP0003277","C003278","O0003278","2026-08-24","Delivery","Critical","2026-08-25","Resolved","3"
"CP0003278","C003279","O0003279","2026-08-25","Refund","High","2026-08-27","Resolved","4"
"CP0003279","C003280","O0003280","2026-08-26","Payment","Critical","2026-08-29","Resolved","5"
"CP0003280","C003281","O0003281","2026-08-27","Delivery","High","","Open",""
"CP0003281","C003282","O0003282","2026-08-28","Product","High","2026-09-02","Resolved","2"
"CP0003282","C003283","O0003283","2026-08-29","Refund","Critical","2026-09-04","Resolved","3"
"CP0003283","C003284","O0003284","2026-08-30","Refund","High","2026-09-06","Resolved","4"
"CP0003284","C003285","O0003285","2026-08-31","Product","Medium","2026-09-08","Resolved","5"
"CP0003285","C003286","O0003286","2025-09-01","Delivery","Low","2025-09-10","Resolved","1"
"CP0003286","C003287","O0003287","2025-09-02","Payment","Critical","2025-09-12","Resolved","2"
"CP0003287","C003288","O0003288","2025-09-03","Refund","Low","2025-09-14","Resolved","3"
"CP0003288","C003289","O0003289","2025-09-04","Payment","Critical","","Open",""
"CP0003289","C003290","O0003290","2025-09-05","Refund","Medium","2025-09-06","Resolved","5"
"CP0003290","C003291","O0003291","2025-09-06","Delivery","Medium","2025-09-08","Resolved","1"
"CP0003291","C003292","O0003292","2025-09-07","Delivery","Medium","2025-09-10","Resolved","2"
"CP0003292","C003293","O0003293","2025-09-08","Refund","Critical","2025-09-12","Resolved","3"
"CP0003293","C003294","O0003294","2025-09-09","Product","Low","2025-09-14","Resolved","4"
"CP0003294","C003295","O0003295","2025-09-10","Product","Low","2025-09-16","Resolved","5"
"CP0003295","C003296","O0003296","2025-09-11","Payment","Critical","2025-09-18","Resolved","1"
"CP0003296","C003297","O0003297","2025-09-12","Product","Medium","","Open",""
"CP0003297","C003298","O0003298","2025-09-13","Support","Low","2025-09-22","Resolved","3"
"CP0003298","C003299","O0003299","2025-09-14","Support","Medium","2025-09-24","Resolved","4"
"CP0003299","C003300","O0003300","2025-09-15","Product","Critical","2025-09-26","Resolved","5"
"CP0003300","C003301","O0003301","2025-09-16","Delivery","Critical","2025-09-16","Resolved","1"
"CP0003301","C003302","O0003302","2025-09-17","Support","Low","2025-09-18","Resolved","2"
"CP0003302","C003303","O0003303","2025-09-18","Product","Medium","2025-09-20","Resolved","3"
"CP0003303","C003304","O0003304","2025-09-19","Delivery","Critical","2025-09-22","Resolved","4"
"CP0003304","C003305","O0003305","2025-09-20","Refund","High","","Open",""
"CP0003305","C003306","O0003306","2025-09-21","Product","Medium","2025-09-26","Resolved","1"
"CP0003306","C003307","O0003307","2025-09-22","Support","Critical","2025-09-28","Resolved","2"
"CP0003307","C003308","O0003308","2025-09-23","Delivery","Critical","2025-09-30","Resolved","3"
"CP0003308","C003309","O0003309","2025-09-24","Payment","Low","2025-10-02","Resolved","4"
"CP0003309","C003310","O0003310","2025-09-25","Delivery","Critical","2025-10-04","Resolved","5"
"CP0003310","C003311","O0003311","2025-09-26","Payment","Medium","2025-10-06","Resolved","1"
"CP0003311","C003312","O0003312","2025-09-27","Refund","Critical","2025-10-08","Resolved","2"
"CP0003312","C003313","O0003313","2025-09-28","Support","High","","Open",""
"CP0003313","C003314","O0003314","2025-09-29","Support","Medium","2025-09-30","Resolved","4"
"CP0003314","C003315","O0003315","2025-09-30","Payment","Medium","2025-10-02","Resolved","5"
"CP0003315","C003316","O0003316","2025-10-01","Support","Critical","2025-10-04","Resolved","1"
"CP0003316","C003317","O0003317","2025-10-02","Delivery","Medium","2025-10-06","Resolved","2"
"CP0003317","C003318","O0003318","2025-10-03","Support","High","2025-10-08","Resolved","3"
"CP0003318","C003319","O0003319","2025-10-04","Support","Medium","2025-10-10","Resolved","4"
"CP0003319","C003320","O0003320","2025-10-05","Support","Low","2025-10-12","Resolved","5"
"CP0003320","C003321","O0003321","2025-10-06","Refund","Medium","","Open",""
"CP0003321","C003322","O0003322","2025-10-07","Refund","Medium","2025-10-16","Resolved","2"
"CP0003322","C003323","O0003323","2025-10-08","Delivery","Medium","2025-10-18","Resolved","3"
"CP0003323","C003324","O0003324","2025-10-09","Refund","Critical","2025-10-20","Resolved","4"
"CP0003324","C003325","O0003325","2025-10-10","Payment","Critical","2025-10-10","Resolved","5"
"CP0003325","C003326","O0003326","2025-10-11","Payment","High","2025-10-12","Resolved","1"
"CP0003326","C003327","O0003327","2025-10-12","Product","High","2025-10-14","Resolved","2"
"CP0003327","C003328","O0003328","2025-10-13","Refund","High","2025-10-16","Resolved","3"
"CP0003328","C003329","O0003329","2025-10-14","Product","Medium","","Open",""
"CP0003329","C003330","O0003330","2025-10-15","Refund","Low","2025-10-20","Resolved","5"
"CP0003330","C003331","O0003331","2025-10-16","Product","Critical","2025-10-22","Resolved","1"
"CP0003331","C003332","O0003332","2025-10-17","Delivery","Medium","2025-10-24","Resolved","2"
"CP0003332","C003333","O0003333","2025-10-18","Delivery","Low","2025-10-26","Resolved","3"
"CP0003333","C003334","O0003334","2025-10-19","Delivery","Critical","2025-10-28","Resolved","4"
"CP0003334","C003335","O0003335","2025-10-20","Refund","Critical","2025-10-30","Resolved","5"
"CP0003335","C003336","O0003336","2025-10-21","Support","High","2025-11-01","Resolved","1"
"CP0003336","C003337","O0003337","2025-10-22","Support","Medium","","Open",""
"CP0003337","C003338","O0003338","2025-10-23","Support","Low","2025-10-24","Resolved","3"
"CP0003338","C003339","O0003339","2025-10-24","Product","Medium","2025-10-26","Resolved","4"
"CP0003339","C003340","O0003340","2025-10-25","Payment","Critical","2025-10-28","Resolved","5"
"CP0003340","C003341","O0003341","2025-10-26","Product","High","2025-10-30","Resolved","1"
"CP0003341","C003342","O0003342","2025-10-27","Support","Low","2025-11-01","Resolved","2"
"CP0003342","C003343","O0003343","2025-10-28","Delivery","Low","2025-11-03","Resolved","3"
"CP0003343","C003344","O0003344","2025-10-29","Support","Critical","2025-11-05","Resolved","4"
"CP0003344","C003345","O0003345","2025-10-30","Payment","Critical","","Open",""
"CP0003345","C003346","O0003346","2025-10-31","Delivery","Medium","2025-11-09","Resolved","1"
"CP0003346","C003347","O0003347","2025-11-01","Payment","Critical","2025-11-11","Resolved","2"
"CP0003347","C003348","O0003348","2025-11-02","Payment","Critical","2025-11-13","Resolved","3"
"CP0003348","C003349","O0003349","2025-11-03","Support","High","2025-11-03","Resolved","4"
"CP0003349","C003350","O0003350","2025-11-04","Support","Medium","2025-11-05","Resolved","5"
"CP0003350","C003351","O0003351","2025-11-05","Payment","High","2025-11-07","Resolved","1"
"CP0003351","C003352","O0003352","2025-11-06","Product","Medium","2025-11-09","Resolved","2"
"CP0003352","C003353","O0003353","2025-11-07","Product","High","","Open",""
"CP0003353","C003354","O0003354","2025-11-08","Delivery","High","2025-11-13","Resolved","4"
"CP0003354","C003355","O0003355","2025-11-09","Delivery","Medium","2025-11-15","Resolved","5"
"CP0003355","C003356","O0003356","2025-11-10","Delivery","Medium","2025-11-17","Resolved","1"
"CP0003356","C003357","O0003357","2025-11-11","Delivery","Medium","2025-11-19","Resolved","2"
"CP0003357","C003358","O0003358","2025-11-12","Support","Low","2025-11-21","Resolved","3"
"CP0003358","C003359","O0003359","2025-11-13","Product","Medium","2025-11-23","Resolved","4"
"CP0003359","C003360","O0003360","2025-11-14","Delivery","High","2025-11-25","Resolved","5"
"CP0003360","C003361","O0003361","2025-11-15","Delivery","Medium","","Open",""
"CP0003361","C003362","O0003362","2025-11-16","Refund","Low","2025-11-17","Resolved","2"
"CP0003362","C003363","O0003363","2025-11-17","Product","Critical","2025-11-19","Resolved","3"
"CP0003363","C003364","O0003364","2025-11-18","Delivery","High","2025-11-21","Resolved","4"
"CP0003364","C003365","O0003365","2025-11-19","Payment","Medium","2025-11-23","Resolved","5"
"CP0003365","C003366","O0003366","2025-11-20","Support","Low","2025-11-25","Resolved","1"
"CP0003366","C003367","O0003367","2025-11-21","Delivery","High","2025-11-27","Resolved","2"
"CP0003367","C003368","O0003368","2025-11-22","Support","Critical","2025-11-29","Resolved","3"
"CP0003368","C003369","O0003369","2025-11-23","Support","Low","","Open",""
"CP0003369","C003370","O0003370","2025-11-24","Product","Low","2025-12-03","Resolved","5"
"CP0003370","C003371","O0003371","2025-11-25","Payment","Critical","2025-12-05","Resolved","1"
"CP0003371","C003372","O0003372","2025-11-26","Support","Medium","2025-12-07","Resolved","2"
"CP0003372","C003373","O0003373","2025-11-27","Refund","Medium","2025-11-27","Resolved","3"
"CP0003373","C003374","O0003374","2025-11-28","Delivery","Medium","2025-11-29","Resolved","4"
"CP0003374","C003375","O0003375","2025-11-29","Refund","Critical","2025-12-01","Resolved","5"
"CP0003375","C003376","O0003376","2025-11-30","Delivery","Critical","2025-12-03","Resolved","1"
"CP0003376","C003377","O0003377","2025-12-01","Refund","Critical","","Open",""
"CP0003377","C003378","O0003378","2025-12-02","Product","Critical","2025-12-07","Resolved","3"
"CP0003378","C003379","O0003379","2025-12-03","Product","Low","2025-12-09","Resolved","4"
"CP0003379","C003380","O0003380","2025-12-04","Payment","Low","2025-12-11","Resolved","5"
"CP0003380","C003381","O0003381","2025-12-05","Product","Critical","2025-12-13","Resolved","1"
"CP0003381","C003382","O0003382","2025-12-06","Product","High","2025-12-15","Resolved","2"
"CP0003382","C003383","O0003383","2025-12-07","Payment","Medium","2025-12-17","Resolved","3"
"CP0003383","C003384","O0003384","2025-12-08","Payment","Critical","2025-12-19","Resolved","4"
"CP0003384","C003385","O0003385","2025-12-09","Refund","Medium","","Open",""
"CP0003385","C003386","O0003386","2025-12-10","Support","High","2025-12-11","Resolved","1"
"CP0003386","C003387","O0003387","2025-12-11","Product","High","2025-12-13","Resolved","2"
"CP0003387","C003388","O0003388","2025-12-12","Product","Medium","2025-12-15","Resolved","3"
"CP0003388","C003389","O0003389","2025-12-13","Delivery","Medium","2025-12-17","Resolved","4"
"CP0003389","C003390","O0003390","2025-12-14","Refund","Low","2025-12-19","Resolved","5"
"CP0003390","C003391","O0003391","2025-12-15","Product","High","2025-12-21","Resolved","1"
"CP0003391","C003392","O0003392","2025-12-16","Refund","Low","2025-12-23","Resolved","2"
"CP0003392","C003393","O0003393","2025-12-17","Refund","Medium","","Open",""
"CP0003393","C003394","O0003394","2025-12-18","Payment","High","2025-12-27","Resolved","4"
"CP0003394","C003395","O0003395","2025-12-19","Delivery","High","2025-12-29","Resolved","5"
"CP0003395","C003396","O0003396","2025-12-20","Product","Low","2025-12-31","Resolved","1"
"CP0003396","C003397","O0003397","2025-12-21","Refund","Medium","2025-12-21","Resolved","2"
"CP0003397","C003398","O0003398","2025-12-22","Payment","Medium","2025-12-23","Resolved","3"
"CP0003398","C003399","O0003399","2025-12-23","Product","Critical","2025-12-25","Resolved","4"
"CP0003399","C003400","O0003400","2025-12-24","Product","Critical","2025-12-27","Resolved","5"
"CP0003400","C003401","O0003401","2025-12-25","Payment","High","","Open",""
"CP0003401","C003402","O0003402","2025-12-26","Support","High","2025-12-31","Resolved","2"
"CP0003402","C003403","O0003403","2025-12-27","Refund","Medium","2026-01-02","Resolved","3"
"CP0003403","C003404","O0003404","2025-12-28","Support","Low","2026-01-04","Resolved","4"
"CP0003404","C003405","O0003405","2025-12-29","Refund","Low","2026-01-06","Resolved","5"
"CP0003405","C003406","O0003406","2025-12-30","Delivery","High","2026-01-08","Resolved","1"
"CP0003406","C003407","O0003407","2025-12-31","Product","Critical","2026-01-10","Resolved","2"
"CP0003407","C003408","O0003408","2026-01-01","Payment","Medium","2026-01-12","Resolved","3"
"CP0003408","C003409","O0003409","2026-01-02","Payment","Medium","","Open",""
"CP0003409","C003410","O0003410","2026-01-03","Delivery","Medium","2026-01-04","Resolved","5"
"CP0003410","C003411","O0003411","2026-01-04","Refund","High","2026-01-06","Resolved","1"
"CP0003411","C003412","O0003412","2026-01-05","Product","Critical","2026-01-08","Resolved","2"
"CP0003412","C003413","O0003413","2026-01-06","Delivery","Low","2026-01-10","Resolved","3"
"CP0003413","C003414","O0003414","2026-01-07","Product","Low","2026-01-12","Resolved","4"
"CP0003414","C003415","O0003415","2026-01-08","Support","High","2026-01-14","Resolved","5"
"CP0003415","C003416","O0003416","2026-01-09","Product","Medium","2026-01-16","Resolved","1"
"CP0003416","C003417","O0003417","2026-01-10","Payment","Critical","","Open",""
"CP0003417","C003418","O0003418","2026-01-11","Delivery","High","2026-01-20","Resolved","3"
"CP0003418","C003419","O0003419","2026-01-12","Support","Medium","2026-01-22","Resolved","4"
"CP0003419","C003420","O0003420","2026-01-13","Delivery","High","2026-01-24","Resolved","5"
"CP0003420","C003421","O0003421","2026-01-14","Delivery","Medium","2026-01-14","Resolved","1"
"CP0003421","C003422","O0003422","2026-01-15","Support","Low","2026-01-16","Resolved","2"
"CP0003422","C003423","O0003423","2026-01-16","Refund","Low","2026-01-18","Resolved","3"
"CP0003423","C003424","O0003424","2026-01-17","Payment","Low","2026-01-20","Resolved","4"
"CP0003424","C003425","O0003425","2026-01-18","Delivery","Critical","","Open",""
"CP0003425","C003426","O0003426","2026-01-19","Delivery","Critical","2026-01-24","Resolved","1"
"CP0003426","C003427","O0003427","2026-01-20","Refund","Low","2026-01-26","Resolved","2"
"CP0003427","C003428","O0003428","2026-01-21","Refund","Low","2026-01-28","Resolved","3"
"CP0003428","C003429","O0003429","2026-01-22","Payment","Low","2026-01-30","Resolved","4"
"CP0003429","C003430","O0003430","2026-01-23","Support","Low","2026-02-01","Resolved","5"
"CP0003430","C003431","O0003431","2026-01-24","Support","Medium","2026-02-03","Resolved","1"
"CP0003431","C003432","O0003432","2026-01-25","Support","Low","2026-02-05","Resolved","2"
"CP0003432","C003433","O0003433","2026-01-26","Support","High","","Open",""
"CP0003433","C003434","O0003434","2026-01-27","Payment","Medium","2026-01-28","Resolved","4"
"CP0003434","C003435","O0003435","2026-01-28","Refund","Critical","2026-01-30","Resolved","5"
"CP0003435","C003436","O0003436","2026-01-29","Product","Critical","2026-02-01","Resolved","1"
"CP0003436","C003437","O0003437","2026-01-30","Product","Low","2026-02-03","Resolved","2"
"CP0003437","C003438","O0003438","2026-01-31","Support","High","2026-02-05","Resolved","3"
"CP0003438","C003439","O0003439","2026-02-01","Refund","Critical","2026-02-07","Resolved","4"
"CP0003439","C003440","O0003440","2026-02-02","Delivery","Low","2026-02-09","Resolved","5"
"CP0003440","C003441","O0003441","2026-02-03","Product","High","","Open",""
"CP0003441","C003442","O0003442","2026-02-04","Support","Medium","2026-02-13","Resolved","2"
"CP0003442","C003443","O0003443","2026-02-05","Payment","Low","2026-02-15","Resolved","3"
"CP0003443","C003444","O0003444","2026-02-06","Support","Critical","2026-02-17","Resolved","4"
"CP0003444","C003445","O0003445","2026-02-07","Refund","Medium","2026-02-07","Resolved","5"
"CP0003445","C003446","O0003446","2026-02-08","Delivery","Low","2026-02-09","Resolved","1"
"CP0003446","C003447","O0003447","2026-02-09","Product","High","2026-02-11","Resolved","2"
"CP0003447","C003448","O0003448","2026-02-10","Support","Low","2026-02-13","Resolved","3"
"CP0003448","C003449","O0003449","2026-02-11","Refund","Medium","","Open",""
"CP0003449","C003450","O0003450","2026-02-12","Support","Low","2026-02-17","Resolved","5"
"CP0003450","C003451","O0003451","2026-02-13","Support","Low","2026-02-19","Resolved","1"
"CP0003451","C003452","O0003452","2026-02-14","Support","High","2026-02-21","Resolved","2"
"CP0003452","C003453","O0003453","2026-02-15","Refund","Low","2026-02-23","Resolved","3"
"CP0003453","C003454","O0003454","2026-02-16","Payment","High","2026-02-25","Resolved","4"
"CP0003454","C003455","O0003455","2026-02-17","Refund","High","2026-02-27","Resolved","5"
"CP0003455","C003456","O0003456","2026-02-18","Payment","High","2026-03-01","Resolved","1"
"CP0003456","C003457","O0003457","2026-02-19","Payment","Low","","Open",""
"CP0003457","C003458","O0003458","2026-02-20","Delivery","High","2026-02-21","Resolved","3"
"CP0003458","C003459","O0003459","2026-02-21","Product","Critical","2026-02-23","Resolved","4"
"CP0003459","C003460","O0003460","2026-02-22","Support","Medium","2026-02-25","Resolved","5"
"CP0003460","C003461","O0003461","2026-02-23","Payment","Medium","2026-02-27","Resolved","1"
"CP0003461","C003462","O0003462","2026-02-24","Refund","Low","2026-03-01","Resolved","2"
"CP0003462","C003463","O0003463","2026-02-25","Product","Low","2026-03-03","Resolved","3"
"CP0003463","C003464","O0003464","2026-02-26","Refund","Medium","2026-03-05","Resolved","4"
"CP0003464","C003465","O0003465","2026-02-27","Delivery","Critical","","Open",""
"CP0003465","C003466","O0003466","2026-02-28","Delivery","Medium","2026-03-09","Resolved","1"
"CP0003466","C003467","O0003467","2026-03-01","Payment","Critical","2026-03-11","Resolved","2"
"CP0003467","C003468","O0003468","2026-03-02","Product","Low","2026-03-13","Resolved","3"
"CP0003468","C003469","O0003469","2026-03-03","Payment","Critical","2026-03-03","Resolved","4"
"CP0003469","C003470","O0003470","2026-03-04","Delivery","Critical","2026-03-05","Resolved","5"
"CP0003470","C003471","O0003471","2026-03-05","Product","Medium","2026-03-07","Resolved","1"
"CP0003471","C003472","O0003472","2026-03-06","Payment","Critical","2026-03-09","Resolved","2"
"CP0003472","C003473","O0003473","2026-03-07","Product","Critical","","Open",""
"CP0003473","C003474","O0003474","2026-03-08","Product","High","2026-03-13","Resolved","4"
"CP0003474","C003475","O0003475","2026-03-09","Payment","Low","2026-03-15","Resolved","5"
"CP0003475","C003476","O0003476","2026-03-10","Support","Low","2026-03-17","Resolved","1"
"CP0003476","C003477","O0003477","2026-03-11","Support","Critical","2026-03-19","Resolved","2"
"CP0003477","C003478","O0003478","2026-03-12","Payment","Low","2026-03-21","Resolved","3"
"CP0003478","C003479","O0003479","2026-03-13","Refund","Low","2026-03-23","Resolved","4"
"CP0003479","C003480","O0003480","2026-03-14","Support","High","2026-03-25","Resolved","5"
"CP0003480","C003481","O0003481","2026-03-15","Product","High","","Open",""
"CP0003481","C003482","O0003482","2026-03-16","Delivery","High","2026-03-17","Resolved","2"
"CP0003482","C003483","O0003483","2026-03-17","Payment","Medium","2026-03-19","Resolved","3"
"CP0003483","C003484","O0003484","2026-03-18","Delivery","Critical","2026-03-21","Resolved","4"
"CP0003484","C003485","O0003485","2026-03-19","Support","Critical","2026-03-23","Resolved","5"
"CP0003485","C003486","O0003486","2026-03-20","Support","Medium","2026-03-25","Resolved","1"
"CP0003486","C003487","O0003487","2026-03-21","Delivery","Critical","2026-03-27","Resolved","2"
"CP0003487","C003488","O0003488","2026-03-22","Support","Medium","2026-03-29","Resolved","3"
"CP0003488","C003489","O0003489","2026-03-23","Refund","Critical","","Open",""
"CP0003489","C003490","O0003490","2026-03-24","Payment","Medium","2026-04-02","Resolved","5"
"CP0003490","C003491","O0003491","2026-03-25","Support","Critical","2026-04-04","Resolved","1"
"CP0003491","C003492","O0003492","2026-03-26","Delivery","Critical","2026-04-06","Resolved","2"
"CP0003492","C003493","O0003493","2026-03-27","Product","High","2026-03-27","Resolved","3"
"CP0003493","C003494","O0003494","2026-03-28","Payment","High","2026-03-29","Resolved","4"
"CP0003494","C003495","O0003495","2026-03-29","Payment","Critical","2026-03-31","Resolved","5"
"CP0003495","C003496","O0003496","2026-03-30","Product","Critical","2026-04-02","Resolved","1"
"CP0003496","C003497","O0003497","2026-03-31","Support","Low","","Open",""
"CP0003497","C003498","O0003498","2026-04-01","Support","Medium","2026-04-06","Resolved","3"
"CP0003498","C003499","O0003499","2026-04-02","Delivery","High","2026-04-08","Resolved","4"
"CP0003499","C003500","O0003500","2026-04-03","Product","High","2026-04-10","Resolved","5"
"CP0003500","C003501","O0003501","2026-04-04","Delivery","Critical","2026-04-12","Resolved","1"
"CP0003501","C003502","O0003502","2026-04-05","Product","Low","2026-04-14","Resolved","2"
"CP0003502","C003503","O0003503","2026-04-06","Product","Low","2026-04-16","Resolved","3"
"CP0003503","C003504","O0003504","2026-04-07","Refund","Low","2026-04-18","Resolved","4"
"CP0003504","C003505","O0003505","2026-04-08","Delivery","High","","Open",""
"CP0003505","C003506","O0003506","2026-04-09","Refund","Low","2026-04-10","Resolved","1"
"CP0003506","C003507","O0003507","2026-04-10","Support","Critical","2026-04-12","Resolved","2"
"CP0003507","C003508","O0003508","2026-04-11","Payment","Medium","2026-04-14","Resolved","3"
"CP0003508","C003509","O0003509","2026-04-12","Delivery","Critical","2026-04-16","Resolved","4"
"CP0003509","C003510","O0003510","2026-04-13","Refund","Critical","2026-04-18","Resolved","5"
"CP0003510","C003511","O0003511","2026-04-14","Support","High","2026-04-20","Resolved","1"
"CP0003511","C003512","O0003512","2026-04-15","Refund","Medium","2026-04-22","Resolved","2"
"CP0003512","C003513","O0003513","2026-04-16","Product","Low","","Open",""
"CP0003513","C003514","O0003514","2026-04-17","Product","Critical","2026-04-26","Resolved","4"
"CP0003514","C003515","O0003515","2026-04-18","Refund","Critical","2026-04-28","Resolved","5"
"CP0003515","C003516","O0003516","2026-04-19","Product","Low","2026-04-30","Resolved","1"
"CP0003516","C003517","O0003517","2026-04-20","Product","High","2026-04-20","Resolved","2"
"CP0003517","C003518","O0003518","2026-04-21","Support","Medium","2026-04-22","Resolved","3"
"CP0003518","C003519","O0003519","2026-04-22","Product","Medium","2026-04-24","Resolved","4"
"CP0003519","C003520","O0003520","2026-04-23","Product","High","2026-04-26","Resolved","5"
"CP0003520","C003521","O0003521","2026-04-24","Product","High","","Open",""
"CP0003521","C003522","O0003522","2026-04-25","Delivery","Low","2026-04-30","Resolved","2"
"CP0003522","C003523","O0003523","2026-04-26","Refund","Critical","2026-05-02","Resolved","3"
"CP0003523","C003524","O0003524","2026-04-27","Refund","Medium","2026-05-04","Resolved","4"
"CP0003524","C003525","O0003525","2026-04-28","Refund","High","2026-05-06","Resolved","5"
"CP0003525","C003526","O0003526","2026-04-29","Support","Critical","2026-05-08","Resolved","1"
"CP0003526","C003527","O0003527","2026-04-30","Support","High","2026-05-10","Resolved","2"
"CP0003527","C003528","O0003528","2026-05-01","Product","High","2026-05-12","Resolved","3"
"CP0003528","C003529","O0003529","2026-05-02","Product","Medium","","Open",""
"CP0003529","C003530","O0003530","2026-05-03","Payment","Critical","2026-05-04","Resolved","5"
"CP0003530","C003531","O0003531","2026-05-04","Refund","Low","2026-05-06","Resolved","1"
"CP0003531","C003532","O0003532","2026-05-05","Support","High","2026-05-08","Resolved","2"
"CP0003532","C003533","O0003533","2026-05-06","Support","Low","2026-05-10","Resolved","3"
"CP0003533","C003534","O0003534","2026-05-07","Support","High","2026-05-12","Resolved","4"
"CP0003534","C003535","O0003535","2026-05-08","Product","Critical","2026-05-14","Resolved","5"
"CP0003535","C003536","O0003536","2026-05-09","Product","Medium","2026-05-16","Resolved","1"
"CP0003536","C003537","O0003537","2026-05-10","Delivery","High","","Open",""
"CP0003537","C003538","O0003538","2026-05-11","Refund","Low","2026-05-20","Resolved","3"
"CP0003538","C003539","O0003539","2026-05-12","Refund","High","2026-05-22","Resolved","4"
"CP0003539","C003540","O0003540","2026-05-13","Support","High","2026-05-24","Resolved","5"
"CP0003540","C003541","O0003541","2026-05-14","Delivery","Medium","2026-05-14","Resolved","1"
"CP0003541","C003542","O0003542","2026-05-15","Payment","Low","2026-05-16","Resolved","2"
"CP0003542","C003543","O0003543","2026-05-16","Payment","Low","2026-05-18","Resolved","3"
"CP0003543","C003544","O0003544","2026-05-17","Payment","Medium","2026-05-20","Resolved","4"
"CP0003544","C003545","O0003545","2026-05-18","Product","High","","Open",""
"CP0003545","C003546","O0003546","2026-05-19","Support","Medium","2026-05-24","Resolved","1"
"CP0003546","C003547","O0003547","2026-05-20","Payment","Medium","2026-05-26","Resolved","2"
"CP0003547","C003548","O0003548","2026-05-21","Delivery","High","2026-05-28","Resolved","3"
"CP0003548","C003549","O0003549","2026-05-22","Product","Low","2026-05-30","Resolved","4"
"CP0003549","C003550","O0003550","2026-05-23","Product","Medium","2026-06-01","Resolved","5"
"CP0003550","C003551","O0003551","2026-05-24","Support","Critical","2026-06-03","Resolved","1"
"CP0003551","C003552","O0003552","2026-05-25","Refund","Medium","2026-06-05","Resolved","2"
"CP0003552","C003553","O0003553","2026-05-26","Refund","Medium","","Open",""
"CP0003553","C003554","O0003554","2026-05-27","Refund","High","2026-05-28","Resolved","4"
"CP0003554","C003555","O0003555","2026-05-28","Support","Medium","2026-05-30","Resolved","5"
"CP0003555","C003556","O0003556","2026-05-29","Support","High","2026-06-01","Resolved","1"
"CP0003556","C003557","O0003557","2026-05-30","Support","Critical","2026-06-03","Resolved","2"
"CP0003557","C003558","O0003558","2026-05-31","Delivery","High","2026-06-05","Resolved","3"
"CP0003558","C003559","O0003559","2026-06-01","Product","Critical","2026-06-07","Resolved","4"
"CP0003559","C003560","O0003560","2026-06-02","Support","High","2026-06-09","Resolved","5"
"CP0003560","C003561","O0003561","2026-06-03","Delivery","High","","Open",""
"CP0003561","C003562","O0003562","2026-06-04","Product","High","2026-06-13","Resolved","2"
"CP0003562","C003563","O0003563","2026-06-05","Payment","Medium","2026-06-15","Resolved","3"
"CP0003563","C003564","O0003564","2026-06-06","Delivery","High","2026-06-17","Resolved","4"
"CP0003564","C003565","O0003565","2026-06-07","Product","High","2026-06-07","Resolved","5"
"CP0003565","C003566","O0003566","2026-06-08","Support","Low","2026-06-09","Resolved","1"
"CP0003566","C003567","O0003567","2026-06-09","Refund","High","2026-06-11","Resolved","2"
"CP0003567","C003568","O0003568","2026-06-10","Payment","High","2026-06-13","Resolved","3"
"CP0003568","C003569","O0003569","2026-06-11","Support","Low","","Open",""
"CP0003569","C003570","O0003570","2026-06-12","Refund","High","2026-06-17","Resolved","5"
"CP0003570","C003571","O0003571","2026-06-13","Payment","Critical","2026-06-19","Resolved","1"
"CP0003571","C003572","O0003572","2026-06-14","Refund","High","2026-06-21","Resolved","2"
"CP0003572","C003573","O0003573","2026-06-15","Support","Critical","2026-06-23","Resolved","3"
"CP0003573","C003574","O0003574","2026-06-16","Product","High","2026-06-25","Resolved","4"
"CP0003574","C003575","O0003575","2026-06-17","Delivery","Medium","2026-06-27","Resolved","5"
"CP0003575","C003576","O0003576","2026-06-18","Payment","Low","2026-06-29","Resolved","1"
"CP0003576","C003577","O0003577","2026-06-19","Product","Critical","","Open",""
"CP0003577","C003578","O0003578","2026-06-20","Payment","Low","2026-06-21","Resolved","3"
"CP0003578","C003579","O0003579","2026-06-21","Refund","High","2026-06-23","Resolved","4"
"CP0003579","C003580","O0003580","2026-06-22","Payment","High","2026-06-25","Resolved","5"
"CP0003580","C003581","O0003581","2026-06-23","Payment","Critical","2026-06-27","Resolved","1"
"CP0003581","C003582","O0003582","2026-06-24","Refund","Low","2026-06-29","Resolved","2"
"CP0003582","C003583","O0003583","2026-06-25","Payment","Medium","2026-07-01","Resolved","3"
"CP0003583","C003584","O0003584","2026-06-26","Payment","Low","2026-07-03","Resolved","4"
"CP0003584","C003585","O0003585","2026-06-27","Refund","Low","","Open",""
"CP0003585","C003586","O0003586","2026-06-28","Product","Low","2026-07-07","Resolved","1"
"CP0003586","C003587","O0003587","2026-06-29","Refund","High","2026-07-09","Resolved","2"
"CP0003587","C003588","O0003588","2026-06-30","Product","Low","2026-07-11","Resolved","3"
"CP0003588","C003589","O0003589","2026-07-01","Payment","High","2026-07-01","Resolved","4"
"CP0003589","C003590","O0003590","2026-07-02","Product","Medium","2026-07-03","Resolved","5"
"CP0003590","C003591","O0003591","2026-07-03","Support","Medium","2026-07-05","Resolved","1"
"CP0003591","C003592","O0003592","2026-07-04","Support","Critical","2026-07-07","Resolved","2"
"CP0003592","C003593","O0003593","2026-07-05","Support","Critical","","Open",""
"CP0003593","C003594","O0003594","2026-07-06","Product","Critical","2026-07-11","Resolved","4"
"CP0003594","C003595","O0003595","2026-07-07","Support","Critical","2026-07-13","Resolved","5"
"CP0003595","C003596","O0003596","2026-07-08","Support","Critical","2026-07-15","Resolved","1"
"CP0003596","C003597","O0003597","2026-07-09","Refund","Medium","2026-07-17","Resolved","2"
"CP0003597","C003598","O0003598","2026-07-10","Delivery","Critical","2026-07-19","Resolved","3"
"CP0003598","C003599","O0003599","2026-07-11","Payment","Medium","2026-07-21","Resolved","4"
"CP0003599","C003600","O0003600","2026-07-12","Product","Critical","2026-07-23","Resolved","5"
"CP0003600","C003601","O0003601","2026-07-13","Product","Low","","Open",""
"CP0003601","C003602","O0003602","2026-07-14","Refund","Critical","2026-07-15","Resolved","2"
"CP0003602","C003603","O0003603","2026-07-15","Delivery","Medium","2026-07-17","Resolved","3"
"CP0003603","C003604","O0003604","2026-07-16","Payment","High","2026-07-19","Resolved","4"
"CP0003604","C003605","O0003605","2026-07-17","Product","Low","2026-07-21","Resolved","5"
"CP0003605","C003606","O0003606","2026-07-18","Delivery","Low","2026-07-23","Resolved","1"
"CP0003606","C003607","O0003607","2026-07-19","Delivery","Medium","2026-07-25","Resolved","2"
"CP0003607","C003608","O0003608","2026-07-20","Delivery","Medium","2026-07-27","Resolved","3"
"CP0003608","C003609","O0003609","2026-07-21","Support","Critical","","Open",""
"CP0003609","C003610","O0003610","2026-07-22","Support","Medium","2026-07-31","Resolved","5"
"CP0003610","C003611","O0003611","2026-07-23","Payment","Low","2026-08-02","Resolved","1"
"CP0003611","C003612","O0003612","2026-07-24","Refund","High","2026-08-04","Resolved","2"
"CP0003612","C003613","O0003613","2026-07-25","Delivery","Medium","2026-07-25","Resolved","3"
"CP0003613","C003614","O0003614","2026-07-26","Product","Low","2026-07-27","Resolved","4"
"CP0003614","C003615","O0003615","2026-07-27","Product","High","2026-07-29","Resolved","5"
"CP0003615","C003616","O0003616","2026-07-28","Support","Critical","2026-07-31","Resolved","1"
"CP0003616","C003617","O0003617","2026-07-29","Support","High","","Open",""
"CP0003617","C003618","O0003618","2026-07-30","Support","Critical","2026-08-04","Resolved","3"
"CP0003618","C003619","O0003619","2026-07-31","Delivery","High","2026-08-06","Resolved","4"
"CP0003619","C003620","O0003620","2026-08-01","Refund","Critical","2026-08-08","Resolved","5"
"CP0003620","C003621","O0003621","2026-08-02","Refund","Low","2026-08-10","Resolved","1"
"CP0003621","C003622","O0003622","2026-08-03","Delivery","High","2026-08-12","Resolved","2"
"CP0003622","C003623","O0003623","2026-08-04","Support","Medium","2026-08-14","Resolved","3"
"CP0003623","C003624","O0003624","2026-08-05","Support","Medium","2026-08-16","Resolved","4"
"CP0003624","C003625","O0003625","2026-08-06","Payment","Low","","Open",""
"CP0003625","C003626","O0003626","2026-08-07","Refund","High","2026-08-08","Resolved","1"
"CP0003626","C003627","O0003627","2026-08-08","Product","Low","2026-08-10","Resolved","2"
"CP0003627","C003628","O0003628","2026-08-09","Refund","Medium","2026-08-12","Resolved","3"
"CP0003628","C003629","O0003629","2026-08-10","Product","Low","2026-08-14","Resolved","4"
"CP0003629","C003630","O0003630","2026-08-11","Payment","Critical","2026-08-16","Resolved","5"
"CP0003630","C003631","O0003631","2026-08-12","Payment","Low","2026-08-18","Resolved","1"
"CP0003631","C003632","O0003632","2026-08-13","Product","High","2026-08-20","Resolved","2"
"CP0003632","C003633","O0003633","2026-08-14","Support","Medium","","Open",""
"CP0003633","C003634","O0003634","2026-08-15","Support","Medium","2026-08-24","Resolved","4"
"CP0003634","C003635","O0003635","2026-08-16","Support","Critical","2026-08-26","Resolved","5"
"CP0003635","C003636","O0003636","2026-08-17","Refund","Low","2026-08-28","Resolved","1"
"CP0003636","C003637","O0003637","2026-08-18","Support","Low","2026-08-18","Resolved","2"
"CP0003637","C003638","O0003638","2026-08-19","Payment","Critical","2026-08-20","Resolved","3"
"CP0003638","C003639","O0003639","2026-08-20","Delivery","Medium","2026-08-22","Resolved","4"
"CP0003639","C003640","O0003640","2026-08-21","Refund","Medium","2026-08-24","Resolved","5"
"CP0003640","C003641","O0003641","2026-08-22","Delivery","High","","Open",""
"CP0003641","C003642","O0003642","2026-08-23","Refund","Critical","2026-08-28","Resolved","2"
"CP0003642","C003643","O0003643","2026-08-24","Payment","Medium","2026-08-30","Resolved","3"
"CP0003643","C003644","O0003644","2026-08-25","Support","High","2026-09-01","Resolved","4"
"CP0003644","C003645","O0003645","2026-08-26","Product","Low","2026-09-03","Resolved","5"
"CP0003645","C003646","O0003646","2026-08-27","Refund","Critical","2026-09-05","Resolved","1"
"CP0003646","C003647","O0003647","2026-08-28","Delivery","Critical","2026-09-07","Resolved","2"
"CP0003647","C003648","O0003648","2026-08-29","Support","Low","2026-09-09","Resolved","3"
"CP0003648","C003649","O0003649","2026-08-30","Product","Low","","Open",""
"CP0003649","C003650","O0003650","2026-08-31","Payment","Critical","2026-09-01","Resolved","5"
"CP0003650","C003651","O0003651","2025-09-01","Delivery","Low","2025-09-03","Resolved","1"
"CP0003651","C003652","O0003652","2025-09-02","Delivery","Critical","2025-09-05","Resolved","2"
"CP0003652","C003653","O0003653","2025-09-03","Support","Low","2025-09-07","Resolved","3"
"CP0003653","C003654","O0003654","2025-09-04","Delivery","Medium","2025-09-09","Resolved","4"
"CP0003654","C003655","O0003655","2025-09-05","Payment","Low","2025-09-11","Resolved","5"
"CP0003655","C003656","O0003656","2025-09-06","Refund","High","2025-09-13","Resolved","1"
"CP0003656","C003657","O0003657","2025-09-07","Delivery","Low","","Open",""
"CP0003657","C003658","O0003658","2025-09-08","Delivery","High","2025-09-17","Resolved","3"
"CP0003658","C003659","O0003659","2025-09-09","Refund","Critical","2025-09-19","Resolved","4"
"CP0003659","C003660","O0003660","2025-09-10","Support","Critical","2025-09-21","Resolved","5"
"CP0003660","C003661","O0003661","2025-09-11","Payment","Medium","2025-09-11","Resolved","1"
"CP0003661","C003662","O0003662","2025-09-12","Product","Medium","2025-09-13","Resolved","2"
"CP0003662","C003663","O0003663","2025-09-13","Delivery","Low","2025-09-15","Resolved","3"
"CP0003663","C003664","O0003664","2025-09-14","Refund","Low","2025-09-17","Resolved","4"
"CP0003664","C003665","O0003665","2025-09-15","Delivery","High","","Open",""
"CP0003665","C003666","O0003666","2025-09-16","Product","Medium","2025-09-21","Resolved","1"
"CP0003666","C003667","O0003667","2025-09-17","Payment","Medium","2025-09-23","Resolved","2"
"CP0003667","C003668","O0003668","2025-09-18","Product","Low","2025-09-25","Resolved","3"
"CP0003668","C003669","O0003669","2025-09-19","Product","Low","2025-09-27","Resolved","4"
"CP0003669","C003670","O0003670","2025-09-20","Refund","High","2025-09-29","Resolved","5"
"CP0003670","C003671","O0003671","2025-09-21","Refund","Low","2025-10-01","Resolved","1"
"CP0003671","C003672","O0003672","2025-09-22","Support","Critical","2025-10-03","Resolved","2"
"CP0003672","C003673","O0003673","2025-09-23","Product","High","","Open",""
"CP0003673","C003674","O0003674","2025-09-24","Support","Low","2025-09-25","Resolved","4"
"CP0003674","C003675","O0003675","2025-09-25","Product","Critical","2025-09-27","Resolved","5"
"CP0003675","C003676","O0003676","2025-09-26","Payment","Medium","2025-09-29","Resolved","1"
"CP0003676","C003677","O0003677","2025-09-27","Delivery","High","2025-10-01","Resolved","2"
"CP0003677","C003678","O0003678","2025-09-28","Support","Critical","2025-10-03","Resolved","3"
"CP0003678","C003679","O0003679","2025-09-29","Refund","Low","2025-10-05","Resolved","4"
"CP0003679","C003680","O0003680","2025-09-30","Payment","High","2025-10-07","Resolved","5"
"CP0003680","C003681","O0003681","2025-10-01","Delivery","Critical","","Open",""
"CP0003681","C003682","O0003682","2025-10-02","Payment","Critical","2025-10-11","Resolved","2"
"CP0003682","C003683","O0003683","2025-10-03","Payment","High","2025-10-13","Resolved","3"
"CP0003683","C003684","O0003684","2025-10-04","Support","Medium","2025-10-15","Resolved","4"
"CP0003684","C003685","O0003685","2025-10-05","Refund","Medium","2025-10-05","Resolved","5"
"CP0003685","C003686","O0003686","2025-10-06","Payment","High","2025-10-07","Resolved","1"
"CP0003686","C003687","O0003687","2025-10-07","Delivery","High","2025-10-09","Resolved","2"
"CP0003687","C003688","O0003688","2025-10-08","Refund","Critical","2025-10-11","Resolved","3"
"CP0003688","C003689","O0003689","2025-10-09","Product","High","","Open",""
"CP0003689","C003690","O0003690","2025-10-10","Delivery","Low","2025-10-15","Resolved","5"
"CP0003690","C003691","O0003691","2025-10-11","Payment","Medium","2025-10-17","Resolved","1"
"CP0003691","C003692","O0003692","2025-10-12","Product","High","2025-10-19","Resolved","2"
"CP0003692","C003693","O0003693","2025-10-13","Refund","Critical","2025-10-21","Resolved","3"
"CP0003693","C003694","O0003694","2025-10-14","Delivery","Critical","2025-10-23","Resolved","4"
"CP0003694","C003695","O0003695","2025-10-15","Support","High","2025-10-25","Resolved","5"
"CP0003695","C003696","O0003696","2025-10-16","Product","High","2025-10-27","Resolved","1"
"CP0003696","C003697","O0003697","2025-10-17","Delivery","Medium","","Open",""
"CP0003697","C003698","O0003698","2025-10-18","Refund","Low","2025-10-19","Resolved","3"
"CP0003698","C003699","O0003699","2025-10-19","Delivery","Medium","2025-10-21","Resolved","4"
"CP0003699","C003700","O0003700","2025-10-20","Support","High","2025-10-23","Resolved","5"
"CP0003700","C003701","O0003701","2025-10-21","Delivery","High","2025-10-25","Resolved","1"
"CP0003701","C003702","O0003702","2025-10-22","Payment","Critical","2025-10-27","Resolved","2"
"CP0003702","C003703","O0003703","2025-10-23","Delivery","Critical","2025-10-29","Resolved","3"
"CP0003703","C003704","O0003704","2025-10-24","Support","Low","2025-10-31","Resolved","4"
"CP0003704","C003705","O0003705","2025-10-25","Support","Critical","","Open",""
"CP0003705","C003706","O0003706","2025-10-26","Product","Low","2025-11-04","Resolved","1"
"CP0003706","C003707","O0003707","2025-10-27","Payment","Low","2025-11-06","Resolved","2"
"CP0003707","C003708","O0003708","2025-10-28","Product","Critical","2025-11-08","Resolved","3"
"CP0003708","C003709","O0003709","2025-10-29","Support","Critical","2025-10-29","Resolved","4"
"CP0003709","C003710","O0003710","2025-10-30","Delivery","High","2025-10-31","Resolved","5"
"CP0003710","C003711","O0003711","2025-10-31","Payment","High","2025-11-02","Resolved","1"
"CP0003711","C003712","O0003712","2025-11-01","Payment","High","2025-11-04","Resolved","2"
"CP0003712","C003713","O0003713","2025-11-02","Product","Low","","Open",""
"CP0003713","C003714","O0003714","2025-11-03","Support","Critical","2025-11-08","Resolved","4"
"CP0003714","C003715","O0003715","2025-11-04","Refund","High","2025-11-10","Resolved","5"
"CP0003715","C003716","O0003716","2025-11-05","Payment","High","2025-11-12","Resolved","1"
"CP0003716","C003717","O0003717","2025-11-06","Support","Low","2025-11-14","Resolved","2"
"CP0003717","C003718","O0003718","2025-11-07","Delivery","Critical","2025-11-16","Resolved","3"
"CP0003718","C003719","O0003719","2025-11-08","Refund","High","2025-11-18","Resolved","4"
"CP0003719","C003720","O0003720","2025-11-09","Product","Medium","2025-11-20","Resolved","5"
"CP0003720","C003721","O0003721","2025-11-10","Payment","Medium","","Open",""
"CP0003721","C003722","O0003722","2025-11-11","Delivery","High","2025-11-12","Resolved","2"
"CP0003722","C003723","O0003723","2025-11-12","Payment","High","2025-11-14","Resolved","3"
"CP0003723","C003724","O0003724","2025-11-13","Support","Low","2025-11-16","Resolved","4"
"CP0003724","C003725","O0003725","2025-11-14","Refund","High","2025-11-18","Resolved","5"
"CP0003725","C003726","O0003726","2025-11-15","Delivery","High","2025-11-20","Resolved","1"
"CP0003726","C003727","O0003727","2025-11-16","Delivery","Medium","2025-11-22","Resolved","2"
"CP0003727","C003728","O0003728","2025-11-17","Product","Low","2025-11-24","Resolved","3"
"CP0003728","C003729","O0003729","2025-11-18","Refund","Low","","Open",""
"CP0003729","C003730","O0003730","2025-11-19","Product","Critical","2025-11-28","Resolved","5"
"CP0003730","C003731","O0003731","2025-11-20","Delivery","High","2025-11-30","Resolved","1"
"CP0003731","C003732","O0003732","2025-11-21","Product","High","2025-12-02","Resolved","2"
"CP0003732","C003733","O0003733","2025-11-22","Payment","Low","2025-11-22","Resolved","3"
"CP0003733","C003734","O0003734","2025-11-23","Support","Medium","2025-11-24","Resolved","4"
"CP0003734","C003735","O0003735","2025-11-24","Payment","High","2025-11-26","Resolved","5"
"CP0003735","C003736","O0003736","2025-11-25","Refund","Low","2025-11-28","Resolved","1"
"CP0003736","C003737","O0003737","2025-11-26","Support","High","","Open",""
"CP0003737","C003738","O0003738","2025-11-27","Support","Critical","2025-12-02","Resolved","3"
"CP0003738","C003739","O0003739","2025-11-28","Refund","Medium","2025-12-04","Resolved","4"
"CP0003739","C003740","O0003740","2025-11-29","Refund","Low","2025-12-06","Resolved","5"
"CP0003740","C003741","O0003741","2025-11-30","Refund","Medium","2025-12-08","Resolved","1"
"CP0003741","C003742","O0003742","2025-12-01","Payment","Medium","2025-12-10","Resolved","2"
"CP0003742","C003743","O0003743","2025-12-02","Refund","Medium","2025-12-12","Resolved","3"
"CP0003743","C003744","O0003744","2025-12-03","Refund","Critical","2025-12-14","Resolved","4"
"CP0003744","C003745","O0003745","2025-12-04","Support","Low","","Open",""
"CP0003745","C003746","O0003746","2025-12-05","Refund","Critical","2025-12-06","Resolved","1"
"CP0003746","C003747","O0003747","2025-12-06","Product","High","2025-12-08","Resolved","2"
"CP0003747","C003748","O0003748","2025-12-07","Refund","Critical","2025-12-10","Resolved","3"
"CP0003748","C003749","O0003749","2025-12-08","Support","High","2025-12-12","Resolved","4"
"CP0003749","C003750","O0003750","2025-12-09","Support","Medium","2025-12-14","Resolved","5"
"CP0003750","C003751","O0003751","2025-12-10","Refund","Medium","2025-12-16","Resolved","1"
"CP0003751","C003752","O0003752","2025-12-11","Support","High","2025-12-18","Resolved","2"
"CP0003752","C003753","O0003753","2025-12-12","Delivery","Critical","","Open",""
"CP0003753","C003754","O0003754","2025-12-13","Support","Medium","2025-12-22","Resolved","4"
"CP0003754","C003755","O0003755","2025-12-14","Product","Medium","2025-12-24","Resolved","5"
"CP0003755","C003756","O0003756","2025-12-15","Delivery","Low","2025-12-26","Resolved","1"
"CP0003756","C003757","O0003757","2025-12-16","Refund","Critical","2025-12-16","Resolved","2"
"CP0003757","C003758","O0003758","2025-12-17","Refund","Low","2025-12-18","Resolved","3"
"CP0003758","C003759","O0003759","2025-12-18","Support","High","2025-12-20","Resolved","4"
"CP0003759","C003760","O0003760","2025-12-19","Support","Low","2025-12-22","Resolved","5"
"CP0003760","C003761","O0003761","2025-12-20","Product","Low","","Open",""
"CP0003761","C003762","O0003762","2025-12-21","Delivery","Medium","2025-12-26","Resolved","2"
"CP0003762","C003763","O0003763","2025-12-22","Refund","Critical","2025-12-28","Resolved","3"
"CP0003763","C003764","O0003764","2025-12-23","Payment","Critical","2025-12-30","Resolved","4"
"CP0003764","C003765","O0003765","2025-12-24","Product","Critical","2026-01-01","Resolved","5"
"CP0003765","C003766","O0003766","2025-12-25","Refund","Critical","2026-01-03","Resolved","1"
"CP0003766","C003767","O0003767","2025-12-26","Refund","High","2026-01-05","Resolved","2"
"CP0003767","C003768","O0003768","2025-12-27","Support","Low","2026-01-07","Resolved","3"
"CP0003768","C003769","O0003769","2025-12-28","Delivery","Low","","Open",""
"CP0003769","C003770","O0003770","2025-12-29","Support","Low","2025-12-30","Resolved","5"
"CP0003770","C003771","O0003771","2025-12-30","Delivery","High","2026-01-01","Resolved","1"
"CP0003771","C003772","O0003772","2025-12-31","Product","Critical","2026-01-03","Resolved","2"
"CP0003772","C003773","O0003773","2026-01-01","Delivery","Low","2026-01-05","Resolved","3"
"CP0003773","C003774","O0003774","2026-01-02","Delivery","Low","2026-01-07","Resolved","4"
"CP0003774","C003775","O0003775","2026-01-03","Refund","Medium","2026-01-09","Resolved","5"
"CP0003775","C003776","O0003776","2026-01-04","Support","Medium","2026-01-11","Resolved","1"
"CP0003776","C003777","O0003777","2026-01-05","Refund","High","","Open",""
"CP0003777","C003778","O0003778","2026-01-06","Delivery","Low","2026-01-15","Resolved","3"
"CP0003778","C003779","O0003779","2026-01-07","Payment","Critical","2026-01-17","Resolved","4"
"CP0003779","C003780","O0003780","2026-01-08","Delivery","High","2026-01-19","Resolved","5"
"CP0003780","C003781","O0003781","2026-01-09","Product","Medium","2026-01-09","Resolved","1"
"CP0003781","C003782","O0003782","2026-01-10","Delivery","Medium","2026-01-11","Resolved","2"
"CP0003782","C003783","O0003783","2026-01-11","Support","Low","2026-01-13","Resolved","3"
"CP0003783","C003784","O0003784","2026-01-12","Refund","High","2026-01-15","Resolved","4"
"CP0003784","C003785","O0003785","2026-01-13","Product","High","","Open",""
"CP0003785","C003786","O0003786","2026-01-14","Product","High","2026-01-19","Resolved","1"
"CP0003786","C003787","O0003787","2026-01-15","Refund","High","2026-01-21","Resolved","2"
"CP0003787","C003788","O0003788","2026-01-16","Refund","Medium","2026-01-23","Resolved","3"
"CP0003788","C003789","O0003789","2026-01-17","Delivery","High","2026-01-25","Resolved","4"
"CP0003789","C003790","O0003790","2026-01-18","Product","Low","2026-01-27","Resolved","5"
"CP0003790","C003791","O0003791","2026-01-19","Delivery","Medium","2026-01-29","Resolved","1"
"CP0003791","C003792","O0003792","2026-01-20","Product","Critical","2026-01-31","Resolved","2"
"CP0003792","C003793","O0003793","2026-01-21","Delivery","Critical","","Open",""
"CP0003793","C003794","O0003794","2026-01-22","Refund","Low","2026-01-23","Resolved","4"
"CP0003794","C003795","O0003795","2026-01-23","Payment","Medium","2026-01-25","Resolved","5"
"CP0003795","C003796","O0003796","2026-01-24","Support","Critical","2026-01-27","Resolved","1"
"CP0003796","C003797","O0003797","2026-01-25","Payment","Critical","2026-01-29","Resolved","2"
"CP0003797","C003798","O0003798","2026-01-26","Delivery","High","2026-01-31","Resolved","3"
"CP0003798","C003799","O0003799","2026-01-27","Payment","Low","2026-02-02","Resolved","4"
"CP0003799","C003800","O0003800","2026-01-28","Payment","Critical","2026-02-04","Resolved","5"
"CP0003800","C003801","O0003801","2026-01-29","Support","Low","","Open",""
"CP0003801","C003802","O0003802","2026-01-30","Delivery","High","2026-02-08","Resolved","2"
"CP0003802","C003803","O0003803","2026-01-31","Support","Low","2026-02-10","Resolved","3"
"CP0003803","C003804","O0003804","2026-02-01","Support","Critical","2026-02-12","Resolved","4"
"CP0003804","C003805","O0003805","2026-02-02","Product","Critical","2026-02-02","Resolved","5"
"CP0003805","C003806","O0003806","2026-02-03","Product","Medium","2026-02-04","Resolved","1"
"CP0003806","C003807","O0003807","2026-02-04","Payment","Low","2026-02-06","Resolved","2"
"CP0003807","C003808","O0003808","2026-02-05","Refund","Medium","2026-02-08","Resolved","3"
"CP0003808","C003809","O0003809","2026-02-06","Payment","Medium","","Open",""
"CP0003809","C003810","O0003810","2026-02-07","Payment","High","2026-02-12","Resolved","5"
"CP0003810","C003811","O0003811","2026-02-08","Payment","Critical","2026-02-14","Resolved","1"
"CP0003811","C003812","O0003812","2026-02-09","Refund","Low","2026-02-16","Resolved","2"
"CP0003812","C003813","O0003813","2026-02-10","Refund","Low","2026-02-18","Resolved","3"
"CP0003813","C003814","O0003814","2026-02-11","Product","Critical","2026-02-20","Resolved","4"
"CP0003814","C003815","O0003815","2026-02-12","Product","High","2026-02-22","Resolved","5"
"CP0003815","C003816","O0003816","2026-02-13","Support","Critical","2026-02-24","Resolved","1"
"CP0003816","C003817","O0003817","2026-02-14","Payment","Medium","","Open",""
"CP0003817","C003818","O0003818","2026-02-15","Support","Low","2026-02-16","Resolved","3"
"CP0003818","C003819","O0003819","2026-02-16","Payment","Low","2026-02-18","Resolved","4"
"CP0003819","C003820","O0003820","2026-02-17","Delivery","Medium","2026-02-20","Resolved","5"
"CP0003820","C003821","O0003821","2026-02-18","Support","High","2026-02-22","Resolved","1"
"CP0003821","C003822","O0003822","2026-02-19","Payment","Low","2026-02-24","Resolved","2"
"CP0003822","C003823","O0003823","2026-02-20","Product","Medium","2026-02-26","Resolved","3"
"CP0003823","C003824","O0003824","2026-02-21","Payment","High","2026-02-28","Resolved","4"
"CP0003824","C003825","O0003825","2026-02-22","Refund","High","","Open",""
"CP0003825","C003826","O0003826","2026-02-23","Payment","Medium","2026-03-04","Resolved","1"
"CP0003826","C003827","O0003827","2026-02-24","Delivery","Medium","2026-03-06","Resolved","2"
"CP0003827","C003828","O0003828","2026-02-25","Support","Low","2026-03-08","Resolved","3"
"CP0003828","C003829","O0003829","2026-02-26","Refund","Medium","2026-02-26","Resolved","4"
"CP0003829","C003830","O0003830","2026-02-27","Delivery","Medium","2026-02-28","Resolved","5"
"CP0003830","C003831","O0003831","2026-02-28","Payment","High","2026-03-02","Resolved","1"
"CP0003831","C003832","O0003832","2026-03-01","Support","Medium","2026-03-04","Resolved","2"
"CP0003832","C003833","O0003833","2026-03-02","Support","Low","","Open",""
"CP0003833","C003834","O0003834","2026-03-03","Delivery","Medium","2026-03-08","Resolved","4"
"CP0003834","C003835","O0003835","2026-03-04","Payment","Low","2026-03-10","Resolved","5"
"CP0003835","C003836","O0003836","2026-03-05","Payment","High","2026-03-12","Resolved","1"
"CP0003836","C003837","O0003837","2026-03-06","Product","Critical","2026-03-14","Resolved","2"
"CP0003837","C003838","O0003838","2026-03-07","Delivery","High","2026-03-16","Resolved","3"
"CP0003838","C003839","O0003839","2026-03-08","Support","Low","2026-03-18","Resolved","4"
"CP0003839","C003840","O0003840","2026-03-09","Refund","Low","2026-03-20","Resolved","5"
"CP0003840","C003841","O0003841","2026-03-10","Refund","Critical","","Open",""
"CP0003841","C003842","O0003842","2026-03-11","Product","High","2026-03-12","Resolved","2"
"CP0003842","C003843","O0003843","2026-03-12","Product","High","2026-03-14","Resolved","3"
"CP0003843","C003844","O0003844","2026-03-13","Refund","Low","2026-03-16","Resolved","4"
"CP0003844","C003845","O0003845","2026-03-14","Product","Low","2026-03-18","Resolved","5"
"CP0003845","C003846","O0003846","2026-03-15","Support","Critical","2026-03-20","Resolved","1"
"CP0003846","C003847","O0003847","2026-03-16","Delivery","High","2026-03-22","Resolved","2"
"CP0003847","C003848","O0003848","2026-03-17","Product","Medium","2026-03-24","Resolved","3"
"CP0003848","C003849","O0003849","2026-03-18","Payment","Critical","","Open",""
"CP0003849","C003850","O0003850","2026-03-19","Product","Low","2026-03-28","Resolved","5"
"CP0003850","C003851","O0003851","2026-03-20","Product","Medium","2026-03-30","Resolved","1"
"CP0003851","C003852","O0003852","2026-03-21","Support","Low","2026-04-01","Resolved","2"
"CP0003852","C003853","O0003853","2026-03-22","Payment","Critical","2026-03-22","Resolved","3"
"CP0003853","C003854","O0003854","2026-03-23","Product","High","2026-03-24","Resolved","4"
"CP0003854","C003855","O0003855","2026-03-24","Refund","Low","2026-03-26","Resolved","5"
"CP0003855","C003856","O0003856","2026-03-25","Product","Low","2026-03-28","Resolved","1"
"CP0003856","C003857","O0003857","2026-03-26","Support","Low","","Open",""
"CP0003857","C003858","O0003858","2026-03-27","Payment","High","2026-04-01","Resolved","3"
"CP0003858","C003859","O0003859","2026-03-28","Delivery","High","2026-04-03","Resolved","4"
"CP0003859","C003860","O0003860","2026-03-29","Delivery","Medium","2026-04-05","Resolved","5"
"CP0003860","C003861","O0003861","2026-03-30","Delivery","High","2026-04-07","Resolved","1"
"CP0003861","C003862","O0003862","2026-03-31","Refund","Critical","2026-04-09","Resolved","2"
"CP0003862","C003863","O0003863","2026-04-01","Delivery","Medium","2026-04-11","Resolved","3"
"CP0003863","C003864","O0003864","2026-04-02","Refund","Low","2026-04-13","Resolved","4"
"CP0003864","C003865","O0003865","2026-04-03","Product","High","","Open",""
"CP0003865","C003866","O0003866","2026-04-04","Refund","Medium","2026-04-05","Resolved","1"
"CP0003866","C003867","O0003867","2026-04-05","Delivery","Low","2026-04-07","Resolved","2"
"CP0003867","C003868","O0003868","2026-04-06","Product","Medium","2026-04-09","Resolved","3"
"CP0003868","C003869","O0003869","2026-04-07","Product","Low","2026-04-11","Resolved","4"
"CP0003869","C003870","O0003870","2026-04-08","Delivery","Medium","2026-04-13","Resolved","5"
"CP0003870","C003871","O0003871","2026-04-09","Product","Medium","2026-04-15","Resolved","1"
"CP0003871","C003872","O0003872","2026-04-10","Delivery","Low","2026-04-17","Resolved","2"
"CP0003872","C003873","O0003873","2026-04-11","Support","Medium","","Open",""
"CP0003873","C003874","O0003874","2026-04-12","Delivery","High","2026-04-21","Resolved","4"
"CP0003874","C003875","O0003875","2026-04-13","Payment","Low","2026-04-23","Resolved","5"
"CP0003875","C003876","O0003876","2026-04-14","Delivery","High","2026-04-25","Resolved","1"
"CP0003876","C003877","O0003877","2026-04-15","Delivery","Critical","2026-04-15","Resolved","2"
"CP0003877","C003878","O0003878","2026-04-16","Payment","Medium","2026-04-17","Resolved","3"
"CP0003878","C003879","O0003879","2026-04-17","Refund","Critical","2026-04-19","Resolved","4"
"CP0003879","C003880","O0003880","2026-04-18","Payment","Low","2026-04-21","Resolved","5"
"CP0003880","C003881","O0003881","2026-04-19","Product","Medium","","Open",""
"CP0003881","C003882","O0003882","2026-04-20","Delivery","High","2026-04-25","Resolved","2"
"CP0003882","C003883","O0003883","2026-04-21","Product","Low","2026-04-27","Resolved","3"
"CP0003883","C003884","O0003884","2026-04-22","Refund","Critical","2026-04-29","Resolved","4"
"CP0003884","C003885","O0003885","2026-04-23","Refund","Critical","2026-05-01","Resolved","5"
"CP0003885","C003886","O0003886","2026-04-24","Payment","Critical","2026-05-03","Resolved","1"
"CP0003886","C003887","O0003887","2026-04-25","Delivery","Medium","2026-05-05","Resolved","2"
"CP0003887","C003888","O0003888","2026-04-26","Support","Low","2026-05-07","Resolved","3"
"CP0003888","C003889","O0003889","2026-04-27","Delivery","Critical","","Open",""
"CP0003889","C003890","O0003890","2026-04-28","Product","Low","2026-04-29","Resolved","5"
"CP0003890","C003891","O0003891","2026-04-29","Refund","Critical","2026-05-01","Resolved","1"
"CP0003891","C003892","O0003892","2026-04-30","Payment","Medium","2026-05-03","Resolved","2"
"CP0003892","C003893","O0003893","2026-05-01","Support","Medium","2026-05-05","Resolved","3"
"CP0003893","C003894","O0003894","2026-05-02","Product","High","2026-05-07","Resolved","4"
"CP0003894","C003895","O0003895","2026-05-03","Delivery","Medium","2026-05-09","Resolved","5"
"CP0003895","C003896","O0003896","2026-05-04","Refund","Low","2026-05-11","Resolved","1"
"CP0003896","C003897","O0003897","2026-05-05","Product","Critical","","Open",""
"CP0003897","C003898","O0003898","2026-05-06","Delivery","Medium","2026-05-15","Resolved","3"
"CP0003898","C003899","O0003899","2026-05-07","Payment","Medium","2026-05-17","Resolved","4"
"CP0003899","C003900","O0003900","2026-05-08","Delivery","High","2026-05-19","Resolved","5"
"CP0003900","C003901","O0003901","2026-05-09","Refund","Critical","2026-05-09","Resolved","1"
"CP0003901","C003902","O0003902","2026-05-10","Refund","Low","2026-05-11","Resolved","2"
"CP0003902","C003903","O0003903","2026-05-11","Payment","Medium","2026-05-13","Resolved","3"
"CP0003903","C003904","O0003904","2026-05-12","Refund","Medium","2026-05-15","Resolved","4"
"CP0003904","C003905","O0003905","2026-05-13","Support","High","","Open",""
"CP0003905","C003906","O0003906","2026-05-14","Payment","Medium","2026-05-19","Resolved","1"
"CP0003906","C003907","O0003907","2026-05-15","Delivery","Medium","2026-05-21","Resolved","2"
"CP0003907","C003908","O0003908","2026-05-16","Product","Medium","2026-05-23","Resolved","3"
"CP0003908","C003909","O0003909","2026-05-17","Payment","High","2026-05-25","Resolved","4"
"CP0003909","C003910","O0003910","2026-05-18","Delivery","Low","2026-05-27","Resolved","5"
"CP0003910","C003911","O0003911","2026-05-19","Product","Low","2026-05-29","Resolved","1"
"CP0003911","C003912","O0003912","2026-05-20","Payment","Medium","2026-05-31","Resolved","2"
"CP0003912","C003913","O0003913","2026-05-21","Support","Critical","","Open",""
"CP0003913","C003914","O0003914","2026-05-22","Delivery","High","2026-05-23","Resolved","4"
"CP0003914","C003915","O0003915","2026-05-23","Product","Critical","2026-05-25","Resolved","5"
"CP0003915","C003916","O0003916","2026-05-24","Refund","Low","2026-05-27","Resolved","1"
"CP0003916","C003917","O0003917","2026-05-25","Payment","Medium","2026-05-29","Resolved","2"
"CP0003917","C003918","O0003918","2026-05-26","Payment","Critical","2026-05-31","Resolved","3"
"CP0003918","C003919","O0003919","2026-05-27","Refund","Critical","2026-06-02","Resolved","4"
"CP0003919","C003920","O0003920","2026-05-28","Support","Critical","2026-06-04","Resolved","5"
"CP0003920","C003921","O0003921","2026-05-29","Delivery","High","","Open",""
"CP0003921","C003922","O0003922","2026-05-30","Payment","Critical","2026-06-08","Resolved","2"
"CP0003922","C003923","O0003923","2026-05-31","Payment","High","2026-06-10","Resolved","3"
"CP0003923","C003924","O0003924","2026-06-01","Delivery","Low","2026-06-12","Resolved","4"
"CP0003924","C003925","O0003925","2026-06-02","Support","Critical","2026-06-02","Resolved","5"
"CP0003925","C003926","O0003926","2026-06-03","Product","Critical","2026-06-04","Resolved","1"
"CP0003926","C003927","O0003927","2026-06-04","Refund","Medium","2026-06-06","Resolved","2"
"CP0003927","C003928","O0003928","2026-06-05","Product","High","2026-06-08","Resolved","3"
"CP0003928","C003929","O0003929","2026-06-06","Product","High","","Open",""
"CP0003929","C003930","O0003930","2026-06-07","Product","High","2026-06-12","Resolved","5"
"CP0003930","C003931","O0003931","2026-06-08","Support","Medium","2026-06-14","Resolved","1"
"CP0003931","C003932","O0003932","2026-06-09","Support","High","2026-06-16","Resolved","2"
"CP0003932","C003933","O0003933","2026-06-10","Payment","Medium","2026-06-18","Resolved","3"
"CP0003933","C003934","O0003934","2026-06-11","Product","High","2026-06-20","Resolved","4"
"CP0003934","C003935","O0003935","2026-06-12","Product","High","2026-06-22","Resolved","5"
"CP0003935","C003936","O0003936","2026-06-13","Refund","Critical","2026-06-24","Resolved","1"
"CP0003936","C003937","O0003937","2026-06-14","Product","High","","Open",""
"CP0003937","C003938","O0003938","2026-06-15","Product","High","2026-06-16","Resolved","3"
"CP0003938","C003939","O0003939","2026-06-16","Delivery","High","2026-06-18","Resolved","4"
"CP0003939","C003940","O0003940","2026-06-17","Delivery","Low","2026-06-20","Resolved","5"
"CP0003940","C003941","O0003941","2026-06-18","Delivery","Medium","2026-06-22","Resolved","1"
"CP0003941","C003942","O0003942","2026-06-19","Refund","Low","2026-06-24","Resolved","2"
"CP0003942","C003943","O0003943","2026-06-20","Product","Medium","2026-06-26","Resolved","3"
"CP0003943","C003944","O0003944","2026-06-21","Delivery","High","2026-06-28","Resolved","4"
"CP0003944","C003945","O0003945","2026-06-22","Delivery","High","","Open",""
"CP0003945","C003946","O0003946","2026-06-23","Payment","Low","2026-07-02","Resolved","1"
"CP0003946","C003947","O0003947","2026-06-24","Refund","Critical","2026-07-04","Resolved","2"
"CP0003947","C003948","O0003948","2026-06-25","Payment","High","2026-07-06","Resolved","3"
"CP0003948","C003949","O0003949","2026-06-26","Refund","Medium","2026-06-26","Resolved","4"
"CP0003949","C003950","O0003950","2026-06-27","Support","Low","2026-06-28","Resolved","5"
"CP0003950","C003951","O0003951","2026-06-28","Payment","Critical","2026-06-30","Resolved","1"
"CP0003951","C003952","O0003952","2026-06-29","Delivery","High","2026-07-02","Resolved","2"
"CP0003952","C003953","O0003953","2026-06-30","Support","Medium","","Open",""
"CP0003953","C003954","O0003954","2026-07-01","Refund","Critical","2026-07-06","Resolved","4"
"CP0003954","C003955","O0003955","2026-07-02","Delivery","High","2026-07-08","Resolved","5"
"CP0003955","C003956","O0003956","2026-07-03","Payment","Medium","2026-07-10","Resolved","1"
"CP0003956","C003957","O0003957","2026-07-04","Product","Medium","2026-07-12","Resolved","2"
"CP0003957","C003958","O0003958","2026-07-05","Delivery","Medium","2026-07-14","Resolved","3"
"CP0003958","C003959","O0003959","2026-07-06","Support","Low","2026-07-16","Resolved","4"
"CP0003959","C003960","O0003960","2026-07-07","Support","High","2026-07-18","Resolved","5"
"CP0003960","C003961","O0003961","2026-07-08","Delivery","Low","","Open",""
"CP0003961","C003962","O0003962","2026-07-09","Payment","Critical","2026-07-10","Resolved","2"
"CP0003962","C003963","O0003963","2026-07-10","Refund","Critical","2026-07-12","Resolved","3"
"CP0003963","C003964","O0003964","2026-07-11","Delivery","High","2026-07-14","Resolved","4"
"CP0003964","C003965","O0003965","2026-07-12","Product","Low","2026-07-16","Resolved","5"
"CP0003965","C003966","O0003966","2026-07-13","Product","Low","2026-07-18","Resolved","1"
"CP0003966","C003967","O0003967","2026-07-14","Refund","High","2026-07-20","Resolved","2"
"CP0003967","C003968","O0003968","2026-07-15","Support","High","2026-07-22","Resolved","3"
"CP0003968","C003969","O0003969","2026-07-16","Payment","Medium","","Open",""
"CP0003969","C003970","O0003970","2026-07-17","Payment","High","2026-07-26","Resolved","5"
"CP0003970","C003971","O0003971","2026-07-18","Delivery","High","2026-07-28","Resolved","1"
"CP0003971","C003972","O0003972","2026-07-19","Product","Low","2026-07-30","Resolved","2"
"CP0003972","C003973","O0003973","2026-07-20","Product","Medium","2026-07-20","Resolved","3"
"CP0003973","C003974","O0003974","2026-07-21","Delivery","Critical","2026-07-22","Resolved","4"
"CP0003974","C003975","O0003975","2026-07-22","Refund","Medium","2026-07-24","Resolved","5"
"CP0003975","C003976","O0003976","2026-07-23","Support","Critical","2026-07-26","Resolved","1"
"CP0003976","C003977","O0003977","2026-07-24","Refund","High","","Open",""
"CP0003977","C003978","O0003978","2026-07-25","Delivery","High","2026-07-30","Resolved","3"
"CP0003978","C003979","O0003979","2026-07-26","Product","High","2026-08-01","Resolved","4"
"CP0003979","C003980","O0003980","2026-07-27","Refund","Medium","2026-08-03","Resolved","5"
"CP0003980","C003981","O0003981","2026-07-28","Delivery","Critical","2026-08-05","Resolved","1"
"CP0003981","C003982","O0003982","2026-07-29","Product","Low","2026-08-07","Resolved","2"
"CP0003982","C003983","O0003983","2026-07-30","Refund","Critical","2026-08-09","Resolved","3"
"CP0003983","C003984","O0003984","2026-07-31","Payment","Critical","2026-08-11","Resolved","4"
"CP0003984","C003985","O0003985","2026-08-01","Payment","Critical","","Open",""
"CP0003985","C003986","O0003986","2026-08-02","Support","Medium","2026-08-03","Resolved","1"
"CP0003986","C003987","O0003987","2026-08-03","Delivery","Low","2026-08-05","Resolved","2"
"CP0003987","C003988","O0003988","2026-08-04","Refund","Medium","2026-08-07","Resolved","3"
"CP0003988","C003989","O0003989","2026-08-05","Payment","High","2026-08-09","Resolved","4"
"CP0003989","C003990","O0003990","2026-08-06","Delivery","Medium","2026-08-11","Resolved","5"
"CP0003990","C003991","O0003991","2026-08-07","Refund","High","2026-08-13","Resolved","1"
"CP0003991","C003992","O0003992","2026-08-08","Product","High","2026-08-15","Resolved","2"
"CP0003992","C003993","O0003993","2026-08-09","Delivery","High","","Open",""
"CP0003993","C003994","O0003994","2026-08-10","Product","High","2026-08-19","Resolved","4"
"CP0003994","C003995","O0003995","2026-08-11","Support","Critical","2026-08-21","Resolved","5"
"CP0003995","C003996","O0003996","2026-08-12","Delivery","Low","2026-08-23","Resolved","1"
"CP0003996","C003997","O0003997","2026-08-13","Refund","Low","2026-08-13","Resolved","2"
"CP0003997","C003998","O0003998","2026-08-14","Refund","High","2026-08-15","Resolved","3"
"CP0003998","C003999","O0003999","2026-08-15","Delivery","Critical","2026-08-17","Resolved","4"
"CP0003999","C004000","O0004000","2026-08-16","Support","High","2026-08-19","Resolved","5"
"CP0004000","C004001","O0004001","2026-08-17","Support","Medium","","Open",""
"CP0004001","C004002","O0004002","2026-08-18","Delivery","Critical","2026-08-23","Resolved","2"
"CP0004002","C004003","O0004003","2026-08-19","Payment","High","2026-08-25","Resolved","3"
"CP0004003","C004004","O0004004","2026-08-20","Payment","Critical","2026-08-27","Resolved","4"
"CP0004004","C004005","O0004005","2026-08-21","Payment","High","2026-08-29","Resolved","5"
"CP0004005","C004006","O0004006","2026-08-22","Product","Critical","2026-08-31","Resolved","1"
"CP0004006","C004007","O0004007","2026-08-23","Product","High","2026-09-02","Resolved","2"
"CP0004007","C004008","O0004008","2026-08-24","Payment","Low","2026-09-04","Resolved","3"
"CP0004008","C004009","O0004009","2026-08-25","Refund","Medium","","Open",""
"CP0004009","C004010","O0004010","2026-08-26","Delivery","Low","2026-08-27","Resolved","5"
"CP0004010","C004011","O0004011","2026-08-27","Payment","Low","2026-08-29","Resolved","1"
"CP0004011","C004012","O0004012","2026-08-28","Delivery","Low","2026-08-31","Resolved","2"
"CP0004012","C004013","O0004013","2026-08-29","Refund","Critical","2026-09-02","Resolved","3"
"CP0004013","C004014","O0004014","2026-08-30","Refund","High","2026-09-04","Resolved","4"
"CP0004014","C004015","O0004015","2026-08-31","Product","Medium","2026-09-06","Resolved","5"
"CP0004015","C004016","O0004016","2025-09-01","Refund","Critical","2025-09-08","Resolved","1"
"CP0004016","C004017","O0004017","2025-09-02","Product","Critical","","Open",""
"CP0004017","C004018","O0004018","2025-09-03","Support","Low","2025-09-12","Resolved","3"
"CP0004018","C004019","O0004019","2025-09-04","Support","High","2025-09-14","Resolved","4"
"CP0004019","C004020","O0004020","2025-09-05","Delivery","High","2025-09-16","Resolved","5"
"CP0004020","C004021","O0004021","2025-09-06","Delivery","Critical","2025-09-06","Resolved","1"
"CP0004021","C004022","O0004022","2025-09-07","Delivery","Critical","2025-09-08","Resolved","2"
"CP0004022","C004023","O0004023","2025-09-08","Support","Low","2025-09-10","Resolved","3"
"CP0004023","C004024","O0004024","2025-09-09","Product","Medium","2025-09-12","Resolved","4"
"CP0004024","C004025","O0004025","2025-09-10","Support","Medium","","Open",""
"CP0004025","C004026","O0004026","2025-09-11","Refund","Low","2025-09-16","Resolved","1"
"CP0004026","C004027","O0004027","2025-09-12","Support","Medium","2025-09-18","Resolved","2"
"CP0004027","C004028","O0004028","2025-09-13","Product","Low","2025-09-20","Resolved","3"
"CP0004028","C004029","O0004029","2025-09-14","Payment","High","2025-09-22","Resolved","4"
"CP0004029","C004030","O0004030","2025-09-15","Refund","Critical","2025-09-24","Resolved","5"
"CP0004030","C004031","O0004031","2025-09-16","Refund","Low","2025-09-26","Resolved","1"
"CP0004031","C004032","O0004032","2025-09-17","Refund","High","2025-09-28","Resolved","2"
"CP0004032","C004033","O0004033","2025-09-18","Product","Medium","","Open",""
"CP0004033","C004034","O0004034","2025-09-19","Delivery","Critical","2025-09-20","Resolved","4"
"CP0004034","C004035","O0004035","2025-09-20","Refund","Low","2025-09-22","Resolved","5"
"CP0004035","C004036","O0004036","2025-09-21","Refund","Low","2025-09-24","Resolved","1"
"CP0004036","C004037","O0004037","2025-09-22","Product","Low","2025-09-26","Resolved","2"
"CP0004037","C004038","O0004038","2025-09-23","Product","Critical","2025-09-28","Resolved","3"
"CP0004038","C004039","O0004039","2025-09-24","Product","Low","2025-09-30","Resolved","4"
"CP0004039","C004040","O0004040","2025-09-25","Support","Medium","2025-10-02","Resolved","5"
"CP0004040","C004041","O0004041","2025-09-26","Payment","Medium","","Open",""
"CP0004041","C004042","O0004042","2025-09-27","Refund","High","2025-10-06","Resolved","2"
"CP0004042","C004043","O0004043","2025-09-28","Refund","Critical","2025-10-08","Resolved","3"
"CP0004043","C004044","O0004044","2025-09-29","Payment","Critical","2025-10-10","Resolved","4"
"CP0004044","C004045","O0004045","2025-09-30","Product","Critical","2025-09-30","Resolved","5"
"CP0004045","C004046","O0004046","2025-10-01","Product","Medium","2025-10-02","Resolved","1"
"CP0004046","C004047","O0004047","2025-10-02","Support","Low","2025-10-04","Resolved","2"
"CP0004047","C004048","O0004048","2025-10-03","Delivery","Medium","2025-10-06","Resolved","3"
"CP0004048","C004049","O0004049","2025-10-04","Payment","Low","","Open",""
"CP0004049","C004050","O0004050","2025-10-05","Refund","Critical","2025-10-10","Resolved","5"
"CP0004050","C004051","O0004051","2025-10-06","Refund","High","2025-10-12","Resolved","1"
"CP0004051","C004052","O0004052","2025-10-07","Product","Low","2025-10-14","Resolved","2"
"CP0004052","C004053","O0004053","2025-10-08","Product","Low","2025-10-16","Resolved","3"
"CP0004053","C004054","O0004054","2025-10-09","Payment","Low","2025-10-18","Resolved","4"
"CP0004054","C004055","O0004055","2025-10-10","Refund","High","2025-10-20","Resolved","5"
"CP0004055","C004056","O0004056","2025-10-11","Product","Critical","2025-10-22","Resolved","1"
"CP0004056","C004057","O0004057","2025-10-12","Product","Critical","","Open",""
"CP0004057","C004058","O0004058","2025-10-13","Delivery","Low","2025-10-14","Resolved","3"
"CP0004058","C004059","O0004059","2025-10-14","Delivery","Low","2025-10-16","Resolved","4"
"CP0004059","C004060","O0004060","2025-10-15","Product","High","2025-10-18","Resolved","5"
"CP0004060","C004061","O0004061","2025-10-16","Delivery","Medium","2025-10-20","Resolved","1"
"CP0004061","C004062","O0004062","2025-10-17","Refund","Medium","2025-10-22","Resolved","2"
"CP0004062","C004063","O0004063","2025-10-18","Refund","Low","2025-10-24","Resolved","3"
"CP0004063","C004064","O0004064","2025-10-19","Product","Medium","2025-10-26","Resolved","4"
"CP0004064","C004065","O0004065","2025-10-20","Product","Medium","","Open",""
"CP0004065","C004066","O0004066","2025-10-21","Product","Critical","2025-10-30","Resolved","1"
"CP0004066","C004067","O0004067","2025-10-22","Payment","Low","2025-11-01","Resolved","2"
"CP0004067","C004068","O0004068","2025-10-23","Product","Medium","2025-11-03","Resolved","3"
"CP0004068","C004069","O0004069","2025-10-24","Payment","Medium","2025-10-24","Resolved","4"
"CP0004069","C004070","O0004070","2025-10-25","Support","Low","2025-10-26","Resolved","5"
"CP0004070","C004071","O0004071","2025-10-26","Payment","Critical","2025-10-28","Resolved","1"
"CP0004071","C004072","O0004072","2025-10-27","Product","High","2025-10-30","Resolved","2"
"CP0004072","C004073","O0004073","2025-10-28","Refund","Low","","Open",""
"CP0004073","C004074","O0004074","2025-10-29","Payment","Low","2025-11-03","Resolved","4"
"CP0004074","C004075","O0004075","2025-10-30","Delivery","Medium","2025-11-05","Resolved","5"
"CP0004075","C004076","O0004076","2025-10-31","Product","Low","2025-11-07","Resolved","1"
"CP0004076","C004077","O0004077","2025-11-01","Delivery","Medium","2025-11-09","Resolved","2"
"CP0004077","C004078","O0004078","2025-11-02","Delivery","Low","2025-11-11","Resolved","3"
"CP0004078","C004079","O0004079","2025-11-03","Support","Critical","2025-11-13","Resolved","4"
"CP0004079","C004080","O0004080","2025-11-04","Product","Critical","2025-11-15","Resolved","5"
"CP0004080","C004081","O0004081","2025-11-05","Support","High","","Open",""
"CP0004081","C004082","O0004082","2025-11-06","Support","High","2025-11-07","Resolved","2"
"CP0004082","C004083","O0004083","2025-11-07","Payment","Low","2025-11-09","Resolved","3"
"CP0004083","C004084","O0004084","2025-11-08","Product","High","2025-11-11","Resolved","4"
"CP0004084","C004085","O0004085","2025-11-09","Refund","Critical","2025-11-13","Resolved","5"
"CP0004085","C004086","O0004086","2025-11-10","Payment","Medium","2025-11-15","Resolved","1"
"CP0004086","C004087","O0004087","2025-11-11","Delivery","Low","2025-11-17","Resolved","2"
"CP0004087","C004088","O0004088","2025-11-12","Refund","High","2025-11-19","Resolved","3"
"CP0004088","C004089","O0004089","2025-11-13","Delivery","Medium","","Open",""
"CP0004089","C004090","O0004090","2025-11-14","Payment","Medium","2025-11-23","Resolved","5"
"CP0004090","C004091","O0004091","2025-11-15","Delivery","High","2025-11-25","Resolved","1"
"CP0004091","C004092","O0004092","2025-11-16","Refund","Critical","2025-11-27","Resolved","2"
"CP0004092","C004093","O0004093","2025-11-17","Support","Critical","2025-11-17","Resolved","3"
"CP0004093","C004094","O0004094","2025-11-18","Product","Medium","2025-11-19","Resolved","4"
"CP0004094","C004095","O0004095","2025-11-19","Support","Critical","2025-11-21","Resolved","5"
"CP0004095","C004096","O0004096","2025-11-20","Support","High","2025-11-23","Resolved","1"
"CP0004096","C004097","O0004097","2025-11-21","Refund","Medium","","Open",""
"CP0004097","C004098","O0004098","2025-11-22","Payment","Critical","2025-11-27","Resolved","3"
"CP0004098","C004099","O0004099","2025-11-23","Support","Low","2025-11-29","Resolved","4"
"CP0004099","C004100","O0004100","2025-11-24","Delivery","Low","2025-12-01","Resolved","5"
"CP0004100","C004101","O0004101","2025-11-25","Refund","High","2025-12-03","Resolved","1"
"CP0004101","C004102","O0004102","2025-11-26","Product","Low","2025-12-05","Resolved","2"
"CP0004102","C004103","O0004103","2025-11-27","Support","High","2025-12-07","Resolved","3"
"CP0004103","C004104","O0004104","2025-11-28","Refund","Medium","2025-12-09","Resolved","4"
"CP0004104","C004105","O0004105","2025-11-29","Delivery","Critical","","Open",""
"CP0004105","C004106","O0004106","2025-11-30","Delivery","Medium","2025-12-01","Resolved","1"
"CP0004106","C004107","O0004107","2025-12-01","Delivery","Medium","2025-12-03","Resolved","2"
"CP0004107","C004108","O0004108","2025-12-02","Delivery","Critical","2025-12-05","Resolved","3"
"CP0004108","C004109","O0004109","2025-12-03","Product","Medium","2025-12-07","Resolved","4"
"CP0004109","C004110","O0004110","2025-12-04","Support","Low","2025-12-09","Resolved","5"
"CP0004110","C004111","O0004111","2025-12-05","Payment","Low","2025-12-11","Resolved","1"
"CP0004111","C004112","O0004112","2025-12-06","Product","Low","2025-12-13","Resolved","2"
"CP0004112","C004113","O0004113","2025-12-07","Support","Critical","","Open",""
"CP0004113","C004114","O0004114","2025-12-08","Delivery","High","2025-12-17","Resolved","4"
"CP0004114","C004115","O0004115","2025-12-09","Payment","Low","2025-12-19","Resolved","5"
"CP0004115","C004116","O0004116","2025-12-10","Refund","High","2025-12-21","Resolved","1"
"CP0004116","C004117","O0004117","2025-12-11","Product","Critical","2025-12-11","Resolved","2"
"CP0004117","C004118","O0004118","2025-12-12","Delivery","Medium","2025-12-13","Resolved","3"
"CP0004118","C004119","O0004119","2025-12-13","Support","Medium","2025-12-15","Resolved","4"
"CP0004119","C004120","O0004120","2025-12-14","Product","Low","2025-12-17","Resolved","5"
"CP0004120","C004121","O0004121","2025-12-15","Support","Medium","","Open",""
"CP0004121","C004122","O0004122","2025-12-16","Payment","Critical","2025-12-21","Resolved","2"
"CP0004122","C004123","O0004123","2025-12-17","Support","Critical","2025-12-23","Resolved","3"
"CP0004123","C004124","O0004124","2025-12-18","Support","High","2025-12-25","Resolved","4"
"CP0004124","C004125","O0004125","2025-12-19","Delivery","Medium","2025-12-27","Resolved","5"
"CP0004125","C004126","O0004126","2025-12-20","Delivery","Medium","2025-12-29","Resolved","1"
"CP0004126","C004127","O0004127","2025-12-21","Refund","Low","2025-12-31","Resolved","2"
"CP0004127","C004128","O0004128","2025-12-22","Product","Critical","2026-01-02","Resolved","3"
"CP0004128","C004129","O0004129","2025-12-23","Support","Critical","","Open",""
"CP0004129","C004130","O0004130","2025-12-24","Payment","Medium","2025-12-25","Resolved","5"
"CP0004130","C004131","O0004131","2025-12-25","Delivery","Low","2025-12-27","Resolved","1"
"CP0004131","C004132","O0004132","2025-12-26","Payment","Medium","2025-12-29","Resolved","2"
"CP0004132","C004133","O0004133","2025-12-27","Refund","Low","2025-12-31","Resolved","3"
"CP0004133","C004134","O0004134","2025-12-28","Support","Low","2026-01-02","Resolved","4"
"CP0004134","C004135","O0004135","2025-12-29","Product","Medium","2026-01-04","Resolved","5"
"CP0004135","C004136","O0004136","2025-12-30","Delivery","Critical","2026-01-06","Resolved","1"
"CP0004136","C004137","O0004137","2025-12-31","Refund","High","","Open",""
"CP0004137","C004138","O0004138","2026-01-01","Refund","Low","2026-01-10","Resolved","3"
"CP0004138","C004139","O0004139","2026-01-02","Delivery","Medium","2026-01-12","Resolved","4"
"CP0004139","C004140","O0004140","2026-01-03","Payment","Medium","2026-01-14","Resolved","5"
"CP0004140","C004141","O0004141","2026-01-04","Product","Critical","2026-01-04","Resolved","1"
"CP0004141","C004142","O0004142","2026-01-05","Delivery","Critical","2026-01-06","Resolved","2"
"CP0004142","C004143","O0004143","2026-01-06","Support","Low","2026-01-08","Resolved","3"
"CP0004143","C004144","O0004144","2026-01-07","Refund","Critical","2026-01-10","Resolved","4"
"CP0004144","C004145","O0004145","2026-01-08","Delivery","Medium","","Open",""
"CP0004145","C004146","O0004146","2026-01-09","Payment","High","2026-01-14","Resolved","1"
"CP0004146","C004147","O0004147","2026-01-10","Product","Critical","2026-01-16","Resolved","2"
"CP0004147","C004148","O0004148","2026-01-11","Delivery","Medium","2026-01-18","Resolved","3"
"CP0004148","C004149","O0004149","2026-01-12","Delivery","Low","2026-01-20","Resolved","4"
"CP0004149","C004150","O0004150","2026-01-13","Refund","Low","2026-01-22","Resolved","5"
"CP0004150","C004151","O0004151","2026-01-14","Refund","Critical","2026-01-24","Resolved","1"
"CP0004151","C004152","O0004152","2026-01-15","Delivery","Low","2026-01-26","Resolved","2"
"CP0004152","C004153","O0004153","2026-01-16","Refund","Critical","","Open",""
"CP0004153","C004154","O0004154","2026-01-17","Payment","Low","2026-01-18","Resolved","4"
"CP0004154","C004155","O0004155","2026-01-18","Payment","Critical","2026-01-20","Resolved","5"
"CP0004155","C004156","O0004156","2026-01-19","Support","High","2026-01-22","Resolved","1"
"CP0004156","C004157","O0004157","2026-01-20","Refund","Critical","2026-01-24","Resolved","2"
"CP0004157","C004158","O0004158","2026-01-21","Refund","Medium","2026-01-26","Resolved","3"
"CP0004158","C004159","O0004159","2026-01-22","Payment","Critical","2026-01-28","Resolved","4"
"CP0004159","C004160","O0004160","2026-01-23","Payment","Medium","2026-01-30","Resolved","5"
"CP0004160","C004161","O0004161","2026-01-24","Support","High","","Open",""
"CP0004161","C004162","O0004162","2026-01-25","Refund","Critical","2026-02-03","Resolved","2"
"CP0004162","C004163","O0004163","2026-01-26","Support","Critical","2026-02-05","Resolved","3"
"CP0004163","C004164","O0004164","2026-01-27","Delivery","Medium","2026-02-07","Resolved","4"
"CP0004164","C004165","O0004165","2026-01-28","Product","Medium","2026-01-28","Resolved","5"
"CP0004165","C004166","O0004166","2026-01-29","Product","Low","2026-01-30","Resolved","1"
"CP0004166","C004167","O0004167","2026-01-30","Delivery","Low","2026-02-01","Resolved","2"
"CP0004167","C004168","O0004168","2026-01-31","Product","Low","2026-02-03","Resolved","3"
"CP0004168","C004169","O0004169","2026-02-01","Support","Low","","Open",""
"CP0004169","C004170","O0004170","2026-02-02","Refund","Low","2026-02-07","Resolved","5"
"CP0004170","C004171","O0004171","2026-02-03","Refund","Low","2026-02-09","Resolved","1"
"CP0004171","C004172","O0004172","2026-02-04","Support","Critical","2026-02-11","Resolved","2"
"CP0004172","C004173","O0004173","2026-02-05","Delivery","High","2026-02-13","Resolved","3"
"CP0004173","C004174","O0004174","2026-02-06","Product","High","2026-02-15","Resolved","4"
"CP0004174","C004175","O0004175","2026-02-07","Refund","Low","2026-02-17","Resolved","5"
"CP0004175","C004176","O0004176","2026-02-08","Delivery","Low","2026-02-19","Resolved","1"
"CP0004176","C004177","O0004177","2026-02-09","Support","High","","Open",""
"CP0004177","C004178","O0004178","2026-02-10","Product","Medium","2026-02-11","Resolved","3"
"CP0004178","C004179","O0004179","2026-02-11","Support","Medium","2026-02-13","Resolved","4"
"CP0004179","C004180","O0004180","2026-02-12","Refund","Low","2026-02-15","Resolved","5"
"CP0004180","C004181","O0004181","2026-02-13","Delivery","High","2026-02-17","Resolved","1"
"CP0004181","C004182","O0004182","2026-02-14","Product","Medium","2026-02-19","Resolved","2"
"CP0004182","C004183","O0004183","2026-02-15","Payment","Medium","2026-02-21","Resolved","3"
"CP0004183","C004184","O0004184","2026-02-16","Delivery","Medium","2026-02-23","Resolved","4"
"CP0004184","C004185","O0004185","2026-02-17","Support","Critical","","Open",""
"CP0004185","C004186","O0004186","2026-02-18","Delivery","High","2026-02-27","Resolved","1"
"CP0004186","C004187","O0004187","2026-02-19","Support","Medium","2026-03-01","Resolved","2"
"CP0004187","C004188","O0004188","2026-02-20","Support","Critical","2026-03-03","Resolved","3"
"CP0004188","C004189","O0004189","2026-02-21","Support","Medium","2026-02-21","Resolved","4"
"CP0004189","C004190","O0004190","2026-02-22","Delivery","High","2026-02-23","Resolved","5"
"CP0004190","C004191","O0004191","2026-02-23","Product","High","2026-02-25","Resolved","1"
"CP0004191","C004192","O0004192","2026-02-24","Delivery","Low","2026-02-27","Resolved","2"
"CP0004192","C004193","O0004193","2026-02-25","Support","Medium","","Open",""
"CP0004193","C004194","O0004194","2026-02-26","Refund","High","2026-03-03","Resolved","4"
"CP0004194","C004195","O0004195","2026-02-27","Refund","Critical","2026-03-05","Resolved","5"
"CP0004195","C004196","O0004196","2026-02-28","Refund","Low","2026-03-07","Resolved","1"
"CP0004196","C004197","O0004197","2026-03-01","Delivery","High","2026-03-09","Resolved","2"
"CP0004197","C004198","O0004198","2026-03-02","Delivery","Low","2026-03-11","Resolved","3"
"CP0004198","C004199","O0004199","2026-03-03","Delivery","Critical","2026-03-13","Resolved","4"
"CP0004199","C004200","O0004200","2026-03-04","Product","Critical","2026-03-15","Resolved","5"
"CP0004200","C004201","O0004201","2026-03-05","Support","Critical","","Open",""
"CP0004201","C004202","O0004202","2026-03-06","Payment","Critical","2026-03-07","Resolved","2"
"CP0004202","C004203","O0004203","2026-03-07","Product","Medium","2026-03-09","Resolved","3"
"CP0004203","C004204","O0004204","2026-03-08","Refund","Low","2026-03-11","Resolved","4"
"CP0004204","C004205","O0004205","2026-03-09","Refund","Low","2026-03-13","Resolved","5"
"CP0004205","C004206","O0004206","2026-03-10","Delivery","Critical","2026-03-15","Resolved","1"
"CP0004206","C004207","O0004207","2026-03-11","Refund","Low","2026-03-17","Resolved","2"
"CP0004207","C004208","O0004208","2026-03-12","Payment","Low","2026-03-19","Resolved","3"
"CP0004208","C004209","O0004209","2026-03-13","Support","Medium","","Open",""
"CP0004209","C004210","O0004210","2026-03-14","Payment","Low","2026-03-23","Resolved","5"
"CP0004210","C004211","O0004211","2026-03-15","Support","Medium","2026-03-25","Resolved","1"
"CP0004211","C004212","O0004212","2026-03-16","Product","Medium","2026-03-27","Resolved","2"
"CP0004212","C004213","O0004213","2026-03-17","Payment","Low","2026-03-17","Resolved","3"
"CP0004213","C004214","O0004214","2026-03-18","Support","High","2026-03-19","Resolved","4"
"CP0004214","C004215","O0004215","2026-03-19","Product","Medium","2026-03-21","Resolved","5"
"CP0004215","C004216","O0004216","2026-03-20","Payment","Low","2026-03-23","Resolved","1"
"CP0004216","C004217","O0004217","2026-03-21","Refund","Critical","","Open",""
"CP0004217","C004218","O0004218","2026-03-22","Payment","High","2026-03-27","Resolved","3"
"CP0004218","C004219","O0004219","2026-03-23","Product","Critical","2026-03-29","Resolved","4"
"CP0004219","C004220","O0004220","2026-03-24","Payment","High","2026-03-31","Resolved","5"
"CP0004220","C004221","O0004221","2026-03-25","Refund","Low","2026-04-02","Resolved","1"
"CP0004221","C004222","O0004222","2026-03-26","Delivery","Low","2026-04-04","Resolved","2"
"CP0004222","C004223","O0004223","2026-03-27","Payment","Critical","2026-04-06","Resolved","3"
"CP0004223","C004224","O0004224","2026-03-28","Refund","Critical","2026-04-08","Resolved","4"
"CP0004224","C004225","O0004225","2026-03-29","Product","Medium","","Open",""
"CP0004225","C004226","O0004226","2026-03-30","Payment","High","2026-03-31","Resolved","1"
"CP0004226","C004227","O0004227","2026-03-31","Payment","Medium","2026-04-02","Resolved","2"
"CP0004227","C004228","O0004228","2026-04-01","Support","Critical","2026-04-04","Resolved","3"
"CP0004228","C004229","O0004229","2026-04-02","Delivery","Medium","2026-04-06","Resolved","4"
"CP0004229","C004230","O0004230","2026-04-03","Product","High","2026-04-08","Resolved","5"
"CP0004230","C004231","O0004231","2026-04-04","Delivery","Critical","2026-04-10","Resolved","1"
"CP0004231","C004232","O0004232","2026-04-05","Refund","Low","2026-04-12","Resolved","2"
"CP0004232","C004233","O0004233","2026-04-06","Delivery","Low","","Open",""
"CP0004233","C004234","O0004234","2026-04-07","Refund","Critical","2026-04-16","Resolved","4"
"CP0004234","C004235","O0004235","2026-04-08","Support","Low","2026-04-18","Resolved","5"
"CP0004235","C004236","O0004236","2026-04-09","Support","Medium","2026-04-20","Resolved","1"
"CP0004236","C004237","O0004237","2026-04-10","Product","Critical","2026-04-10","Resolved","2"
"CP0004237","C004238","O0004238","2026-04-11","Product","Low","2026-04-12","Resolved","3"
"CP0004238","C004239","O0004239","2026-04-12","Product","Medium","2026-04-14","Resolved","4"
"CP0004239","C004240","O0004240","2026-04-13","Payment","Critical","2026-04-16","Resolved","5"
"CP0004240","C004241","O0004241","2026-04-14","Product","Low","","Open",""
"CP0004241","C004242","O0004242","2026-04-15","Support","High","2026-04-20","Resolved","2"
"CP0004242","C004243","O0004243","2026-04-16","Support","Low","2026-04-22","Resolved","3"
"CP0004243","C004244","O0004244","2026-04-17","Refund","High","2026-04-24","Resolved","4"
"CP0004244","C004245","O0004245","2026-04-18","Product","Low","2026-04-26","Resolved","5"
"CP0004245","C004246","O0004246","2026-04-19","Delivery","Low","2026-04-28","Resolved","1"
"CP0004246","C004247","O0004247","2026-04-20","Support","Critical","2026-04-30","Resolved","2"
"CP0004247","C004248","O0004248","2026-04-21","Delivery","Critical","2026-05-02","Resolved","3"
"CP0004248","C004249","O0004249","2026-04-22","Refund","High","","Open",""
"CP0004249","C004250","O0004250","2026-04-23","Payment","Low","2026-04-24","Resolved","5"
"CP0004250","C004251","O0004251","2026-04-24","Product","High","2026-04-26","Resolved","1"
"CP0004251","C004252","O0004252","2026-04-25","Refund","Critical","2026-04-28","Resolved","2"
"CP0004252","C004253","O0004253","2026-04-26","Support","High","2026-04-30","Resolved","3"
"CP0004253","C004254","O0004254","2026-04-27","Refund","Critical","2026-05-02","Resolved","4"
"CP0004254","C004255","O0004255","2026-04-28","Support","High","2026-05-04","Resolved","5"
"CP0004255","C004256","O0004256","2026-04-29","Refund","Low","2026-05-06","Resolved","1"
"CP0004256","C004257","O0004257","2026-04-30","Product","Medium","","Open",""
"CP0004257","C004258","O0004258","2026-05-01","Product","High","2026-05-10","Resolved","3"
"CP0004258","C004259","O0004259","2026-05-02","Refund","Medium","2026-05-12","Resolved","4"
"CP0004259","C004260","O0004260","2026-05-03","Delivery","Low","2026-05-14","Resolved","5"
"CP0004260","C004261","O0004261","2026-05-04","Delivery","High","2026-05-04","Resolved","1"
"CP0004261","C004262","O0004262","2026-05-05","Payment","Medium","2026-05-06","Resolved","2"
"CP0004262","C004263","O0004263","2026-05-06","Payment","Medium","2026-05-08","Resolved","3"
"CP0004263","C004264","O0004264","2026-05-07","Payment","High","2026-05-10","Resolved","4"
"CP0004264","C004265","O0004265","2026-05-08","Refund","Critical","","Open",""
"CP0004265","C004266","O0004266","2026-05-09","Refund","High","2026-05-14","Resolved","1"
"CP0004266","C004267","O0004267","2026-05-10","Delivery","Medium","2026-05-16","Resolved","2"
"CP0004267","C004268","O0004268","2026-05-11","Delivery","Medium","2026-05-18","Resolved","3"
"CP0004268","C004269","O0004269","2026-05-12","Refund","High","2026-05-20","Resolved","4"
"CP0004269","C004270","O0004270","2026-05-13","Delivery","High","2026-05-22","Resolved","5"
"CP0004270","C004271","O0004271","2026-05-14","Product","High","2026-05-24","Resolved","1"
"CP0004271","C004272","O0004272","2026-05-15","Payment","Low","2026-05-26","Resolved","2"
"CP0004272","C004273","O0004273","2026-05-16","Support","Low","","Open",""
"CP0004273","C004274","O0004274","2026-05-17","Payment","Low","2026-05-18","Resolved","4"
"CP0004274","C004275","O0004275","2026-05-18","Refund","High","2026-05-20","Resolved","5"
"CP0004275","C004276","O0004276","2026-05-19","Product","Medium","2026-05-22","Resolved","1"
"CP0004276","C004277","O0004277","2026-05-20","Delivery","High","2026-05-24","Resolved","2"
"CP0004277","C004278","O0004278","2026-05-21","Support","Critical","2026-05-26","Resolved","3"
"CP0004278","C004279","O0004279","2026-05-22","Support","High","2026-05-28","Resolved","4"
"CP0004279","C004280","O0004280","2026-05-23","Support","Low","2026-05-30","Resolved","5"
"CP0004280","C004281","O0004281","2026-05-24","Refund","High","","Open",""
"CP0004281","C004282","O0004282","2026-05-25","Delivery","Low","2026-06-03","Resolved","2"
"CP0004282","C004283","O0004283","2026-05-26","Payment","Medium","2026-06-05","Resolved","3"
"CP0004283","C004284","O0004284","2026-05-27","Delivery","Low","2026-06-07","Resolved","4"
"CP0004284","C004285","O0004285","2026-05-28","Delivery","High","2026-05-28","Resolved","5"
"CP0004285","C004286","O0004286","2026-05-29","Payment","High","2026-05-30","Resolved","1"
"CP0004286","C004287","O0004287","2026-05-30","Refund","Critical","2026-06-01","Resolved","2"
"CP0004287","C004288","O0004288","2026-05-31","Refund","Low","2026-06-03","Resolved","3"
"CP0004288","C004289","O0004289","2026-06-01","Refund","High","","Open",""
"CP0004289","C004290","O0004290","2026-06-02","Product","Critical","2026-06-07","Resolved","5"
"CP0004290","C004291","O0004291","2026-06-03","Refund","Critical","2026-06-09","Resolved","1"
"CP0004291","C004292","O0004292","2026-06-04","Payment","Low","2026-06-11","Resolved","2"
"CP0004292","C004293","O0004293","2026-06-05","Payment","Medium","2026-06-13","Resolved","3"
"CP0004293","C004294","O0004294","2026-06-06","Refund","Critical","2026-06-15","Resolved","4"
"CP0004294","C004295","O0004295","2026-06-07","Payment","High","2026-06-17","Resolved","5"
"CP0004295","C004296","O0004296","2026-06-08","Support","High","2026-06-19","Resolved","1"
"CP0004296","C004297","O0004297","2026-06-09","Delivery","Critical","","Open",""
"CP0004297","C004298","O0004298","2026-06-10","Support","Medium","2026-06-11","Resolved","3"
"CP0004298","C004299","O0004299","2026-06-11","Support","Medium","2026-06-13","Resolved","4"
"CP0004299","C004300","O0004300","2026-06-12","Product","Low","2026-06-15","Resolved","5"
"CP0004300","C004301","O0004301","2026-06-13","Product","High","2026-06-17","Resolved","1"
"CP0004301","C004302","O0004302","2026-06-14","Delivery","Low","2026-06-19","Resolved","2"
"CP0004302","C004303","O0004303","2026-06-15","Delivery","Medium","2026-06-21","Resolved","3"
"CP0004303","C004304","O0004304","2026-06-16","Product","Critical","2026-06-23","Resolved","4"
"CP0004304","C004305","O0004305","2026-06-17","Payment","High","","Open",""
"CP0004305","C004306","O0004306","2026-06-18","Product","Critical","2026-06-27","Resolved","1"
"CP0004306","C004307","O0004307","2026-06-19","Payment","Critical","2026-06-29","Resolved","2"
"CP0004307","C004308","O0004308","2026-06-20","Product","Medium","2026-07-01","Resolved","3"
"CP0004308","C004309","O0004309","2026-06-21","Payment","Low","2026-06-21","Resolved","4"
"CP0004309","C004310","O0004310","2026-06-22","Delivery","Medium","2026-06-23","Resolved","5"
"CP0004310","C004311","O0004311","2026-06-23","Product","High","2026-06-25","Resolved","1"
"CP0004311","C004312","O0004312","2026-06-24","Product","Critical","2026-06-27","Resolved","2"
"CP0004312","C004313","O0004313","2026-06-25","Refund","Medium","","Open",""
"CP0004313","C004314","O0004314","2026-06-26","Refund","High","2026-07-01","Resolved","4"
"CP0004314","C004315","O0004315","2026-06-27","Support","Critical","2026-07-03","Resolved","5"
"CP0004315","C004316","O0004316","2026-06-28","Product","High","2026-07-05","Resolved","1"
"CP0004316","C004317","O0004317","2026-06-29","Product","Medium","2026-07-07","Resolved","2"
"CP0004317","C004318","O0004318","2026-06-30","Payment","Low","2026-07-09","Resolved","3"
"CP0004318","C004319","O0004319","2026-07-01","Refund","Critical","2026-07-11","Resolved","4"
"CP0004319","C004320","O0004320","2026-07-02","Delivery","High","2026-07-13","Resolved","5"
"CP0004320","C004321","O0004321","2026-07-03","Delivery","Medium","","Open",""
"CP0004321","C004322","O0004322","2026-07-04","Support","Medium","2026-07-05","Resolved","2"
"CP0004322","C004323","O0004323","2026-07-05","Payment","Critical","2026-07-07","Resolved","3"
"CP0004323","C004324","O0004324","2026-07-06","Payment","Medium","2026-07-09","Resolved","4"
"CP0004324","C004325","O0004325","2026-07-07","Refund","Critical","2026-07-11","Resolved","5"
"CP0004325","C004326","O0004326","2026-07-08","Delivery","Medium","2026-07-13","Resolved","1"
"CP0004326","C004327","O0004327","2026-07-09","Support","Low","2026-07-15","Resolved","2"
"CP0004327","C004328","O0004328","2026-07-10","Refund","Low","2026-07-17","Resolved","3"
"CP0004328","C004329","O0004329","2026-07-11","Refund","High","","Open",""
"CP0004329","C004330","O0004330","2026-07-12","Product","Medium","2026-07-21","Resolved","5"
"CP0004330","C004331","O0004331","2026-07-13","Payment","Critical","2026-07-23","Resolved","1"
"CP0004331","C004332","O0004332","2026-07-14","Support","Critical","2026-07-25","Resolved","2"
"CP0004332","C004333","O0004333","2026-07-15","Support","Medium","2026-07-15","Resolved","3"
"CP0004333","C004334","O0004334","2026-07-16","Product","Low","2026-07-17","Resolved","4"
"CP0004334","C004335","O0004335","2026-07-17","Refund","High","2026-07-19","Resolved","5"
"CP0004335","C004336","O0004336","2026-07-18","Support","Medium","2026-07-21","Resolved","1"
"CP0004336","C004337","O0004337","2026-07-19","Product","Low","","Open",""
"CP0004337","C004338","O0004338","2026-07-20","Product","Medium","2026-07-25","Resolved","3"
"CP0004338","C004339","O0004339","2026-07-21","Payment","High","2026-07-27","Resolved","4"
"CP0004339","C004340","O0004340","2026-07-22","Payment","Critical","2026-07-29","Resolved","5"
"CP0004340","C004341","O0004341","2026-07-23","Refund","High","2026-07-31","Resolved","1"
"CP0004341","C004342","O0004342","2026-07-24","Support","Medium","2026-08-02","Resolved","2"
"CP0004342","C004343","O0004343","2026-07-25","Delivery","Critical","2026-08-04","Resolved","3"
"CP0004343","C004344","O0004344","2026-07-26","Product","Medium","2026-08-06","Resolved","4"
"CP0004344","C004345","O0004345","2026-07-27","Support","Low","","Open",""
"CP0004345","C004346","O0004346","2026-07-28","Delivery","Medium","2026-07-29","Resolved","1"
"CP0004346","C004347","O0004347","2026-07-29","Delivery","High","2026-07-31","Resolved","2"
"CP0004347","C004348","O0004348","2026-07-30","Delivery","Medium","2026-08-02","Resolved","3"
"CP0004348","C004349","O0004349","2026-07-31","Delivery","Critical","2026-08-04","Resolved","4"
"CP0004349","C004350","O0004350","2026-08-01","Refund","Medium","2026-08-06","Resolved","5"
"CP0004350","C004351","O0004351","2026-08-02","Support","High","2026-08-08","Resolved","1"
"CP0004351","C004352","O0004352","2026-08-03","Delivery","Critical","2026-08-10","Resolved","2"
"CP0004352","C004353","O0004353","2026-08-04","Support","High","","Open",""
"CP0004353","C004354","O0004354","2026-08-05","Payment","High","2026-08-14","Resolved","4"
"CP0004354","C004355","O0004355","2026-08-06","Refund","Low","2026-08-16","Resolved","5"
"CP0004355","C004356","O0004356","2026-08-07","Payment","Low","2026-08-18","Resolved","1"
"CP0004356","C004357","O0004357","2026-08-08","Support","Low","2026-08-08","Resolved","2"
"CP0004357","C004358","O0004358","2026-08-09","Payment","Low","2026-08-10","Resolved","3"
"CP0004358","C004359","O0004359","2026-08-10","Support","Medium","2026-08-12","Resolved","4"
"CP0004359","C004360","O0004360","2026-08-11","Delivery","Medium","2026-08-14","Resolved","5"
"CP0004360","C004361","O0004361","2026-08-12","Support","Medium","","Open",""
"CP0004361","C004362","O0004362","2026-08-13","Support","Low","2026-08-18","Resolved","2"
"CP0004362","C004363","O0004363","2026-08-14","Product","Medium","2026-08-20","Resolved","3"
"CP0004363","C004364","O0004364","2026-08-15","Payment","Critical","2026-08-22","Resolved","4"
"CP0004364","C004365","O0004365","2026-08-16","Support","High","2026-08-24","Resolved","5"
"CP0004365","C004366","O0004366","2026-08-17","Delivery","High","2026-08-26","Resolved","1"
"CP0004366","C004367","O0004367","2026-08-18","Delivery","High","2026-08-28","Resolved","2"
"CP0004367","C004368","O0004368","2026-08-19","Product","High","2026-08-30","Resolved","3"
"CP0004368","C004369","O0004369","2026-08-20","Support","Medium","","Open",""
"CP0004369","C004370","O0004370","2026-08-21","Refund","High","2026-08-22","Resolved","5"
"CP0004370","C004371","O0004371","2026-08-22","Refund","Low","2026-08-24","Resolved","1"
"CP0004371","C004372","O0004372","2026-08-23","Refund","High","2026-08-26","Resolved","2"
"CP0004372","C004373","O0004373","2026-08-24","Refund","Low","2026-08-28","Resolved","3"
"CP0004373","C004374","O0004374","2026-08-25","Refund","Critical","2026-08-30","Resolved","4"
"CP0004374","C004375","O0004375","2026-08-26","Payment","Medium","2026-09-01","Resolved","5"
"CP0004375","C004376","O0004376","2026-08-27","Refund","Critical","2026-09-03","Resolved","1"
"CP0004376","C004377","O0004377","2026-08-28","Support","Medium","","Open",""
"CP0004377","C004378","O0004378","2026-08-29","Refund","High","2026-09-07","Resolved","3"
"CP0004378","C004379","O0004379","2026-08-30","Support","Critical","2026-09-09","Resolved","4"
"CP0004379","C004380","O0004380","2026-08-31","Support","Medium","2026-09-11","Resolved","5"
"CP0004380","C004381","O0004381","2025-09-01","Support","Critical","2025-09-01","Resolved","1"
"CP0004381","C004382","O0004382","2025-09-02","Payment","High","2025-09-03","Resolved","2"
"CP0004382","C004383","O0004383","2025-09-03","Delivery","Medium","2025-09-05","Resolved","3"
"CP0004383","C004384","O0004384","2025-09-04","Product","High","2025-09-07","Resolved","4"
"CP0004384","C004385","O0004385","2025-09-05","Payment","Low","","Open",""
"CP0004385","C004386","O0004386","2025-09-06","Support","Critical","2025-09-11","Resolved","1"
"CP0004386","C004387","O0004387","2025-09-07","Support","Medium","2025-09-13","Resolved","2"
"CP0004387","C004388","O0004388","2025-09-08","Refund","High","2025-09-15","Resolved","3"
"CP0004388","C004389","O0004389","2025-09-09","Support","Low","2025-09-17","Resolved","4"
"CP0004389","C004390","O0004390","2025-09-10","Refund","Critical","2025-09-19","Resolved","5"
"CP0004390","C004391","O0004391","2025-09-11","Payment","Critical","2025-09-21","Resolved","1"
"CP0004391","C004392","O0004392","2025-09-12","Refund","Critical","2025-09-23","Resolved","2"
"CP0004392","C004393","O0004393","2025-09-13","Product","Low","","Open",""
"CP0004393","C004394","O0004394","2025-09-14","Delivery","Medium","2025-09-15","Resolved","4"
"CP0004394","C004395","O0004395","2025-09-15","Support","Medium","2025-09-17","Resolved","5"
"CP0004395","C004396","O0004396","2025-09-16","Refund","Low","2025-09-19","Resolved","1"
"CP0004396","C004397","O0004397","2025-09-17","Refund","Low","2025-09-21","Resolved","2"
"CP0004397","C004398","O0004398","2025-09-18","Support","Low","2025-09-23","Resolved","3"
"CP0004398","C004399","O0004399","2025-09-19","Payment","Critical","2025-09-25","Resolved","4"
"CP0004399","C004400","O0004400","2025-09-20","Refund","Low","2025-09-27","Resolved","5"
"CP0004400","C004401","O0004401","2025-09-21","Product","Critical","","Open",""
"CP0004401","C004402","O0004402","2025-09-22","Delivery","High","2025-10-01","Resolved","2"
"CP0004402","C004403","O0004403","2025-09-23","Payment","Medium","2025-10-03","Resolved","3"
"CP0004403","C004404","O0004404","2025-09-24","Payment","High","2025-10-05","Resolved","4"
"CP0004404","C004405","O0004405","2025-09-25","Support","High","2025-09-25","Resolved","5"
"CP0004405","C004406","O0004406","2025-09-26","Payment","Low","2025-09-27","Resolved","1"
"CP0004406","C999999","O0004407","2025-09-27","Payment","Critical","2025-09-29","Resolved","2"
"CP0004407","C004408","O0004408","2025-09-28","Payment","Medium","2025-10-01","Resolved","3"
"CP0004408","C004409","O0004409","2025-09-29","Refund","Low","","Open",""
"CP0004409","C004410","O0004410","2025-09-30","Payment","High","2025-10-05","Resolved","5"
"CP0004410","C004411","O0004411","2025-10-01","Support","High","2025-10-07","Resolved","1"
"CP0004411","C004412","O0004412","2025-10-02","Product","Medium","2025-10-09","Resolved","2"
"CP0004412","C004413","O0004413","2025-10-03","Delivery","Critical","2025-10-11","Resolved","3"
"CP0004413","C004414","O0004414","2025-10-04","Refund","Medium","2025-10-13","Resolved","4"
"CP0004414","C004415","O0004415","2025-10-05","Payment","High","2025-10-15","Resolved","5"
"CP0004415","C004416","O0004416","2025-10-06","Support","Critical","2025-10-17","Resolved","1"
"CP0004416","C004417","O0004417","2025-10-07","Payment","Critical","","Open",""
"CP0004417","C004418","O0004418","2025-10-08","Support","Critical","2025-10-09","Resolved","3"
"CP0004418","C004419","O0004419","2025-10-09","Payment","Medium","2025-10-11","Resolved","4"
"CP0004419","C004420","O0004420","2025-10-10","Product","Low","2025-10-13","Resolved","5"
"CP0004420","C004421","O0004421","2025-10-11","Delivery","Critical","2025-10-15","Resolved","1"
"CP0004421","C004422","O0004422","2025-10-12","Support","Medium","2025-10-17","Resolved","2"
"CP0004422","C004423","O0004423","2025-10-13","Refund","High","2025-10-19","Resolved","3"
"CP0004423","C004424","O0004424","2025-10-14","Refund","Medium","2025-10-21","Resolved","4"
"CP0004424","C004425","O0004425","2025-10-15","Refund","High","","Open",""
"CP0004425","C004426","O0004426","2025-10-16","Refund","Critical","2025-10-25","Resolved","1"
"CP0004426","C004427","O0004427","2025-10-17","Refund","High","2025-10-27","Resolved","2"
"CP0004427","C004428","O0004428","2025-10-18","Support","Low","2025-10-29","Resolved","3"
"CP0004428","C004429","O0004429","2025-10-19","Payment","High","2025-10-19","Resolved","4"
"CP0004429","C004430","O0004430","2025-10-20","Product","Critical","2025-10-21","Resolved","5"
"CP0004430","C004431","O0004431","2025-10-21","Support","Critical","2025-10-23","Resolved","1"
"CP0004431","C004432","O0004432","2025-10-22","Payment","Medium","2025-10-25","Resolved","2"
"CP0004432","C004433","O0004433","2025-10-23","Payment","Medium","","Open",""
"CP0004433","C004434","O0004434","2025-10-24","Delivery","High","2025-10-29","Resolved","4"
"CP0004434","C004435","O0004435","2025-10-25","Payment","High","2025-10-31","Resolved","5"
"CP0004435","C004436","O0004436","2025-10-26","Delivery","High","2025-11-02","Resolved","1"
"CP0004436","C004437","O0004437","2025-10-27","Support","Low","2025-11-04","Resolved","2"
"CP0004437","C004438","O0004438","2025-10-28","Support","High","2025-11-06","Resolved","3"
"CP0004438","C004439","O0004439","2025-10-29","Payment","Low","2025-11-08","Resolved","4"
"CP0004439","C004440","O0004440","2025-10-30","Support","Medium","2025-11-10","Resolved","5"
"CP0004440","C004441","O0004441","2025-10-31","Product","Medium","","Open",""
"CP0004441","C004442","O0004442","2025-11-01","Product","Low","2025-11-02","Resolved","2"
"CP0004442","C004443","O0004443","2025-11-02","Payment","Medium","2025-11-04","Resolved","3"
"CP0004443","C004444","O0004444","2025-11-03","Product","Medium","2025-11-06","Resolved","4"
"CP0004444","C004445","O0004445","2025-11-04","Product","Low","2025-11-08","Resolved","5"
"CP0004445","C004446","O0004446","2025-11-05","Support","High","2025-11-10","Resolved","1"
"CP0004446","C004447","O0004447","2025-11-06","Delivery","High","2025-11-12","Resolved","2"
"CP0004447","C004448","O0004448","2025-11-07","Delivery","Low","2025-11-14","Resolved","3"
"CP0004448","C004449","O0004449","2025-11-08","Delivery","High","","Open",""
"CP0004449","C004450","O0004450","2025-11-09","Refund","High","2025-11-18","Resolved","5"
"CP0004450","C004451","O0004451","2025-11-10","Product","Critical","2025-11-20","Resolved","1"
"CP0004451","C004452","O0004452","2025-11-11","Delivery","High","2025-11-22","Resolved","2"
"CP0004452","C004453","O0004453","2025-11-12","Support","Low","2025-11-12","Resolved","3"
"CP0004453","C004454","O0004454","2025-11-13","Payment","Critical","2025-11-14","Resolved","4"
"CP0004454","C004455","O0004455","2025-11-14","Support","Critical","2025-11-16","Resolved","5"
"CP0004455","C004456","O0004456","2025-11-15","Payment","Medium","2025-11-18","Resolved","1"
"CP0004456","C004457","O0004457","2025-11-16","Delivery","Medium","","Open",""
"CP0004457","C004458","O0004458","2025-11-17","Support","Low","2025-11-22","Resolved","3"
"CP0004458","C004459","O0004459","2025-11-18","Delivery","Medium","2025-11-24","Resolved","4"
"CP0004459","C004460","O0004460","2025-11-19","Payment","High","2025-11-26","Resolved","5"
"CP0004460","C004461","O0004461","2025-11-20","Support","Low","2025-11-28","Resolved","1"
"CP0004461","C004462","O0004462","2025-11-21","Refund","High","2025-11-30","Resolved","2"
"CP0004462","C004463","O0004463","2025-11-22","Product","Low","2025-12-02","Resolved","3"
"CP0004463","C004464","O0004464","2025-11-23","Support","Low","2025-12-04","Resolved","4"
"CP0004464","C004465","O0004465","2025-11-24","Product","High","","Open",""
"CP0004465","C004466","O0004466","2025-11-25","Delivery","Low","2025-11-26","Resolved","1"
"CP0004466","C004467","O0004467","2025-11-26","Payment","Medium","2025-11-28","Resolved","2"
"CP0004467","C004468","O0004468","2025-11-27","Payment","Medium","2025-11-30","Resolved","3"
"CP0004468","C004469","O0004469","2025-11-28","Product","Medium","2025-12-02","Resolved","4"
"CP0004469","C004470","O0004470","2025-11-29","Product","Low","2025-12-04","Resolved","5"
"CP0004470","C004471","O0004471","2025-11-30","Refund","High","2025-12-06","Resolved","1"
"CP0004471","C004472","O0004472","2025-12-01","Support","High","2025-12-08","Resolved","2"
"CP0004472","C004473","O0004473","2025-12-02","Refund","Medium","","Open",""
"CP0004473","C004474","O0004474","2025-12-03","Payment","Critical","2025-12-12","Resolved","4"
"CP0004474","C004475","O0004475","2025-12-04","Product","High","2025-12-14","Resolved","5"
"CP0004475","C004476","O0004476","2025-12-05","Payment","Medium","2025-12-16","Resolved","1"
"CP0004476","C004477","O0004477","2025-12-06","Product","Critical","2025-12-06","Resolved","2"
"CP0004477","C004478","O0004478","2025-12-07","Delivery","Medium","2025-12-08","Resolved","3"
"CP0004478","C004479","O0004479","2025-12-08","Refund","Medium","2025-12-10","Resolved","4"
"CP0004479","C004480","O0004480","2025-12-09","Product","Medium","2025-12-12","Resolved","5"
"CP0004480","C004481","O0004481","2025-12-10","Delivery","Critical","","Open",""
"CP0004481","C004482","O0004482","2025-12-11","Refund","Low","2025-12-16","Resolved","2"
"CP0004482","C004483","O0004483","2025-12-12","Support","Critical","2025-12-18","Resolved","3"
"CP0004483","C004484","O0004484","2025-12-13","Refund","Low","2025-12-20","Resolved","4"
"CP0004484","C004485","O0004485","2025-12-14","Delivery","Low","2025-12-22","Resolved","5"
"CP0004485","C004486","O0004486","2025-12-15","Product","High","2025-12-24","Resolved","1"
"CP0004486","C004487","O0004487","2025-12-16","Delivery","High","2025-12-26","Resolved","2"
"CP0004487","C004488","O0004488","2025-12-17","Payment","High","2025-12-28","Resolved","3"
"CP0004488","C004489","O0004489","2025-12-18","Support","Medium","","Open",""
"CP0004489","C004490","O0004490","2025-12-19","Support","High","2025-12-20","Resolved","5"
"CP0004490","C004491","O0004491","2025-12-20","Payment","Critical","2025-12-22","Resolved","1"
"CP0004491","C004492","O0004492","2025-12-21","Product","High","2025-12-24","Resolved","2"
"CP0004492","C004493","O0004493","2025-12-22","Product","Medium","2025-12-26","Resolved","3"
"CP0004493","C004494","O0004494","2025-12-23","Support","High","2025-12-28","Resolved","4"
"CP0004494","C004495","O0004495","2025-12-24","Refund","Medium","2025-12-30","Resolved","5"
"CP0004495","C004496","O0004496","2025-12-25","Delivery","High","2026-01-01","Resolved","1"
"CP0004496","C004497","O0004497","2025-12-26","Refund","High","","Open",""
"CP0004497","C004498","O0004498","2025-12-27","Refund","Low","2026-01-05","Resolved","3"
"CP0004498","C004499","O0004499","2025-12-28","Support","Critical","2026-01-07","Resolved","4"
"CP0004499","C004500","O0004500","2025-12-29","Product","Low","2026-01-09","Resolved","5"
"CP0004500","C004501","O0004501","2025-12-30","Support","Critical","2025-12-30","Resolved","1"
"CP0004501","C004502","O0004502","2025-12-31","Delivery","Medium","2026-01-01","Resolved","2"
"CP0004502","C004503","O0004503","2026-01-01","Product","High","2026-01-03","Resolved","3"
"CP0004503","C004504","O0004504","2026-01-02","Delivery","Critical","2026-01-05","Resolved","4"
"CP0004504","C004505","O0004505","2026-01-03","Refund","Medium","","Open",""
"CP0004505","C004506","O0004506","2026-01-04","Payment","Low","2026-01-09","Resolved","1"
"CP0004506","C004507","O0004507","2026-01-05","Product","High","2026-01-11","Resolved","2"
"CP0004507","C004508","O0004508","2026-01-06","Delivery","High","2026-01-13","Resolved","3"
"CP0004508","C004509","O0004509","2026-01-07","Delivery","Medium","2026-01-15","Resolved","4"
"CP0004509","C004510","O0004510","2026-01-08","Delivery","High","2026-01-17","Resolved","5"
"CP0004510","C004511","O0004511","2026-01-09","Refund","Low","2026-01-19","Resolved","1"
"CP0004511","C004512","O0004512","2026-01-10","Refund","Critical","2026-01-21","Resolved","2"
"CP0004512","C004513","O0004513","2026-01-11","Product","Medium","","Open",""
"CP0004513","C004514","O0004514","2026-01-12","Payment","Critical","2026-01-13","Resolved","4"
"CP0004514","C004515","O0004515","2026-01-13","Product","Medium","2026-01-15","Resolved","5"
"CP0004515","C004516","O0004516","2026-01-14","Payment","Medium","2026-01-17","Resolved","1"
"CP0004516","C004517","O0004517","2026-01-15","Refund","High","2026-01-19","Resolved","2"
"CP0004517","C004518","O0004518","2026-01-16","Support","Medium","2026-01-21","Resolved","3"
"CP0004518","C004519","O0004519","2026-01-17","Delivery","Low","2026-01-23","Resolved","4"
"CP0004519","C004520","O0004520","2026-01-18","Payment","Critical","2026-01-25","Resolved","5"
"CP0004520","C004521","O0004521","2026-01-19","Support","Low","","Open",""
"CP0004521","C004522","O0004522","2026-01-20","Refund","Low","2026-01-29","Resolved","2"
"CP0004522","C004523","O0004523","2026-01-21","Support","High","2026-01-31","Resolved","3"
"CP0004523","C004524","O0004524","2026-01-22","Refund","Medium","2026-02-02","Resolved","4"
"CP0004524","C004525","O0004525","2026-01-23","Product","High","2026-01-23","Resolved","5"
"CP0004525","C004526","O0004526","2026-01-24","Product","Critical","2026-01-25","Resolved","1"
"CP0004526","C004527","O0004527","2026-01-25","Payment","Medium","2026-01-27","Resolved","2"
"CP0004527","C004528","O0004528","2026-01-26","Refund","Medium","2026-01-29","Resolved","3"
"CP0004528","C004529","O0004529","2026-01-27","Product","Medium","","Open",""
"CP0004529","C004530","O0004530","2026-01-28","Payment","High","2026-02-02","Resolved","5"
"CP0004530","C004531","O0004531","2026-01-29","Refund","Medium","2026-02-04","Resolved","1"
"CP0004531","C004532","O0004532","2026-01-30","Refund","High","2026-02-06","Resolved","2"
"CP0004532","C004533","O0004533","2026-01-31","Payment","High","2026-02-08","Resolved","3"
"CP0004533","C004534","O0004534","2026-02-01","Delivery","High","2026-02-10","Resolved","4"
"CP0004534","C004535","O0004535","2026-02-02","Delivery","Medium","2026-02-12","Resolved","5"
"CP0004535","C004536","O0004536","2026-02-03","Support","Medium","2026-02-14","Resolved","1"
"CP0004536","C004537","O0004537","2026-02-04","Support","High","","Open",""
"CP0004537","C004538","O0004538","2026-02-05","Product","Low","2026-02-06","Resolved","3"
"CP0004538","C004539","O0004539","2026-02-06","Support","High","2026-02-08","Resolved","4"
"CP0004539","C004540","O0004540","2026-02-07","Payment","Medium","2026-02-10","Resolved","5"
"CP0004540","C004541","O0004541","2026-02-08","Product","Critical","2026-02-12","Resolved","1"
"CP0004541","C004542","O0004542","2026-02-09","Payment","Medium","2026-02-14","Resolved","2"
"CP0004542","C004543","O0004543","2026-02-10","Product","Medium","2026-02-16","Resolved","3"
"CP0004543","C004544","O0004544","2026-02-11","Payment","Low","2026-02-18","Resolved","4"
"CP0004544","C004545","O0004545","2026-02-12","Delivery","Critical","","Open",""
"CP0004545","C004546","O0004546","2026-02-13","Refund","High","2026-02-22","Resolved","1"
"CP0004546","C004547","O0004547","2026-02-14","Product","High","2026-02-24","Resolved","2"
"CP0004547","C004548","O0004548","2026-02-15","Payment","Medium","2026-02-26","Resolved","3"
"CP0004548","C004549","O0004549","2026-02-16","Refund","Critical","2026-02-16","Resolved","4"
"CP0004549","C004550","O0004550","2026-02-17","Support","High","2026-02-18","Resolved","5"
"CP0004550","C004551","O0004551","2026-02-18","Product","Critical","2026-02-20","Resolved","1"
"CP0004551","C004552","O0004552","2026-02-19","Delivery","Critical","2026-02-22","Resolved","2"
"CP0004552","C004553","O0004553","2026-02-20","Product","Critical","","Open",""
"CP0004553","C004554","O0004554","2026-02-21","Support","High","2026-02-26","Resolved","4"
"CP0004554","C004555","O0004555","2026-02-22","Support","High","2026-02-28","Resolved","5"
"CP0004555","C004556","O0004556","2026-02-23","Support","Low","2026-03-02","Resolved","1"
"CP0004556","C004557","O0004557","2026-02-24","Payment","Medium","2026-03-04","Resolved","2"
"CP0004557","C004558","O0004558","2026-02-25","Delivery","Critical","2026-03-06","Resolved","3"
"CP0004558","C004559","O0004559","2026-02-26","Delivery","High","2026-03-08","Resolved","4"
"CP0004559","C004560","O0004560","2026-02-27","Support","High","2026-03-10","Resolved","5"
"CP0004560","C004561","O0004561","2026-02-28","Support","Critical","","Open",""
"CP0004561","C004562","O0004562","2026-03-01","Product","Critical","2026-03-02","Resolved","2"
"CP0004562","C004563","O0004563","2026-03-02","Support","High","2026-03-04","Resolved","3"
"CP0004563","C004564","O0004564","2026-03-03","Delivery","High","2026-03-06","Resolved","4"
"CP0004564","C004565","O0004565","2026-03-04","Delivery","Critical","2026-03-08","Resolved","5"
"CP0004565","C004566","O0004566","2026-03-05","Delivery","High","2026-03-10","Resolved","1"
"CP0004566","C004567","O0004567","2026-03-06","Support","High","2026-03-12","Resolved","2"
"CP0004567","C004568","O0004568","2026-03-07","Payment","Medium","2026-03-14","Resolved","3"
"CP0004568","C004569","O0004569","2026-03-08","Refund","Medium","","Open",""
"CP0004569","C004570","O0004570","2026-03-09","Support","High","2026-03-18","Resolved","5"
"CP0004570","C004571","O0004571","2026-03-10","Payment","High","2026-03-20","Resolved","1"
"CP0004571","C004572","O0004572","2026-03-11","Payment","Low","2026-03-22","Resolved","2"
"CP0004572","C004573","O0004573","2026-03-12","Product","Medium","2026-03-12","Resolved","3"
"CP0004573","C004574","O0004574","2026-03-13","Support","Critical","2026-03-14","Resolved","4"
"CP0004574","C004575","O0004575","2026-03-14","Delivery","Low","2026-03-16","Resolved","5"
"CP0004575","C004576","O0004576","2026-03-15","Support","Critical","2026-03-18","Resolved","1"
"CP0004576","C004577","O0004577","2026-03-16","Delivery","Medium","","Open",""
"CP0004577","C004578","O0004578","2026-03-17","Delivery","Low","2026-03-22","Resolved","3"
"CP0004578","C004579","O0004579","2026-03-18","Refund","Medium","2026-03-24","Resolved","4"
"CP0004579","C004580","O0004580","2026-03-19","Payment","Critical","2026-03-26","Resolved","5"
"CP0004580","C004581","O0004581","2026-03-20","Refund","Medium","2026-03-28","Resolved","1"
"CP0004581","C004582","O0004582","2026-03-21","Payment","High","2026-03-30","Resolved","2"
"CP0004582","C004583","O0004583","2026-03-22","Refund","Medium","2026-04-01","Resolved","3"
"CP0004583","C004584","O0004584","2026-03-23","Delivery","Critical","2026-04-03","Resolved","4"
"CP0004584","C004585","O0004585","2026-03-24","Support","High","","Open",""
"CP0004585","C004586","O0004586","2026-03-25","Delivery","Medium","2026-03-26","Resolved","1"
"CP0004586","C004587","O0004587","2026-03-26","Payment","Critical","2026-03-28","Resolved","2"
"CP0004587","C004588","O0004588","2026-03-27","Refund","Critical","2026-03-30","Resolved","3"
"CP0004588","C004589","O0004589","2026-03-28","Product","Low","2026-04-01","Resolved","4"
"CP0004589","C004590","O0004590","2026-03-29","Delivery","Medium","2026-04-03","Resolved","5"
"CP0004590","C004591","O0004591","2026-03-30","Product","Medium","2026-04-05","Resolved","1"
"CP0004591","C004592","O0004592","2026-03-31","Delivery","High","2026-04-07","Resolved","2"
"CP0004592","C004593","O0004593","2026-04-01","Payment","Low","","Open",""
"CP0004593","C004594","O0004594","2026-04-02","Refund","High","2026-04-11","Resolved","4"
"CP0004594","C004595","O0004595","2026-04-03","Support","Medium","2026-04-13","Resolved","5"
"CP0004595","C004596","O0004596","2026-04-04","Refund","Low","2026-04-15","Resolved","1"
"CP0004596","C004597","O0004597","2026-04-05","Product","Low","2026-04-05","Resolved","2"
"CP0004597","C004598","O0004598","2026-04-06","Product","Critical","2026-04-07","Resolved","3"
"CP0004598","C004599","O0004599","2026-04-07","Payment","Critical","2026-04-09","Resolved","4"
"CP0004599","C004600","O0004600","2026-04-08","Support","Low","2026-04-11","Resolved","5"
"CP0004600","C004601","O0004601","2026-04-09","Product","Low","","Open",""
"CP0004601","C004602","O0004602","2026-04-10","Refund","Medium","2026-04-15","Resolved","2"
"CP0004602","C004603","O0004603","2026-04-11","Delivery","High","2026-04-17","Resolved","3"
"CP0004603","C004604","O0004604","2026-04-12","Support","Low","2026-04-19","Resolved","4"
"CP0004604","C004605","O0004605","2026-04-13","Support","High","2026-04-21","Resolved","5"
"CP0004605","C004606","O0004606","2026-04-14","Delivery","High","2026-04-23","Resolved","1"
"CP0004606","C004607","O0004607","2026-04-15","Delivery","Medium","2026-04-25","Resolved","2"
"CP0004607","C004608","O0004608","2026-04-16","Refund","Low","2026-04-27","Resolved","3"
"CP0004608","C004609","O0004609","2026-04-17","Delivery","High","","Open",""
"CP0004609","C004610","O0004610","2026-04-18","Refund","Critical","2026-04-19","Resolved","5"
"CP0004610","C004611","O0004611","2026-04-19","Support","High","2026-04-21","Resolved","1"
"CP0004611","C004612","O0004612","2026-04-20","Support","Low","2026-04-23","Resolved","2"
"CP0004612","C004613","O0004613","2026-04-21","Support","Low","2026-04-25","Resolved","3"
"CP0004613","C004614","O0004614","2026-04-22","Payment","High","2026-04-27","Resolved","4"
"CP0004614","C004615","O0004615","2026-04-23","Product","High","2026-04-29","Resolved","5"
"CP0004615","C004616","O0004616","2026-04-24","Refund","Critical","2026-05-01","Resolved","1"
"CP0004616","C004617","O0004617","2026-04-25","Payment","Critical","","Open",""
"CP0004617","C004618","O0004618","2026-04-26","Support","High","2026-05-05","Resolved","3"
"CP0004618","C004619","O0004619","2026-04-27","Payment","High","2026-05-07","Resolved","4"
"CP0004619","C004620","O0004620","2026-04-28","Support","Medium","2026-05-09","Resolved","5"
"CP0004620","C004621","O0004621","2026-04-29","Payment","Critical","2026-04-29","Resolved","1"
"CP0004621","C004622","O0004622","2026-04-30","Payment","High","2026-05-01","Resolved","2"
"CP0004622","C004623","O0004623","2026-05-01","Refund","High","2026-05-03","Resolved","3"
"CP0004623","C004624","O0004624","2026-05-02","Product","Low","2026-05-05","Resolved","4"
"CP0004624","C004625","O0004625","2026-05-03","Payment","High","","Open",""
"CP0004625","C004626","O0004626","2026-05-04","Product","Medium","2026-05-09","Resolved","1"
"CP0004626","C004627","O0004627","2026-05-05","Delivery","Low","2026-05-11","Resolved","2"
"CP0004627","C004628","O0004628","2026-05-06","Delivery","Low","2026-05-13","Resolved","3"
"CP0004628","C004629","O0004629","2026-05-07","Support","Critical","2026-05-15","Resolved","4"
"CP0004629","C004630","O0004630","2026-05-08","Payment","Medium","2026-05-17","Resolved","5"
"CP0004630","C004631","O0004631","2026-05-09","Refund","High","2026-05-19","Resolved","1"
"CP0004631","C004632","O0004632","2026-05-10","Product","Critical","2026-05-21","Resolved","2"
"CP0004632","C004633","O0004633","2026-05-11","Refund","Medium","","Open",""
"CP0004633","C004634","O0004634","2026-05-12","Refund","High","2026-05-13","Resolved","4"
"CP0004634","C004635","O0004635","2026-05-13","Support","Critical","2026-05-15","Resolved","5"
"CP0004635","C004636","O0004636","2026-05-14","Delivery","High","2026-05-17","Resolved","1"
"CP0004636","C004637","O0004637","2026-05-15","Support","High","2026-05-19","Resolved","2"
"CP0004637","C004638","O0004638","2026-05-16","Payment","High","2026-05-21","Resolved","3"
"CP0004638","C004639","O0004639","2026-05-17","Payment","High","2026-05-23","Resolved","4"
"CP0004639","C004640","O0004640","2026-05-18","Payment","Low","2026-05-25","Resolved","5"
"CP0004640","C004641","O0004641","2026-05-19","Support","High","","Open",""
"CP0004641","C004642","O0004642","2026-05-20","Delivery","Medium","2026-05-29","Resolved","2"
"CP0004642","C004643","O0004643","2026-05-21","Product","Critical","2026-05-31","Resolved","3"
"CP0004643","C004644","O0004644","2026-05-22","Support","Low","2026-06-02","Resolved","4"
"CP0004644","C004645","O0004645","2026-05-23","Support","Critical","2026-05-23","Resolved","5"
"CP0004645","C004646","O0004646","2026-05-24","Refund","High","2026-05-25","Resolved","1"
"CP0004646","C004647","O0004647","2026-05-25","Refund","High","2026-05-27","Resolved","2"
"CP0004647","C004648","O0004648","2026-05-26","Delivery","High","2026-05-29","Resolved","3"
"CP0004648","C004649","O0004649","2026-05-27","Support","High","","Open",""
"CP0004649","C004650","O0004650","2026-05-28","Payment","High","2026-06-02","Resolved","5"
"CP0004650","C004651","O0004651","2026-05-29","Payment","Medium","2026-06-04","Resolved","1"
"CP0004651","C004652","O0004652","2026-05-30","Refund","Critical","2026-06-06","Resolved","2"
"CP0004652","C004653","O0004653","2026-05-31","Product","High","2026-06-08","Resolved","3"
"CP0004653","C004654","O0004654","2026-06-01","Product","Medium","2026-06-10","Resolved","4"
"CP0004654","C004655","O0004655","2026-06-02","Support","Critical","2026-06-12","Resolved","5"
"CP0004655","C004656","O0004656","2026-06-03","Payment","Critical","2026-06-14","Resolved","1"
"CP0004656","C004657","O0004657","2026-06-04","Payment","Medium","","Open",""
"CP0004657","C004658","O0004658","2026-06-05","Payment","Medium","2026-06-06","Resolved","3"
"CP0004658","C004659","O0004659","2026-06-06","Delivery","Critical","2026-06-08","Resolved","4"
"CP0004659","C004660","O0004660","2026-06-07","Payment","High","2026-06-10","Resolved","5"
"CP0004660","C004661","O0004661","2026-06-08","Support","High","2026-06-12","Resolved","1"
"CP0004661","C004662","O0004662","2026-06-09","Delivery","Medium","2026-06-14","Resolved","2"
"CP0004662","C004663","O0004663","2026-06-10","Refund","Medium","2026-06-16","Resolved","3"
"CP0004663","C004664","O0004664","2026-06-11","Delivery","Low","2026-06-18","Resolved","4"
"CP0004664","C004665","O0004665","2026-06-12","Payment","Critical","","Open",""
"CP0004665","C004666","O0004666","2026-06-13","Product","Critical","2026-06-22","Resolved","1"
"CP0004666","C004667","O0004667","2026-06-14","Payment","Critical","2026-06-24","Resolved","2"
"CP0004667","C004668","O0004668","2026-06-15","Delivery","Critical","2026-06-26","Resolved","3"
"CP0004668","C004669","O0004669","2026-06-16","Payment","Low","2026-06-16","Resolved","4"
"CP0004669","C004670","O0004670","2026-06-17","Refund","Medium","2026-06-18","Resolved","5"
"CP0004670","C004671","O0004671","2026-06-18","Delivery","Medium","2026-06-20","Resolved","1"
"CP0004671","C004672","O0004672","2026-06-19","Product","Medium","2026-06-22","Resolved","2"
"CP0004672","C004673","O0004673","2026-06-20","Product","High","","Open",""
"CP0004673","C004674","O0004674","2026-06-21","Delivery","Critical","2026-06-26","Resolved","4"
"CP0004674","C004675","O0004675","2026-06-22","Payment","Low","2026-06-28","Resolved","5"
"CP0004675","C004676","O0004676","2026-06-23","Product","Medium","2026-06-30","Resolved","1"
"CP0004676","C004677","O0004677","2026-06-24","Refund","Critical","2026-07-02","Resolved","2"
"CP0004677","C004678","O0004678","2026-06-25","Delivery","Low","2026-07-04","Resolved","3"
"CP0004678","C004679","O0004679","2026-06-26","Refund","Low","2026-07-06","Resolved","4"
"CP0004679","C004680","O0004680","2026-06-27","Product","Low","2026-07-08","Resolved","5"
"CP0004680","C004681","O0004681","2026-06-28","Refund","High","","Open",""
"CP0004681","C004682","O0004682","2026-06-29","Product","Low","2026-06-30","Resolved","2"
"CP0004682","C004683","O0004683","2026-06-30","Support","Medium","2026-07-02","Resolved","3"
"CP0004683","C004684","O0004684","2026-07-01","Delivery","High","2026-07-04","Resolved","4"
"CP0004684","C004685","O0004685","2026-07-02","Payment","Critical","2026-07-06","Resolved","5"
"CP0004685","C004686","O0004686","2026-07-03","Delivery","High","2026-07-08","Resolved","1"
"CP0004686","C004687","O0004687","2026-07-04","Refund","Low","2026-07-10","Resolved","2"
"CP0004687","C004688","O0004688","2026-07-05","Support","Low","2026-07-12","Resolved","3"
"CP0004688","C004689","O0004689","2026-07-06","Refund","Low","","Open",""
"CP0004689","C004690","O0004690","2026-07-07","Payment","Low","2026-07-16","Resolved","5"
"CP0004690","C004691","O0004691","2026-07-08","Payment","High","2026-07-18","Resolved","1"
"CP0004691","C004692","O0004692","2026-07-09","Payment","Low","2026-07-20","Resolved","2"
"CP0004692","C004693","O0004693","2026-07-10","Support","Critical","2026-07-10","Resolved","3"
"CP0004693","C004694","O0004694","2026-07-11","Product","Medium","2026-07-12","Resolved","4"
"CP0004694","C004695","O0004695","2026-07-12","Product","Medium","2026-07-14","Resolved","5"
"CP0004695","C004696","O0004696","2026-07-13","Payment","Medium","2026-07-16","Resolved","1"
"CP0004696","C004697","O0004697","2026-07-14","Delivery","Low","","Open",""
"CP0004697","C004698","O0004698","2026-07-15","Support","Medium","2026-07-20","Resolved","3"
"CP0004698","C004699","O0004699","2026-07-16","Support","High","2026-07-22","Resolved","4"
"CP0004699","C004700","O0004700","2026-07-17","Support","High","2026-07-24","Resolved","5"
"CP0004700","C004701","O0004701","2026-07-18","Support","Critical","2026-07-26","Resolved","1"
"CP0004701","C004702","O0004702","2026-07-19","Product","Critical","2026-07-28","Resolved","2"
"CP0004702","C004703","O0004703","2026-07-20","Delivery","High","2026-07-30","Resolved","3"
"CP0004703","C004704","O0004704","2026-07-21","Refund","Medium","2026-08-01","Resolved","4"
"CP0004704","C004705","O0004705","2026-07-22","Support","High","","Open",""
"CP0004705","C004706","O0004706","2026-07-23","Refund","High","2026-07-24","Resolved","1"
"CP0004706","C004707","O0004707","2026-07-24","Product","Critical","2026-07-26","Resolved","2"
"CP0004707","C004708","O0004708","2026-07-25","Refund","Critical","2026-07-28","Resolved","3"
"CP0004708","C004709","O0004709","2026-07-26","Payment","Low","2026-07-30","Resolved","4"
"CP0004709","C004710","O0004710","2026-07-27","Support","Medium","2026-08-01","Resolved","5"
"CP0004710","C004711","O0004711","2026-07-28","Delivery","High","2026-08-03","Resolved","1"
"CP0004711","C004712","O0004712","2026-07-29","Delivery","Low","2026-08-05","Resolved","2"
"CP0004712","C004713","O0004713","2026-07-30","Delivery","Low","","Open",""
"CP0004713","C004714","O0004714","2026-07-31","Support","Low","2026-08-09","Resolved","4"
"CP0004714","C004715","O0004715","2026-08-01","Delivery","Low","2026-08-11","Resolved","5"
"CP0004715","C004716","O0004716","2026-08-02","Product","Critical","2026-08-13","Resolved","1"
"CP0004716","C004717","O0004717","2026-08-03","Product","Low","2026-08-03","Resolved","2"
"CP0004717","C004718","O0004718","2026-08-04","Refund","Critical","2026-08-05","Resolved","3"
"CP0004718","C004719","O0004719","2026-08-05","Payment","Low","2026-08-07","Resolved","4"
"CP0004719","C004720","O0004720","2026-08-06","Delivery","Critical","2026-08-09","Resolved","5"
"CP0004720","C004721","O0004721","2026-08-07","Product","Critical","","Open",""
"CP0004721","C004722","O0004722","2026-08-08","Support","Critical","2026-08-13","Resolved","2"
"CP0004722","C004723","O0004723","2026-08-09","Support","Critical","2026-08-15","Resolved","3"
"CP0004723","C004724","O0004724","2026-08-10","Refund","High","2026-08-17","Resolved","4"
"CP0004724","C004725","O0004725","2026-08-11","Payment","High","2026-08-19","Resolved","5"
"CP0004725","C004726","O0004726","2026-08-12","Payment","Critical","2026-08-21","Resolved","1"
"CP0004726","C004727","O0004727","2026-08-13","Support","Critical","2026-08-23","Resolved","2"
"CP0004727","C004728","O0004728","2026-08-14","Product","Low","2026-08-25","Resolved","3"
"CP0004728","C004729","O0004729","2026-08-15","Delivery","Medium","","Open",""
"CP0004729","C004730","O0004730","2026-08-16","Product","Low","2026-08-17","Resolved","5"
"CP0004730","C004731","O0004731","2026-08-17","Product","High","2026-08-19","Resolved","1"
"CP0004731","C004732","O0004732","2026-08-18","Refund","Medium","2026-08-21","Resolved","2"
"CP0004732","C004733","O0004733","2026-08-19","Product","Medium","2026-08-23","Resolved","3"
"CP0004733","C004734","O0004734","2026-08-20","Refund","Low","2026-08-25","Resolved","4"
"CP0004734","C004735","O0004735","2026-08-21","Refund","Medium","2026-08-27","Resolved","5"
"CP0004735","C004736","O0004736","2026-08-22","Refund","Medium","2026-08-29","Resolved","1"
"CP0004736","C004737","O0004737","2026-08-23","Refund","Low","","Open",""
"CP0004737","C004738","O0004738","2026-08-24","Product","Critical","2026-09-02","Resolved","3"
"CP0004738","C004739","O0004739","2026-08-25","Support","Low","2026-09-04","Resolved","4"
"CP0004739","C004740","O0004740","2026-08-26","Refund","Medium","2026-09-06","Resolved","5"
"CP0004740","C004741","O0004741","2026-08-27","Payment","Medium","2026-08-27","Resolved","1"
"CP0004741","C004742","O0004742","2026-08-28","Product","High","2026-08-29","Resolved","2"
"CP0004742","C004743","O0004743","2026-08-29","Delivery","Critical","2026-08-31","Resolved","3"
"CP0004743","C004744","O0004744","2026-08-30","Delivery","Critical","2026-09-02","Resolved","4"
"CP0004744","C004745","O0004745","2026-08-31","Support","Critical","","Open",""
"CP0004745","C004746","O0004746","2025-09-01","Payment","High","2025-09-06","Resolved","1"
"CP0004746","C004747","O0004747","2025-09-02","Delivery","Medium","2025-09-08","Resolved","2"
"CP0004747","C004748","O0004748","2025-09-03","Refund","Critical","2025-09-10","Resolved","3"
"CP0004748","C004749","O0004749","2025-09-04","Product","High","2025-09-12","Resolved","4"
"CP0004749","C004750","O0004750","2025-09-05","Refund","Critical","2025-09-14","Resolved","5"
"CP0004750","C004751","O0004751","2025-09-06","Support","Low","2025-09-16","Resolved","1"
"CP0004751","C004752","O0004752","2025-09-07","Refund","Medium","2025-09-18","Resolved","2"
"CP0004752","C004753","O0004753","2025-09-08","Delivery","Critical","","Open",""
"CP0004753","C004754","O0004754","2025-09-09","Refund","Medium","2025-09-10","Resolved","4"
"CP0004754","C004755","O0004755","2025-09-10","Payment","Critical","2025-09-12","Resolved","5"
"CP0004755","C004756","O0004756","2025-09-11","Support","Medium","2025-09-14","Resolved","1"
"CP0004756","C004757","O0004757","2025-09-12","Payment","Medium","2025-09-16","Resolved","2"
"CP0004757","C004758","O0004758","2025-09-13","Support","Medium","2025-09-18","Resolved","3"
"CP0004758","C004759","O0004759","2025-09-14","Delivery","High","2025-09-20","Resolved","4"
"CP0004759","C004760","O0004760","2025-09-15","Payment","Medium","2025-09-22","Resolved","5"
"CP0004760","C004761","O0004761","2025-09-16","Payment","Low","","Open",""
"CP0004761","C004762","O0004762","2025-09-17","Refund","High","2025-09-26","Resolved","2"
"CP0004762","C004763","O0004763","2025-09-18","Delivery","Critical","2025-09-28","Resolved","3"
"CP0004763","C004764","O0004764","2025-09-19","Refund","Critical","2025-09-30","Resolved","4"
"CP0004764","C004765","O0004765","2025-09-20","Product","Low","2025-09-20","Resolved","5"
"CP0004765","C004766","O0004766","2025-09-21","Refund","Medium","2025-09-22","Resolved","1"
"CP0004766","C004767","O0004767","2025-09-22","Payment","Critical","2025-09-24","Resolved","2"
"CP0004767","C004768","O0004768","2025-09-23","Payment","High","2025-09-26","Resolved","3"
"CP0004768","C004769","O0004769","2025-09-24","Delivery","Low","","Open",""
"CP0004769","C004770","O0004770","2025-09-25","Support","Critical","2025-09-30","Resolved","5"
"CP0004770","C004771","O0004771","2025-09-26","Product","Medium","2025-10-02","Resolved","1"
"CP0004771","C004772","O0004772","2025-09-27","Payment","Critical","2025-10-04","Resolved","2"
"CP0004772","C004773","O0004773","2025-09-28","Payment","High","2025-10-06","Resolved","3"
"CP0004773","C004774","O0004774","2025-09-29","Refund","Medium","2025-10-08","Resolved","4"
"CP0004774","C004775","O0004775","2025-09-30","Support","Medium","2025-10-10","Resolved","5"
"CP0004775","C004776","O0004776","2025-10-01","Refund","Low","2025-10-12","Resolved","1"
"CP0004776","C004777","O0004777","2025-10-02","Delivery","Medium","","Open",""
"CP0004777","C004778","O0004778","2025-10-03","Delivery","Low","2025-10-04","Resolved","3"
"CP0004778","C004779","O0004779","2025-10-04","Refund","Medium","2025-10-06","Resolved","4"
"CP0004779","C004780","O0004780","2025-10-05","Delivery","High","2025-10-08","Resolved","5"
"CP0004780","C004781","O0004781","2025-10-06","Refund","Medium","2025-10-10","Resolved","1"
"CP0004781","C004782","O0004782","2025-10-07","Refund","High","2025-10-12","Resolved","2"
"CP0004782","C004783","O0004783","2025-10-08","Refund","High","2025-10-14","Resolved","3"
"CP0004783","C004784","O0004784","2025-10-09","Product","Critical","2025-10-16","Resolved","4"
"CP0004784","C004785","O0004785","2025-10-10","Support","Low","","Open",""
"CP0004785","C004786","O0004786","2025-10-11","Product","Low","2025-10-20","Resolved","1"
"CP0004786","C004787","O0004787","2025-10-12","Payment","Low","2025-10-22","Resolved","2"
"CP0004787","C004788","O0004788","2025-10-13","Payment","Critical","2025-10-24","Resolved","3"
"CP0004788","C004789","O0004789","2025-10-14","Payment","Low","2025-10-14","Resolved","4"
"CP0004789","C004790","O0004790","2025-10-15","Refund","High","2025-10-16","Resolved","5"
"CP0004790","C004791","O0004791","2025-10-16","Refund","Low","2025-10-18","Resolved","1"
"CP0004791","C004792","O0004792","2025-10-17","Payment","Low","2025-10-20","Resolved","2"
"CP0004792","C004793","O0004793","2025-10-18","Delivery","Medium","","Open",""
"CP0004793","C004794","O0004794","2025-10-19","Payment","Critical","2025-10-24","Resolved","4"
"CP0004794","C004795","O0004795","2025-10-20","Refund","High","2025-10-26","Resolved","5"
"CP0004795","C004796","O0004796","2025-10-21","Support","High","2025-10-28","Resolved","1"
"CP0004796","C004797","O0004797","2025-10-22","Payment","Critical","2025-10-30","Resolved","2"
"CP0004797","C004798","O0004798","2025-10-23","Product","Low","2025-11-01","Resolved","3"
"CP0004798","C004799","O0004799","2025-10-24","Delivery","Critical","2025-11-03","Resolved","4"
"CP0004799","C004800","O0004800","2025-10-25","Payment","Medium","2025-11-05","Resolved","5"
"CP0004800","C004801","O0004801","2025-10-26","Product","High","","Open",""
"CP0004801","C004802","O0004802","2025-10-27","Product","Medium","2025-10-28","Resolved","2"
"CP0004802","C004803","O0004803","2025-10-28","Product","Critical","2025-10-30","Resolved","3"
"CP0004803","C004804","O0004804","2025-10-29","Refund","Medium","2025-11-01","Resolved","4"
"CP0004804","C004805","O0004805","2025-10-30","Delivery","Critical","2025-11-03","Resolved","5"
"CP0004805","C004806","O0004806","2025-10-31","Support","High","2025-11-05","Resolved","1"
"CP0004806","C004807","O0004807","2025-11-01","Refund","Medium","2025-11-07","Resolved","2"
"CP0004807","C004808","O0004808","2025-11-02","Refund","High","2025-11-09","Resolved","3"
"CP0004808","C004809","O0004809","2025-11-03","Payment","High","","Open",""
"CP0004809","C004810","O0004810","2025-11-04","Refund","High","2025-11-13","Resolved","5"
"CP0004810","C004811","O0004811","2025-11-05","Delivery","Medium","2025-11-15","Resolved","1"
"CP0004811","C004812","O0004812","2025-11-06","Product","Critical","2025-11-17","Resolved","2"
"CP0004812","C004813","O0004813","2025-11-07","Product","High","2025-11-07","Resolved","3"
"CP0004813","C004814","O0004814","2025-11-08","Refund","Critical","2025-11-09","Resolved","4"
"CP0004814","C004815","O0004815","2025-11-09","Delivery","Medium","2025-11-11","Resolved","5"
"CP0004815","C004816","O0004816","2025-11-10","Delivery","Low","2025-11-13","Resolved","1"
"CP0004816","C004817","O0004817","2025-11-11","Product","High","","Open",""
"CP0004817","C004818","O0004818","2025-11-12","Refund","Medium","2025-11-17","Resolved","3"
"CP0004818","C004819","O0004819","2025-11-13","Support","Medium","2025-11-19","Resolved","4"
"CP0004819","C004820","O0004820","2025-11-14","Delivery","Low","2025-11-21","Resolved","5"
"CP0004820","C004821","O0004821","2025-11-15","Support","Low","2025-11-23","Resolved","1"
"CP0004821","C004822","O0004822","2025-11-16","Product","Low","2025-11-25","Resolved","2"
"CP0004822","C004823","O0004823","2025-11-17","Payment","High","2025-11-27","Resolved","3"
"CP0004823","C004824","O0004824","2025-11-18","Delivery","Low","2025-11-29","Resolved","4"
"CP0004824","C004825","O0004825","2025-11-19","Support","Critical","","Open",""
"CP0004825","C004826","O0004826","2025-11-20","Delivery","High","2025-11-21","Resolved","1"
"CP0004826","C004827","O0004827","2025-11-21","Delivery","Low","2025-11-23","Resolved","2"
"CP0004827","C004828","O0004828","2025-11-22","Refund","Critical","2025-11-25","Resolved","3"
"CP0004828","C004829","O0004829","2025-11-23","Payment","High","2025-11-27","Resolved","4"
"CP0004829","C004830","O0004830","2025-11-24","Delivery","Medium","2025-11-29","Resolved","5"
"CP0004830","C004831","O0004831","2025-11-25","Refund","Low","2025-12-01","Resolved","1"
"CP0004831","C004832","O0004832","2025-11-26","Delivery","High","2025-12-03","Resolved","2"
"CP0004832","C004833","O0004833","2025-11-27","Payment","Medium","","Open",""
"CP0004833","C004834","O0004834","2025-11-28","Refund","Medium","2025-12-07","Resolved","4"
"CP0004834","C004835","O0004835","2025-11-29","Refund","High","2025-12-09","Resolved","5"
"CP0004835","C004836","O0004836","2025-11-30","Payment","Low","2025-12-11","Resolved","1"
"CP0004836","C004837","O0004837","2025-12-01","Delivery","Low","2025-12-01","Resolved","2"
"CP0004837","C004838","O0004838","2025-12-02","Delivery","High","2025-12-03","Resolved","3"
"CP0004838","C004839","O0004839","2025-12-03","Refund","Medium","2025-12-05","Resolved","4"
"CP0004839","C004840","O0004840","2025-12-04","Delivery","Low","2025-12-07","Resolved","5"
"CP0004840","C004841","O0004841","2025-12-05","Payment","Critical","","Open",""
"CP0004841","C004842","O0004842","2025-12-06","Payment","Low","2025-12-11","Resolved","2"
"CP0004842","C004843","O0004843","2025-12-07","Support","Critical","2025-12-13","Resolved","3"
"CP0004843","C004844","O0004844","2025-12-08","Payment","High","2025-12-15","Resolved","4"
"CP0004844","C004845","O0004845","2025-12-09","Delivery","Medium","2025-12-17","Resolved","5"
"CP0004845","C004846","O0004846","2025-12-10","Delivery","Medium","2025-12-19","Resolved","1"
"CP0004846","C004847","O0004847","2025-12-11","Delivery","Medium","2025-12-21","Resolved","2"
"CP0004847","C004848","O0004848","2025-12-12","Refund","High","2025-12-23","Resolved","3"
"CP0004848","C004849","O0004849","2025-12-13","Support","Low","","Open",""
"CP0004849","C004850","O0004850","2025-12-14","Delivery","Medium","2025-12-15","Resolved","5"
"CP0004850","C004851","O0004851","2025-12-15","Delivery","Low","2025-12-17","Resolved","1"
"CP0004851","C004852","O0004852","2025-12-16","Delivery","Low","2025-12-19","Resolved","2"
"CP0004852","C004853","O0004853","2025-12-17","Delivery","Critical","2025-12-21","Resolved","3"
"CP0004853","C004854","O0004854","2025-12-18","Payment","Critical","2025-12-23","Resolved","4"
"CP0004854","C004855","O0004855","2025-12-19","Support","Medium","2025-12-25","Resolved","5"
"CP0004855","C004856","O0004856","2025-12-20","Delivery","Low","2025-12-27","Resolved","1"
"CP0004856","C004857","O0004857","2025-12-21","Payment","High","","Open",""
"CP0004857","C004858","O0004858","2025-12-22","Refund","High","2025-12-31","Resolved","3"
"CP0004858","C004859","O0004859","2025-12-23","Refund","Medium","2026-01-02","Resolved","4"
"CP0004859","C004860","O0004860","2025-12-24","Support","Low","2026-01-04","Resolved","5"
"CP0004860","C004861","O0004861","2025-12-25","Delivery","High","2025-12-25","Resolved","1"
"CP0004861","C004862","O0004862","2025-12-26","Refund","High","2025-12-27","Resolved","2"
"CP0004862","C004863","O0004863","2025-12-27","Support","Critical","2025-12-29","Resolved","3"
"CP0004863","C004864","O0004864","2025-12-28","Refund","Medium","2025-12-31","Resolved","4"
"CP0004864","C004865","O0004865","2025-12-29","Support","Critical","","Open",""
"CP0004865","C004866","O0004866","2025-12-30","Refund","Low","2026-01-04","Resolved","1"
"CP0004866","C004867","O0004867","2025-12-31","Product","Medium","2026-01-06","Resolved","2"
"CP0004867","C004868","O0004868","2026-01-01","Refund","Medium","2026-01-08","Resolved","3"
"CP0004868","C004869","O0004869","2026-01-02","Delivery","High","2026-01-10","Resolved","4"
"CP0004869","C004870","O0004870","2026-01-03","Payment","Medium","2026-01-12","Resolved","5"
"CP0004870","C004871","O0004871","2026-01-04","Payment","High","2026-01-14","Resolved","1"
"CP0004871","C004872","O0004872","2026-01-05","Support","High","2026-01-16","Resolved","2"
"CP0004872","C004873","O0004873","2026-01-06","Support","Low","","Open",""
"CP0004873","C004874","O0004874","2026-01-07","Delivery","High","2026-01-08","Resolved","4"
"CP0004874","C004875","O0004875","2026-01-08","Payment","Critical","2026-01-10","Resolved","5"
"CP0004875","C004876","O0004876","2026-01-09","Product","Critical","2026-01-12","Resolved","1"
"CP0004876","C004877","O0004877","2026-01-10","Product","Critical","2026-01-14","Resolved","2"
"CP0004877","C004878","O0004878","2026-01-11","Product","Critical","2026-01-16","Resolved","3"
"CP0004878","C004879","O0004879","2026-01-12","Delivery","High","2026-01-18","Resolved","4"
"CP0004879","C004880","O0004880","2026-01-13","Refund","Critical","2026-01-20","Resolved","5"
"CP0004880","C004881","O0004881","2026-01-14","Product","High","","Open",""
"CP0004881","C004882","O0004882","2026-01-15","Support","Critical","2026-01-24","Resolved","2"
"CP0004882","C004883","O0004883","2026-01-16","Support","Critical","2026-01-26","Resolved","3"
"CP0004883","C004884","O0004884","2026-01-17","Refund","High","2026-01-28","Resolved","4"
"CP0004884","C004885","O0004885","2026-01-18","Product","Critical","2026-01-18","Resolved","5"
"CP0004885","C004886","O0004886","2026-01-19","Product","Critical","2026-01-20","Resolved","1"
"CP0004886","C004887","O0004887","2026-01-20","Product","Critical","2026-01-22","Resolved","2"
"CP0004887","C004888","O0004888","2026-01-21","Support","Medium","2026-01-24","Resolved","3"
"CP0004888","C004889","O0004889","2026-01-22","Support","High","","Open",""
"CP0004889","C004890","O0004890","2026-01-23","Delivery","Low","2026-01-28","Resolved","5"
"CP0004890","C004891","O0004891","2026-01-24","Delivery","Critical","2026-01-30","Resolved","1"
"CP0004891","C004892","O0004892","2026-01-25","Support","High","2026-02-01","Resolved","2"
"CP0004892","C004893","O0004893","2026-01-26","Refund","High","2026-02-03","Resolved","3"
"CP0004893","C004894","O0004894","2026-01-27","Refund","Critical","2026-02-05","Resolved","4"
"CP0004894","C004895","O0004895","2026-01-28","Support","Medium","2026-02-07","Resolved","5"
"CP0004895","C004896","O0004896","2026-01-29","Refund","High","2026-02-09","Resolved","1"
"CP0004896","C004897","O0004897","2026-01-30","Support","Low","","Open",""
"CP0004897","C004898","O0004898","2026-01-31","Support","Critical","2026-02-01","Resolved","3"
"CP0004898","C004899","O0004899","2026-02-01","Product","High","2026-02-03","Resolved","4"
"CP0004899","C004900","O0004900","2026-02-02","Product","Medium","2026-02-05","Resolved","5"
"CP0004900","C004901","O0004901","2026-02-03","Payment","Medium","2026-02-07","Resolved","1"
"CP0004901","C004902","O0004902","2026-02-04","Delivery","High","2026-02-09","Resolved","2"
"CP0004902","C004903","O0004903","2026-02-05","Support","Low","2026-02-11","Resolved","3"
"CP0004903","C004904","O0004904","2026-02-06","Payment","Low","2026-02-13","Resolved","4"
"CP0004904","C004905","O0004905","2026-02-07","Delivery","Low","","Open",""
"CP0004905","C004906","O0004906","2026-02-08","Support","Critical","2026-02-17","Resolved","1"
"CP0004906","C004907","O0004907","2026-02-09","Payment","Medium","2026-02-19","Resolved","2"
"CP0004907","C004908","O0004908","2026-02-10","Product","Critical","2026-02-21","Resolved","3"
"CP0004908","C004909","O0004909","2026-02-11","Support","Low","2026-02-11","Resolved","4"
"CP0004909","C004910","O0004910","2026-02-12","Delivery","Critical","2026-02-13","Resolved","5"
"CP0004910","C004911","O0004911","2026-02-13","Delivery","Low","2026-02-15","Resolved","1"
"CP0004911","C004912","O0004912","2026-02-14","Payment","Low","2026-02-17","Resolved","2"
"CP0004912","C004913","O0004913","2026-02-15","Product","Critical","","Open",""
"CP0004913","C004914","O0004914","2026-02-16","Support","Medium","2026-02-21","Resolved","4"
"CP0004914","C004915","O0004915","2026-02-17","Delivery","Critical","2026-02-23","Resolved","5"
"CP0004915","C004916","O0004916","2026-02-18","Product","Critical","2026-02-25","Resolved","1"
"CP0004916","C004917","O0004917","2026-02-19","Product","Medium","2026-02-27","Resolved","2"
"CP0004917","C004918","O0004918","2026-02-20","Refund","Critical","2026-03-01","Resolved","3"
"CP0004918","C004919","O0004919","2026-02-21","Product","Critical","2026-03-03","Resolved","4"
"CP0004919","C004920","O0004920","2026-02-22","Support","Critical","2026-03-05","Resolved","5"
"CP0004920","C004921","O0004921","2026-02-23","Payment","Low","","Open",""
"CP0004921","C004922","O0004922","2026-02-24","Refund","High","2026-02-25","Resolved","2"
"CP0004922","C004923","O0004923","2026-02-25","Refund","Medium","2026-02-27","Resolved","3"
"CP0004923","C004924","O0004924","2026-02-26","Product","Medium","2026-03-01","Resolved","4"
"CP0004924","C004925","O0004925","2026-02-27","Delivery","Low","2026-03-03","Resolved","5"
"CP0004925","C004926","O0004926","2026-02-28","Refund","Critical","2026-03-05","Resolved","1"
"CP0004926","C004927","O0004927","2026-03-01","Product","Medium","2026-03-07","Resolved","2"
"CP0004927","C004928","O0004928","2026-03-02","Product","Critical","2026-03-09","Resolved","3"
"CP0004928","C004929","O0004929","2026-03-03","Delivery","Critical","","Open",""
"CP0004929","C004930","O0004930","2026-03-04","Refund","Medium","2026-03-13","Resolved","5"
"CP0004930","C004931","O0004931","2026-03-05","Refund","Critical","2026-03-15","Resolved","1"
"CP0004931","C004932","O0004932","2026-03-06","Support","Medium","2026-03-17","Resolved","2"
"CP0004932","C004933","O0004933","2026-03-07","Payment","Medium","2026-03-07","Resolved","3"
"CP0004933","C004934","O0004934","2026-03-08","Product","Medium","2026-03-09","Resolved","4"
"CP0004934","C004935","O0004935","2026-03-09","Product","Medium","2026-03-11","Resolved","5"
"CP0004935","C004936","O0004936","2026-03-10","Refund","Medium","2026-03-13","Resolved","1"
"CP0004936","C004937","O0004937","2026-03-11","Refund","Critical","","Open",""
"CP0004937","C004938","O0004938","2026-03-12","Product","Medium","2026-03-17","Resolved","3"
"CP0004938","C004939","O0004939","2026-03-13","Payment","Medium","2026-03-19","Resolved","4"
"CP0004939","C004940","O0004940","2026-03-14","Refund","Low","2026-03-21","Resolved","5"
"CP0004940","C004941","O0004941","2026-03-15","Refund","Critical","2026-03-23","Resolved","1"
"CP0004941","C004942","O0004942","2026-03-16","Support","Critical","2026-03-25","Resolved","2"
"CP0004942","C004943","O0004943","2026-03-17","Support","Critical","2026-03-27","Resolved","3"
"CP0004943","C004944","O0004944","2026-03-18","Delivery","Critical","2026-03-29","Resolved","4"
"CP0004944","C004945","O0004945","2026-03-19","Product","Medium","","Open",""
"CP0004945","C004946","O0004946","2026-03-20","Payment","Low","2026-03-21","Resolved","1"
"CP0004946","C004947","O0004947","2026-03-21","Refund","High","2026-03-23","Resolved","2"
"CP0004947","C004948","O0004948","2026-03-22","Payment","Low","2026-03-25","Resolved","3"
"CP0004948","C004949","O0004949","2026-03-23","Product","Medium","2026-03-27","Resolved","4"
"CP0004949","C004950","O0004950","2026-03-24","Payment","High","2026-03-29","Resolved","5"
"CP0004950","C004951","O0004951","2026-03-25","Product","High","2026-03-31","Resolved","1"
"CP0004951","C004952","O0004952","2026-03-26","Refund","High","2026-04-02","Resolved","2"
"CP0004952","C004953","O0004953","2026-03-27","Refund","Medium","","Open",""
"CP0004953","C004954","O0004954","2026-03-28","Product","High","2026-04-06","Resolved","4"
"CP0004954","C004955","O0004955","2026-03-29","Product","Critical","2026-04-08","Resolved","5"
"CP0004955","C004956","O0004956","2026-03-30","Support","Medium","2026-04-10","Resolved","1"
"CP0004956","C004957","O0004957","2026-03-31","Delivery","Medium","2026-03-31","Resolved","2"
"CP0004957","C004958","O0004958","2026-04-01","Support","Low","2026-04-02","Resolved","3"
"CP0004958","C004959","O0004959","2026-04-02","Payment","High","2026-04-04","Resolved","4"
"CP0004959","C004960","O0004960","2026-04-03","Delivery","Low","2026-04-06","Resolved","5"
"CP0004960","C004961","O0004961","2026-04-04","Product","Medium","","Open",""
"CP0004961","C004962","O0004962","2026-04-05","Product","High","2026-04-10","Resolved","2"
"CP0004962","C004963","O0004963","2026-04-06","Delivery","Medium","2026-04-12","Resolved","3"
"CP0004963","C004964","O0004964","2026-04-07","Payment","Low","2026-04-14","Resolved","4"
"CP0004964","C004965","O0004965","2026-04-08","Support","Medium","2026-04-16","Resolved","5"
"CP0004965","C004966","O0004966","2026-04-09","Product","High","2026-04-18","Resolved","1"
"CP0004966","C004967","O0004967","2026-04-10","Support","Critical","2026-04-20","Resolved","2"
"CP0004967","C004968","O0004968","2026-04-11","Support","Critical","2026-04-22","Resolved","3"
"CP0004968","C004969","O0004969","2026-04-12","Support","Critical","","Open",""
"CP0004969","C004970","O0004970","2026-04-13","Delivery","High","2026-04-14","Resolved","5"
"CP0004970","C004971","O0004971","2026-04-14","Product","Low","2026-04-16","Resolved","1"
"CP0004971","C004972","O0004972","2026-04-15","Product","Critical","2026-04-18","Resolved","2"
"CP0004972","C004973","O0004973","2026-04-16","Refund","Critical","2026-04-20","Resolved","3"
"CP0004973","C004974","O0004974","2026-04-17","Support","Medium","2026-04-22","Resolved","4"
"CP0004974","C004975","O0004975","2026-04-18","Support","High","2026-04-24","Resolved","5"
"CP0004975","C004976","O0004976","2026-04-19","Product","Low","2026-04-26","Resolved","1"
"CP0004976","C004977","O0004977","2026-04-20","Product","High","","Open",""
"CP0004977","C004978","O0004978","2026-04-21","Refund","Medium","2026-04-30","Resolved","3"
"CP0004978","C004979","O0004979","2026-04-22","Delivery","Medium","2026-05-02","Resolved","4"
"CP0004979","C004980","O0004980","2026-04-23","Refund","High","2026-05-04","Resolved","5"
"CP0004980","C004981","O0004981","2026-04-24","Support","Medium","2026-04-24","Resolved","1"
"CP0004981","C004982","O0004982","2026-04-25","Product","Low","2026-04-26","Resolved","2"
"CP0004982","C004983","O0004983","2026-04-26","Payment","Low","2026-04-28","Resolved","3"
"CP0004983","C004984","O0004984","2026-04-27","Product","Low","2026-04-30","Resolved","4"
"CP0004984","C004985","O0004985","2026-04-28","Payment","Low","","Open",""
"CP0004985","C004986","O0004986","2026-04-29","Support","Low","2026-05-04","Resolved","1"
"CP0004986","C004987","O0004987","2026-04-30","Support","Medium","2026-05-06","Resolved","2"
"CP0004987","C004988","O0004988","2026-05-01","Refund","Low","2026-05-08","Resolved","3"
"CP0004988","C004989","O0004989","2026-05-02","Support","Medium","2026-05-10","Resolved","4"
"CP0004989","C004990","O0004990","2026-05-03","Product","Medium","2026-05-12","Resolved","5"
"CP0004990","C004991","O0004991","2026-05-04","Support","Low","2026-05-14","Resolved","1"
"CP0004991","C004992","O0004992","2026-05-05","Product","Medium","2026-05-16","Resolved","2"
"CP0004992","C004993","O0004993","2026-05-06","Support","High","","Open",""
"CP0004993","C004994","O0004994","2026-05-07","Refund","Critical","2026-05-08","Resolved","4"
"CP0004994","C004995","O0004995","2026-05-08","Product","Low","2026-05-10","Resolved","5"
"CP0004995","C004996","O0004996","2026-05-09","Refund","Low","2026-05-12","Resolved","1"
"CP0004996","C004997","O0004997","2026-05-10","Delivery","Medium","2026-05-14","Resolved","2"
"CP0004997","C004998","O0004998","2026-05-11","Delivery","High","2026-05-16","Resolved","3"
"CP0004998","C004999","O0004999","2026-05-12","Delivery","High","2026-05-18","Resolved","4"
"CP0004999","C005000","O0005000","2026-05-13","Delivery","Medium","2026-05-20","Resolved","5"
"CP0005000","C005001","O0005001","2026-05-14","Support","Low","","Open",""
"CP0005001","C005002","O0005002","2026-05-15","Support","Medium","2026-05-24","Resolved","2"
"CP0005002","C005003","O0005003","2026-05-16","Refund","Critical","2026-05-26","Resolved","3"
"CP0005003","C005004","O0005004","2026-05-17","Payment","High","2026-05-28","Resolved","4"
"CP0005004","C005005","O0005005","2026-05-18","Refund","Medium","2026-05-18","Resolved","5"
"CP0005005","C005006","O0005006","2026-05-19","Delivery","High","2026-05-20","Resolved","1"
"CP0005006","C005007","O0005007","2026-05-20","Refund","Low","2026-05-22","Resolved","2"
"CP0005007","C005008","O0005008","2026-05-21","Support","Critical","2026-05-24","Resolved","3"
"CP0005008","C005009","O0005009","2026-05-22","Support","Medium","","Open",""
"CP0005009","C005010","O0005010","2026-05-23","Payment","Low","2026-05-28","Resolved","5"
"CP0005010","C005011","O0005011","2026-05-24","Product","Critical","2026-05-30","Resolved","1"
"CP0005011","C005012","O0005012","2026-05-25","Product","High","2026-06-01","Resolved","2"
"CP0005012","C005013","O0005013","2026-05-26","Delivery","Medium","2026-06-03","Resolved","3"
"CP0005013","C005014","O0005014","2026-05-27","Refund","Critical","2026-06-05","Resolved","4"
"CP0005014","C005015","O0005015","2026-05-28","Support","Low","2026-06-07","Resolved","5"
"CP0005015","C005016","O0005016","2026-05-29","Product","Critical","2026-06-09","Resolved","1"
"CP0005016","C005017","O0005017","2026-05-30","Support","High","","Open",""
"CP0005017","C005018","O0005018","2026-05-31","Refund","Critical","2026-06-01","Resolved","3"
"CP0005018","C005019","O0005019","2026-06-01","Product","High","2026-06-03","Resolved","4"
"CP0005019","C005020","O0005020","2026-06-02","Payment","Low","2026-06-05","Resolved","5"
"CP0005020","C005021","O0005021","2026-06-03","Support","Critical","2026-06-07","Resolved","1"
"CP0005021","C005022","O0005022","2026-06-04","Refund","Critical","2026-06-09","Resolved","2"
"CP0005022","C005023","O0005023","2026-06-05","Payment","Medium","2026-06-11","Resolved","3"
"CP0005023","C005024","O0005024","2026-06-06","Refund","Medium","2026-06-13","Resolved","4"
"CP0005024","C005025","O0005025","2026-06-07","Product","Low","","Open",""
"CP0005025","C005026","O0005026","2026-06-08","Refund","Medium","2026-06-17","Resolved","1"
"CP0005026","C005027","O0005027","2026-06-09","Delivery","Medium","2026-06-19","Resolved","2"
"CP0005027","C005028","O0005028","2026-06-10","Support","Low","2026-06-21","Resolved","3"
"CP0005028","C005029","O0005029","2026-06-11","Product","High","2026-06-11","Resolved","4"
"CP0005029","C005030","O0005030","2026-06-12","Delivery","Critical","2026-06-13","Resolved","5"
"CP0005030","C005031","O0005031","2026-06-13","Refund","High","2026-06-15","Resolved","1"
"CP0005031","C005032","O0005032","2026-06-14","Support","Critical","2026-06-17","Resolved","2"
"CP0005032","C005033","O0005033","2026-06-15","Support","Low","","Open",""
"CP0005033","C005034","O0005034","2026-06-16","Payment","Low","2026-06-21","Resolved","4"
"CP0005034","C005035","O0005035","2026-06-17","Delivery","Low","2026-06-23","Resolved","5"
"CP0005035","C005036","O0005036","2026-06-18","Payment","Medium","2026-06-25","Resolved","1"
"CP0005036","C005037","O0005037","2026-06-19","Refund","Medium","2026-06-27","Resolved","2"
"CP0005037","C005038","O0005038","2026-06-20","Refund","Critical","2026-06-29","Resolved","3"
"CP0005038","C005039","O0005039","2026-06-21","Delivery","Low","2026-07-01","Resolved","4"
"CP0005039","C005040","O0005040","2026-06-22","Support","High","2026-07-03","Resolved","5"
"CP0005040","C005041","O0005041","2026-06-23","Product","Critical","","Open",""
"CP0005041","C005042","O0005042","2026-06-24","Product","Medium","2026-06-25","Resolved","2"
"CP0005042","C005043","O0005043","2026-06-25","Refund","High","2026-06-27","Resolved","3"
"CP0005043","C005044","O0005044","2026-06-26","Product","High","2026-06-29","Resolved","4"
"CP0005044","C005045","O0005045","2026-06-27","Support","Critical","2026-07-01","Resolved","5"
"CP0005045","C005046","O0005046","2026-06-28","Refund","Medium","2026-07-03","Resolved","1"
"CP0005046","C005047","O0005047","2026-06-29","Delivery","Medium","2026-07-05","Resolved","2"
"CP0005047","C005048","O0005048","2026-06-30","Delivery","Medium","2026-07-07","Resolved","3"
"CP0005048","C005049","O0005049","2026-07-01","Product","High","","Open",""
"CP0005049","C005050","O0005050","2026-07-02","Product","High","2026-07-11","Resolved","5"
"CP0005050","C005051","O0005051","2026-07-03","Delivery","Low","2026-07-13","Resolved","1"
"CP0005051","C005052","O0005052","2026-07-04","Delivery","Low","2026-07-15","Resolved","2"
"CP0005052","C005053","O0005053","2026-07-05","Support","High","2026-07-05","Resolved","3"
"CP0005053","C005054","O0005054","2026-07-06","Payment","Low","2026-07-07","Resolved","4"
"CP0005054","C005055","O0005055","2026-07-07","Support","Critical","2026-07-09","Resolved","5"
"CP0005055","C005056","O0005056","2026-07-08","Payment","Low","2026-07-11","Resolved","1"
"CP0005056","C005057","O0005057","2026-07-09","Refund","Medium","","Open",""
"CP0005057","C005058","O0005058","2026-07-10","Refund","Low","2026-07-15","Resolved","3"
"CP0005058","C005059","O0005059","2026-07-11","Payment","Medium","2026-07-17","Resolved","4"
"CP0005059","C005060","O0005060","2026-07-12","Product","Medium","2026-07-19","Resolved","5"
"CP0005060","C005061","O0005061","2026-07-13","Refund","Critical","2026-07-21","Resolved","1"
"CP0005061","C005062","O0005062","2026-07-14","Delivery","High","2026-07-23","Resolved","2"
"CP0005062","C005063","O0005063","2026-07-15","Refund","High","2026-07-25","Resolved","3"
"CP0005063","C005064","O0005064","2026-07-16","Payment","Low","2026-07-27","Resolved","4"
"CP0005064","C005065","O0005065","2026-07-17","Product","Critical","","Open",""
"CP0005065","C005066","O0005066","2026-07-18","Delivery","Critical","2026-07-19","Resolved","1"
"CP0005066","C005067","O0005067","2026-07-19","Payment","High","2026-07-21","Resolved","2"
"CP0005067","C005068","O0005068","2026-07-20","Payment","Medium","2026-07-23","Resolved","3"
"CP0005068","C005069","O0005069","2026-07-21","Delivery","Critical","2026-07-25","Resolved","4"
"CP0005069","C005070","O0005070","2026-07-22","Support","Low","2026-07-27","Resolved","5"
"CP0005070","C005071","O0005071","2026-07-23","Payment","Critical","2026-07-29","Resolved","1"
"CP0005071","C005072","O0005072","2026-07-24","Refund","High","2026-07-31","Resolved","2"
"CP0005072","C005073","O0005073","2026-07-25","Refund","Low","","Open",""
"CP0005073","C005074","O0005074","2026-07-26","Delivery","High","2026-08-04","Resolved","4"
"CP0005074","C005075","O0005075","2026-07-27","Delivery","Medium","2026-08-06","Resolved","5"
"CP0005075","C005076","O0005076","2026-07-28","Payment","Medium","2026-08-08","Resolved","1"
"CP0005076","C005077","O0005077","2026-07-29","Refund","Medium","2026-07-29","Resolved","2"
"CP0005077","C005078","O0005078","2026-07-30","Support","Low","2026-07-31","Resolved","3"
"CP0005078","C005079","O0005079","2026-07-31","Refund","Critical","2026-08-02","Resolved","4"
"CP0005079","C005080","O0005080","2026-08-01","Support","High","2026-08-04","Resolved","5"
"CP0005080","C005081","O0005081","2026-08-02","Refund","Critical","","Open",""
"CP0005081","C005082","O0005082","2026-08-03","Payment","Critical","2026-08-08","Resolved","2"
"CP0005082","C005083","O0005083","2026-08-04","Support","Critical","2026-08-10","Resolved","3"
"CP0005083","C005084","O0005084","2026-08-05","Payment","Medium","2026-08-12","Resolved","4"
"CP0005084","C005085","O0005085","2026-08-06","Delivery","Critical","2026-08-14","Resolved","5"
"CP0005085","C005086","O0005086","2026-08-07","Delivery","Critical","2026-08-16","Resolved","1"
"CP0005086","C005087","O0005087","2026-08-08","Refund","High","2026-08-18","Resolved","2"
"CP0005087","C005088","O0005088","2026-08-09","Product","Medium","2026-08-20","Resolved","3"
"CP0005088","C005089","O0005089","2026-08-10","Support","Medium","","Open",""
"CP0005089","C005090","O0005090","2026-08-11","Product","High","2026-08-12","Resolved","5"
"CP0005090","C005091","O0005091","2026-08-12","Product","Medium","2026-08-14","Resolved","1"
"CP0005091","C005092","O0005092","2026-08-13","Product","Low","2026-08-16","Resolved","2"
"CP0005092","C005093","O0005093","2026-08-14","Payment","High","2026-08-18","Resolved","3"
"CP0005093","C005094","O0005094","2026-08-15","Product","High","2026-08-20","Resolved","4"
"CP0005094","C005095","O0005095","2026-08-16","Support","Medium","2026-08-22","Resolved","5"
"CP0005095","C005096","O0005096","2026-08-17","Delivery","Critical","2026-08-24","Resolved","1"
"CP0005096","C005097","O0005097","2026-08-18","Payment","High","","Open",""
"CP0005097","C005098","O0005098","2026-08-19","Delivery","Critical","2026-08-28","Resolved","3"
"CP0005098","C005099","O0005099","2026-08-20","Product","High","2026-08-30","Resolved","4"
"CP0005099","C005100","O0005100","2026-08-21","Support","Critical","2026-09-01","Resolved","5"
"CP0005100","C005101","O0005101","2026-08-22","Delivery","Low","2026-08-22","Resolved","1"
"CP0005101","C005102","O0005102","2026-08-23","Refund","Critical","2026-08-24","Resolved","2"
"CP0005102","C005103","O0005103","2026-08-24","Product","Low","2026-08-26","Resolved","3"
"CP0005103","C005104","O0005104","2026-08-25","Support","Medium","2026-08-28","Resolved","4"
"CP0005104","C005105","O0005105","2026-08-26","Refund","Low","","Open",""
"CP0005105","C005106","O0005106","2026-08-27","Payment","Low","2026-09-01","Resolved","1"
"CP0005106","C005107","O0005107","2026-08-28","Product","Low","2026-09-03","Resolved","2"
"CP0005107","C005108","O0005108","2026-08-29","Refund","Low","2026-09-05","Resolved","3"
"CP0005108","C005109","O0005109","2026-08-30","Product","Medium","2026-09-07","Resolved","4"
"CP0005109","C005110","O0005110","2026-08-31","Support","High","2026-09-09","Resolved","5"
"CP0005110","C005111","O0005111","2025-09-01","Support","Critical","2025-09-11","Resolved","1"
"CP0005111","C005112","O0005112","2025-09-02","Product","Critical","2025-09-13","Resolved","2"
"CP0005112","C005113","O0005113","2025-09-03","Refund","Low","","Open",""
"CP0005113","C005114","O0005114","2025-09-04","Delivery","High","2025-09-05","Resolved","4"
"CP0005114","C005115","O0005115","2025-09-05","Support","Critical","2025-09-07","Resolved","5"
"CP0005115","C005116","O0005116","2025-09-06","Refund","Critical","2025-09-09","Resolved","1"
"CP0005116","C005117","O0005117","2025-09-07","Support","Medium","2025-09-11","Resolved","2"
"CP0005117","C005118","O0005118","2025-09-08","Delivery","Medium","2025-09-13","Resolved","3"
"CP0005118","C005119","O0005119","2025-09-09","Support","High","2025-09-15","Resolved","4"
"CP0005119","C005120","O0005120","2025-09-10","Payment","High","2025-09-17","Resolved","5"
"CP0005120","C005121","O0005121","2025-09-11","Refund","Medium","","Open",""
"CP0005121","C005122","O0005122","2025-09-12","Support","High","2025-09-21","Resolved","2"
"CP0005122","C005123","O0005123","2025-09-13","Payment","Critical","2025-09-23","Resolved","3"
"CP0005123","C005124","O0005124","2025-09-14","Support","Low","2025-09-25","Resolved","4"
"CP0005124","C005125","O0005125","2025-09-15","Refund","High","2025-09-15","Resolved","5"
"CP0005125","C005126","O0005126","2025-09-16","Support","Medium","2025-09-17","Resolved","1"
"CP0005126","C005127","O0005127","2025-09-17","Payment","Medium","2025-09-19","Resolved","2"
"CP0005127","C005128","O0005128","2025-09-18","Support","Critical","2025-09-21","Resolved","3"
"CP0005128","C005129","O0005129","2025-09-19","Refund","Low","","Open",""
"CP0005129","C005130","O0005130","2025-09-20","Support","High","2025-09-25","Resolved","5"
"CP0005130","C005131","O0005131","2025-09-21","Payment","Medium","2025-09-27","Resolved","1"
"CP0005131","C005132","O0005132","2025-09-22","Payment","Low","2025-09-29","Resolved","2"
"CP0005132","C005133","O0005133","2025-09-23","Refund","Critical","2025-10-01","Resolved","3"
"CP0005133","C005134","O0005134","2025-09-24","Refund","High","2025-10-03","Resolved","4"
"CP0005134","C005135","O0005135","2025-09-25","Delivery","Medium","2025-10-05","Resolved","5"
"CP0005135","C005136","O0005136","2025-09-26","Refund","High","2025-10-07","Resolved","1"
"CP0005136","C005137","O0005137","2025-09-27","Product","Low","","Open",""
"CP0005137","C005138","O0005138","2025-09-28","Support","Low","2025-09-29","Resolved","3"
"CP0005138","C005139","O0005139","2025-09-29","Product","High","2025-10-01","Resolved","4"
"CP0005139","C005140","O0005140","2025-09-30","Payment","High","2025-10-03","Resolved","5"
"CP0005140","C005141","O0005141","2025-10-01","Refund","Medium","2025-10-05","Resolved","1"
"CP0005141","C005142","O0005142","2025-10-02","Product","Critical","2025-10-07","Resolved","2"
"CP0005142","C005143","O0005143","2025-10-03","Support","Low","2025-10-09","Resolved","3"
"CP0005143","C005144","O0005144","2025-10-04","Payment","Medium","2025-10-11","Resolved","4"
"CP0005144","C005145","O0005145","2025-10-05","Payment","Critical","","Open",""
"CP0005145","C005146","O0005146","2025-10-06","Refund","Critical","2025-10-15","Resolved","1"
"CP0005146","C005147","O0005147","2025-10-07","Refund","Low","2025-10-17","Resolved","2"
"CP0005147","C005148","O0005148","2025-10-08","Support","High","2025-10-19","Resolved","3"
"CP0005148","C005149","O0005149","2025-10-09","Refund","Low","2025-10-09","Resolved","4"
"CP0005149","C005150","O0005150","2025-10-10","Payment","Critical","2025-10-11","Resolved","5"
"CP0005150","C005151","O0005151","2025-10-11","Refund","Medium","2025-10-13","Resolved","1"
"CP0005151","C005152","O0005152","2025-10-12","Refund","High","2025-10-15","Resolved","2"
"CP0005152","C005153","O0005153","2025-10-13","Support","Critical","","Open",""
"CP0005153","C005154","O0005154","2025-10-14","Product","Critical","2025-10-19","Resolved","4"
"CP0005154","C005155","O0005155","2025-10-15","Refund","High","2025-10-21","Resolved","5"
"CP0005155","C005156","O0005156","2025-10-16","Support","Medium","2025-10-23","Resolved","1"
"CP0005156","C005157","O0005157","2025-10-17","Delivery","High","2025-10-25","Resolved","2"
"CP0005157","C005158","O0005158","2025-10-18","Product","High","2025-10-27","Resolved","3"
"CP0005158","C005159","O0005159","2025-10-19","Refund","Critical","2025-10-29","Resolved","4"
"CP0005159","C005160","O0005160","2025-10-20","Refund","Low","2025-10-31","Resolved","5"
"CP0005160","C005161","O0005161","2025-10-21","Product","High","","Open",""
"CP0005161","C005162","O0005162","2025-10-22","Support","Low","2025-10-23","Resolved","2"
"CP0005162","C005163","O0005163","2025-10-23","Refund","Medium","2025-10-25","Resolved","3"
"CP0005163","C005164","O0005164","2025-10-24","Delivery","Critical","2025-10-27","Resolved","4"
"CP0005164","C005165","O0005165","2025-10-25","Delivery","Critical","2025-10-29","Resolved","5"
"CP0005165","C005166","O0005166","2025-10-26","Product","Medium","2025-10-31","Resolved","1"
"CP0005166","C005167","O0005167","2025-10-27","Delivery","High","2025-11-02","Resolved","2"
"CP0005167","C005168","O0005168","2025-10-28","Product","High","2025-11-04","Resolved","3"
"CP0005168","C005169","O0005169","2025-10-29","Product","High","","Open",""
"CP0005169","C005170","O0005170","2025-10-30","Refund","Medium","2025-11-08","Resolved","5"
"CP0005170","C005171","O0005171","2025-10-31","Refund","High","2025-11-10","Resolved","1"
"CP0005171","C005172","O0005172","2025-11-01","Refund","Critical","2025-11-12","Resolved","2"
"CP0005172","C005173","O0005173","2025-11-02","Refund","High","2025-11-02","Resolved","3"
"CP0005173","C005174","O0005174","2025-11-03","Refund","Medium","2025-11-04","Resolved","4"
"CP0005174","C005175","O0005175","2025-11-04","Delivery","Low","2025-11-06","Resolved","5"
"CP0005175","C005176","O0005176","2025-11-05","Product","Low","2025-11-08","Resolved","1"
"CP0005176","C005177","O0005177","2025-11-06","Delivery","Low","","Open",""
"CP0005177","C005178","O0005178","2025-11-07","Refund","Low","2025-11-12","Resolved","3"
"CP0005178","C005179","O0005179","2025-11-08","Refund","Medium","2025-11-14","Resolved","4"
"CP0005179","C005180","O0005180","2025-11-09","Product","Medium","2025-11-16","Resolved","5"
"CP0005180","C005181","O0005181","2025-11-10","Delivery","High","2025-11-18","Resolved","1"
"CP0005181","C005182","O0005182","2025-11-11","Support","High","2025-11-20","Resolved","2"
"CP0005182","C005183","O0005183","2025-11-12","Refund","Medium","2025-11-22","Resolved","3"
"CP0005183","C005184","O0005184","2025-11-13","Product","Medium","2025-11-24","Resolved","4"
"CP0005184","C005185","O0005185","2025-11-14","Payment","Medium","","Open",""
"CP0005185","C005186","O0005186","2025-11-15","Payment","Critical","2025-11-16","Resolved","1"
"CP0005186","C005187","O0005187","2025-11-16","Delivery","High","2025-11-18","Resolved","2"
"CP0005187","C005188","O0005188","2025-11-17","Support","Low","2025-11-20","Resolved","3"
"CP0005188","C005189","O0005189","2025-11-18","Payment","Medium","2025-11-22","Resolved","4"
"CP0005189","C005190","O0005190","2025-11-19","Payment","Critical","2025-11-24","Resolved","5"
"CP0005190","C005191","O0005191","2025-11-20","Support","Medium","2025-11-26","Resolved","1"
"CP0005191","C005192","O0005192","2025-11-21","Support","Critical","2025-11-28","Resolved","2"
"CP0005192","C005193","O0005193","2025-11-22","Support","Critical","","Open",""
"CP0005193","C005194","O0005194","2025-11-23","Payment","Low","2025-12-02","Resolved","4"
"CP0005194","C005195","O0005195","2025-11-24","Delivery","High","2025-12-04","Resolved","5"
"CP0005195","C005196","O0005196","2025-11-25","Delivery","High","2025-12-06","Resolved","1"
"CP0005196","C005197","O0005197","2025-11-26","Support","Low","2025-11-26","Resolved","2"
"CP0005197","C005198","O0005198","2025-11-27","Refund","High","2025-11-28","Resolved","3"
"CP0005198","C005199","O0005199","2025-11-28","Payment","Low","2025-11-30","Resolved","4"
"CP0005199","C005200","O0005200","2025-11-29","Support","Low","2025-12-02","Resolved","5"
"CP0005200","C005201","O0005201","2025-11-30","Support","Critical","","Open",""
"CP0005201","C005202","O0005202","2025-12-01","Payment","Low","2025-12-06","Resolved","2"
"CP0005202","C005203","O0005203","2025-12-02","Payment","High","2025-12-08","Resolved","3"
"CP0005203","C005204","O0005204","2025-12-03","Product","Medium","2025-12-10","Resolved","4"
"CP0005204","C005205","O0005205","2025-12-04","Support","Critical","2025-12-12","Resolved","5"
"CP0005205","C005206","O0005206","2025-12-05","Product","Medium","2025-12-14","Resolved","1"
"CP0005206","C005207","O0005207","2025-12-06","Payment","Medium","2025-12-16","Resolved","2"
"CP0005207","C005208","O0005208","2025-12-07","Refund","High","2025-12-18","Resolved","3"
"CP0005208","C005209","O0005209","2025-12-08","Support","Critical","","Open",""
"CP0005209","C005210","O0005210","2025-12-09","Payment","High","2025-12-10","Resolved","5"
"CP0005210","C005211","O0005211","2025-12-10","Delivery","High","2025-12-12","Resolved","1"
"CP0005211","C005212","O0005212","2025-12-11","Payment","Low","2025-12-14","Resolved","2"
"CP0005212","C005213","O0005213","2025-12-12","Delivery","Critical","2025-12-16","Resolved","3"
"CP0005213","C005214","O0005214","2025-12-13","Delivery","High","2025-12-18","Resolved","4"
"CP0005214","C005215","O0005215","2025-12-14","Payment","Medium","2025-12-20","Resolved","5"
"CP0005215","C005216","O0005216","2025-12-15","Delivery","Low","2025-12-22","Resolved","1"
"CP0005216","C005217","O0005217","2025-12-16","Payment","Low","","Open",""
"CP0005217","C005218","O0005218","2025-12-17","Delivery","Critical","2025-12-26","Resolved","3"
"CP0005218","C005219","O0005219","2025-12-18","Product","Medium","2025-12-28","Resolved","4"
"CP0005219","C005220","O0005220","2025-12-19","Support","Medium","2025-12-30","Resolved","5"
"CP0005220","C005221","O0005221","2025-12-20","Delivery","Critical","2025-12-20","Resolved","1"
"CP0005221","C005222","O0005222","2025-12-21","Refund","Medium","2025-12-22","Resolved","2"
"CP0005222","C005223","O0005223","2025-12-22","Product","Critical","2025-12-24","Resolved","3"
"CP0005223","C005224","O0005224","2025-12-23","Payment","Low","2025-12-26","Resolved","4"
"CP0005224","C005225","O0005225","2025-12-24","Product","Low","","Open",""
"CP0005225","C005226","O0005226","2025-12-25","Payment","Critical","2025-12-30","Resolved","1"
"CP0005226","C005227","O0005227","2025-12-26","Product","Low","2026-01-01","Resolved","2"
"CP0005227","C005228","O0005228","2025-12-27","Delivery","High","2026-01-03","Resolved","3"
"CP0005228","C005229","O0005229","2025-12-28","Delivery","High","2026-01-05","Resolved","4"
"CP0005229","C005230","O0005230","2025-12-29","Refund","Low","2026-01-07","Resolved","5"
"CP0005230","C005231","O0005231","2025-12-30","Product","Medium","2026-01-09","Resolved","1"
"CP0005231","C005232","O0005232","2025-12-31","Refund","Low","2026-01-11","Resolved","2"
"CP0005232","C005233","O0005233","2026-01-01","Support","Low","","Open",""
"CP0005233","C005234","O0005234","2026-01-02","Product","Low","2026-01-03","Resolved","4"
"CP0005234","C005235","O0005235","2026-01-03","Payment","Medium","2026-01-05","Resolved","5"
"CP0005235","C005236","O0005236","2026-01-04","Refund","Medium","2026-01-07","Resolved","1"
"CP0005236","C005237","O0005237","2026-01-05","Support","Low","2026-01-09","Resolved","2"
"CP0005237","C005238","O0005238","2026-01-06","Support","High","2026-01-11","Resolved","3"
"CP0005238","C005239","O0005239","2026-01-07","Support","High","2026-01-13","Resolved","4"
"CP0005239","C005240","O0005240","2026-01-08","Refund","Medium","2026-01-15","Resolved","5"
"CP0005240","C005241","O0005241","2026-01-09","Refund","Medium","","Open",""
"CP0005241","C005242","O0005242","2026-01-10","Delivery","Critical","2026-01-19","Resolved","2"
"CP0005242","C005243","O0005243","2026-01-11","Support","Medium","2026-01-21","Resolved","3"
"CP0005243","C005244","O0005244","2026-01-12","Refund","Critical","2026-01-23","Resolved","4"
"CP0005244","C005245","O0005245","2026-01-13","Product","Medium","2026-01-13","Resolved","5"
"CP0005245","C005246","O0005246","2026-01-14","Support","Low","2026-01-15","Resolved","1"
"CP0005246","C005247","O0005247","2026-01-15","Support","High","2026-01-17","Resolved","2"
"CP0005247","C005248","O0005248","2026-01-16","Payment","High","2026-01-19","Resolved","3"
"CP0005248","C005249","O0005249","2026-01-17","Delivery","Critical","","Open",""
"CP0005249","C005250","O0005250","2026-01-18","Refund","Medium","2026-01-23","Resolved","5"
"CP0005250","C005251","O0005251","2026-01-19","Product","Critical","2026-01-25","Resolved","1"
"CP0005251","C005252","O0005252","2026-01-20","Support","Critical","2026-01-27","Resolved","2"
"CP0005252","C005253","O0005253","2026-01-21","Delivery","Low","2026-01-29","Resolved","3"
"CP0005253","C005254","O0005254","2026-01-22","Delivery","Medium","2026-01-31","Resolved","4"
"CP0005254","C005255","O0005255","2026-01-23","Delivery","High","2026-02-02","Resolved","5"
"CP0005255","C005256","O0005256","2026-01-24","Product","Critical","2026-02-04","Resolved","1"
"CP0005256","C005257","O0005257","2026-01-25","Delivery","Critical","","Open",""
"CP0005257","C005258","O0005258","2026-01-26","Refund","Low","2026-01-27","Resolved","3"
"CP0005258","C005259","O0005259","2026-01-27","Product","Low","2026-01-29","Resolved","4"
"CP0005259","C005260","O0005260","2026-01-28","Refund","Low","2026-01-31","Resolved","5"
"CP0005260","C005261","O0005261","2026-01-29","Product","Critical","2026-02-02","Resolved","1"
"CP0005261","C005262","O0005262","2026-01-30","Support","Low","2026-02-04","Resolved","2"
"CP0005262","C005263","O0005263","2026-01-31","Product","Low","2026-02-06","Resolved","3"
"CP0005263","C005264","O0005264","2026-02-01","Payment","Medium","2026-02-08","Resolved","4"
"CP0005264","C005265","O0005265","2026-02-02","Delivery","High","","Open",""
"CP0005265","C005266","O0005266","2026-02-03","Payment","Medium","2026-02-12","Resolved","1"
"CP0005266","C005267","O0005267","2026-02-04","Refund","Low","2026-02-14","Resolved","2"
"CP0005267","C005268","O0005268","2026-02-05","Refund","Critical","2026-02-16","Resolved","3"
"CP0005268","C005269","O0005269","2026-02-06","Support","Critical","2026-02-06","Resolved","4"
"CP0005269","C005270","O0005270","2026-02-07","Support","Medium","2026-02-08","Resolved","5"
"CP0005270","C005271","O0005271","2026-02-08","Product","High","2026-02-10","Resolved","1"
"CP0005271","C005272","O0005272","2026-02-09","Support","High","2026-02-12","Resolved","2"
"CP0005272","C005273","O0005273","2026-02-10","Product","Medium","","Open",""
"CP0005273","C005274","O0005274","2026-02-11","Refund","High","2026-02-16","Resolved","4"
"CP0005274","C005275","O0005275","2026-02-12","Delivery","High","2026-02-18","Resolved","5"
"CP0005275","C005276","O0005276","2026-02-13","Support","Critical","2026-02-20","Resolved","1"
"CP0005276","C005277","O0005277","2026-02-14","Delivery","High","2026-02-22","Resolved","2"
"CP0005277","C005278","O0005278","2026-02-15","Refund","Low","2026-02-24","Resolved","3"
"CP0005278","C005279","O0005279","2026-02-16","Payment","Medium","2026-02-26","Resolved","4"
"CP0005279","C005280","O0005280","2026-02-17","Delivery","Low","2026-02-28","Resolved","5"
"CP0005280","C005281","O0005281","2026-02-18","Delivery","Medium","","Open",""
"CP0005281","C005282","O0005282","2026-02-19","Refund","Critical","2026-02-20","Resolved","2"
"CP0005282","C005283","O0005283","2026-02-20","Delivery","Medium","2026-02-22","Resolved","3"
"CP0005283","C005284","O0005284","2026-02-21","Delivery","High","2026-02-24","Resolved","4"
"CP0005284","C005285","O0005285","2026-02-22","Support","Medium","2026-02-26","Resolved","5"
"CP0005285","C005286","O0005286","2026-02-23","Delivery","High","2026-02-28","Resolved","1"
"CP0005286","C005287","O0005287","2026-02-24","Payment","Medium","2026-03-02","Resolved","2"
"CP0005287","C005288","O0005288","2026-02-25","Payment","Critical","2026-03-04","Resolved","3"
"CP0005288","C005289","O0005289","2026-02-26","Support","Critical","","Open",""
"CP0005289","C005290","O0005290","2026-02-27","Refund","Medium","2026-03-08","Resolved","5"
"CP0005290","C005291","O0005291","2026-02-28","Support","Medium","2026-03-10","Resolved","1"
"CP0005291","C005292","O0005292","2026-03-01","Refund","Low","2026-03-12","Resolved","2"
"CP0005292","C005293","O0005293","2026-03-02","Refund","Critical","2026-03-02","Resolved","3"
"CP0005293","C005294","O0005294","2026-03-03","Delivery","Low","2026-03-04","Resolved","4"
"CP0005294","C005295","O0005295","2026-03-04","Support","Medium","2026-03-06","Resolved","5"
"CP0005295","C005296","O0005296","2026-03-05","Refund","High","2026-03-08","Resolved","1"
"CP0005296","C005297","O0005297","2026-03-06","Product","Low","","Open",""
"CP0005297","C005298","O0005298","2026-03-07","Product","High","2026-03-12","Resolved","3"
"CP0005298","C005299","O0005299","2026-03-08","Payment","Medium","2026-03-14","Resolved","4"
"CP0005299","C005300","O0005300","2026-03-09","Refund","Medium","2026-03-16","Resolved","5"
"CP0005300","C005301","O0005301","2026-03-10","Support","Low","2026-03-18","Resolved","1"
"CP0005301","C005302","O0005302","2026-03-11","Product","Medium","2026-03-20","Resolved","2"
"CP0005302","C005303","O0005303","2026-03-12","Support","Medium","2026-03-22","Resolved","3"
"CP0005303","C005304","O0005304","2026-03-13","Refund","Medium","2026-03-24","Resolved","4"
"CP0005304","C005305","O0005305","2026-03-14","Product","Critical","","Open",""
"CP0005305","C005306","O0005306","2026-03-15","Payment","Low","2026-03-16","Resolved","1"
"CP0005306","C005307","O0005307","2026-03-16","Product","Medium","2026-03-18","Resolved","2"
"CP0005307","C005308","O0005308","2026-03-17","Support","Medium","2026-03-20","Resolved","3"
"CP0005308","C005309","O0005309","2026-03-18","Support","Low","2026-03-22","Resolved","4"
"CP0005309","C005310","O0005310","2026-03-19","Refund","Low","2026-03-24","Resolved","5"
"CP0005310","C005311","O0005311","2026-03-20","Payment","Low","2026-03-26","Resolved","1"
"CP0005311","C005312","O0005312","2026-03-21","Payment","Low","2026-03-28","Resolved","2"
"CP0005312","C005313","O0005313","2026-03-22","Refund","Medium","","Open",""
"CP0005313","C005314","O0005314","2026-03-23","Refund","Critical","2026-04-01","Resolved","4"
"CP0005314","C005315","O0005315","2026-03-24","Payment","Medium","2026-04-03","Resolved","5"
"CP0005315","C005316","O0005316","2026-03-25","Support","Critical","2026-04-05","Resolved","1"
"CP0005316","C005317","O0005317","2026-03-26","Delivery","Medium","2026-03-26","Resolved","2"
"CP0005317","C005318","O0005318","2026-03-27","Refund","Low","2026-03-28","Resolved","3"
"CP0005318","C005319","O0005319","2026-03-28","Refund","Medium","2026-03-30","Resolved","4"
"CP0005319","C005320","O0005320","2026-03-29","Delivery","Low","2026-04-01","Resolved","5"
"CP0005320","C005321","O0005321","2026-03-30","Product","Low","","Open",""
"CP0005321","C005322","O0005322","2026-03-31","Delivery","Critical","2026-04-05","Resolved","2"
"CP0005322","C005323","O0005323","2026-04-01","Support","Medium","2026-04-07","Resolved","3"
"CP0005323","C005324","O0005324","2026-04-02","Payment","High","2026-04-09","Resolved","4"
"CP0005324","C005325","O0005325","2026-04-03","Refund","Critical","2026-04-11","Resolved","5"
"CP0005325","C005326","O0005326","2026-04-04","Delivery","High","2026-04-13","Resolved","1"
"CP0005326","C005327","O0005327","2026-04-05","Support","Low","2026-04-15","Resolved","2"
"CP0005327","C005328","O0005328","2026-04-06","Refund","Low","2026-04-17","Resolved","3"
"CP0005328","C005329","O0005329","2026-04-07","Product","Low","","Open",""
"CP0005329","C005330","O0005330","2026-04-08","Product","Low","2026-04-09","Resolved","5"
"CP0005330","C005331","O0005331","2026-04-09","Payment","High","2026-04-11","Resolved","1"
"CP0005331","C005332","O0005332","2026-04-10","Refund","Low","2026-04-13","Resolved","2"
"CP0005332","C005333","O0005333","2026-04-11","Payment","Low","2026-04-15","Resolved","3"
"CP0005333","C005334","O0005334","2026-04-12","Refund","Medium","2026-04-17","Resolved","4"
"CP0005334","C005335","O0005335","2026-04-13","Refund","High","2026-04-19","Resolved","5"
"CP0005335","C005336","O0005336","2026-04-14","Payment","Low","2026-04-21","Resolved","1"
"CP0005336","C005337","O0005337","2026-04-15","Payment","High","","Open",""
"CP0005337","C005338","O0005338","2026-04-16","Product","Medium","2026-04-25","Resolved","3"
"CP0005338","C005339","O0005339","2026-04-17","Support","Medium","2026-04-27","Resolved","4"
"CP0005339","C005340","O0005340","2026-04-18","Product","Critical","2026-04-29","Resolved","5"
"CP0005340","C005341","O0005341","2026-04-19","Payment","Medium","2026-04-19","Resolved","1"
"CP0005341","C005342","O0005342","2026-04-20","Payment","Low","2026-04-21","Resolved","2"
"CP0005342","C005343","O0005343","2026-04-21","Refund","Low","2026-04-23","Resolved","3"
"CP0005343","C005344","O0005344","2026-04-22","Refund","Medium","2026-04-25","Resolved","4"
"CP0005344","C005345","O0005345","2026-04-23","Delivery","Medium","","Open",""
"CP0005345","C005346","O0005346","2026-04-24","Payment","Medium","2026-04-29","Resolved","1"
"CP0005346","C005347","O0005347","2026-04-25","Payment","Critical","2026-05-01","Resolved","2"
"CP0005347","C005348","O0005348","2026-04-26","Refund","Critical","2026-05-03","Resolved","3"
"CP0005348","C005349","O0005349","2026-04-27","Delivery","High","2026-05-05","Resolved","4"
"CP0005349","C005350","O0005350","2026-04-28","Delivery","High","2026-05-07","Resolved","5"
"CP0005350","C005351","O0005351","2026-04-29","Delivery","Low","2026-05-09","Resolved","1"
"CP0005351","C005352","O0005352","2026-04-30","Support","Medium","2026-05-11","Resolved","2"
"CP0005352","C005353","O0005353","2026-05-01","Product","Low","","Open",""
"CP0005353","C005354","O0005354","2026-05-02","Product","Medium","2026-05-03","Resolved","4"
"CP0005354","C005355","O0005355","2026-05-03","Support","Medium","2026-05-05","Resolved","5"
"CP0005355","C005356","O0005356","2026-05-04","Refund","High","2026-05-07","Resolved","1"
"CP0005356","C005357","O0005357","2026-05-05","Payment","Medium","2026-05-09","Resolved","2"
"CP0005357","C005358","O0005358","2026-05-06","Product","Critical","2026-05-11","Resolved","3"
"CP0005358","C005359","O0005359","2026-05-07","Support","Medium","2026-05-13","Resolved","4"
"CP0005359","C005360","O0005360","2026-05-08","Product","Medium","2026-05-15","Resolved","5"
"CP0005360","C005361","O0005361","2026-05-09","Payment","Low","","Open",""
"CP0005361","C005362","O0005362","2026-05-10","Payment","Critical","2026-05-19","Resolved","2"
"CP0005362","C005363","O0005363","2026-05-11","Refund","Critical","2026-05-21","Resolved","3"
"CP0005363","C005364","O0005364","2026-05-12","Delivery","High","2026-05-23","Resolved","4"
"CP0005364","C005365","O0005365","2026-05-13","Refund","Low","2026-05-13","Resolved","5"
"CP0005365","C005366","O0005366","2026-05-14","Delivery","Critical","2026-05-15","Resolved","1"
"CP0005366","C005367","O0005367","2026-05-15","Refund","Critical","2026-05-17","Resolved","2"
"CP0005367","C005368","O0005368","2026-05-16","Refund","Low","2026-05-19","Resolved","3"
"CP0005368","C005369","O0005369","2026-05-17","Support","Medium","","Open",""
"CP0005369","C005370","O0005370","2026-05-18","Payment","Critical","2026-05-23","Resolved","5"
"CP0005370","C005371","O0005371","2026-05-19","Refund","Critical","2026-05-25","Resolved","1"
"CP0005371","C005372","O0005372","2026-05-20","Delivery","Medium","2026-05-27","Resolved","2"
"CP0005372","C005373","O0005373","2026-05-21","Support","Medium","2026-05-29","Resolved","3"
"CP0005373","C005374","O0005374","2026-05-22","Delivery","Critical","2026-05-31","Resolved","4"
"CP0005374","C005375","O0005375","2026-05-23","Product","Medium","2026-06-02","Resolved","5"
"CP0005375","C005376","O0005376","2026-05-24","Payment","High","2026-06-04","Resolved","1"
"CP0005376","C005377","O0005377","2026-05-25","Refund","Low","","Open",""
"CP0005377","C005378","O0005378","2026-05-26","Refund","Critical","2026-05-27","Resolved","3"
"CP0005378","C005379","O0005379","2026-05-27","Support","High","2026-05-29","Resolved","4"
"CP0005379","C005380","O0005380","2026-05-28","Payment","Medium","2026-05-31","Resolved","5"
"CP0005380","C005381","O0005381","2026-05-29","Payment","High","2026-06-02","Resolved","1"
"CP0005381","C005382","O0005382","2026-05-30","Payment","High","2026-06-04","Resolved","2"
"CP0005382","C005383","O0005383","2026-05-31","Payment","Critical","2026-06-06","Resolved","3"
"CP0005383","C005384","O0005384","2026-06-01","Support","Low","2026-06-08","Resolved","4"
"CP0005384","C005385","O0005385","2026-06-02","Support","Critical","","Open",""
"CP0005385","C005386","O0005386","2026-06-03","Product","Low","2026-06-12","Resolved","1"
"CP0005386","C005387","O0005387","2026-06-04","Support","Critical","2026-06-14","Resolved","2"
"CP0005387","C005388","O0005388","2026-06-05","Refund","High","2026-06-16","Resolved","3"
"CP0005388","C005389","O0005389","2026-06-06","Delivery","High","2026-06-06","Resolved","4"
"CP0005389","C005390","O0005390","2026-06-07","Refund","Medium","2026-06-08","Resolved","5"
"CP0005390","C005391","O0005391","2026-06-08","Delivery","Medium","2026-06-10","Resolved","1"
"CP0005391","C005392","O0005392","2026-06-09","Delivery","High","2026-06-12","Resolved","2"
"CP0005392","C005393","O0005393","2026-06-10","Support","High","","Open",""
"CP0005393","C005394","O0005394","2026-06-11","Delivery","Low","2026-06-16","Resolved","4"
"CP0005394","C005395","O0005395","2026-06-12","Product","Low","2026-06-18","Resolved","5"
"CP0005395","C005396","O0005396","2026-06-13","Product","Medium","2026-06-20","Resolved","1"
"CP0005396","C005397","O0005397","2026-06-14","Delivery","Critical","2026-06-22","Resolved","2"
"CP0005397","C005398","O0005398","2026-06-15","Support","Medium","2026-06-24","Resolved","3"
"CP0005398","C005399","O0005399","2026-06-16","Refund","High","2026-06-26","Resolved","4"
"CP0005399","C005400","O0005400","2026-06-17","Payment","Critical","2026-06-28","Resolved","5"
"CP0005400","C005401","O0005401","2026-06-18","Payment","High","","Open",""
"CP0005401","C005402","O0005402","2026-06-19","Delivery","Low","2026-06-20","Resolved","2"
"CP0005402","C005403","O0005403","2026-06-20","Refund","Medium","2026-06-22","Resolved","3"
"CP0005403","C005404","O0005404","2026-06-21","Support","High","2026-06-24","Resolved","4"
"CP0005404","C005405","O0005405","2026-06-22","Payment","Medium","2026-06-26","Resolved","5"
"CP0005405","C005406","O0005406","2026-06-23","Refund","Critical","2026-06-28","Resolved","1"
"CP0005406","C005407","O0005407","2026-06-24","Refund","Critical","2026-06-30","Resolved","2"
"CP0005407","C005408","O0005408","2026-06-25","Delivery","High","2026-07-02","Resolved","3"
"CP0005408","C005409","O0005409","2026-06-26","Payment","High","","Open",""
"CP0005409","C005410","O0005410","2026-06-27","Support","Medium","2026-07-06","Resolved","5"
"CP0005410","C005411","O0005411","2026-06-28","Delivery","Critical","2026-07-08","Resolved","1"
"CP0005411","C005412","O0005412","2026-06-29","Support","Low","2026-07-10","Resolved","2"
"CP0005412","C005413","O0005413","2026-06-30","Delivery","High","2026-06-30","Resolved","3"
"CP0005413","C005414","O0005414","2026-07-01","Delivery","Critical","2026-07-02","Resolved","4"
"CP0005414","C005415","O0005415","2026-07-02","Payment","Medium","2026-07-04","Resolved","5"
"CP0005415","C005416","O0005416","2026-07-03","Refund","High","2026-07-06","Resolved","1"
"CP0005416","C005417","O0005417","2026-07-04","Refund","High","","Open",""
"CP0005417","C005418","O0005418","2026-07-05","Delivery","Low","2026-07-10","Resolved","3"
"CP0005418","C005419","O0005419","2026-07-06","Product","Medium","2026-07-12","Resolved","4"
"CP0005419","C005420","O0005420","2026-07-07","Refund","Medium","2026-07-14","Resolved","5"
"CP0005420","C005421","O0005421","2026-07-08","Product","High","2026-07-16","Resolved","1"
"CP0005421","C005422","O0005422","2026-07-09","Refund","Medium","2026-07-18","Resolved","2"
"CP0005422","C005423","O0005423","2026-07-10","Delivery","Low","2026-07-20","Resolved","3"
"CP0005423","C005424","O0005424","2026-07-11","Product","Critical","2026-07-22","Resolved","4"
"CP0005424","C005425","O0005425","2026-07-12","Product","Low","","Open",""
"CP0005425","C005426","O0005426","2026-07-13","Refund","Medium","2026-07-14","Resolved","1"
"CP0005426","C005427","O0005427","2026-07-14","Product","Critical","2026-07-16","Resolved","2"
"CP0005427","C005428","O0005428","2026-07-15","Refund","Low","2026-07-18","Resolved","3"
"CP0005428","C005429","O0005429","2026-07-16","Payment","High","2026-07-20","Resolved","4"
"CP0005429","C005430","O0005430","2026-07-17","Delivery","Medium","2026-07-22","Resolved","5"
"CP0005430","C005431","O0005431","2026-07-18","Payment","High","2026-07-24","Resolved","1"
"CP0005431","C005432","O0005432","2026-07-19","Support","Medium","2026-07-26","Resolved","2"
"CP0005432","C005433","O0005433","2026-07-20","Payment","Medium","","Open",""
"CP0005433","C005434","O0005434","2026-07-21","Refund","Medium","2026-07-30","Resolved","4"
"CP0005434","C005435","O0005435","2026-07-22","Delivery","High","2026-08-01","Resolved","5"
"CP0005435","C005436","O0005436","2026-07-23","Payment","High","2026-08-03","Resolved","1"
"CP0005436","C005437","O0005437","2026-07-24","Delivery","Critical","2026-07-24","Resolved","2"
"CP0005437","C005438","O0005438","2026-07-25","Product","Critical","2026-07-26","Resolved","3"
"CP0005438","C005439","O0005439","2026-07-26","Delivery","High","2026-07-28","Resolved","4"
"CP0005439","C005440","O0005440","2026-07-27","Payment","Medium","2026-07-30","Resolved","5"
"CP0005440","C005441","O0005441","2026-07-28","Delivery","High","","Open",""
"CP0005441","C005442","O0005442","2026-07-29","Support","High","2026-08-03","Resolved","2"
"CP0005442","C005443","O0005443","2026-07-30","Product","Medium","2026-08-05","Resolved","3"
"CP0005443","C005444","O0005444","2026-07-31","Refund","Medium","2026-08-07","Resolved","4"
"CP0005444","C005445","O0005445","2026-08-01","Product","Low","2026-08-09","Resolved","5"
"CP0005445","C005446","O0005446","2026-08-02","Support","Critical","2026-08-11","Resolved","1"
"CP0005446","C005447","O0005447","2026-08-03","Product","Medium","2026-08-13","Resolved","2"
"CP0005447","C005448","O0005448","2026-08-04","Delivery","Low","2026-08-15","Resolved","3"
"CP0005448","C005449","O0005449","2026-08-05","Support","Critical","","Open",""
"CP0005449","C005450","O0005450","2026-08-06","Payment","Low","2026-08-07","Resolved","5"
"CP0005450","C005451","O0005451","2026-08-07","Payment","Medium","2026-08-09","Resolved","1"
"CP0005451","C005452","O0005452","2026-08-08","Support","Critical","2026-08-11","Resolved","2"
"CP0005452","C005453","O0005453","2026-08-09","Payment","Critical","2026-08-13","Resolved","3"
"CP0005453","C005454","O0005454","2026-08-10","Product","Critical","2026-08-15","Resolved","4"
"CP0005454","C005455","O0005455","2026-08-11","Payment","Low","2026-08-17","Resolved","5"
"CP0005455","C005456","O0005456","2026-08-12","Payment","Medium","2026-08-19","Resolved","1"
"CP0005456","C005457","O0005457","2026-08-13","Support","Critical","","Open",""
"CP0005457","C005458","O0005458","2026-08-14","Delivery","Critical","2026-08-23","Resolved","3"
"CP0005458","C005459","O0005459","2026-08-15","Delivery","High","2026-08-25","Resolved","4"
"CP0005459","C005460","O0005460","2026-08-16","Refund","Low","2026-08-27","Resolved","5"
"CP0005460","C005461","O0005461","2026-08-17","Support","Medium","2026-08-17","Resolved","1"
"CP0005461","C005462","O0005462","2026-08-18","Support","Critical","2026-08-19","Resolved","2"
"CP0005462","C005463","O0005463","2026-08-19","Delivery","Critical","2026-08-21","Resolved","3"
"CP0005463","C005464","O0005464","2026-08-20","Product","Low","2026-08-23","Resolved","4"
"CP0005464","C005465","O0005465","2026-08-21","Payment","Medium","","Open",""
"CP0005465","C005466","O0005466","2026-08-22","Delivery","Low","2026-08-27","Resolved","1"
"CP0005466","C005467","O0005467","2026-08-23","Delivery","Medium","2026-08-29","Resolved","2"
"CP0005467","C005468","O0005468","2026-08-24","Delivery","Low","2026-08-31","Resolved","3"
"CP0005468","C005469","O0005469","2026-08-25","Support","Low","2026-09-02","Resolved","4"
"CP0005469","C005470","O0005470","2026-08-26","Delivery","Low","2026-09-04","Resolved","5"
"CP0005470","C005471","O0005471","2026-08-27","Payment","Low","2026-09-06","Resolved","1"
"CP0005471","C005472","O0005472","2026-08-28","Payment","Critical","2026-09-08","Resolved","2"
"CP0005472","C005473","O0005473","2026-08-29","Payment","Medium","","Open",""
"CP0005473","C005474","O0005474","2026-08-30","Support","Critical","2026-08-31","Resolved","4"
"CP0005474","C005475","O0005475","2026-08-31","Product","High","2026-09-02","Resolved","5"
"CP0005475","C005476","O0005476","2025-09-01","Refund","High","2025-09-04","Resolved","1"
"CP0005476","C005477","O0005477","2025-09-02","Delivery","Low","2025-09-06","Resolved","2"
"CP0005477","C005478","O0005478","2025-09-03","Support","Critical","2025-09-08","Resolved","3"
"CP0005478","C005479","O0005479","2025-09-04","Refund","Low","2025-09-10","Resolved","4"
"CP0005479","C005480","O0005480","2025-09-05","Product","Medium","2025-09-12","Resolved","5"
"CP0005480","C005481","O0005481","2025-09-06","Product","Medium","","Open",""
"CP0005481","C005482","O0005482","2025-09-07","Product","High","2025-09-16","Resolved","2"
"CP0005482","C005483","O0005483","2025-09-08","Payment","Medium","2025-09-18","Resolved","3"
"CP0005483","C005484","O0005484","2025-09-09","Refund","Medium","2025-09-20","Resolved","4"
"CP0005484","C005485","O0005485","2025-09-10","Product","Low","2025-09-10","Resolved","5"
"CP0005485","C005486","O0005486","2025-09-11","Payment","Low","2025-09-12","Resolved","1"
"CP0005486","C005487","O0005487","2025-09-12","Refund","High","2025-09-14","Resolved","2"
"CP0005487","C005488","O0005488","2025-09-13","Refund","Medium","2025-09-16","Resolved","3"
"CP0005488","C005489","O0005489","2025-09-14","Refund","Low","","Open",""
"CP0005489","C005490","O0005490","2025-09-15","Support","Low","2025-09-20","Resolved","5"
"CP0005490","C005491","O0005491","2025-09-16","Refund","Medium","2025-09-22","Resolved","1"
"CP0005491","C005492","O0005492","2025-09-17","Delivery","High","2025-09-24","Resolved","2"
"CP0005492","C005493","O0005493","2025-09-18","Delivery","High","2025-09-26","Resolved","3"
"CP0005493","C005494","O0005494","2025-09-19","Delivery","High","2025-09-28","Resolved","4"
"CP0005494","C005495","O0005495","2025-09-20","Payment","Critical","2025-09-30","Resolved","5"
"CP0005495","C005496","O0005496","2025-09-21","Delivery","Medium","2025-10-02","Resolved","1"
"CP0005496","C005497","O0005497","2025-09-22","Delivery","Medium","","Open",""
"CP0005497","C005498","O0005498","2025-09-23","Refund","Low","2025-09-24","Resolved","3"
"CP0005498","C005499","O0005499","2025-09-24","Payment","Low","2025-09-26","Resolved","4"
"CP0005499","C005500","O0005500","2025-09-25","Refund","High","2025-09-28","Resolved","5"
"CP0005500","C005501","O0005501","2025-09-26","Delivery","Critical","2025-09-30","Resolved","1"
"CP0005501","C005502","O0005502","2025-09-27","Payment","Low","2025-10-02","Resolved","2"
"CP0005502","C005503","O0005503","2025-09-28","Delivery","Critical","2025-10-04","Resolved","3"
"CP0005503","C005504","O0005504","2025-09-29","Payment","Low","2025-10-06","Resolved","4"
"CP0005504","C005505","O0005505","2025-09-30","Delivery","High","","Open",""
"CP0005505","C005506","O0005506","2025-10-01","Refund","Low","2025-10-10","Resolved","1"
"CP0005506","C005507","O0005507","2025-10-02","Product","Low","2025-10-12","Resolved","2"
"CP0005507","C005508","O0005508","2025-10-03","Product","Low","2025-10-14","Resolved","3"
"CP0005508","C005509","O0005509","2025-10-04","Product","Medium","2025-10-04","Resolved","4"
"CP0005509","C005510","O0005510","2025-10-05","Payment","High","2025-10-06","Resolved","5"
"CP0005510","C005511","O0005511","2025-10-06","Payment","Low","2025-10-08","Resolved","1"
"CP0005511","C005512","O0005512","2025-10-07","Delivery","High","2025-10-10","Resolved","2"
"CP0005512","C005513","O0005513","2025-10-08","Refund","Low","","Open",""
"CP0005513","C005514","O0005514","2025-10-09","Payment","High","2025-10-14","Resolved","4"
"CP0005514","C005515","O0005515","2025-10-10","Payment","High","2025-10-16","Resolved","5"
"CP0005515","C005516","O0005516","2025-10-11","Support","Critical","2025-10-18","Resolved","1"
"CP0005516","C005517","O0005517","2025-10-12","Product","Critical","2025-10-20","Resolved","2"
"CP0005517","C005518","O0005518","2025-10-13","Delivery","Critical","2025-10-22","Resolved","3"
"CP0005518","C005519","O0005519","2025-10-14","Support","High","2025-10-24","Resolved","4"
"CP0005519","C005520","O0005520","2025-10-15","Delivery","High","2025-10-26","Resolved","5"
"CP0005520","C005521","O0005521","2025-10-16","Support","Low","","Open",""
"CP0005521","C005522","O0005522","2025-10-17","Delivery","Critical","2025-10-18","Resolved","2"
"CP0005522","C005523","O0005523","2025-10-18","Delivery","Medium","2025-10-20","Resolved","3"
"CP0005523","C005524","O0005524","2025-10-19","Payment","Low","2025-10-22","Resolved","4"
"CP0005524","C005525","O0005525","2025-10-20","Refund","Critical","2025-10-24","Resolved","5"
"CP0005525","C005526","O0005526","2025-10-21","Delivery","Low","2025-10-26","Resolved","1"
"CP0005526","C005527","O0005527","2025-10-22","Refund","Critical","2025-10-28","Resolved","2"
"CP0005527","C005528","O0005528","2025-10-23","Product","High","2025-10-30","Resolved","3"
"CP0005528","C005529","O0005529","2025-10-24","Support","Critical","","Open",""
"CP0005529","C005530","O0005530","2025-10-25","Delivery","Critical","2025-11-03","Resolved","5"
"CP0005530","C005531","O0005531","2025-10-26","Product","Low","2025-11-05","Resolved","1"
"CP0005531","C005532","O0005532","2025-10-27","Refund","High","2025-11-07","Resolved","2"
"CP0005532","C005533","O0005533","2025-10-28","Payment","High","2025-10-28","Resolved","3"
"CP0005533","C005534","O0005534","2025-10-29","Product","Critical","2025-10-30","Resolved","4"
"CP0005534","C005535","O0005535","2025-10-30","Refund","Critical","2025-11-01","Resolved","5"
"CP0005535","C005536","O0005536","2025-10-31","Delivery","Low","2025-11-03","Resolved","1"
"CP0005536","C005537","O0005537","2025-11-01","Delivery","Low","","Open",""
"CP0005537","C005538","O0005538","2025-11-02","Product","High","2025-11-07","Resolved","3"
"CP0005538","C005539","O0005539","2025-11-03","Refund","Medium","2025-11-09","Resolved","4"
"CP0005539","C005540","O0005540","2025-11-04","Delivery","Low","2025-11-11","Resolved","5"
"CP0005540","C005541","O0005541","2025-11-05","Payment","Medium","2025-11-13","Resolved","1"
"CP0005541","C005542","O0005542","2025-11-06","Product","Low","2025-11-15","Resolved","2"
"CP0005542","C005543","O0005543","2025-11-07","Refund","Low","2025-11-17","Resolved","3"
"CP0005543","C005544","O0005544","2025-11-08","Support","High","2025-11-19","Resolved","4"
"CP0005544","C005545","O0005545","2025-11-09","Product","Medium","","Open",""
"CP0005545","C005546","O0005546","2025-11-10","Delivery","Critical","2025-11-11","Resolved","1"
"CP0005546","C005547","O0005547","2025-11-11","Payment","Medium","2025-11-13","Resolved","2"
"CP0005547","C005548","O0005548","2025-11-12","Payment","Critical","2025-11-15","Resolved","3"
"CP0005548","C005549","O0005549","2025-11-13","Delivery","High","2025-11-17","Resolved","4"
"CP0005549","C005550","O0005550","2025-11-14","Product","Medium","2025-11-19","Resolved","5"
"CP0005550","C005551","O0005551","2025-11-15","Refund","Critical","2025-11-21","Resolved","1"
"CP0005551","C005552","O0005552","2025-11-16","Product","High","2025-11-23","Resolved","2"
"CP0005552","C005553","O0005553","2025-11-17","Delivery","High","","Open",""
"CP0005553","C005554","O0005554","2025-11-18","Product","Medium","2025-11-27","Resolved","4"
"CP0005554","C005555","O0005555","2025-11-19","Payment","High","2025-11-29","Resolved","5"
"CP0005555","C005556","O0005556","2025-11-20","Product","Critical","2025-12-01","Resolved","1"
"CP0005556","C005557","O0005557","2025-11-21","Delivery","High","2025-11-21","Resolved","2"
"CP0005557","C005558","O0005558","2025-11-22","Support","Low","2025-11-23","Resolved","3"
"CP0005558","C005559","O0005559","2025-11-23","Support","Critical","2025-11-25","Resolved","4"
"CP0005559","C005560","O0005560","2025-11-24","Delivery","High","2025-11-27","Resolved","5"
"CP0005560","C005561","O0005561","2025-11-25","Payment","High","","Open",""
"CP0005561","C005562","O0005562","2025-11-26","Delivery","Critical","2025-12-01","Resolved","2"
"CP0005562","C005563","O0005563","2025-11-27","Payment","Low","2025-12-03","Resolved","3"
"CP0005563","C005564","O0005564","2025-11-28","Payment","Low","2025-12-05","Resolved","4"
"CP0005564","C005565","O0005565","2025-11-29","Support","Critical","2025-12-07","Resolved","5"
"CP0005565","C005566","O0005566","2025-11-30","Refund","Low","2025-12-09","Resolved","1"
"CP0005566","C005567","O0005567","2025-12-01","Payment","Low","2025-12-11","Resolved","2"
"CP0005567","C005568","O0005568","2025-12-02","Payment","High","2025-12-13","Resolved","3"
"CP0005568","C005569","O0005569","2025-12-03","Payment","Medium","","Open",""
"CP0005569","C005570","O0005570","2025-12-04","Support","Medium","2025-12-05","Resolved","5"
"CP0005570","C005571","O0005571","2025-12-05","Product","High","2025-12-07","Resolved","1"
"CP0005571","C005572","O0005572","2025-12-06","Support","Critical","2025-12-09","Resolved","2"
"CP0005572","C005573","O0005573","2025-12-07","Support","Critical","2025-12-11","Resolved","3"
"CP0005573","C005574","O0005574","2025-12-08","Payment","Medium","2025-12-13","Resolved","4"
"CP0005574","C005575","O0005575","2025-12-09","Product","Critical","2025-12-15","Resolved","5"
"CP0005575","C005576","O0005576","2025-12-10","Payment","Low","2025-12-17","Resolved","1"
"CP0005576","C005577","O0005577","2025-12-11","Delivery","High","","Open",""
"CP0005577","C005578","O0005578","2025-12-12","Payment","Low","2025-12-21","Resolved","3"
"CP0005578","C005579","O0005579","2025-12-13","Product","Critical","2025-12-23","Resolved","4"
"CP0005579","C005580","O0005580","2025-12-14","Refund","High","2025-12-25","Resolved","5"
"CP0005580","C005581","O0005581","2025-12-15","Payment","High","2025-12-15","Resolved","1"
"CP0005581","C005582","O0005582","2025-12-16","Payment","Low","2025-12-17","Resolved","2"
"CP0005582","C005583","O0005583","2025-12-17","Payment","High","2025-12-19","Resolved","3"
"CP0005583","C005584","O0005584","2025-12-18","Refund","Critical","2025-12-21","Resolved","4"
"CP0005584","C005585","O0005585","2025-12-19","Support","Critical","","Open",""
"CP0005585","C005586","O0005586","2025-12-20","Refund","High","2025-12-25","Resolved","1"
"CP0005586","C005587","O0005587","2025-12-21","Support","Medium","2025-12-27","Resolved","2"
"CP0005587","C005588","O0005588","2025-12-22","Support","High","2025-12-29","Resolved","3"
"CP0005588","C005589","O0005589","2025-12-23","Refund","High","2025-12-31","Resolved","4"
"CP0005589","C005590","O0005590","2025-12-24","Payment","High","2026-01-02","Resolved","5"
"CP0005590","C005591","O0005591","2025-12-25","Delivery","Critical","2026-01-04","Resolved","1"
"CP0005591","C005592","O0005592","2025-12-26","Support","Low","2026-01-06","Resolved","2"
"CP0005592","C005593","O0005593","2025-12-27","Product","Critical","","Open",""
"CP0005593","C005594","O0005594","2025-12-28","Delivery","Low","2025-12-29","Resolved","4"
"CP0005594","C005595","O0005595","2025-12-29","Refund","Critical","2025-12-31","Resolved","5"
"CP0005595","C005596","O0005596","2025-12-30","Product","Critical","2026-01-02","Resolved","1"
"CP0005596","C005597","O0005597","2025-12-31","Support","Critical","2026-01-04","Resolved","2"
"CP0005597","C005598","O0005598","2026-01-01","Delivery","Medium","2026-01-06","Resolved","3"
"CP0005598","C005599","O0005599","2026-01-02","Product","Low","2026-01-08","Resolved","4"
"CP0005599","C005600","O0005600","2026-01-03","Refund","Medium","2026-01-10","Resolved","5"
"CP0005600","C005601","O0005601","2026-01-04","Support","Medium","","Open",""
"CP0005601","C005602","O0005602","2026-01-05","Payment","Medium","2026-01-14","Resolved","2"
"CP0005602","C005603","O0005603","2026-01-06","Product","Critical","2026-01-16","Resolved","3"
"CP0005603","C005604","O0005604","2026-01-07","Refund","Medium","2026-01-18","Resolved","4"
"CP0005604","C005605","O0005605","2026-01-08","Support","High","2026-01-08","Resolved","5"
"CP0005605","C005606","O0005606","2026-01-09","Payment","High","2026-01-10","Resolved","1"
"CP0005606","C005607","O0005607","2026-01-10","Product","High","2026-01-12","Resolved","2"
"CP0005607","C005608","O0005608","2026-01-11","Payment","Low","2026-01-14","Resolved","3"
"CP0005608","C005609","O0005609","2026-01-12","Refund","High","","Open",""
"CP0005609","C005610","O0005610","2026-01-13","Delivery","Critical","2026-01-18","Resolved","5"
"CP0005610","C005611","O0005611","2026-01-14","Delivery","Critical","2026-01-20","Resolved","1"
"CP0005611","C005612","O0005612","2026-01-15","Support","Critical","2026-01-22","Resolved","2"
"CP0005612","C005613","O0005613","2026-01-16","Delivery","Medium","2026-01-24","Resolved","3"
"CP0005613","C005614","O0005614","2026-01-17","Refund","Low","2026-01-26","Resolved","4"
"CP0005614","C005615","O0005615","2026-01-18","Delivery","Medium","2026-01-28","Resolved","5"
"CP0005615","C005616","O0005616","2026-01-19","Product","High","2026-01-30","Resolved","1"
"CP0005616","C005617","O0005617","2026-01-20","Refund","High","","Open",""
"CP0005617","C005618","O0005618","2026-01-21","Support","High","2026-01-22","Resolved","3"
"CP0005618","C005619","O0005619","2026-01-22","Refund","Critical","2026-01-24","Resolved","4"
"CP0005619","C005620","O0005620","2026-01-23","Support","Medium","2026-01-26","Resolved","5"
"CP0005620","C005621","O0005621","2026-01-24","Refund","High","2026-01-28","Resolved","1"
"CP0005621","C005622","O0005622","2026-01-25","Payment","High","2026-01-30","Resolved","2"
"CP0005622","C005623","O0005623","2026-01-26","Product","Low","2026-02-01","Resolved","3"
"CP0005623","C005624","O0005624","2026-01-27","Payment","Medium","2026-02-03","Resolved","4"
"CP0005624","C005625","O0005625","2026-01-28","Refund","Critical","","Open",""
"CP0005625","C005626","O0005626","2026-01-29","Product","Critical","2026-02-07","Resolved","1"
"CP0005626","C005627","O0005627","2026-01-30","Delivery","Low","2026-02-09","Resolved","2"
"CP0005627","C005628","O0005628","2026-01-31","Refund","High","2026-02-11","Resolved","3"
"CP0005628","C005629","O0005629","2026-02-01","Delivery","Critical","2026-02-01","Resolved","4"
"CP0005629","C005630","O0005630","2026-02-02","Refund","Critical","2026-02-03","Resolved","5"
"CP0005630","C005631","O0005631","2026-02-03","Refund","Low","2026-02-05","Resolved","1"
"CP0005631","C005632","O0005632","2026-02-04","Refund","Low","2026-02-07","Resolved","2"
"CP0005632","C005633","O0005633","2026-02-05","Support","Medium","","Open",""
"CP0005633","C005634","O0005634","2026-02-06","Support","Medium","2026-02-11","Resolved","4"
"CP0005634","C005635","O0005635","2026-02-07","Refund","Low","2026-02-13","Resolved","5"
"CP0005635","C005636","O0005636","2026-02-08","Delivery","Medium","2026-02-15","Resolved","1"
"CP0005636","C005637","O0005637","2026-02-09","Delivery","High","2026-02-17","Resolved","2"
"CP0005637","C005638","O0005638","2026-02-10","Refund","Medium","2026-02-19","Resolved","3"
"CP0005638","C005639","O0005639","2026-02-11","Product","High","2026-02-21","Resolved","4"
"CP0005639","C005640","O0005640","2026-02-12","Delivery","Critical","2026-02-23","Resolved","5"
"CP0005640","C005641","O0005641","2026-02-13","Payment","Medium","","Open",""
"CP0005641","C005642","O0005642","2026-02-14","Delivery","Medium","2026-02-15","Resolved","2"
"CP0005642","C005643","O0005643","2026-02-15","Product","Critical","2026-02-17","Resolved","3"
"CP0005643","C005644","O0005644","2026-02-16","Product","Medium","2026-02-19","Resolved","4"
"CP0005644","C005645","O0005645","2026-02-17","Payment","Low","2026-02-21","Resolved","5"
"CP0005645","C005646","O0005646","2026-02-18","Refund","Critical","2026-02-23","Resolved","1"
"CP0005646","C005647","O0005647","2026-02-19","Product","Critical","2026-02-25","Resolved","2"
"CP0005647","C005648","O0005648","2026-02-20","Product","High","2026-02-27","Resolved","3"
"CP0005648","C005649","O0005649","2026-02-21","Payment","High","","Open",""
"CP0005649","C005650","O0005650","2026-02-22","Refund","Critical","2026-03-03","Resolved","5"
"CP0005650","C005651","O0005651","2026-02-23","Payment","High","2026-03-05","Resolved","1"
"CP0005651","C005652","O0005652","2026-02-24","Delivery","Critical","2026-03-07","Resolved","2"
"CP0005652","C005653","O0005653","2026-02-25","Delivery","Low","2026-02-25","Resolved","3"
"CP0005653","C005654","O0005654","2026-02-26","Support","Medium","2026-02-27","Resolved","4"
"CP0005654","C005655","O0005655","2026-02-27","Delivery","Low","2026-03-01","Resolved","5"
"CP0005655","C005656","O0005656","2026-02-28","Delivery","Critical","2026-03-03","Resolved","1"
"CP0005656","C005657","O0005657","2026-03-01","Delivery","Medium","","Open",""
"CP0005657","C005658","O0005658","2026-03-02","Product","Medium","2026-03-07","Resolved","3"
"CP0005658","C005659","O0005659","2026-03-03","Payment","High","2026-03-09","Resolved","4"
"CP0005659","C005660","O0005660","2026-03-04","Payment","Critical","2026-03-11","Resolved","5"
"CP0005660","C005661","O0005661","2026-03-05","Payment","Medium","2026-03-13","Resolved","1"
"CP0005661","C005662","O0005662","2026-03-06","Payment","Critical","2026-03-15","Resolved","2"
"CP0005662","C005663","O0005663","2026-03-07","Delivery","Medium","2026-03-17","Resolved","3"
"CP0005663","C005664","O0005664","2026-03-08","Refund","Low","2026-03-19","Resolved","4"
"CP0005664","C005665","O0005665","2026-03-09","Support","High","","Open",""
"CP0005665","C005666","O0005666","2026-03-10","Delivery","Medium","2026-03-11","Resolved","1"
"CP0005666","C005667","O0005667","2026-03-11","Delivery","High","2026-03-13","Resolved","2"
"CP0005667","C005668","O0005668","2026-03-12","Refund","Low","2026-03-15","Resolved","3"
"CP0005668","C005669","O0005669","2026-03-13","Payment","Medium","2026-03-17","Resolved","4"
"CP0005669","C005670","O0005670","2026-03-14","Support","Critical","2026-03-19","Resolved","5"
"CP0005670","C005671","O0005671","2026-03-15","Product","Low","2026-03-21","Resolved","1"
"CP0005671","C005672","O0005672","2026-03-16","Refund","Low","2026-03-23","Resolved","2"
"CP0005672","C005673","O0005673","2026-03-17","Payment","Low","","Open",""
"CP0005673","C005674","O0005674","2026-03-18","Delivery","High","2026-03-27","Resolved","4"
"CP0005674","C005675","O0005675","2026-03-19","Refund","Medium","2026-03-29","Resolved","5"
"CP0005675","C005676","O0005676","2026-03-20","Support","Critical","2026-03-31","Resolved","1"
"CP0005676","C005677","O0005677","2026-03-21","Refund","Low","2026-03-21","Resolved","2"
"CP0005677","C005678","O0005678","2026-03-22","Support","Low","2026-03-23","Resolved","3"
"CP0005678","C005679","O0005679","2026-03-23","Product","Low","2026-03-25","Resolved","4"
"CP0005679","C005680","O0005680","2026-03-24","Support","Medium","2026-03-27","Resolved","5"
"CP0005680","C005681","O0005681","2026-03-25","Refund","Low","","Open",""
"CP0005681","C005682","O0005682","2026-03-26","Product","Medium","2026-03-31","Resolved","2"
"CP0005682","C005683","O0005683","2026-03-27","Support","Critical","2026-04-02","Resolved","3"
"CP0005683","C005684","O0005684","2026-03-28","Refund","Critical","2026-04-04","Resolved","4"
"CP0005684","C005685","O0005685","2026-03-29","Refund","Low","2026-04-06","Resolved","5"
"CP0005685","C005686","O0005686","2026-03-30","Refund","Medium","2026-04-08","Resolved","1"
"CP0005686","C005687","O0005687","2026-03-31","Delivery","Critical","2026-04-10","Resolved","2"
"CP0005687","C005688","O0005688","2026-04-01","Delivery","Medium","2026-04-12","Resolved","3"
"CP0005688","C005689","O0005689","2026-04-02","Delivery","Medium","","Open",""
"CP0005689","C005690","O0005690","2026-04-03","Product","Critical","2026-04-04","Resolved","5"
"CP0005690","C005691","O0005691","2026-04-04","Support","High","2026-04-06","Resolved","1"
"CP0005691","C005692","O0005692","2026-04-05","Product","Low","2026-04-08","Resolved","2"
"CP0005692","C005693","O0005693","2026-04-06","Payment","Medium","2026-04-10","Resolved","3"
"CP0005693","C005694","O0005694","2026-04-07","Delivery","Low","2026-04-12","Resolved","4"
"CP0005694","C005695","O0005695","2026-04-08","Refund","High","2026-04-14","Resolved","5"
"CP0005695","C005696","O0005696","2026-04-09","Product","Low","2026-04-16","Resolved","1"
"CP0005696","C005697","O0005697","2026-04-10","Delivery","Low","","Open",""
"CP0005697","C005698","O0005698","2026-04-11","Support","High","2026-04-20","Resolved","3"
"CP0005698","C005699","O0005699","2026-04-12","Delivery","High","2026-04-22","Resolved","4"
"CP0005699","C005700","O0005700","2026-04-13","Refund","Medium","2026-04-24","Resolved","5"
"CP0005700","C005701","O0005701","2026-04-14","Refund","Low","2026-04-14","Resolved","1"
"CP0005701","C005702","O0005702","2026-04-15","Product","Low","2026-04-16","Resolved","2"
"CP0005702","C005703","O0005703","2026-04-16","Refund","Low","2026-04-18","Resolved","3"
"CP0005703","C005704","O0005704","2026-04-17","Delivery","Medium","2026-04-20","Resolved","4"
"CP0005704","C005705","O0005705","2026-04-18","Delivery","Medium","","Open",""
"CP0005705","C005706","O0005706","2026-04-19","Support","Medium","2026-04-24","Resolved","1"
"CP0005706","C005707","O0005707","2026-04-20","Support","Medium","2026-04-26","Resolved","2"
"CP0005707","C005708","O0005708","2026-04-21","Refund","Low","2026-04-28","Resolved","3"
"CP0005708","C005709","O0005709","2026-04-22","Support","Low","2026-04-30","Resolved","4"
"CP0005709","C005710","O0005710","2026-04-23","Payment","Medium","2026-05-02","Resolved","5"
"CP0005710","C005711","O0005711","2026-04-24","Product","Medium","2026-05-04","Resolved","1"
"CP0005711","C005712","O0005712","2026-04-25","Delivery","Low","2026-05-06","Resolved","2"
"CP0005712","C005713","O0005713","2026-04-26","Refund","Critical","","Open",""
"CP0005713","C005714","O0005714","2026-04-27","Product","Critical","2026-04-28","Resolved","4"
"CP0005714","C005715","O0005715","2026-04-28","Refund","Medium","2026-04-30","Resolved","5"
"CP0005715","C005716","O0005716","2026-04-29","Support","Critical","2026-05-02","Resolved","1"
"CP0005716","C005717","O0005717","2026-04-30","Delivery","Critical","2026-05-04","Resolved","2"
"CP0005717","C005718","O0005718","2026-05-01","Product","Critical","2026-05-06","Resolved","3"
"CP0005718","C005719","O0005719","2026-05-02","Support","Low","2026-05-08","Resolved","4"
"CP0005719","C005720","O0005720","2026-05-03","Refund","Medium","2026-05-10","Resolved","5"
"CP0005720","C005721","O0005721","2026-05-04","Product","High","","Open",""
"CP0005721","C005722","O0005722","2026-05-05","Product","Critical","2026-05-14","Resolved","2"
"CP0005722","C005723","O0005723","2026-05-06","Product","High","2026-05-16","Resolved","3"
"CP0005723","C005724","O0005724","2026-05-07","Refund","Critical","2026-05-18","Resolved","4"
"CP0005724","C005725","O0005725","2026-05-08","Product","High","2026-05-08","Resolved","5"
"CP0005725","C005726","O0005726","2026-05-09","Support","Critical","2026-05-10","Resolved","1"
"CP0005726","C005727","O0005727","2026-05-10","Delivery","High","2026-05-12","Resolved","2"
"CP0005727","C005728","O0005728","2026-05-11","Payment","Critical","2026-05-14","Resolved","3"
"CP0005728","C005729","O0005729","2026-05-12","Payment","High","","Open",""
"CP0005729","C005730","O0005730","2026-05-13","Payment","Low","2026-05-18","Resolved","5"
"CP0005730","C005731","O0005731","2026-05-14","Payment","Medium","2026-05-20","Resolved","1"
"CP0005731","C005732","O0005732","2026-05-15","Delivery","High","2026-05-22","Resolved","2"
"CP0005732","C005733","O0005733","2026-05-16","Payment","Low","2026-05-24","Resolved","3"
"CP0005733","C005734","O0005734","2026-05-17","Delivery","Low","2026-05-26","Resolved","4"
"CP0005734","C005735","O0005735","2026-05-18","Support","High","2026-05-28","Resolved","5"
"CP0005735","C005736","O0005736","2026-05-19","Refund","Low","2026-05-30","Resolved","1"
"CP0005736","C005737","O0005737","2026-05-20","Refund","Critical","","Open",""
"CP0005737","C005738","O0005738","2026-05-21","Payment","Low","2026-05-22","Resolved","3"
"CP0005738","C005739","O0005739","2026-05-22","Product","High","2026-05-24","Resolved","4"
"CP0005739","C005740","O0005740","2026-05-23","Product","High","2026-05-26","Resolved","5"
"CP0005740","C005741","O0005741","2026-05-24","Support","Medium","2026-05-28","Resolved","1"
"CP0005741","C005742","O0005742","2026-05-25","Product","High","2026-05-30","Resolved","2"
"CP0005742","C005743","O0005743","2026-05-26","Support","Critical","2026-06-01","Resolved","3"
"CP0005743","C005744","O0005744","2026-05-27","Refund","High","2026-06-03","Resolved","4"
"CP0005744","C005745","O0005745","2026-05-28","Delivery","Low","","Open",""
"CP0005745","C005746","O0005746","2026-05-29","Delivery","Medium","2026-06-07","Resolved","1"
"CP0005746","C005747","O0005747","2026-05-30","Payment","Low","2026-06-09","Resolved","2"
"CP0005747","C005748","O0005748","2026-05-31","Support","Medium","2026-06-11","Resolved","3"
"CP0005748","C005749","O0005749","2026-06-01","Product","Critical","2026-06-01","Resolved","4"
"CP0005749","C005750","O0005750","2026-06-02","Refund","Critical","2026-06-03","Resolved","5"
"CP0005750","C005751","O0005751","2026-06-03","Refund","Medium","2026-06-05","Resolved","1"
"CP0005751","C005752","O0005752","2026-06-04","Payment","High","2026-06-07","Resolved","2"
"CP0005752","C005753","O0005753","2026-06-05","Refund","High","","Open",""
"CP0005753","C005754","O0005754","2026-06-06","Refund","High","2026-06-11","Resolved","4"
"CP0005754","C005755","O0005755","2026-06-07","Product","Medium","2026-06-13","Resolved","5"
"CP0005755","C005756","O0005756","2026-06-08","Refund","Medium","2026-06-15","Resolved","1"
"CP0005756","C005757","O0005757","2026-06-09","Product","Medium","2026-06-17","Resolved","2"
"CP0005757","C005758","O0005758","2026-06-10","Payment","High","2026-06-19","Resolved","3"
"CP0005758","C005759","O0005759","2026-06-11","Delivery","High","2026-06-21","Resolved","4"
"CP0005759","C005760","O0005760","2026-06-12","Refund","Critical","2026-06-23","Resolved","5"
"CP0005760","C005761","O0005761","2026-06-13","Payment","Low","","Open",""
"CP0005761","C005762","O0005762","2026-06-14","Product","Medium","2026-06-15","Resolved","2"
"CP0005762","C005763","O0005763","2026-06-15","Support","Medium","2026-06-17","Resolved","3"
"CP0005763","C005764","O0005764","2026-06-16","Payment","High","2026-06-19","Resolved","4"
"CP0005764","C005765","O0005765","2026-06-17","Product","Medium","2026-06-21","Resolved","5"
"CP0005765","C005766","O0005766","2026-06-18","Payment","Medium","2026-06-23","Resolved","1"
"CP0005766","C005767","O0005767","2026-06-19","Payment","Medium","2026-06-25","Resolved","2"
"CP0005767","C005768","O0005768","2026-06-20","Delivery","Low","2026-06-27","Resolved","3"
"CP0005768","C005769","O0005769","2026-06-21","Payment","High","","Open",""
"CP0005769","C005770","O0005770","2026-06-22","Payment","Medium","2026-07-01","Resolved","5"
"CP0005770","C005771","O0005771","2026-06-23","Support","High","2026-07-03","Resolved","1"
"CP0005771","C005772","O0005772","2026-06-24","Refund","High","2026-07-05","Resolved","2"
"CP0005772","C005773","O0005773","2026-06-25","Support","High","2026-06-25","Resolved","3"
"CP0005773","C005774","O0005774","2026-06-26","Product","High","2026-06-27","Resolved","4"
"CP0005774","C005775","O0005775","2026-06-27","Payment","Critical","2026-06-29","Resolved","5"
"CP0005775","C005776","O0005776","2026-06-28","Delivery","Critical","2026-07-01","Resolved","1"
"CP0005776","C005777","O0005777","2026-06-29","Delivery","Medium","","Open",""
"CP0005777","C005778","O0005778","2026-06-30","Payment","Low","2026-07-05","Resolved","3"
"CP0005778","C005779","O0005779","2026-07-01","Refund","Critical","2026-07-07","Resolved","4"
"CP0005779","C005780","O0005780","2026-07-02","Support","Critical","2026-07-09","Resolved","5"
"CP0005780","C005781","O0005781","2026-07-03","Product","Critical","2026-07-11","Resolved","1"
"CP0005781","C005782","O0005782","2026-07-04","Delivery","Critical","2026-07-13","Resolved","2"
"CP0005782","C005783","O0005783","2026-07-05","Delivery","Low","2026-07-15","Resolved","3"
"CP0005783","C005784","O0005784","2026-07-06","Payment","Critical","2026-07-17","Resolved","4"
"CP0005784","C005785","O0005785","2026-07-07","Refund","Medium","","Open",""
"CP0005785","C005786","O0005786","2026-07-08","Product","Critical","2026-07-09","Resolved","1"
"CP0005786","C005787","O0005787","2026-07-09","Product","High","2026-07-11","Resolved","2"
"CP0005787","C005788","O0005788","2026-07-10","Delivery","Critical","2026-07-13","Resolved","3"
"CP0005788","C005789","O0005789","2026-07-11","Delivery","Low","2026-07-15","Resolved","4"
"CP0005789","C005790","O0005790","2026-07-12","Payment","High","2026-07-17","Resolved","5"
"CP0005790","C005791","O0005791","2026-07-13","Support","Critical","2026-07-19","Resolved","1"
"CP0005791","C005792","O0005792","2026-07-14","Product","Critical","2026-07-21","Resolved","2"
"CP0005792","C005793","O0005793","2026-07-15","Payment","Medium","","Open",""
"CP0005793","C005794","O0005794","2026-07-16","Refund","Medium","2026-07-25","Resolved","4"
"CP0005794","C005795","O0005795","2026-07-17","Payment","Medium","2026-07-27","Resolved","5"
"CP0005795","C005796","O0005796","2026-07-18","Support","Low","2026-07-29","Resolved","1"
"CP0005796","C005797","O0005797","2026-07-19","Delivery","Low","2026-07-19","Resolved","2"
"CP0005797","C005798","O0005798","2026-07-20","Delivery","Medium","2026-07-21","Resolved","3"
"CP0005798","C005799","O0005799","2026-07-21","Refund","High","2026-07-23","Resolved","4"
"CP0005799","C005800","O0005800","2026-07-22","Payment","Medium","2026-07-25","Resolved","5"
"CP0005800","C005801","O0005801","2026-07-23","Refund","Critical","","Open",""
"CP0005801","C005802","O0005802","2026-07-24","Refund","High","2026-07-29","Resolved","2"
"CP0005802","C005803","O0005803","2026-07-25","Product","Low","2026-07-31","Resolved","3"
"CP0005803","C005804","O0005804","2026-07-26","Delivery","High","2026-08-02","Resolved","4"
"CP0005804","C005805","O0005805","2026-07-27","Support","Critical","2026-08-04","Resolved","5"
"CP0005805","C005806","O0005806","2026-07-28","Support","Medium","2026-08-06","Resolved","1"
"CP0005806","C005807","O0005807","2026-07-29","Payment","Critical","2026-08-08","Resolved","2"
"CP0005807","C005808","O0005808","2026-07-30","Delivery","Low","2026-08-10","Resolved","3"
"CP0005808","C005809","O0005809","2026-07-31","Delivery","Medium","","Open",""
"CP0005809","C005810","O0005810","2026-08-01","Product","Low","2026-08-02","Resolved","5"
"CP0005810","C005811","O0005811","2026-08-02","Delivery","Medium","2026-08-04","Resolved","1"
"CP0005811","C005812","O0005812","2026-08-03","Refund","Low","2026-08-06","Resolved","2"
"CP0005812","C005813","O0005813","2026-08-04","Payment","High","2026-08-08","Resolved","3"
"CP0005813","C005814","O0005814","2026-08-05","Support","Critical","2026-08-10","Resolved","4"
"CP0005814","C005815","O0005815","2026-08-06","Refund","Low","2026-08-12","Resolved","5"
"CP0005815","C005816","O0005816","2026-08-07","Payment","High","2026-08-14","Resolved","1"
"CP0005816","C005817","O0005817","2026-08-08","Product","Medium","","Open",""
"CP0005817","C005818","O0005818","2026-08-09","Payment","Low","2026-08-18","Resolved","3"
"CP0005818","C005819","O0005819","2026-08-10","Delivery","Critical","2026-08-20","Resolved","4"
"CP0005819","C005820","O0005820","2026-08-11","Delivery","Medium","2026-08-22","Resolved","5"
"CP0005820","C005821","O0005821","2026-08-12","Payment","Low","2026-08-12","Resolved","1"
"CP0005821","C005822","O0005822","2026-08-13","Delivery","Low","2026-08-14","Resolved","2"
"CP0005822","C005823","O0005823","2026-08-14","Delivery","Low","2026-08-16","Resolved","3"
"CP0005823","C005824","O0005824","2026-08-15","Refund","Medium","2026-08-18","Resolved","4"
"CP0005824","C005825","O0005825","2026-08-16","Payment","Critical","","Open",""
"CP0005825","C005826","O0005826","2026-08-17","Refund","Medium","2026-08-22","Resolved","1"
"CP0005826","C005827","O0005827","2026-08-18","Delivery","Medium","2026-08-24","Resolved","2"
"CP0005827","C005828","O0005828","2026-08-19","Product","Medium","2026-08-26","Resolved","3"
"CP0005828","C005829","O0005829","2026-08-20","Refund","Critical","2026-08-28","Resolved","4"
"CP0005829","C005830","O0005830","2026-08-21","Delivery","Low","2026-08-30","Resolved","5"
"CP0005830","C005831","O0005831","2026-08-22","Delivery","High","2026-09-01","Resolved","1"
"CP0005831","C005832","O0005832","2026-08-23","Payment","High","2026-09-03","Resolved","2"
"CP0005832","C005833","O0005833","2026-08-24","Product","Low","","Open",""
"CP0005833","C005834","O0005834","2026-08-25","Product","Medium","2026-08-26","Resolved","4"
"CP0005834","C005835","O0005835","2026-08-26","Refund","High","2026-08-28","Resolved","5"
"CP0005835","C005836","O0005836","2026-08-27","Payment","Low","2026-08-30","Resolved","1"
"CP0005836","C005837","O0005837","2026-08-28","Payment","Critical","2026-09-01","Resolved","2"
"CP0005837","C005838","O0005838","2026-08-29","Delivery","Low","2026-09-03","Resolved","3"
"CP0005838","C005839","O0005839","2026-08-30","Delivery","Medium","2026-09-05","Resolved","4"
"CP0005839","C005840","O0005840","2026-08-31","Delivery","Medium","2026-09-07","Resolved","5"
"CP0005840","C005841","O0005841","2025-09-01","Payment","Critical","","Open",""
"CP0005841","C005842","O0005842","2025-09-02","Support","High","2025-09-11","Resolved","2"
"CP0005842","C005843","O0005843","2025-09-03","Delivery","Critical","2025-09-13","Resolved","3"
"CP0005843","C005844","O0005844","2025-09-04","Product","Medium","2025-09-15","Resolved","4"
"CP0005844","C005845","O0005845","2025-09-05","Refund","High","2025-09-05","Resolved","5"
"CP0005845","C005846","O0005846","2025-09-06","Product","High","2025-09-07","Resolved","1"
"CP0005846","C005847","O0005847","2025-09-07","Support","High","2025-09-09","Resolved","2"
"CP0005847","C005848","O0005848","2025-09-08","Refund","Low","2025-09-11","Resolved","3"
"CP0005848","C005849","O0005849","2025-09-09","Refund","High","","Open",""
"CP0005849","C005850","O0005850","2025-09-10","Support","Critical","2025-09-15","Resolved","5"
"CP0005850","C005851","O0005851","2025-09-11","Refund","Low","2025-09-17","Resolved","1"
"CP0005851","C005852","O0005852","2025-09-12","Product","Low","2025-09-19","Resolved","2"
"CP0005852","C005853","O0005853","2025-09-13","Support","Critical","2025-09-21","Resolved","3"
"CP0005853","C005854","O0005854","2025-09-14","Product","Medium","2025-09-23","Resolved","4"
"CP0005854","C005855","O0005855","2025-09-15","Payment","Critical","2025-09-25","Resolved","5"
"CP0005855","C005856","O0005856","2025-09-16","Payment","High","2025-09-27","Resolved","1"
"CP0005856","C005857","O0005857","2025-09-17","Refund","High","","Open",""
"CP0005857","C005858","O0005858","2025-09-18","Refund","High","2025-09-19","Resolved","3"
"CP0005858","C005859","O0005859","2025-09-19","Payment","High","2025-09-21","Resolved","4"
"CP0005859","C005860","O0005860","2025-09-20","Support","High","2025-09-23","Resolved","5"
"CP0005860","C005861","O0005861","2025-09-21","Refund","Critical","2025-09-25","Resolved","1"
"CP0005861","C005862","O0005862","2025-09-22","Delivery","Medium","2025-09-27","Resolved","2"
"CP0005862","C005863","O0005863","2025-09-23","Support","Medium","2025-09-29","Resolved","3"
"CP0005863","C005864","O0005864","2025-09-24","Payment","High","2025-10-01","Resolved","4"
"CP0005864","C005865","O0005865","2025-09-25","Support","Low","","Open",""
"CP0005865","C005866","O0005866","2025-09-26","Support","Low","2025-10-05","Resolved","1"
"CP0005866","C005867","O0005867","2025-09-27","Product","Medium","2025-10-07","Resolved","2"
"CP0005867","C005868","O0005868","2025-09-28","Payment","High","2025-10-09","Resolved","3"
"CP0005868","C005869","O0005869","2025-09-29","Delivery","Critical","2025-09-29","Resolved","4"
"CP0005869","C005870","O0005870","2025-09-30","Delivery","Medium","2025-10-01","Resolved","5"
"CP0005870","C005871","O0005871","2025-10-01","Payment","High","2025-10-03","Resolved","1"
"CP0005871","C005872","O0005872","2025-10-02","Product","Low","2025-10-05","Resolved","2"
"CP0005872","C005873","O0005873","2025-10-03","Refund","Medium","","Open",""
"CP0005873","C005874","O0005874","2025-10-04","Delivery","Low","2025-10-09","Resolved","4"
"CP0005874","C005875","O0005875","2025-10-05","Payment","High","2025-10-11","Resolved","5"
"CP0005875","C005876","O0005876","2025-10-06","Refund","Critical","2025-10-13","Resolved","1"
"CP0005876","C005877","O0005877","2025-10-07","Refund","Medium","2025-10-15","Resolved","2"
"CP0005877","C005878","O0005878","2025-10-08","Product","Medium","2025-10-17","Resolved","3"
"CP0005878","C005879","O0005879","2025-10-09","Payment","High","2025-10-19","Resolved","4"
"CP0005879","C005880","O0005880","2025-10-10","Product","Low","2025-10-21","Resolved","5"
"CP0005880","C005881","O0005881","2025-10-11","Support","Critical","","Open",""
"CP0005881","C005882","O0005882","2025-10-12","Payment","Medium","2025-10-13","Resolved","2"
"CP0005882","C005883","O0005883","2025-10-13","Product","High","2025-10-15","Resolved","3"
"CP0005883","C005884","O0005884","2025-10-14","Payment","Medium","2025-10-17","Resolved","4"
"CP0005884","C005885","O0005885","2025-10-15","Payment","Critical","2025-10-19","Resolved","5"
"CP0005885","C005886","O0005886","2025-10-16","Refund","Critical","2025-10-21","Resolved","1"
"CP0005886","C005887","O0005887","2025-10-17","Delivery","High","2025-10-23","Resolved","2"
"CP0005887","C005888","O0005888","2025-10-18","Product","Low","2025-10-25","Resolved","3"
"CP0005888","C005889","O0005889","2025-10-19","Delivery","High","","Open",""
"CP0005889","C005890","O0005890","2025-10-20","Refund","Critical","2025-10-29","Resolved","5"
"CP0005890","C005891","O0005891","2025-10-21","Payment","High","2025-10-31","Resolved","1"
"CP0005891","C005892","O0005892","2025-10-22","Refund","High","2025-11-02","Resolved","2"
"CP0005892","C005893","O0005893","2025-10-23","Payment","High","2025-10-23","Resolved","3"
"CP0005893","C005894","O0005894","2025-10-24","Support","Critical","2025-10-25","Resolved","4"
"CP0005894","C005895","O0005895","2025-10-25","Refund","High","2025-10-27","Resolved","5"
"CP0005895","C005896","O0005896","2025-10-26","Support","Critical","2025-10-29","Resolved","1"
"CP0005896","C005897","O0005897","2025-10-27","Refund","High","","Open",""
"CP0005897","C005898","O0005898","2025-10-28","Delivery","Low","2025-11-02","Resolved","3"
"CP0005898","C005899","O0005899","2025-10-29","Refund","High","2025-11-04","Resolved","4"
"CP0005899","C005900","O0005900","2025-10-30","Delivery","Medium","2025-11-06","Resolved","5"
"CP0005900","C005901","O0005901","2025-10-31","Product","Critical","2025-11-08","Resolved","1"
"CP0005901","C005902","O0005902","2025-11-01","Product","Medium","2025-11-10","Resolved","2"
"CP0005902","C005903","O0005903","2025-11-02","Refund","Medium","2025-11-12","Resolved","3"
"CP0005903","C005904","O0005904","2025-11-03","Payment","Critical","2025-11-14","Resolved","4"
"CP0005904","C005905","O0005905","2025-11-04","Refund","High","","Open",""
"CP0005905","C005906","O0005906","2025-11-05","Payment","Medium","2025-11-06","Resolved","1"
"CP0005906","C005907","O0005907","2025-11-06","Support","Critical","2025-11-08","Resolved","2"
"CP0005907","C005908","O0005908","2025-11-07","Delivery","Critical","2025-11-10","Resolved","3"
"CP0005908","C005909","O0005909","2025-11-08","Delivery","Low","2025-11-12","Resolved","4"
"CP0005909","C005910","O0005910","2025-11-09","Support","Medium","2025-11-14","Resolved","5"
"CP0005910","C005911","O0005911","2025-11-10","Support","Critical","2025-11-16","Resolved","1"
"CP0005911","C005912","O0005912","2025-11-11","Payment","Medium","2025-11-18","Resolved","2"
"CP0005912","C005913","O0005913","2025-11-12","Delivery","Medium","","Open",""
"CP0005913","C005914","O0005914","2025-11-13","Product","Medium","2025-11-22","Resolved","4"
"CP0005914","C005915","O0005915","2025-11-14","Refund","Low","2025-11-24","Resolved","5"
"CP0005915","C005916","O0005916","2025-11-15","Delivery","Critical","2025-11-26","Resolved","1"
"CP0005916","C005917","O0005917","2025-11-16","Delivery","Medium","2025-11-16","Resolved","2"
"CP0005917","C005918","O0005918","2025-11-17","Payment","Low","2025-11-18","Resolved","3"
"CP0005918","C005919","O0005919","2025-11-18","Product","Medium","2025-11-20","Resolved","4"
"CP0005919","C005920","O0005920","2025-11-19","Support","Critical","2025-11-22","Resolved","5"
"CP0005920","C005921","O0005921","2025-11-20","Product","High","","Open",""
"CP0005921","C005922","O0005922","2025-11-21","Support","Medium","2025-11-26","Resolved","2"
"CP0005922","C005923","O0005923","2025-11-22","Delivery","Medium","2025-11-28","Resolved","3"
"CP0005923","C005924","O0005924","2025-11-23","Payment","Medium","2025-11-30","Resolved","4"
"CP0005924","C005925","O0005925","2025-11-24","Product","Critical","2025-12-02","Resolved","5"
"CP0005925","C005926","O0005926","2025-11-25","Support","Low","2025-12-04","Resolved","1"
"CP0005926","C005927","O0005927","2025-11-26","Refund","High","2025-12-06","Resolved","2"
"CP0005927","C005928","O0005928","2025-11-27","Delivery","Critical","2025-12-08","Resolved","3"
"CP0005928","C005929","O0005929","2025-11-28","Support","Low","","Open",""
"CP0005929","C005930","O0005930","2025-11-29","Delivery","High","2025-11-30","Resolved","5"
"CP0005930","C005931","O0005931","2025-11-30","Refund","Low","2025-12-02","Resolved","1"
"CP0005931","C005932","O0005932","2025-12-01","Payment","High","2025-12-04","Resolved","2"
"CP0005932","C005933","O0005933","2025-12-02","Payment","Low","2025-12-06","Resolved","3"
"CP0005933","C005934","O0005934","2025-12-03","Product","Medium","2025-12-08","Resolved","4"
"CP0005934","C005935","O0005935","2025-12-04","Support","Critical","2025-12-10","Resolved","5"
"CP0005935","C005936","O0005936","2025-12-05","Support","Medium","2025-12-12","Resolved","1"
"CP0005936","C005937","O0005937","2025-12-06","Delivery","High","","Open",""
"CP0005937","C005938","O0005938","2025-12-07","Refund","Critical","2025-12-16","Resolved","3"
"CP0005938","C005939","O0005939","2025-12-08","Support","High","2025-12-18","Resolved","4"
"CP0005939","C005940","O0005940","2025-12-09","Product","Low","2025-12-20","Resolved","5"
"CP0005940","C005941","O0005941","2025-12-10","Support","Medium","2025-12-10","Resolved","1"
"CP0005941","C005942","O0005942","2025-12-11","Payment","Critical","2025-12-12","Resolved","2"
"CP0005942","C005943","O0005943","2025-12-12","Delivery","Low","2025-12-14","Resolved","3"
"CP0005943","C005944","O0005944","2025-12-13","Payment","Low","2025-12-16","Resolved","4"
"CP0005944","C005945","O0005945","2025-12-14","Refund","Medium","","Open",""
"CP0005945","C005946","O0005946","2025-12-15","Payment","Medium","2025-12-20","Resolved","1"
"CP0005946","C005947","O0005947","2025-12-16","Product","High","2025-12-22","Resolved","2"
"CP0005947","C005948","O0005948","2025-12-17","Delivery","Low","2025-12-24","Resolved","3"
"CP0005948","C005949","O0005949","2025-12-18","Payment","High","2025-12-26","Resolved","4"
"CP0005949","C005950","O0005950","2025-12-19","Payment","Critical","2025-12-28","Resolved","5"
"CP0005950","C005951","O0005951","2025-12-20","Delivery","Low","2025-12-30","Resolved","1"
"CP0005951","C005952","O0005952","2025-12-21","Product","Medium","2026-01-01","Resolved","2"
"CP0005952","C005953","O0005953","2025-12-22","Refund","Low","","Open",""
"CP0005953","C005954","O0005954","2025-12-23","Refund","Critical","2025-12-24","Resolved","4"
"CP0005954","C005955","O0005955","2025-12-24","Refund","High","2025-12-26","Resolved","5"
"CP0005955","C005956","O0005956","2025-12-25","Payment","Low","2025-12-28","Resolved","1"
"CP0005956","C005957","O0005957","2025-12-26","Support","Low","2025-12-30","Resolved","2"
"CP0005957","C005958","O0005958","2025-12-27","Payment","Critical","2026-01-01","Resolved","3"
"CP0005958","C005959","O0005959","2025-12-28","Refund","Medium","2026-01-03","Resolved","4"
"CP0005959","C005960","O0005960","2025-12-29","Refund","High","2026-01-05","Resolved","5"
"CP0005960","C005961","O0005961","2025-12-30","Refund","Medium","","Open",""
"CP0005961","C005962","O0005962","2025-12-31","Support","Critical","2026-01-09","Resolved","2"
"CP0005962","C005963","O0005963","2026-01-01","Refund","High","2026-01-11","Resolved","3"
"CP0005963","C005964","O0005964","2026-01-02","Payment","Medium","2026-01-13","Resolved","4"
"CP0005964","C005965","O0005965","2026-01-03","Payment","Low","2026-01-03","Resolved","5"
"CP0005965","C005966","O0005966","2026-01-04","Payment","Medium","2026-01-05","Resolved","1"
"CP0005966","C005967","O0005967","2026-01-05","Support","Medium","2026-01-07","Resolved","2"
"CP0005967","C005968","O0005968","2026-01-06","Support","Low","2026-01-09","Resolved","3"
"CP0005968","C005969","O0005969","2026-01-07","Delivery","High","","Open",""
"CP0005969","C005970","O0005970","2026-01-08","Refund","Medium","2026-01-13","Resolved","5"
"CP0005970","C005971","O0005971","2026-01-09","Product","High","2026-01-15","Resolved","1"
"CP0005971","C005972","O0005972","2026-01-10","Support","Low","2026-01-17","Resolved","2"
"CP0005972","C005973","O0005973","2026-01-11","Support","Low","2026-01-19","Resolved","3"
"CP0005973","C005974","O0005974","2026-01-12","Product","Medium","2026-01-21","Resolved","4"
"CP0005974","C005975","O0005975","2026-01-13","Payment","Low","2026-01-23","Resolved","5"
"CP0005975","C005976","O0005976","2026-01-14","Payment","Critical","2026-01-25","Resolved","1"
"CP0005976","C005977","O0005977","2026-01-15","Support","Critical","","Open",""
"CP0005977","C005978","O0005978","2026-01-16","Payment","Low","2026-01-17","Resolved","3"
"CP0005978","C005979","O0005979","2026-01-17","Refund","High","2026-01-19","Resolved","4"
"CP0005979","C005980","O0005980","2026-01-18","Delivery","Low","2026-01-21","Resolved","5"
"CP0005980","C005981","O0005981","2026-01-19","Product","High","2026-01-23","Resolved","1"
"CP0005981","C005982","O0005982","2026-01-20","Product","High","2026-01-25","Resolved","2"
"CP0005982","C005983","O0005983","2026-01-21","Payment","Medium","2026-01-27","Resolved","3"
"CP0005983","C005984","O0005984","2026-01-22","Delivery","Medium","2026-01-29","Resolved","4"
"CP0005984","C005985","O0005985","2026-01-23","Delivery","Low","","Open",""
"CP0005985","C005986","O0005986","2026-01-24","Payment","Medium","2026-02-02","Resolved","1"
"CP0005986","C005987","O0005987","2026-01-25","Product","High","2026-02-04","Resolved","2"
"CP0005987","C005988","O0005988","2026-01-26","Delivery","Critical","2026-02-06","Resolved","3"
"CP0005988","C005989","O0005989","2026-01-27","Payment","Low","2026-01-27","Resolved","4"
"CP0005989","C005990","O0005990","2026-01-28","Delivery","Low","2026-01-29","Resolved","5"
"CP0005990","C005991","O0005991","2026-01-29","Delivery","Low","2026-01-31","Resolved","1"
"CP0005991","C005992","O0005992","2026-01-30","Delivery","Critical","2026-02-02","Resolved","2"
"CP0005992","C005993","O0005993","2026-01-31","Support","High","","Open",""
"CP0005993","C005994","O0005994","2026-02-01","Product","Low","2026-02-06","Resolved","4"
"CP0005994","C005995","O0005995","2026-02-02","Payment","Low","2026-02-08","Resolved","5"
"CP0005995","C005996","O0005996","2026-02-03","Support","Critical","2026-02-10","Resolved","1"
"CP0005996","C005997","O0005997","2026-02-04","Product","Medium","2026-02-12","Resolved","2"
"CP0005997","C005998","O0005998","2026-02-05","Refund","Critical","2026-02-14","Resolved","3"
"CP0005998","C005999","O0005999","2026-02-06","Delivery","Critical","2026-02-16","Resolved","4"
"CP0005999","C006000","O0006000","2026-02-07","Support","Critical","2026-02-18","Resolved","5"
"CP0006000","C006001","O0006001","2026-02-08","Product","Medium","","Open",""
"CP0006001","C006002","O0006002","2026-02-09","Refund","Critical","2026-02-10","Resolved","2"
"CP0006002","C006003","O0006003","2026-02-10","Payment","Critical","2026-02-12","Resolved","3"
"CP0006003","C006004","O0006004","2026-02-11","Product","Low","2026-02-14","Resolved","4"
"CP0006004","C006005","O0006005","2026-02-12","Delivery","High","2026-02-16","Resolved","5"
"CP0006005","C006006","O0006006","2026-02-13","Payment","Medium","2026-02-18","Resolved","1"
"CP0006006","C006007","O0006007","2026-02-14","Delivery","High","2026-02-20","Resolved","2"
"CP0006007","C006008","O0006008","2026-02-15","Refund","Medium","2026-02-22","Resolved","3"
"CP0006008","C006009","O0006009","2026-02-16","Payment","Critical","","Open",""
"CP0006009","C006010","O0006010","2026-02-17","Refund","Medium","2026-02-26","Resolved","5"
"CP0006010","C006011","O0006011","2026-02-18","Payment","Low","2026-02-28","Resolved","1"
"CP0006011","C006012","O0006012","2026-02-19","Payment","High","2026-03-02","Resolved","2"
"CP0006012","C006013","O0006013","2026-02-20","Payment","Low","2026-02-20","Resolved","3"
"CP0006013","C006014","O0006014","2026-02-21","Payment","High","2026-02-22","Resolved","4"
"CP0006014","C006015","O0006015","2026-02-22","Refund","Medium","2026-02-24","Resolved","5"
"CP0006015","C006016","O0006016","2026-02-23","Refund","Critical","2026-02-26","Resolved","1"
"CP0006016","C006017","O0006017","2026-02-24","Delivery","Critical","","Open",""
"CP0006017","C006018","O0006018","2026-02-25","Payment","High","2026-03-02","Resolved","3"
"CP0006018","C006019","O0006019","2026-02-26","Refund","Critical","2026-03-04","Resolved","4"
"CP0006019","C006020","O0006020","2026-02-27","Support","Medium","2026-03-06","Resolved","5"
"CP0006020","C006021","O0006021","2026-02-28","Refund","Critical","2026-03-08","Resolved","1"
"CP0006021","C006022","O0006022","2026-03-01","Support","Medium","2026-03-10","Resolved","2"
"CP0006022","C006023","O0006023","2026-03-02","Refund","High","2026-03-12","Resolved","3"
"CP0006023","C006024","O0006024","2026-03-03","Payment","Low","2026-03-14","Resolved","4"
"CP0006024","C006025","O0006025","2026-03-04","Delivery","Low","","Open",""
"CP0006025","C006026","O0006026","2026-03-05","Payment","Critical","2026-03-06","Resolved","1"
"CP0006026","C006027","O0006027","2026-03-06","Support","Critical","2026-03-08","Resolved","2"
"CP0006027","C006028","O0006028","2026-03-07","Delivery","High","2026-03-10","Resolved","3"
"CP0006028","C006029","O0006029","2026-03-08","Delivery","Critical","2026-03-12","Resolved","4"
"CP0006029","C006030","O0006030","2026-03-09","Delivery","High","2026-03-14","Resolved","5"
"CP0006030","C006031","O0006031","2026-03-10","Payment","High","2026-03-16","Resolved","1"
"CP0006031","C006032","O0006032","2026-03-11","Delivery","Critical","2026-03-18","Resolved","2"
"CP0006032","C006033","O0006033","2026-03-12","Support","High","","Open",""
"CP0006033","C006034","O0006034","2026-03-13","Delivery","Critical","2026-03-22","Resolved","4"
"CP0006034","C006035","O0006035","2026-03-14","Product","Medium","2026-03-24","Resolved","5"
"CP0006035","C006036","O0006036","2026-03-15","Payment","Low","2026-03-26","Resolved","1"
"CP0006036","C006037","O0006037","2026-03-16","Support","Critical","2026-03-16","Resolved","2"
"CP0006037","C006038","O0006038","2026-03-17","Delivery","Low","2026-03-18","Resolved","3"
"CP0006038","C006039","O0006039","2026-03-18","Product","Low","2026-03-20","Resolved","4"
"CP0006039","C006040","O0006040","2026-03-19","Payment","Medium","2026-03-22","Resolved","5"
"CP0006040","C006041","O0006041","2026-03-20","Product","High","","Open",""
"CP0006041","C006042","O0006042","2026-03-21","Refund","Medium","2026-03-26","Resolved","2"
"CP0006042","C006043","O0006043","2026-03-22","Refund","High","2026-03-28","Resolved","3"
"CP0006043","C006044","O0006044","2026-03-23","Product","Low","2026-03-30","Resolved","4"
"CP0006044","C006045","O0006045","2026-03-24","Product","Low","2026-04-01","Resolved","5"
"CP0006045","C006046","O0006046","2026-03-25","Delivery","Critical","2026-04-03","Resolved","1"
"CP0006046","C006047","O0006047","2026-03-26","Delivery","High","2026-04-05","Resolved","2"
"CP0006047","C006048","O0006048","2026-03-27","Support","Low","2026-04-07","Resolved","3"
"CP0006048","C006049","O0006049","2026-03-28","Payment","High","","Open",""
"CP0006049","C006050","O0006050","2026-03-29","Refund","High","2026-03-30","Resolved","5"
"CP0006050","C006051","O0006051","2026-03-30","Refund","Medium","2026-04-01","Resolved","1"
"CP0006051","C006052","O0006052","2026-03-31","Product","High","2026-04-03","Resolved","2"
"CP0006052","C006053","O0006053","2026-04-01","Support","Low","2026-04-05","Resolved","3"
"CP0006053","C006054","O0006054","2026-04-02","Delivery","Medium","2026-04-07","Resolved","4"
"CP0006054","C006055","O0006055","2026-04-03","Product","Critical","2026-04-09","Resolved","5"
"CP0006055","C006056","O0006056","2026-04-04","Product","Critical","2026-04-11","Resolved","1"
"CP0006056","C006057","O0006057","2026-04-05","Delivery","Low","","Open",""
"CP0006057","C006058","O0006058","2026-04-06","Refund","High","2026-04-15","Resolved","3"
"CP0006058","C006059","O0006059","2026-04-07","Refund","High","2026-04-17","Resolved","4"
"CP0006059","C006060","O0006060","2026-04-08","Refund","Low","2026-04-19","Resolved","5"
"CP0006060","C006061","O0006061","2026-04-09","Product","High","2026-04-09","Resolved","1"
"CP0006061","C006062","O0006062","2026-04-10","Refund","Medium","2026-04-11","Resolved","2"
"CP0006062","C006063","O0006063","2026-04-11","Refund","Low","2026-04-13","Resolved","3"
"CP0006063","C006064","O0006064","2026-04-12","Product","High","2026-04-15","Resolved","4"
"CP0006064","C006065","O0006065","2026-04-13","Refund","Medium","","Open",""
"CP0006065","C006066","O0006066","2026-04-14","Payment","High","2026-04-19","Resolved","1"
"CP0006066","C006067","O0006067","2026-04-15","Payment","High","2026-04-21","Resolved","2"
"CP0006067","C006068","O0006068","2026-04-16","Product","High","2026-04-23","Resolved","3"
"CP0006068","C006069","O0006069","2026-04-17","Support","Critical","2026-04-25","Resolved","4"
"CP0006069","C006070","O0006070","2026-04-18","Refund","High","2026-04-27","Resolved","5"
"CP0006070","C006071","O0006071","2026-04-19","Support","Low","2026-04-29","Resolved","1"
"CP0006071","C006072","O0006072","2026-04-20","Support","Low","2026-05-01","Resolved","2"
"CP0006072","C006073","O0006073","2026-04-21","Product","High","","Open",""
"CP0006073","C006074","O0006074","2026-04-22","Product","Medium","2026-04-23","Resolved","4"
"CP0006074","C006075","O0006075","2026-04-23","Support","Critical","2026-04-25","Resolved","5"
"CP0006075","C006076","O0006076","2026-04-24","Support","Low","2026-04-27","Resolved","1"
"CP0006076","C006077","O0006077","2026-04-25","Product","Medium","2026-04-29","Resolved","2"
"CP0006077","C006078","O0006078","2026-04-26","Product","Low","2026-05-01","Resolved","3"
"CP0006078","C006079","O0006079","2026-04-27","Payment","High","2026-05-03","Resolved","4"
"CP0006079","C006080","O0006080","2026-04-28","Refund","High","2026-05-05","Resolved","5"
"CP0006080","C006081","O0006081","2026-04-29","Payment","Low","","Open",""
"CP0006081","C006082","O0006082","2026-04-30","Payment","Critical","2026-05-09","Resolved","2"
"CP0006082","C006083","O0006083","2026-05-01","Refund","Low","2026-05-11","Resolved","3"
"CP0006083","C006084","O0006084","2026-05-02","Delivery","Critical","2026-05-13","Resolved","4"
"CP0006084","C006085","O0006085","2026-05-03","Delivery","Low","2026-05-03","Resolved","5"
"CP0006085","C006086","O0006086","2026-05-04","Payment","High","2026-05-05","Resolved","1"
"CP0006086","C006087","O0006087","2026-05-05","Support","Medium","2026-05-07","Resolved","2"
"CP0006087","C006088","O0006088","2026-05-06","Product","Critical","2026-05-09","Resolved","3"
"CP0006088","C006089","O0006089","2026-05-07","Support","Critical","","Open",""
"CP0006089","C006090","O0006090","2026-05-08","Refund","High","2026-05-13","Resolved","5"
"CP0006090","C006091","O0006091","2026-05-09","Product","Low","2026-05-15","Resolved","1"
"CP0006091","C006092","O0006092","2026-05-10","Payment","High","2026-05-17","Resolved","2"
"CP0006092","C006093","O0006093","2026-05-11","Product","Low","2026-05-19","Resolved","3"
"CP0006093","C006094","O0006094","2026-05-12","Refund","Low","2026-05-21","Resolved","4"
"CP0006094","C006095","O0006095","2026-05-13","Delivery","Low","2026-05-23","Resolved","5"
"CP0006095","C006096","O0006096","2026-05-14","Product","Medium","2026-05-25","Resolved","1"
"CP0006096","C006097","O0006097","2026-05-15","Delivery","Critical","","Open",""
"CP0006097","C006098","O0006098","2026-05-16","Support","Medium","2026-05-17","Resolved","3"
"CP0006098","C006099","O0006099","2026-05-17","Support","Low","2026-05-19","Resolved","4"
"CP0006099","C006100","O0006100","2026-05-18","Delivery","Critical","2026-05-21","Resolved","5"
"CP0006100","C006101","O0006101","2026-05-19","Product","High","2026-05-23","Resolved","1"
"CP0006101","C006102","O0006102","2026-05-20","Refund","Medium","2026-05-25","Resolved","2"
"CP0006102","C006103","O0006103","2026-05-21","Refund","High","2026-05-27","Resolved","3"
"CP0006103","C006104","O0006104","2026-05-22","Support","Critical","2026-05-29","Resolved","4"
"CP0006104","C006105","O0006105","2026-05-23","Support","Critical","","Open",""
"CP0006105","C006106","O0006106","2026-05-24","Delivery","Low","2026-06-02","Resolved","1"
"CP0006106","C006107","O0006107","2026-05-25","Refund","High","2026-06-04","Resolved","2"
"CP0006107","C006108","O0006108","2026-05-26","Payment","Low","2026-06-06","Resolved","3"
"CP0006108","C006109","O0006109","2026-05-27","Support","High","2026-05-27","Resolved","4"
"CP0006109","C006110","O0006110","2026-05-28","Payment","Medium","2026-05-29","Resolved","5"
"CP0006110","C006111","O0006111","2026-05-29","Delivery","Low","2026-05-31","Resolved","1"
"CP0006111","C006112","O0006112","2026-05-30","Refund","Critical","2026-06-02","Resolved","2"
"CP0006112","C006113","O0006113","2026-05-31","Payment","Medium","","Open",""
"CP0006113","C006114","O0006114","2026-06-01","Refund","Low","2026-06-06","Resolved","4"
"CP0006114","C006115","O0006115","2026-06-02","Delivery","Low","2026-06-08","Resolved","5"
"CP0006115","C006116","O0006116","2026-06-03","Refund","Medium","2026-06-10","Resolved","1"
"CP0006116","C006117","O0006117","2026-06-04","Refund","Critical","2026-06-12","Resolved","2"
"CP0006117","C006118","O0006118","2026-06-05","Product","Medium","2026-06-14","Resolved","3"
"CP0006118","C006119","O0006119","2026-06-06","Delivery","High","2026-06-16","Resolved","4"
"CP0006119","C006120","O0006120","2026-06-07","Payment","Medium","2026-06-18","Resolved","5"
"CP0006120","C006121","O0006121","2026-06-08","Payment","High","","Open",""
"CP0006121","C006122","O0006122","2026-06-09","Refund","Low","2026-06-10","Resolved","2"
"CP0006122","C006123","O0006123","2026-06-10","Support","Medium","2026-06-12","Resolved","3"
"CP0006123","C006124","O0006124","2026-06-11","Refund","Critical","2026-06-14","Resolved","4"
"CP0006124","C006125","O0006125","2026-06-12","Support","Critical","2026-06-16","Resolved","5"
"CP0006125","C006126","O0006126","2026-06-13","Product","Critical","2026-06-18","Resolved","1"
"CP0006126","C006127","O0006127","2026-06-14","Delivery","High","2026-06-20","Resolved","2"
"CP0006127","C006128","O0006128","2026-06-15","Refund","Medium","2026-06-22","Resolved","3"
"CP0006128","C006129","O0006129","2026-06-16","Product","Critical","","Open",""
"CP0006129","C006130","O0006130","2026-06-17","Product","Critical","2026-06-26","Resolved","5"
"CP0006130","C006131","O0006131","2026-06-18","Refund","Critical","2026-06-28","Resolved","1"
"CP0006131","C006132","O0006132","2026-06-19","Payment","Medium","2026-06-30","Resolved","2"
"CP0006132","C006133","O0006133","2026-06-20","Product","Critical","2026-06-20","Resolved","3"
"CP0006133","C006134","O0006134","2026-06-21","Delivery","Medium","2026-06-22","Resolved","4"
"CP0006134","C006135","O0006135","2026-06-22","Payment","Medium","2026-06-24","Resolved","5"
"CP0006135","C006136","O0006136","2026-06-23","Support","High","2026-06-26","Resolved","1"
"CP0006136","C006137","O0006137","2026-06-24","Refund","Critical","","Open",""
"CP0006137","C006138","O0006138","2026-06-25","Payment","Medium","2026-06-30","Resolved","3"
"CP0006138","C006139","O0006139","2026-06-26","Product","Medium","2026-07-02","Resolved","4"
"CP0006139","C006140","O0006140","2026-06-27","Delivery","Low","2026-07-04","Resolved","5"
"CP0006140","C006141","O0006141","2026-06-28","Refund","Medium","2026-07-06","Resolved","1"
"CP0006141","C006142","O0006142","2026-06-29","Refund","Low","2026-07-08","Resolved","2"
"CP0006142","C006143","O0006143","2026-06-30","Payment","Medium","2026-07-10","Resolved","3"
"CP0006143","C006144","O0006144","2026-07-01","Payment","Medium","2026-07-12","Resolved","4"
"CP0006144","C006145","O0006145","2026-07-02","Refund","High","","Open",""
"CP0006145","C006146","O0006146","2026-07-03","Support","Critical","2026-07-04","Resolved","1"
"CP0006146","C006147","O0006147","2026-07-04","Refund","Low","2026-07-06","Resolved","2"
"CP0006147","C006148","O0006148","2026-07-05","Product","Critical","2026-07-08","Resolved","3"
"CP0006148","C006149","O0006149","2026-07-06","Refund","Medium","2026-07-10","Resolved","4"
"CP0006149","C006150","O0006150","2026-07-07","Payment","Low","2026-07-12","Resolved","5"
"CP0006150","C006151","O0006151","2026-07-08","Refund","Critical","2026-07-14","Resolved","1"
"CP0006151","C006152","O0006152","2026-07-09","Support","Medium","2026-07-16","Resolved","2"
"CP0006152","C006153","O0006153","2026-07-10","Product","Critical","","Open",""
"CP0006153","C006154","O0006154","2026-07-11","Delivery","High","2026-07-20","Resolved","4"
"CP0006154","C006155","O0006155","2026-07-12","Payment","Critical","2026-07-22","Resolved","5"
"CP0006155","C006156","O0006156","2026-07-13","Refund","Low","2026-07-24","Resolved","1"
"CP0006156","C006157","O0006157","2026-07-14","Payment","Low","2026-07-14","Resolved","2"
"CP0006157","C006158","O0006158","2026-07-15","Delivery","High","2026-07-16","Resolved","3"
"CP0006158","C006159","O0006159","2026-07-16","Support","Critical","2026-07-18","Resolved","4"
"CP0006159","C006160","O0006160","2026-07-17","Delivery","Low","2026-07-20","Resolved","5"
"CP0006160","C006161","O0006161","2026-07-18","Refund","Low","","Open",""
"CP0006161","C006162","O0006162","2026-07-19","Payment","High","2026-07-24","Resolved","2"
"CP0006162","C006163","O0006163","2026-07-20","Refund","Low","2026-07-26","Resolved","3"
"CP0006163","C006164","O0006164","2026-07-21","Refund","High","2026-07-28","Resolved","4"
"CP0006164","C006165","O0006165","2026-07-22","Support","Critical","2026-07-30","Resolved","5"
"CP0006165","C006166","O0006166","2026-07-23","Product","Medium","2026-08-01","Resolved","1"
"CP0006166","C006167","O0006167","2026-07-24","Support","Medium","2026-08-03","Resolved","2"
"CP0006167","C006168","O0006168","2026-07-25","Delivery","Low","2026-08-05","Resolved","3"
"CP0006168","C006169","O0006169","2026-07-26","Support","Medium","","Open",""
"CP0006169","C006170","O0006170","2026-07-27","Product","Medium","2026-07-28","Resolved","5"
"CP0006170","C006171","O0006171","2026-07-28","Product","Medium","2026-07-30","Resolved","1"
"CP0006171","C006172","O0006172","2026-07-29","Delivery","Low","2026-08-01","Resolved","2"
"CP0006172","C006173","O0006173","2026-07-30","Product","Low","2026-08-03","Resolved","3"
"CP0006173","C006174","O0006174","2026-07-31","Delivery","Low","2026-08-05","Resolved","4"
"CP0006174","C006175","O0006175","2026-08-01","Delivery","High","2026-08-07","Resolved","5"
"CP0006175","C006176","O0006176","2026-08-02","Refund","Critical","2026-08-09","Resolved","1"
"CP0006176","C006177","O0006177","2026-08-03","Product","Low","","Open",""
"CP0006177","C006178","O0006178","2026-08-04","Payment","Medium","2026-08-13","Resolved","3"
"CP0006178","C006179","O0006179","2026-08-05","Support","High","2026-08-15","Resolved","4"
"CP0006179","C006180","O0006180","2026-08-06","Product","Critical","2026-08-17","Resolved","5"
"CP0006180","C006181","O0006181","2026-08-07","Refund","Critical","2026-08-07","Resolved","1"
"CP0006181","C006182","O0006182","2026-08-08","Product","Medium","2026-08-09","Resolved","2"
"CP0006182","C006183","O0006183","2026-08-09","Support","Low","2026-08-11","Resolved","3"
"CP0006183","C006184","O0006184","2026-08-10","Support","High","2026-08-13","Resolved","4"
"CP0006184","C006185","O0006185","2026-08-11","Refund","Low","","Open",""
"CP0006185","C006186","O0006186","2026-08-12","Product","Critical","2026-08-17","Resolved","1"
"CP0006186","C006187","O0006187","2026-08-13","Refund","Low","2026-08-19","Resolved","2"
"CP0006187","C006188","O0006188","2026-08-14","Support","Medium","2026-08-21","Resolved","3"
"CP0006188","C006189","O0006189","2026-08-15","Product","Critical","2026-08-23","Resolved","4"
"CP0006189","C006190","O0006190","2026-08-16","Support","High","2026-08-25","Resolved","5"
"CP0006190","C006191","O0006191","2026-08-17","Payment","Medium","2026-08-27","Resolved","1"
"CP0006191","C006192","O0006192","2026-08-18","Refund","Critical","2026-08-29","Resolved","2"
"CP0006192","C006193","O0006193","2026-08-19","Payment","High","","Open",""
"CP0006193","C006194","O0006194","2026-08-20","Support","Critical","2026-08-21","Resolved","4"
"CP0006194","C006195","O0006195","2026-08-21","Delivery","Low","2026-08-23","Resolved","5"
"CP0006195","C006196","O0006196","2026-08-22","Payment","Low","2026-08-25","Resolved","1"
"CP0006196","C006197","O0006197","2026-08-23","Refund","Low","2026-08-27","Resolved","2"
"CP0006197","C006198","O0006198","2026-08-24","Product","Medium","2026-08-29","Resolved","3"
"CP0006198","C006199","O0006199","2026-08-25","Support","Critical","2026-08-31","Resolved","4"
"CP0006199","C006200","O0006200","2026-08-26","Product","High","2026-09-02","Resolved","5"
"CP0006200","C006201","O0006201","2026-08-27","Refund","Medium","","Open",""
"CP0006201","C006202","O0006202","2026-08-28","Delivery","Medium","2026-09-06","Resolved","2"
"CP0006202","C006203","O0006203","2026-08-29","Delivery","Low","2026-09-08","Resolved","3"
"CP0006203","C006204","O0006204","2026-08-30","Refund","Medium","2026-09-10","Resolved","4"
"CP0006204","C006205","O0006205","2026-08-31","Support","High","2026-08-31","Resolved","5"
"CP0006205","C006206","O0006206","2025-09-01","Refund","High","2025-09-02","Resolved","1"
"CP0006206","C006207","O0006207","2025-09-02","Delivery","Medium","2025-09-04","Resolved","2"
"CP0006207","C006208","O0006208","2025-09-03","Product","Medium","2025-09-06","Resolved","3"
"CP0006208","C006209","O0006209","2025-09-04","Product","Medium","","Open",""
"CP0006209","C006210","O0006210","2025-09-05","Support","Medium","2025-09-10","Resolved","5"
"CP0006210","C006211","O0006211","2025-09-06","Payment","Critical","2025-09-12","Resolved","1"
"CP0006211","C006212","O0006212","2025-09-07","Payment","Low","2025-09-14","Resolved","2"
"CP0006212","C006213","O0006213","2025-09-08","Product","Low","2025-09-16","Resolved","3"
"CP0006213","C006214","O0006214","2025-09-09","Refund","Critical","2025-09-18","Resolved","4"
"CP0006214","C006215","O0006215","2025-09-10","Delivery","Critical","2025-09-20","Resolved","5"
"CP0006215","C006216","O0006216","2025-09-11","Payment","Critical","2025-09-22","Resolved","1"
"CP0006216","C006217","O0006217","2025-09-12","Product","Critical","","Open",""
"CP0006217","C006218","O0006218","2025-09-13","Product","Critical","2025-09-14","Resolved","3"
"CP0006218","C006219","O0006219","2025-09-14","Refund","Critical","2025-09-16","Resolved","4"
"CP0006219","C006220","O0006220","2025-09-15","Refund","Critical","2025-09-18","Resolved","5"
"CP0006220","C006221","O0006221","2025-09-16","Product","Medium","2025-09-20","Resolved","1"
"CP0006221","C006222","O0006222","2025-09-17","Payment","Critical","2025-09-22","Resolved","2"
"CP0006222","C006223","O0006223","2025-09-18","Delivery","High","2025-09-24","Resolved","3"
"CP0006223","C006224","O0006224","2025-09-19","Refund","Medium","2025-09-26","Resolved","4"
"CP0006224","C006225","O0006225","2025-09-20","Refund","High","","Open",""
"CP0006225","C006226","O0006226","2025-09-21","Delivery","Low","2025-09-30","Resolved","1"
"CP0006226","C006227","O0006227","2025-09-22","Product","Medium","2025-10-02","Resolved","2"
"CP0006227","C006228","O0006228","2025-09-23","Refund","High","2025-10-04","Resolved","3"
"CP0006228","C006229","O0006229","2025-09-24","Delivery","Medium","2025-09-24","Resolved","4"
"CP0006229","C006230","O0006230","2025-09-25","Refund","Medium","2025-09-26","Resolved","5"
"CP0006230","C006231","O0006231","2025-09-26","Support","Critical","2025-09-28","Resolved","1"
"CP0006231","C006232","O0006232","2025-09-27","Payment","Medium","2025-09-30","Resolved","2"
"CP0006232","C006233","O0006233","2025-09-28","Refund","High","","Open",""
"CP0006233","C006234","O0006234","2025-09-29","Support","Low","2025-10-04","Resolved","4"
"CP0006234","C006235","O0006235","2025-09-30","Delivery","Low","2025-10-06","Resolved","5"
"CP0006235","C006236","O0006236","2025-10-01","Payment","Medium","2025-10-08","Resolved","1"
"CP0006236","C006237","O0006237","2025-10-02","Payment","High","2025-10-10","Resolved","2"
"CP0006237","C006238","O0006238","2025-10-03","Support","High","2025-10-12","Resolved","3"
"CP0006238","C006239","O0006239","2025-10-04","Product","Critical","2025-10-14","Resolved","4"
"CP0006239","C006240","O0006240","2025-10-05","Support","Low","2025-10-16","Resolved","5"
"CP0006240","C006241","O0006241","2025-10-06","Product","Critical","","Open",""
"CP0006241","C006242","O0006242","2025-10-07","Payment","High","2025-10-08","Resolved","2"
"CP0006242","C006243","O0006243","2025-10-08","Delivery","Low","2025-10-10","Resolved","3"
"CP0006243","C006244","O0006244","2025-10-09","Support","High","2025-10-12","Resolved","4"
"CP0006244","C006245","O0006245","2025-10-10","Payment","Critical","2025-10-14","Resolved","5"
"CP0006245","C006246","O0006246","2025-10-11","Refund","High","2025-10-16","Resolved","1"
"CP0006246","C006247","O0006247","2025-10-12","Payment","High","2025-10-18","Resolved","2"
"CP0006247","C006248","O0006248","2025-10-13","Support","Low","2025-10-20","Resolved","3"
"CP0006248","C006249","O0006249","2025-10-14","Refund","High","","Open",""
"CP0006249","C006250","O0006250","2025-10-15","Payment","Critical","2025-10-24","Resolved","5"
"CP0006250","C006251","O0006251","2025-10-16","Refund","Medium","2025-10-26","Resolved","1"
"CP0006251","C006252","O0006252","2025-10-17","Refund","High","2025-10-28","Resolved","2"
"CP0006252","C006253","O0006253","2025-10-18","Delivery","Medium","2025-10-18","Resolved","3"
"CP0006253","C006254","O0006254","2025-10-19","Product","Critical","2025-10-20","Resolved","4"
"CP0006254","C006255","O0006255","2025-10-20","Refund","Critical","2025-10-22","Resolved","5"
"CP0006255","C006256","O0006256","2025-10-21","Product","Medium","2025-10-24","Resolved","1"
"CP0006256","C006257","O0006257","2025-10-22","Delivery","High","","Open",""
"CP0006257","C006258","O0006258","2025-10-23","Product","Medium","2025-10-28","Resolved","3"
"CP0006258","C006259","O0006259","2025-10-24","Product","Low","2025-10-30","Resolved","4"
"CP0006259","C006260","O0006260","2025-10-25","Delivery","Low","2025-11-01","Resolved","5"
"CP0006260","C006261","O0006261","2025-10-26","Product","High","2025-11-03","Resolved","1"
"CP0006261","C006262","O0006262","2025-10-27","Delivery","High","2025-11-05","Resolved","2"
"CP0006262","C006263","O0006263","2025-10-28","Refund","Medium","2025-11-07","Resolved","3"
"CP0006263","C006264","O0006264","2025-10-29","Delivery","Medium","2025-11-09","Resolved","4"
"CP0006264","C006265","O0006265","2025-10-30","Delivery","High","","Open",""
"CP0006265","C006266","O0006266","2025-10-31","Delivery","Medium","2025-11-01","Resolved","1"
"CP0006266","C006267","O0006267","2025-11-01","Support","Low","2025-11-03","Resolved","2"
"CP0006267","C006268","O0006268","2025-11-02","Payment","Medium","2025-11-05","Resolved","3"
"CP0006268","C006269","O0006269","2025-11-03","Refund","Low","2025-11-07","Resolved","4"
"CP0006269","C006270","O0006270","2025-11-04","Support","Low","2025-11-09","Resolved","5"
"CP0006270","C006271","O0006271","2025-11-05","Support","Critical","2025-11-11","Resolved","1"
"CP0006271","C006272","O0006272","2025-11-06","Refund","Low","2025-11-13","Resolved","2"
"CP0006272","C006273","O0006273","2025-11-07","Payment","Medium","","Open",""
"CP0006273","C006274","O0006274","2025-11-08","Payment","High","2025-11-17","Resolved","4"
"CP0006274","C006275","O0006275","2025-11-09","Delivery","High","2025-11-19","Resolved","5"
"CP0006275","C006276","O0006276","2025-11-10","Refund","Low","2025-11-21","Resolved","1"
"CP0006276","C006277","O0006277","2025-11-11","Payment","Medium","2025-11-11","Resolved","2"
"CP0006277","C006278","O0006278","2025-11-12","Product","Medium","2025-11-13","Resolved","3"
"CP0006278","C006279","O0006279","2025-11-13","Support","High","2025-11-15","Resolved","4"
"CP0006279","C006280","O0006280","2025-11-14","Payment","Critical","2025-11-17","Resolved","5"
"CP0006280","C006281","O0006281","2025-11-15","Payment","High","","Open",""
"CP0006281","C006282","O0006282","2025-11-16","Refund","Medium","2025-11-21","Resolved","2"
"CP0006282","C006283","O0006283","2025-11-17","Delivery","Critical","2025-11-23","Resolved","3"
"CP0006283","C006284","O0006284","2025-11-18","Payment","Medium","2025-11-25","Resolved","4"
"CP0006284","C006285","O0006285","2025-11-19","Payment","Critical","2025-11-27","Resolved","5"
"CP0006285","C006286","O0006286","2025-11-20","Support","High","2025-11-29","Resolved","1"
"CP0006286","C006287","O0006287","2025-11-21","Delivery","Low","2025-12-01","Resolved","2"
"CP0006287","C006288","O0006288","2025-11-22","Refund","Low","2025-12-03","Resolved","3"
"CP0006288","C006289","O0006289","2025-11-23","Product","Critical","","Open",""
"CP0006289","C006290","O0006290","2025-11-24","Payment","Low","2025-11-25","Resolved","5"
"CP0006290","C006291","O0006291","2025-11-25","Delivery","Low","2025-11-27","Resolved","1"
"CP0006291","C006292","O0006292","2025-11-26","Support","Critical","2025-11-29","Resolved","2"
"CP0006292","C006293","O0006293","2025-11-27","Delivery","Critical","2025-12-01","Resolved","3"
"CP0006293","C006294","O0006294","2025-11-28","Support","Low","2025-12-03","Resolved","4"
"CP0006294","C006295","O0006295","2025-11-29","Refund","Low","2025-12-05","Resolved","5"
"CP0006295","C006296","O0006296","2025-11-30","Payment","Low","2025-12-07","Resolved","1"
"CP0006296","C006297","O0006297","2025-12-01","Delivery","Low","","Open",""
"CP0006297","C006298","O0006298","2025-12-02","Delivery","Medium","2025-12-11","Resolved","3"
"CP0006298","C006299","O0006299","2025-12-03","Refund","Critical","2025-12-13","Resolved","4"
"CP0006299","C006300","O0006300","2025-12-04","Refund","Critical","2025-12-15","Resolved","5"
"CP0006300","C006301","O0006301","2025-12-05","Payment","Critical","2025-12-05","Resolved","1"
"CP0006301","C006302","O0006302","2025-12-06","Product","Low","2025-12-07","Resolved","2"
"CP0006302","C006303","O0006303","2025-12-07","Payment","Critical","2025-12-09","Resolved","3"
"CP0006303","C006304","O0006304","2025-12-08","Payment","Critical","2025-12-11","Resolved","4"
"CP0006304","C006305","O0006305","2025-12-09","Refund","High","","Open",""
"CP0006305","C006306","O0006306","2025-12-10","Support","High","2025-12-15","Resolved","1"
"CP0006306","C006307","O0006307","2025-12-11","Refund","Medium","2025-12-17","Resolved","2"
"CP0006307","C006308","O0006308","2025-12-12","Delivery","High","2025-12-19","Resolved","3"
"CP0006308","C006309","O0006309","2025-12-13","Refund","Critical","2025-12-21","Resolved","4"
"CP0006309","C006310","O0006310","2025-12-14","Refund","Medium","2025-12-23","Resolved","5"
"CP0006310","C006311","O0006311","2025-12-15","Delivery","High","2025-12-25","Resolved","1"
"CP0006311","C006312","O0006312","2025-12-16","Product","Medium","2025-12-27","Resolved","2"
"CP0006312","C006313","O0006313","2025-12-17","Payment","Low","","Open",""
"CP0006313","C006314","O0006314","2025-12-18","Payment","Critical","2025-12-19","Resolved","4"
"CP0006314","C006315","O0006315","2025-12-19","Delivery","High","2025-12-21","Resolved","5"
"CP0006315","C006316","O0006316","2025-12-20","Delivery","High","2025-12-23","Resolved","1"
"CP0006316","C006317","O0006317","2025-12-21","Delivery","Critical","2025-12-25","Resolved","2"
"CP0006317","C006318","O0006318","2025-12-22","Delivery","Medium","2025-12-27","Resolved","3"
"CP0006318","C006319","O0006319","2025-12-23","Refund","Low","2025-12-29","Resolved","4"
"CP0006319","C006320","O0006320","2025-12-24","Product","High","2025-12-31","Resolved","5"
"CP0006320","C006321","O0006321","2025-12-25","Refund","Critical","","Open",""
"CP0006321","C006322","O0006322","2025-12-26","Refund","Low","2026-01-04","Resolved","2"
"CP0006322","C006323","O0006323","2025-12-27","Delivery","Critical","2026-01-06","Resolved","3"
"CP0006323","C006324","O0006324","2025-12-28","Refund","Medium","2026-01-08","Resolved","4"
"CP0006324","C006325","O0006325","2025-12-29","Delivery","Critical","2025-12-29","Resolved","5"
"CP0006325","C006326","O0006326","2025-12-30","Payment","High","2025-12-31","Resolved","1"
"CP0006326","C006327","O0006327","2025-12-31","Product","High","2026-01-02","Resolved","2"
"CP0006327","C006328","O0006328","2026-01-01","Support","Low","2026-01-04","Resolved","3"
"CP0006328","C006329","O0006329","2026-01-02","Delivery","High","","Open",""
"CP0006329","C006330","O0006330","2026-01-03","Delivery","Medium","2026-01-08","Resolved","5"
"CP0006330","C006331","O0006331","2026-01-04","Support","High","2026-01-10","Resolved","1"
"CP0006331","C006332","O0006332","2026-01-05","Support","Critical","2026-01-12","Resolved","2"
"CP0006332","C006333","O0006333","2026-01-06","Delivery","Low","2026-01-14","Resolved","3"
"CP0006333","C006334","O0006334","2026-01-07","Delivery","High","2026-01-16","Resolved","4"
"CP0006334","C006335","O0006335","2026-01-08","Refund","Medium","2026-01-18","Resolved","5"
"CP0006335","C006336","O0006336","2026-01-09","Product","Critical","2026-01-20","Resolved","1"
"CP0006336","C006337","O0006337","2026-01-10","Refund","Critical","","Open",""
"CP0006337","C006338","O0006338","2026-01-11","Product","High","2026-01-12","Resolved","3"
"CP0006338","C006339","O0006339","2026-01-12","Product","High","2026-01-14","Resolved","4"
"CP0006339","C006340","O0006340","2026-01-13","Product","Low","2026-01-16","Resolved","5"
"CP0006340","C006341","O0006341","2026-01-14","Delivery","Critical","2026-01-18","Resolved","1"
"CP0006341","C006342","O0006342","2026-01-15","Payment","High","2026-01-20","Resolved","2"
"CP0006342","C006343","O0006343","2026-01-16","Refund","Low","2026-01-22","Resolved","3"
"CP0006343","C006344","O0006344","2026-01-17","Payment","High","2026-01-24","Resolved","4"
"CP0006344","C006345","O0006345","2026-01-18","Delivery","High","","Open",""
"CP0006345","C006346","O0006346","2026-01-19","Refund","Critical","2026-01-28","Resolved","1"
"CP0006346","C006347","O0006347","2026-01-20","Refund","Critical","2026-01-30","Resolved","2"
"CP0006347","C006348","O0006348","2026-01-21","Support","High","2026-02-01","Resolved","3"
"CP0006348","C006349","O0006349","2026-01-22","Refund","Critical","2026-01-22","Resolved","4"
"CP0006349","C006350","O0006350","2026-01-23","Delivery","High","2026-01-24","Resolved","5"
"CP0006350","C006351","O0006351","2026-01-24","Delivery","Medium","2026-01-26","Resolved","1"
"CP0006351","C006352","O0006352","2026-01-25","Delivery","Critical","2026-01-28","Resolved","2"
"CP0006352","C006353","O0006353","2026-01-26","Product","Low","","Open",""
"CP0006353","C006354","O0006354","2026-01-27","Delivery","High","2026-02-01","Resolved","4"
"CP0006354","C006355","O0006355","2026-01-28","Payment","Low","2026-02-03","Resolved","5"
"CP0006355","C006356","O0006356","2026-01-29","Payment","High","2026-02-05","Resolved","1"
"CP0006356","C006357","O0006357","2026-01-30","Delivery","Low","2026-02-07","Resolved","2"
"CP0006357","C006358","O0006358","2026-01-31","Delivery","Critical","2026-02-09","Resolved","3"
"CP0006358","C006359","O0006359","2026-02-01","Refund","Medium","2026-02-11","Resolved","4"
"CP0006359","C006360","O0006360","2026-02-02","Payment","High","2026-02-13","Resolved","5"
"CP0006360","C006361","O0006361","2026-02-03","Delivery","Critical","","Open",""
"CP0006361","C006362","O0006362","2026-02-04","Support","Medium","2026-02-05","Resolved","2"
"CP0006362","C006363","O0006363","2026-02-05","Product","Critical","2026-02-07","Resolved","3"
"CP0006363","C006364","O0006364","2026-02-06","Refund","Low","2026-02-09","Resolved","4"
"CP0006364","C006365","O0006365","2026-02-07","Refund","Critical","2026-02-11","Resolved","5"
"CP0006365","C006366","O0006366","2026-02-08","Product","Critical","2026-02-13","Resolved","1"
"CP0006366","C006367","O0006367","2026-02-09","Product","Medium","2026-02-15","Resolved","2"
"CP0006367","C006368","O0006368","2026-02-10","Refund","High","2026-02-17","Resolved","3"
"CP0006368","C006369","O0006369","2026-02-11","Payment","High","","Open",""
"CP0006369","C006370","O0006370","2026-02-12","Refund","Low","2026-02-21","Resolved","5"
"CP0006370","C006371","O0006371","2026-02-13","Product","Low","2026-02-23","Resolved","1"
"CP0006371","C006372","O0006372","2026-02-14","Payment","Low","2026-02-25","Resolved","2"
"CP0006372","C006373","O0006373","2026-02-15","Support","Low","2026-02-15","Resolved","3"
"CP0006373","C006374","O0006374","2026-02-16","Delivery","Low","2026-02-17","Resolved","4"
"CP0006374","C006375","O0006375","2026-02-17","Payment","Low","2026-02-19","Resolved","5"
"CP0006375","C006376","O0006376","2026-02-18","Product","High","2026-02-21","Resolved","1"
"CP0006376","C006377","O0006377","2026-02-19","Payment","High","","Open",""
"CP0006377","C006378","O0006378","2026-02-20","Support","Medium","2026-02-25","Resolved","3"
"CP0006378","C006379","O0006379","2026-02-21","Product","High","2026-02-27","Resolved","4"
"CP0006379","C006380","O0006380","2026-02-22","Delivery","Low","2026-03-01","Resolved","5"
"CP0006380","C006381","O0006381","2026-02-23","Payment","Medium","2026-03-03","Resolved","1"
"CP0006381","C006382","O0006382","2026-02-24","Support","Critical","2026-03-05","Resolved","2"
"CP0006382","C006383","O0006383","2026-02-25","Product","Low","2026-03-07","Resolved","3"
"CP0006383","C006384","O0006384","2026-02-26","Payment","Medium","2026-03-09","Resolved","4"
"CP0006384","C006385","O0006385","2026-02-27","Payment","High","","Open",""
"CP0006385","C006386","O0006386","2026-02-28","Support","Low","2026-03-01","Resolved","1"
"CP0006386","C006387","O0006387","2026-03-01","Refund","Critical","2026-03-03","Resolved","2"
"CP0006387","C006388","O0006388","2026-03-02","Payment","Medium","2026-03-05","Resolved","3"
"CP0006388","C006389","O0006389","2026-03-03","Delivery","High","2026-03-07","Resolved","4"
"CP0006389","C006390","O0006390","2026-03-04","Support","Low","2026-03-09","Resolved","5"
"CP0006390","C006391","O0006391","2026-03-05","Delivery","Medium","2026-03-11","Resolved","1"
"CP0006391","C006392","O0006392","2026-03-06","Payment","High","2026-03-13","Resolved","2"
"CP0006392","C006393","O0006393","2026-03-07","Refund","High","","Open",""
"CP0006393","C006394","O0006394","2026-03-08","Product","High","2026-03-17","Resolved","4"
"CP0006394","C006395","O0006395","2026-03-09","Delivery","Medium","2026-03-19","Resolved","5"
"CP0006395","C006396","O0006396","2026-03-10","Refund","Medium","2026-03-21","Resolved","1"
"CP0006396","C006397","O0006397","2026-03-11","Payment","Low","2026-03-11","Resolved","2"
"CP0006397","C006398","O0006398","2026-03-12","Payment","Medium","2026-03-13","Resolved","3"
"CP0006398","C006399","O0006399","2026-03-13","Refund","Critical","2026-03-15","Resolved","4"
"CP0006399","C006400","O0006400","2026-03-14","Payment","Medium","2026-03-17","Resolved","5"
"CP0006400","C006401","O0006401","2026-03-15","Refund","Medium","","Open",""
"CP0006401","C006402","O0006402","2026-03-16","Refund","High","2026-03-21","Resolved","2"
"CP0006402","C006403","O0006403","2026-03-17","Refund","High","2026-03-23","Resolved","3"
"CP0006403","C006404","O0006404","2026-03-18","Delivery","Low","2026-03-25","Resolved","4"
"CP0006404","C006405","O0006405","2026-03-19","Delivery","Low","2026-03-27","Resolved","5"
"CP0006405","C006406","O0006406","2026-03-20","Delivery","Medium","2026-03-29","Resolved","1"
"CP0006406","C006407","O0006407","2026-03-21","Support","Low","2026-03-31","Resolved","2"
"CP0006407","C006408","O0006408","2026-03-22","Product","Critical","2026-04-02","Resolved","3"
"CP0006408","C006409","O0006409","2026-03-23","Delivery","High","","Open",""
"CP0006409","C006410","O0006410","2026-03-24","Product","Critical","2026-03-25","Resolved","5"
"CP0006410","C006411","O0006411","2026-03-25","Payment","Low","2026-03-27","Resolved","1"
"CP0006411","C006412","O0006412","2026-03-26","Refund","Critical","2026-03-29","Resolved","2"
"CP0006412","C006413","O0006413","2026-03-27","Support","High","2026-03-31","Resolved","3"
"CP0006413","C006414","O0006414","2026-03-28","Product","Critical","2026-04-02","Resolved","4"
"CP0006414","C006415","O0006415","2026-03-29","Delivery","Medium","2026-04-04","Resolved","5"
"CP0006415","C006416","O0006416","2026-03-30","Payment","Critical","2026-04-06","Resolved","1"
"CP0006416","C006417","O0006417","2026-03-31","Payment","Medium","","Open",""
"CP0006417","C006418","O0006418","2026-04-01","Support","Critical","2026-04-10","Resolved","3"
"CP0006418","C006419","O0006419","2026-04-02","Delivery","Critical","2026-04-12","Resolved","4"
"CP0006419","C006420","O0006420","2026-04-03","Support","Low","2026-04-14","Resolved","5"
"CP0006420","C006421","O0006421","2026-04-04","Delivery","Critical","2026-04-04","Resolved","1"
"CP0006421","C006422","O0006422","2026-04-05","Delivery","Medium","2026-04-06","Resolved","2"
"CP0006422","C006423","O0006423","2026-04-06","Product","Medium","2026-04-08","Resolved","3"
"CP0006423","C006424","O0006424","2026-04-07","Refund","High","2026-04-10","Resolved","4"
"CP0006424","C006425","O0006425","2026-04-08","Support","Critical","","Open",""
"CP0006425","C006426","O0006426","2026-04-09","Payment","Critical","2026-04-14","Resolved","1"
"CP0006426","C006427","O0006427","2026-04-10","Refund","Low","2026-04-16","Resolved","2"
"CP0006427","C006428","O0006428","2026-04-11","Payment","Critical","2026-04-18","Resolved","3"
"CP0006428","C006429","O0006429","2026-04-12","Support","High","2026-04-20","Resolved","4"
"CP0006429","C006430","O0006430","2026-04-13","Delivery","Medium","2026-04-22","Resolved","5"
"CP0006430","C006431","O0006431","2026-04-14","Refund","Low","2026-04-24","Resolved","1"
"CP0006431","C006432","O0006432","2026-04-15","Delivery","Low","2026-04-26","Resolved","2"
"CP0006432","C006433","O0006433","2026-04-16","Payment","Low","","Open",""
"CP0006433","C006434","O0006434","2026-04-17","Delivery","Medium","2026-04-18","Resolved","4"
"CP0006434","C006435","O0006435","2026-04-18","Delivery","Critical","2026-04-20","Resolved","5"
"CP0006435","C006436","O0006436","2026-04-19","Support","Low","2026-04-22","Resolved","1"
"CP0006436","C006437","O0006437","2026-04-20","Support","Critical","2026-04-24","Resolved","2"
"CP0006437","C006438","O0006438","2026-04-21","Support","Critical","2026-04-26","Resolved","3"
"CP0006438","C006439","O0006439","2026-04-22","Delivery","High","2026-04-28","Resolved","4"
"CP0006439","C006440","O0006440","2026-04-23","Delivery","High","2026-04-30","Resolved","5"
"CP0006440","C006441","O0006441","2026-04-24","Delivery","Low","","Open",""
"CP0006441","C006442","O0006442","2026-04-25","Product","Low","2026-05-04","Resolved","2"
"CP0006442","C006443","O0006443","2026-04-26","Delivery","Critical","2026-05-06","Resolved","3"
"CP0006443","C006444","O0006444","2026-04-27","Payment","Medium","2026-05-08","Resolved","4"
"CP0006444","C006445","O0006445","2026-04-28","Support","Medium","2026-04-28","Resolved","5"
"CP0006445","C006446","O0006446","2026-04-29","Refund","Low","2026-04-30","Resolved","1"
"CP0006446","C006447","O0006447","2026-04-30","Product","High","2026-05-02","Resolved","2"
"CP0006447","C006448","O0006448","2026-05-01","Refund","Critical","2026-05-04","Resolved","3"
"CP0006448","C006449","O0006449","2026-05-02","Refund","Low","","Open",""
"CP0006449","C006450","O0006450","2026-05-03","Product","Medium","2026-05-08","Resolved","5"
"CP0006450","C006451","O0006451","2026-05-04","Refund","Critical","2026-05-10","Resolved","1"
"CP0006451","C006452","O0006452","2026-05-05","Delivery","Medium","2026-05-12","Resolved","2"
"CP0006452","C006453","O0006453","2026-05-06","Payment","High","2026-05-14","Resolved","3"
"CP0006453","C006454","O0006454","2026-05-07","Product","Medium","2026-05-16","Resolved","4"
"CP0006454","C006455","O0006455","2026-05-08","Refund","Low","2026-05-18","Resolved","5"
"CP0006455","C006456","O0006456","2026-05-09","Refund","Low","2026-05-20","Resolved","1"
"CP0006456","C006457","O0006457","2026-05-10","Support","Medium","","Open",""
"CP0006457","C006458","O0006458","2026-05-11","Product","Low","2026-05-12","Resolved","3"
"CP0006458","C006459","O0006459","2026-05-12","Support","Critical","2026-05-14","Resolved","4"
"CP0006459","C006460","O0006460","2026-05-13","Payment","Critical","2026-05-16","Resolved","5"
"CP0006460","C006461","O0006461","2026-05-14","Product","Low","2026-05-18","Resolved","1"
"CP0006461","C006462","O0006462","2026-05-15","Support","Low","2026-05-20","Resolved","2"
"CP0006462","C006463","O0006463","2026-05-16","Refund","Low","2026-05-22","Resolved","3"
"CP0006463","C006464","O0006464","2026-05-17","Support","High","2026-05-24","Resolved","4"
"CP0006464","C006465","O0006465","2026-05-18","Product","Medium","","Open",""
"CP0006465","C006466","O0006466","2026-05-19","Refund","Low","2026-05-28","Resolved","1"
"CP0006466","C006467","O0006467","2026-05-20","Delivery","Critical","2026-05-30","Resolved","2"
"CP0006467","C006468","O0006468","2026-05-21","Product","Low","2026-06-01","Resolved","3"
"CP0006468","C006469","O0006469","2026-05-22","Support","Low","2026-05-22","Resolved","4"
"CP0006469","C006470","O0006470","2026-05-23","Support","Medium","2026-05-24","Resolved","5"
"CP0006470","C006471","O0006471","2026-05-24","Product","Critical","2026-05-26","Resolved","1"
"CP0006471","C006472","O0006472","2026-05-25","Refund","High","2026-05-28","Resolved","2"
"CP0006472","C006473","O0006473","2026-05-26","Payment","Medium","","Open",""
"CP0006473","C006474","O0006474","2026-05-27","Product","Low","2026-06-01","Resolved","4"
"CP0006474","C006475","O0006475","2026-05-28","Product","Critical","2026-06-03","Resolved","5"
"CP0006475","C006476","O0006476","2026-05-29","Refund","Low","2026-06-05","Resolved","1"
"CP0006476","C006477","O0006477","2026-05-30","Support","Medium","2026-06-07","Resolved","2"
"CP0006477","C006478","O0006478","2026-05-31","Product","Low","2026-06-09","Resolved","3"
"CP0006478","C006479","O0006479","2026-06-01","Product","High","2026-06-11","Resolved","4"
"CP0006479","C006480","O0006480","2026-06-02","Payment","Critical","2026-06-13","Resolved","5"
"CP0006480","C006481","O0006481","2026-06-03","Product","Critical","","Open",""
"CP0006481","C006482","O0006482","2026-06-04","Payment","Medium","2026-06-05","Resolved","2"
"CP0006482","C006483","O0006483","2026-06-05","Product","Medium","2026-06-07","Resolved","3"
"CP0006483","C006484","O0006484","2026-06-06","Delivery","High","2026-06-09","Resolved","4"
"CP0006484","C006485","O0006485","2026-06-07","Payment","High","2026-06-11","Resolved","5"
"CP0006485","C006486","O0006486","2026-06-08","Product","Critical","2026-06-13","Resolved","1"
"CP0006486","C006487","O0006487","2026-06-09","Payment","Medium","2026-06-15","Resolved","2"
"CP0006487","C006488","O0006488","2026-06-10","Refund","Low","2026-06-17","Resolved","3"
"CP0006488","C006489","O0006489","2026-06-11","Refund","Medium","","Open",""
"CP0006489","C006490","O0006490","2026-06-12","Support","Low","2026-06-21","Resolved","5"
"CP0006490","C006491","O0006491","2026-06-13","Delivery","High","2026-06-23","Resolved","1"
"CP0006491","C006492","O0006492","2026-06-14","Support","Critical","2026-06-25","Resolved","2"
"CP0006492","C006493","O0006493","2026-06-15","Refund","High","2026-06-15","Resolved","3"
"CP0006493","C006494","O0006494","2026-06-16","Delivery","High","2026-06-17","Resolved","4"
"CP0006494","C006495","O0006495","2026-06-17","Product","Medium","2026-06-19","Resolved","5"
"CP0006495","C006496","O0006496","2026-06-18","Payment","Medium","2026-06-21","Resolved","1"
"CP0006496","C006497","O0006497","2026-06-19","Refund","Low","","Open",""
"CP0006497","C006498","O0006498","2026-06-20","Support","Critical","2026-06-25","Resolved","3"
"CP0006498","C006499","O0006499","2026-06-21","Payment","Low","2026-06-27","Resolved","4"
"CP0006499","C006500","O0006500","2026-06-22","Support","Critical","2026-06-29","Resolved","5"
"CP0006500","C006501","O0006501","2026-06-23","Product","Medium","2026-07-01","Resolved","1"
"CP0006501","C006502","O0006502","2026-06-24","Support","Low","2026-07-03","Resolved","2"
"CP0006502","C006503","O0006503","2026-06-25","Support","High","2026-07-05","Resolved","3"
"CP0006503","C006504","O0006504","2026-06-26","Payment","Medium","2026-07-07","Resolved","4"
"CP0006504","C006505","O0006505","2026-06-27","Delivery","High","","Open",""
"CP0006505","C006506","O0006506","2026-06-28","Delivery","Low","2026-06-29","Resolved","1"
"CP0006506","C006507","O0006507","2026-06-29","Refund","Low","2026-07-01","Resolved","2"
"CP0006507","C006508","O0006508","2026-06-30","Support","Medium","2026-07-03","Resolved","3"
"CP0006508","C006509","O0006509","2026-07-01","Refund","Critical","2026-07-05","Resolved","4"
"CP0006509","C006510","O0006510","2026-07-02","Payment","Low","2026-07-07","Resolved","5"
"CP0006510","C006511","O0006511","2026-07-03","Product","Medium","2026-07-09","Resolved","1"
"CP0006511","C006512","O0006512","2026-07-04","Refund","Critical","2026-07-11","Resolved","2"
"CP0006512","C006513","O0006513","2026-07-05","Support","Medium","","Open",""
"CP0006513","C006514","O0006514","2026-07-06","Payment","Low","2026-07-15","Resolved","4"
"CP0006514","C006515","O0006515","2026-07-07","Support","Medium","2026-07-17","Resolved","5"
"CP0006515","C006516","O0006516","2026-07-08","Delivery","Critical","2026-07-19","Resolved","1"
"CP0006516","C006517","O0006517","2026-07-09","Support","Critical","2026-07-09","Resolved","2"
"CP0006517","C006518","O0006518","2026-07-10","Refund","High","2026-07-11","Resolved","3"
"CP0006518","C006519","O0006519","2026-07-11","Delivery","High","2026-07-13","Resolved","4"
"CP0006519","C006520","O0006520","2026-07-12","Product","Critical","2026-07-15","Resolved","5"
"CP0006520","C006521","O0006521","2026-07-13","Payment","Low","","Open",""
"CP0006521","C006522","O0006522","2026-07-14","Product","Critical","2026-07-19","Resolved","2"
"CP0006522","C006523","O0006523","2026-07-15","Product","Critical","2026-07-21","Resolved","3"
"CP0006523","C006524","O0006524","2026-07-16","Delivery","High","2026-07-23","Resolved","4"
"CP0006524","C006525","O0006525","2026-07-17","Payment","Medium","2026-07-25","Resolved","5"
"CP0006525","C006526","O0006526","2026-07-18","Delivery","Critical","2026-07-27","Resolved","1"
"CP0006526","C006527","O0006527","2026-07-19","Delivery","Low","2026-07-29","Resolved","2"
"CP0006527","C006528","O0006528","2026-07-20","Delivery","Medium","2026-07-31","Resolved","3"
"CP0006528","C006529","O0006529","2026-07-21","Delivery","Medium","","Open",""
"CP0006529","C006530","O0006530","2026-07-22","Delivery","High","2026-07-23","Resolved","5"
"CP0006530","C006531","O0006531","2026-07-23","Support","High","2026-07-25","Resolved","1"
"CP0006531","C006532","O0006532","2026-07-24","Delivery","High","2026-07-27","Resolved","2"
"CP0006532","C006533","O0006533","2026-07-25","Product","Medium","2026-07-29","Resolved","3"
"CP0006533","C006534","O0006534","2026-07-26","Refund","High","2026-07-31","Resolved","4"
"CP0006534","C006535","O0006535","2026-07-27","Product","High","2026-08-02","Resolved","5"
"CP0006535","C006536","O0006536","2026-07-28","Support","Critical","2026-08-04","Resolved","1"
"CP0006536","C006537","O0006537","2026-07-29","Refund","Low","","Open",""
"CP0006537","C006538","O0006538","2026-07-30","Support","High","2026-08-08","Resolved","3"
"CP0006538","C006539","O0006539","2026-07-31","Product","Critical","2026-08-10","Resolved","4"
"CP0006539","C006540","O0006540","2026-08-01","Refund","High","2026-08-12","Resolved","5"
"CP0006540","C006541","O0006541","2026-08-02","Delivery","Low","2026-08-02","Resolved","1"
"CP0006541","C006542","O0006542","2026-08-03","Support","High","2026-08-04","Resolved","2"
"CP0006542","C006543","O0006543","2026-08-04","Delivery","Low","2026-08-06","Resolved","3"
"CP0006543","C006544","O0006544","2026-08-05","Product","Critical","2026-08-08","Resolved","4"
"CP0006544","C006545","O0006545","2026-08-06","Refund","Low","","Open",""
"CP0006545","C006546","O0006546","2026-08-07","Delivery","High","2026-08-12","Resolved","1"
"CP0006546","C006547","O0006547","2026-08-08","Refund","High","2026-08-14","Resolved","2"
"CP0006547","C006548","O0006548","2026-08-09","Delivery","Critical","2026-08-16","Resolved","3"
"CP0006548","C006549","O0006549","2026-08-10","Support","Medium","2026-08-18","Resolved","4"
"CP0006549","C006550","O0006550","2026-08-11","Payment","High","2026-08-20","Resolved","5"
"CP0006550","C006551","O0006551","2026-08-12","Refund","High","2026-08-22","Resolved","1"
"CP0006551","C006552","O0006552","2026-08-13","Delivery","Critical","2026-08-24","Resolved","2"
"CP0006552","C006553","O0006553","2026-08-14","Product","Low","","Open",""
"CP0006553","C006554","O0006554","2026-08-15","Payment","Low","2026-08-16","Resolved","4"
"CP0006554","C006555","O0006555","2026-08-16","Delivery","High","2026-08-18","Resolved","5"
"CP0006555","C006556","O0006556","2026-08-17","Payment","High","2026-08-20","Resolved","1"
"CP0006556","C006557","O0006557","2026-08-18","Refund","Critical","2026-08-22","Resolved","2"
"CP0006557","C006558","O0006558","2026-08-19","Payment","Critical","2026-08-24","Resolved","3"
"CP0006558","C006559","O0006559","2026-08-20","Product","High","2026-08-26","Resolved","4"
"CP0006559","C006560","O0006560","2026-08-21","Payment","Low","2026-08-28","Resolved","5"
"CP0006560","C006561","O0006561","2026-08-22","Refund","High","","Open",""
"CP0006561","C006562","O0006562","2026-08-23","Payment","Low","2026-09-01","Resolved","2"
"CP0006562","C006563","O0006563","2026-08-24","Support","High","2026-09-03","Resolved","3"
"CP0006563","C006564","O0006564","2026-08-25","Refund","High","2026-09-05","Resolved","4"
"CP0006564","C006565","O0006565","2026-08-26","Delivery","Critical","2026-08-26","Resolved","5"
"CP0006565","C006566","O0006566","2026-08-27","Support","Low","2026-08-28","Resolved","1"
"CP0006566","C006567","O0006567","2026-08-28","Support","Medium","2026-08-30","Resolved","2"
"CP0006567","C006568","O0006568","2026-08-29","Support","High","2026-09-01","Resolved","3"
"CP0006568","C006569","O0006569","2026-08-30","Payment","Critical","","Open",""
"CP0006569","C006570","O0006570","2026-08-31","Refund","Medium","2026-09-05","Resolved","5"
"CP0006570","C006571","O0006571","2025-09-01","Refund","Critical","2025-09-07","Resolved","1"
"CP0006571","C006572","O0006572","2025-09-02","Delivery","Critical","2025-09-09","Resolved","2"
"CP0006572","C006573","O0006573","2025-09-03","Support","Medium","2025-09-11","Resolved","3"
"CP0006573","C006574","O0006574","2025-09-04","Delivery","Low","2025-09-13","Resolved","4"
"CP0006574","C006575","O0006575","2025-09-05","Support","Medium","2025-09-15","Resolved","5"
"CP0006575","C006576","O0006576","2025-09-06","Delivery","Medium","2025-09-17","Resolved","1"
"CP0006576","C006577","O0006577","2025-09-07","Product","Medium","","Open",""
"CP0006577","C006578","O0006578","2025-09-08","Product","Low","2025-09-09","Resolved","3"
"CP0006578","C006579","O0006579","2025-09-09","Delivery","Low","2025-09-11","Resolved","4"
"CP0006579","C006580","O0006580","2025-09-10","Support","High","2025-09-13","Resolved","5"
"CP0006580","C006581","O0006581","2025-09-11","Refund","Critical","2025-09-15","Resolved","1"
"CP0006581","C006582","O0006582","2025-09-12","Support","Low","2025-09-17","Resolved","2"
"CP0006582","C006583","O0006583","2025-09-13","Refund","Critical","2025-09-19","Resolved","3"
"CP0006583","C006584","O0006584","2025-09-14","Product","High","2025-09-21","Resolved","4"
"CP0006584","C006585","O0006585","2025-09-15","Support","Medium","","Open",""
"CP0006585","C006586","O0006586","2025-09-16","Support","High","2025-09-25","Resolved","1"
"CP0006586","C006587","O0006587","2025-09-17","Payment","Critical","2025-09-27","Resolved","2"
"CP0006587","C006588","O0006588","2025-09-18","Support","High","2025-09-29","Resolved","3"
"CP0006588","C006589","O0006589","2025-09-19","Payment","Low","2025-09-19","Resolved","4"
"CP0006589","C006590","O0006590","2025-09-20","Payment","High","2025-09-21","Resolved","5"
"CP0006590","C006591","O0006591","2025-09-21","Delivery","High","2025-09-23","Resolved","1"
"CP0006591","C006592","O0006592","2025-09-22","Product","Critical","2025-09-25","Resolved","2"
"CP0006592","C006593","O0006593","2025-09-23","Refund","High","","Open",""
"CP0006593","C006594","O0006594","2025-09-24","Refund","Low","2025-09-29","Resolved","4"
"CP0006594","C006595","O0006595","2025-09-25","Payment","Critical","2025-10-01","Resolved","5"
"CP0006595","C006596","O0006596","2025-09-26","Support","High","2025-10-03","Resolved","1"
"CP0006596","C006597","O0006597","2025-09-27","Product","High","2025-10-05","Resolved","2"
"CP0006597","C006598","O0006598","2025-09-28","Product","Medium","2025-10-07","Resolved","3"
"CP0006598","C006599","O0006599","2025-09-29","Refund","Critical","2025-10-09","Resolved","4"
"CP0006599","C006600","O0006600","2025-09-30","Payment","Medium","2025-10-11","Resolved","5"
"CP0006600","C006601","O0006601","2025-10-01","Support","High","","Open",""
"CP0006601","C006602","O0006602","2025-10-02","Support","Medium","2025-10-03","Resolved","2"
"CP0006602","C006603","O0006603","2025-10-03","Product","High","2025-10-05","Resolved","3"
"CP0006603","C006604","O0006604","2025-10-04","Refund","High","2025-10-07","Resolved","4"
"CP0006604","C006605","O0006605","2025-10-05","Support","High","2025-10-09","Resolved","5"
"CP0006605","C006606","O0006606","2025-10-06","Support","Low","2025-10-11","Resolved","1"
"CP0006606","C006607","O0006607","2025-10-07","Refund","High","2025-10-13","Resolved","2"
"CP0006607","C006608","O0006608","2025-10-08","Refund","High","2025-10-15","Resolved","3"
"CP0006608","C006609","O0006609","2025-10-09","Delivery","Medium","","Open",""
"CP0006609","C999999","O0006610","2025-10-10","Payment","High","2025-10-19","Resolved","5"
"CP0006610","C006611","O0006611","2025-10-11","Delivery","Critical","2025-10-21","Resolved","1"
"CP0006611","C006612","O0006612","2025-10-12","Support","Medium","2025-10-23","Resolved","2"
"CP0006612","C006613","O0006613","2025-10-13","Support","High","2025-10-13","Resolved","3"
"CP0006613","C006614","O0006614","2025-10-14","Support","Medium","2025-10-15","Resolved","4"
"CP0006614","C006615","O0006615","2025-10-15","Product","Medium","2025-10-17","Resolved","5"
"CP0006615","C006616","O0006616","2025-10-16","Refund","Low","2025-10-19","Resolved","1"
"CP0006616","C006617","O0006617","2025-10-17","Product","Low","","Open",""
"CP0006617","C006618","O0006618","2025-10-18","Delivery","Critical","2025-10-23","Resolved","3"
"CP0006618","C006619","O0006619","2025-10-19","Product","Medium","2025-10-25","Resolved","4"
"CP0006619","C006620","O0006620","2025-10-20","Payment","Critical","2025-10-27","Resolved","5"
"CP0006620","C006621","O0006621","2025-10-21","Payment","Critical","2025-10-29","Resolved","1"
"CP0006621","C006622","O0006622","2025-10-22","Product","Critical","2025-10-31","Resolved","2"
"CP0006622","C006623","O0006623","2025-10-23","Delivery","Critical","2025-11-02","Resolved","3"
"CP0006623","C006624","O0006624","2025-10-24","Product","Medium","2025-11-04","Resolved","4"
"CP0006624","C006625","O0006625","2025-10-25","Payment","Medium","","Open",""
"CP0006625","C006626","O0006626","2025-10-26","Payment","Low","2025-10-27","Resolved","1"
"CP0006626","C006627","O0006627","2025-10-27","Product","Critical","2025-10-29","Resolved","2"
"CP0006627","C006628","O0006628","2025-10-28","Refund","Medium","2025-10-31","Resolved","3"
"CP0006628","C006629","O0006629","2025-10-29","Support","Medium","2025-11-02","Resolved","4"
"CP0006629","C006630","O0006630","2025-10-30","Payment","Low","2025-11-04","Resolved","5"
"CP0006630","C006631","O0006631","2025-10-31","Delivery","Low","2025-11-06","Resolved","1"
"CP0006631","C006632","O0006632","2025-11-01","Payment","Medium","2025-11-08","Resolved","2"
"CP0006632","C006633","O0006633","2025-11-02","Refund","Low","","Open",""
"CP0006633","C006634","O0006634","2025-11-03","Payment","Low","2025-11-12","Resolved","4"
"CP0006634","C006635","O0006635","2025-11-04","Support","Medium","2025-11-14","Resolved","5"
"CP0006635","C006636","O0006636","2025-11-05","Delivery","Medium","2025-11-16","Resolved","1"
"CP0006636","C006637","O0006637","2025-11-06","Support","High","2025-11-06","Resolved","2"
"CP0006637","C006638","O0006638","2025-11-07","Product","Medium","2025-11-08","Resolved","3"
"CP0006638","C006639","O0006639","2025-11-08","Payment","Medium","2025-11-10","Resolved","4"
"CP0006639","C006640","O0006640","2025-11-09","Support","Low","2025-11-12","Resolved","5"
"CP0006640","C006641","O0006641","2025-11-10","Delivery","Critical","","Open",""
"CP0006641","C006642","O0006642","2025-11-11","Delivery","Critical","2025-11-16","Resolved","2"
"CP0006642","C006643","O0006643","2025-11-12","Delivery","Low","2025-11-18","Resolved","3"
"CP0006643","C006644","O0006644","2025-11-13","Delivery","High","2025-11-20","Resolved","4"
"CP0006644","C006645","O0006645","2025-11-14","Product","Low","2025-11-22","Resolved","5"
"CP0006645","C006646","O0006646","2025-11-15","Delivery","Medium","2025-11-24","Resolved","1"
"CP0006646","C006647","O0006647","2025-11-16","Refund","High","2025-11-26","Resolved","2"
"CP0006647","C006648","O0006648","2025-11-17","Payment","Medium","2025-11-28","Resolved","3"
"CP0006648","C006649","O0006649","2025-11-18","Delivery","High","","Open",""
"CP0006649","C006650","O0006650","2025-11-19","Product","Critical","2025-11-20","Resolved","5"
"CP0006650","C006651","O0006651","2025-11-20","Payment","High","2025-11-22","Resolved","1"
"CP0006651","C006652","O0006652","2025-11-21","Support","High","2025-11-24","Resolved","2"
"CP0006652","C006653","O0006653","2025-11-22","Refund","High","2025-11-26","Resolved","3"
"CP0006653","C006654","O0006654","2025-11-23","Payment","Low","2025-11-28","Resolved","4"
"CP0006654","C006655","O0006655","2025-11-24","Payment","Medium","2025-11-30","Resolved","5"
"CP0006655","C006656","O0006656","2025-11-25","Product","High","2025-12-02","Resolved","1"
"CP0006656","C006657","O0006657","2025-11-26","Payment","Low","","Open",""
"CP0006657","C006658","O0006658","2025-11-27","Support","High","2025-12-06","Resolved","3"
"CP0006658","C006659","O0006659","2025-11-28","Product","Critical","2025-12-08","Resolved","4"
"CP0006659","C006660","O0006660","2025-11-29","Payment","Low","2025-12-10","Resolved","5"
"CP0006660","C006661","O0006661","2025-11-30","Support","High","2025-11-30","Resolved","1"
"CP0006661","C006662","O0006662","2025-12-01","Refund","Low","2025-12-02","Resolved","2"
"CP0006662","C006663","O0006663","2025-12-02","Refund","Critical","2025-12-04","Resolved","3"
"CP0006663","C006664","O0006664","2025-12-03","Refund","Critical","2025-12-06","Resolved","4"
"CP0006664","C006665","O0006665","2025-12-04","Refund","Medium","","Open",""
"CP0006665","C006666","O0006666","2025-12-05","Support","Critical","2025-12-10","Resolved","1"
"CP0006666","C006667","O0006667","2025-12-06","Payment","High","2025-12-12","Resolved","2"
"CP0006667","C006668","O0006668","2025-12-07","Product","Low","2025-12-14","Resolved","3"
"CP0006668","C006669","O0006669","2025-12-08","Product","High","2025-12-16","Resolved","4"
"CP0006669","C006670","O0006670","2025-12-09","Support","High","2025-12-18","Resolved","5"
"CP0006670","C006671","O0006671","2025-12-10","Delivery","Medium","2025-12-20","Resolved","1"
"CP0006671","C006672","O0006672","2025-12-11","Product","Medium","2025-12-22","Resolved","2"
"CP0006672","C006673","O0006673","2025-12-12","Refund","Medium","","Open",""
"CP0006673","C006674","O0006674","2025-12-13","Delivery","Medium","2025-12-14","Resolved","4"
"CP0006674","C006675","O0006675","2025-12-14","Payment","Low","2025-12-16","Resolved","5"
"CP0006675","C006676","O0006676","2025-12-15","Payment","Low","2025-12-18","Resolved","1"
"CP0006676","C006677","O0006677","2025-12-16","Delivery","Low","2025-12-20","Resolved","2"
"CP0006677","C006678","O0006678","2025-12-17","Refund","Critical","2025-12-22","Resolved","3"
"CP0006678","C006679","O0006679","2025-12-18","Support","Low","2025-12-24","Resolved","4"
"CP0006679","C006680","O0006680","2025-12-19","Support","Medium","2025-12-26","Resolved","5"
"CP0006680","C006681","O0006681","2025-12-20","Payment","Medium","","Open",""
"CP0006681","C006682","O0006682","2025-12-21","Refund","High","2025-12-30","Resolved","2"
"CP0006682","C006683","O0006683","2025-12-22","Payment","Medium","2026-01-01","Resolved","3"
"CP0006683","C006684","O0006684","2025-12-23","Delivery","Low","2026-01-03","Resolved","4"
"CP0006684","C006685","O0006685","2025-12-24","Support","High","2025-12-24","Resolved","5"
"CP0006685","C006686","O0006686","2025-12-25","Product","Medium","2025-12-26","Resolved","1"
"CP0006686","C006687","O0006687","2025-12-26","Refund","Critical","2025-12-28","Resolved","2"
"CP0006687","C006688","O0006688","2025-12-27","Payment","Critical","2025-12-30","Resolved","3"
"CP0006688","C006689","O0006689","2025-12-28","Product","Critical","","Open",""
"CP0006689","C006690","O0006690","2025-12-29","Support","Critical","2026-01-03","Resolved","5"
"CP0006690","C006691","O0006691","2025-12-30","Delivery","High","2026-01-05","Resolved","1"
"CP0006691","C006692","O0006692","2025-12-31","Delivery","Medium","2026-01-07","Resolved","2"
"CP0006692","C006693","O0006693","2026-01-01","Product","Medium","2026-01-09","Resolved","3"
"CP0006693","C006694","O0006694","2026-01-02","Refund","Low","2026-01-11","Resolved","4"
"CP0006694","C006695","O0006695","2026-01-03","Delivery","Medium","2026-01-13","Resolved","5"
"CP0006695","C006696","O0006696","2026-01-04","Refund","Medium","2026-01-15","Resolved","1"
"CP0006696","C006697","O0006697","2026-01-05","Product","Low","","Open",""
"CP0006697","C006698","O0006698","2026-01-06","Support","Medium","2026-01-07","Resolved","3"
"CP0006698","C006699","O0006699","2026-01-07","Support","Critical","2026-01-09","Resolved","4"
"CP0006699","C006700","O0006700","2026-01-08","Support","Medium","2026-01-11","Resolved","5"
"CP0006700","C006701","O0006701","2026-01-09","Payment","Medium","2026-01-13","Resolved","1"
"CP0006701","C006702","O0006702","2026-01-10","Support","High","2026-01-15","Resolved","2"
"CP0006702","C006703","O0006703","2026-01-11","Delivery","Medium","2026-01-17","Resolved","3"
"CP0006703","C006704","O0006704","2026-01-12","Payment","Low","2026-01-19","Resolved","4"
"CP0006704","C006705","O0006705","2026-01-13","Delivery","Low","","Open",""
"CP0006705","C006706","O0006706","2026-01-14","Product","High","2026-01-23","Resolved","1"
"CP0006706","C006707","O0006707","2026-01-15","Payment","Critical","2026-01-25","Resolved","2"
"CP0006707","C006708","O0006708","2026-01-16","Support","Low","2026-01-27","Resolved","3"
"CP0006708","C006709","O0006709","2026-01-17","Support","High","2026-01-17","Resolved","4"
"CP0006709","C006710","O0006710","2026-01-18","Product","Medium","2026-01-19","Resolved","5"
"CP0006710","C006711","O0006711","2026-01-19","Product","Critical","2026-01-21","Resolved","1"
"CP0006711","C006712","O0006712","2026-01-20","Refund","Critical","2026-01-23","Resolved","2"
"CP0006712","C006713","O0006713","2026-01-21","Product","Medium","","Open",""
"CP0006713","C006714","O0006714","2026-01-22","Delivery","Medium","2026-01-27","Resolved","4"
"CP0006714","C006715","O0006715","2026-01-23","Payment","Medium","2026-01-29","Resolved","5"
"CP0006715","C006716","O0006716","2026-01-24","Payment","Critical","2026-01-31","Resolved","1"
"CP0006716","C006717","O0006717","2026-01-25","Payment","Low","2026-02-02","Resolved","2"
"CP0006717","C006718","O0006718","2026-01-26","Delivery","High","2026-02-04","Resolved","3"
"CP0006718","C006719","O0006719","2026-01-27","Refund","High","2026-02-06","Resolved","4"
"CP0006719","C006720","O0006720","2026-01-28","Payment","Critical","2026-02-08","Resolved","5"
"CP0006720","C006721","O0006721","2026-01-29","Delivery","High","","Open",""
"CP0006721","C006722","O0006722","2026-01-30","Product","Critical","2026-01-31","Resolved","2"
"CP0006722","C006723","O0006723","2026-01-31","Refund","Medium","2026-02-02","Resolved","3"
"CP0006723","C006724","O0006724","2026-02-01","Product","High","2026-02-04","Resolved","4"
"CP0006724","C006725","O0006725","2026-02-02","Refund","Low","2026-02-06","Resolved","5"
"CP0006725","C006726","O0006726","2026-02-03","Refund","Low","2026-02-08","Resolved","1"
"CP0006726","C006727","O0006727","2026-02-04","Payment","Low","2026-02-10","Resolved","2"
"CP0006727","C006728","O0006728","2026-02-05","Payment","Critical","2026-02-12","Resolved","3"
"CP0006728","C006729","O0006729","2026-02-06","Delivery","High","","Open",""
"CP0006729","C006730","O0006730","2026-02-07","Payment","High","2026-02-16","Resolved","5"
"CP0006730","C006731","O0006731","2026-02-08","Refund","Critical","2026-02-18","Resolved","1"
"CP0006731","C006732","O0006732","2026-02-09","Product","Medium","2026-02-20","Resolved","2"
"CP0006732","C006733","O0006733","2026-02-10","Refund","Medium","2026-02-10","Resolved","3"
"CP0006733","C006734","O0006734","2026-02-11","Refund","Medium","2026-02-12","Resolved","4"
"CP0006734","C006735","O0006735","2026-02-12","Payment","Critical","2026-02-14","Resolved","5"
"CP0006735","C006736","O0006736","2026-02-13","Payment","High","2026-02-16","Resolved","1"
"CP0006736","C006737","O0006737","2026-02-14","Product","Medium","","Open",""
"CP0006737","C006738","O0006738","2026-02-15","Support","High","2026-02-20","Resolved","3"
"CP0006738","C006739","O0006739","2026-02-16","Refund","Medium","2026-02-22","Resolved","4"
"CP0006739","C006740","O0006740","2026-02-17","Payment","High","2026-02-24","Resolved","5"
"CP0006740","C006741","O0006741","2026-02-18","Payment","Critical","2026-02-26","Resolved","1"
"CP0006741","C006742","O0006742","2026-02-19","Product","Critical","2026-02-28","Resolved","2"
"CP0006742","C006743","O0006743","2026-02-20","Refund","Medium","2026-03-02","Resolved","3"
"CP0006743","C006744","O0006744","2026-02-21","Product","Critical","2026-03-04","Resolved","4"
"CP0006744","C006745","O0006745","2026-02-22","Refund","High","","Open",""
"CP0006745","C006746","O0006746","2026-02-23","Refund","Critical","2026-02-24","Resolved","1"
"CP0006746","C006747","O0006747","2026-02-24","Payment","High","2026-02-26","Resolved","2"
"CP0006747","C006748","O0006748","2026-02-25","Support","Medium","2026-02-28","Resolved","3"
"CP0006748","C006749","O0006749","2026-02-26","Delivery","High","2026-03-02","Resolved","4"
"CP0006749","C006750","O0006750","2026-02-27","Delivery","Critical","2026-03-04","Resolved","5"
"CP0006750","C006751","O0006751","2026-02-28","Support","High","2026-03-06","Resolved","1"
"CP0006751","C006752","O0006752","2026-03-01","Refund","Critical","2026-03-08","Resolved","2"
"CP0006752","C006753","O0006753","2026-03-02","Delivery","Medium","","Open",""
"CP0006753","C006754","O0006754","2026-03-03","Product","Medium","2026-03-12","Resolved","4"
"CP0006754","C006755","O0006755","2026-03-04","Payment","Medium","2026-03-14","Resolved","5"
"CP0006755","C006756","O0006756","2026-03-05","Refund","High","2026-03-16","Resolved","1"
"CP0006756","C006757","O0006757","2026-03-06","Refund","Low","2026-03-06","Resolved","2"
"CP0006757","C006758","O0006758","2026-03-07","Delivery","Low","2026-03-08","Resolved","3"
"CP0006758","C006759","O0006759","2026-03-08","Product","Medium","2026-03-10","Resolved","4"
"CP0006759","C006760","O0006760","2026-03-09","Product","Low","2026-03-12","Resolved","5"
"CP0006760","C006761","O0006761","2026-03-10","Delivery","Low","","Open",""
"CP0006761","C006762","O0006762","2026-03-11","Support","Low","2026-03-16","Resolved","2"
"CP0006762","C006763","O0006763","2026-03-12","Refund","High","2026-03-18","Resolved","3"
"CP0006763","C006764","O0006764","2026-03-13","Product","Critical","2026-03-20","Resolved","4"
"CP0006764","C006765","O0006765","2026-03-14","Product","High","2026-03-22","Resolved","5"
"CP0006765","C006766","O0006766","2026-03-15","Payment","High","2026-03-24","Resolved","1"
"CP0006766","C006767","O0006767","2026-03-16","Delivery","Low","2026-03-26","Resolved","2"
"CP0006767","C006768","O0006768","2026-03-17","Product","Medium","2026-03-28","Resolved","3"
"CP0006768","C006769","O0006769","2026-03-18","Product","Critical","","Open",""
"CP0006769","C006770","O0006770","2026-03-19","Refund","Medium","2026-03-20","Resolved","5"
"CP0006770","C006771","O0006771","2026-03-20","Product","Low","2026-03-22","Resolved","1"
"CP0006771","C006772","O0006772","2026-03-21","Product","Low","2026-03-24","Resolved","2"
"CP0006772","C006773","O0006773","2026-03-22","Payment","Low","2026-03-26","Resolved","3"
"CP0006773","C006774","O0006774","2026-03-23","Product","High","2026-03-28","Resolved","4"
"CP0006774","C006775","O0006775","2026-03-24","Refund","Medium","2026-03-30","Resolved","5"
"CP0006775","C006776","O0006776","2026-03-25","Delivery","High","2026-04-01","Resolved","1"
"CP0006776","C006777","O0006777","2026-03-26","Refund","Critical","","Open",""
"CP0006777","C006778","O0006778","2026-03-27","Payment","Low","2026-04-05","Resolved","3"
"CP0006778","C006779","O0006779","2026-03-28","Delivery","Critical","2026-04-07","Resolved","4"
"CP0006779","C006780","O0006780","2026-03-29","Delivery","Low","2026-04-09","Resolved","5"
"CP0006780","C006781","O0006781","2026-03-30","Support","High","2026-03-30","Resolved","1"
"CP0006781","C006782","O0006782","2026-03-31","Support","Low","2026-04-01","Resolved","2"
"CP0006782","C006783","O0006783","2026-04-01","Payment","Critical","2026-04-03","Resolved","3"
"CP0006783","C006784","O0006784","2026-04-02","Delivery","Medium","2026-04-05","Resolved","4"
"CP0006784","C006785","O0006785","2026-04-03","Product","Low","","Open",""
"CP0006785","C006786","O0006786","2026-04-04","Refund","Medium","2026-04-09","Resolved","1"
"CP0006786","C006787","O0006787","2026-04-05","Delivery","Critical","2026-04-11","Resolved","2"
"CP0006787","C006788","O0006788","2026-04-06","Delivery","Low","2026-04-13","Resolved","3"
"CP0006788","C006789","O0006789","2026-04-07","Support","Low","2026-04-15","Resolved","4"
"CP0006789","C006790","O0006790","2026-04-08","Support","Medium","2026-04-17","Resolved","5"
"CP0006790","C006791","O0006791","2026-04-09","Delivery","High","2026-04-19","Resolved","1"
"CP0006791","C006792","O0006792","2026-04-10","Product","High","2026-04-21","Resolved","2"
"CP0006792","C006793","O0006793","2026-04-11","Delivery","Critical","","Open",""
"CP0006793","C006794","O0006794","2026-04-12","Payment","Critical","2026-04-13","Resolved","4"
"CP0006794","C006795","O0006795","2026-04-13","Delivery","High","2026-04-15","Resolved","5"
"CP0006795","C006796","O0006796","2026-04-14","Payment","Critical","2026-04-17","Resolved","1"
"CP0006796","C006797","O0006797","2026-04-15","Product","Medium","2026-04-19","Resolved","2"
"CP0006797","C006798","O0006798","2026-04-16","Delivery","Critical","2026-04-21","Resolved","3"
"CP0006798","C006799","O0006799","2026-04-17","Product","Critical","2026-04-23","Resolved","4"
"CP0006799","C006800","O0006800","2026-04-18","Product","High","2026-04-25","Resolved","5"
"CP0006800","C006801","O0006801","2026-04-19","Support","Low","","Open",""
"CP0006801","C006802","O0006802","2026-04-20","Payment","Low","2026-04-29","Resolved","2"
"CP0006802","C006803","O0006803","2026-04-21","Support","High","2026-05-01","Resolved","3"
"CP0006803","C006804","O0006804","2026-04-22","Delivery","Medium","2026-05-03","Resolved","4"
"CP0006804","C006805","O0006805","2026-04-23","Delivery","Medium","2026-04-23","Resolved","5"
"CP0006805","C006806","O0006806","2026-04-24","Support","Low","2026-04-25","Resolved","1"
"CP0006806","C006807","O0006807","2026-04-25","Delivery","Low","2026-04-27","Resolved","2"
"CP0006807","C006808","O0006808","2026-04-26","Support","Low","2026-04-29","Resolved","3"
"CP0006808","C006809","O0006809","2026-04-27","Refund","Medium","","Open",""
"CP0006809","C006810","O0006810","2026-04-28","Support","Medium","2026-05-03","Resolved","5"
"CP0006810","C006811","O0006811","2026-04-29","Product","Medium","2026-05-05","Resolved","1"
"CP0006811","C006812","O0006812","2026-04-30","Delivery","Critical","2026-05-07","Resolved","2"
"CP0006812","C006813","O0006813","2026-05-01","Payment","High","2026-05-09","Resolved","3"
"CP0006813","C006814","O0006814","2026-05-02","Refund","High","2026-05-11","Resolved","4"
"CP0006814","C006815","O0006815","2026-05-03","Payment","Critical","2026-05-13","Resolved","5"
"CP0006815","C006816","O0006816","2026-05-04","Product","Low","2026-05-15","Resolved","1"
"CP0006816","C006817","O0006817","2026-05-05","Support","Medium","","Open",""
"CP0006817","C006818","O0006818","2026-05-06","Product","High","2026-05-07","Resolved","3"
"CP0006818","C006819","O0006819","2026-05-07","Refund","High","2026-05-09","Resolved","4"
"CP0006819","C006820","O0006820","2026-05-08","Product","High","2026-05-11","Resolved","5"
"CP0006820","C006821","O0006821","2026-05-09","Product","Medium","2026-05-13","Resolved","1"
"CP0006821","C006822","O0006822","2026-05-10","Refund","High","2026-05-15","Resolved","2"
"CP0006822","C006823","O0006823","2026-05-11","Delivery","High","2026-05-17","Resolved","3"
"CP0006823","C006824","O0006824","2026-05-12","Product","Critical","2026-05-19","Resolved","4"
"CP0006824","C006825","O0006825","2026-05-13","Delivery","Critical","","Open",""
"CP0006825","C006826","O0006826","2026-05-14","Product","Low","2026-05-23","Resolved","1"
"CP0006826","C006827","O0006827","2026-05-15","Payment","Medium","2026-05-25","Resolved","2"
"CP0006827","C006828","O0006828","2026-05-16","Delivery","Medium","2026-05-27","Resolved","3"
"CP0006828","C006829","O0006829","2026-05-17","Refund","Medium","2026-05-17","Resolved","4"
"CP0006829","C006830","O0006830","2026-05-18","Support","Critical","2026-05-19","Resolved","5"
"CP0006830","C006831","O0006831","2026-05-19","Delivery","Medium","2026-05-21","Resolved","1"
"CP0006831","C006832","O0006832","2026-05-20","Refund","High","2026-05-23","Resolved","2"
"CP0006832","C006833","O0006833","2026-05-21","Delivery","Medium","","Open",""
"CP0006833","C006834","O0006834","2026-05-22","Payment","Low","2026-05-27","Resolved","4"
"CP0006834","C006835","O0006835","2026-05-23","Delivery","Medium","2026-05-29","Resolved","5"
"CP0006835","C006836","O0006836","2026-05-24","Delivery","Critical","2026-05-31","Resolved","1"
"CP0006836","C006837","O0006837","2026-05-25","Product","Medium","2026-06-02","Resolved","2"
"CP0006837","C006838","O0006838","2026-05-26","Payment","Low","2026-06-04","Resolved","3"
"CP0006838","C006839","O0006839","2026-05-27","Product","Critical","2026-06-06","Resolved","4"
"CP0006839","C006840","O0006840","2026-05-28","Support","High","2026-06-08","Resolved","5"
"CP0006840","C006841","O0006841","2026-05-29","Payment","Low","","Open",""
"CP0006841","C006842","O0006842","2026-05-30","Product","High","2026-05-31","Resolved","2"
"CP0006842","C006843","O0006843","2026-05-31","Delivery","Low","2026-06-02","Resolved","3"
"CP0006843","C006844","O0006844","2026-06-01","Product","Medium","2026-06-04","Resolved","4"
"CP0006844","C006845","O0006845","2026-06-02","Delivery","High","2026-06-06","Resolved","5"
"CP0006845","C006846","O0006846","2026-06-03","Delivery","Low","2026-06-08","Resolved","1"
"CP0006846","C006847","O0006847","2026-06-04","Refund","Critical","2026-06-10","Resolved","2"
"CP0006847","C006848","O0006848","2026-06-05","Payment","Critical","2026-06-12","Resolved","3"
"CP0006848","C006849","O0006849","2026-06-06","Product","Critical","","Open",""
"CP0006849","C006850","O0006850","2026-06-07","Support","Critical","2026-06-16","Resolved","5"
"CP0006850","C006851","O0006851","2026-06-08","Support","Low","2026-06-18","Resolved","1"
"CP0006851","C006852","O0006852","2026-06-09","Product","High","2026-06-20","Resolved","2"
"CP0006852","C006853","O0006853","2026-06-10","Product","Critical","2026-06-10","Resolved","3"
"CP0006853","C006854","O0006854","2026-06-11","Payment","High","2026-06-12","Resolved","4"
"CP0006854","C006855","O0006855","2026-06-12","Payment","Critical","2026-06-14","Resolved","5"
"CP0006855","C006856","O0006856","2026-06-13","Delivery","High","2026-06-16","Resolved","1"
"CP0006856","C006857","O0006857","2026-06-14","Support","Critical","","Open",""
"CP0006857","C006858","O0006858","2026-06-15","Payment","Critical","2026-06-20","Resolved","3"
"CP0006858","C006859","O0006859","2026-06-16","Support","High","2026-06-22","Resolved","4"
"CP0006859","C006860","O0006860","2026-06-17","Support","Critical","2026-06-24","Resolved","5"
"CP0006860","C006861","O0006861","2026-06-18","Product","Critical","2026-06-26","Resolved","1"
"CP0006861","C006862","O0006862","2026-06-19","Support","Low","2026-06-28","Resolved","2"
"CP0006862","C006863","O0006863","2026-06-20","Product","High","2026-06-30","Resolved","3"
"CP0006863","C006864","O0006864","2026-06-21","Refund","Medium","2026-07-02","Resolved","4"
"CP0006864","C006865","O0006865","2026-06-22","Delivery","Critical","","Open",""
"CP0006865","C006866","O0006866","2026-06-23","Product","Low","2026-06-24","Resolved","1"
"CP0006866","C006867","O0006867","2026-06-24","Support","Medium","2026-06-26","Resolved","2"
"CP0006867","C006868","O0006868","2026-06-25","Support","Medium","2026-06-28","Resolved","3"
"CP0006868","C006869","O0006869","2026-06-26","Delivery","Medium","2026-06-30","Resolved","4"
"CP0006869","C006870","O0006870","2026-06-27","Delivery","High","2026-07-02","Resolved","5"
"CP0006870","C006871","O0006871","2026-06-28","Delivery","Low","2026-07-04","Resolved","1"
"CP0006871","C006872","O0006872","2026-06-29","Product","High","2026-07-06","Resolved","2"
"CP0006872","C006873","O0006873","2026-06-30","Delivery","Low","","Open",""
"CP0006873","C006874","O0006874","2026-07-01","Support","High","2026-07-10","Resolved","4"
"CP0006874","C006875","O0006875","2026-07-02","Refund","Medium","2026-07-12","Resolved","5"
"CP0006875","C006876","O0006876","2026-07-03","Support","High","2026-07-14","Resolved","1"
"CP0006876","C006877","O0006877","2026-07-04","Product","Medium","2026-07-04","Resolved","2"
"CP0006877","C006878","O0006878","2026-07-05","Delivery","Low","2026-07-06","Resolved","3"
"CP0006878","C006879","O0006879","2026-07-06","Refund","Medium","2026-07-08","Resolved","4"
"CP0006879","C006880","O0006880","2026-07-07","Delivery","Medium","2026-07-10","Resolved","5"
"CP0006880","C006881","O0006881","2026-07-08","Support","High","","Open",""
"CP0006881","C006882","O0006882","2026-07-09","Delivery","High","2026-07-14","Resolved","2"
"CP0006882","C006883","O0006883","2026-07-10","Support","Low","2026-07-16","Resolved","3"
"CP0006883","C006884","O0006884","2026-07-11","Product","Medium","2026-07-18","Resolved","4"
"CP0006884","C006885","O0006885","2026-07-12","Payment","Low","2026-07-20","Resolved","5"
"CP0006885","C006886","O0006886","2026-07-13","Product","High","2026-07-22","Resolved","1"
"CP0006886","C006887","O0006887","2026-07-14","Support","Medium","2026-07-24","Resolved","2"
"CP0006887","C006888","O0006888","2026-07-15","Payment","Critical","2026-07-26","Resolved","3"
"CP0006888","C006889","O0006889","2026-07-16","Refund","Medium","","Open",""
"CP0006889","C006890","O0006890","2026-07-17","Product","Critical","2026-07-18","Resolved","5"
"CP0006890","C006891","O0006891","2026-07-18","Delivery","Medium","2026-07-20","Resolved","1"
"CP0006891","C006892","O0006892","2026-07-19","Refund","Medium","2026-07-22","Resolved","2"
"CP0006892","C006893","O0006893","2026-07-20","Payment","Medium","2026-07-24","Resolved","3"
"CP0006893","C006894","O0006894","2026-07-21","Product","High","2026-07-26","Resolved","4"
"CP0006894","C006895","O0006895","2026-07-22","Refund","Low","2026-07-28","Resolved","5"
"CP0006895","C006896","O0006896","2026-07-23","Payment","Critical","2026-07-30","Resolved","1"
"CP0006896","C006897","O0006897","2026-07-24","Product","Low","","Open",""
"CP0006897","C006898","O0006898","2026-07-25","Payment","Low","2026-08-03","Resolved","3"
"CP0006898","C006899","O0006899","2026-07-26","Refund","Low","2026-08-05","Resolved","4"
"CP0006899","C006900","O0006900","2026-07-27","Payment","High","2026-08-07","Resolved","5"
"CP0006900","C006901","O0006901","2026-07-28","Refund","Critical","2026-07-28","Resolved","1"
"CP0006901","C006902","O0006902","2026-07-29","Support","Medium","2026-07-30","Resolved","2"
"CP0006902","C006903","O0006903","2026-07-30","Delivery","Medium","2026-08-01","Resolved","3"
"CP0006903","C006904","O0006904","2026-07-31","Product","High","2026-08-03","Resolved","4"
"CP0006904","C006905","O0006905","2026-08-01","Product","Critical","","Open",""
"CP0006905","C006906","O0006906","2026-08-02","Support","Low","2026-08-07","Resolved","1"
"CP0006906","C006907","O0006907","2026-08-03","Support","Low","2026-08-09","Resolved","2"
"CP0006907","C006908","O0006908","2026-08-04","Refund","Low","2026-08-11","Resolved","3"
"CP0006908","C006909","O0006909","2026-08-05","Delivery","Medium","2026-08-13","Resolved","4"
"CP0006909","C006910","O0006910","2026-08-06","Product","Critical","2026-08-15","Resolved","5"
"CP0006910","C006911","O0006911","2026-08-07","Delivery","Critical","2026-08-17","Resolved","1"
"CP0006911","C006912","O0006912","2026-08-08","Delivery","High","2026-08-19","Resolved","2"
"CP0006912","C006913","O0006913","2026-08-09","Refund","High","","Open",""
"CP0006913","C006914","O0006914","2026-08-10","Refund","Medium","2026-08-11","Resolved","4"
"CP0006914","C006915","O0006915","2026-08-11","Payment","Medium","2026-08-13","Resolved","5"
"CP0006915","C006916","O0006916","2026-08-12","Delivery","High","2026-08-15","Resolved","1"
"CP0006916","C006917","O0006917","2026-08-13","Support","Medium","2026-08-17","Resolved","2"
"CP0006917","C006918","O0006918","2026-08-14","Product","Critical","2026-08-19","Resolved","3"
"CP0006918","C006919","O0006919","2026-08-15","Delivery","High","2026-08-21","Resolved","4"
"CP0006919","C006920","O0006920","2026-08-16","Payment","Low","2026-08-23","Resolved","5"
"CP0006920","C006921","O0006921","2026-08-17","Refund","High","","Open",""
"CP0006921","C006922","O0006922","2026-08-18","Delivery","Medium","2026-08-27","Resolved","2"
"CP0006922","C006923","O0006923","2026-08-19","Support","Low","2026-08-29","Resolved","3"
"CP0006923","C006924","O0006924","2026-08-20","Delivery","High","2026-08-31","Resolved","4"
"CP0006924","C006925","O0006925","2026-08-21","Payment","High","2026-08-21","Resolved","5"
"CP0006925","C006926","O0006926","2026-08-22","Product","High","2026-08-23","Resolved","1"
"CP0006926","C006927","O0006927","2026-08-23","Product","High","2026-08-25","Resolved","2"
"CP0006927","C006928","O0006928","2026-08-24","Payment","Medium","2026-08-27","Resolved","3"
"CP0006928","C006929","O0006929","2026-08-25","Product","Low","","Open",""
"CP0006929","C006930","O0006930","2026-08-26","Delivery","Low","2026-08-31","Resolved","5"
"CP0006930","C006931","O0006931","2026-08-27","Refund","High","2026-09-02","Resolved","1"
"CP0006931","C006932","O0006932","2026-08-28","Product","Low","2026-09-04","Resolved","2"
"CP0006932","C006933","O0006933","2026-08-29","Delivery","High","2026-09-06","Resolved","3"
"CP0006933","C006934","O0006934","2026-08-30","Support","Critical","2026-09-08","Resolved","4"
"CP0006934","C006935","O0006935","2026-08-31","Support","Medium","2026-09-10","Resolved","5"
"CP0006935","C006936","O0006936","2025-09-01","Delivery","High","2025-09-12","Resolved","1"
"CP0006936","C006937","O0006937","2025-09-02","Payment","Low","","Open",""
"CP0006937","C006938","O0006938","2025-09-03","Payment","Critical","2025-09-04","Resolved","3"
"CP0006938","C006939","O0006939","2025-09-04","Payment","Low","2025-09-06","Resolved","4"
"CP0006939","C006940","O0006940","2025-09-05","Support","Low","2025-09-08","Resolved","5"
"CP0006940","C006941","O0006941","2025-09-06","Payment","Critical","2025-09-10","Resolved","1"
"CP0006941","C006942","O0006942","2025-09-07","Product","High","2025-09-12","Resolved","2"
"CP0006942","C006943","O0006943","2025-09-08","Refund","Low","2025-09-14","Resolved","3"
"CP0006943","C006944","O0006944","2025-09-09","Refund","Critical","2025-09-16","Resolved","4"
"CP0006944","C006945","O0006945","2025-09-10","Product","Medium","","Open",""
"CP0006945","C006946","O0006946","2025-09-11","Refund","High","2025-09-20","Resolved","1"
"CP0006946","C006947","O0006947","2025-09-12","Product","High","2025-09-22","Resolved","2"
"CP0006947","C006948","O0006948","2025-09-13","Support","Low","2025-09-24","Resolved","3"
"CP0006948","C006949","O0006949","2025-09-14","Refund","Critical","2025-09-14","Resolved","4"
"CP0006949","C006950","O0006950","2025-09-15","Delivery","Critical","2025-09-16","Resolved","5"
"CP0006950","C006951","O0006951","2025-09-16","Delivery","Critical","2025-09-18","Resolved","1"
"CP0006951","C006952","O0006952","2025-09-17","Support","Critical","2025-09-20","Resolved","2"
"CP0006952","C006953","O0006953","2025-09-18","Support","High","","Open",""
"CP0006953","C006954","O0006954","2025-09-19","Refund","Medium","2025-09-24","Resolved","4"
"CP0006954","C006955","O0006955","2025-09-20","Refund","High","2025-09-26","Resolved","5"
"CP0006955","C006956","O0006956","2025-09-21","Refund","Critical","2025-09-28","Resolved","1"
"CP0006956","C006957","O0006957","2025-09-22","Delivery","Medium","2025-09-30","Resolved","2"
"CP0006957","C006958","O0006958","2025-09-23","Product","Medium","2025-10-02","Resolved","3"
"CP0006958","C006959","O0006959","2025-09-24","Refund","Low","2025-10-04","Resolved","4"
"CP0006959","C006960","O0006960","2025-09-25","Payment","Low","2025-10-06","Resolved","5"
"CP0006960","C006961","O0006961","2025-09-26","Product","Critical","","Open",""
"CP0006961","C006962","O0006962","2025-09-27","Support","Low","2025-09-28","Resolved","2"
"CP0006962","C006963","O0006963","2025-09-28","Payment","Low","2025-09-30","Resolved","3"
"CP0006963","C006964","O0006964","2025-09-29","Product","Medium","2025-10-02","Resolved","4"
"CP0006964","C006965","O0006965","2025-09-30","Delivery","High","2025-10-04","Resolved","5"
"CP0006965","C006966","O0006966","2025-10-01","Payment","High","2025-10-06","Resolved","1"
"CP0006966","C006967","O0006967","2025-10-02","Payment","High","2025-10-08","Resolved","2"
"CP0006967","C006968","O0006968","2025-10-03","Payment","Critical","2025-10-10","Resolved","3"
"CP0006968","C006969","O0006969","2025-10-04","Payment","Medium","","Open",""
"CP0006969","C006970","O0006970","2025-10-05","Payment","Medium","2025-10-14","Resolved","5"
"CP0006970","C006971","O0006971","2025-10-06","Support","Critical","2025-10-16","Resolved","1"
"CP0006971","C006972","O0006972","2025-10-07","Product","Critical","2025-10-18","Resolved","2"
"CP0006972","C006973","O0006973","2025-10-08","Support","Critical","2025-10-08","Resolved","3"
"CP0006973","C006974","O0006974","2025-10-09","Refund","High","2025-10-10","Resolved","4"
"CP0006974","C006975","O0006975","2025-10-10","Refund","High","2025-10-12","Resolved","5"
"CP0006975","C006976","O0006976","2025-10-11","Refund","Medium","2025-10-14","Resolved","1"
"CP0006976","C006977","O0006977","2025-10-12","Support","High","","Open",""
"CP0006977","C006978","O0006978","2025-10-13","Delivery","Low","2025-10-18","Resolved","3"
"CP0006978","C006979","O0006979","2025-10-14","Product","High","2025-10-20","Resolved","4"
"CP0006979","C006980","O0006980","2025-10-15","Refund","Critical","2025-10-22","Resolved","5"
"CP0006980","C006981","O0006981","2025-10-16","Delivery","Low","2025-10-24","Resolved","1"
"CP0006981","C006982","O0006982","2025-10-17","Support","High","2025-10-26","Resolved","2"
"CP0006982","C006983","O0006983","2025-10-18","Product","High","2025-10-28","Resolved","3"
"CP0006983","C006984","O0006984","2025-10-19","Payment","High","2025-10-30","Resolved","4"
"CP0006984","C006985","O0006985","2025-10-20","Support","Low","","Open",""
"CP0006985","C006986","O0006986","2025-10-21","Payment","Medium","2025-10-22","Resolved","1"
"CP0006986","C006987","O0006987","2025-10-22","Refund","Medium","2025-10-24","Resolved","2"
"CP0006987","C006988","O0006988","2025-10-23","Payment","High","2025-10-26","Resolved","3"
"CP0006988","C006989","O0006989","2025-10-24","Refund","Medium","2025-10-28","Resolved","4"
"CP0006989","C006990","O0006990","2025-10-25","Support","Medium","2025-10-30","Resolved","5"
"CP0006990","C006991","O0006991","2025-10-26","Support","Critical","2025-11-01","Resolved","1"
"CP0006991","C006992","O0006992","2025-10-27","Payment","High","2025-11-03","Resolved","2"
"CP0006992","C006993","O0006993","2025-10-28","Product","High","","Open",""
"CP0006993","C006994","O0006994","2025-10-29","Support","Critical","2025-11-07","Resolved","4"
"CP0006994","C006995","O0006995","2025-10-30","Payment","Medium","2025-11-09","Resolved","5"
"CP0006995","C006996","O0006996","2025-10-31","Refund","Low","2025-11-11","Resolved","1"
"CP0006996","C006997","O0006997","2025-11-01","Payment","Critical","2025-11-01","Resolved","2"
"CP0006997","C006998","O0006998","2025-11-02","Product","High","2025-11-03","Resolved","3"
"CP0006998","C006999","O0006999","2025-11-03","Product","Medium","2025-11-05","Resolved","4"
"CP0006999","C007000","O0007000","2025-11-04","Refund","Critical","2025-11-07","Resolved","5"
"CP0007000","C007001","O0007001","2025-11-05","Support","Low","","Open",""
"CP0007001","C007002","O0007002","2025-11-06","Delivery","Critical","2025-11-11","Resolved","2"
"CP0007002","C007003","O0007003","2025-11-07","Payment","Medium","2025-11-13","Resolved","3"
"CP0007003","C007004","O0007004","2025-11-08","Product","Low","2025-11-15","Resolved","4"
"CP0007004","C007005","O0007005","2025-11-09","Refund","Low","2025-11-17","Resolved","5"
"CP0007005","C007006","O0007006","2025-11-10","Refund","Low","2025-11-19","Resolved","1"
"CP0007006","C007007","O0007007","2025-11-11","Refund","Critical","2025-11-21","Resolved","2"
"CP0007007","C007008","O0007008","2025-11-12","Product","Low","2025-11-23","Resolved","3"
"CP0007008","C007009","O0007009","2025-11-13","Payment","Low","","Open",""
"CP0007009","C007010","O0007010","2025-11-14","Refund","High","2025-11-15","Resolved","5"
"CP0007010","C007011","O0007011","2025-11-15","Payment","Low","2025-11-17","Resolved","1"
"CP0007011","C007012","O0007012","2025-11-16","Refund","Critical","2025-11-19","Resolved","2"
"CP0007012","C007013","O0007013","2025-11-17","Product","Medium","2025-11-21","Resolved","3"
"CP0007013","C007014","O0007014","2025-11-18","Payment","Critical","2025-11-23","Resolved","4"
"CP0007014","C007015","O0007015","2025-11-19","Payment","High","2025-11-25","Resolved","5"
"CP0007015","C007016","O0007016","2025-11-20","Payment","Critical","2025-11-27","Resolved","1"
"CP0007016","C007017","O0007017","2025-11-21","Product","High","","Open",""
"CP0007017","C007018","O0007018","2025-11-22","Refund","Medium","2025-12-01","Resolved","3"
"CP0007018","C007019","O0007019","2025-11-23","Payment","High","2025-12-03","Resolved","4"
"CP0007019","C007020","O0007020","2025-11-24","Refund","Medium","2025-12-05","Resolved","5"
"CP0007020","C007021","O0007021","2025-11-25","Support","High","2025-11-25","Resolved","1"
"CP0007021","C007022","O0007022","2025-11-26","Refund","Low","2025-11-27","Resolved","2"
"CP0007022","C007023","O0007023","2025-11-27","Refund","Medium","2025-11-29","Resolved","3"
"CP0007023","C007024","O0007024","2025-11-28","Support","Low","2025-12-01","Resolved","4"
"CP0007024","C007025","O0007025","2025-11-29","Delivery","Critical","","Open",""
"CP0007025","C007026","O0007026","2025-11-30","Product","Medium","2025-12-05","Resolved","1"
"CP0007026","C007027","O0007027","2025-12-01","Refund","Low","2025-12-07","Resolved","2"
"CP0007027","C007028","O0007028","2025-12-02","Refund","Medium","2025-12-09","Resolved","3"
"CP0007028","C007029","O0007029","2025-12-03","Delivery","Low","2025-12-11","Resolved","4"
"CP0007029","C007030","O0007030","2025-12-04","Product","Medium","2025-12-13","Resolved","5"
"CP0007030","C007031","O0007031","2025-12-05","Delivery","Critical","2025-12-15","Resolved","1"
"CP0007031","C007032","O0007032","2025-12-06","Payment","Critical","2025-12-17","Resolved","2"
"CP0007032","C007033","O0007033","2025-12-07","Delivery","High","","Open",""
"CP0007033","C007034","O0007034","2025-12-08","Support","Low","2025-12-09","Resolved","4"
"CP0007034","C007035","O0007035","2025-12-09","Delivery","Critical","2025-12-11","Resolved","5"
"CP0007035","C007036","O0007036","2025-12-10","Support","Medium","2025-12-13","Resolved","1"
"CP0007036","C007037","O0007037","2025-12-11","Product","Medium","2025-12-15","Resolved","2"
"CP0007037","C007038","O0007038","2025-12-12","Refund","High","2025-12-17","Resolved","3"
"CP0007038","C007039","O0007039","2025-12-13","Support","High","2025-12-19","Resolved","4"
"CP0007039","C007040","O0007040","2025-12-14","Refund","Low","2025-12-21","Resolved","5"
"CP0007040","C007041","O0007041","2025-12-15","Support","Low","","Open",""
"CP0007041","C007042","O0007042","2025-12-16","Product","Low","2025-12-25","Resolved","2"
"CP0007042","C007043","O0007043","2025-12-17","Support","Medium","2025-12-27","Resolved","3"
"CP0007043","C007044","O0007044","2025-12-18","Support","Low","2025-12-29","Resolved","4"
"CP0007044","C007045","O0007045","2025-12-19","Delivery","Medium","2025-12-19","Resolved","5"
"CP0007045","C007046","O0007046","2025-12-20","Payment","High","2025-12-21","Resolved","1"
"CP0007046","C007047","O0007047","2025-12-21","Support","High","2025-12-23","Resolved","2"
"CP0007047","C007048","O0007048","2025-12-22","Payment","High","2025-12-25","Resolved","3"
"CP0007048","C007049","O0007049","2025-12-23","Support","Low","","Open",""
"CP0007049","C007050","O0007050","2025-12-24","Support","Low","2025-12-29","Resolved","5"
"CP0007050","C007051","O0007051","2025-12-25","Product","Medium","2025-12-31","Resolved","1"
"CP0007051","C007052","O0007052","2025-12-26","Product","Low","2026-01-02","Resolved","2"
"CP0007052","C007053","O0007053","2025-12-27","Delivery","Low","2026-01-04","Resolved","3"
"CP0007053","C007054","O0007054","2025-12-28","Payment","Low","2026-01-06","Resolved","4"
"CP0007054","C007055","O0007055","2025-12-29","Delivery","Low","2026-01-08","Resolved","5"
"CP0007055","C007056","O0007056","2025-12-30","Support","Medium","2026-01-10","Resolved","1"
"CP0007056","C007057","O0007057","2025-12-31","Delivery","Medium","","Open",""
"CP0007057","C007058","O0007058","2026-01-01","Delivery","High","2026-01-02","Resolved","3"
"CP0007058","C007059","O0007059","2026-01-02","Product","High","2026-01-04","Resolved","4"
"CP0007059","C007060","O0007060","2026-01-03","Delivery","Medium","2026-01-06","Resolved","5"
"CP0007060","C007061","O0007061","2026-01-04","Product","Critical","2026-01-08","Resolved","1"
"CP0007061","C007062","O0007062","2026-01-05","Delivery","Low","2026-01-10","Resolved","2"
"CP0007062","C007063","O0007063","2026-01-06","Payment","Medium","2026-01-12","Resolved","3"
"CP0007063","C007064","O0007064","2026-01-07","Delivery","Medium","2026-01-14","Resolved","4"
"CP0007064","C007065","O0007065","2026-01-08","Support","Medium","","Open",""
"CP0007065","C007066","O0007066","2026-01-09","Support","Low","2026-01-18","Resolved","1"
"CP0007066","C007067","O0007067","2026-01-10","Refund","Critical","2026-01-20","Resolved","2"
"CP0007067","C007068","O0007068","2026-01-11","Product","Medium","2026-01-22","Resolved","3"
"CP0007068","C007069","O0007069","2026-01-12","Delivery","Critical","2026-01-12","Resolved","4"
"CP0007069","C007070","O0007070","2026-01-13","Payment","Low","2026-01-14","Resolved","5"
"CP0007070","C007071","O0007071","2026-01-14","Delivery","High","2026-01-16","Resolved","1"
"CP0007071","C007072","O0007072","2026-01-15","Support","Medium","2026-01-18","Resolved","2"
"CP0007072","C007073","O0007073","2026-01-16","Refund","Medium","","Open",""
"CP0007073","C007074","O0007074","2026-01-17","Delivery","Medium","2026-01-22","Resolved","4"
"CP0007074","C007075","O0007075","2026-01-18","Refund","Critical","2026-01-24","Resolved","5"
"CP0007075","C007076","O0007076","2026-01-19","Support","High","2026-01-26","Resolved","1"
"CP0007076","C007077","O0007077","2026-01-20","Refund","Medium","2026-01-28","Resolved","2"
"CP0007077","C007078","O0007078","2026-01-21","Product","Critical","2026-01-30","Resolved","3"
"CP0007078","C007079","O0007079","2026-01-22","Product","Critical","2026-02-01","Resolved","4"
"CP0007079","C007080","O0007080","2026-01-23","Delivery","High","2026-02-03","Resolved","5"
"CP0007080","C007081","O0007081","2026-01-24","Support","Medium","","Open",""
"CP0007081","C007082","O0007082","2026-01-25","Refund","Low","2026-01-26","Resolved","2"
"CP0007082","C007083","O0007083","2026-01-26","Support","Critical","2026-01-28","Resolved","3"
"CP0007083","C007084","O0007084","2026-01-27","Support","Medium","2026-01-30","Resolved","4"
"CP0007084","C007085","O0007085","2026-01-28","Support","Critical","2026-02-01","Resolved","5"
"CP0007085","C007086","O0007086","2026-01-29","Support","Medium","2026-02-03","Resolved","1"
"CP0007086","C007087","O0007087","2026-01-30","Support","Medium","2026-02-05","Resolved","2"
"CP0007087","C007088","O0007088","2026-01-31","Payment","Critical","2026-02-07","Resolved","3"
"CP0007088","C007089","O0007089","2026-02-01","Refund","Medium","","Open",""
"CP0007089","C007090","O0007090","2026-02-02","Product","Critical","2026-02-11","Resolved","5"
"CP0007090","C007091","O0007091","2026-02-03","Delivery","Low","2026-02-13","Resolved","1"
"CP0007091","C007092","O0007092","2026-02-04","Delivery","High","2026-02-15","Resolved","2"
"CP0007092","C007093","O0007093","2026-02-05","Refund","Low","2026-02-05","Resolved","3"
"CP0007093","C007094","O0007094","2026-02-06","Refund","High","2026-02-07","Resolved","4"
"CP0007094","C007095","O0007095","2026-02-07","Support","Low","2026-02-09","Resolved","5"
"CP0007095","C007096","O0007096","2026-02-08","Support","Low","2026-02-11","Resolved","1"
"CP0007096","C007097","O0007097","2026-02-09","Support","Medium","","Open",""
"CP0007097","C007098","O0007098","2026-02-10","Payment","High","2026-02-15","Resolved","3"
"CP0007098","C007099","O0007099","2026-02-11","Product","High","2026-02-17","Resolved","4"
"CP0007099","C007100","O0007100","2026-02-12","Product","Medium","2026-02-19","Resolved","5"
"CP0007100","C007101","O0007101","2026-02-13","Product","Medium","2026-02-21","Resolved","1"
"CP0007101","C007102","O0007102","2026-02-14","Product","Medium","2026-02-23","Resolved","2"
"CP0007102","C007103","O0007103","2026-02-15","Payment","Critical","2026-02-25","Resolved","3"
"CP0007103","C007104","O0007104","2026-02-16","Refund","High","2026-02-27","Resolved","4"
"CP0007104","C007105","O0007105","2026-02-17","Product","Low","","Open",""
"CP0007105","C007106","O0007106","2026-02-18","Product","Low","2026-02-19","Resolved","1"
"CP0007106","C007107","O0007107","2026-02-19","Payment","Low","2026-02-21","Resolved","2"
"CP0007107","C007108","O0007108","2026-02-20","Delivery","Critical","2026-02-23","Resolved","3"
"CP0007108","C007109","O0007109","2026-02-21","Product","Low","2026-02-25","Resolved","4"
"CP0007109","C007110","O0007110","2026-02-22","Delivery","Critical","2026-02-27","Resolved","5"
"CP0007110","C007111","O0007111","2026-02-23","Support","Critical","2026-03-01","Resolved","1"
"CP0007111","C007112","O0007112","2026-02-24","Payment","High","2026-03-03","Resolved","2"
"CP0007112","C007113","O0007113","2026-02-25","Product","Low","","Open",""
"CP0007113","C007114","O0007114","2026-02-26","Product","Medium","2026-03-07","Resolved","4"
"CP0007114","C007115","O0007115","2026-02-27","Delivery","Low","2026-03-09","Resolved","5"
"CP0007115","C007116","O0007116","2026-02-28","Delivery","Medium","2026-03-11","Resolved","1"
"CP0007116","C007117","O0007117","2026-03-01","Product","Low","2026-03-01","Resolved","2"
"CP0007117","C007118","O0007118","2026-03-02","Payment","Critical","2026-03-03","Resolved","3"
"CP0007118","C007119","O0007119","2026-03-03","Support","Medium","2026-03-05","Resolved","4"
"CP0007119","C007120","O0007120","2026-03-04","Refund","Low","2026-03-07","Resolved","5"
"CP0007120","C007121","O0007121","2026-03-05","Payment","Low","","Open",""
"CP0007121","C007122","O0007122","2026-03-06","Refund","Medium","2026-03-11","Resolved","2"
"CP0007122","C007123","O0007123","2026-03-07","Refund","High","2026-03-13","Resolved","3"
"CP0007123","C007124","O0007124","2026-03-08","Delivery","Low","2026-03-15","Resolved","4"
"CP0007124","C007125","O0007125","2026-03-09","Product","Low","2026-03-17","Resolved","5"
"CP0007125","C007126","O0007126","2026-03-10","Support","High","2026-03-19","Resolved","1"
"CP0007126","C007127","O0007127","2026-03-11","Product","Critical","2026-03-21","Resolved","2"
"CP0007127","C007128","O0007128","2026-03-12","Delivery","High","2026-03-23","Resolved","3"
"CP0007128","C007129","O0007129","2026-03-13","Support","High","","Open",""
"CP0007129","C007130","O0007130","2026-03-14","Delivery","High","2026-03-15","Resolved","5"
"CP0007130","C007131","O0007131","2026-03-15","Support","High","2026-03-17","Resolved","1"
"CP0007131","C007132","O0007132","2026-03-16","Support","Low","2026-03-19","Resolved","2"
"CP0007132","C007133","O0007133","2026-03-17","Payment","Critical","2026-03-21","Resolved","3"
"CP0007133","C007134","O0007134","2026-03-18","Product","High","2026-03-23","Resolved","4"
"CP0007134","C007135","O0007135","2026-03-19","Delivery","Medium","2026-03-25","Resolved","5"
"CP0007135","C007136","O0007136","2026-03-20","Support","Medium","2026-03-27","Resolved","1"
"CP0007136","C007137","O0007137","2026-03-21","Product","High","","Open",""
"CP0007137","C007138","O0007138","2026-03-22","Support","Low","2026-03-31","Resolved","3"
"CP0007138","C007139","O0007139","2026-03-23","Product","Low","2026-04-02","Resolved","4"
"CP0007139","C007140","O0007140","2026-03-24","Product","Low","2026-04-04","Resolved","5"
"CP0007140","C007141","O0007141","2026-03-25","Support","High","2026-03-25","Resolved","1"
"CP0007141","C007142","O0007142","2026-03-26","Refund","Medium","2026-03-27","Resolved","2"
"CP0007142","C007143","O0007143","2026-03-27","Product","Low","2026-03-29","Resolved","3"
"CP0007143","C007144","O0007144","2026-03-28","Payment","High","2026-03-31","Resolved","4"
"CP0007144","C007145","O0007145","2026-03-29","Refund","High","","Open",""
"CP0007145","C007146","O0007146","2026-03-30","Delivery","Medium","2026-04-04","Resolved","1"
"CP0007146","C007147","O0007147","2026-03-31","Payment","Critical","2026-04-06","Resolved","2"
"CP0007147","C007148","O0007148","2026-04-01","Refund","Critical","2026-04-08","Resolved","3"
"CP0007148","C007149","O0007149","2026-04-02","Refund","High","2026-04-10","Resolved","4"
"CP0007149","C007150","O0007150","2026-04-03","Payment","Low","2026-04-12","Resolved","5"
"CP0007150","C007151","O0007151","2026-04-04","Payment","High","2026-04-14","Resolved","1"
"CP0007151","C007152","O0007152","2026-04-05","Refund","Medium","2026-04-16","Resolved","2"
"CP0007152","C007153","O0007153","2026-04-06","Product","Medium","","Open",""
"CP0007153","C007154","O0007154","2026-04-07","Product","Medium","2026-04-08","Resolved","4"
"CP0007154","C007155","O0007155","2026-04-08","Delivery","High","2026-04-10","Resolved","5"
"CP0007155","C007156","O0007156","2026-04-09","Payment","High","2026-04-12","Resolved","1"
"CP0007156","C007157","O0007157","2026-04-10","Refund","High","2026-04-14","Resolved","2"
"CP0007157","C007158","O0007158","2026-04-11","Product","Critical","2026-04-16","Resolved","3"
"CP0007158","C007159","O0007159","2026-04-12","Product","Low","2026-04-18","Resolved","4"
"CP0007159","C007160","O0007160","2026-04-13","Product","Critical","2026-04-20","Resolved","5"
"CP0007160","C007161","O0007161","2026-04-14","Payment","High","","Open",""
"CP0007161","C007162","O0007162","2026-04-15","Product","Medium","2026-04-24","Resolved","2"
"CP0007162","C007163","O0007163","2026-04-16","Payment","Critical","2026-04-26","Resolved","3"
"CP0007163","C007164","O0007164","2026-04-17","Delivery","High","2026-04-28","Resolved","4"
"CP0007164","C007165","O0007165","2026-04-18","Delivery","High","2026-04-18","Resolved","5"
"CP0007165","C007166","O0007166","2026-04-19","Support","Low","2026-04-20","Resolved","1"
"CP0007166","C007167","O0007167","2026-04-20","Payment","High","2026-04-22","Resolved","2"
"CP0007167","C007168","O0007168","2026-04-21","Delivery","Critical","2026-04-24","Resolved","3"
"CP0007168","C007169","O0007169","2026-04-22","Support","High","","Open",""
"CP0007169","C007170","O0007170","2026-04-23","Refund","High","2026-04-28","Resolved","5"
"CP0007170","C007171","O0007171","2026-04-24","Delivery","Medium","2026-04-30","Resolved","1"
"CP0007171","C007172","O0007172","2026-04-25","Product","High","2026-05-02","Resolved","2"
"CP0007172","C007173","O0007173","2026-04-26","Support","High","2026-05-04","Resolved","3"
"CP0007173","C007174","O0007174","2026-04-27","Support","Low","2026-05-06","Resolved","4"
"CP0007174","C007175","O0007175","2026-04-28","Refund","High","2026-05-08","Resolved","5"
"CP0007175","C007176","O0007176","2026-04-29","Support","Critical","2026-05-10","Resolved","1"
"CP0007176","C007177","O0007177","2026-04-30","Support","Critical","","Open",""
"CP0007177","C007178","O0007178","2026-05-01","Refund","High","2026-05-02","Resolved","3"
"CP0007178","C007179","O0007179","2026-05-02","Product","Low","2026-05-04","Resolved","4"
"CP0007179","C007180","O0007180","2026-05-03","Refund","High","2026-05-06","Resolved","5"
"CP0007180","C007181","O0007181","2026-05-04","Refund","Medium","2026-05-08","Resolved","1"
"CP0007181","C007182","O0007182","2026-05-05","Product","Critical","2026-05-10","Resolved","2"
"CP0007182","C007183","O0007183","2026-05-06","Refund","Medium","2026-05-12","Resolved","3"
"CP0007183","C007184","O0007184","2026-05-07","Support","Low","2026-05-14","Resolved","4"
"CP0007184","C007185","O0007185","2026-05-08","Refund","High","","Open",""
"CP0007185","C007186","O0007186","2026-05-09","Delivery","Low","2026-05-18","Resolved","1"
"CP0007186","C007187","O0007187","2026-05-10","Delivery","Medium","2026-05-20","Resolved","2"
"CP0007187","C007188","O0007188","2026-05-11","Support","Medium","2026-05-22","Resolved","3"
"CP0007188","C007189","O0007189","2026-05-12","Refund","Critical","2026-05-12","Resolved","4"
"CP0007189","C007190","O0007190","2026-05-13","Payment","Medium","2026-05-14","Resolved","5"
"CP0007190","C007191","O0007191","2026-05-14","Delivery","Medium","2026-05-16","Resolved","1"
"CP0007191","C007192","O0007192","2026-05-15","Payment","Medium","2026-05-18","Resolved","2"
"CP0007192","C007193","O0007193","2026-05-16","Product","Critical","","Open",""
"CP0007193","C007194","O0007194","2026-05-17","Product","Low","2026-05-22","Resolved","4"
"CP0007194","C007195","O0007195","2026-05-18","Refund","Critical","2026-05-24","Resolved","5"
"CP0007195","C007196","O0007196","2026-05-19","Delivery","Medium","2026-05-26","Resolved","1"
"CP0007196","C007197","O0007197","2026-05-20","Payment","High","2026-05-28","Resolved","2"
"CP0007197","C007198","O0007198","2026-05-21","Refund","Medium","2026-05-30","Resolved","3"
"CP0007198","C007199","O0007199","2026-05-22","Payment","Medium","2026-06-01","Resolved","4"
"CP0007199","C007200","O0007200","2026-05-23","Delivery","Low","2026-06-03","Resolved","5"
"CP0007200","C007201","O0007201","2026-05-24","Product","Low","","Open",""
"CP0007201","C007202","O0007202","2026-05-25","Payment","Low","2026-05-26","Resolved","2"
"CP0007202","C007203","O0007203","2026-05-26","Payment","Critical","2026-05-28","Resolved","3"
"CP0007203","C007204","O0007204","2026-05-27","Product","Critical","2026-05-30","Resolved","4"
"CP0007204","C007205","O0007205","2026-05-28","Payment","Critical","2026-06-01","Resolved","5"
"CP0007205","C007206","O0007206","2026-05-29","Support","Medium","2026-06-03","Resolved","1"
"CP0007206","C007207","O0007207","2026-05-30","Support","High","2026-06-05","Resolved","2"
"CP0007207","C007208","O0007208","2026-05-31","Product","Critical","2026-06-07","Resolved","3"
"CP0007208","C007209","O0007209","2026-06-01","Refund","High","","Open",""
"CP0007209","C007210","O0007210","2026-06-02","Delivery","High","2026-06-11","Resolved","5"
"CP0007210","C007211","O0007211","2026-06-03","Refund","High","2026-06-13","Resolved","1"
"CP0007211","C007212","O0007212","2026-06-04","Payment","Low","2026-06-15","Resolved","2"
"CP0007212","C007213","O0007213","2026-06-05","Product","High","2026-06-05","Resolved","3"
"CP0007213","C007214","O0007214","2026-06-06","Refund","Low","2026-06-07","Resolved","4"
"CP0007214","C007215","O0007215","2026-06-07","Refund","Medium","2026-06-09","Resolved","5"
"CP0007215","C007216","O0007216","2026-06-08","Delivery","Medium","2026-06-11","Resolved","1"
"CP0007216","C007217","O0007217","2026-06-09","Delivery","Critical","","Open",""
"CP0007217","C007218","O0007218","2026-06-10","Delivery","High","2026-06-15","Resolved","3"
"CP0007218","C007219","O0007219","2026-06-11","Support","Medium","2026-06-17","Resolved","4"
"CP0007219","C007220","O0007220","2026-06-12","Delivery","Low","2026-06-19","Resolved","5"
"CP0007220","C007221","O0007221","2026-06-13","Delivery","Critical","2026-06-21","Resolved","1"
"CP0007221","C007222","O0007222","2026-06-14","Refund","Low","2026-06-23","Resolved","2"
"CP0007222","C007223","O0007223","2026-06-15","Refund","Low","2026-06-25","Resolved","3"
"CP0007223","C007224","O0007224","2026-06-16","Refund","High","2026-06-27","Resolved","4"
"CP0007224","C007225","O0007225","2026-06-17","Refund","Medium","","Open",""
"CP0007225","C007226","O0007226","2026-06-18","Delivery","Critical","2026-06-19","Resolved","1"
"CP0007226","C007227","O0007227","2026-06-19","Product","Low","2026-06-21","Resolved","2"
"CP0007227","C007228","O0007228","2026-06-20","Refund","High","2026-06-23","Resolved","3"
"CP0007228","C007229","O0007229","2026-06-21","Delivery","Critical","2026-06-25","Resolved","4"
"CP0007229","C007230","O0007230","2026-06-22","Product","Critical","2026-06-27","Resolved","5"
"CP0007230","C007231","O0007231","2026-06-23","Payment","Medium","2026-06-29","Resolved","1"
"CP0007231","C007232","O0007232","2026-06-24","Support","Critical","2026-07-01","Resolved","2"
"CP0007232","C007233","O0007233","2026-06-25","Refund","High","","Open",""
"CP0007233","C007234","O0007234","2026-06-26","Support","Medium","2026-07-05","Resolved","4"
"CP0007234","C007235","O0007235","2026-06-27","Product","Medium","2026-07-07","Resolved","5"
"CP0007235","C007236","O0007236","2026-06-28","Refund","High","2026-07-09","Resolved","1"
"CP0007236","C007237","O0007237","2026-06-29","Refund","Medium","2026-06-29","Resolved","2"
"CP0007237","C007238","O0007238","2026-06-30","Refund","Low","2026-07-01","Resolved","3"
"CP0007238","C007239","O0007239","2026-07-01","Delivery","Medium","2026-07-03","Resolved","4"
"CP0007239","C007240","O0007240","2026-07-02","Product","High","2026-07-05","Resolved","5"
"CP0007240","C007241","O0007241","2026-07-03","Refund","Low","","Open",""
"CP0007241","C007242","O0007242","2026-07-04","Refund","High","2026-07-09","Resolved","2"
"CP0007242","C007243","O0007243","2026-07-05","Support","Critical","2026-07-11","Resolved","3"
"CP0007243","C007244","O0007244","2026-07-06","Product","Critical","2026-07-13","Resolved","4"
"CP0007244","C007245","O0007245","2026-07-07","Payment","High","2026-07-15","Resolved","5"
"CP0007245","C007246","O0007246","2026-07-08","Delivery","High","2026-07-17","Resolved","1"
"CP0007246","C007247","O0007247","2026-07-09","Product","Low","2026-07-19","Resolved","2"
"CP0007247","C007248","O0007248","2026-07-10","Refund","Low","2026-07-21","Resolved","3"
"CP0007248","C007249","O0007249","2026-07-11","Refund","High","","Open",""
"CP0007249","C007250","O0007250","2026-07-12","Product","Critical","2026-07-13","Resolved","5"
"CP0007250","C007251","O0007251","2026-07-13","Refund","Low","2026-07-15","Resolved","1"
"CP0007251","C007252","O0007252","2026-07-14","Payment","High","2026-07-17","Resolved","2"
"CP0007252","C007253","O0007253","2026-07-15","Product","Low","2026-07-19","Resolved","3"
"CP0007253","C007254","O0007254","2026-07-16","Payment","Critical","2026-07-21","Resolved","4"
"CP0007254","C007255","O0007255","2026-07-17","Delivery","Critical","2026-07-23","Resolved","5"
"CP0007255","C007256","O0007256","2026-07-18","Payment","High","2026-07-25","Resolved","1"
"CP0007256","C007257","O0007257","2026-07-19","Product","Low","","Open",""
"CP0007257","C007258","O0007258","2026-07-20","Refund","High","2026-07-29","Resolved","3"
"CP0007258","C007259","O0007259","2026-07-21","Delivery","Critical","2026-07-31","Resolved","4"
"CP0007259","C007260","O0007260","2026-07-22","Support","Critical","2026-08-02","Resolved","5"
"CP0007260","C007261","O0007261","2026-07-23","Payment","Low","2026-07-23","Resolved","1"
"CP0007261","C007262","O0007262","2026-07-24","Product","High","2026-07-25","Resolved","2"
"CP0007262","C007263","O0007263","2026-07-25","Delivery","Low","2026-07-27","Resolved","3"
"CP0007263","C007264","O0007264","2026-07-26","Product","High","2026-07-29","Resolved","4"
"CP0007264","C007265","O0007265","2026-07-27","Refund","Critical","","Open",""
"CP0007265","C007266","O0007266","2026-07-28","Delivery","Low","2026-08-02","Resolved","1"
"CP0007266","C007267","O0007267","2026-07-29","Support","Low","2026-08-04","Resolved","2"
"CP0007267","C007268","O0007268","2026-07-30","Payment","High","2026-08-06","Resolved","3"
"CP0007268","C007269","O0007269","2026-07-31","Refund","High","2026-08-08","Resolved","4"
"CP0007269","C007270","O0007270","2026-08-01","Refund","Medium","2026-08-10","Resolved","5"
"CP0007270","C007271","O0007271","2026-08-02","Refund","High","2026-08-12","Resolved","1"
"CP0007271","C007272","O0007272","2026-08-03","Product","Low","2026-08-14","Resolved","2"
"CP0007272","C007273","O0007273","2026-08-04","Delivery","Medium","","Open",""
"CP0007273","C007274","O0007274","2026-08-05","Delivery","High","2026-08-06","Resolved","4"
"CP0007274","C007275","O0007275","2026-08-06","Delivery","Medium","2026-08-08","Resolved","5"
"CP0007275","C007276","O0007276","2026-08-07","Product","Medium","2026-08-10","Resolved","1"
"CP0007276","C007277","O0007277","2026-08-08","Refund","Critical","2026-08-12","Resolved","2"
"CP0007277","C007278","O0007278","2026-08-09","Payment","Medium","2026-08-14","Resolved","3"
"CP0007278","C007279","O0007279","2026-08-10","Product","High","2026-08-16","Resolved","4"
"CP0007279","C007280","O0007280","2026-08-11","Payment","High","2026-08-18","Resolved","5"
"CP0007280","C007281","O0007281","2026-08-12","Delivery","High","","Open",""
"CP0007281","C007282","O0007282","2026-08-13","Product","Critical","2026-08-22","Resolved","2"
"CP0007282","C007283","O0007283","2026-08-14","Support","High","2026-08-24","Resolved","3"
"CP0007283","C007284","O0007284","2026-08-15","Delivery","Critical","2026-08-26","Resolved","4"
"CP0007284","C007285","O0007285","2026-08-16","Refund","Low","2026-08-16","Resolved","5"
"CP0007285","C007286","O0007286","2026-08-17","Support","Low","2026-08-18","Resolved","1"
"CP0007286","C007287","O0007287","2026-08-18","Refund","Medium","2026-08-20","Resolved","2"
"CP0007287","C007288","O0007288","2026-08-19","Delivery","High","2026-08-22","Resolved","3"
"CP0007288","C007289","O0007289","2026-08-20","Refund","High","","Open",""
"CP0007289","C007290","O0007290","2026-08-21","Support","Low","2026-08-26","Resolved","5"
"CP0007290","C007291","O0007291","2026-08-22","Delivery","Critical","2026-08-28","Resolved","1"
"CP0007291","C007292","O0007292","2026-08-23","Refund","Critical","2026-08-30","Resolved","2"
"CP0007292","C007293","O0007293","2026-08-24","Support","Low","2026-09-01","Resolved","3"
"CP0007293","C007294","O0007294","2026-08-25","Refund","Critical","2026-09-03","Resolved","4"
"CP0007294","C007295","O0007295","2026-08-26","Product","Critical","2026-09-05","Resolved","5"
"CP0007295","C007296","O0007296","2026-08-27","Payment","Medium","2026-09-07","Resolved","1"
"CP0007296","C007297","O0007297","2026-08-28","Refund","Low","","Open",""
"CP0007297","C007298","O0007298","2026-08-29","Support","High","2026-08-30","Resolved","3"
"CP0007298","C007299","O0007299","2026-08-30","Product","High","2026-09-01","Resolved","4"
"CP0007299","C007300","O0007300","2026-08-31","Product","Low","2026-09-03","Resolved","5"
"CP0007300","C007301","O0007301","2025-09-01","Support","Medium","2025-09-05","Resolved","1"
"CP0007301","C007302","O0007302","2025-09-02","Support","High","2025-09-07","Resolved","2"
"CP0007302","C007303","O0007303","2025-09-03","Product","Medium","2025-09-09","Resolved","3"
"CP0007303","C007304","O0007304","2025-09-04","Support","High","2025-09-11","Resolved","4"
"CP0007304","C007305","O0007305","2025-09-05","Support","Critical","","Open",""
"CP0007305","C007306","O0007306","2025-09-06","Refund","Medium","2025-09-15","Resolved","1"
"CP0007306","C007307","O0007307","2025-09-07","Product","Low","2025-09-17","Resolved","2"
"CP0007307","C007308","O0007308","2025-09-08","Delivery","Medium","2025-09-19","Resolved","3"
"CP0007308","C007309","O0007309","2025-09-09","Payment","High","2025-09-09","Resolved","4"
"CP0007309","C007310","O0007310","2025-09-10","Refund","Medium","2025-09-11","Resolved","5"
"CP0007310","C007311","O0007311","2025-09-11","Delivery","Medium","2025-09-13","Resolved","1"
"CP0007311","C007312","O0007312","2025-09-12","Product","Critical","2025-09-15","Resolved","2"
"CP0007312","C007313","O0007313","2025-09-13","Payment","Medium","","Open",""
"CP0007313","C007314","O0007314","2025-09-14","Payment","Low","2025-09-19","Resolved","4"
"CP0007314","C007315","O0007315","2025-09-15","Product","Critical","2025-09-21","Resolved","5"
"CP0007315","C007316","O0007316","2025-09-16","Product","Critical","2025-09-23","Resolved","1"
"CP0007316","C007317","O0007317","2025-09-17","Delivery","Low","2025-09-25","Resolved","2"
"CP0007317","C007318","O0007318","2025-09-18","Product","Critical","2025-09-27","Resolved","3"
"CP0007318","C007319","O0007319","2025-09-19","Delivery","Critical","2025-09-29","Resolved","4"
"CP0007319","C007320","O0007320","2025-09-20","Refund","Low","2025-10-01","Resolved","5"
"CP0007320","C007321","O0007321","2025-09-21","Product","Medium","","Open",""
"CP0007321","C007322","O0007322","2025-09-22","Product","High","2025-09-23","Resolved","2"
"CP0007322","C007323","O0007323","2025-09-23","Payment","Low","2025-09-25","Resolved","3"
"CP0007323","C007324","O0007324","2025-09-24","Support","Low","2025-09-27","Resolved","4"
"CP0007324","C007325","O0007325","2025-09-25","Payment","High","2025-09-29","Resolved","5"
"CP0007325","C007326","O0007326","2025-09-26","Delivery","Medium","2025-10-01","Resolved","1"
"CP0007326","C007327","O0007327","2025-09-27","Support","Critical","2025-10-03","Resolved","2"
"CP0007327","C007328","O0007328","2025-09-28","Delivery","Medium","2025-10-05","Resolved","3"
"CP0007328","C007329","O0007329","2025-09-29","Support","Critical","","Open",""
"CP0007329","C007330","O0007330","2025-09-30","Refund","Low","2025-10-09","Resolved","5"
"CP0007330","C007331","O0007331","2025-10-01","Payment","Low","2025-10-11","Resolved","1"
"CP0007331","C007332","O0007332","2025-10-02","Refund","Low","2025-10-13","Resolved","2"
"CP0007332","C007333","O0007333","2025-10-03","Refund","Critical","2025-10-03","Resolved","3"
"CP0007333","C007334","O0007334","2025-10-04","Support","Medium","2025-10-05","Resolved","4"
"CP0007334","C007335","O0007335","2025-10-05","Refund","High","2025-10-07","Resolved","5"
"CP0007335","C007336","O0007336","2025-10-06","Refund","Critical","2025-10-09","Resolved","1"
"CP0007336","C007337","O0007337","2025-10-07","Product","Critical","","Open",""
"CP0007337","C007338","O0007338","2025-10-08","Delivery","Medium","2025-10-13","Resolved","3"
"CP0007338","C007339","O0007339","2025-10-09","Payment","High","2025-10-15","Resolved","4"
"CP0007339","C007340","O0007340","2025-10-10","Refund","High","2025-10-17","Resolved","5"
"CP0007340","C007341","O0007341","2025-10-11","Product","Critical","2025-10-19","Resolved","1"
"CP0007341","C007342","O0007342","2025-10-12","Payment","Critical","2025-10-21","Resolved","2"
"CP0007342","C007343","O0007343","2025-10-13","Delivery","Medium","2025-10-23","Resolved","3"
"CP0007343","C007344","O0007344","2025-10-14","Payment","High","2025-10-25","Resolved","4"
"CP0007344","C007345","O0007345","2025-10-15","Support","Low","","Open",""
"CP0007345","C007346","O0007346","2025-10-16","Payment","High","2025-10-17","Resolved","1"
"CP0007346","C007347","O0007347","2025-10-17","Product","Medium","2025-10-19","Resolved","2"
"CP0007347","C007348","O0007348","2025-10-18","Refund","Medium","2025-10-21","Resolved","3"
"CP0007348","C007349","O0007349","2025-10-19","Product","High","2025-10-23","Resolved","4"
"CP0007349","C007350","O0007350","2025-10-20","Product","Medium","2025-10-25","Resolved","5"
"CP0007350","C007351","O0007351","2025-10-21","Payment","Medium","2025-10-27","Resolved","1"
"CP0007351","C007352","O0007352","2025-10-22","Payment","Medium","2025-10-29","Resolved","2"
"CP0007352","C007353","O0007353","2025-10-23","Product","Medium","","Open",""
"CP0007353","C007354","O0007354","2025-10-24","Payment","Low","2025-11-02","Resolved","4"
"CP0007354","C007355","O0007355","2025-10-25","Support","Critical","2025-11-04","Resolved","5"
"CP0007355","C007356","O0007356","2025-10-26","Payment","Medium","2025-11-06","Resolved","1"
"CP0007356","C007357","O0007357","2025-10-27","Payment","High","2025-10-27","Resolved","2"
"CP0007357","C007358","O0007358","2025-10-28","Delivery","Critical","2025-10-29","Resolved","3"
"CP0007358","C007359","O0007359","2025-10-29","Delivery","Low","2025-10-31","Resolved","4"
"CP0007359","C007360","O0007360","2025-10-30","Product","Medium","2025-11-02","Resolved","5"
"CP0007360","C007361","O0007361","2025-10-31","Refund","High","","Open",""
"CP0007361","C007362","O0007362","2025-11-01","Product","Critical","2025-11-06","Resolved","2"
"CP0007362","C007363","O0007363","2025-11-02","Support","Critical","2025-11-08","Resolved","3"
"CP0007363","C007364","O0007364","2025-11-03","Product","Critical","2025-11-10","Resolved","4"
"CP0007364","C007365","O0007365","2025-11-04","Delivery","Low","2025-11-12","Resolved","5"
"CP0007365","C007366","O0007366","2025-11-05","Product","Medium","2025-11-14","Resolved","1"
"CP0007366","C007367","O0007367","2025-11-06","Delivery","Low","2025-11-16","Resolved","2"
"CP0007367","C007368","O0007368","2025-11-07","Refund","Low","2025-11-18","Resolved","3"
"CP0007368","C007369","O0007369","2025-11-08","Support","Medium","","Open",""
"CP0007369","C007370","O0007370","2025-11-09","Product","Critical","2025-11-10","Resolved","5"
"CP0007370","C007371","O0007371","2025-11-10","Delivery","Low","2025-11-12","Resolved","1"
"CP0007371","C007372","O0007372","2025-11-11","Delivery","Medium","2025-11-14","Resolved","2"
"CP0007372","C007373","O0007373","2025-11-12","Product","Critical","2025-11-16","Resolved","3"
"CP0007373","C007374","O0007374","2025-11-13","Payment","Low","2025-11-18","Resolved","4"
"CP0007374","C007375","O0007375","2025-11-14","Refund","Critical","2025-11-20","Resolved","5"
"CP0007375","C007376","O0007376","2025-11-15","Product","High","2025-11-22","Resolved","1"
"CP0007376","C007377","O0007377","2025-11-16","Refund","Critical","","Open",""
"CP0007377","C007378","O0007378","2025-11-17","Refund","Low","2025-11-26","Resolved","3"
"CP0007378","C007379","O0007379","2025-11-18","Payment","High","2025-11-28","Resolved","4"
"CP0007379","C007380","O0007380","2025-11-19","Payment","Low","2025-11-30","Resolved","5"
"CP0007380","C007381","O0007381","2025-11-20","Refund","Medium","2025-11-20","Resolved","1"
"CP0007381","C007382","O0007382","2025-11-21","Product","Medium","2025-11-22","Resolved","2"
"CP0007382","C007383","O0007383","2025-11-22","Refund","High","2025-11-24","Resolved","3"
"CP0007383","C007384","O0007384","2025-11-23","Refund","Critical","2025-11-26","Resolved","4"
"CP0007384","C007385","O0007385","2025-11-24","Refund","High","","Open",""
"CP0007385","C007386","O0007386","2025-11-25","Product","High","2025-11-30","Resolved","1"
"CP0007386","C007387","O0007387","2025-11-26","Payment","High","2025-12-02","Resolved","2"
"CP0007387","C007388","O0007388","2025-11-27","Support","High","2025-12-04","Resolved","3"
"CP0007388","C007389","O0007389","2025-11-28","Refund","High","2025-12-06","Resolved","4"
"CP0007389","C007390","O0007390","2025-11-29","Product","Critical","2025-12-08","Resolved","5"
"CP0007390","C007391","O0007391","2025-11-30","Support","Low","2025-12-10","Resolved","1"
"CP0007391","C007392","O0007392","2025-12-01","Delivery","Critical","2025-12-12","Resolved","2"
"CP0007392","C007393","O0007393","2025-12-02","Refund","High","","Open",""
"CP0007393","C007394","O0007394","2025-12-03","Refund","Medium","2025-12-04","Resolved","4"
"CP0007394","C007395","O0007395","2025-12-04","Product","High","2025-12-06","Resolved","5"
"CP0007395","C007396","O0007396","2025-12-05","Support","High","2025-12-08","Resolved","1"
"CP0007396","C007397","O0007397","2025-12-06","Refund","Medium","2025-12-10","Resolved","2"
"CP0007397","C007398","O0007398","2025-12-07","Support","Critical","2025-12-12","Resolved","3"
"CP0007398","C007399","O0007399","2025-12-08","Delivery","Low","2025-12-14","Resolved","4"
"CP0007399","C007400","O0007400","2025-12-09","Product","Low","2025-12-16","Resolved","5"
"CP0007400","C007401","O0007401","2025-12-10","Delivery","High","","Open",""
"CP0007401","C007402","O0007402","2025-12-11","Payment","Low","2025-12-20","Resolved","2"
"CP0007402","C007403","O0007403","2025-12-12","Product","High","2025-12-22","Resolved","3"
"CP0007403","C007404","O0007404","2025-12-13","Refund","Low","2025-12-24","Resolved","4"
"CP0007404","C007405","O0007405","2025-12-14","Product","Medium","2025-12-14","Resolved","5"
"CP0007405","C007406","O0007406","2025-12-15","Support","High","2025-12-16","Resolved","1"
"CP0007406","C007407","O0007407","2025-12-16","Delivery","Medium","2025-12-18","Resolved","2"
"CP0007407","C007408","O0007408","2025-12-17","Product","Critical","2025-12-20","Resolved","3"
"CP0007408","C007409","O0007409","2025-12-18","Product","High","","Open",""
"CP0007409","C007410","O0007410","2025-12-19","Refund","High","2025-12-24","Resolved","5"
"CP0007410","C007411","O0007411","2025-12-20","Product","Critical","2025-12-26","Resolved","1"
"CP0007411","C007412","O0007412","2025-12-21","Refund","Low","2025-12-28","Resolved","2"
"CP0007412","C007413","O0007413","2025-12-22","Refund","Medium","2025-12-30","Resolved","3"
"CP0007413","C007414","O0007414","2025-12-23","Support","Low","2026-01-01","Resolved","4"
"CP0007414","C007415","O0007415","2025-12-24","Product","Medium","2026-01-03","Resolved","5"
"CP0007415","C007416","O0007416","2025-12-25","Refund","Medium","2026-01-05","Resolved","1"
"CP0007416","C007417","O0007417","2025-12-26","Product","High","","Open",""
"CP0007417","C007418","O0007418","2025-12-27","Product","Critical","2025-12-28","Resolved","3"
"CP0007418","C007419","O0007419","2025-12-28","Delivery","Critical","2025-12-30","Resolved","4"
"CP0007419","C007420","O0007420","2025-12-29","Payment","High","2026-01-01","Resolved","5"
"CP0007420","C007421","O0007421","2025-12-30","Support","Medium","2026-01-03","Resolved","1"
"CP0007421","C007422","O0007422","2025-12-31","Delivery","Low","2026-01-05","Resolved","2"
"CP0007422","C007423","O0007423","2026-01-01","Support","Low","2026-01-07","Resolved","3"
"CP0007423","C007424","O0007424","2026-01-02","Support","Critical","2026-01-09","Resolved","4"
"CP0007424","C007425","O0007425","2026-01-03","Payment","Critical","","Open",""
"CP0007425","C007426","O0007426","2026-01-04","Delivery","Critical","2026-01-13","Resolved","1"
"CP0007426","C007427","O0007427","2026-01-05","Product","Critical","2026-01-15","Resolved","2"
"CP0007427","C007428","O0007428","2026-01-06","Refund","Low","2026-01-17","Resolved","3"
"CP0007428","C007429","O0007429","2026-01-07","Delivery","Low","2026-01-07","Resolved","4"
"CP0007429","C007430","O0007430","2026-01-08","Support","Medium","2026-01-09","Resolved","5"
"CP0007430","C007431","O0007431","2026-01-09","Product","High","2026-01-11","Resolved","1"
"CP0007431","C007432","O0007432","2026-01-10","Product","High","2026-01-13","Resolved","2"
"CP0007432","C007433","O0007433","2026-01-11","Support","High","","Open",""
"CP0007433","C007434","O0007434","2026-01-12","Support","Medium","2026-01-17","Resolved","4"
"CP0007434","C007435","O0007435","2026-01-13","Support","Critical","2026-01-19","Resolved","5"
"CP0007435","C007436","O0007436","2026-01-14","Support","Critical","2026-01-21","Resolved","1"
"CP0007436","C007437","O0007437","2026-01-15","Support","Medium","2026-01-23","Resolved","2"
"CP0007437","C007438","O0007438","2026-01-16","Refund","High","2026-01-25","Resolved","3"
"CP0007438","C007439","O0007439","2026-01-17","Delivery","Medium","2026-01-27","Resolved","4"
"CP0007439","C007440","O0007440","2026-01-18","Product","Medium","2026-01-29","Resolved","5"
"CP0007440","C007441","O0007441","2026-01-19","Payment","Critical","","Open",""
"CP0007441","C007442","O0007442","2026-01-20","Refund","Medium","2026-01-21","Resolved","2"
"CP0007442","C007443","O0007443","2026-01-21","Support","Critical","2026-01-23","Resolved","3"
"CP0007443","C007444","O0007444","2026-01-22","Refund","Critical","2026-01-25","Resolved","4"
"CP0007444","C007445","O0007445","2026-01-23","Product","Critical","2026-01-27","Resolved","5"
"CP0007445","C007446","O0007446","2026-01-24","Support","Critical","2026-01-29","Resolved","1"
"CP0007446","C007447","O0007447","2026-01-25","Refund","High","2026-01-31","Resolved","2"
"CP0007447","C007448","O0007448","2026-01-26","Delivery","High","2026-02-02","Resolved","3"
"CP0007448","C007449","O0007449","2026-01-27","Product","Critical","","Open",""
"CP0007449","C007450","O0007450","2026-01-28","Product","Critical","2026-02-06","Resolved","5"
"CP0007450","C007451","O0007451","2026-01-29","Product","High","2026-02-08","Resolved","1"
"CP0007451","C007452","O0007452","2026-01-30","Payment","Medium","2026-02-10","Resolved","2"
"CP0007452","C007453","O0007453","2026-01-31","Product","Low","2026-01-31","Resolved","3"
"CP0007453","C007454","O0007454","2026-02-01","Payment","High","2026-02-02","Resolved","4"
"CP0007454","C007455","O0007455","2026-02-02","Product","Low","2026-02-04","Resolved","5"
"CP0007455","C007456","O0007456","2026-02-03","Support","High","2026-02-06","Resolved","1"
"CP0007456","C007457","O0007457","2026-02-04","Payment","Critical","","Open",""
"CP0007457","C007458","O0007458","2026-02-05","Payment","Critical","2026-02-10","Resolved","3"
"CP0007458","C007459","O0007459","2026-02-06","Support","Low","2026-02-12","Resolved","4"
"CP0007459","C007460","O0007460","2026-02-07","Payment","Medium","2026-02-14","Resolved","5"
"CP0007460","C007461","O0007461","2026-02-08","Refund","High","2026-02-16","Resolved","1"
"CP0007461","C007462","O0007462","2026-02-09","Product","Low","2026-02-18","Resolved","2"
"CP0007462","C007463","O0007463","2026-02-10","Refund","Low","2026-02-20","Resolved","3"
"CP0007463","C007464","O0007464","2026-02-11","Support","Medium","2026-02-22","Resolved","4"
"CP0007464","C007465","O0007465","2026-02-12","Delivery","Low","","Open",""
"CP0007465","C007466","O0007466","2026-02-13","Product","High","2026-02-14","Resolved","1"
"CP0007466","C007467","O0007467","2026-02-14","Delivery","Low","2026-02-16","Resolved","2"
"CP0007467","C007468","O0007468","2026-02-15","Delivery","Low","2026-02-18","Resolved","3"
"CP0007468","C007469","O0007469","2026-02-16","Product","Critical","2026-02-20","Resolved","4"
"CP0007469","C007470","O0007470","2026-02-17","Payment","Medium","2026-02-22","Resolved","5"
"CP0007470","C007471","O0007471","2026-02-18","Refund","Medium","2026-02-24","Resolved","1"
"CP0007471","C007472","O0007472","2026-02-19","Payment","Low","2026-02-26","Resolved","2"
"CP0007472","C007473","O0007473","2026-02-20","Refund","High","","Open",""
"CP0007473","C007474","O0007474","2026-02-21","Support","Medium","2026-03-02","Resolved","4"
"CP0007474","C007475","O0007475","2026-02-22","Delivery","Low","2026-03-04","Resolved","5"
"CP0007475","C007476","O0007476","2026-02-23","Support","Medium","2026-03-06","Resolved","1"
"CP0007476","C007477","O0007477","2026-02-24","Delivery","Low","2026-02-24","Resolved","2"
"CP0007477","C007478","O0007478","2026-02-25","Payment","Critical","2026-02-26","Resolved","3"
"CP0007478","C007479","O0007479","2026-02-26","Product","Critical","2026-02-28","Resolved","4"
"CP0007479","C007480","O0007480","2026-02-27","Support","Low","2026-03-02","Resolved","5"
"CP0007480","C007481","O0007481","2026-02-28","Product","Medium","","Open",""
"CP0007481","C007482","O0007482","2026-03-01","Support","Medium","2026-03-06","Resolved","2"
"CP0007482","C007483","O0007483","2026-03-02","Support","Medium","2026-03-08","Resolved","3"
"CP0007483","C007484","O0007484","2026-03-03","Support","Low","2026-03-10","Resolved","4"
"CP0007484","C007485","O0007485","2026-03-04","Refund","Critical","2026-03-12","Resolved","5"
"CP0007485","C007486","O0007486","2026-03-05","Payment","Medium","2026-03-14","Resolved","1"
"CP0007486","C007487","O0007487","2026-03-06","Delivery","Medium","2026-03-16","Resolved","2"
"CP0007487","C007488","O0007488","2026-03-07","Refund","High","2026-03-18","Resolved","3"
"CP0007488","C007489","O0007489","2026-03-08","Support","Medium","","Open",""
"CP0007489","C007490","O0007490","2026-03-09","Delivery","Low","2026-03-10","Resolved","5"
"CP0007490","C007491","O0007491","2026-03-10","Product","Critical","2026-03-12","Resolved","1"
"CP0007491","C007492","O0007492","2026-03-11","Delivery","Medium","2026-03-14","Resolved","2"
"CP0007492","C007493","O0007493","2026-03-12","Support","High","2026-03-16","Resolved","3"
"CP0007493","C007494","O0007494","2026-03-13","Payment","Low","2026-03-18","Resolved","4"
"CP0007494","C007495","O0007495","2026-03-14","Refund","High","2026-03-20","Resolved","5"
"CP0007495","C007496","O0007496","2026-03-15","Support","Medium","2026-03-22","Resolved","1"
"CP0007496","C007497","O0007497","2026-03-16","Payment","Low","","Open",""
"CP0007497","C007498","O0007498","2026-03-17","Refund","Critical","2026-03-26","Resolved","3"
"CP0007498","C007499","O0007499","2026-03-18","Payment","Critical","2026-03-28","Resolved","4"
"CP0007499","C007500","O0007500","2026-03-19","Refund","Critical","2026-03-30","Resolved","5"
"CP0007500","C007501","O0007501","2026-03-20","Refund","High","2026-03-20","Resolved","1"
"CP0007501","C007502","O0007502","2026-03-21","Product","High","2026-03-22","Resolved","2"
"CP0007502","C007503","O0007503","2026-03-22","Payment","Low","2026-03-24","Resolved","3"
"CP0007503","C007504","O0007504","2026-03-23","Refund","Medium","2026-03-26","Resolved","4"
"CP0007504","C007505","O0007505","2026-03-24","Payment","High","","Open",""
"CP0007505","C007506","O0007506","2026-03-25","Support","Critical","2026-03-30","Resolved","1"
"CP0007506","C007507","O0007507","2026-03-26","Product","Low","2026-04-01","Resolved","2"
"CP0007507","C007508","O0007508","2026-03-27","Product","Critical","2026-04-03","Resolved","3"
"CP0007508","C007509","O0007509","2026-03-28","Support","Low","2026-04-05","Resolved","4"
"CP0007509","C007510","O0007510","2026-03-29","Refund","High","2026-04-07","Resolved","5"
"CP0007510","C007511","O0007511","2026-03-30","Refund","Low","2026-04-09","Resolved","1"
"CP0007511","C007512","O0007512","2026-03-31","Refund","Critical","2026-04-11","Resolved","2"
"CP0007512","C007513","O0007513","2026-04-01","Refund","Low","","Open",""
"CP0007513","C007514","O0007514","2026-04-02","Refund","High","2026-04-03","Resolved","4"
"CP0007514","C007515","O0007515","2026-04-03","Support","Low","2026-04-05","Resolved","5"
"CP0007515","C007516","O0007516","2026-04-04","Support","Critical","2026-04-07","Resolved","1"
"CP0007516","C007517","O0007517","2026-04-05","Delivery","Medium","2026-04-09","Resolved","2"
"CP0007517","C007518","O0007518","2026-04-06","Refund","Critical","2026-04-11","Resolved","3"
"CP0007518","C007519","O0007519","2026-04-07","Delivery","Medium","2026-04-13","Resolved","4"
"CP0007519","C007520","O0007520","2026-04-08","Product","High","2026-04-15","Resolved","5"
"CP0007520","C007521","O0007521","2026-04-09","Refund","Low","","Open",""
"CP0007521","C007522","O0007522","2026-04-10","Delivery","Medium","2026-04-19","Resolved","2"
"CP0007522","C007523","O0007523","2026-04-11","Refund","High","2026-04-21","Resolved","3"
"CP0007523","C007524","O0007524","2026-04-12","Refund","High","2026-04-23","Resolved","4"
"CP0007524","C007525","O0007525","2026-04-13","Refund","High","2026-04-13","Resolved","5"
"CP0007525","C007526","O0007526","2026-04-14","Support","High","2026-04-15","Resolved","1"
"CP0007526","C007527","O0007527","2026-04-15","Product","Low","2026-04-17","Resolved","2"
"CP0007527","C007528","O0007528","2026-04-16","Refund","Medium","2026-04-19","Resolved","3"
"CP0007528","C007529","O0007529","2026-04-17","Payment","Medium","","Open",""
"CP0007529","C007530","O0007530","2026-04-18","Delivery","Low","2026-04-23","Resolved","5"
"CP0007530","C007531","O0007531","2026-04-19","Refund","Medium","2026-04-25","Resolved","1"
"CP0007531","C007532","O0007532","2026-04-20","Product","Medium","2026-04-27","Resolved","2"
"CP0007532","C007533","O0007533","2026-04-21","Refund","High","2026-04-29","Resolved","3"
"CP0007533","C007534","O0007534","2026-04-22","Delivery","Medium","2026-05-01","Resolved","4"
"CP0007534","C007535","O0007535","2026-04-23","Payment","Medium","2026-05-03","Resolved","5"
"CP0007535","C007536","O0007536","2026-04-24","Refund","High","2026-05-05","Resolved","1"
"CP0007536","C007537","O0007537","2026-04-25","Payment","Critical","","Open",""
"CP0007537","C007538","O0007538","2026-04-26","Delivery","Medium","2026-04-27","Resolved","3"
"CP0007538","C007539","O0007539","2026-04-27","Product","Low","2026-04-29","Resolved","4"
"CP0007539","C007540","O0007540","2026-04-28","Payment","Low","2026-05-01","Resolved","5"
"CP0007540","C007541","O0007541","2026-04-29","Delivery","Medium","2026-05-03","Resolved","1"
"CP0007541","C007542","O0007542","2026-04-30","Delivery","High","2026-05-05","Resolved","2"
"CP0007542","C007543","O0007543","2026-05-01","Payment","Critical","2026-05-07","Resolved","3"
"CP0007543","C007544","O0007544","2026-05-02","Product","Critical","2026-05-09","Resolved","4"
"CP0007544","C007545","O0007545","2026-05-03","Refund","High","","Open",""
"CP0007545","C007546","O0007546","2026-05-04","Support","High","2026-05-13","Resolved","1"
"CP0007546","C007547","O0007547","2026-05-05","Product","High","2026-05-15","Resolved","2"
"CP0007547","C007548","O0007548","2026-05-06","Delivery","Critical","2026-05-17","Resolved","3"
"CP0007548","C007549","O0007549","2026-05-07","Payment","Medium","2026-05-07","Resolved","4"
"CP0007549","C007550","O0007550","2026-05-08","Payment","Medium","2026-05-09","Resolved","5"
"CP0007550","C007551","O0007551","2026-05-09","Refund","Low","2026-05-11","Resolved","1"
"CP0007551","C007552","O0007552","2026-05-10","Support","High","2026-05-13","Resolved","2"
"CP0007552","C007553","O0007553","2026-05-11","Product","Low","","Open",""
"CP0007553","C007554","O0007554","2026-05-12","Refund","Critical","2026-05-17","Resolved","4"
"CP0007554","C007555","O0007555","2026-05-13","Delivery","High","2026-05-19","Resolved","5"
"CP0007555","C007556","O0007556","2026-05-14","Product","High","2026-05-21","Resolved","1"
"CP0007556","C007557","O0007557","2026-05-15","Delivery","Critical","2026-05-23","Resolved","2"
"CP0007557","C007558","O0007558","2026-05-16","Payment","High","2026-05-25","Resolved","3"
"CP0007558","C007559","O0007559","2026-05-17","Refund","Medium","2026-05-27","Resolved","4"
"CP0007559","C007560","O0007560","2026-05-18","Payment","Critical","2026-05-29","Resolved","5"
"CP0007560","C007561","O0007561","2026-05-19","Support","Medium","","Open",""
"CP0007561","C007562","O0007562","2026-05-20","Delivery","Low","2026-05-21","Resolved","2"
"CP0007562","C007563","O0007563","2026-05-21","Refund","Critical","2026-05-23","Resolved","3"
"CP0007563","C007564","O0007564","2026-05-22","Payment","Low","2026-05-25","Resolved","4"
"CP0007564","C007565","O0007565","2026-05-23","Product","Medium","2026-05-27","Resolved","5"
"CP0007565","C007566","O0007566","2026-05-24","Refund","Critical","2026-05-29","Resolved","1"
"CP0007566","C007567","O0007567","2026-05-25","Payment","Critical","2026-05-31","Resolved","2"
"CP0007567","C007568","O0007568","2026-05-26","Delivery","Medium","2026-06-02","Resolved","3"
"CP0007568","C007569","O0007569","2026-05-27","Support","High","","Open",""
"CP0007569","C007570","O0007570","2026-05-28","Delivery","High","2026-06-06","Resolved","5"
"CP0007570","C007571","O0007571","2026-05-29","Delivery","Critical","2026-06-08","Resolved","1"
"CP0007571","C007572","O0007572","2026-05-30","Product","High","2026-06-10","Resolved","2"
"CP0007572","C007573","O0007573","2026-05-31","Support","Critical","2026-05-31","Resolved","3"
"CP0007573","C007574","O0007574","2026-06-01","Product","Low","2026-06-02","Resolved","4"
"CP0007574","C007575","O0007575","2026-06-02","Refund","High","2026-06-04","Resolved","5"
"CP0007575","C007576","O0007576","2026-06-03","Refund","High","2026-06-06","Resolved","1"
"CP0007576","C007577","O0007577","2026-06-04","Support","Low","","Open",""
"CP0007577","C007578","O0007578","2026-06-05","Product","High","2026-06-10","Resolved","3"
"CP0007578","C007579","O0007579","2026-06-06","Support","Low","2026-06-12","Resolved","4"
"CP0007579","C007580","O0007580","2026-06-07","Support","Critical","2026-06-14","Resolved","5"
"CP0007580","C007581","O0007581","2026-06-08","Refund","Critical","2026-06-16","Resolved","1"
"CP0007581","C007582","O0007582","2026-06-09","Delivery","Low","2026-06-18","Resolved","2"
"CP0007582","C007583","O0007583","2026-06-10","Support","Low","2026-06-20","Resolved","3"
"CP0007583","C007584","O0007584","2026-06-11","Product","Critical","2026-06-22","Resolved","4"
"CP0007584","C007585","O0007585","2026-06-12","Support","Medium","","Open",""
"CP0007585","C007586","O0007586","2026-06-13","Payment","Medium","2026-06-14","Resolved","1"
"CP0007586","C007587","O0007587","2026-06-14","Payment","Medium","2026-06-16","Resolved","2"
"CP0007587","C007588","O0007588","2026-06-15","Support","Low","2026-06-18","Resolved","3"
"CP0007588","C007589","O0007589","2026-06-16","Delivery","Critical","2026-06-20","Resolved","4"
"CP0007589","C007590","O0007590","2026-06-17","Refund","Low","2026-06-22","Resolved","5"
"CP0007590","C007591","O0007591","2026-06-18","Refund","Medium","2026-06-24","Resolved","1"
"CP0007591","C007592","O0007592","2026-06-19","Support","Medium","2026-06-26","Resolved","2"
"CP0007592","C007593","O0007593","2026-06-20","Delivery","Critical","","Open",""
"CP0007593","C007594","O0007594","2026-06-21","Delivery","High","2026-06-30","Resolved","4"
"CP0007594","C007595","O0007595","2026-06-22","Support","High","2026-07-02","Resolved","5"
"CP0007595","C007596","O0007596","2026-06-23","Support","High","2026-07-04","Resolved","1"
"CP0007596","C007597","O0007597","2026-06-24","Support","Critical","2026-06-24","Resolved","2"
"CP0007597","C007598","O0007598","2026-06-25","Delivery","Medium","2026-06-26","Resolved","3"
"CP0007598","C007599","O0007599","2026-06-26","Product","Medium","2026-06-28","Resolved","4"
"CP0007599","C007600","O0007600","2026-06-27","Support","Low","2026-06-30","Resolved","5"
"CP0007600","C007601","O0007601","2026-06-28","Payment","High","","Open",""
"CP0007601","C007602","O0007602","2026-06-29","Delivery","Critical","2026-07-04","Resolved","2"
"CP0007602","C007603","O0007603","2026-06-30","Delivery","Low","2026-07-06","Resolved","3"
"CP0007603","C007604","O0007604","2026-07-01","Refund","High","2026-07-08","Resolved","4"
"CP0007604","C007605","O0007605","2026-07-02","Support","Low","2026-07-10","Resolved","5"
"CP0007605","C007606","O0007606","2026-07-03","Product","Low","2026-07-12","Resolved","1"
"CP0007606","C007607","O0007607","2026-07-04","Payment","Low","2026-07-14","Resolved","2"
"CP0007607","C007608","O0007608","2026-07-05","Delivery","Critical","2026-07-16","Resolved","3"
"CP0007608","C007609","O0007609","2026-07-06","Support","Low","","Open",""
"CP0007609","C007610","O0007610","2026-07-07","Support","Critical","2026-07-08","Resolved","5"
"CP0007610","C007611","O0007611","2026-07-08","Refund","Critical","2026-07-10","Resolved","1"
"CP0007611","C007612","O0007612","2026-07-09","Refund","High","2026-07-12","Resolved","2"
"CP0007612","C007613","O0007613","2026-07-10","Product","Critical","2026-07-14","Resolved","3"
"CP0007613","C007614","O0007614","2026-07-11","Refund","Medium","2026-07-16","Resolved","4"
"CP0007614","C007615","O0007615","2026-07-12","Payment","Critical","2026-07-18","Resolved","5"
"CP0007615","C007616","O0007616","2026-07-13","Delivery","Critical","2026-07-20","Resolved","1"
"CP0007616","C007617","O0007617","2026-07-14","Support","Low","","Open",""
"CP0007617","C007618","O0007618","2026-07-15","Product","Low","2026-07-24","Resolved","3"
"CP0007618","C007619","O0007619","2026-07-16","Refund","High","2026-07-26","Resolved","4"
"CP0007619","C007620","O0007620","2026-07-17","Refund","Critical","2026-07-28","Resolved","5"
"CP0007620","C007621","O0007621","2026-07-18","Payment","Critical","2026-07-18","Resolved","1"
"CP0007621","C007622","O0007622","2026-07-19","Delivery","Critical","2026-07-20","Resolved","2"
"CP0007622","C007623","O0007623","2026-07-20","Support","Critical","2026-07-22","Resolved","3"
"CP0007623","C007624","O0007624","2026-07-21","Delivery","High","2026-07-24","Resolved","4"
"CP0007624","C007625","O0007625","2026-07-22","Refund","Low","","Open",""
"CP0007625","C007626","O0007626","2026-07-23","Delivery","High","2026-07-28","Resolved","1"
"CP0007626","C007627","O0007627","2026-07-24","Support","Critical","2026-07-30","Resolved","2"
"CP0007627","C007628","O0007628","2026-07-25","Payment","Low","2026-08-01","Resolved","3"
"CP0007628","C007629","O0007629","2026-07-26","Refund","High","2026-08-03","Resolved","4"
"CP0007629","C007630","O0007630","2026-07-27","Delivery","High","2026-08-05","Resolved","5"
"CP0007630","C007631","O0007631","2026-07-28","Support","Low","2026-08-07","Resolved","1"
"CP0007631","C007632","O0007632","2026-07-29","Refund","High","2026-08-09","Resolved","2"
"CP0007632","C007633","O0007633","2026-07-30","Delivery","Medium","","Open",""
"CP0007633","C007634","O0007634","2026-07-31","Payment","High","2026-08-01","Resolved","4"
"CP0007634","C007635","O0007635","2026-08-01","Payment","Medium","2026-08-03","Resolved","5"
"CP0007635","C007636","O0007636","2026-08-02","Support","Low","2026-08-05","Resolved","1"
"CP0007636","C007637","O0007637","2026-08-03","Refund","High","2026-08-07","Resolved","2"
"CP0007637","C007638","O0007638","2026-08-04","Refund","Low","2026-08-09","Resolved","3"
"CP0007638","C007639","O0007639","2026-08-05","Support","Medium","2026-08-11","Resolved","4"
"CP0007639","C007640","O0007640","2026-08-06","Support","High","2026-08-13","Resolved","5"
"CP0007640","C007641","O0007641","2026-08-07","Product","Low","","Open",""
"CP0007641","C007642","O0007642","2026-08-08","Payment","Low","2026-08-17","Resolved","2"
"CP0007642","C007643","O0007643","2026-08-09","Product","Critical","2026-08-19","Resolved","3"
"CP0007643","C007644","O0007644","2026-08-10","Product","Critical","2026-08-21","Resolved","4"
"CP0007644","C007645","O0007645","2026-08-11","Product","Medium","2026-08-11","Resolved","5"
"CP0007645","C007646","O0007646","2026-08-12","Payment","Low","2026-08-13","Resolved","1"
"CP0007646","C007647","O0007647","2026-08-13","Product","Medium","2026-08-15","Resolved","2"
"CP0007647","C007648","O0007648","2026-08-14","Product","Low","2026-08-17","Resolved","3"
"CP0007648","C007649","O0007649","2026-08-15","Product","High","","Open",""
"CP0007649","C007650","O0007650","2026-08-16","Product","Medium","2026-08-21","Resolved","5"
"CP0007650","C007651","O0007651","2026-08-17","Payment","Low","2026-08-23","Resolved","1"
"CP0007651","C007652","O0007652","2026-08-18","Payment","High","2026-08-25","Resolved","2"
"CP0007652","C007653","O0007653","2026-08-19","Delivery","Low","2026-08-27","Resolved","3"
"CP0007653","C007654","O0007654","2026-08-20","Product","High","2026-08-29","Resolved","4"
"CP0007654","C007655","O0007655","2026-08-21","Support","High","2026-08-31","Resolved","5"
"CP0007655","C007656","O0007656","2026-08-22","Payment","Critical","2026-09-02","Resolved","1"
"CP0007656","C007657","O0007657","2026-08-23","Product","Critical","","Open",""
"CP0007657","C007658","O0007658","2026-08-24","Delivery","Medium","2026-08-25","Resolved","3"
"CP0007658","C007659","O0007659","2026-08-25","Payment","High","2026-08-27","Resolved","4"
"CP0007659","C007660","O0007660","2026-08-26","Refund","Medium","2026-08-29","Resolved","5"
"CP0007660","C007661","O0007661","2026-08-27","Support","Critical","2026-08-31","Resolved","1"
"CP0007661","C007662","O0007662","2026-08-28","Payment","Low","2026-09-02","Resolved","2"
"CP0007662","C007663","O0007663","2026-08-29","Payment","Critical","2026-09-04","Resolved","3"
"CP0007663","C007664","O0007664","2026-08-30","Support","Critical","2026-09-06","Resolved","4"
"CP0007664","C007665","O0007665","2026-08-31","Payment","Medium","","Open",""
"CP0007665","C007666","O0007666","2025-09-01","Refund","Low","2025-09-10","Resolved","1"
"CP0007666","C007667","O0007667","2025-09-02","Product","Medium","2025-09-12","Resolved","2"
"CP0007667","C007668","O0007668","2025-09-03","Support","Critical","2025-09-14","Resolved","3"
"CP0007668","C007669","O0007669","2025-09-04","Product","Critical","2025-09-04","Resolved","4"
"CP0007669","C007670","O0007670","2025-09-05","Delivery","Critical","2025-09-06","Resolved","5"
"CP0007670","C007671","O0007671","2025-09-06","Refund","Critical","2025-09-08","Resolved","1"
"CP0007671","C007672","O0007672","2025-09-07","Refund","Critical","2025-09-10","Resolved","2"
"CP0007672","C007673","O0007673","2025-09-08","Payment","Critical","","Open",""
"CP0007673","C007674","O0007674","2025-09-09","Delivery","Low","2025-09-14","Resolved","4"
"CP0007674","C007675","O0007675","2025-09-10","Support","Low","2025-09-16","Resolved","5"
"CP0007675","C007676","O0007676","2025-09-11","Refund","Medium","2025-09-18","Resolved","1"
"CP0007676","C007677","O0007677","2025-09-12","Refund","High","2025-09-20","Resolved","2"
"CP0007677","C007678","O0007678","2025-09-13","Support","High","2025-09-22","Resolved","3"
"CP0007678","C007679","O0007679","2025-09-14","Refund","High","2025-09-24","Resolved","4"
"CP0007679","C007680","O0007680","2025-09-15","Delivery","Low","2025-09-26","Resolved","5"
"CP0007680","C007681","O0007681","2025-09-16","Support","High","","Open",""
"CP0007681","C007682","O0007682","2025-09-17","Delivery","Medium","2025-09-18","Resolved","2"
"CP0007682","C007683","O0007683","2025-09-18","Product","Critical","2025-09-20","Resolved","3"
"CP0007683","C007684","O0007684","2025-09-19","Delivery","Medium","2025-09-22","Resolved","4"
"CP0007684","C007685","O0007685","2025-09-20","Refund","Medium","2025-09-24","Resolved","5"
"CP0007685","C007686","O0007686","2025-09-21","Payment","Low","2025-09-26","Resolved","1"
"CP0007686","C007687","O0007687","2025-09-22","Support","Low","2025-09-28","Resolved","2"
"CP0007687","C007688","O0007688","2025-09-23","Product","Critical","2025-09-30","Resolved","3"
"CP0007688","C007689","O0007689","2025-09-24","Product","Medium","","Open",""
"CP0007689","C007690","O0007690","2025-09-25","Delivery","Low","2025-10-04","Resolved","5"
"CP0007690","C007691","O0007691","2025-09-26","Payment","Low","2025-10-06","Resolved","1"
"CP0007691","C007692","O0007692","2025-09-27","Product","High","2025-10-08","Resolved","2"
"CP0007692","C007693","O0007693","2025-09-28","Support","Critical","2025-09-28","Resolved","3"
"CP0007693","C007694","O0007694","2025-09-29","Product","Critical","2025-09-30","Resolved","4"
"CP0007694","C007695","O0007695","2025-09-30","Delivery","Low","2025-10-02","Resolved","5"
"CP0007695","C007696","O0007696","2025-10-01","Delivery","Medium","2025-10-04","Resolved","1"
"CP0007696","C007697","O0007697","2025-10-02","Refund","High","","Open",""
"CP0007697","C007698","O0007698","2025-10-03","Product","Low","2025-10-08","Resolved","3"
"CP0007698","C007699","O0007699","2025-10-04","Refund","Medium","2025-10-10","Resolved","4"
"CP0007699","C007700","O0007700","2025-10-05","Support","Medium","2025-10-12","Resolved","5"
"CP0007700","C007701","O0007701","2025-10-06","Support","High","2025-10-14","Resolved","1"
"CP0007701","C007702","O0007702","2025-10-07","Refund","Medium","2025-10-16","Resolved","2"
"CP0007702","C007703","O0007703","2025-10-08","Support","Critical","2025-10-18","Resolved","3"
"CP0007703","C007704","O0007704","2025-10-09","Refund","Medium","2025-10-20","Resolved","4"
"CP0007704","C007705","O0007705","2025-10-10","Refund","Low","","Open",""
"CP0007705","C007706","O0007706","2025-10-11","Support","Critical","2025-10-12","Resolved","1"
"CP0007706","C007707","O0007707","2025-10-12","Refund","Medium","2025-10-14","Resolved","2"
"CP0007707","C007708","O0007708","2025-10-13","Payment","High","2025-10-16","Resolved","3"
"CP0007708","C007709","O0007709","2025-10-14","Product","Medium","2025-10-18","Resolved","4"
"CP0007709","C007710","O0007710","2025-10-15","Product","High","2025-10-20","Resolved","5"
"CP0007710","C007711","O0007711","2025-10-16","Payment","Low","2025-10-22","Resolved","1"
"CP0007711","C007712","O0007712","2025-10-17","Support","High","2025-10-24","Resolved","2"
"CP0007712","C007713","O0007713","2025-10-18","Product","Low","","Open",""
"CP0007713","C007714","O0007714","2025-10-19","Delivery","Low","2025-10-28","Resolved","4"
"CP0007714","C007715","O0007715","2025-10-20","Refund","Low","2025-10-30","Resolved","5"
"CP0007715","C007716","O0007716","2025-10-21","Refund","Critical","2025-11-01","Resolved","1"
"CP0007716","C007717","O0007717","2025-10-22","Support","Low","2025-10-22","Resolved","2"
"CP0007717","C007718","O0007718","2025-10-23","Payment","Critical","2025-10-24","Resolved","3"
"CP0007718","C007719","O0007719","2025-10-24","Product","High","2025-10-26","Resolved","4"
"CP0007719","C007720","O0007720","2025-10-25","Refund","Critical","2025-10-28","Resolved","5"
"CP0007720","C007721","O0007721","2025-10-26","Delivery","High","","Open",""
"CP0007721","C007722","O0007722","2025-10-27","Payment","Critical","2025-11-01","Resolved","2"
"CP0007722","C007723","O0007723","2025-10-28","Refund","Low","2025-11-03","Resolved","3"
"CP0007723","C007724","O0007724","2025-10-29","Product","High","2025-11-05","Resolved","4"
"CP0007724","C007725","O0007725","2025-10-30","Refund","High","2025-11-07","Resolved","5"
"CP0007725","C007726","O0007726","2025-10-31","Refund","Medium","2025-11-09","Resolved","1"
"CP0007726","C007727","O0007727","2025-11-01","Payment","Critical","2025-11-11","Resolved","2"
"CP0007727","C007728","O0007728","2025-11-02","Delivery","Low","2025-11-13","Resolved","3"
"CP0007728","C007729","O0007729","2025-11-03","Payment","Critical","","Open",""
"CP0007729","C007730","O0007730","2025-11-04","Support","Critical","2025-11-05","Resolved","5"
"CP0007730","C007731","O0007731","2025-11-05","Delivery","High","2025-11-07","Resolved","1"
"CP0007731","C007732","O0007732","2025-11-06","Payment","Medium","2025-11-09","Resolved","2"
"CP0007732","C007733","O0007733","2025-11-07","Support","High","2025-11-11","Resolved","3"
"CP0007733","C007734","O0007734","2025-11-08","Support","Critical","2025-11-13","Resolved","4"
"CP0007734","C007735","O0007735","2025-11-09","Product","Low","2025-11-15","Resolved","5"
"CP0007735","C007736","O0007736","2025-11-10","Delivery","Low","2025-11-17","Resolved","1"
"CP0007736","C007737","O0007737","2025-11-11","Payment","Low","","Open",""
"CP0007737","C007738","O0007738","2025-11-12","Product","Low","2025-11-21","Resolved","3"
"CP0007738","C007739","O0007739","2025-11-13","Payment","Low","2025-11-23","Resolved","4"
"CP0007739","C007740","O0007740","2025-11-14","Delivery","High","2025-11-25","Resolved","5"
"CP0007740","C007741","O0007741","2025-11-15","Payment","Low","2025-11-15","Resolved","1"
"CP0007741","C007742","O0007742","2025-11-16","Support","Low","2025-11-17","Resolved","2"
"CP0007742","C007743","O0007743","2025-11-17","Support","Medium","2025-11-19","Resolved","3"
"CP0007743","C007744","O0007744","2025-11-18","Payment","Medium","2025-11-21","Resolved","4"
"CP0007744","C007745","O0007745","2025-11-19","Delivery","Low","","Open",""
"CP0007745","C007746","O0007746","2025-11-20","Support","High","2025-11-25","Resolved","1"
"CP0007746","C007747","O0007747","2025-11-21","Refund","High","2025-11-27","Resolved","2"
"CP0007747","C007748","O0007748","2025-11-22","Product","Medium","2025-11-29","Resolved","3"
"CP0007748","C007749","O0007749","2025-11-23","Product","Critical","2025-12-01","Resolved","4"
"CP0007749","C007750","O0007750","2025-11-24","Product","Medium","2025-12-03","Resolved","5"
"CP0007750","C007751","O0007751","2025-11-25","Support","Critical","2025-12-05","Resolved","1"
"CP0007751","C007752","O0007752","2025-11-26","Delivery","Medium","2025-12-07","Resolved","2"
"CP0007752","C007753","O0007753","2025-11-27","Payment","Low","","Open",""
"CP0007753","C007754","O0007754","2025-11-28","Product","High","2025-11-29","Resolved","4"
"CP0007754","C007755","O0007755","2025-11-29","Delivery","Low","2025-12-01","Resolved","5"
"CP0007755","C007756","O0007756","2025-11-30","Payment","Low","2025-12-03","Resolved","1"
"CP0007756","C007757","O0007757","2025-12-01","Refund","High","2025-12-05","Resolved","2"
"CP0007757","C007758","O0007758","2025-12-02","Support","Critical","2025-12-07","Resolved","3"
"CP0007758","C007759","O0007759","2025-12-03","Refund","High","2025-12-09","Resolved","4"
"CP0007759","C007760","O0007760","2025-12-04","Product","Medium","2025-12-11","Resolved","5"
"CP0007760","C007761","O0007761","2025-12-05","Support","Medium","","Open",""
"CP0007761","C007762","O0007762","2025-12-06","Refund","High","2025-12-15","Resolved","2"
"CP0007762","C007763","O0007763","2025-12-07","Product","Critical","2025-12-17","Resolved","3"
"CP0007763","C007764","O0007764","2025-12-08","Delivery","Low","2025-12-19","Resolved","4"
"CP0007764","C007765","O0007765","2025-12-09","Product","Low","2025-12-09","Resolved","5"
"CP0007765","C007766","O0007766","2025-12-10","Payment","Critical","2025-12-11","Resolved","1"
"CP0007766","C007767","O0007767","2025-12-11","Refund","Low","2025-12-13","Resolved","2"
"CP0007767","C007768","O0007768","2025-12-12","Refund","Critical","2025-12-15","Resolved","3"
"CP0007768","C007769","O0007769","2025-12-13","Product","High","","Open",""
"CP0007769","C007770","O0007770","2025-12-14","Support","Medium","2025-12-19","Resolved","5"
"CP0007770","C007771","O0007771","2025-12-15","Delivery","Critical","2025-12-21","Resolved","1"
"CP0007771","C007772","O0007772","2025-12-16","Refund","Critical","2025-12-23","Resolved","2"
"CP0007772","C007773","O0007773","2025-12-17","Delivery","Low","2025-12-25","Resolved","3"
"CP0007773","C007774","O0007774","2025-12-18","Product","Critical","2025-12-27","Resolved","4"
"CP0007774","C007775","O0007775","2025-12-19","Refund","Low","2025-12-29","Resolved","5"
"CP0007775","C007776","O0007776","2025-12-20","Refund","Critical","2025-12-31","Resolved","1"
"CP0007776","C007777","O0007777","2025-12-21","Support","Low","","Open",""
"CP0007777","C007778","O0007778","2025-12-22","Delivery","Critical","2025-12-23","Resolved","3"
"CP0007778","C007779","O0007779","2025-12-23","Support","High","2025-12-25","Resolved","4"
"CP0007779","C007780","O0007780","2025-12-24","Refund","Low","2025-12-27","Resolved","5"
"CP0007780","C007781","O0007781","2025-12-25","Product","High","2025-12-29","Resolved","1"
"CP0007781","C007782","O0007782","2025-12-26","Product","Medium","2025-12-31","Resolved","2"
"CP0007782","C007783","O0007783","2025-12-27","Product","Medium","2026-01-02","Resolved","3"
"CP0007783","C007784","O0007784","2025-12-28","Delivery","Low","2026-01-04","Resolved","4"
"CP0007784","C007785","O0007785","2025-12-29","Product","High","","Open",""
"CP0007785","C007786","O0007786","2025-12-30","Product","High","2026-01-08","Resolved","1"
"CP0007786","C007787","O0007787","2025-12-31","Delivery","Medium","2026-01-10","Resolved","2"
"CP0007787","C007788","O0007788","2026-01-01","Support","Critical","2026-01-12","Resolved","3"
"CP0007788","C007789","O0007789","2026-01-02","Refund","High","2026-01-02","Resolved","4"
"CP0007789","C007790","O0007790","2026-01-03","Support","Low","2026-01-04","Resolved","5"
"CP0007790","C007791","O0007791","2026-01-04","Refund","Medium","2026-01-06","Resolved","1"
"CP0007791","C007792","O0007792","2026-01-05","Payment","Medium","2026-01-08","Resolved","2"
"CP0007792","C007793","O0007793","2026-01-06","Delivery","Low","","Open",""
"CP0007793","C007794","O0007794","2026-01-07","Delivery","Low","2026-01-12","Resolved","4"
"CP0007794","C007795","O0007795","2026-01-08","Support","Low","2026-01-14","Resolved","5"
"CP0007795","C007796","O0007796","2026-01-09","Refund","Critical","2026-01-16","Resolved","1"
"CP0007796","C007797","O0007797","2026-01-10","Refund","Critical","2026-01-18","Resolved","2"
"CP0007797","C007798","O0007798","2026-01-11","Support","Critical","2026-01-20","Resolved","3"
"CP0007798","C007799","O0007799","2026-01-12","Support","Critical","2026-01-22","Resolved","4"
"CP0007799","C007800","O0007800","2026-01-13","Payment","Low","2026-01-24","Resolved","5"
"CP0007800","C007801","O0007801","2026-01-14","Payment","Critical","","Open",""
"CP0007801","C007802","O0007802","2026-01-15","Refund","Low","2026-01-16","Resolved","2"
"CP0007802","C007803","O0007803","2026-01-16","Support","Critical","2026-01-18","Resolved","3"
"CP0007803","C007804","O0007804","2026-01-17","Product","Medium","2026-01-20","Resolved","4"
"CP0007804","C007805","O0007805","2026-01-18","Refund","Medium","2026-01-22","Resolved","5"
"CP0007805","C007806","O0007806","2026-01-19","Support","High","2026-01-24","Resolved","1"
"CP0007806","C007807","O0007807","2026-01-20","Support","High","2026-01-26","Resolved","2"
"CP0007807","C007808","O0007808","2026-01-21","Payment","Medium","2026-01-28","Resolved","3"
"CP0007808","C007809","O0007809","2026-01-22","Support","Low","","Open",""
"CP0007809","C007810","O0007810","2026-01-23","Support","Low","2026-02-01","Resolved","5"
"CP0007810","C007811","O0007811","2026-01-24","Delivery","High","2026-02-03","Resolved","1"
"CP0007811","C007812","O0007812","2026-01-25","Payment","Low","2026-02-05","Resolved","2"
"CP0007812","C007813","O0007813","2026-01-26","Refund","Medium","2026-01-26","Resolved","3"
"CP0007813","C007814","O0007814","2026-01-27","Product","High","2026-01-28","Resolved","4"
"CP0007814","C007815","O0007815","2026-01-28","Support","Critical","2026-01-30","Resolved","5"
"CP0007815","C007816","O0007816","2026-01-29","Refund","Low","2026-02-01","Resolved","1"
"CP0007816","C007817","O0007817","2026-01-30","Delivery","Low","","Open",""
"CP0007817","C007818","O0007818","2026-01-31","Delivery","Medium","2026-02-05","Resolved","3"
"CP0007818","C007819","O0007819","2026-02-01","Payment","Low","2026-02-07","Resolved","4"
"CP0007819","C007820","O0007820","2026-02-02","Delivery","High","2026-02-09","Resolved","5"
"CP0007820","C007821","O0007821","2026-02-03","Refund","Low","2026-02-11","Resolved","1"
"CP0007821","C007822","O0007822","2026-02-04","Refund","Medium","2026-02-13","Resolved","2"
"CP0007822","C007823","O0007823","2026-02-05","Refund","Low","2026-02-15","Resolved","3"
"CP0007823","C007824","O0007824","2026-02-06","Support","Critical","2026-02-17","Resolved","4"
"CP0007824","C007825","O0007825","2026-02-07","Support","High","","Open",""
"CP0007825","C007826","O0007826","2026-02-08","Payment","Low","2026-02-09","Resolved","1"
"CP0007826","C007827","O0007827","2026-02-09","Delivery","Medium","2026-02-11","Resolved","2"
"CP0007827","C007828","O0007828","2026-02-10","Refund","Critical","2026-02-13","Resolved","3"
"CP0007828","C007829","O0007829","2026-02-11","Delivery","Low","2026-02-15","Resolved","4"
"CP0007829","C007830","O0007830","2026-02-12","Refund","Low","2026-02-17","Resolved","5"
"CP0007830","C007831","O0007831","2026-02-13","Refund","High","2026-02-19","Resolved","1"
"CP0007831","C007832","O0007832","2026-02-14","Refund","Critical","2026-02-21","Resolved","2"
"CP0007832","C007833","O0007833","2026-02-15","Payment","Low","","Open",""
"CP0007833","C007834","O0007834","2026-02-16","Product","Low","2026-02-25","Resolved","4"
"CP0007834","C007835","O0007835","2026-02-17","Payment","Medium","2026-02-27","Resolved","5"
"CP0007835","C007836","O0007836","2026-02-18","Refund","Low","2026-03-01","Resolved","1"
"CP0007836","C007837","O0007837","2026-02-19","Payment","High","2026-02-19","Resolved","2"
"CP0007837","C007838","O0007838","2026-02-20","Payment","Critical","2026-02-21","Resolved","3"
"CP0007838","C007839","O0007839","2026-02-21","Refund","Medium","2026-02-23","Resolved","4"
"CP0007839","C007840","O0007840","2026-02-22","Refund","Low","2026-02-25","Resolved","5"
"CP0007840","C007841","O0007841","2026-02-23","Product","High","","Open",""
"CP0007841","C007842","O0007842","2026-02-24","Delivery","Medium","2026-03-01","Resolved","2"
"CP0007842","C007843","O0007843","2026-02-25","Delivery","Medium","2026-03-03","Resolved","3"
"CP0007843","C007844","O0007844","2026-02-26","Product","High","2026-03-05","Resolved","4"
"CP0007844","C007845","O0007845","2026-02-27","Product","Medium","2026-03-07","Resolved","5"
"CP0007845","C007846","O0007846","2026-02-28","Refund","Low","2026-03-09","Resolved","1"
"CP0007846","C007847","O0007847","2026-03-01","Payment","High","2026-03-11","Resolved","2"
"CP0007847","C007848","O0007848","2026-03-02","Refund","Low","2026-03-13","Resolved","3"
"CP0007848","C007849","O0007849","2026-03-03","Product","Low","","Open",""
"CP0007849","C007850","O0007850","2026-03-04","Product","High","2026-03-05","Resolved","5"
"CP0007850","C007851","O0007851","2026-03-05","Payment","Low","2026-03-07","Resolved","1"
"CP0007851","C007852","O0007852","2026-03-06","Delivery","High","2026-03-09","Resolved","2"
"CP0007852","C007853","O0007853","2026-03-07","Refund","Critical","2026-03-11","Resolved","3"
"CP0007853","C007854","O0007854","2026-03-08","Product","High","2026-03-13","Resolved","4"
"CP0007854","C007855","O0007855","2026-03-09","Support","Low","2026-03-15","Resolved","5"
"CP0007855","C007856","O0007856","2026-03-10","Product","Medium","2026-03-17","Resolved","1"
"CP0007856","C007857","O0007857","2026-03-11","Refund","Critical","","Open",""
"CP0007857","C007858","O0007858","2026-03-12","Refund","Medium","2026-03-21","Resolved","3"
"CP0007858","C007859","O0007859","2026-03-13","Product","Low","2026-03-23","Resolved","4"
"CP0007859","C007860","O0007860","2026-03-14","Support","Critical","2026-03-25","Resolved","5"
"CP0007860","C007861","O0007861","2026-03-15","Delivery","Medium","2026-03-15","Resolved","1"
"CP0007861","C007862","O0007862","2026-03-16","Delivery","Critical","2026-03-17","Resolved","2"
"CP0007862","C007863","O0007863","2026-03-17","Payment","Critical","2026-03-19","Resolved","3"
"CP0007863","C007864","O0007864","2026-03-18","Refund","Low","2026-03-21","Resolved","4"
"CP0007864","C007865","O0007865","2026-03-19","Support","High","","Open",""
"CP0007865","C007866","O0007866","2026-03-20","Support","Medium","2026-03-25","Resolved","1"
"CP0007866","C007867","O0007867","2026-03-21","Refund","Medium","2026-03-27","Resolved","2"
"CP0007867","C007868","O0007868","2026-03-22","Delivery","High","2026-03-29","Resolved","3"
"CP0007868","C007869","O0007869","2026-03-23","Product","High","2026-03-31","Resolved","4"
"CP0007869","C007870","O0007870","2026-03-24","Refund","Low","2026-04-02","Resolved","5"
"CP0007870","C007871","O0007871","2026-03-25","Refund","High","2026-04-04","Resolved","1"
"CP0007871","C007872","O0007872","2026-03-26","Support","Medium","2026-04-06","Resolved","2"
"CP0007872","C007873","O0007873","2026-03-27","Payment","Low","","Open",""
"CP0007873","C007874","O0007874","2026-03-28","Refund","Critical","2026-03-29","Resolved","4"
"CP0007874","C007875","O0007875","2026-03-29","Product","Low","2026-03-31","Resolved","5"
"CP0007875","C007876","O0007876","2026-03-30","Support","Medium","2026-04-02","Resolved","1"
"CP0007876","C007877","O0007877","2026-03-31","Support","Medium","2026-04-04","Resolved","2"
"CP0007877","C007878","O0007878","2026-04-01","Payment","High","2026-04-06","Resolved","3"
"CP0007878","C007879","O0007879","2026-04-02","Payment","Medium","2026-04-08","Resolved","4"
"CP0007879","C007880","O0007880","2026-04-03","Support","High","2026-04-10","Resolved","5"
"CP0007880","C007881","O0007881","2026-04-04","Product","High","","Open",""
"CP0007881","C007882","O0007882","2026-04-05","Refund","Low","2026-04-14","Resolved","2"
"CP0007882","C007883","O0007883","2026-04-06","Support","Low","2026-04-16","Resolved","3"
"CP0007883","C007884","O0007884","2026-04-07","Delivery","Medium","2026-04-18","Resolved","4"
"CP0007884","C007885","O0007885","2026-04-08","Delivery","Critical","2026-04-08","Resolved","5"
"CP0007885","C007886","O0007886","2026-04-09","Payment","Medium","2026-04-10","Resolved","1"
"CP0007886","C007887","O0007887","2026-04-10","Support","Low","2026-04-12","Resolved","2"
"CP0007887","C007888","O0007888","2026-04-11","Support","Medium","2026-04-14","Resolved","3"
"CP0007888","C007889","O0007889","2026-04-12","Refund","Medium","","Open",""
"CP0007889","C007890","O0007890","2026-04-13","Payment","High","2026-04-18","Resolved","5"
"CP0007890","C007891","O0007891","2026-04-14","Payment","Critical","2026-04-20","Resolved","1"
"CP0007891","C007892","O0007892","2026-04-15","Product","Low","2026-04-22","Resolved","2"
"CP0007892","C007893","O0007893","2026-04-16","Payment","Medium","2026-04-24","Resolved","3"
"CP0007893","C007894","O0007894","2026-04-17","Support","Medium","2026-04-26","Resolved","4"
"CP0007894","C007895","O0007895","2026-04-18","Product","Low","2026-04-28","Resolved","5"
"CP0007895","C007896","O0007896","2026-04-19","Product","High","2026-04-30","Resolved","1"
"CP0007896","C007897","O0007897","2026-04-20","Payment","Medium","","Open",""
"CP0007897","C007898","O0007898","2026-04-21","Delivery","High","2026-04-22","Resolved","3"
"CP0007898","C007899","O0007899","2026-04-22","Support","High","2026-04-24","Resolved","4"
"CP0007899","C007900","O0007900","2026-04-23","Delivery","Medium","2026-04-26","Resolved","5"
"CP0007900","C007901","O0007901","2026-04-24","Product","Medium","2026-04-28","Resolved","1"
"CP0007901","C007902","O0007902","2026-04-25","Product","Low","2026-04-30","Resolved","2"
"CP0007902","C007903","O0007903","2026-04-26","Delivery","High","2026-05-02","Resolved","3"
"CP0007903","C007904","O0007904","2026-04-27","Refund","Critical","2026-05-04","Resolved","4"
"CP0007904","C007905","O0007905","2026-04-28","Support","Critical","","Open",""
"CP0007905","C007906","O0007906","2026-04-29","Payment","Low","2026-05-08","Resolved","1"
"CP0007906","C007907","O0007907","2026-04-30","Support","Critical","2026-05-10","Resolved","2"
"CP0007907","C007908","O0007908","2026-05-01","Product","High","2026-05-12","Resolved","3"
"CP0007908","C007909","O0007909","2026-05-02","Delivery","Low","2026-05-02","Resolved","4"
"CP0007909","C007910","O0007910","2026-05-03","Refund","Low","2026-05-04","Resolved","5"
"CP0007910","C007911","O0007911","2026-05-04","Refund","Low","2026-05-06","Resolved","1"
"CP0007911","C007912","O0007912","2026-05-05","Payment","Low","2026-05-08","Resolved","2"
"CP0007912","C007913","O0007913","2026-05-06","Payment","Critical","","Open",""
"CP0007913","C007914","O0007914","2026-05-07","Delivery","High","2026-05-12","Resolved","4"
"CP0007914","C007915","O0007915","2026-05-08","Product","Low","2026-05-14","Resolved","5"
"CP0007915","C007916","O0007916","2026-05-09","Refund","Critical","2026-05-16","Resolved","1"
"CP0007916","C007917","O0007917","2026-05-10","Product","High","2026-05-18","Resolved","2"
"CP0007917","C007918","O0007918","2026-05-11","Product","High","2026-05-20","Resolved","3"
"CP0007918","C007919","O0007919","2026-05-12","Support","Critical","2026-05-22","Resolved","4"
"CP0007919","C007920","O0007920","2026-05-13","Product","Critical","2026-05-24","Resolved","5"
"CP0007920","C007921","O0007921","2026-05-14","Refund","High","","Open",""
"CP0007921","C007922","O0007922","2026-05-15","Refund","Low","2026-05-16","Resolved","2"
"CP0007922","C007923","O0007923","2026-05-16","Support","High","2026-05-18","Resolved","3"
"CP0007923","C007924","O0007924","2026-05-17","Delivery","Low","2026-05-20","Resolved","4"
"CP0007924","C007925","O0007925","2026-05-18","Delivery","Critical","2026-05-22","Resolved","5"
"CP0007925","C007926","O0007926","2026-05-19","Support","Medium","2026-05-24","Resolved","1"
"CP0007926","C007927","O0007927","2026-05-20","Product","High","2026-05-26","Resolved","2"
"CP0007927","C007928","O0007928","2026-05-21","Payment","Critical","2026-05-28","Resolved","3"
"CP0007928","C007929","O0007929","2026-05-22","Support","Critical","","Open",""
"CP0007929","C007930","O0007930","2026-05-23","Payment","High","2026-06-01","Resolved","5"
"CP0007930","C007931","O0007931","2026-05-24","Product","High","2026-06-03","Resolved","1"
"CP0007931","C007932","O0007932","2026-05-25","Delivery","Critical","2026-06-05","Resolved","2"
"CP0007932","C007933","O0007933","2026-05-26","Delivery","Medium","2026-05-26","Resolved","3"
"CP0007933","C007934","O0007934","2026-05-27","Product","Critical","2026-05-28","Resolved","4"
"CP0007934","C007935","O0007935","2026-05-28","Payment","Low","2026-05-30","Resolved","5"
"CP0007935","C007936","O0007936","2026-05-29","Product","Low","2026-06-01","Resolved","1"
"CP0007936","C007937","O0007937","2026-05-30","Support","High","","Open",""
"CP0007937","C007938","O0007938","2026-05-31","Product","High","2026-06-05","Resolved","3"
"CP0007938","C007939","O0007939","2026-06-01","Product","Medium","2026-06-07","Resolved","4"
"CP0007939","C007940","O0007940","2026-06-02","Payment","Critical","2026-06-09","Resolved","5"
"CP0007940","C007941","O0007941","2026-06-03","Payment","High","2026-06-11","Resolved","1"
"CP0007941","C007942","O0007942","2026-06-04","Support","Critical","2026-06-13","Resolved","2"
"CP0007942","C007943","O0007943","2026-06-05","Support","Medium","2026-06-15","Resolved","3"
"CP0007943","C007944","O0007944","2026-06-06","Product","Medium","2026-06-17","Resolved","4"
"CP0007944","C007945","O0007945","2026-06-07","Support","High","","Open",""
"CP0007945","C007946","O0007946","2026-06-08","Product","Medium","2026-06-09","Resolved","1"
"CP0007946","C007947","O0007947","2026-06-09","Refund","Medium","2026-06-11","Resolved","2"
"CP0007947","C007948","O0007948","2026-06-10","Delivery","Medium","2026-06-13","Resolved","3"
"CP0007948","C007949","O0007949","2026-06-11","Delivery","Medium","2026-06-15","Resolved","4"
"CP0007949","C007950","O0007950","2026-06-12","Product","Low","2026-06-17","Resolved","5"
"CP0007950","C007951","O0007951","2026-06-13","Payment","Critical","2026-06-19","Resolved","1"
"CP0007951","C007952","O0007952","2026-06-14","Delivery","Critical","2026-06-21","Resolved","2"
"CP0007952","C007953","O0007953","2026-06-15","Refund","Medium","","Open",""
"CP0007953","C007954","O0007954","2026-06-16","Product","Critical","2026-06-25","Resolved","4"
"CP0007954","C007955","O0007955","2026-06-17","Refund","Medium","2026-06-27","Resolved","5"
"CP0007955","C007956","O0007956","2026-06-18","Product","Low","2026-06-29","Resolved","1"
"CP0007956","C007957","O0007957","2026-06-19","Support","Medium","2026-06-19","Resolved","2"
"CP0007957","C007958","O0007958","2026-06-20","Delivery","Critical","2026-06-21","Resolved","3"
"CP0007958","C007959","O0007959","2026-06-21","Product","Medium","2026-06-23","Resolved","4"
"CP0007959","C007960","O0007960","2026-06-22","Payment","High","2026-06-25","Resolved","5"
"CP0007960","C007961","O0007961","2026-06-23","Payment","High","","Open",""
"CP0007961","C007962","O0007962","2026-06-24","Product","High","2026-06-29","Resolved","2"
"CP0007962","C007963","O0007963","2026-06-25","Refund","High","2026-07-01","Resolved","3"
"CP0007963","C007964","O0007964","2026-06-26","Delivery","High","2026-07-03","Resolved","4"
"CP0007964","C007965","O0007965","2026-06-27","Refund","High","2026-07-05","Resolved","5"
"CP0007965","C007966","O0007966","2026-06-28","Product","Critical","2026-07-07","Resolved","1"
"CP0007966","C007967","O0007967","2026-06-29","Support","High","2026-07-09","Resolved","2"
"CP0007967","C007968","O0007968","2026-06-30","Support","High","2026-07-11","Resolved","3"
"CP0007968","C007969","O0007969","2026-07-01","Product","Low","","Open",""
"CP0007969","C007970","O0007970","2026-07-02","Delivery","High","2026-07-03","Resolved","5"
"CP0007970","C007971","O0007971","2026-07-03","Payment","Low","2026-07-05","Resolved","1"
"CP0007971","C007972","O0007972","2026-07-04","Support","Low","2026-07-07","Resolved","2"
"CP0007972","C007973","O0007973","2026-07-05","Payment","High","2026-07-09","Resolved","3"
"CP0007973","C007974","O0007974","2026-07-06","Delivery","High","2026-07-11","Resolved","4"
"CP0007974","C007975","O0007975","2026-07-07","Payment","Low","2026-07-13","Resolved","5"
"CP0007975","C007976","O0007976","2026-07-08","Delivery","High","2026-07-15","Resolved","1"
"CP0007976","C007977","O0007977","2026-07-09","Support","Low","","Open",""
"CP0007977","C007978","O0007978","2026-07-10","Product","Critical","2026-07-19","Resolved","3"
"CP0007978","C007979","O0007979","2026-07-11","Refund","High","2026-07-21","Resolved","4"
"CP0007979","C007980","O0007980","2026-07-12","Product","Critical","2026-07-23","Resolved","5"
"CP0007980","C007981","O0007981","2026-07-13","Refund","Medium","2026-07-13","Resolved","1"
"CP0007981","C007982","O0007982","2026-07-14","Support","Critical","2026-07-15","Resolved","2"
"CP0007982","C007983","O0007983","2026-07-15","Delivery","Medium","2026-07-17","Resolved","3"
"CP0007983","C007984","O0007984","2026-07-16","Delivery","Critical","2026-07-19","Resolved","4"
"CP0007984","C007985","O0007985","2026-07-17","Delivery","High","","Open",""
"CP0007985","C007986","O0007986","2026-07-18","Product","High","2026-07-23","Resolved","1"
"CP0007986","C007987","O0007987","2026-07-19","Product","High","2026-07-25","Resolved","2"
"CP0007987","C007988","O0007988","2026-07-20","Payment","Medium","2026-07-27","Resolved","3"
"CP0007988","C007989","O0007989","2026-07-21","Payment","Low","2026-07-29","Resolved","4"
"CP0007989","C007990","O0007990","2026-07-22","Support","Low","2026-07-31","Resolved","5"
"CP0007990","C007991","O0007991","2026-07-23","Product","High","2026-08-02","Resolved","1"
"CP0007991","C007992","O0007992","2026-07-24","Refund","Medium","2026-08-04","Resolved","2"
"CP0007992","C007993","O0007993","2026-07-25","Product","Medium","","Open",""
"CP0007993","C007994","O0007994","2026-07-26","Product","Critical","2026-07-27","Resolved","4"
"CP0007994","C007995","O0007995","2026-07-27","Support","Medium","2026-07-29","Resolved","5"
"CP0007995","C007996","O0007996","2026-07-28","Delivery","Critical","2026-07-31","Resolved","1"
"CP0007996","C007997","O0007997","2026-07-29","Support","Medium","2026-08-02","Resolved","2"
"CP0007997","C007998","O0007998","2026-07-30","Delivery","Medium","2026-08-04","Resolved","3"
"CP0007998","C007999","O0007999","2026-07-31","Refund","High","2026-08-06","Resolved","4"
"CP0007999","C008000","O0008000","2026-08-01","Support","Medium","2026-08-08","Resolved","5"
"CP0008000","C008001","O0008001","2026-08-02","Delivery","Critical","","Open",""
"CP0008001","C008002","O0008002","2026-08-03","Payment","Critical","2026-08-12","Resolved","2"
"CP0008002","C008003","O0008003","2026-08-04","Delivery","Low","2026-08-14","Resolved","3"
"CP0008003","C008004","O0008004","2026-08-05","Refund","Medium","2026-08-16","Resolved","4"
"CP0008004","C008005","O0008005","2026-08-06","Refund","Low","2026-08-06","Resolved","5"
"CP0008005","C008006","O0008006","2026-08-07","Support","Medium","2026-08-08","Resolved","1"
"CP0008006","C008007","O0008007","2026-08-08","Product","Critical","2026-08-10","Resolved","2"
"CP0008007","C008008","O0008008","2026-08-09","Product","Critical","2026-08-12","Resolved","3"
"CP0008008","C008009","O0008009","2026-08-10","Delivery","Low","","Open",""
"CP0008009","C008010","O0008010","2026-08-11","Product","High","2026-08-16","Resolved","5"
"CP0008010","C008011","O0008011","2026-08-12","Payment","High","2026-08-18","Resolved","1"
"CP0008011","C008012","O0008012","2026-08-13","Delivery","Low","2026-08-20","Resolved","2"
"CP0008012","C008013","O0008013","2026-08-14","Product","High","2026-08-22","Resolved","3"
"CP0008013","C008014","O0008014","2026-08-15","Payment","Critical","2026-08-24","Resolved","4"
"CP0008014","C008015","O0008015","2026-08-16","Support","High","2026-08-26","Resolved","5"
"CP0008015","C008016","O0008016","2026-08-17","Product","Medium","2026-08-28","Resolved","1"
"CP0008016","C008017","O0008017","2026-08-18","Delivery","Critical","","Open",""
"CP0008017","C008018","O0008018","2026-08-19","Delivery","Medium","2026-08-20","Resolved","3"
"CP0008018","C008019","O0008019","2026-08-20","Support","Critical","2026-08-22","Resolved","4"
"CP0008019","C008020","O0008020","2026-08-21","Refund","Critical","2026-08-24","Resolved","5"
"CP0008020","C008021","O0008021","2026-08-22","Payment","Low","2026-08-26","Resolved","1"
"CP0008021","C008022","O0008022","2026-08-23","Delivery","Critical","2026-08-28","Resolved","2"
"CP0008022","C008023","O0008023","2026-08-24","Support","Critical","2026-08-30","Resolved","3"
"CP0008023","C008024","O0008024","2026-08-25","Delivery","Medium","2026-09-01","Resolved","4"
"CP0008024","C008025","O0008025","2026-08-26","Refund","Medium","","Open",""
"CP0008025","C008026","O0008026","2026-08-27","Payment","Low","2026-09-05","Resolved","1"
"CP0008026","C008027","O0008027","2026-08-28","Payment","Medium","2026-09-07","Resolved","2"
"CP0008027","C008028","O0008028","2026-08-29","Payment","Medium","2026-09-09","Resolved","3"
"CP0008028","C008029","O0008029","2026-08-30","Delivery","Medium","2026-08-30","Resolved","4"
"CP0008029","C008030","O0008030","2026-08-31","Product","Medium","2026-09-01","Resolved","5"
"CP0008030","C008031","O0008031","2025-09-01","Payment","Low","2025-09-03","Resolved","1"
"CP0008031","C008032","O0008032","2025-09-02","Payment","Critical","2025-09-05","Resolved","2"
"CP0008032","C008033","O0008033","2025-09-03","Payment","Critical","","Open",""
"CP0008033","C008034","O0008034","2025-09-04","Payment","Medium","2025-09-09","Resolved","4"
"CP0008034","C008035","O0008035","2025-09-05","Delivery","Critical","2025-09-11","Resolved","5"
"CP0008035","C008036","O0008036","2025-09-06","Support","Low","2025-09-13","Resolved","1"
"CP0008036","C008037","O0008037","2025-09-07","Support","Medium","2025-09-15","Resolved","2"
"CP0008037","C008038","O0008038","2025-09-08","Delivery","Low","2025-09-17","Resolved","3"
"CP0008038","C008039","O0008039","2025-09-09","Payment","Low","2025-09-19","Resolved","4"
"CP0008039","C008040","O0008040","2025-09-10","Refund","Low","2025-09-21","Resolved","5"
"CP0008040","C008041","O0008041","2025-09-11","Payment","Critical","","Open",""
"CP0008041","C008042","O0008042","2025-09-12","Delivery","Medium","2025-09-13","Resolved","2"
"CP0008042","C008043","O0008043","2025-09-13","Delivery","High","2025-09-15","Resolved","3"
"CP0008043","C008044","O0008044","2025-09-14","Delivery","Medium","2025-09-17","Resolved","4"
"CP0008044","C008045","O0008045","2025-09-15","Product","Critical","2025-09-19","Resolved","5"
"CP0008045","C008046","O0008046","2025-09-16","Payment","Critical","2025-09-21","Resolved","1"
"CP0008046","C008047","O0008047","2025-09-17","Product","Critical","2025-09-23","Resolved","2"
"CP0008047","C008048","O0008048","2025-09-18","Support","High","2025-09-25","Resolved","3"
"CP0008048","C008049","O0008049","2025-09-19","Product","High","","Open",""
"CP0008049","C008050","O0008050","2025-09-20","Payment","Critical","2025-09-29","Resolved","5"
"CP0008050","C008051","O0008051","2025-09-21","Support","Medium","2025-10-01","Resolved","1"
"CP0008051","C008052","O0008052","2025-09-22","Payment","Medium","2025-10-03","Resolved","2"
"CP0008052","C008053","O0008053","2025-09-23","Product","High","2025-09-23","Resolved","3"
"CP0008053","C008054","O0008054","2025-09-24","Support","Medium","2025-09-25","Resolved","4"
"CP0008054","C008055","O0008055","2025-09-25","Payment","Medium","2025-09-27","Resolved","5"
"CP0008055","C008056","O0008056","2025-09-26","Refund","Low","2025-09-29","Resolved","1"
"CP0008056","C008057","O0008057","2025-09-27","Refund","Critical","","Open",""
"CP0008057","C008058","O0008058","2025-09-28","Payment","Medium","2025-10-03","Resolved","3"
"CP0008058","C008059","O0008059","2025-09-29","Payment","High","2025-10-05","Resolved","4"
"CP0008059","C008060","O0008060","2025-09-30","Refund","Medium","2025-10-07","Resolved","5"
"CP0008060","C008061","O0008061","2025-10-01","Refund","Low","2025-10-09","Resolved","1"
"CP0008061","C008062","O0008062","2025-10-02","Product","Critical","2025-10-11","Resolved","2"
"CP0008062","C008063","O0008063","2025-10-03","Payment","Medium","2025-10-13","Resolved","3"
"CP0008063","C008064","O0008064","2025-10-04","Payment","Low","2025-10-15","Resolved","4"
"CP0008064","C008065","O0008065","2025-10-05","Delivery","High","","Open",""
"CP0008065","C008066","O0008066","2025-10-06","Delivery","Low","2025-10-07","Resolved","1"
"CP0008066","C008067","O0008067","2025-10-07","Payment","Critical","2025-10-09","Resolved","2"
"CP0008067","C008068","O0008068","2025-10-08","Refund","Low","2025-10-11","Resolved","3"
"CP0008068","C008069","O0008069","2025-10-09","Support","Low","2025-10-13","Resolved","4"
"CP0008069","C008070","O0008070","2025-10-10","Support","Critical","2025-10-15","Resolved","5"
"CP0008070","C008071","O0008071","2025-10-11","Payment","High","2025-10-17","Resolved","1"
"CP0008071","C008072","O0008072","2025-10-12","Payment","Medium","2025-10-19","Resolved","2"
"CP0008072","C008073","O0008073","2025-10-13","Refund","High","","Open",""
"CP0008073","C008074","O0008074","2025-10-14","Product","Low","2025-10-23","Resolved","4"
"CP0008074","C008075","O0008075","2025-10-15","Product","High","2025-10-25","Resolved","5"
"CP0008075","C008076","O0008076","2025-10-16","Support","Medium","2025-10-27","Resolved","1"
"CP0008076","C008077","O0008077","2025-10-17","Refund","Medium","2025-10-17","Resolved","2"
"CP0008077","C008078","O0008078","2025-10-18","Payment","Low","2025-10-19","Resolved","3"
"CP0008078","C008079","O0008079","2025-10-19","Product","Low","2025-10-21","Resolved","4"
"CP0008079","C008080","O0008080","2025-10-20","Payment","Critical","2025-10-23","Resolved","5"
"CP0008080","C008081","O0008081","2025-10-21","Delivery","High","","Open",""
"CP0008081","C008082","O0008082","2025-10-22","Payment","High","2025-10-27","Resolved","2"
"CP0008082","C008083","O0008083","2025-10-23","Delivery","Critical","2025-10-29","Resolved","3"
"CP0008083","C008084","O0008084","2025-10-24","Payment","Medium","2025-10-31","Resolved","4"
"CP0008084","C008085","O0008085","2025-10-25","Support","Critical","2025-11-02","Resolved","5"
"CP0008085","C008086","O0008086","2025-10-26","Payment","High","2025-11-04","Resolved","1"
"CP0008086","C008087","O0008087","2025-10-27","Product","Medium","2025-11-06","Resolved","2"
"CP0008087","C008088","O0008088","2025-10-28","Payment","Critical","2025-11-08","Resolved","3"
"CP0008088","C008089","O0008089","2025-10-29","Refund","Critical","","Open",""
"CP0008089","C008090","O0008090","2025-10-30","Refund","Medium","2025-10-31","Resolved","5"
"CP0008090","C008091","O0008091","2025-10-31","Support","Critical","2025-11-02","Resolved","1"
"CP0008091","C008092","O0008092","2025-11-01","Refund","High","2025-11-04","Resolved","2"
"CP0008092","C008093","O0008093","2025-11-02","Product","Critical","2025-11-06","Resolved","3"
"CP0008093","C008094","O0008094","2025-11-03","Product","Low","2025-11-08","Resolved","4"
"CP0008094","C008095","O0008095","2025-11-04","Support","Medium","2025-11-10","Resolved","5"
"CP0008095","C008096","O0008096","2025-11-05","Delivery","High","2025-11-12","Resolved","1"
"CP0008096","C008097","O0008097","2025-11-06","Product","Low","","Open",""
"CP0008097","C008098","O0008098","2025-11-07","Refund","Critical","2025-11-16","Resolved","3"
"CP0008098","C008099","O0008099","2025-11-08","Delivery","Critical","2025-11-18","Resolved","4"
"CP0008099","C008100","O0008100","2025-11-09","Payment","Low","2025-11-20","Resolved","5"
"CP0008100","C008101","O0008101","2025-11-10","Support","Low","2025-11-10","Resolved","1"
"CP0008101","C008102","O0008102","2025-11-11","Refund","High","2025-11-12","Resolved","2"
"CP0008102","C008103","O0008103","2025-11-12","Refund","Low","2025-11-14","Resolved","3"
"CP0008103","C008104","O0008104","2025-11-13","Product","High","2025-11-16","Resolved","4"
"CP0008104","C008105","O0008105","2025-11-14","Support","Critical","","Open",""
"CP0008105","C008106","O0008106","2025-11-15","Payment","Medium","2025-11-20","Resolved","1"
"CP0008106","C008107","O0008107","2025-11-16","Support","High","2025-11-22","Resolved","2"
"CP0008107","C008108","O0008108","2025-11-17","Product","Medium","2025-11-24","Resolved","3"
"CP0008108","C008109","O0008109","2025-11-18","Product","Critical","2025-11-26","Resolved","4"
"CP0008109","C008110","O0008110","2025-11-19","Support","Critical","2025-11-28","Resolved","5"
"CP0008110","C008111","O0008111","2025-11-20","Support","Critical","2025-11-30","Resolved","1"
"CP0008111","C008112","O0008112","2025-11-21","Product","Medium","2025-12-02","Resolved","2"
"CP0008112","C008113","O0008113","2025-11-22","Delivery","Low","","Open",""
"CP0008113","C008114","O0008114","2025-11-23","Refund","Medium","2025-11-24","Resolved","4"
"CP0008114","C008115","O0008115","2025-11-24","Delivery","Critical","2025-11-26","Resolved","5"
"CP0008115","C008116","O0008116","2025-11-25","Support","Medium","2025-11-28","Resolved","1"
"CP0008116","C008117","O0008117","2025-11-26","Product","High","2025-11-30","Resolved","2"
"CP0008117","C008118","O0008118","2025-11-27","Product","Medium","2025-12-02","Resolved","3"
"CP0008118","C008119","O0008119","2025-11-28","Support","Critical","2025-12-04","Resolved","4"
"CP0008119","C008120","O0008120","2025-11-29","Product","Critical","2025-12-06","Resolved","5"
"CP0008120","C008121","O0008121","2025-11-30","Delivery","Critical","","Open",""
"CP0008121","C008122","O0008122","2025-12-01","Product","Critical","2025-12-10","Resolved","2"
"CP0008122","C008123","O0008123","2025-12-02","Delivery","High","2025-12-12","Resolved","3"
"CP0008123","C008124","O0008124","2025-12-03","Refund","Critical","2025-12-14","Resolved","4"
"CP0008124","C008125","O0008125","2025-12-04","Product","High","2025-12-04","Resolved","5"
"CP0008125","C008126","O0008126","2025-12-05","Refund","High","2025-12-06","Resolved","1"
"CP0008126","C008127","O0008127","2025-12-06","Product","Low","2025-12-08","Resolved","2"
"CP0008127","C008128","O0008128","2025-12-07","Product","Medium","2025-12-10","Resolved","3"
"CP0008128","C008129","O0008129","2025-12-08","Support","Low","","Open",""
"CP0008129","C008130","O0008130","2025-12-09","Delivery","Low","2025-12-14","Resolved","5"
"CP0008130","C008131","O0008131","2025-12-10","Support","High","2025-12-16","Resolved","1"
"CP0008131","C008132","O0008132","2025-12-11","Product","Medium","2025-12-18","Resolved","2"
"CP0008132","C008133","O0008133","2025-12-12","Product","Critical","2025-12-20","Resolved","3"
"CP0008133","C008134","O0008134","2025-12-13","Product","Medium","2025-12-22","Resolved","4"
"CP0008134","C008135","O0008135","2025-12-14","Payment","Medium","2025-12-24","Resolved","5"
"CP0008135","C008136","O0008136","2025-12-15","Refund","Medium","2025-12-26","Resolved","1"
"CP0008136","C008137","O0008137","2025-12-16","Payment","High","","Open",""
"CP0008137","C008138","O0008138","2025-12-17","Delivery","Low","2025-12-18","Resolved","3"
"CP0008138","C008139","O0008139","2025-12-18","Payment","Critical","2025-12-20","Resolved","4"
"CP0008139","C008140","O0008140","2025-12-19","Product","Critical","2025-12-22","Resolved","5"
"CP0008140","C008141","O0008141","2025-12-20","Payment","Critical","2025-12-24","Resolved","1"
"CP0008141","C008142","O0008142","2025-12-21","Payment","Low","2025-12-26","Resolved","2"
"CP0008142","C008143","O0008143","2025-12-22","Payment","Critical","2025-12-28","Resolved","3"
"CP0008143","C008144","O0008144","2025-12-23","Delivery","Low","2025-12-30","Resolved","4"
"CP0008144","C008145","O0008145","2025-12-24","Delivery","Low","","Open",""
"CP0008145","C008146","O0008146","2025-12-25","Refund","Medium","2026-01-03","Resolved","1"
"CP0008146","C008147","O0008147","2025-12-26","Refund","Critical","2026-01-05","Resolved","2"
"CP0008147","C008148","O0008148","2025-12-27","Payment","Low","2026-01-07","Resolved","3"
"CP0008148","C008149","O0008149","2025-12-28","Refund","Critical","2025-12-28","Resolved","4"
"CP0008149","C008150","O0008150","2025-12-29","Delivery","High","2025-12-30","Resolved","5"
"CP0008150","C008151","O0008151","2025-12-30","Payment","Critical","2026-01-01","Resolved","1"
"CP0008151","C008152","O0008152","2025-12-31","Product","Low","2026-01-03","Resolved","2"
"CP0008152","C008153","O0008153","2026-01-01","Refund","Low","","Open",""
"CP0008153","C008154","O0008154","2026-01-02","Support","Medium","2026-01-07","Resolved","4"
"CP0008154","C008155","O0008155","2026-01-03","Payment","High","2026-01-09","Resolved","5"
"CP0008155","C008156","O0008156","2026-01-04","Support","Medium","2026-01-11","Resolved","1"
"CP0008156","C008157","O0008157","2026-01-05","Product","High","2026-01-13","Resolved","2"
"CP0008157","C008158","O0008158","2026-01-06","Delivery","Low","2026-01-15","Resolved","3"
"CP0008158","C008159","O0008159","2026-01-07","Refund","Low","2026-01-17","Resolved","4"
"CP0008159","C008160","O0008160","2026-01-08","Refund","High","2026-01-19","Resolved","5"
"CP0008160","C008161","O0008161","2026-01-09","Refund","High","","Open",""
"CP0008161","C008162","O0008162","2026-01-10","Support","Critical","2026-01-11","Resolved","2"
"CP0008162","C008163","O0008163","2026-01-11","Payment","High","2026-01-13","Resolved","3"
"CP0008163","C008164","O0008164","2026-01-12","Product","Low","2026-01-15","Resolved","4"
"CP0008164","C008165","O0008165","2026-01-13","Product","Low","2026-01-17","Resolved","5"
"CP0008165","C008166","O0008166","2026-01-14","Delivery","High","2026-01-19","Resolved","1"
"CP0008166","C008167","O0008167","2026-01-15","Refund","High","2026-01-21","Resolved","2"
"CP0008167","C008168","O0008168","2026-01-16","Payment","Critical","2026-01-23","Resolved","3"
"CP0008168","C008169","O0008169","2026-01-17","Product","Low","","Open",""
"CP0008169","C008170","O0008170","2026-01-18","Refund","High","2026-01-27","Resolved","5"
"CP0008170","C008171","O0008171","2026-01-19","Support","Critical","2026-01-29","Resolved","1"
"CP0008171","C008172","O0008172","2026-01-20","Payment","Medium","2026-01-31","Resolved","2"
"CP0008172","C008173","O0008173","2026-01-21","Support","Medium","2026-01-21","Resolved","3"
"CP0008173","C008174","O0008174","2026-01-22","Support","Low","2026-01-23","Resolved","4"
"CP0008174","C008175","O0008175","2026-01-23","Payment","High","2026-01-25","Resolved","5"
"CP0008175","C008176","O0008176","2026-01-24","Refund","High","2026-01-27","Resolved","1"
"CP0008176","C008177","O0008177","2026-01-25","Payment","Medium","","Open",""
"CP0008177","C008178","O0008178","2026-01-26","Product","Medium","2026-01-31","Resolved","3"
"CP0008178","C008179","O0008179","2026-01-27","Product","Low","2026-02-02","Resolved","4"
"CP0008179","C008180","O0008180","2026-01-28","Refund","High","2026-02-04","Resolved","5"
"CP0008180","C008181","O0008181","2026-01-29","Support","Medium","2026-02-06","Resolved","1"
"CP0008181","C008182","O0008182","2026-01-30","Delivery","Low","2026-02-08","Resolved","2"
"CP0008182","C008183","O0008183","2026-01-31","Product","High","2026-02-10","Resolved","3"
"CP0008183","C008184","O0008184","2026-02-01","Payment","High","2026-02-12","Resolved","4"
"CP0008184","C008185","O0008185","2026-02-02","Product","Critical","","Open",""
"CP0008185","C008186","O0008186","2026-02-03","Product","Critical","2026-02-04","Resolved","1"
"CP0008186","C008187","O0008187","2026-02-04","Product","Medium","2026-02-06","Resolved","2"
"CP0008187","C008188","O0008188","2026-02-05","Support","Low","2026-02-08","Resolved","3"
"CP0008188","C008189","O0008189","2026-02-06","Support","High","2026-02-10","Resolved","4"
"CP0008189","C008190","O0008190","2026-02-07","Payment","Critical","2026-02-12","Resolved","5"
"CP0008190","C008191","O0008191","2026-02-08","Support","High","2026-02-14","Resolved","1"
"CP0008191","C008192","O0008192","2026-02-09","Refund","Low","2026-02-16","Resolved","2"
"CP0008192","C008193","O0008193","2026-02-10","Support","Critical","","Open",""
"CP0008193","C008194","O0008194","2026-02-11","Product","Low","2026-02-20","Resolved","4"
"CP0008194","C008195","O0008195","2026-02-12","Payment","Medium","2026-02-22","Resolved","5"
"CP0008195","C008196","O0008196","2026-02-13","Support","Low","2026-02-24","Resolved","1"
"CP0008196","C008197","O0008197","2026-02-14","Delivery","High","2026-02-14","Resolved","2"
"CP0008197","C008198","O0008198","2026-02-15","Product","Low","2026-02-16","Resolved","3"
"CP0008198","C008199","O0008199","2026-02-16","Delivery","Medium","2026-02-18","Resolved","4"
"CP0008199","C008200","O0008200","2026-02-17","Payment","Medium","2026-02-20","Resolved","5"
"CP0008200","C008201","O0008201","2026-02-18","Product","Low","","Open",""
"CP0008201","C008202","O0008202","2026-02-19","Product","Medium","2026-02-24","Resolved","2"
"CP0008202","C008203","O0008203","2026-02-20","Refund","Critical","2026-02-26","Resolved","3"
"CP0008203","C008204","O0008204","2026-02-21","Refund","Critical","2026-02-28","Resolved","4"
"CP0008204","C008205","O0008205","2026-02-22","Product","High","2026-03-02","Resolved","5"
"CP0008205","C008206","O0008206","2026-02-23","Support","Critical","2026-03-04","Resolved","1"
"CP0008206","C008207","O0008207","2026-02-24","Delivery","Medium","2026-03-06","Resolved","2"
"CP0008207","C008208","O0008208","2026-02-25","Refund","Low","2026-03-08","Resolved","3"
"CP0008208","C008209","O0008209","2026-02-26","Delivery","High","","Open",""
"CP0008209","C008210","O0008210","2026-02-27","Product","Critical","2026-02-28","Resolved","5"
"CP0008210","C008211","O0008211","2026-02-28","Product","High","2026-03-02","Resolved","1"
"CP0008211","C008212","O0008212","2026-03-01","Payment","Low","2026-03-04","Resolved","2"
"CP0008212","C008213","O0008213","2026-03-02","Product","High","2026-03-06","Resolved","3"
"CP0008213","C008214","O0008214","2026-03-03","Product","Low","2026-03-08","Resolved","4"
"CP0008214","C008215","O0008215","2026-03-04","Refund","High","2026-03-10","Resolved","5"
"CP0008215","C008216","O0008216","2026-03-05","Product","Low","2026-03-12","Resolved","1"
"CP0008216","C008217","O0008217","2026-03-06","Product","Critical","","Open",""
"CP0008217","C008218","O0008218","2026-03-07","Delivery","Low","2026-03-16","Resolved","3"
"CP0008218","C008219","O0008219","2026-03-08","Payment","Medium","2026-03-18","Resolved","4"
"CP0008219","C008220","O0008220","2026-03-09","Refund","Low","2026-03-20","Resolved","5"
"CP0008220","C008221","O0008221","2026-03-10","Refund","Medium","2026-03-10","Resolved","1"
"CP0008221","C008222","O0008222","2026-03-11","Payment","Critical","2026-03-12","Resolved","2"
"CP0008222","C008223","O0008223","2026-03-12","Support","Low","2026-03-14","Resolved","3"
"CP0008223","C008224","O0008224","2026-03-13","Payment","Low","2026-03-16","Resolved","4"
"CP0008224","C008225","O0008225","2026-03-14","Product","Medium","","Open",""
"CP0008225","C008226","O0008226","2026-03-15","Product","High","2026-03-20","Resolved","1"
"CP0008226","C008227","O0008227","2026-03-16","Refund","Medium","2026-03-22","Resolved","2"
"CP0008227","C008228","O0008228","2026-03-17","Refund","Low","2026-03-24","Resolved","3"
"CP0008228","C008229","O0008229","2026-03-18","Delivery","Medium","2026-03-26","Resolved","4"
"CP0008229","C008230","O0008230","2026-03-19","Payment","High","2026-03-28","Resolved","5"
"CP0008230","C008231","O0008231","2026-03-20","Payment","Critical","2026-03-30","Resolved","1"
"CP0008231","C008232","O0008232","2026-03-21","Support","Medium","2026-04-01","Resolved","2"
"CP0008232","C008233","O0008233","2026-03-22","Support","High","","Open",""
"CP0008233","C008234","O0008234","2026-03-23","Delivery","Low","2026-03-24","Resolved","4"
"CP0008234","C008235","O0008235","2026-03-24","Payment","Medium","2026-03-26","Resolved","5"
"CP0008235","C008236","O0008236","2026-03-25","Support","Critical","2026-03-28","Resolved","1"
"CP0008236","C008237","O0008237","2026-03-26","Payment","Medium","2026-03-30","Resolved","2"
"CP0008237","C008238","O0008238","2026-03-27","Refund","Low","2026-04-01","Resolved","3"
"CP0008238","C008239","O0008239","2026-03-28","Refund","Medium","2026-04-03","Resolved","4"
"CP0008239","C008240","O0008240","2026-03-29","Product","Critical","2026-04-05","Resolved","5"
"CP0008240","C008241","O0008241","2026-03-30","Refund","Critical","","Open",""
"CP0008241","C008242","O0008242","2026-03-31","Support","Medium","2026-04-09","Resolved","2"
"CP0008242","C008243","O0008243","2026-04-01","Refund","High","2026-04-11","Resolved","3"
"CP0008243","C008244","O0008244","2026-04-02","Payment","Medium","2026-04-13","Resolved","4"
"CP0008244","C008245","O0008245","2026-04-03","Payment","Critical","2026-04-03","Resolved","5"
"CP0008245","C008246","O0008246","2026-04-04","Refund","High","2026-04-05","Resolved","1"
"CP0008246","C008247","O0008247","2026-04-05","Support","Critical","2026-04-07","Resolved","2"
"CP0008247","C008248","O0008248","2026-04-06","Payment","Critical","2026-04-09","Resolved","3"
"CP0008248","C008249","O0008249","2026-04-07","Payment","Low","","Open",""
"CP0008249","C008250","O0008250","2026-04-08","Refund","Critical","2026-04-13","Resolved","5"
"CP0008250","C008251","O0008251","2026-04-09","Delivery","Critical","2026-04-15","Resolved","1"
"CP0008251","C008252","O0008252","2026-04-10","Delivery","Critical","2026-04-17","Resolved","2"
"CP0008252","C008253","O0008253","2026-04-11","Refund","Critical","2026-04-19","Resolved","3"
"CP0008253","C008254","O0008254","2026-04-12","Support","Critical","2026-04-21","Resolved","4"
"CP0008254","C008255","O0008255","2026-04-13","Product","Critical","2026-04-23","Resolved","5"
"CP0008255","C008256","O0008256","2026-04-14","Delivery","Low","2026-04-25","Resolved","1"
"CP0008256","C008257","O0008257","2026-04-15","Delivery","High","","Open",""
"CP0008257","C008258","O0008258","2026-04-16","Payment","Critical","2026-04-17","Resolved","3"
"CP0008258","C008259","O0008259","2026-04-17","Delivery","Low","2026-04-19","Resolved","4"
"CP0008259","C008260","O0008260","2026-04-18","Payment","High","2026-04-21","Resolved","5"
"CP0008260","C008261","O0008261","2026-04-19","Refund","High","2026-04-23","Resolved","1"
"CP0008261","C008262","O0008262","2026-04-20","Payment","Medium","2026-04-25","Resolved","2"
"CP0008262","C008263","O0008263","2026-04-21","Product","Critical","2026-04-27","Resolved","3"
"CP0008263","C008264","O0008264","2026-04-22","Payment","High","2026-04-29","Resolved","4"
"CP0008264","C008265","O0008265","2026-04-23","Payment","High","","Open",""
"CP0008265","C008266","O0008266","2026-04-24","Delivery","Critical","2026-05-03","Resolved","1"
"CP0008266","C008267","O0008267","2026-04-25","Support","Medium","2026-05-05","Resolved","2"
"CP0008267","C008268","O0008268","2026-04-26","Payment","Medium","2026-05-07","Resolved","3"
"CP0008268","C008269","O0008269","2026-04-27","Delivery","Critical","2026-04-27","Resolved","4"
"CP0008269","C008270","O0008270","2026-04-28","Support","Low","2026-04-29","Resolved","5"
"CP0008270","C008271","O0008271","2026-04-29","Support","Critical","2026-05-01","Resolved","1"
"CP0008271","C008272","O0008272","2026-04-30","Refund","Critical","2026-05-03","Resolved","2"
"CP0008272","C008273","O0008273","2026-05-01","Payment","High","","Open",""
"CP0008273","C008274","O0008274","2026-05-02","Product","Critical","2026-05-07","Resolved","4"
"CP0008274","C008275","O0008275","2026-05-03","Payment","High","2026-05-09","Resolved","5"
"CP0008275","C008276","O0008276","2026-05-04","Payment","High","2026-05-11","Resolved","1"
"CP0008276","C008277","O0008277","2026-05-05","Refund","Low","2026-05-13","Resolved","2"
"CP0008277","C008278","O0008278","2026-05-06","Payment","Low","2026-05-15","Resolved","3"
"CP0008278","C008279","O0008279","2026-05-07","Support","Medium","2026-05-17","Resolved","4"
"CP0008279","C008280","O0008280","2026-05-08","Support","Medium","2026-05-19","Resolved","5"
"CP0008280","C008281","O0008281","2026-05-09","Delivery","Medium","","Open",""
"CP0008281","C008282","O0008282","2026-05-10","Product","High","2026-05-11","Resolved","2"
"CP0008282","C008283","O0008283","2026-05-11","Refund","High","2026-05-13","Resolved","3"
"CP0008283","C008284","O0008284","2026-05-12","Support","High","2026-05-15","Resolved","4"
"CP0008284","C008285","O0008285","2026-05-13","Payment","Critical","2026-05-17","Resolved","5"
"CP0008285","C008286","O0008286","2026-05-14","Refund","Medium","2026-05-19","Resolved","1"
"CP0008286","C008287","O0008287","2026-05-15","Product","Critical","2026-05-21","Resolved","2"
"CP0008287","C008288","O0008288","2026-05-16","Support","Critical","2026-05-23","Resolved","3"
"CP0008288","C008289","O0008289","2026-05-17","Delivery","High","","Open",""
"CP0008289","C008290","O0008290","2026-05-18","Support","Critical","2026-05-27","Resolved","5"
"CP0008290","C008291","O0008291","2026-05-19","Delivery","High","2026-05-29","Resolved","1"
"CP0008291","C008292","O0008292","2026-05-20","Support","High","2026-05-31","Resolved","2"
"CP0008292","C008293","O0008293","2026-05-21","Product","Low","2026-05-21","Resolved","3"
"CP0008293","C008294","O0008294","2026-05-22","Payment","Low","2026-05-23","Resolved","4"
"CP0008294","C008295","O0008295","2026-05-23","Payment","High","2026-05-25","Resolved","5"
"CP0008295","C008296","O0008296","2026-05-24","Delivery","Medium","2026-05-27","Resolved","1"
"CP0008296","C008297","O0008297","2026-05-25","Delivery","High","","Open",""
"CP0008297","C008298","O0008298","2026-05-26","Product","Low","2026-05-31","Resolved","3"
"CP0008298","C008299","O0008299","2026-05-27","Refund","Critical","2026-06-02","Resolved","4"
"CP0008299","C008300","O0008300","2026-05-28","Payment","High","2026-06-04","Resolved","5"
"CP0008300","C008301","O0008301","2026-05-29","Payment","Medium","2026-06-06","Resolved","1"
"CP0008301","C008302","O0008302","2026-05-30","Support","Critical","2026-06-08","Resolved","2"
"CP0008302","C008303","O0008303","2026-05-31","Delivery","Medium","2026-06-10","Resolved","3"
"CP0008303","C008304","O0008304","2026-06-01","Product","Medium","2026-06-12","Resolved","4"
"CP0008304","C008305","O0008305","2026-06-02","Refund","Low","","Open",""
"CP0008305","C008306","O0008306","2026-06-03","Delivery","Low","2026-06-04","Resolved","1"
"CP0008306","C008307","O0008307","2026-06-04","Refund","Critical","2026-06-06","Resolved","2"
"CP0008307","C008308","O0008308","2026-06-05","Payment","Medium","2026-06-08","Resolved","3"
"CP0008308","C008309","O0008309","2026-06-06","Product","High","2026-06-10","Resolved","4"
"CP0008309","C008310","O0008310","2026-06-07","Support","Low","2026-06-12","Resolved","5"
"CP0008310","C008311","O0008311","2026-06-08","Product","Low","2026-06-14","Resolved","1"
"CP0008311","C008312","O0008312","2026-06-09","Refund","Medium","2026-06-16","Resolved","2"
"CP0008312","C008313","O0008313","2026-06-10","Support","Medium","","Open",""
"CP0008313","C008314","O0008314","2026-06-11","Support","Medium","2026-06-20","Resolved","4"
"CP0008314","C008315","O0008315","2026-06-12","Product","Critical","2026-06-22","Resolved","5"
"CP0008315","C008316","O0008316","2026-06-13","Payment","High","2026-06-24","Resolved","1"
"CP0008316","C008317","O0008317","2026-06-14","Product","High","2026-06-14","Resolved","2"
"CP0008317","C008318","O0008318","2026-06-15","Support","Critical","2026-06-16","Resolved","3"
"CP0008318","C008319","O0008319","2026-06-16","Support","High","2026-06-18","Resolved","4"
"CP0008319","C008320","O0008320","2026-06-17","Support","Medium","2026-06-20","Resolved","5"
"CP0008320","C008321","O0008321","2026-06-18","Support","High","","Open",""
"CP0008321","C008322","O0008322","2026-06-19","Product","Critical","2026-06-24","Resolved","2"
"CP0008322","C008323","O0008323","2026-06-20","Delivery","Low","2026-06-26","Resolved","3"
"CP0008323","C008324","O0008324","2026-06-21","Delivery","Low","2026-06-28","Resolved","4"
"CP0008324","C008325","O0008325","2026-06-22","Delivery","Low","2026-06-30","Resolved","5"
"CP0008325","C008326","O0008326","2026-06-23","Delivery","Critical","2026-07-02","Resolved","1"
"CP0008326","C008327","O0008327","2026-06-24","Product","Low","2026-07-04","Resolved","2"
"CP0008327","C008328","O0008328","2026-06-25","Support","High","2026-07-06","Resolved","3"
"CP0008328","C008329","O0008329","2026-06-26","Refund","Medium","","Open",""
"CP0008329","C008330","O0008330","2026-06-27","Payment","Low","2026-06-28","Resolved","5"
"CP0008330","C008331","O0008331","2026-06-28","Refund","Critical","2026-06-30","Resolved","1"
"CP0008331","C008332","O0008332","2026-06-29","Product","Low","2026-07-02","Resolved","2"
"CP0008332","C008333","O0008333","2026-06-30","Refund","Medium","2026-07-04","Resolved","3"
"CP0008333","C008334","O0008334","2026-07-01","Payment","High","2026-07-06","Resolved","4"
"CP0008334","C008335","O0008335","2026-07-02","Delivery","High","2026-07-08","Resolved","5"
"CP0008335","C008336","O0008336","2026-07-03","Payment","Low","2026-07-10","Resolved","1"
"CP0008336","C008337","O0008337","2026-07-04","Delivery","High","","Open",""
"CP0008337","C008338","O0008338","2026-07-05","Refund","Low","2026-07-14","Resolved","3"
"CP0008338","C008339","O0008339","2026-07-06","Product","High","2026-07-16","Resolved","4"
"CP0008339","C008340","O0008340","2026-07-07","Refund","High","2026-07-18","Resolved","5"
"CP0008340","C008341","O0008341","2026-07-08","Product","High","2026-07-08","Resolved","1"
"CP0008341","C008342","O0008342","2026-07-09","Refund","Low","2026-07-10","Resolved","2"
"CP0008342","C008343","O0008343","2026-07-10","Delivery","Low","2026-07-12","Resolved","3"
"CP0008343","C008344","O0008344","2026-07-11","Product","High","2026-07-14","Resolved","4"
"CP0008344","C008345","O0008345","2026-07-12","Refund","High","","Open",""
"CP0008345","C008346","O0008346","2026-07-13","Payment","Low","2026-07-18","Resolved","1"
"CP0008346","C008347","O0008347","2026-07-14","Payment","High","2026-07-20","Resolved","2"
"CP0008347","C008348","O0008348","2026-07-15","Payment","Medium","2026-07-22","Resolved","3"
"CP0008348","C008349","O0008349","2026-07-16","Delivery","Critical","2026-07-24","Resolved","4"
"CP0008349","C008350","O0008350","2026-07-17","Refund","Medium","2026-07-26","Resolved","5"
"CP0008350","C008351","O0008351","2026-07-18","Support","Critical","2026-07-28","Resolved","1"
"CP0008351","C008352","O0008352","2026-07-19","Support","Critical","2026-07-30","Resolved","2"
"CP0008352","C008353","O0008353","2026-07-20","Delivery","Low","","Open",""
"CP0008353","C008354","O0008354","2026-07-21","Product","Medium","2026-07-22","Resolved","4"
"CP0008354","C008355","O0008355","2026-07-22","Support","Critical","2026-07-24","Resolved","5"
"CP0008355","C008356","O0008356","2026-07-23","Product","Critical","2026-07-26","Resolved","1"
"CP0008356","C008357","O0008357","2026-07-24","Refund","Critical","2026-07-28","Resolved","2"
"CP0008357","C008358","O0008358","2026-07-25","Product","Medium","2026-07-30","Resolved","3"
"CP0008358","C008359","O0008359","2026-07-26","Support","Critical","2026-08-01","Resolved","4"
"CP0008359","C008360","O0008360","2026-07-27","Product","Low","2026-08-03","Resolved","5"
"CP0008360","C008361","O0008361","2026-07-28","Product","High","","Open",""
"CP0008361","C008362","O0008362","2026-07-29","Support","High","2026-08-07","Resolved","2"
"CP0008362","C008363","O0008363","2026-07-30","Payment","Medium","2026-08-09","Resolved","3"
"CP0008363","C008364","O0008364","2026-07-31","Product","Medium","2026-08-11","Resolved","4"
"CP0008364","C008365","O0008365","2026-08-01","Delivery","High","2026-08-01","Resolved","5"
"CP0008365","C008366","O0008366","2026-08-02","Refund","Low","2026-08-03","Resolved","1"
"CP0008366","C008367","O0008367","2026-08-03","Support","High","2026-08-05","Resolved","2"
"CP0008367","C008368","O0008368","2026-08-04","Support","Critical","2026-08-07","Resolved","3"
"CP0008368","C008369","O0008369","2026-08-05","Refund","Critical","","Open",""
"CP0008369","C008370","O0008370","2026-08-06","Payment","Medium","2026-08-11","Resolved","5"
"CP0008370","C008371","O0008371","2026-08-07","Product","High","2026-08-13","Resolved","1"
"CP0008371","C008372","O0008372","2026-08-08","Support","Low","2026-08-15","Resolved","2"
"CP0008372","C008373","O0008373","2026-08-09","Refund","High","2026-08-17","Resolved","3"
"CP0008373","C008374","O0008374","2026-08-10","Product","Low","2026-08-19","Resolved","4"
"CP0008374","C008375","O0008375","2026-08-11","Product","High","2026-08-21","Resolved","5"
"CP0008375","C008376","O0008376","2026-08-12","Delivery","Low","2026-08-23","Resolved","1"
"CP0008376","C008377","O0008377","2026-08-13","Refund","Critical","","Open",""
"CP0008377","C008378","O0008378","2026-08-14","Product","Low","2026-08-15","Resolved","3"
"CP0008378","C008379","O0008379","2026-08-15","Payment","Medium","2026-08-17","Resolved","4"
"CP0008379","C008380","O0008380","2026-08-16","Payment","Low","2026-08-19","Resolved","5"
"CP0008380","C008381","O0008381","2026-08-17","Refund","Medium","2026-08-21","Resolved","1"
"CP0008381","C008382","O0008382","2026-08-18","Product","Medium","2026-08-23","Resolved","2"
"CP0008382","C008383","O0008383","2026-08-19","Payment","High","2026-08-25","Resolved","3"
"CP0008383","C008384","O0008384","2026-08-20","Refund","High","2026-08-27","Resolved","4"
"CP0008384","C008385","O0008385","2026-08-21","Payment","Medium","","Open",""
"CP0008385","C008386","O0008386","2026-08-22","Refund","High","2026-08-31","Resolved","1"
"CP0008386","C008387","O0008387","2026-08-23","Payment","High","2026-09-02","Resolved","2"
"CP0008387","C008388","O0008388","2026-08-24","Refund","Critical","2026-09-04","Resolved","3"
"CP0008388","C008389","O0008389","2026-08-25","Payment","Critical","2026-08-25","Resolved","4"
"CP0008389","C008390","O0008390","2026-08-26","Payment","Medium","2026-08-27","Resolved","5"
"CP0008390","C008391","O0008391","2026-08-27","Payment","Critical","2026-08-29","Resolved","1"
"CP0008391","C008392","O0008392","2026-08-28","Refund","High","2026-08-31","Resolved","2"
"CP0008392","C008393","O0008393","2026-08-29","Payment","High","","Open",""
"CP0008393","C008394","O0008394","2026-08-30","Delivery","High","2026-09-04","Resolved","4"
"CP0008394","C008395","O0008395","2026-08-31","Refund","Low","2026-09-06","Resolved","5"
"CP0008395","C008396","O0008396","2025-09-01","Refund","High","2025-09-08","Resolved","1"
"CP0008396","C008397","O0008397","2025-09-02","Support","High","2025-09-10","Resolved","2"
"CP0008397","C008398","O0008398","2025-09-03","Refund","Low","2025-09-12","Resolved","3"
"CP0008398","C008399","O0008399","2025-09-04","Product","Medium","2025-09-14","Resolved","4"
"CP0008399","C008400","O0008400","2025-09-05","Product","Critical","2025-09-16","Resolved","5"
"CP0008400","C008401","O0008401","2025-09-06","Support","Low","","Open",""
"CP0008401","C008402","O0008402","2025-09-07","Product","High","2025-09-08","Resolved","2"
"CP0008402","C008403","O0008403","2025-09-08","Refund","Low","2025-09-10","Resolved","3"
"CP0008403","C008404","O0008404","2025-09-09","Refund","High","2025-09-12","Resolved","4"
"CP0008404","C008405","O0008405","2025-09-10","Refund","Low","2025-09-14","Resolved","5"
"CP0008405","C008406","O0008406","2025-09-11","Delivery","Medium","2025-09-16","Resolved","1"
"CP0008406","C008407","O0008407","2025-09-12","Product","Medium","2025-09-18","Resolved","2"
"CP0008407","C008408","O0008408","2025-09-13","Delivery","High","2025-09-20","Resolved","3"
"CP0008408","C008409","O0008409","2025-09-14","Support","Medium","","Open",""
"CP0008409","C008410","O0008410","2025-09-15","Refund","Medium","2025-09-24","Resolved","5"
"CP0008410","C008411","O0008411","2025-09-16","Payment","High","2025-09-26","Resolved","1"
"CP0008411","C008412","O0008412","2025-09-17","Delivery","Medium","2025-09-28","Resolved","2"
"CP0008412","C008413","O0008413","2025-09-18","Refund","Critical","2025-09-18","Resolved","3"
"CP0008413","C008414","O0008414","2025-09-19","Refund","Critical","2025-09-20","Resolved","4"
"CP0008414","C008415","O0008415","2025-09-20","Delivery","High","2025-09-22","Resolved","5"
"CP0008415","C008416","O0008416","2025-09-21","Payment","Critical","2025-09-24","Resolved","1"
"CP0008416","C008417","O0008417","2025-09-22","Refund","Critical","","Open",""
"CP0008417","C008418","O0008418","2025-09-23","Delivery","Low","2025-09-28","Resolved","3"
"CP0008418","C008419","O0008419","2025-09-24","Support","High","2025-09-30","Resolved","4"
"CP0008419","C008420","O0008420","2025-09-25","Delivery","Medium","2025-10-02","Resolved","5"
"CP0008420","C008421","O0008421","2025-09-26","Payment","Medium","2025-10-04","Resolved","1"
"CP0008421","C008422","O0008422","2025-09-27","Delivery","Critical","2025-10-06","Resolved","2"
"CP0008422","C008423","O0008423","2025-09-28","Support","Critical","2025-10-08","Resolved","3"
"CP0008423","C008424","O0008424","2025-09-29","Support","Medium","2025-10-10","Resolved","4"
"CP0008424","C008425","O0008425","2025-09-30","Delivery","Critical","","Open",""
"CP0008425","C008426","O0008426","2025-10-01","Product","High","2025-10-02","Resolved","1"
"CP0008426","C008427","O0008427","2025-10-02","Support","Critical","2025-10-04","Resolved","2"
"CP0008427","C008428","O0008428","2025-10-03","Delivery","High","2025-10-06","Resolved","3"
"CP0008428","C008429","O0008429","2025-10-04","Support","Low","2025-10-08","Resolved","4"
"CP0008429","C008430","O0008430","2025-10-05","Support","High","2025-10-10","Resolved","5"
"CP0008430","C008431","O0008431","2025-10-06","Delivery","High","2025-10-12","Resolved","1"
"CP0008431","C008432","O0008432","2025-10-07","Refund","Medium","2025-10-14","Resolved","2"
"CP0008432","C008433","O0008433","2025-10-08","Product","Low","","Open",""
"CP0008433","C008434","O0008434","2025-10-09","Payment","Low","2025-10-18","Resolved","4"
"CP0008434","C008435","O0008435","2025-10-10","Delivery","High","2025-10-20","Resolved","5"
"CP0008435","C008436","O0008436","2025-10-11","Delivery","Critical","2025-10-22","Resolved","1"
"CP0008436","C008437","O0008437","2025-10-12","Payment","Medium","2025-10-12","Resolved","2"
"CP0008437","C008438","O0008438","2025-10-13","Product","Critical","2025-10-14","Resolved","3"
"CP0008438","C008439","O0008439","2025-10-14","Delivery","Critical","2025-10-16","Resolved","4"
"CP0008439","C008440","O0008440","2025-10-15","Delivery","Critical","2025-10-18","Resolved","5"
"CP0008440","C008441","O0008441","2025-10-16","Delivery","Medium","","Open",""
"CP0008441","C008442","O0008442","2025-10-17","Delivery","Medium","2025-10-22","Resolved","2"
"CP0008442","C008443","O0008443","2025-10-18","Payment","High","2025-10-24","Resolved","3"
"CP0008443","C008444","O0008444","2025-10-19","Support","Critical","2025-10-26","Resolved","4"
"CP0008444","C008445","O0008445","2025-10-20","Delivery","Low","2025-10-28","Resolved","5"
"CP0008445","C008446","O0008446","2025-10-21","Refund","High","2025-10-30","Resolved","1"
"CP0008446","C008447","O0008447","2025-10-22","Payment","Critical","2025-11-01","Resolved","2"
"CP0008447","C008448","O0008448","2025-10-23","Support","Low","2025-11-03","Resolved","3"
"CP0008448","C008449","O0008449","2025-10-24","Delivery","Medium","","Open",""
"CP0008449","C008450","O0008450","2025-10-25","Refund","High","2025-10-26","Resolved","5"
"CP0008450","C008451","O0008451","2025-10-26","Support","High","2025-10-28","Resolved","1"
"CP0008451","C008452","O0008452","2025-10-27","Support","High","2025-10-30","Resolved","2"
"CP0008452","C008453","O0008453","2025-10-28","Payment","Critical","2025-11-01","Resolved","3"
"CP0008453","C008454","O0008454","2025-10-29","Delivery","Medium","2025-11-03","Resolved","4"
"CP0008454","C008455","O0008455","2025-10-30","Support","Low","2025-11-05","Resolved","5"
"CP0008455","C008456","O0008456","2025-10-31","Product","Medium","2025-11-07","Resolved","1"
"CP0008456","C008457","O0008457","2025-11-01","Refund","Critical","","Open",""
"CP0008457","C008458","O0008458","2025-11-02","Refund","Critical","2025-11-11","Resolved","3"
"CP0008458","C008459","O0008459","2025-11-03","Product","Medium","2025-11-13","Resolved","4"
"CP0008459","C008460","O0008460","2025-11-04","Support","Medium","2025-11-15","Resolved","5"
"CP0008460","C008461","O0008461","2025-11-05","Delivery","Low","2025-11-05","Resolved","1"
"CP0008461","C008462","O0008462","2025-11-06","Delivery","Critical","2025-11-07","Resolved","2"
"CP0008462","C008463","O0008463","2025-11-07","Product","Critical","2025-11-09","Resolved","3"
"CP0008463","C008464","O0008464","2025-11-08","Payment","Low","2025-11-11","Resolved","4"
"CP0008464","C008465","O0008465","2025-11-09","Support","High","","Open",""
"CP0008465","C008466","O0008466","2025-11-10","Refund","Low","2025-11-15","Resolved","1"
"CP0008466","C008467","O0008467","2025-11-11","Delivery","Medium","2025-11-17","Resolved","2"
"CP0008467","C008468","O0008468","2025-11-12","Support","Low","2025-11-19","Resolved","3"
"CP0008468","C008469","O0008469","2025-11-13","Payment","Low","2025-11-21","Resolved","4"
"CP0008469","C008470","O0008470","2025-11-14","Support","Medium","2025-11-23","Resolved","5"
"CP0008470","C008471","O0008471","2025-11-15","Payment","Medium","2025-11-25","Resolved","1"
"CP0008471","C008472","O0008472","2025-11-16","Product","Medium","2025-11-27","Resolved","2"
"CP0008472","C008473","O0008473","2025-11-17","Support","Critical","","Open",""
"CP0008473","C008474","O0008474","2025-11-18","Support","Medium","2025-11-19","Resolved","4"
"CP0008474","C008475","O0008475","2025-11-19","Support","High","2025-11-21","Resolved","5"
"CP0008475","C008476","O0008476","2025-11-20","Product","Low","2025-11-23","Resolved","1"
"CP0008476","C008477","O0008477","2025-11-21","Delivery","Low","2025-11-25","Resolved","2"
"CP0008477","C008478","O0008478","2025-11-22","Delivery","Critical","2025-11-27","Resolved","3"
"CP0008478","C008479","O0008479","2025-11-23","Support","Low","2025-11-29","Resolved","4"
"CP0008479","C008480","O0008480","2025-11-24","Support","Critical","2025-12-01","Resolved","5"
"CP0008480","C008481","O0008481","2025-11-25","Refund","High","","Open",""
"CP0008481","C008482","O0008482","2025-11-26","Delivery","Critical","2025-12-05","Resolved","2"
"CP0008482","C008483","O0008483","2025-11-27","Support","Critical","2025-12-07","Resolved","3"
"CP0008483","C008484","O0008484","2025-11-28","Support","Low","2025-12-09","Resolved","4"
"CP0008484","C008485","O0008485","2025-11-29","Payment","Low","2025-11-29","Resolved","5"
"CP0008485","C008486","O0008486","2025-11-30","Product","High","2025-12-01","Resolved","1"
"CP0008486","C008487","O0008487","2025-12-01","Refund","Medium","2025-12-03","Resolved","2"
"CP0008487","C008488","O0008488","2025-12-02","Product","Medium","2025-12-05","Resolved","3"
"CP0008488","C008489","O0008489","2025-12-03","Payment","High","","Open",""
"CP0008489","C008490","O0008490","2025-12-04","Refund","Low","2025-12-09","Resolved","5"
"CP0008490","C008491","O0008491","2025-12-05","Support","Low","2025-12-11","Resolved","1"
"CP0008491","C008492","O0008492","2025-12-06","Product","Medium","2025-12-13","Resolved","2"
"CP0008492","C008493","O0008493","2025-12-07","Payment","Medium","2025-12-15","Resolved","3"
"CP0008493","C008494","O0008494","2025-12-08","Delivery","Critical","2025-12-17","Resolved","4"
"CP0008494","C008495","O0008495","2025-12-09","Delivery","Medium","2025-12-19","Resolved","5"
"CP0008495","C008496","O0008496","2025-12-10","Product","High","2025-12-21","Resolved","1"
"CP0008496","C008497","O0008497","2025-12-11","Product","Critical","","Open",""
"CP0008497","C008498","O0008498","2025-12-12","Refund","Medium","2025-12-13","Resolved","3"
"CP0008498","C008499","O0008499","2025-12-13","Product","Critical","2025-12-15","Resolved","4"
"CP0008499","C008500","O0008500","2025-12-14","Support","Medium","2025-12-17","Resolved","5"
"CP0008500","C008501","O0008501","2025-12-15","Refund","High","2025-12-19","Resolved","1"
"CP0008501","C008502","O0008502","2025-12-16","Support","Medium","2025-12-21","Resolved","2"
"CP0008502","C008503","O0008503","2025-12-17","Refund","Low","2025-12-23","Resolved","3"
"CP0008503","C008504","O0008504","2025-12-18","Delivery","High","2025-12-25","Resolved","4"
"CP0008504","C008505","O0008505","2025-12-19","Product","Low","","Open",""
"CP0008505","C008506","O0008506","2025-12-20","Product","Critical","2025-12-29","Resolved","1"
"CP0008506","C008507","O0008507","2025-12-21","Product","Critical","2025-12-31","Resolved","2"
"CP0008507","C008508","O0008508","2025-12-22","Support","Critical","2026-01-02","Resolved","3"
"CP0008508","C008509","O0008509","2025-12-23","Delivery","Low","2025-12-23","Resolved","4"
"CP0008509","C008510","O0008510","2025-12-24","Payment","High","2025-12-25","Resolved","5"
"CP0008510","C008511","O0008511","2025-12-25","Payment","Medium","2025-12-27","Resolved","1"
"CP0008511","C008512","O0008512","2025-12-26","Delivery","Medium","2025-12-29","Resolved","2"
"CP0008512","C008513","O0008513","2025-12-27","Support","Low","","Open",""
"CP0008513","C008514","O0008514","2025-12-28","Delivery","High","2026-01-02","Resolved","4"
"CP0008514","C008515","O0008515","2025-12-29","Payment","Critical","2026-01-04","Resolved","5"
"CP0008515","C008516","O0008516","2025-12-30","Product","Critical","2026-01-06","Resolved","1"
"CP0008516","C008517","O0008517","2025-12-31","Support","Critical","2026-01-08","Resolved","2"
"CP0008517","C008518","O0008518","2026-01-01","Product","Low","2026-01-10","Resolved","3"
"CP0008518","C008519","O0008519","2026-01-02","Product","Medium","2026-01-12","Resolved","4"
"CP0008519","C008520","O0008520","2026-01-03","Support","Low","2026-01-14","Resolved","5"
"CP0008520","C008521","O0008521","2026-01-04","Refund","Medium","","Open",""
"CP0008521","C008522","O0008522","2026-01-05","Delivery","Medium","2026-01-06","Resolved","2"
"CP0008522","C008523","O0008523","2026-01-06","Refund","High","2026-01-08","Resolved","3"
"CP0008523","C008524","O0008524","2026-01-07","Payment","Medium","2026-01-10","Resolved","4"
"CP0008524","C008525","O0008525","2026-01-08","Support","High","2026-01-12","Resolved","5"
"CP0008525","C008526","O0008526","2026-01-09","Product","Critical","2026-01-14","Resolved","1"
"CP0008526","C008527","O0008527","2026-01-10","Product","Low","2026-01-16","Resolved","2"
"CP0008527","C008528","O0008528","2026-01-11","Support","Medium","2026-01-18","Resolved","3"
"CP0008528","C008529","O0008529","2026-01-12","Payment","High","","Open",""
"CP0008529","C008530","O0008530","2026-01-13","Payment","Medium","2026-01-22","Resolved","5"
"CP0008530","C008531","O0008531","2026-01-14","Product","High","2026-01-24","Resolved","1"
"CP0008531","C008532","O0008532","2026-01-15","Delivery","Low","2026-01-26","Resolved","2"
"CP0008532","C008533","O0008533","2026-01-16","Refund","High","2026-01-16","Resolved","3"
"CP0008533","C008534","O0008534","2026-01-17","Payment","Low","2026-01-18","Resolved","4"
"CP0008534","C008535","O0008535","2026-01-18","Product","High","2026-01-20","Resolved","5"
"CP0008535","C008536","O0008536","2026-01-19","Support","Low","2026-01-22","Resolved","1"
"CP0008536","C008537","O0008537","2026-01-20","Delivery","High","","Open",""
"CP0008537","C008538","O0008538","2026-01-21","Product","Medium","2026-01-26","Resolved","3"
"CP0008538","C008539","O0008539","2026-01-22","Payment","High","2026-01-28","Resolved","4"
"CP0008539","C008540","O0008540","2026-01-23","Payment","Low","2026-01-30","Resolved","5"
"CP0008540","C008541","O0008541","2026-01-24","Refund","Critical","2026-02-01","Resolved","1"
"CP0008541","C008542","O0008542","2026-01-25","Refund","Medium","2026-02-03","Resolved","2"
"CP0008542","C008543","O0008543","2026-01-26","Refund","Critical","2026-02-05","Resolved","3"
"CP0008543","C008544","O0008544","2026-01-27","Delivery","High","2026-02-07","Resolved","4"
"CP0008544","C008545","O0008545","2026-01-28","Support","Critical","","Open",""
"CP0008545","C008546","O0008546","2026-01-29","Payment","Medium","2026-01-30","Resolved","1"
"CP0008546","C008547","O0008547","2026-01-30","Delivery","Critical","2026-02-01","Resolved","2"
"CP0008547","C008548","O0008548","2026-01-31","Delivery","High","2026-02-03","Resolved","3"
"CP0008548","C008549","O0008549","2026-02-01","Refund","Medium","2026-02-05","Resolved","4"
"CP0008549","C008550","O0008550","2026-02-02","Payment","Low","2026-02-07","Resolved","5"
"CP0008550","C008551","O0008551","2026-02-03","Refund","Medium","2026-02-09","Resolved","1"
"CP0008551","C008552","O0008552","2026-02-04","Refund","High","2026-02-11","Resolved","2"
"CP0008552","C008553","O0008553","2026-02-05","Product","Low","","Open",""
"CP0008553","C008554","O0008554","2026-02-06","Delivery","Low","2026-02-15","Resolved","4"
"CP0008554","C008555","O0008555","2026-02-07","Payment","Medium","2026-02-17","Resolved","5"
"CP0008555","C008556","O0008556","2026-02-08","Delivery","Critical","2026-02-19","Resolved","1"
"CP0008556","C008557","O0008557","2026-02-09","Product","Medium","2026-02-09","Resolved","2"
"CP0008557","C008558","O0008558","2026-02-10","Delivery","Low","2026-02-11","Resolved","3"
"CP0008558","C008559","O0008559","2026-02-11","Refund","High","2026-02-13","Resolved","4"
"CP0008559","C008560","O0008560","2026-02-12","Refund","High","2026-02-15","Resolved","5"
"CP0008560","C008561","O0008561","2026-02-13","Payment","Low","","Open",""
"CP0008561","C008562","O0008562","2026-02-14","Delivery","Medium","2026-02-19","Resolved","2"
"CP0008562","C008563","O0008563","2026-02-15","Delivery","High","2026-02-21","Resolved","3"
"CP0008563","C008564","O0008564","2026-02-16","Support","Low","2026-02-23","Resolved","4"
"CP0008564","C008565","O0008565","2026-02-17","Delivery","Low","2026-02-25","Resolved","5"
"CP0008565","C008566","O0008566","2026-02-18","Delivery","Medium","2026-02-27","Resolved","1"
"CP0008566","C008567","O0008567","2026-02-19","Refund","Critical","2026-03-01","Resolved","2"
"CP0008567","C008568","O0008568","2026-02-20","Payment","Low","2026-03-03","Resolved","3"
"CP0008568","C008569","O0008569","2026-02-21","Payment","Critical","","Open",""
"CP0008569","C008570","O0008570","2026-02-22","Delivery","Critical","2026-02-23","Resolved","5"
"CP0008570","C008571","O0008571","2026-02-23","Payment","High","2026-02-25","Resolved","1"
"CP0008571","C008572","O0008572","2026-02-24","Support","Medium","2026-02-27","Resolved","2"
"CP0008572","C008573","O0008573","2026-02-25","Payment","High","2026-03-01","Resolved","3"
"CP0008573","C008574","O0008574","2026-02-26","Payment","Low","2026-03-03","Resolved","4"
"CP0008574","C008575","O0008575","2026-02-27","Payment","High","2026-03-05","Resolved","5"
"CP0008575","C008576","O0008576","2026-02-28","Support","High","2026-03-07","Resolved","1"
"CP0008576","C008577","O0008577","2026-03-01","Product","Low","","Open",""
"CP0008577","C008578","O0008578","2026-03-02","Refund","Critical","2026-03-11","Resolved","3"
"CP0008578","C008579","O0008579","2026-03-03","Delivery","Low","2026-03-13","Resolved","4"
"CP0008579","C008580","O0008580","2026-03-04","Refund","Critical","2026-03-15","Resolved","5"
"CP0008580","C008581","O0008581","2026-03-05","Payment","Low","2026-03-05","Resolved","1"
"CP0008581","C008582","O0008582","2026-03-06","Delivery","Low","2026-03-07","Resolved","2"
"CP0008582","C008583","O0008583","2026-03-07","Refund","Critical","2026-03-09","Resolved","3"
"CP0008583","C008584","O0008584","2026-03-08","Refund","Low","2026-03-11","Resolved","4"
"CP0008584","C008585","O0008585","2026-03-09","Payment","Low","","Open",""
"CP0008585","C008586","O0008586","2026-03-10","Payment","Critical","2026-03-15","Resolved","1"
"CP0008586","C008587","O0008587","2026-03-11","Product","Medium","2026-03-17","Resolved","2"
"CP0008587","C008588","O0008588","2026-03-12","Delivery","Low","2026-03-19","Resolved","3"
"CP0008588","C008589","O0008589","2026-03-13","Product","High","2026-03-21","Resolved","4"
"CP0008589","C008590","O0008590","2026-03-14","Delivery","High","2026-03-23","Resolved","5"
"CP0008590","C008591","O0008591","2026-03-15","Refund","Critical","2026-03-25","Resolved","1"
"CP0008591","C008592","O0008592","2026-03-16","Payment","Low","2026-03-27","Resolved","2"
"CP0008592","C008593","O0008593","2026-03-17","Payment","High","","Open",""
"CP0008593","C008594","O0008594","2026-03-18","Refund","High","2026-03-19","Resolved","4"
"CP0008594","C008595","O0008595","2026-03-19","Support","Low","2026-03-21","Resolved","5"
"CP0008595","C008596","O0008596","2026-03-20","Delivery","Low","2026-03-23","Resolved","1"
"CP0008596","C008597","O0008597","2026-03-21","Payment","Medium","2026-03-25","Resolved","2"
"CP0008597","C008598","O0008598","2026-03-22","Product","Low","2026-03-27","Resolved","3"
"CP0008598","C008599","O0008599","2026-03-23","Support","Medium","2026-03-29","Resolved","4"
"CP0008599","C008600","O0008600","2026-03-24","Payment","Low","2026-03-31","Resolved","5"
"CP0008600","C008601","O0008601","2026-03-25","Payment","Low","","Open",""
"CP0008601","C008602","O0008602","2026-03-26","Product","High","2026-04-04","Resolved","2"
"CP0008602","C008603","O0008603","2026-03-27","Support","Critical","2026-04-06","Resolved","3"
"CP0008603","C008604","O0008604","2026-03-28","Refund","Medium","2026-04-08","Resolved","4"
"CP0008604","C008605","O0008605","2026-03-29","Refund","Low","2026-03-29","Resolved","5"
"CP0008605","C008606","O0008606","2026-03-30","Support","Low","2026-03-31","Resolved","1"
"CP0008606","C008607","O0008607","2026-03-31","Delivery","Low","2026-04-02","Resolved","2"
"CP0008607","C008608","O0008608","2026-04-01","Payment","Medium","2026-04-04","Resolved","3"
"CP0008608","C008609","O0008609","2026-04-02","Delivery","Low","","Open",""
"CP0008609","C008610","O0008610","2026-04-03","Product","Low","2026-04-08","Resolved","5"
"CP0008610","C008611","O0008611","2026-04-04","Support","Medium","2026-04-10","Resolved","1"
"CP0008611","C008612","O0008612","2026-04-05","Support","Medium","2026-04-12","Resolved","2"
"CP0008612","C008613","O0008613","2026-04-06","Delivery","High","2026-04-14","Resolved","3"
"CP0008613","C008614","O0008614","2026-04-07","Product","High","2026-04-16","Resolved","4"
"CP0008614","C008615","O0008615","2026-04-08","Delivery","High","2026-04-18","Resolved","5"
"CP0008615","C008616","O0008616","2026-04-09","Support","Medium","2026-04-20","Resolved","1"
"CP0008616","C008617","O0008617","2026-04-10","Delivery","Low","","Open",""
"CP0008617","C008618","O0008618","2026-04-11","Refund","Critical","2026-04-12","Resolved","3"
"CP0008618","C008619","O0008619","2026-04-12","Support","Medium","2026-04-14","Resolved","4"
"CP0008619","C008620","O0008620","2026-04-13","Refund","Critical","2026-04-16","Resolved","5"
"CP0008620","C008621","O0008621","2026-04-14","Delivery","High","2026-04-18","Resolved","1"
"CP0008621","C008622","O0008622","2026-04-15","Payment","Critical","2026-04-20","Resolved","2"
"CP0008622","C008623","O0008623","2026-04-16","Delivery","Medium","2026-04-22","Resolved","3"
"CP0008623","C008624","O0008624","2026-04-17","Delivery","Medium","2026-04-24","Resolved","4"
"CP0008624","C008625","O0008625","2026-04-18","Delivery","High","","Open",""
"CP0008625","C008626","O0008626","2026-04-19","Payment","Critical","2026-04-28","Resolved","1"
"CP0008626","C008627","O0008627","2026-04-20","Delivery","Low","2026-04-30","Resolved","2"
"CP0008627","C008628","O0008628","2026-04-21","Refund","Medium","2026-05-02","Resolved","3"
"CP0008628","C008629","O0008629","2026-04-22","Refund","High","2026-04-22","Resolved","4"
"CP0008629","C008630","O0008630","2026-04-23","Refund","High","2026-04-24","Resolved","5"
"CP0008630","C008631","O0008631","2026-04-24","Refund","Low","2026-04-26","Resolved","1"
"CP0008631","C008632","O0008632","2026-04-25","Refund","Critical","2026-04-28","Resolved","2"
"CP0008632","C008633","O0008633","2026-04-26","Refund","High","","Open",""
"CP0008633","C008634","O0008634","2026-04-27","Delivery","High","2026-05-02","Resolved","4"
"CP0008634","C008635","O0008635","2026-04-28","Product","Critical","2026-05-04","Resolved","5"
"CP0008635","C008636","O0008636","2026-04-29","Product","Medium","2026-05-06","Resolved","1"
"CP0008636","C008637","O0008637","2026-04-30","Payment","Critical","2026-05-08","Resolved","2"
"CP0008637","C008638","O0008638","2026-05-01","Payment","Critical","2026-05-10","Resolved","3"
"CP0008638","C008639","O0008639","2026-05-02","Delivery","Critical","2026-05-12","Resolved","4"
"CP0008639","C008640","O0008640","2026-05-03","Product","High","2026-05-14","Resolved","5"
"CP0008640","C008641","O0008641","2026-05-04","Product","High","","Open",""
"CP0008641","C008642","O0008642","2026-05-05","Product","Critical","2026-05-06","Resolved","2"
"CP0008642","C008643","O0008643","2026-05-06","Delivery","Critical","2026-05-08","Resolved","3"
"CP0008643","C008644","O0008644","2026-05-07","Delivery","Medium","2026-05-10","Resolved","4"
"CP0008644","C008645","O0008645","2026-05-08","Support","Critical","2026-05-12","Resolved","5"
"CP0008645","C008646","O0008646","2026-05-09","Payment","Medium","2026-05-14","Resolved","1"
"CP0008646","C008647","O0008647","2026-05-10","Support","Low","2026-05-16","Resolved","2"
"CP0008647","C008648","O0008648","2026-05-11","Support","Critical","2026-05-18","Resolved","3"
"CP0008648","C008649","O0008649","2026-05-12","Refund","Critical","","Open",""
"CP0008649","C008650","O0008650","2026-05-13","Payment","High","2026-05-22","Resolved","5"
"CP0008650","C008651","O0008651","2026-05-14","Payment","Critical","2026-05-24","Resolved","1"
"CP0008651","C008652","O0008652","2026-05-15","Delivery","Medium","2026-05-26","Resolved","2"
"CP0008652","C008653","O0008653","2026-05-16","Refund","Medium","2026-05-16","Resolved","3"
"CP0008653","C008654","O0008654","2026-05-17","Refund","Medium","2026-05-18","Resolved","4"
"CP0008654","C008655","O0008655","2026-05-18","Support","Critical","2026-05-20","Resolved","5"
"CP0008655","C008656","O0008656","2026-05-19","Support","Critical","2026-05-22","Resolved","1"
"CP0008656","C008657","O0008657","2026-05-20","Refund","Low","","Open",""
"CP0008657","C008658","O0008658","2026-05-21","Payment","High","2026-05-26","Resolved","3"
"CP0008658","C008659","O0008659","2026-05-22","Support","High","2026-05-28","Resolved","4"
"CP0008659","C008660","O0008660","2026-05-23","Delivery","High","2026-05-30","Resolved","5"
"CP0008660","C008661","O0008661","2026-05-24","Product","Critical","2026-06-01","Resolved","1"
"CP0008661","C008662","O0008662","2026-05-25","Refund","Medium","2026-06-03","Resolved","2"
"CP0008662","C008663","O0008663","2026-05-26","Product","Critical","2026-06-05","Resolved","3"
"CP0008663","C008664","O0008664","2026-05-27","Delivery","Critical","2026-06-07","Resolved","4"
"CP0008664","C008665","O0008665","2026-05-28","Refund","Low","","Open",""
"CP0008665","C008666","O0008666","2026-05-29","Delivery","High","2026-05-30","Resolved","1"
"CP0008666","C008667","O0008667","2026-05-30","Delivery","Medium","2026-06-01","Resolved","2"
"CP0008667","C008668","O0008668","2026-05-31","Delivery","Low","2026-06-03","Resolved","3"
"CP0008668","C008669","O0008669","2026-06-01","Payment","Low","2026-06-05","Resolved","4"
"CP0008669","C008670","O0008670","2026-06-02","Payment","High","2026-06-07","Resolved","5"
"CP0008670","C008671","O0008671","2026-06-03","Delivery","High","2026-06-09","Resolved","1"
"CP0008671","C008672","O0008672","2026-06-04","Refund","Critical","2026-06-11","Resolved","2"
"CP0008672","C008673","O0008673","2026-06-05","Refund","Critical","","Open",""
"CP0008673","C008674","O0008674","2026-06-06","Delivery","Medium","2026-06-15","Resolved","4"
"CP0008674","C008675","O0008675","2026-06-07","Refund","High","2026-06-17","Resolved","5"
"CP0008675","C008676","O0008676","2026-06-08","Support","Medium","2026-06-19","Resolved","1"
"CP0008676","C008677","O0008677","2026-06-09","Refund","Medium","2026-06-09","Resolved","2"
"CP0008677","C008678","O0008678","2026-06-10","Payment","Medium","2026-06-11","Resolved","3"
"CP0008678","C008679","O0008679","2026-06-11","Payment","Critical","2026-06-13","Resolved","4"
"CP0008679","C008680","O0008680","2026-06-12","Delivery","Low","2026-06-15","Resolved","5"
"CP0008680","C008681","O0008681","2026-06-13","Refund","Low","","Open",""
"CP0008681","C008682","O0008682","2026-06-14","Delivery","Medium","2026-06-19","Resolved","2"
"CP0008682","C008683","O0008683","2026-06-15","Refund","High","2026-06-21","Resolved","3"
"CP0008683","C008684","O0008684","2026-06-16","Support","Medium","2026-06-23","Resolved","4"
"CP0008684","C008685","O0008685","2026-06-17","Payment","Critical","2026-06-25","Resolved","5"
"CP0008685","C008686","O0008686","2026-06-18","Support","Medium","2026-06-27","Resolved","1"
"CP0008686","C008687","O0008687","2026-06-19","Refund","High","2026-06-29","Resolved","2"
"CP0008687","C008688","O0008688","2026-06-20","Product","High","2026-07-01","Resolved","3"
"CP0008688","C008689","O0008689","2026-06-21","Product","High","","Open",""
"CP0008689","C008690","O0008690","2026-06-22","Delivery","Medium","2026-06-23","Resolved","5"
"CP0008690","C008691","O0008691","2026-06-23","Support","Medium","2026-06-25","Resolved","1"
"CP0008691","C008692","O0008692","2026-06-24","Refund","Critical","2026-06-27","Resolved","2"
"CP0008692","C008693","O0008693","2026-06-25","Payment","Critical","2026-06-29","Resolved","3"
"CP0008693","C008694","O0008694","2026-06-26","Payment","Critical","2026-07-01","Resolved","4"
"CP0008694","C008695","O0008695","2026-06-27","Refund","Medium","2026-07-03","Resolved","5"
"CP0008695","C008696","O0008696","2026-06-28","Payment","Critical","2026-07-05","Resolved","1"
"CP0008696","C008697","O0008697","2026-06-29","Delivery","Low","","Open",""
"CP0008697","C008698","O0008698","2026-06-30","Product","High","2026-07-09","Resolved","3"
"CP0008698","C008699","O0008699","2026-07-01","Support","High","2026-07-11","Resolved","4"
"CP0008699","C008700","O0008700","2026-07-02","Support","High","2026-07-13","Resolved","5"
"CP0008700","C008701","O0008701","2026-07-03","Support","Low","2026-07-03","Resolved","1"
"CP0008701","C008702","O0008702","2026-07-04","Support","High","2026-07-05","Resolved","2"
"CP0008702","C008703","O0008703","2026-07-05","Delivery","High","2026-07-07","Resolved","3"
"CP0008703","C008704","O0008704","2026-07-06","Support","Low","2026-07-09","Resolved","4"
"CP0008704","C008705","O0008705","2026-07-07","Payment","Medium","","Open",""
"CP0008705","C008706","O0008706","2026-07-08","Refund","High","2026-07-13","Resolved","1"
"CP0008706","C008707","O0008707","2026-07-09","Refund","Medium","2026-07-15","Resolved","2"
"CP0008707","C008708","O0008708","2026-07-10","Support","Critical","2026-07-17","Resolved","3"
"CP0008708","C008709","O0008709","2026-07-11","Payment","Critical","2026-07-19","Resolved","4"
"CP0008709","C008710","O0008710","2026-07-12","Support","Medium","2026-07-21","Resolved","5"
"CP0008710","C008711","O0008711","2026-07-13","Support","Medium","2026-07-23","Resolved","1"
"CP0008711","C008712","O0008712","2026-07-14","Delivery","Low","2026-07-25","Resolved","2"
"CP0008712","C008713","O0008713","2026-07-15","Refund","High","","Open",""
"CP0008713","C008714","O0008714","2026-07-16","Payment","Low","2026-07-17","Resolved","4"
"CP0008714","C008715","O0008715","2026-07-17","Payment","Medium","2026-07-19","Resolved","5"
"CP0008715","C008716","O0008716","2026-07-18","Delivery","High","2026-07-21","Resolved","1"
"CP0008716","C008717","O0008717","2026-07-19","Delivery","Low","2026-07-23","Resolved","2"
"CP0008717","C008718","O0008718","2026-07-20","Payment","Medium","2026-07-25","Resolved","3"
"CP0008718","C008719","O0008719","2026-07-21","Delivery","Low","2026-07-27","Resolved","4"
"CP0008719","C008720","O0008720","2026-07-22","Refund","High","2026-07-29","Resolved","5"
"CP0008720","C008721","O0008721","2026-07-23","Product","Medium","","Open",""
"CP0008721","C008722","O0008722","2026-07-24","Product","Critical","2026-08-02","Resolved","2"
"CP0008722","C008723","O0008723","2026-07-25","Product","Medium","2026-08-04","Resolved","3"
"CP0008723","C008724","O0008724","2026-07-26","Payment","High","2026-08-06","Resolved","4"
"CP0008724","C008725","O0008725","2026-07-27","Delivery","Low","2026-07-27","Resolved","5"
"CP0008725","C008726","O0008726","2026-07-28","Support","Medium","2026-07-29","Resolved","1"
"CP0008726","C008727","O0008727","2026-07-29","Support","Critical","2026-07-31","Resolved","2"
"CP0008727","C008728","O0008728","2026-07-30","Support","Critical","2026-08-02","Resolved","3"
"CP0008728","C008729","O0008729","2026-07-31","Payment","High","","Open",""
"CP0008729","C008730","O0008730","2026-08-01","Payment","High","2026-08-06","Resolved","5"
"CP0008730","C008731","O0008731","2026-08-02","Delivery","High","2026-08-08","Resolved","1"
"CP0008731","C008732","O0008732","2026-08-03","Product","Medium","2026-08-10","Resolved","2"
"CP0008732","C008733","O0008733","2026-08-04","Delivery","Medium","2026-08-12","Resolved","3"
"CP0008733","C008734","O0008734","2026-08-05","Support","Critical","2026-08-14","Resolved","4"
"CP0008734","C008735","O0008735","2026-08-06","Refund","Low","2026-08-16","Resolved","5"
"CP0008735","C008736","O0008736","2026-08-07","Support","Critical","2026-08-18","Resolved","1"
"CP0008736","C008737","O0008737","2026-08-08","Product","Medium","","Open",""
"CP0008737","C008738","O0008738","2026-08-09","Delivery","Critical","2026-08-10","Resolved","3"
"CP0008738","C008739","O0008739","2026-08-10","Refund","Critical","2026-08-12","Resolved","4"
"CP0008739","C008740","O0008740","2026-08-11","Refund","Critical","2026-08-14","Resolved","5"
"CP0008740","C008741","O0008741","2026-08-12","Refund","High","2026-08-16","Resolved","1"
"CP0008741","C008742","O0008742","2026-08-13","Support","High","2026-08-18","Resolved","2"
"CP0008742","C008743","O0008743","2026-08-14","Payment","Low","2026-08-20","Resolved","3"
"CP0008743","C008744","O0008744","2026-08-15","Payment","Medium","2026-08-22","Resolved","4"
"CP0008744","C008745","O0008745","2026-08-16","Payment","Low","","Open",""
"CP0008745","C008746","O0008746","2026-08-17","Support","Medium","2026-08-26","Resolved","1"
"CP0008746","C008747","O0008747","2026-08-18","Delivery","Critical","2026-08-28","Resolved","2"
"CP0008747","C008748","O0008748","2026-08-19","Product","High","2026-08-30","Resolved","3"
"CP0008748","C008749","O0008749","2026-08-20","Delivery","Critical","2026-08-20","Resolved","4"
"CP0008749","C008750","O0008750","2026-08-21","Refund","High","2026-08-22","Resolved","5"
"CP0008750","C008751","O0008751","2026-08-22","Payment","High","2026-08-24","Resolved","1"
"CP0008751","C008752","O0008752","2026-08-23","Product","High","2026-08-26","Resolved","2"
"CP0008752","C008753","O0008753","2026-08-24","Product","Low","","Open",""
"CP0008753","C008754","O0008754","2026-08-25","Product","Low","2026-08-30","Resolved","4"
"CP0008754","C008755","O0008755","2026-08-26","Support","Low","2026-09-01","Resolved","5"
"CP0008755","C008756","O0008756","2026-08-27","Delivery","Medium","2026-09-03","Resolved","1"
"CP0008756","C008757","O0008757","2026-08-28","Payment","High","2026-09-05","Resolved","2"
"CP0008757","C008758","O0008758","2026-08-29","Product","Low","2026-09-07","Resolved","3"
"CP0008758","C008759","O0008759","2026-08-30","Product","Low","2026-09-09","Resolved","4"
"CP0008759","C008760","O0008760","2026-08-31","Delivery","Critical","2026-09-11","Resolved","5"
"CP0008760","C008761","O0008761","2025-09-01","Refund","Critical","","Open",""
"CP0008761","C008762","O0008762","2025-09-02","Product","Medium","2025-09-03","Resolved","2"
"CP0008762","C008763","O0008763","2025-09-03","Support","Low","2025-09-05","Resolved","3"
"CP0008763","C008764","O0008764","2025-09-04","Payment","Medium","2025-09-07","Resolved","4"
"CP0008764","C008765","O0008765","2025-09-05","Delivery","High","2025-09-09","Resolved","5"
"CP0008765","C008766","O0008766","2025-09-06","Product","High","2025-09-11","Resolved","1"
"CP0008766","C008767","O0008767","2025-09-07","Refund","Critical","2025-09-13","Resolved","2"
"CP0008767","C008768","O0008768","2025-09-08","Product","High","2025-09-15","Resolved","3"
"CP0008768","C008769","O0008769","2025-09-09","Payment","Critical","","Open",""
"CP0008769","C008770","O0008770","2025-09-10","Payment","Low","2025-09-19","Resolved","5"
"CP0008770","C008771","O0008771","2025-09-11","Product","Low","2025-09-21","Resolved","1"
"CP0008771","C008772","O0008772","2025-09-12","Support","High","2025-09-23","Resolved","2"
"CP0008772","C008773","O0008773","2025-09-13","Payment","Medium","2025-09-13","Resolved","3"
"CP0008773","C008774","O0008774","2025-09-14","Delivery","Low","2025-09-15","Resolved","4"
"CP0008774","C008775","O0008775","2025-09-15","Support","Critical","2025-09-17","Resolved","5"
"CP0008775","C008776","O0008776","2025-09-16","Product","High","2025-09-19","Resolved","1"
"CP0008776","C008777","O0008777","2025-09-17","Support","Critical","","Open",""
"CP0008777","C008778","O0008778","2025-09-18","Payment","High","2025-09-23","Resolved","3"
"CP0008778","C008779","O0008779","2025-09-19","Refund","Critical","2025-09-25","Resolved","4"
"CP0008779","C008780","O0008780","2025-09-20","Support","High","2025-09-27","Resolved","5"
"CP0008780","C008781","O0008781","2025-09-21","Delivery","Critical","2025-09-29","Resolved","1"
"CP0008781","C008782","O0008782","2025-09-22","Delivery","Critical","2025-10-01","Resolved","2"
"CP0008782","C008783","O0008783","2025-09-23","Support","Medium","2025-10-03","Resolved","3"
"CP0008783","C008784","O0008784","2025-09-24","Payment","Medium","2025-10-05","Resolved","4"
"CP0008784","C008785","O0008785","2025-09-25","Delivery","Critical","","Open",""
"CP0008785","C008786","O0008786","2025-09-26","Support","Critical","2025-09-27","Resolved","1"
"CP0008786","C008787","O0008787","2025-09-27","Delivery","Medium","2025-09-29","Resolved","2"
"CP0008787","C008788","O0008788","2025-09-28","Payment","High","2025-10-01","Resolved","3"
"CP0008788","C008789","O0008789","2025-09-29","Payment","High","2025-10-03","Resolved","4"
"CP0008789","C008790","O0008790","2025-09-30","Delivery","Medium","2025-10-05","Resolved","5"
"CP0008790","C008791","O0008791","2025-10-01","Support","Medium","2025-10-07","Resolved","1"
"CP0008791","C008792","O0008792","2025-10-02","Support","Medium","2025-10-09","Resolved","2"
"CP0008792","C008793","O0008793","2025-10-03","Product","Medium","","Open",""
"CP0008793","C008794","O0008794","2025-10-04","Delivery","Critical","2025-10-13","Resolved","4"
"CP0008794","C008795","O0008795","2025-10-05","Payment","Low","2025-10-15","Resolved","5"
"CP0008795","C008796","O0008796","2025-10-06","Support","High","2025-10-17","Resolved","1"
"CP0008796","C008797","O0008797","2025-10-07","Delivery","Low","2025-10-07","Resolved","2"
"CP0008797","C008798","O0008798","2025-10-08","Refund","High","2025-10-09","Resolved","3"
"CP0008798","C008799","O0008799","2025-10-09","Product","Medium","2025-10-11","Resolved","4"
"CP0008799","C008800","O0008800","2025-10-10","Delivery","High","2025-10-13","Resolved","5"
"CP0008800","C008801","O0008801","2025-10-11","Payment","Low","","Open",""
"CP0008801","C008802","O0008802","2025-10-12","Product","Low","2025-10-17","Resolved","2"
"CP0008802","C008803","O0008803","2025-10-13","Support","Low","2025-10-19","Resolved","3"
"CP0008803","C008804","O0008804","2025-10-14","Payment","Low","2025-10-21","Resolved","4"
"CP0008804","C008805","O0008805","2025-10-15","Payment","Critical","2025-10-23","Resolved","5"
"CP0008805","C008806","O0008806","2025-10-16","Refund","Critical","2025-10-25","Resolved","1"
"CP0008806","C008807","O0008807","2025-10-17","Support","Medium","2025-10-27","Resolved","2"
"CP0008807","C008808","O0008808","2025-10-18","Delivery","Medium","2025-10-29","Resolved","3"
"CP0008808","C008809","O0008809","2025-10-19","Delivery","Medium","","Open",""
"CP0008809","C008810","O0008810","2025-10-20","Delivery","Low","2025-10-21","Resolved","5"
"CP0008810","C008811","O0008811","2025-10-21","Payment","High","2025-10-23","Resolved","1"
"CP0008811","C008812","O0008812","2025-10-22","Support","High","2025-10-25","Resolved","2"
"CP0008812","C999999","O0008813","2025-10-23","Refund","High","2025-10-27","Resolved","3"
"CP0008813","C008814","O0008814","2025-10-24","Delivery","Low","2025-10-29","Resolved","4"
"CP0008814","C008815","O0008815","2025-10-25","Support","Critical","2025-10-31","Resolved","5"
"CP0008815","C008816","O0008816","2025-10-26","Delivery","Critical","2025-11-02","Resolved","1"
"CP0008816","C008817","O0008817","2025-10-27","Support","Critical","","Open",""
"CP0008817","C008818","O0008818","2025-10-28","Product","Low","2025-11-06","Resolved","3"
"CP0008818","C008819","O0008819","2025-10-29","Refund","Low","2025-11-08","Resolved","4"
"CP0008819","C008820","O0008820","2025-10-30","Payment","Medium","2025-11-10","Resolved","5"
"CP0008820","C008821","O0008821","2025-10-31","Delivery","High","2025-10-31","Resolved","1"
"CP0008821","C008822","O0008822","2025-11-01","Support","Critical","2025-11-02","Resolved","2"
"CP0008822","C008823","O0008823","2025-11-02","Delivery","High","2025-11-04","Resolved","3"
"CP0008823","C008824","O0008824","2025-11-03","Support","Low","2025-11-06","Resolved","4"
"CP0008824","C008825","O0008825","2025-11-04","Product","High","","Open",""
"CP0008825","C008826","O0008826","2025-11-05","Delivery","High","2025-11-10","Resolved","1"
"CP0008826","C008827","O0008827","2025-11-06","Support","High","2025-11-12","Resolved","2"
"CP0008827","C008828","O0008828","2025-11-07","Refund","High","2025-11-14","Resolved","3"
"CP0008828","C008829","O0008829","2025-11-08","Delivery","High","2025-11-16","Resolved","4"
"CP0008829","C008830","O0008830","2025-11-09","Payment","Critical","2025-11-18","Resolved","5"
"CP0008830","C008831","O0008831","2025-11-10","Support","Medium","2025-11-20","Resolved","1"
"CP0008831","C008832","O0008832","2025-11-11","Product","Medium","2025-11-22","Resolved","2"
"CP0008832","C008833","O0008833","2025-11-12","Payment","Medium","","Open",""
"CP0008833","C008834","O0008834","2025-11-13","Support","Low","2025-11-14","Resolved","4"
"CP0008834","C008835","O0008835","2025-11-14","Support","High","2025-11-16","Resolved","5"
"CP0008835","C008836","O0008836","2025-11-15","Payment","Medium","2025-11-18","Resolved","1"
"CP0008836","C008837","O0008837","2025-11-16","Refund","Medium","2025-11-20","Resolved","2"
"CP0008837","C008838","O0008838","2025-11-17","Support","Low","2025-11-22","Resolved","3"
"CP0008838","C008839","O0008839","2025-11-18","Delivery","Low","2025-11-24","Resolved","4"
"CP0008839","C008840","O0008840","2025-11-19","Delivery","Medium","2025-11-26","Resolved","5"
"CP0008840","C008841","O0008841","2025-11-20","Refund","Critical","","Open",""
"CP0008841","C008842","O0008842","2025-11-21","Product","High","2025-11-30","Resolved","2"
"CP0008842","C008843","O0008843","2025-11-22","Refund","Medium","2025-12-02","Resolved","3"
"CP0008843","C008844","O0008844","2025-11-23","Product","Low","2025-12-04","Resolved","4"
"CP0008844","C008845","O0008845","2025-11-24","Payment","Critical","2025-11-24","Resolved","5"
"CP0008845","C008846","O0008846","2025-11-25","Product","Medium","2025-11-26","Resolved","1"
"CP0008846","C008847","O0008847","2025-11-26","Product","Critical","2025-11-28","Resolved","2"
"CP0008847","C008848","O0008848","2025-11-27","Support","Low","2025-11-30","Resolved","3"
"CP0008848","C008849","O0008849","2025-11-28","Payment","High","","Open",""
"CP0008849","C008850","O0008850","2025-11-29","Support","Low","2025-12-04","Resolved","5"
"CP0008850","C008851","O0008851","2025-11-30","Refund","Low","2025-12-06","Resolved","1"
"CP0008851","C008852","O0008852","2025-12-01","Delivery","Low","2025-12-08","Resolved","2"
"CP0008852","C008853","O0008853","2025-12-02","Refund","Low","2025-12-10","Resolved","3"
"CP0008853","C008854","O0008854","2025-12-03","Support","Critical","2025-12-12","Resolved","4"
"CP0008854","C008855","O0008855","2025-12-04","Product","High","2025-12-14","Resolved","5"
"CP0008855","C008856","O0008856","2025-12-05","Support","Low","2025-12-16","Resolved","1"
"CP0008856","C008857","O0008857","2025-12-06","Product","Critical","","Open",""
"CP0008857","C008858","O0008858","2025-12-07","Refund","Medium","2025-12-08","Resolved","3"
"CP0008858","C008859","O0008859","2025-12-08","Delivery","Medium","2025-12-10","Resolved","4"
"CP0008859","C008860","O0008860","2025-12-09","Refund","High","2025-12-12","Resolved","5"
"CP0008860","C008861","O0008861","2025-12-10","Delivery","Low","2025-12-14","Resolved","1"
"CP0008861","C008862","O0008862","2025-12-11","Support","Critical","2025-12-16","Resolved","2"
"CP0008862","C008863","O0008863","2025-12-12","Payment","High","2025-12-18","Resolved","3"
"CP0008863","C008864","O0008864","2025-12-13","Support","Critical","2025-12-20","Resolved","4"
"CP0008864","C008865","O0008865","2025-12-14","Payment","Critical","","Open",""
"CP0008865","C008866","O0008866","2025-12-15","Product","Critical","2025-12-24","Resolved","1"
"CP0008866","C008867","O0008867","2025-12-16","Payment","High","2025-12-26","Resolved","2"
"CP0008867","C008868","O0008868","2025-12-17","Refund","Low","2025-12-28","Resolved","3"
"CP0008868","C008869","O0008869","2025-12-18","Delivery","Low","2025-12-18","Resolved","4"
"CP0008869","C008870","O0008870","2025-12-19","Refund","Critical","2025-12-20","Resolved","5"
"CP0008870","C008871","O0008871","2025-12-20","Payment","Critical","2025-12-22","Resolved","1"
"CP0008871","C008872","O0008872","2025-12-21","Support","High","2025-12-24","Resolved","2"
"CP0008872","C008873","O0008873","2025-12-22","Product","High","","Open",""
"CP0008873","C008874","O0008874","2025-12-23","Delivery","High","2025-12-28","Resolved","4"
"CP0008874","C008875","O0008875","2025-12-24","Payment","High","2025-12-30","Resolved","5"
"CP0008875","C008876","O0008876","2025-12-25","Product","High","2026-01-01","Resolved","1"
"CP0008876","C008877","O0008877","2025-12-26","Product","Low","2026-01-03","Resolved","2"
"CP0008877","C008878","O0008878","2025-12-27","Delivery","Critical","2026-01-05","Resolved","3"
"CP0008878","C008879","O0008879","2025-12-28","Payment","Critical","2026-01-07","Resolved","4"
"CP0008879","C008880","O0008880","2025-12-29","Refund","Medium","2026-01-09","Resolved","5"
"CP0008880","C008881","O0008881","2025-12-30","Refund","Critical","","Open",""
"CP0008881","C008882","O0008882","2025-12-31","Delivery","High","2026-01-01","Resolved","2"
"CP0008882","C008883","O0008883","2026-01-01","Product","Critical","2026-01-03","Resolved","3"
"CP0008883","C008884","O0008884","2026-01-02","Refund","High","2026-01-05","Resolved","4"
"CP0008884","C008885","O0008885","2026-01-03","Delivery","Medium","2026-01-07","Resolved","5"
"CP0008885","C008886","O0008886","2026-01-04","Payment","Medium","2026-01-09","Resolved","1"
"CP0008886","C008887","O0008887","2026-01-05","Product","Medium","2026-01-11","Resolved","2"
"CP0008887","C008888","O0008888","2026-01-06","Refund","Medium","2026-01-13","Resolved","3"
"CP0008888","C008889","O0008889","2026-01-07","Support","Low","","Open",""
"CP0008889","C008890","O0008890","2026-01-08","Delivery","High","2026-01-17","Resolved","5"
"CP0008890","C008891","O0008891","2026-01-09","Delivery","Critical","2026-01-19","Resolved","1"
"CP0008891","C008892","O0008892","2026-01-10","Support","Critical","2026-01-21","Resolved","2"
"CP0008892","C008893","O0008893","2026-01-11","Refund","Low","2026-01-11","Resolved","3"
"CP0008893","C008894","O0008894","2026-01-12","Refund","Critical","2026-01-13","Resolved","4"
"CP0008894","C008895","O0008895","2026-01-13","Support","Low","2026-01-15","Resolved","5"
"CP0008895","C008896","O0008896","2026-01-14","Support","High","2026-01-17","Resolved","1"
"CP0008896","C008897","O0008897","2026-01-15","Support","Medium","","Open",""
"CP0008897","C008898","O0008898","2026-01-16","Product","Medium","2026-01-21","Resolved","3"
"CP0008898","C008899","O0008899","2026-01-17","Product","High","2026-01-23","Resolved","4"
"CP0008899","C008900","O0008900","2026-01-18","Delivery","High","2026-01-25","Resolved","5"
"CP0008900","C008901","O0008901","2026-01-19","Payment","High","2026-01-27","Resolved","1"
"CP0008901","C008902","O0008902","2026-01-20","Delivery","High","2026-01-29","Resolved","2"
"CP0008902","C008903","O0008903","2026-01-21","Product","High","2026-01-31","Resolved","3"
"CP0008903","C008904","O0008904","2026-01-22","Product","High","2026-02-02","Resolved","4"
"CP0008904","C008905","O0008905","2026-01-23","Payment","Critical","","Open",""
"CP0008905","C008906","O0008906","2026-01-24","Support","Medium","2026-01-25","Resolved","1"
"CP0008906","C008907","O0008907","2026-01-25","Refund","Low","2026-01-27","Resolved","2"
"CP0008907","C008908","O0008908","2026-01-26","Payment","High","2026-01-29","Resolved","3"
"CP0008908","C008909","O0008909","2026-01-27","Refund","High","2026-01-31","Resolved","4"
"CP0008909","C008910","O0008910","2026-01-28","Product","Critical","2026-02-02","Resolved","5"
"CP0008910","C008911","O0008911","2026-01-29","Refund","Critical","2026-02-04","Resolved","1"
"CP0008911","C008912","O0008912","2026-01-30","Payment","High","2026-02-06","Resolved","2"
"CP0008912","C008913","O0008913","2026-01-31","Payment","Medium","","Open",""
"CP0008913","C008914","O0008914","2026-02-01","Product","Low","2026-02-10","Resolved","4"
"CP0008914","C008915","O0008915","2026-02-02","Product","Low","2026-02-12","Resolved","5"
"CP0008915","C008916","O0008916","2026-02-03","Payment","Low","2026-02-14","Resolved","1"
"CP0008916","C008917","O0008917","2026-02-04","Delivery","Medium","2026-02-04","Resolved","2"
"CP0008917","C008918","O0008918","2026-02-05","Refund","High","2026-02-06","Resolved","3"
"CP0008918","C008919","O0008919","2026-02-06","Support","Medium","2026-02-08","Resolved","4"
"CP0008919","C008920","O0008920","2026-02-07","Payment","Low","2026-02-10","Resolved","5"
"CP0008920","C008921","O0008921","2026-02-08","Refund","High","","Open",""
"CP0008921","C008922","O0008922","2026-02-09","Product","Critical","2026-02-14","Resolved","2"
"CP0008922","C008923","O0008923","2026-02-10","Delivery","Low","2026-02-16","Resolved","3"
"CP0008923","C008924","O0008924","2026-02-11","Product","Low","2026-02-18","Resolved","4"
"CP0008924","C008925","O0008925","2026-02-12","Support","Critical","2026-02-20","Resolved","5"
"CP0008925","C008926","O0008926","2026-02-13","Payment","Critical","2026-02-22","Resolved","1"
"CP0008926","C008927","O0008927","2026-02-14","Delivery","Medium","2026-02-24","Resolved","2"
"CP0008927","C008928","O0008928","2026-02-15","Refund","Medium","2026-02-26","Resolved","3"
"CP0008928","C008929","O0008929","2026-02-16","Product","Critical","","Open",""
"CP0008929","C008930","O0008930","2026-02-17","Payment","Low","2026-02-18","Resolved","5"
"CP0008930","C008931","O0008931","2026-02-18","Delivery","Low","2026-02-20","Resolved","1"
"CP0008931","C008932","O0008932","2026-02-19","Refund","Low","2026-02-22","Resolved","2"
"CP0008932","C008933","O0008933","2026-02-20","Delivery","Critical","2026-02-24","Resolved","3"
"CP0008933","C008934","O0008934","2026-02-21","Product","High","2026-02-26","Resolved","4"
"CP0008934","C008935","O0008935","2026-02-22","Support","Low","2026-02-28","Resolved","5"
"CP0008935","C008936","O0008936","2026-02-23","Product","High","2026-03-02","Resolved","1"
"CP0008936","C008937","O0008937","2026-02-24","Refund","Critical","","Open",""
"CP0008937","C008938","O0008938","2026-02-25","Delivery","Low","2026-03-06","Resolved","3"
"CP0008938","C008939","O0008939","2026-02-26","Support","Medium","2026-03-08","Resolved","4"
"CP0008939","C008940","O0008940","2026-02-27","Refund","High","2026-03-10","Resolved","5"
"CP0008940","C008941","O0008941","2026-02-28","Product","Critical","2026-02-28","Resolved","1"
"CP0008941","C008942","O0008942","2026-03-01","Product","Critical","2026-03-02","Resolved","2"
"CP0008942","C008943","O0008943","2026-03-02","Support","High","2026-03-04","Resolved","3"
"CP0008943","C008944","O0008944","2026-03-03","Refund","Low","2026-03-06","Resolved","4"
"CP0008944","C008945","O0008945","2026-03-04","Product","Medium","","Open",""
"CP0008945","C008946","O0008946","2026-03-05","Product","Low","2026-03-10","Resolved","1"
"CP0008946","C008947","O0008947","2026-03-06","Delivery","Critical","2026-03-12","Resolved","2"
"CP0008947","C008948","O0008948","2026-03-07","Payment","Critical","2026-03-14","Resolved","3"
"CP0008948","C008949","O0008949","2026-03-08","Payment","Critical","2026-03-16","Resolved","4"
"CP0008949","C008950","O0008950","2026-03-09","Delivery","Critical","2026-03-18","Resolved","5"
"CP0008950","C008951","O0008951","2026-03-10","Delivery","Medium","2026-03-20","Resolved","1"
"CP0008951","C008952","O0008952","2026-03-11","Delivery","Medium","2026-03-22","Resolved","2"
"CP0008952","C008953","O0008953","2026-03-12","Payment","High","","Open",""
"CP0008953","C008954","O0008954","2026-03-13","Payment","Low","2026-03-14","Resolved","4"
"CP0008954","C008955","O0008955","2026-03-14","Payment","Medium","2026-03-16","Resolved","5"
"CP0008955","C008956","O0008956","2026-03-15","Payment","High","2026-03-18","Resolved","1"
"CP0008956","C008957","O0008957","2026-03-16","Product","High","2026-03-20","Resolved","2"
"CP0008957","C008958","O0008958","2026-03-17","Refund","Critical","2026-03-22","Resolved","3"
"CP0008958","C008959","O0008959","2026-03-18","Delivery","Critical","2026-03-24","Resolved","4"
"CP0008959","C008960","O0008960","2026-03-19","Delivery","Low","2026-03-26","Resolved","5"
"CP0008960","C008961","O0008961","2026-03-20","Delivery","High","","Open",""
"CP0008961","C008962","O0008962","2026-03-21","Delivery","Low","2026-03-30","Resolved","2"
"CP0008962","C008963","O0008963","2026-03-22","Delivery","High","2026-04-01","Resolved","3"
"CP0008963","C008964","O0008964","2026-03-23","Payment","Medium","2026-04-03","Resolved","4"
"CP0008964","C008965","O0008965","2026-03-24","Product","Critical","2026-03-24","Resolved","5"
"CP0008965","C008966","O0008966","2026-03-25","Refund","Low","2026-03-26","Resolved","1"
"CP0008966","C008967","O0008967","2026-03-26","Support","Medium","2026-03-28","Resolved","2"
"CP0008967","C008968","O0008968","2026-03-27","Payment","High","2026-03-30","Resolved","3"
"CP0008968","C008969","O0008969","2026-03-28","Payment","Low","","Open",""
"CP0008969","C008970","O0008970","2026-03-29","Support","Low","2026-04-03","Resolved","5"
"CP0008970","C008971","O0008971","2026-03-30","Delivery","Low","2026-04-05","Resolved","1"
"CP0008971","C008972","O0008972","2026-03-31","Delivery","Critical","2026-04-07","Resolved","2"
"CP0008972","C008973","O0008973","2026-04-01","Delivery","Low","2026-04-09","Resolved","3"
"CP0008973","C008974","O0008974","2026-04-02","Product","Low","2026-04-11","Resolved","4"
"CP0008974","C008975","O0008975","2026-04-03","Refund","Medium","2026-04-13","Resolved","5"
"CP0008975","C008976","O0008976","2026-04-04","Payment","High","2026-04-15","Resolved","1"
"CP0008976","C008977","O0008977","2026-04-05","Product","Critical","","Open",""
"CP0008977","C008978","O0008978","2026-04-06","Product","High","2026-04-07","Resolved","3"
"CP0008978","C008979","O0008979","2026-04-07","Refund","Critical","2026-04-09","Resolved","4"
"CP0008979","C008980","O0008980","2026-04-08","Delivery","Low","2026-04-11","Resolved","5"
"CP0008980","C008981","O0008981","2026-04-09","Product","Low","2026-04-13","Resolved","1"
"CP0008981","C008982","O0008982","2026-04-10","Support","High","2026-04-15","Resolved","2"
"CP0008982","C008983","O0008983","2026-04-11","Payment","Critical","2026-04-17","Resolved","3"
"CP0008983","C008984","O0008984","2026-04-12","Product","Low","2026-04-19","Resolved","4"
"CP0008984","C008985","O0008985","2026-04-13","Delivery","High","","Open",""
"CP0008985","C008986","O0008986","2026-04-14","Delivery","High","2026-04-23","Resolved","1"
"CP0008986","C008987","O0008987","2026-04-15","Product","Critical","2026-04-25","Resolved","2"
"CP0008987","C008988","O0008988","2026-04-16","Product","Medium","2026-04-27","Resolved","3"
"CP0008988","C008989","O0008989","2026-04-17","Support","Critical","2026-04-17","Resolved","4"
"CP0008989","C008990","O0008990","2026-04-18","Payment","Low","2026-04-19","Resolved","5"
"CP0008990","C008991","O0008991","2026-04-19","Payment","High","2026-04-21","Resolved","1"
"CP0008991","C008992","O0008992","2026-04-20","Support","Low","2026-04-23","Resolved","2"
"CP0008992","C008993","O0008993","2026-04-21","Product","Critical","","Open",""
"CP0008993","C008994","O0008994","2026-04-22","Payment","Critical","2026-04-27","Resolved","4"
"CP0008994","C008995","O0008995","2026-04-23","Delivery","Critical","2026-04-29","Resolved","5"
"CP0008995","C008996","O0008996","2026-04-24","Payment","Medium","2026-05-01","Resolved","1"
"CP0008996","C008997","O0008997","2026-04-25","Payment","Critical","2026-05-03","Resolved","2"
"CP0008997","C008998","O0008998","2026-04-26","Delivery","Critical","2026-05-05","Resolved","3"
"CP0008998","C008999","O0008999","2026-04-27","Payment","High","2026-05-07","Resolved","4"
"CP0008999","C009000","O0009000","2026-04-28","Payment","High","2026-05-09","Resolved","5"
"CP0009000","C009001","O0009001","2026-04-29","Delivery","Low","","Open",""
"CP0009001","C009002","O0009002","2026-04-30","Delivery","Medium","2026-05-01","Resolved","2"
"CP0009002","C009003","O0009003","2026-05-01","Delivery","Medium","2026-05-03","Resolved","3"
"CP0009003","C009004","O0009004","2026-05-02","Delivery","Medium","2026-05-05","Resolved","4"
"CP0009004","C009005","O0009005","2026-05-03","Payment","Medium","2026-05-07","Resolved","5"
"CP0009005","C009006","O0009006","2026-05-04","Support","High","2026-05-09","Resolved","1"
"CP0009006","C009007","O0009007","2026-05-05","Support","Low","2026-05-11","Resolved","2"
"CP0009007","C009008","O0009008","2026-05-06","Product","Low","2026-05-13","Resolved","3"
"CP0009008","C009009","O0009009","2026-05-07","Product","Low","","Open",""
"CP0009009","C009010","O0009010","2026-05-08","Refund","Medium","2026-05-17","Resolved","5"
"CP0009010","C009011","O0009011","2026-05-09","Support","Critical","2026-05-19","Resolved","1"
"CP0009011","C009012","O0009012","2026-05-10","Product","Medium","2026-05-21","Resolved","2"
"CP0009012","C009013","O0009013","2026-05-11","Product","High","2026-05-11","Resolved","3"
"CP0009013","C009014","O0009014","2026-05-12","Payment","Medium","2026-05-13","Resolved","4"
"CP0009014","C009015","O0009015","2026-05-13","Refund","Medium","2026-05-15","Resolved","5"
"CP0009015","C009016","O0009016","2026-05-14","Delivery","Low","2026-05-17","Resolved","1"
"CP0009016","C009017","O0009017","2026-05-15","Payment","Critical","","Open",""
"CP0009017","C009018","O0009018","2026-05-16","Product","High","2026-05-21","Resolved","3"
"CP0009018","C009019","O0009019","2026-05-17","Delivery","Critical","2026-05-23","Resolved","4"
"CP0009019","C009020","O0009020","2026-05-18","Support","Low","2026-05-25","Resolved","5"
"CP0009020","C009021","O0009021","2026-05-19","Support","Low","2026-05-27","Resolved","1"
"CP0009021","C009022","O0009022","2026-05-20","Refund","Low","2026-05-29","Resolved","2"
"CP0009022","C009023","O0009023","2026-05-21","Product","High","2026-05-31","Resolved","3"
"CP0009023","C009024","O0009024","2026-05-22","Refund","Critical","2026-06-02","Resolved","4"
"CP0009024","C009025","O0009025","2026-05-23","Refund","Medium","","Open",""
"CP0009025","C009026","O0009026","2026-05-24","Payment","Low","2026-05-25","Resolved","1"
"CP0009026","C009027","O0009027","2026-05-25","Support","Low","2026-05-27","Resolved","2"
"CP0009027","C009028","O0009028","2026-05-26","Delivery","Low","2026-05-29","Resolved","3"
"CP0009028","C009029","O0009029","2026-05-27","Payment","High","2026-05-31","Resolved","4"
"CP0009029","C009030","O0009030","2026-05-28","Support","Medium","2026-06-02","Resolved","5"
"CP0009030","C009031","O0009031","2026-05-29","Support","Critical","2026-06-04","Resolved","1"
"CP0009031","C009032","O0009032","2026-05-30","Payment","Low","2026-06-06","Resolved","2"
"CP0009032","C009033","O0009033","2026-05-31","Product","Medium","","Open",""
"CP0009033","C009034","O0009034","2026-06-01","Payment","High","2026-06-10","Resolved","4"
"CP0009034","C009035","O0009035","2026-06-02","Delivery","High","2026-06-12","Resolved","5"
"CP0009035","C009036","O0009036","2026-06-03","Product","High","2026-06-14","Resolved","1"
"CP0009036","C009037","O0009037","2026-06-04","Product","High","2026-06-04","Resolved","2"
"CP0009037","C009038","O0009038","2026-06-05","Product","Critical","2026-06-06","Resolved","3"
"CP0009038","C009039","O0009039","2026-06-06","Support","High","2026-06-08","Resolved","4"
"CP0009039","C009040","O0009040","2026-06-07","Product","High","2026-06-10","Resolved","5"
"CP0009040","C009041","O0009041","2026-06-08","Product","Critical","","Open",""
"CP0009041","C009042","O0009042","2026-06-09","Support","Critical","2026-06-14","Resolved","2"
"CP0009042","C009043","O0009043","2026-06-10","Payment","Medium","2026-06-16","Resolved","3"
"CP0009043","C009044","O0009044","2026-06-11","Support","High","2026-06-18","Resolved","4"
"CP0009044","C009045","O0009045","2026-06-12","Delivery","Low","2026-06-20","Resolved","5"
"CP0009045","C009046","O0009046","2026-06-13","Refund","High","2026-06-22","Resolved","1"
"CP0009046","C009047","O0009047","2026-06-14","Product","Low","2026-06-24","Resolved","2"
"CP0009047","C009048","O0009048","2026-06-15","Delivery","Low","2026-06-26","Resolved","3"
"CP0009048","C009049","O0009049","2026-06-16","Delivery","Medium","","Open",""
"CP0009049","C009050","O0009050","2026-06-17","Product","High","2026-06-18","Resolved","5"
"CP0009050","C009051","O0009051","2026-06-18","Support","Medium","2026-06-20","Resolved","1"
"CP0009051","C009052","O0009052","2026-06-19","Delivery","High","2026-06-22","Resolved","2"
"CP0009052","C009053","O0009053","2026-06-20","Refund","Critical","2026-06-24","Resolved","3"
"CP0009053","C009054","O0009054","2026-06-21","Support","Critical","2026-06-26","Resolved","4"
"CP0009054","C009055","O0009055","2026-06-22","Refund","Medium","2026-06-28","Resolved","5"
"CP0009055","C009056","O0009056","2026-06-23","Payment","Low","2026-06-30","Resolved","1"
"CP0009056","C009057","O0009057","2026-06-24","Refund","Critical","","Open",""
"CP0009057","C009058","O0009058","2026-06-25","Product","High","2026-07-04","Resolved","3"
"CP0009058","C009059","O0009059","2026-06-26","Refund","Low","2026-07-06","Resolved","4"
"CP0009059","C009060","O0009060","2026-06-27","Support","Critical","2026-07-08","Resolved","5"
"CP0009060","C009061","O0009061","2026-06-28","Support","Critical","2026-06-28","Resolved","1"
"CP0009061","C009062","O0009062","2026-06-29","Support","Low","2026-06-30","Resolved","2"
"CP0009062","C009063","O0009063","2026-06-30","Product","Medium","2026-07-02","Resolved","3"
"CP0009063","C009064","O0009064","2026-07-01","Refund","Low","2026-07-04","Resolved","4"
"CP0009064","C009065","O0009065","2026-07-02","Delivery","Medium","","Open",""
"CP0009065","C009066","O0009066","2026-07-03","Refund","Medium","2026-07-08","Resolved","1"
"CP0009066","C009067","O0009067","2026-07-04","Product","Medium","2026-07-10","Resolved","2"
"CP0009067","C009068","O0009068","2026-07-05","Support","Medium","2026-07-12","Resolved","3"
"CP0009068","C009069","O0009069","2026-07-06","Refund","Low","2026-07-14","Resolved","4"
"CP0009069","C009070","O0009070","2026-07-07","Payment","Critical","2026-07-16","Resolved","5"
"CP0009070","C009071","O0009071","2026-07-08","Delivery","Critical","2026-07-18","Resolved","1"
"CP0009071","C009072","O0009072","2026-07-09","Product","Low","2026-07-20","Resolved","2"
"CP0009072","C009073","O0009073","2026-07-10","Payment","Low","","Open",""
"CP0009073","C009074","O0009074","2026-07-11","Product","High","2026-07-12","Resolved","4"
"CP0009074","C009075","O0009075","2026-07-12","Delivery","Medium","2026-07-14","Resolved","5"
"CP0009075","C009076","O0009076","2026-07-13","Payment","Medium","2026-07-16","Resolved","1"
"CP0009076","C009077","O0009077","2026-07-14","Delivery","High","2026-07-18","Resolved","2"
"CP0009077","C009078","O0009078","2026-07-15","Support","Critical","2026-07-20","Resolved","3"
"CP0009078","C009079","O0009079","2026-07-16","Support","Medium","2026-07-22","Resolved","4"
"CP0009079","C009080","O0009080","2026-07-17","Delivery","Critical","2026-07-24","Resolved","5"
"CP0009080","C009081","O0009081","2026-07-18","Support","Low","","Open",""
"CP0009081","C009082","O0009082","2026-07-19","Payment","High","2026-07-28","Resolved","2"
"CP0009082","C009083","O0009083","2026-07-20","Support","High","2026-07-30","Resolved","3"
"CP0009083","C009084","O0009084","2026-07-21","Product","Medium","2026-08-01","Resolved","4"
"CP0009084","C009085","O0009085","2026-07-22","Product","Low","2026-07-22","Resolved","5"
"CP0009085","C009086","O0009086","2026-07-23","Delivery","Critical","2026-07-24","Resolved","1"
"CP0009086","C009087","O0009087","2026-07-24","Refund","Critical","2026-07-26","Resolved","2"
"CP0009087","C009088","O0009088","2026-07-25","Support","Critical","2026-07-28","Resolved","3"
"CP0009088","C009089","O0009089","2026-07-26","Refund","Critical","","Open",""
"CP0009089","C009090","O0009090","2026-07-27","Product","Critical","2026-08-01","Resolved","5"
"CP0009090","C009091","O0009091","2026-07-28","Refund","Critical","2026-08-03","Resolved","1"
"CP0009091","C009092","O0009092","2026-07-29","Delivery","High","2026-08-05","Resolved","2"
"CP0009092","C009093","O0009093","2026-07-30","Refund","Critical","2026-08-07","Resolved","3"
"CP0009093","C009094","O0009094","2026-07-31","Support","Medium","2026-08-09","Resolved","4"
"CP0009094","C009095","O0009095","2026-08-01","Product","High","2026-08-11","Resolved","5"
"CP0009095","C009096","O0009096","2026-08-02","Product","Low","2026-08-13","Resolved","1"
"CP0009096","C009097","O0009097","2026-08-03","Support","Medium","","Open",""
"CP0009097","C009098","O0009098","2026-08-04","Payment","Low","2026-08-05","Resolved","3"
"CP0009098","C009099","O0009099","2026-08-05","Support","High","2026-08-07","Resolved","4"
"CP0009099","C009100","O0009100","2026-08-06","Refund","Medium","2026-08-09","Resolved","5"
"CP0009100","C009101","O0009101","2026-08-07","Payment","High","2026-08-11","Resolved","1"
"CP0009101","C009102","O0009102","2026-08-08","Refund","High","2026-08-13","Resolved","2"
"CP0009102","C009103","O0009103","2026-08-09","Refund","Low","2026-08-15","Resolved","3"
"CP0009103","C009104","O0009104","2026-08-10","Product","Critical","2026-08-17","Resolved","4"
"CP0009104","C009105","O0009105","2026-08-11","Refund","High","","Open",""
"CP0009105","C009106","O0009106","2026-08-12","Refund","High","2026-08-21","Resolved","1"
"CP0009106","C009107","O0009107","2026-08-13","Payment","Critical","2026-08-23","Resolved","2"
"CP0009107","C009108","O0009108","2026-08-14","Refund","High","2026-08-25","Resolved","3"
"CP0009108","C009109","O0009109","2026-08-15","Delivery","Low","2026-08-15","Resolved","4"
"CP0009109","C009110","O0009110","2026-08-16","Support","Low","2026-08-17","Resolved","5"
"CP0009110","C009111","O0009111","2026-08-17","Support","High","2026-08-19","Resolved","1"
"CP0009111","C009112","O0009112","2026-08-18","Support","Low","2026-08-21","Resolved","2"
"CP0009112","C009113","O0009113","2026-08-19","Product","Low","","Open",""
"CP0009113","C009114","O0009114","2026-08-20","Support","Critical","2026-08-25","Resolved","4"
"CP0009114","C009115","O0009115","2026-08-21","Payment","Medium","2026-08-27","Resolved","5"
"CP0009115","C009116","O0009116","2026-08-22","Refund","Low","2026-08-29","Resolved","1"
"CP0009116","C009117","O0009117","2026-08-23","Product","Medium","2026-08-31","Resolved","2"
"CP0009117","C009118","O0009118","2026-08-24","Delivery","Low","2026-09-02","Resolved","3"
"CP0009118","C009119","O0009119","2026-08-25","Support","Critical","2026-09-04","Resolved","4"
"CP0009119","C009120","O0009120","2026-08-26","Payment","Medium","2026-09-06","Resolved","5"
"CP0009120","C009121","O0009121","2026-08-27","Payment","Critical","","Open",""
"CP0009121","C009122","O0009122","2026-08-28","Refund","Critical","2026-08-29","Resolved","2"
"CP0009122","C009123","O0009123","2026-08-29","Delivery","Critical","2026-08-31","Resolved","3"
"CP0009123","C009124","O0009124","2026-08-30","Support","Critical","2026-09-02","Resolved","4"
"CP0009124","C009125","O0009125","2026-08-31","Support","Critical","2026-09-04","Resolved","5"
"CP0009125","C009126","O0009126","2025-09-01","Product","High","2025-09-06","Resolved","1"
"CP0009126","C009127","O0009127","2025-09-02","Product","Low","2025-09-08","Resolved","2"
"CP0009127","C009128","O0009128","2025-09-03","Support","High","2025-09-10","Resolved","3"
"CP0009128","C009129","O0009129","2025-09-04","Support","High","","Open",""
"CP0009129","C009130","O0009130","2025-09-05","Delivery","Medium","2025-09-14","Resolved","5"
"CP0009130","C009131","O0009131","2025-09-06","Refund","Critical","2025-09-16","Resolved","1"
"CP0009131","C009132","O0009132","2025-09-07","Delivery","Low","2025-09-18","Resolved","2"
"CP0009132","C009133","O0009133","2025-09-08","Payment","Critical","2025-09-08","Resolved","3"
"CP0009133","C009134","O0009134","2025-09-09","Product","High","2025-09-10","Resolved","4"
"CP0009134","C009135","O0009135","2025-09-10","Product","High","2025-09-12","Resolved","5"
"CP0009135","C009136","O0009136","2025-09-11","Refund","Low","2025-09-14","Resolved","1"
"CP0009136","C009137","O0009137","2025-09-12","Delivery","Low","","Open",""
"CP0009137","C009138","O0009138","2025-09-13","Payment","Critical","2025-09-18","Resolved","3"
"CP0009138","C009139","O0009139","2025-09-14","Delivery","Low","2025-09-20","Resolved","4"
"CP0009139","C009140","O0009140","2025-09-15","Payment","Low","2025-09-22","Resolved","5"
"CP0009140","C009141","O0009141","2025-09-16","Delivery","Low","2025-09-24","Resolved","1"
"CP0009141","C009142","O0009142","2025-09-17","Support","High","2025-09-26","Resolved","2"
"CP0009142","C009143","O0009143","2025-09-18","Product","Critical","2025-09-28","Resolved","3"
"CP0009143","C009144","O0009144","2025-09-19","Support","Critical","2025-09-30","Resolved","4"
"CP0009144","C009145","O0009145","2025-09-20","Payment","Low","","Open",""
"CP0009145","C009146","O0009146","2025-09-21","Delivery","High","2025-09-22","Resolved","1"
"CP0009146","C009147","O0009147","2025-09-22","Product","High","2025-09-24","Resolved","2"
"CP0009147","C009148","O0009148","2025-09-23","Refund","Medium","2025-09-26","Resolved","3"
"CP0009148","C009149","O0009149","2025-09-24","Support","High","2025-09-28","Resolved","4"
"CP0009149","C009150","O0009150","2025-09-25","Refund","High","2025-09-30","Resolved","5"
"CP0009150","C009151","O0009151","2025-09-26","Product","Critical","2025-10-02","Resolved","1"
"CP0009151","C009152","O0009152","2025-09-27","Delivery","Low","2025-10-04","Resolved","2"
"CP0009152","C009153","O0009153","2025-09-28","Payment","Low","","Open",""
"CP0009153","C009154","O0009154","2025-09-29","Delivery","High","2025-10-08","Resolved","4"
"CP0009154","C009155","O0009155","2025-09-30","Support","Medium","2025-10-10","Resolved","5"
"CP0009155","C009156","O0009156","2025-10-01","Payment","Low","2025-10-12","Resolved","1"
"CP0009156","C009157","O0009157","2025-10-02","Product","Medium","2025-10-02","Resolved","2"
"CP0009157","C009158","O0009158","2025-10-03","Payment","Critical","2025-10-04","Resolved","3"
"CP0009158","C009159","O0009159","2025-10-04","Support","Critical","2025-10-06","Resolved","4"
"CP0009159","C009160","O0009160","2025-10-05","Support","Medium","2025-10-08","Resolved","5"
"CP0009160","C009161","O0009161","2025-10-06","Delivery","High","","Open",""
"CP0009161","C009162","O0009162","2025-10-07","Payment","Medium","2025-10-12","Resolved","2"
"CP0009162","C009163","O0009163","2025-10-08","Payment","Low","2025-10-14","Resolved","3"
"CP0009163","C009164","O0009164","2025-10-09","Support","Critical","2025-10-16","Resolved","4"
"CP0009164","C009165","O0009165","2025-10-10","Delivery","Critical","2025-10-18","Resolved","5"
"CP0009165","C009166","O0009166","2025-10-11","Delivery","High","2025-10-20","Resolved","1"
"CP0009166","C009167","O0009167","2025-10-12","Product","Critical","2025-10-22","Resolved","2"
"CP0009167","C009168","O0009168","2025-10-13","Support","High","2025-10-24","Resolved","3"
"CP0009168","C009169","O0009169","2025-10-14","Payment","Medium","","Open",""
"CP0009169","C009170","O0009170","2025-10-15","Support","Medium","2025-10-16","Resolved","5"
"CP0009170","C009171","O0009171","2025-10-16","Payment","Low","2025-10-18","Resolved","1"
"CP0009171","C009172","O0009172","2025-10-17","Product","Low","2025-10-20","Resolved","2"
"CP0009172","C009173","O0009173","2025-10-18","Support","Critical","2025-10-22","Resolved","3"
"CP0009173","C009174","O0009174","2025-10-19","Support","Low","2025-10-24","Resolved","4"
"CP0009174","C009175","O0009175","2025-10-20","Delivery","Low","2025-10-26","Resolved","5"
"CP0009175","C009176","O0009176","2025-10-21","Delivery","Low","2025-10-28","Resolved","1"
"CP0009176","C009177","O0009177","2025-10-22","Product","Medium","","Open",""
"CP0009177","C009178","O0009178","2025-10-23","Refund","High","2025-11-01","Resolved","3"
"CP0009178","C009179","O0009179","2025-10-24","Delivery","Critical","2025-11-03","Resolved","4"
"CP0009179","C009180","O0009180","2025-10-25","Delivery","High","2025-11-05","Resolved","5"
"CP0009180","C009181","O0009181","2025-10-26","Payment","High","2025-10-26","Resolved","1"
"CP0009181","C009182","O0009182","2025-10-27","Product","Medium","2025-10-28","Resolved","2"
"CP0009182","C009183","O0009183","2025-10-28","Refund","High","2025-10-30","Resolved","3"
"CP0009183","C009184","O0009184","2025-10-29","Product","High","2025-11-01","Resolved","4"
"CP0009184","C009185","O0009185","2025-10-30","Delivery","Critical","","Open",""
"CP0009185","C009186","O0009186","2025-10-31","Payment","Low","2025-11-05","Resolved","1"
"CP0009186","C009187","O0009187","2025-11-01","Delivery","Medium","2025-11-07","Resolved","2"
"CP0009187","C009188","O0009188","2025-11-02","Support","High","2025-11-09","Resolved","3"
"CP0009188","C009189","O0009189","2025-11-03","Refund","Low","2025-11-11","Resolved","4"
"CP0009189","C009190","O0009190","2025-11-04","Refund","Low","2025-11-13","Resolved","5"
"CP0009190","C009191","O0009191","2025-11-05","Product","Critical","2025-11-15","Resolved","1"
"CP0009191","C009192","O0009192","2025-11-06","Product","Medium","2025-11-17","Resolved","2"
"CP0009192","C009193","O0009193","2025-11-07","Support","Critical","","Open",""
"CP0009193","C009194","O0009194","2025-11-08","Product","Medium","2025-11-09","Resolved","4"
"CP0009194","C009195","O0009195","2025-11-09","Support","High","2025-11-11","Resolved","5"
"CP0009195","C009196","O0009196","2025-11-10","Delivery","Medium","2025-11-13","Resolved","1"
"CP0009196","C009197","O0009197","2025-11-11","Payment","Critical","2025-11-15","Resolved","2"
"CP0009197","C009198","O0009198","2025-11-12","Payment","High","2025-11-17","Resolved","3"
"CP0009198","C009199","O0009199","2025-11-13","Refund","Critical","2025-11-19","Resolved","4"
"CP0009199","C009200","O0009200","2025-11-14","Support","Low","2025-11-21","Resolved","5"
"CP0009200","C009201","O0009201","2025-11-15","Payment","Critical","","Open",""
"CP0009201","C009202","O0009202","2025-11-16","Delivery","Low","2025-11-25","Resolved","2"
"CP0009202","C009203","O0009203","2025-11-17","Product","High","2025-11-27","Resolved","3"
"CP0009203","C009204","O0009204","2025-11-18","Product","High","2025-11-29","Resolved","4"
"CP0009204","C009205","O0009205","2025-11-19","Support","Medium","2025-11-19","Resolved","5"
"CP0009205","C009206","O0009206","2025-11-20","Refund","Low","2025-11-21","Resolved","1"
"CP0009206","C009207","O0009207","2025-11-21","Delivery","Medium","2025-11-23","Resolved","2"
"CP0009207","C009208","O0009208","2025-11-22","Payment","Critical","2025-11-25","Resolved","3"
"CP0009208","C009209","O0009209","2025-11-23","Delivery","Low","","Open",""
"CP0009209","C009210","O0009210","2025-11-24","Payment","Medium","2025-11-29","Resolved","5"
"CP0009210","C009211","O0009211","2025-11-25","Product","Low","2025-12-01","Resolved","1"
"CP0009211","C009212","O0009212","2025-11-26","Support","Critical","2025-12-03","Resolved","2"
"CP0009212","C009213","O0009213","2025-11-27","Delivery","Critical","2025-12-05","Resolved","3"
"CP0009213","C009214","O0009214","2025-11-28","Refund","Medium","2025-12-07","Resolved","4"
"CP0009214","C009215","O0009215","2025-11-29","Support","Medium","2025-12-09","Resolved","5"
"CP0009215","C009216","O0009216","2025-11-30","Refund","Low","2025-12-11","Resolved","1"
"CP0009216","C009217","O0009217","2025-12-01","Support","Medium","","Open",""
"CP0009217","C009218","O0009218","2025-12-02","Product","Medium","2025-12-03","Resolved","3"
"CP0009218","C009219","O0009219","2025-12-03","Delivery","Medium","2025-12-05","Resolved","4"
"CP0009219","C009220","O0009220","2025-12-04","Delivery","Critical","2025-12-07","Resolved","5"
"CP0009220","C009221","O0009221","2025-12-05","Refund","Medium","2025-12-09","Resolved","1"
"CP0009221","C009222","O0009222","2025-12-06","Product","Medium","2025-12-11","Resolved","2"
"CP0009222","C009223","O0009223","2025-12-07","Refund","Critical","2025-12-13","Resolved","3"
"CP0009223","C009224","O0009224","2025-12-08","Product","Critical","2025-12-15","Resolved","4"
"CP0009224","C009225","O0009225","2025-12-09","Delivery","High","","Open",""
"CP0009225","C009226","O0009226","2025-12-10","Delivery","Critical","2025-12-19","Resolved","1"
"CP0009226","C009227","O0009227","2025-12-11","Product","Medium","2025-12-21","Resolved","2"
"CP0009227","C009228","O0009228","2025-12-12","Refund","Critical","2025-12-23","Resolved","3"
"CP0009228","C009229","O0009229","2025-12-13","Product","Critical","2025-12-13","Resolved","4"
"CP0009229","C009230","O0009230","2025-12-14","Refund","Low","2025-12-15","Resolved","5"
"CP0009230","C009231","O0009231","2025-12-15","Refund","Medium","2025-12-17","Resolved","1"
"CP0009231","C009232","O0009232","2025-12-16","Payment","High","2025-12-19","Resolved","2"
"CP0009232","C009233","O0009233","2025-12-17","Payment","Low","","Open",""
"CP0009233","C009234","O0009234","2025-12-18","Delivery","High","2025-12-23","Resolved","4"
"CP0009234","C009235","O0009235","2025-12-19","Support","High","2025-12-25","Resolved","5"
"CP0009235","C009236","O0009236","2025-12-20","Delivery","Critical","2025-12-27","Resolved","1"
"CP0009236","C009237","O0009237","2025-12-21","Delivery","Critical","2025-12-29","Resolved","2"
"CP0009237","C009238","O0009238","2025-12-22","Product","High","2025-12-31","Resolved","3"
"CP0009238","C009239","O0009239","2025-12-23","Payment","Medium","2026-01-02","Resolved","4"
"CP0009239","C009240","O0009240","2025-12-24","Product","Medium","2026-01-04","Resolved","5"
"CP0009240","C009241","O0009241","2025-12-25","Refund","Critical","","Open",""
"CP0009241","C009242","O0009242","2025-12-26","Product","High","2025-12-27","Resolved","2"
"CP0009242","C009243","O0009243","2025-12-27","Refund","Low","2025-12-29","Resolved","3"
"CP0009243","C009244","O0009244","2025-12-28","Payment","Critical","2025-12-31","Resolved","4"
"CP0009244","C009245","O0009245","2025-12-29","Refund","High","2026-01-02","Resolved","5"
"CP0009245","C009246","O0009246","2025-12-30","Support","Low","2026-01-04","Resolved","1"
"CP0009246","C009247","O0009247","2025-12-31","Support","Medium","2026-01-06","Resolved","2"
"CP0009247","C009248","O0009248","2026-01-01","Delivery","Critical","2026-01-08","Resolved","3"
"CP0009248","C009249","O0009249","2026-01-02","Delivery","High","","Open",""
"CP0009249","C009250","O0009250","2026-01-03","Payment","High","2026-01-12","Resolved","5"
"CP0009250","C009251","O0009251","2026-01-04","Payment","Medium","2026-01-14","Resolved","1"
"CP0009251","C009252","O0009252","2026-01-05","Product","Critical","2026-01-16","Resolved","2"
"CP0009252","C009253","O0009253","2026-01-06","Product","High","2026-01-06","Resolved","3"
"CP0009253","C009254","O0009254","2026-01-07","Refund","Critical","2026-01-08","Resolved","4"
"CP0009254","C009255","O0009255","2026-01-08","Support","Low","2026-01-10","Resolved","5"
"CP0009255","C009256","O0009256","2026-01-09","Refund","Critical","2026-01-12","Resolved","1"
"CP0009256","C009257","O0009257","2026-01-10","Delivery","Critical","","Open",""
"CP0009257","C009258","O0009258","2026-01-11","Delivery","Medium","2026-01-16","Resolved","3"
"CP0009258","C009259","O0009259","2026-01-12","Product","Low","2026-01-18","Resolved","4"
"CP0009259","C009260","O0009260","2026-01-13","Payment","Low","2026-01-20","Resolved","5"
"CP0009260","C009261","O0009261","2026-01-14","Delivery","Low","2026-01-22","Resolved","1"
"CP0009261","C009262","O0009262","2026-01-15","Payment","High","2026-01-24","Resolved","2"
"CP0009262","C009263","O0009263","2026-01-16","Support","Critical","2026-01-26","Resolved","3"
"CP0009263","C009264","O0009264","2026-01-17","Support","Critical","2026-01-28","Resolved","4"
"CP0009264","C009265","O0009265","2026-01-18","Payment","Medium","","Open",""
"CP0009265","C009266","O0009266","2026-01-19","Refund","Medium","2026-01-20","Resolved","1"
"CP0009266","C009267","O0009267","2026-01-20","Delivery","High","2026-01-22","Resolved","2"
"CP0009267","C009268","O0009268","2026-01-21","Support","Low","2026-01-24","Resolved","3"
"CP0009268","C009269","O0009269","2026-01-22","Payment","Critical","2026-01-26","Resolved","4"
"CP0009269","C009270","O0009270","2026-01-23","Support","High","2026-01-28","Resolved","5"
"CP0009270","C009271","O0009271","2026-01-24","Product","Low","2026-01-30","Resolved","1"
"CP0009271","C009272","O0009272","2026-01-25","Refund","Critical","2026-02-01","Resolved","2"
"CP0009272","C009273","O0009273","2026-01-26","Product","High","","Open",""
"CP0009273","C009274","O0009274","2026-01-27","Payment","Low","2026-02-05","Resolved","4"
"CP0009274","C009275","O0009275","2026-01-28","Refund","Low","2026-02-07","Resolved","5"
"CP0009275","C009276","O0009276","2026-01-29","Delivery","Low","2026-02-09","Resolved","1"
"CP0009276","C009277","O0009277","2026-01-30","Support","Low","2026-01-30","Resolved","2"
"CP0009277","C009278","O0009278","2026-01-31","Delivery","High","2026-02-01","Resolved","3"
"CP0009278","C009279","O0009279","2026-02-01","Support","Low","2026-02-03","Resolved","4"
"CP0009279","C009280","O0009280","2026-02-02","Delivery","Medium","2026-02-05","Resolved","5"
"CP0009280","C009281","O0009281","2026-02-03","Support","Critical","","Open",""
"CP0009281","C009282","O0009282","2026-02-04","Support","Low","2026-02-09","Resolved","2"
"CP0009282","C009283","O0009283","2026-02-05","Product","Medium","2026-02-11","Resolved","3"
"CP0009283","C009284","O0009284","2026-02-06","Product","Critical","2026-02-13","Resolved","4"
"CP0009284","C009285","O0009285","2026-02-07","Payment","Medium","2026-02-15","Resolved","5"
"CP0009285","C009286","O0009286","2026-02-08","Support","Low","2026-02-17","Resolved","1"
"CP0009286","C009287","O0009287","2026-02-09","Payment","Low","2026-02-19","Resolved","2"
"CP0009287","C009288","O0009288","2026-02-10","Refund","High","2026-02-21","Resolved","3"
"CP0009288","C009289","O0009289","2026-02-11","Refund","Medium","","Open",""
"CP0009289","C009290","O0009290","2026-02-12","Refund","Medium","2026-02-13","Resolved","5"
"CP0009290","C009291","O0009291","2026-02-13","Refund","High","2026-02-15","Resolved","1"
"CP0009291","C009292","O0009292","2026-02-14","Refund","Critical","2026-02-17","Resolved","2"
"CP0009292","C009293","O0009293","2026-02-15","Payment","Critical","2026-02-19","Resolved","3"
"CP0009293","C009294","O0009294","2026-02-16","Support","Critical","2026-02-21","Resolved","4"
"CP0009294","C009295","O0009295","2026-02-17","Payment","Low","2026-02-23","Resolved","5"
"CP0009295","C009296","O0009296","2026-02-18","Refund","Low","2026-02-25","Resolved","1"
"CP0009296","C009297","O0009297","2026-02-19","Payment","Critical","","Open",""
"CP0009297","C009298","O0009298","2026-02-20","Delivery","Low","2026-03-01","Resolved","3"
"CP0009298","C009299","O0009299","2026-02-21","Delivery","Low","2026-03-03","Resolved","4"
"CP0009299","C009300","O0009300","2026-02-22","Refund","High","2026-03-05","Resolved","5"
"CP0009300","C009301","O0009301","2026-02-23","Refund","Low","2026-02-23","Resolved","1"
"CP0009301","C009302","O0009302","2026-02-24","Refund","Critical","2026-02-25","Resolved","2"
"CP0009302","C009303","O0009303","2026-02-25","Refund","Medium","2026-02-27","Resolved","3"
"CP0009303","C009304","O0009304","2026-02-26","Refund","Critical","2026-03-01","Resolved","4"
"CP0009304","C009305","O0009305","2026-02-27","Delivery","High","","Open",""
"CP0009305","C009306","O0009306","2026-02-28","Refund","Low","2026-03-05","Resolved","1"
"CP0009306","C009307","O0009307","2026-03-01","Payment","Medium","2026-03-07","Resolved","2"
"CP0009307","C009308","O0009308","2026-03-02","Payment","Medium","2026-03-09","Resolved","3"
"CP0009308","C009309","O0009309","2026-03-03","Payment","Critical","2026-03-11","Resolved","4"
"CP0009309","C009310","O0009310","2026-03-04","Support","Medium","2026-03-13","Resolved","5"
"CP0009310","C009311","O0009311","2026-03-05","Product","High","2026-03-15","Resolved","1"
"CP0009311","C009312","O0009312","2026-03-06","Product","Low","2026-03-17","Resolved","2"
"CP0009312","C009313","O0009313","2026-03-07","Product","High","","Open",""
"CP0009313","C009314","O0009314","2026-03-08","Product","High","2026-03-09","Resolved","4"
"CP0009314","C009315","O0009315","2026-03-09","Product","Medium","2026-03-11","Resolved","5"
"CP0009315","C009316","O0009316","2026-03-10","Product","Medium","2026-03-13","Resolved","1"
"CP0009316","C009317","O0009317","2026-03-11","Payment","Low","2026-03-15","Resolved","2"
"CP0009317","C009318","O0009318","2026-03-12","Product","Low","2026-03-17","Resolved","3"
"CP0009318","C009319","O0009319","2026-03-13","Product","Medium","2026-03-19","Resolved","4"
"CP0009319","C009320","O0009320","2026-03-14","Delivery","Medium","2026-03-21","Resolved","5"
"CP0009320","C009321","O0009321","2026-03-15","Refund","Critical","","Open",""
"CP0009321","C009322","O0009322","2026-03-16","Support","High","2026-03-25","Resolved","2"
"CP0009322","C009323","O0009323","2026-03-17","Refund","Critical","2026-03-27","Resolved","3"
"CP0009323","C009324","O0009324","2026-03-18","Support","High","2026-03-29","Resolved","4"
"CP0009324","C009325","O0009325","2026-03-19","Refund","Critical","2026-03-19","Resolved","5"
"CP0009325","C009326","O0009326","2026-03-20","Delivery","Low","2026-03-21","Resolved","1"
"CP0009326","C009327","O0009327","2026-03-21","Payment","High","2026-03-23","Resolved","2"
"CP0009327","C009328","O0009328","2026-03-22","Refund","Medium","2026-03-25","Resolved","3"
"CP0009328","C009329","O0009329","2026-03-23","Refund","Medium","","Open",""
"CP0009329","C009330","O0009330","2026-03-24","Refund","High","2026-03-29","Resolved","5"
"CP0009330","C009331","O0009331","2026-03-25","Payment","Medium","2026-03-31","Resolved","1"
"CP0009331","C009332","O0009332","2026-03-26","Refund","Critical","2026-04-02","Resolved","2"
"CP0009332","C009333","O0009333","2026-03-27","Product","Medium","2026-04-04","Resolved","3"
"CP0009333","C009334","O0009334","2026-03-28","Product","Low","2026-04-06","Resolved","4"
"CP0009334","C009335","O0009335","2026-03-29","Payment","Medium","2026-04-08","Resolved","5"
"CP0009335","C009336","O0009336","2026-03-30","Delivery","High","2026-04-10","Resolved","1"
"CP0009336","C009337","O0009337","2026-03-31","Support","Low","","Open",""
"CP0009337","C009338","O0009338","2026-04-01","Product","Critical","2026-04-02","Resolved","3"
"CP0009338","C009339","O0009339","2026-04-02","Product","Critical","2026-04-04","Resolved","4"
"CP0009339","C009340","O0009340","2026-04-03","Refund","Medium","2026-04-06","Resolved","5"
"CP0009340","C009341","O0009341","2026-04-04","Product","High","2026-04-08","Resolved","1"
"CP0009341","C009342","O0009342","2026-04-05","Payment","High","2026-04-10","Resolved","2"
"CP0009342","C009343","O0009343","2026-04-06","Product","Low","2026-04-12","Resolved","3"
"CP0009343","C009344","O0009344","2026-04-07","Support","Low","2026-04-14","Resolved","4"
"CP0009344","C009345","O0009345","2026-04-08","Product","Medium","","Open",""
"CP0009345","C009346","O0009346","2026-04-09","Refund","Critical","2026-04-18","Resolved","1"
"CP0009346","C009347","O0009347","2026-04-10","Delivery","Low","2026-04-20","Resolved","2"
"CP0009347","C009348","O0009348","2026-04-11","Delivery","High","2026-04-22","Resolved","3"
"CP0009348","C009349","O0009349","2026-04-12","Support","Medium","2026-04-12","Resolved","4"
"CP0009349","C009350","O0009350","2026-04-13","Refund","Medium","2026-04-14","Resolved","5"
"CP0009350","C009351","O0009351","2026-04-14","Refund","Critical","2026-04-16","Resolved","1"
"CP0009351","C009352","O0009352","2026-04-15","Support","High","2026-04-18","Resolved","2"
"CP0009352","C009353","O0009353","2026-04-16","Refund","Medium","","Open",""
"CP0009353","C009354","O0009354","2026-04-17","Product","Critical","2026-04-22","Resolved","4"
"CP0009354","C009355","O0009355","2026-04-18","Product","Medium","2026-04-24","Resolved","5"
"CP0009355","C009356","O0009356","2026-04-19","Support","Medium","2026-04-26","Resolved","1"
"CP0009356","C009357","O0009357","2026-04-20","Delivery","Critical","2026-04-28","Resolved","2"
"CP0009357","C009358","O0009358","2026-04-21","Payment","Medium","2026-04-30","Resolved","3"
"CP0009358","C009359","O0009359","2026-04-22","Product","Medium","2026-05-02","Resolved","4"
"CP0009359","C009360","O0009360","2026-04-23","Support","High","2026-05-04","Resolved","5"
"CP0009360","C009361","O0009361","2026-04-24","Refund","Medium","","Open",""
"CP0009361","C009362","O0009362","2026-04-25","Product","Low","2026-04-26","Resolved","2"
"CP0009362","C009363","O0009363","2026-04-26","Support","Low","2026-04-28","Resolved","3"
"CP0009363","C009364","O0009364","2026-04-27","Payment","Medium","2026-04-30","Resolved","4"
"CP0009364","C009365","O0009365","2026-04-28","Delivery","Low","2026-05-02","Resolved","5"
"CP0009365","C009366","O0009366","2026-04-29","Payment","Low","2026-05-04","Resolved","1"
"CP0009366","C009367","O0009367","2026-04-30","Delivery","Critical","2026-05-06","Resolved","2"
"CP0009367","C009368","O0009368","2026-05-01","Support","High","2026-05-08","Resolved","3"
"CP0009368","C009369","O0009369","2026-05-02","Product","High","","Open",""
"CP0009369","C009370","O0009370","2026-05-03","Delivery","Critical","2026-05-12","Resolved","5"
"CP0009370","C009371","O0009371","2026-05-04","Support","Medium","2026-05-14","Resolved","1"
"CP0009371","C009372","O0009372","2026-05-05","Refund","Critical","2026-05-16","Resolved","2"
"CP0009372","C009373","O0009373","2026-05-06","Product","Medium","2026-05-06","Resolved","3"
"CP0009373","C009374","O0009374","2026-05-07","Support","Medium","2026-05-08","Resolved","4"
"CP0009374","C009375","O0009375","2026-05-08","Delivery","High","2026-05-10","Resolved","5"
"CP0009375","C009376","O0009376","2026-05-09","Support","Critical","2026-05-12","Resolved","1"
"CP0009376","C009377","O0009377","2026-05-10","Refund","Medium","","Open",""
"CP0009377","C009378","O0009378","2026-05-11","Delivery","Critical","2026-05-16","Resolved","3"
"CP0009378","C009379","O0009379","2026-05-12","Support","Low","2026-05-18","Resolved","4"
"CP0009379","C009380","O0009380","2026-05-13","Product","Critical","2026-05-20","Resolved","5"
"CP0009380","C009381","O0009381","2026-05-14","Support","Medium","2026-05-22","Resolved","1"
"CP0009381","C009382","O0009382","2026-05-15","Support","High","2026-05-24","Resolved","2"
"CP0009382","C009383","O0009383","2026-05-16","Refund","Critical","2026-05-26","Resolved","3"
"CP0009383","C009384","O0009384","2026-05-17","Delivery","High","2026-05-28","Resolved","4"
"CP0009384","C009385","O0009385","2026-05-18","Delivery","Critical","","Open",""
"CP0009385","C009386","O0009386","2026-05-19","Payment","High","2026-05-20","Resolved","1"
"CP0009386","C009387","O0009387","2026-05-20","Delivery","High","2026-05-22","Resolved","2"
"CP0009387","C009388","O0009388","2026-05-21","Payment","High","2026-05-24","Resolved","3"
"CP0009388","C009389","O0009389","2026-05-22","Support","Medium","2026-05-26","Resolved","4"
"CP0009389","C009390","O0009390","2026-05-23","Support","High","2026-05-28","Resolved","5"
"CP0009390","C009391","O0009391","2026-05-24","Payment","Low","2026-05-30","Resolved","1"
"CP0009391","C009392","O0009392","2026-05-25","Payment","High","2026-06-01","Resolved","2"
"CP0009392","C009393","O0009393","2026-05-26","Support","Low","","Open",""
"CP0009393","C009394","O0009394","2026-05-27","Payment","Low","2026-06-05","Resolved","4"
"CP0009394","C009395","O0009395","2026-05-28","Delivery","Critical","2026-06-07","Resolved","5"
"CP0009395","C009396","O0009396","2026-05-29","Payment","Critical","2026-06-09","Resolved","1"
"CP0009396","C009397","O0009397","2026-05-30","Support","High","2026-05-30","Resolved","2"
"CP0009397","C009398","O0009398","2026-05-31","Payment","Medium","2026-06-01","Resolved","3"
"CP0009398","C009399","O0009399","2026-06-01","Support","Medium","2026-06-03","Resolved","4"
"CP0009399","C009400","O0009400","2026-06-02","Refund","Medium","2026-06-05","Resolved","5"
"CP0009400","C009401","O0009401","2026-06-03","Product","Low","","Open",""
"CP0009401","C009402","O0009402","2026-06-04","Product","Medium","2026-06-09","Resolved","2"
"CP0009402","C009403","O0009403","2026-06-05","Product","Low","2026-06-11","Resolved","3"
"CP0009403","C009404","O0009404","2026-06-06","Support","Critical","2026-06-13","Resolved","4"
"CP0009404","C009405","O0009405","2026-06-07","Support","Medium","2026-06-15","Resolved","5"
"CP0009405","C009406","O0009406","2026-06-08","Delivery","High","2026-06-17","Resolved","1"
"CP0009406","C009407","O0009407","2026-06-09","Product","Critical","2026-06-19","Resolved","2"
"CP0009407","C009408","O0009408","2026-06-10","Product","Critical","2026-06-21","Resolved","3"
"CP0009408","C009409","O0009409","2026-06-11","Payment","Low","","Open",""
"CP0009409","C009410","O0009410","2026-06-12","Support","Low","2026-06-13","Resolved","5"
"CP0009410","C009411","O0009411","2026-06-13","Refund","Critical","2026-06-15","Resolved","1"
"CP0009411","C009412","O0009412","2026-06-14","Product","Low","2026-06-17","Resolved","2"
"CP0009412","C009413","O0009413","2026-06-15","Support","Medium","2026-06-19","Resolved","3"
"CP0009413","C009414","O0009414","2026-06-16","Refund","Medium","2026-06-21","Resolved","4"
"CP0009414","C009415","O0009415","2026-06-17","Payment","High","2026-06-23","Resolved","5"
"CP0009415","C009416","O0009416","2026-06-18","Payment","Medium","2026-06-25","Resolved","1"
"CP0009416","C009417","O0009417","2026-06-19","Payment","Critical","","Open",""
"CP0009417","C009418","O0009418","2026-06-20","Payment","Medium","2026-06-29","Resolved","3"
"CP0009418","C009419","O0009419","2026-06-21","Support","High","2026-07-01","Resolved","4"
"CP0009419","C009420","O0009420","2026-06-22","Support","High","2026-07-03","Resolved","5"
"CP0009420","C009421","O0009421","2026-06-23","Support","High","2026-06-23","Resolved","1"
"CP0009421","C009422","O0009422","2026-06-24","Support","High","2026-06-25","Resolved","2"
"CP0009422","C009423","O0009423","2026-06-25","Delivery","Medium","2026-06-27","Resolved","3"
"CP0009423","C009424","O0009424","2026-06-26","Product","Medium","2026-06-29","Resolved","4"
"CP0009424","C009425","O0009425","2026-06-27","Payment","Critical","","Open",""
"CP0009425","C009426","O0009426","2026-06-28","Support","Low","2026-07-03","Resolved","1"
"CP0009426","C009427","O0009427","2026-06-29","Support","Low","2026-07-05","Resolved","2"
"CP0009427","C009428","O0009428","2026-06-30","Delivery","Critical","2026-07-07","Resolved","3"
"CP0009428","C009429","O0009429","2026-07-01","Delivery","High","2026-07-09","Resolved","4"
"CP0009429","C009430","O0009430","2026-07-02","Support","Low","2026-07-11","Resolved","5"
"CP0009430","C009431","O0009431","2026-07-03","Payment","Medium","2026-07-13","Resolved","1"
"CP0009431","C009432","O0009432","2026-07-04","Delivery","Critical","2026-07-15","Resolved","2"
"CP0009432","C009433","O0009433","2026-07-05","Refund","Critical","","Open",""
"CP0009433","C009434","O0009434","2026-07-06","Refund","Low","2026-07-07","Resolved","4"
"CP0009434","C009435","O0009435","2026-07-07","Payment","Medium","2026-07-09","Resolved","5"
"CP0009435","C009436","O0009436","2026-07-08","Delivery","Low","2026-07-11","Resolved","1"
"CP0009436","C009437","O0009437","2026-07-09","Refund","High","2026-07-13","Resolved","2"
"CP0009437","C009438","O0009438","2026-07-10","Refund","High","2026-07-15","Resolved","3"
"CP0009438","C009439","O0009439","2026-07-11","Product","Critical","2026-07-17","Resolved","4"
"CP0009439","C009440","O0009440","2026-07-12","Delivery","High","2026-07-19","Resolved","5"
"CP0009440","C009441","O0009441","2026-07-13","Support","Low","","Open",""
"CP0009441","C009442","O0009442","2026-07-14","Payment","Medium","2026-07-23","Resolved","2"
"CP0009442","C009443","O0009443","2026-07-15","Product","Low","2026-07-25","Resolved","3"
"CP0009443","C009444","O0009444","2026-07-16","Product","Critical","2026-07-27","Resolved","4"
"CP0009444","C009445","O0009445","2026-07-17","Payment","Critical","2026-07-17","Resolved","5"
"CP0009445","C009446","O0009446","2026-07-18","Refund","Low","2026-07-19","Resolved","1"
"CP0009446","C009447","O0009447","2026-07-19","Product","Critical","2026-07-21","Resolved","2"
"CP0009447","C009448","O0009448","2026-07-20","Payment","Critical","2026-07-23","Resolved","3"
"CP0009448","C009449","O0009449","2026-07-21","Refund","High","","Open",""
"CP0009449","C009450","O0009450","2026-07-22","Refund","Critical","2026-07-27","Resolved","5"
"CP0009450","C009451","O0009451","2026-07-23","Payment","Low","2026-07-29","Resolved","1"
"CP0009451","C009452","O0009452","2026-07-24","Support","Critical","2026-07-31","Resolved","2"
"CP0009452","C009453","O0009453","2026-07-25","Product","Low","2026-08-02","Resolved","3"
"CP0009453","C009454","O0009454","2026-07-26","Support","Low","2026-08-04","Resolved","4"
"CP0009454","C009455","O0009455","2026-07-27","Delivery","Low","2026-08-06","Resolved","5"
"CP0009455","C009456","O0009456","2026-07-28","Delivery","Medium","2026-08-08","Resolved","1"
"CP0009456","C009457","O0009457","2026-07-29","Refund","Medium","","Open",""
"CP0009457","C009458","O0009458","2026-07-30","Payment","Critical","2026-07-31","Resolved","3"
"CP0009458","C009459","O0009459","2026-07-31","Refund","Low","2026-08-02","Resolved","4"
"CP0009459","C009460","O0009460","2026-08-01","Product","Medium","2026-08-04","Resolved","5"
"CP0009460","C009461","O0009461","2026-08-02","Product","Medium","2026-08-06","Resolved","1"
"CP0009461","C009462","O0009462","2026-08-03","Payment","Low","2026-08-08","Resolved","2"
"CP0009462","C009463","O0009463","2026-08-04","Payment","Critical","2026-08-10","Resolved","3"
"CP0009463","C009464","O0009464","2026-08-05","Delivery","High","2026-08-12","Resolved","4"
"CP0009464","C009465","O0009465","2026-08-06","Delivery","Low","","Open",""
"CP0009465","C009466","O0009466","2026-08-07","Product","Low","2026-08-16","Resolved","1"
"CP0009466","C009467","O0009467","2026-08-08","Product","Medium","2026-08-18","Resolved","2"
"CP0009467","C009468","O0009468","2026-08-09","Refund","Medium","2026-08-20","Resolved","3"
"CP0009468","C009469","O0009469","2026-08-10","Payment","Low","2026-08-10","Resolved","4"
"CP0009469","C009470","O0009470","2026-08-11","Payment","Critical","2026-08-12","Resolved","5"
"CP0009470","C009471","O0009471","2026-08-12","Payment","High","2026-08-14","Resolved","1"
"CP0009471","C009472","O0009472","2026-08-13","Payment","Low","2026-08-16","Resolved","2"
"CP0009472","C009473","O0009473","2026-08-14","Product","Critical","","Open",""
"CP0009473","C009474","O0009474","2026-08-15","Refund","Low","2026-08-20","Resolved","4"
"CP0009474","C009475","O0009475","2026-08-16","Delivery","High","2026-08-22","Resolved","5"
"CP0009475","C009476","O0009476","2026-08-17","Refund","Medium","2026-08-24","Resolved","1"
"CP0009476","C009477","O0009477","2026-08-18","Refund","Medium","2026-08-26","Resolved","2"
"CP0009477","C009478","O0009478","2026-08-19","Payment","Critical","2026-08-28","Resolved","3"
"CP0009478","C009479","O0009479","2026-08-20","Delivery","Medium","2026-08-30","Resolved","4"
"CP0009479","C009480","O0009480","2026-08-21","Support","Medium","2026-09-01","Resolved","5"
"CP0009480","C009481","O0009481","2026-08-22","Support","Medium","","Open",""
"CP0009481","C009482","O0009482","2026-08-23","Payment","Low","2026-08-24","Resolved","2"
"CP0009482","C009483","O0009483","2026-08-24","Delivery","Medium","2026-08-26","Resolved","3"
"CP0009483","C009484","O0009484","2026-08-25","Support","Critical","2026-08-28","Resolved","4"
"CP0009484","C009485","O0009485","2026-08-26","Product","High","2026-08-30","Resolved","5"
"CP0009485","C009486","O0009486","2026-08-27","Refund","High","2026-09-01","Resolved","1"
"CP0009486","C009487","O0009487","2026-08-28","Refund","High","2026-09-03","Resolved","2"
"CP0009487","C009488","O0009488","2026-08-29","Product","Low","2026-09-05","Resolved","3"
"CP0009488","C009489","O0009489","2026-08-30","Support","Low","","Open",""
"CP0009489","C009490","O0009490","2026-08-31","Refund","Critical","2026-09-09","Resolved","5"
"CP0009490","C009491","O0009491","2025-09-01","Support","Critical","2025-09-11","Resolved","1"
"CP0009491","C009492","O0009492","2025-09-02","Product","High","2025-09-13","Resolved","2"
"CP0009492","C009493","O0009493","2025-09-03","Payment","High","2025-09-03","Resolved","3"
"CP0009493","C009494","O0009494","2025-09-04","Product","High","2025-09-05","Resolved","4"
"CP0009494","C009495","O0009495","2025-09-05","Payment","High","2025-09-07","Resolved","5"
"CP0009495","C009496","O0009496","2025-09-06","Delivery","High","2025-09-09","Resolved","1"
"CP0009496","C009497","O0009497","2025-09-07","Payment","Medium","","Open",""
"CP0009497","C009498","O0009498","2025-09-08","Delivery","Low","2025-09-13","Resolved","3"
"CP0009498","C009499","O0009499","2025-09-09","Product","High","2025-09-15","Resolved","4"
"CP0009499","C009500","O0009500","2025-09-10","Product","Critical","2025-09-17","Resolved","5"
"CP0009500","C009501","O0009501","2025-09-11","Delivery","High","2025-09-19","Resolved","1"
"CP0009501","C009502","O0009502","2025-09-12","Refund","Low","2025-09-21","Resolved","2"
"CP0009502","C009503","O0009503","2025-09-13","Delivery","High","2025-09-23","Resolved","3"
"CP0009503","C009504","O0009504","2025-09-14","Refund","High","2025-09-25","Resolved","4"
"CP0009504","C009505","O0009505","2025-09-15","Refund","Medium","","Open",""
"CP0009505","C009506","O0009506","2025-09-16","Refund","High","2025-09-17","Resolved","1"
"CP0009506","C009507","O0009507","2025-09-17","Refund","Low","2025-09-19","Resolved","2"
"CP0009507","C009508","O0009508","2025-09-18","Support","Low","2025-09-21","Resolved","3"
"CP0009508","C009509","O0009509","2025-09-19","Delivery","Medium","2025-09-23","Resolved","4"
"CP0009509","C009510","O0009510","2025-09-20","Support","Medium","2025-09-25","Resolved","5"
"CP0009510","C009511","O0009511","2025-09-21","Payment","High","2025-09-27","Resolved","1"
"CP0009511","C009512","O0009512","2025-09-22","Payment","Medium","2025-09-29","Resolved","2"
"CP0009512","C009513","O0009513","2025-09-23","Product","Low","","Open",""
"CP0009513","C009514","O0009514","2025-09-24","Payment","Medium","2025-10-03","Resolved","4"
"CP0009514","C009515","O0009515","2025-09-25","Payment","High","2025-10-05","Resolved","5"
"CP0009515","C009516","O0009516","2025-09-26","Support","Low","2025-10-07","Resolved","1"
"CP0009516","C009517","O0009517","2025-09-27","Payment","Critical","2025-09-27","Resolved","2"
"CP0009517","C009518","O0009518","2025-09-28","Delivery","Critical","2025-09-29","Resolved","3"
"CP0009518","C009519","O0009519","2025-09-29","Support","High","2025-10-01","Resolved","4"
"CP0009519","C009520","O0009520","2025-09-30","Product","Medium","2025-10-03","Resolved","5"
"CP0009520","C009521","O0009521","2025-10-01","Product","Medium","","Open",""
"CP0009521","C009522","O0009522","2025-10-02","Refund","High","2025-10-07","Resolved","2"
"CP0009522","C009523","O0009523","2025-10-03","Support","High","2025-10-09","Resolved","3"
"CP0009523","C009524","O0009524","2025-10-04","Product","Medium","2025-10-11","Resolved","4"
"CP0009524","C009525","O0009525","2025-10-05","Refund","Low","2025-10-13","Resolved","5"
"CP0009525","C009526","O0009526","2025-10-06","Refund","Medium","2025-10-15","Resolved","1"
"CP0009526","C009527","O0009527","2025-10-07","Payment","Low","2025-10-17","Resolved","2"
"CP0009527","C009528","O0009528","2025-10-08","Product","Critical","2025-10-19","Resolved","3"
"CP0009528","C009529","O0009529","2025-10-09","Support","High","","Open",""
"CP0009529","C009530","O0009530","2025-10-10","Support","Critical","2025-10-11","Resolved","5"
"CP0009530","C009531","O0009531","2025-10-11","Refund","Medium","2025-10-13","Resolved","1"
"CP0009531","C009532","O0009532","2025-10-12","Delivery","High","2025-10-15","Resolved","2"
"CP0009532","C009533","O0009533","2025-10-13","Refund","High","2025-10-17","Resolved","3"
"CP0009533","C009534","O0009534","2025-10-14","Support","Critical","2025-10-19","Resolved","4"
"CP0009534","C009535","O0009535","2025-10-15","Product","Low","2025-10-21","Resolved","5"
"CP0009535","C009536","O0009536","2025-10-16","Delivery","Critical","2025-10-23","Resolved","1"
"CP0009536","C009537","O0009537","2025-10-17","Refund","Low","","Open",""
"CP0009537","C009538","O0009538","2025-10-18","Product","High","2025-10-27","Resolved","3"
"CP0009538","C009539","O0009539","2025-10-19","Payment","Medium","2025-10-29","Resolved","4"
"CP0009539","C009540","O0009540","2025-10-20","Refund","Critical","2025-10-31","Resolved","5"
"CP0009540","C009541","O0009541","2025-10-21","Delivery","High","2025-10-21","Resolved","1"
"CP0009541","C009542","O0009542","2025-10-22","Delivery","Medium","2025-10-23","Resolved","2"
"CP0009542","C009543","O0009543","2025-10-23","Delivery","Critical","2025-10-25","Resolved","3"
"CP0009543","C009544","O0009544","2025-10-24","Support","Critical","2025-10-27","Resolved","4"
"CP0009544","C009545","O0009545","2025-10-25","Support","Critical","","Open",""
"CP0009545","C009546","O0009546","2025-10-26","Refund","Critical","2025-10-31","Resolved","1"
"CP0009546","C009547","O0009547","2025-10-27","Support","Critical","2025-11-02","Resolved","2"
"CP0009547","C009548","O0009548","2025-10-28","Delivery","High","2025-11-04","Resolved","3"
"CP0009548","C009549","O0009549","2025-10-29","Payment","High","2025-11-06","Resolved","4"
"CP0009549","C009550","O0009550","2025-10-30","Product","Medium","2025-11-08","Resolved","5"
"CP0009550","C009551","O0009551","2025-10-31","Payment","Low","2025-11-10","Resolved","1"
"CP0009551","C009552","O0009552","2025-11-01","Delivery","High","2025-11-12","Resolved","2"
"CP0009552","C009553","O0009553","2025-11-02","Product","Medium","","Open",""
"CP0009553","C009554","O0009554","2025-11-03","Product","Critical","2025-11-04","Resolved","4"
"CP0009554","C009555","O0009555","2025-11-04","Product","Low","2025-11-06","Resolved","5"
"CP0009555","C009556","O0009556","2025-11-05","Payment","Low","2025-11-08","Resolved","1"
"CP0009556","C009557","O0009557","2025-11-06","Delivery","High","2025-11-10","Resolved","2"
"CP0009557","C009558","O0009558","2025-11-07","Refund","Low","2025-11-12","Resolved","3"
"CP0009558","C009559","O0009559","2025-11-08","Refund","Medium","2025-11-14","Resolved","4"
"CP0009559","C009560","O0009560","2025-11-09","Payment","Critical","2025-11-16","Resolved","5"
"CP0009560","C009561","O0009561","2025-11-10","Refund","Low","","Open",""
"CP0009561","C009562","O0009562","2025-11-11","Support","High","2025-11-20","Resolved","2"
"CP0009562","C009563","O0009563","2025-11-12","Refund","Low","2025-11-22","Resolved","3"
"CP0009563","C009564","O0009564","2025-11-13","Refund","Medium","2025-11-24","Resolved","4"
"CP0009564","C009565","O0009565","2025-11-14","Product","High","2025-11-14","Resolved","5"
"CP0009565","C009566","O0009566","2025-11-15","Delivery","High","2025-11-16","Resolved","1"
"CP0009566","C009567","O0009567","2025-11-16","Refund","Medium","2025-11-18","Resolved","2"
"CP0009567","C009568","O0009568","2025-11-17","Product","Medium","2025-11-20","Resolved","3"
"CP0009568","C009569","O0009569","2025-11-18","Support","Critical","","Open",""
"CP0009569","C009570","O0009570","2025-11-19","Delivery","Low","2025-11-24","Resolved","5"
"CP0009570","C009571","O0009571","2025-11-20","Payment","Low","2025-11-26","Resolved","1"
"CP0009571","C009572","O0009572","2025-11-21","Refund","Low","2025-11-28","Resolved","2"
"CP0009572","C009573","O0009573","2025-11-22","Refund","Critical","2025-11-30","Resolved","3"
"CP0009573","C009574","O0009574","2025-11-23","Product","Low","2025-12-02","Resolved","4"
"CP0009574","C009575","O0009575","2025-11-24","Delivery","Critical","2025-12-04","Resolved","5"
"CP0009575","C009576","O0009576","2025-11-25","Payment","High","2025-12-06","Resolved","1"
"CP0009576","C009577","O0009577","2025-11-26","Support","Medium","","Open",""
"CP0009577","C009578","O0009578","2025-11-27","Delivery","Low","2025-11-28","Resolved","3"
"CP0009578","C009579","O0009579","2025-11-28","Product","Critical","2025-11-30","Resolved","4"
"CP0009579","C009580","O0009580","2025-11-29","Payment","Critical","2025-12-02","Resolved","5"
"CP0009580","C009581","O0009581","2025-11-30","Support","Low","2025-12-04","Resolved","1"
"CP0009581","C009582","O0009582","2025-12-01","Delivery","High","2025-12-06","Resolved","2"
"CP0009582","C009583","O0009583","2025-12-02","Product","Low","2025-12-08","Resolved","3"
"CP0009583","C009584","O0009584","2025-12-03","Support","Low","2025-12-10","Resolved","4"
"CP0009584","C009585","O0009585","2025-12-04","Product","Critical","","Open",""
"CP0009585","C009586","O0009586","2025-12-05","Payment","High","2025-12-14","Resolved","1"
"CP0009586","C009587","O0009587","2025-12-06","Refund","Low","2025-12-16","Resolved","2"
"CP0009587","C009588","O0009588","2025-12-07","Payment","Low","2025-12-18","Resolved","3"
"CP0009588","C009589","O0009589","2025-12-08","Product","Critical","2025-12-08","Resolved","4"
"CP0009589","C009590","O0009590","2025-12-09","Refund","High","2025-12-10","Resolved","5"
"CP0009590","C009591","O0009591","2025-12-10","Delivery","Low","2025-12-12","Resolved","1"
"CP0009591","C009592","O0009592","2025-12-11","Delivery","Low","2025-12-14","Resolved","2"
"CP0009592","C009593","O0009593","2025-12-12","Product","Critical","","Open",""
"CP0009593","C009594","O0009594","2025-12-13","Support","High","2025-12-18","Resolved","4"
"CP0009594","C009595","O0009595","2025-12-14","Product","High","2025-12-20","Resolved","5"
"CP0009595","C009596","O0009596","2025-12-15","Support","Low","2025-12-22","Resolved","1"
"CP0009596","C009597","O0009597","2025-12-16","Delivery","Medium","2025-12-24","Resolved","2"
"CP0009597","C009598","O0009598","2025-12-17","Support","High","2025-12-26","Resolved","3"
"CP0009598","C009599","O0009599","2025-12-18","Support","Low","2025-12-28","Resolved","4"
"CP0009599","C009600","O0009600","2025-12-19","Refund","Medium","2025-12-30","Resolved","5"
"CP0009600","C009601","O0009601","2025-12-20","Product","Low","","Open",""
"CP0009601","C009602","O0009602","2025-12-21","Payment","Low","2025-12-22","Resolved","2"
"CP0009602","C009603","O0009603","2025-12-22","Support","High","2025-12-24","Resolved","3"
"CP0009603","C009604","O0009604","2025-12-23","Product","Medium","2025-12-26","Resolved","4"
"CP0009604","C009605","O0009605","2025-12-24","Support","Low","2025-12-28","Resolved","5"
"CP0009605","C009606","O0009606","2025-12-25","Refund","Critical","2025-12-30","Resolved","1"
"CP0009606","C009607","O0009607","2025-12-26","Payment","Medium","2026-01-01","Resolved","2"
"CP0009607","C009608","O0009608","2025-12-27","Support","Medium","2026-01-03","Resolved","3"
"CP0009608","C009609","O0009609","2025-12-28","Delivery","Critical","","Open",""
"CP0009609","C009610","O0009610","2025-12-29","Refund","Low","2026-01-07","Resolved","5"
"CP0009610","C009611","O0009611","2025-12-30","Delivery","Medium","2026-01-09","Resolved","1"
"CP0009611","C009612","O0009612","2025-12-31","Product","Critical","2026-01-11","Resolved","2"
"CP0009612","C009613","O0009613","2026-01-01","Refund","Critical","2026-01-01","Resolved","3"
"CP0009613","C009614","O0009614","2026-01-02","Product","Critical","2026-01-03","Resolved","4"
"CP0009614","C009615","O0009615","2026-01-03","Support","Low","2026-01-05","Resolved","5"
"CP0009615","C009616","O0009616","2026-01-04","Refund","Low","2026-01-07","Resolved","1"
"CP0009616","C009617","O0009617","2026-01-05","Refund","Medium","","Open",""
"CP0009617","C009618","O0009618","2026-01-06","Product","High","2026-01-11","Resolved","3"
"CP0009618","C009619","O0009619","2026-01-07","Refund","Low","2026-01-13","Resolved","4"
"CP0009619","C009620","O0009620","2026-01-08","Payment","High","2026-01-15","Resolved","5"
"CP0009620","C009621","O0009621","2026-01-09","Refund","Medium","2026-01-17","Resolved","1"
"CP0009621","C009622","O0009622","2026-01-10","Delivery","Critical","2026-01-19","Resolved","2"
"CP0009622","C009623","O0009623","2026-01-11","Delivery","Medium","2026-01-21","Resolved","3"
"CP0009623","C009624","O0009624","2026-01-12","Refund","Critical","2026-01-23","Resolved","4"
"CP0009624","C009625","O0009625","2026-01-13","Refund","Critical","","Open",""
"CP0009625","C009626","O0009626","2026-01-14","Payment","High","2026-01-15","Resolved","1"
"CP0009626","C009627","O0009627","2026-01-15","Product","Critical","2026-01-17","Resolved","2"
"CP0009627","C009628","O0009628","2026-01-16","Support","Critical","2026-01-19","Resolved","3"
"CP0009628","C009629","O0009629","2026-01-17","Delivery","Critical","2026-01-21","Resolved","4"
"CP0009629","C009630","O0009630","2026-01-18","Support","Low","2026-01-23","Resolved","5"
"CP0009630","C009631","O0009631","2026-01-19","Support","Low","2026-01-25","Resolved","1"
"CP0009631","C009632","O0009632","2026-01-20","Delivery","High","2026-01-27","Resolved","2"
"CP0009632","C009633","O0009633","2026-01-21","Payment","Critical","","Open",""
"CP0009633","C009634","O0009634","2026-01-22","Payment","Medium","2026-01-31","Resolved","4"
"CP0009634","C009635","O0009635","2026-01-23","Refund","High","2026-02-02","Resolved","5"
"CP0009635","C009636","O0009636","2026-01-24","Payment","Critical","2026-02-04","Resolved","1"
"CP0009636","C009637","O0009637","2026-01-25","Refund","Critical","2026-01-25","Resolved","2"
"CP0009637","C009638","O0009638","2026-01-26","Payment","Low","2026-01-27","Resolved","3"
"CP0009638","C009639","O0009639","2026-01-27","Payment","High","2026-01-29","Resolved","4"
"CP0009639","C009640","O0009640","2026-01-28","Payment","Medium","2026-01-31","Resolved","5"
"CP0009640","C009641","O0009641","2026-01-29","Refund","High","","Open",""
"CP0009641","C009642","O0009642","2026-01-30","Support","Critical","2026-02-04","Resolved","2"
"CP0009642","C009643","O0009643","2026-01-31","Refund","Medium","2026-02-06","Resolved","3"
"CP0009643","C009644","O0009644","2026-02-01","Delivery","Critical","2026-02-08","Resolved","4"
"CP0009644","C009645","O0009645","2026-02-02","Support","Low","2026-02-10","Resolved","5"
"CP0009645","C009646","O0009646","2026-02-03","Refund","Low","2026-02-12","Resolved","1"
"CP0009646","C009647","O0009647","2026-02-04","Delivery","Critical","2026-02-14","Resolved","2"
"CP0009647","C009648","O0009648","2026-02-05","Support","Critical","2026-02-16","Resolved","3"
"CP0009648","C009649","O0009649","2026-02-06","Payment","Low","","Open",""
"CP0009649","C009650","O0009650","2026-02-07","Support","Critical","2026-02-08","Resolved","5"
"CP0009650","C009651","O0009651","2026-02-08","Delivery","Low","2026-02-10","Resolved","1"
"CP0009651","C009652","O0009652","2026-02-09","Product","Critical","2026-02-12","Resolved","2"
"CP0009652","C009653","O0009653","2026-02-10","Support","Medium","2026-02-14","Resolved","3"
"CP0009653","C009654","O0009654","2026-02-11","Payment","Critical","2026-02-16","Resolved","4"
"CP0009654","C009655","O0009655","2026-02-12","Product","Medium","2026-02-18","Resolved","5"
"CP0009655","C009656","O0009656","2026-02-13","Payment","Low","2026-02-20","Resolved","1"
"CP0009656","C009657","O0009657","2026-02-14","Delivery","Critical","","Open",""
"CP0009657","C009658","O0009658","2026-02-15","Product","Medium","2026-02-24","Resolved","3"
"CP0009658","C009659","O0009659","2026-02-16","Product","Critical","2026-02-26","Resolved","4"
"CP0009659","C009660","O0009660","2026-02-17","Support","High","2026-02-28","Resolved","5"
"CP0009660","C009661","O0009661","2026-02-18","Refund","High","2026-02-18","Resolved","1"
"CP0009661","C009662","O0009662","2026-02-19","Support","High","2026-02-20","Resolved","2"
"CP0009662","C009663","O0009663","2026-02-20","Delivery","High","2026-02-22","Resolved","3"
"CP0009663","C009664","O0009664","2026-02-21","Payment","Low","2026-02-24","Resolved","4"
"CP0009664","C009665","O0009665","2026-02-22","Delivery","Medium","","Open",""
"CP0009665","C009666","O0009666","2026-02-23","Support","Low","2026-02-28","Resolved","1"
"CP0009666","C009667","O0009667","2026-02-24","Refund","Medium","2026-03-02","Resolved","2"
"CP0009667","C009668","O0009668","2026-02-25","Payment","Medium","2026-03-04","Resolved","3"
"CP0009668","C009669","O0009669","2026-02-26","Payment","High","2026-03-06","Resolved","4"
"CP0009669","C009670","O0009670","2026-02-27","Delivery","Critical","2026-03-08","Resolved","5"
"CP0009670","C009671","O0009671","2026-02-28","Payment","Low","2026-03-10","Resolved","1"
"CP0009671","C009672","O0009672","2026-03-01","Payment","Medium","2026-03-12","Resolved","2"
"CP0009672","C009673","O0009673","2026-03-02","Product","Critical","","Open",""
"CP0009673","C009674","O0009674","2026-03-03","Payment","High","2026-03-04","Resolved","4"
"CP0009674","C009675","O0009675","2026-03-04","Support","High","2026-03-06","Resolved","5"
"CP0009675","C009676","O0009676","2026-03-05","Product","Medium","2026-03-08","Resolved","1"
"CP0009676","C009677","O0009677","2026-03-06","Delivery","Low","2026-03-10","Resolved","2"
"CP0009677","C009678","O0009678","2026-03-07","Delivery","High","2026-03-12","Resolved","3"
"CP0009678","C009679","O0009679","2026-03-08","Support","Critical","2026-03-14","Resolved","4"
"CP0009679","C009680","O0009680","2026-03-09","Delivery","Medium","2026-03-16","Resolved","5"
"CP0009680","C009681","O0009681","2026-03-10","Refund","Low","","Open",""
"CP0009681","C009682","O0009682","2026-03-11","Refund","Critical","2026-03-20","Resolved","2"
"CP0009682","C009683","O0009683","2026-03-12","Payment","Critical","2026-03-22","Resolved","3"
"CP0009683","C009684","O0009684","2026-03-13","Support","Low","2026-03-24","Resolved","4"
"CP0009684","C009685","O0009685","2026-03-14","Product","Medium","2026-03-14","Resolved","5"
"CP0009685","C009686","O0009686","2026-03-15","Support","Low","2026-03-16","Resolved","1"
"CP0009686","C009687","O0009687","2026-03-16","Delivery","Low","2026-03-18","Resolved","2"
"CP0009687","C009688","O0009688","2026-03-17","Product","High","2026-03-20","Resolved","3"
"CP0009688","C009689","O0009689","2026-03-18","Product","Critical","","Open",""
"CP0009689","C009690","O0009690","2026-03-19","Delivery","Medium","2026-03-24","Resolved","5"
"CP0009690","C009691","O0009691","2026-03-20","Refund","Low","2026-03-26","Resolved","1"
"CP0009691","C009692","O0009692","2026-03-21","Support","Medium","2026-03-28","Resolved","2"
"CP0009692","C009693","O0009693","2026-03-22","Support","High","2026-03-30","Resolved","3"
"CP0009693","C009694","O0009694","2026-03-23","Product","Critical","2026-04-01","Resolved","4"
"CP0009694","C009695","O0009695","2026-03-24","Support","High","2026-04-03","Resolved","5"
"CP0009695","C009696","O0009696","2026-03-25","Support","Medium","2026-04-05","Resolved","1"
"CP0009696","C009697","O0009697","2026-03-26","Delivery","Low","","Open",""
"CP0009697","C009698","O0009698","2026-03-27","Product","Critical","2026-03-28","Resolved","3"
"CP0009698","C009699","O0009699","2026-03-28","Delivery","High","2026-03-30","Resolved","4"
"CP0009699","C009700","O0009700","2026-03-29","Product","Medium","2026-04-01","Resolved","5"
"CP0009700","C009701","O0009701","2026-03-30","Delivery","Medium","2026-04-03","Resolved","1"
"CP0009701","C009702","O0009702","2026-03-31","Refund","Medium","2026-04-05","Resolved","2"
"CP0009702","C009703","O0009703","2026-04-01","Payment","Medium","2026-04-07","Resolved","3"
"CP0009703","C009704","O0009704","2026-04-02","Support","Medium","2026-04-09","Resolved","4"
"CP0009704","C009705","O0009705","2026-04-03","Payment","Medium","","Open",""
"CP0009705","C009706","O0009706","2026-04-04","Product","Low","2026-04-13","Resolved","1"
"CP0009706","C009707","O0009707","2026-04-05","Refund","Low","2026-04-15","Resolved","2"
"CP0009707","C009708","O0009708","2026-04-06","Delivery","Critical","2026-04-17","Resolved","3"
"CP0009708","C009709","O0009709","2026-04-07","Delivery","Critical","2026-04-07","Resolved","4"
"CP0009709","C009710","O0009710","2026-04-08","Payment","Critical","2026-04-09","Resolved","5"
"CP0009710","C009711","O0009711","2026-04-09","Payment","Medium","2026-04-11","Resolved","1"
"CP0009711","C009712","O0009712","2026-04-10","Delivery","Critical","2026-04-13","Resolved","2"
"CP0009712","C009713","O0009713","2026-04-11","Delivery","High","","Open",""
"CP0009713","C009714","O0009714","2026-04-12","Product","High","2026-04-17","Resolved","4"
"CP0009714","C009715","O0009715","2026-04-13","Refund","Low","2026-04-19","Resolved","5"
"CP0009715","C009716","O0009716","2026-04-14","Support","Critical","2026-04-21","Resolved","1"
"CP0009716","C009717","O0009717","2026-04-15","Refund","Low","2026-04-23","Resolved","2"
"CP0009717","C009718","O0009718","2026-04-16","Product","High","2026-04-25","Resolved","3"
"CP0009718","C009719","O0009719","2026-04-17","Product","High","2026-04-27","Resolved","4"
"CP0009719","C009720","O0009720","2026-04-18","Payment","Medium","2026-04-29","Resolved","5"
"CP0009720","C009721","O0009721","2026-04-19","Product","Medium","","Open",""
"CP0009721","C009722","O0009722","2026-04-20","Delivery","Medium","2026-04-21","Resolved","2"
"CP0009722","C009723","O0009723","2026-04-21","Product","High","2026-04-23","Resolved","3"
"CP0009723","C009724","O0009724","2026-04-22","Refund","Critical","2026-04-25","Resolved","4"
"CP0009724","C009725","O0009725","2026-04-23","Refund","Low","2026-04-27","Resolved","5"
"CP0009725","C009726","O0009726","2026-04-24","Delivery","Critical","2026-04-29","Resolved","1"
"CP0009726","C009727","O0009727","2026-04-25","Payment","Low","2026-05-01","Resolved","2"
"CP0009727","C009728","O0009728","2026-04-26","Product","Low","2026-05-03","Resolved","3"
"CP0009728","C009729","O0009729","2026-04-27","Product","Medium","","Open",""
"CP0009729","C009730","O0009730","2026-04-28","Payment","Medium","2026-05-07","Resolved","5"
"CP0009730","C009731","O0009731","2026-04-29","Refund","Medium","2026-05-09","Resolved","1"
"CP0009731","C009732","O0009732","2026-04-30","Product","Critical","2026-05-11","Resolved","2"
"CP0009732","C009733","O0009733","2026-05-01","Payment","Critical","2026-05-01","Resolved","3"
"CP0009733","C009734","O0009734","2026-05-02","Delivery","High","2026-05-03","Resolved","4"
"CP0009734","C009735","O0009735","2026-05-03","Payment","Medium","2026-05-05","Resolved","5"
"CP0009735","C009736","O0009736","2026-05-04","Delivery","Low","2026-05-07","Resolved","1"
"CP0009736","C009737","O0009737","2026-05-05","Refund","Medium","","Open",""
"CP0009737","C009738","O0009738","2026-05-06","Refund","Low","2026-05-11","Resolved","3"
"CP0009738","C009739","O0009739","2026-05-07","Delivery","Low","2026-05-13","Resolved","4"
"CP0009739","C009740","O0009740","2026-05-08","Delivery","Medium","2026-05-15","Resolved","5"
"CP0009740","C009741","O0009741","2026-05-09","Support","Low","2026-05-17","Resolved","1"
"CP0009741","C009742","O0009742","2026-05-10","Refund","Medium","2026-05-19","Resolved","2"
"CP0009742","C009743","O0009743","2026-05-11","Delivery","Medium","2026-05-21","Resolved","3"
"CP0009743","C009744","O0009744","2026-05-12","Product","Medium","2026-05-23","Resolved","4"
"CP0009744","C009745","O0009745","2026-05-13","Support","High","","Open",""
"CP0009745","C009746","O0009746","2026-05-14","Delivery","High","2026-05-15","Resolved","1"
"CP0009746","C009747","O0009747","2026-05-15","Delivery","Medium","2026-05-17","Resolved","2"
"CP0009747","C009748","O0009748","2026-05-16","Payment","Critical","2026-05-19","Resolved","3"
"CP0009748","C009749","O0009749","2026-05-17","Delivery","Critical","2026-05-21","Resolved","4"
"CP0009749","C009750","O0009750","2026-05-18","Payment","Medium","2026-05-23","Resolved","5"
"CP0009750","C009751","O0009751","2026-05-19","Delivery","Medium","2026-05-25","Resolved","1"
"CP0009751","C009752","O0009752","2026-05-20","Payment","Critical","2026-05-27","Resolved","2"
"CP0009752","C009753","O0009753","2026-05-21","Support","Critical","","Open",""
"CP0009753","C009754","O0009754","2026-05-22","Delivery","Critical","2026-05-31","Resolved","4"
"CP0009754","C009755","O0009755","2026-05-23","Product","Critical","2026-06-02","Resolved","5"
"CP0009755","C009756","O0009756","2026-05-24","Product","Low","2026-06-04","Resolved","1"
"CP0009756","C009757","O0009757","2026-05-25","Delivery","Low","2026-05-25","Resolved","2"
"CP0009757","C009758","O0009758","2026-05-26","Support","Low","2026-05-27","Resolved","3"
"CP0009758","C009759","O0009759","2026-05-27","Delivery","Critical","2026-05-29","Resolved","4"
"CP0009759","C009760","O0009760","2026-05-28","Payment","Low","2026-05-31","Resolved","5"
"CP0009760","C009761","O0009761","2026-05-29","Delivery","High","","Open",""
"CP0009761","C009762","O0009762","2026-05-30","Support","Low","2026-06-04","Resolved","2"
"CP0009762","C009763","O0009763","2026-05-31","Delivery","Low","2026-06-06","Resolved","3"
"CP0009763","C009764","O0009764","2026-06-01","Payment","Medium","2026-06-08","Resolved","4"
"CP0009764","C009765","O0009765","2026-06-02","Refund","High","2026-06-10","Resolved","5"
"CP0009765","C009766","O0009766","2026-06-03","Product","High","2026-06-12","Resolved","1"
"CP0009766","C009767","O0009767","2026-06-04","Refund","Medium","2026-06-14","Resolved","2"
"CP0009767","C009768","O0009768","2026-06-05","Delivery","Critical","2026-06-16","Resolved","3"
"CP0009768","C009769","O0009769","2026-06-06","Product","Low","","Open",""
"CP0009769","C009770","O0009770","2026-06-07","Delivery","High","2026-06-08","Resolved","5"
"CP0009770","C009771","O0009771","2026-06-08","Support","Low","2026-06-10","Resolved","1"
"CP0009771","C009772","O0009772","2026-06-09","Product","Low","2026-06-12","Resolved","2"
"CP0009772","C009773","O0009773","2026-06-10","Delivery","Low","2026-06-14","Resolved","3"
"CP0009773","C009774","O0009774","2026-06-11","Payment","Low","2026-06-16","Resolved","4"
"CP0009774","C009775","O0009775","2026-06-12","Refund","High","2026-06-18","Resolved","5"
"CP0009775","C009776","O0009776","2026-06-13","Support","Low","2026-06-20","Resolved","1"
"CP0009776","C009777","O0009777","2026-06-14","Delivery","Critical","","Open",""
"CP0009777","C009778","O0009778","2026-06-15","Payment","High","2026-06-24","Resolved","3"
"CP0009778","C009779","O0009779","2026-06-16","Support","High","2026-06-26","Resolved","4"
"CP0009779","C009780","O0009780","2026-06-17","Product","Low","2026-06-28","Resolved","5"
"CP0009780","C009781","O0009781","2026-06-18","Refund","Critical","2026-06-18","Resolved","1"
"CP0009781","C009782","O0009782","2026-06-19","Payment","Low","2026-06-20","Resolved","2"
"CP0009782","C009783","O0009783","2026-06-20","Payment","High","2026-06-22","Resolved","3"
"CP0009783","C009784","O0009784","2026-06-21","Refund","Low","2026-06-24","Resolved","4"
"CP0009784","C009785","O0009785","2026-06-22","Payment","Medium","","Open",""
"CP0009785","C009786","O0009786","2026-06-23","Refund","High","2026-06-28","Resolved","1"
"CP0009786","C009787","O0009787","2026-06-24","Payment","Medium","2026-06-30","Resolved","2"
"CP0009787","C009788","O0009788","2026-06-25","Delivery","Medium","2026-07-02","Resolved","3"
"CP0009788","C009789","O0009789","2026-06-26","Support","High","2026-07-04","Resolved","4"
"CP0009789","C009790","O0009790","2026-06-27","Refund","Low","2026-07-06","Resolved","5"
"CP0009790","C009791","O0009791","2026-06-28","Support","Critical","2026-07-08","Resolved","1"
"CP0009791","C009792","O0009792","2026-06-29","Payment","High","2026-07-10","Resolved","2"
"CP0009792","C009793","O0009793","2026-06-30","Payment","High","","Open",""
"CP0009793","C009794","O0009794","2026-07-01","Refund","Low","2026-07-02","Resolved","4"
"CP0009794","C009795","O0009795","2026-07-02","Delivery","Critical","2026-07-04","Resolved","5"
"CP0009795","C009796","O0009796","2026-07-03","Delivery","Low","2026-07-06","Resolved","1"
"CP0009796","C009797","O0009797","2026-07-04","Support","Medium","2026-07-08","Resolved","2"
"CP0009797","C009798","O0009798","2026-07-05","Delivery","High","2026-07-10","Resolved","3"
"CP0009798","C009799","O0009799","2026-07-06","Refund","Critical","2026-07-12","Resolved","4"
"CP0009799","C009800","O0009800","2026-07-07","Support","Low","2026-07-14","Resolved","5"
"CP0009800","C009801","O0009801","2026-07-08","Refund","Critical","","Open",""
"CP0009801","C009802","O0009802","2026-07-09","Support","Low","2026-07-18","Resolved","2"
"CP0009802","C009803","O0009803","2026-07-10","Product","Medium","2026-07-20","Resolved","3"
"CP0009803","C009804","O0009804","2026-07-11","Product","Critical","2026-07-22","Resolved","4"
"CP0009804","C009805","O0009805","2026-07-12","Delivery","Critical","2026-07-12","Resolved","5"
"CP0009805","C009806","O0009806","2026-07-13","Refund","Medium","2026-07-14","Resolved","1"
"CP0009806","C009807","O0009807","2026-07-14","Support","High","2026-07-16","Resolved","2"
"CP0009807","C009808","O0009808","2026-07-15","Delivery","Critical","2026-07-18","Resolved","3"
"CP0009808","C009809","O0009809","2026-07-16","Delivery","Low","","Open",""
"CP0009809","C009810","O0009810","2026-07-17","Product","Critical","2026-07-22","Resolved","5"
"CP0009810","C009811","O0009811","2026-07-18","Refund","Critical","2026-07-24","Resolved","1"
"CP0009811","C009812","O0009812","2026-07-19","Support","Critical","2026-07-26","Resolved","2"
"CP0009812","C009813","O0009813","2026-07-20","Payment","Medium","2026-07-28","Resolved","3"
"CP0009813","C009814","O0009814","2026-07-21","Product","High","2026-07-30","Resolved","4"
"CP0009814","C009815","O0009815","2026-07-22","Delivery","Low","2026-08-01","Resolved","5"
"CP0009815","C009816","O0009816","2026-07-23","Delivery","High","2026-08-03","Resolved","1"
"CP0009816","C009817","O0009817","2026-07-24","Support","Critical","","Open",""
"CP0009817","C009818","O0009818","2026-07-25","Delivery","Critical","2026-07-26","Resolved","3"
"CP0009818","C009819","O0009819","2026-07-26","Support","Medium","2026-07-28","Resolved","4"
"CP0009819","C009820","O0009820","2026-07-27","Payment","High","2026-07-30","Resolved","5"
"CP0009820","C009821","O0009821","2026-07-28","Product","Medium","2026-08-01","Resolved","1"
"CP0009821","C009822","O0009822","2026-07-29","Payment","Medium","2026-08-03","Resolved","2"
"CP0009822","C009823","O0009823","2026-07-30","Support","High","2026-08-05","Resolved","3"
"CP0009823","C009824","O0009824","2026-07-31","Payment","Low","2026-08-07","Resolved","4"
"CP0009824","C009825","O0009825","2026-08-01","Product","Low","","Open",""
"CP0009825","C009826","O0009826","2026-08-02","Payment","Critical","2026-08-11","Resolved","1"
"CP0009826","C009827","O0009827","2026-08-03","Payment","Low","2026-08-13","Resolved","2"
"CP0009827","C009828","O0009828","2026-08-04","Support","Medium","2026-08-15","Resolved","3"
"CP0009828","C009829","O0009829","2026-08-05","Product","Critical","2026-08-05","Resolved","4"
"CP0009829","C009830","O0009830","2026-08-06","Delivery","Medium","2026-08-07","Resolved","5"
"CP0009830","C009831","O0009831","2026-08-07","Product","Low","2026-08-09","Resolved","1"
"CP0009831","C009832","O0009832","2026-08-08","Product","Medium","2026-08-11","Resolved","2"
"CP0009832","C009833","O0009833","2026-08-09","Refund","Medium","","Open",""
"CP0009833","C009834","O0009834","2026-08-10","Payment","Medium","2026-08-15","Resolved","4"
"CP0009834","C009835","O0009835","2026-08-11","Payment","High","2026-08-17","Resolved","5"
"CP0009835","C009836","O0009836","2026-08-12","Refund","Critical","2026-08-19","Resolved","1"
"CP0009836","C009837","O0009837","2026-08-13","Product","Medium","2026-08-21","Resolved","2"
"CP0009837","C009838","O0009838","2026-08-14","Support","Medium","2026-08-23","Resolved","3"
"CP0009838","C009839","O0009839","2026-08-15","Product","High","2026-08-25","Resolved","4"
"CP0009839","C009840","O0009840","2026-08-16","Support","Medium","2026-08-27","Resolved","5"
"CP0009840","C009841","O0009841","2026-08-17","Product","Medium","","Open",""
"CP0009841","C009842","O0009842","2026-08-18","Product","Low","2026-08-19","Resolved","2"
"CP0009842","C009843","O0009843","2026-08-19","Refund","High","2026-08-21","Resolved","3"
"CP0009843","C009844","O0009844","2026-08-20","Payment","Critical","2026-08-23","Resolved","4"
"CP0009844","C009845","O0009845","2026-08-21","Payment","Medium","2026-08-25","Resolved","5"
"CP0009845","C009846","O0009846","2026-08-22","Delivery","High","2026-08-27","Resolved","1"
"CP0009846","C009847","O0009847","2026-08-23","Refund","Low","2026-08-29","Resolved","2"
"CP0009847","C009848","O0009848","2026-08-24","Refund","Critical","2026-08-31","Resolved","3"
"CP0009848","C009849","O0009849","2026-08-25","Delivery","Low","","Open",""
"CP0009849","C009850","O0009850","2026-08-26","Delivery","Low","2026-09-04","Resolved","5"
"CP0009850","C009851","O0009851","2026-08-27","Product","Critical","2026-09-06","Resolved","1"
"CP0009851","C009852","O0009852","2026-08-28","Payment","Critical","2026-09-08","Resolved","2"
"CP0009852","C009853","O0009853","2026-08-29","Support","Medium","2026-08-29","Resolved","3"
"CP0009853","C009854","O0009854","2026-08-30","Payment","Low","2026-08-31","Resolved","4"
"CP0009854","C009855","O0009855","2026-08-31","Delivery","High","2026-09-02","Resolved","5"
"CP0009855","C009856","O0009856","2025-09-01","Payment","Critical","2025-09-04","Resolved","1"
"CP0009856","C009857","O0009857","2025-09-02","Delivery","High","","Open",""
"CP0009857","C009858","O0009858","2025-09-03","Payment","Low","2025-09-08","Resolved","3"
"CP0009858","C009859","O0009859","2025-09-04","Product","Medium","2025-09-10","Resolved","4"
"CP0009859","C009860","O0009860","2025-09-05","Delivery","Low","2025-09-12","Resolved","5"
"CP0009860","C009861","O0009861","2025-09-06","Support","Low","2025-09-14","Resolved","1"
"CP0009861","C009862","O0009862","2025-09-07","Refund","Critical","2025-09-16","Resolved","2"
"CP0009862","C009863","O0009863","2025-09-08","Delivery","Medium","2025-09-18","Resolved","3"
"CP0009863","C009864","O0009864","2025-09-09","Refund","Critical","2025-09-20","Resolved","4"
"CP0009864","C009865","O0009865","2025-09-10","Delivery","Critical","","Open",""
"CP0009865","C009866","O0009866","2025-09-11","Refund","High","2025-09-12","Resolved","1"
"CP0009866","C009867","O0009867","2025-09-12","Payment","Low","2025-09-14","Resolved","2"
"CP0009867","C009868","O0009868","2025-09-13","Refund","Medium","2025-09-16","Resolved","3"
"CP0009868","C009869","O0009869","2025-09-14","Support","High","2025-09-18","Resolved","4"
"CP0009869","C009870","O0009870","2025-09-15","Refund","Critical","2025-09-20","Resolved","5"
"CP0009870","C009871","O0009871","2025-09-16","Payment","High","2025-09-22","Resolved","1"
"CP0009871","C009872","O0009872","2025-09-17","Support","High","2025-09-24","Resolved","2"
"CP0009872","C009873","O0009873","2025-09-18","Payment","Low","","Open",""
"CP0009873","C009874","O0009874","2025-09-19","Delivery","Low","2025-09-28","Resolved","4"
"CP0009874","C009875","O0009875","2025-09-20","Product","Medium","2025-09-30","Resolved","5"
"CP0009875","C009876","O0009876","2025-09-21","Delivery","Medium","2025-10-02","Resolved","1"
"CP0009876","C009877","O0009877","2025-09-22","Support","Medium","2025-09-22","Resolved","2"
"CP0009877","C009878","O0009878","2025-09-23","Payment","Medium","2025-09-24","Resolved","3"
"CP0009878","C009879","O0009879","2025-09-24","Support","Low","2025-09-26","Resolved","4"
"CP0009879","C009880","O0009880","2025-09-25","Delivery","Critical","2025-09-28","Resolved","5"
"CP0009880","C009881","O0009881","2025-09-26","Delivery","Low","","Open",""
"CP0009881","C009882","O0009882","2025-09-27","Refund","Critical","2025-10-02","Resolved","2"
"CP0009882","C009883","O0009883","2025-09-28","Delivery","Medium","2025-10-04","Resolved","3"
"CP0009883","C009884","O0009884","2025-09-29","Product","Low","2025-10-06","Resolved","4"
"CP0009884","C009885","O0009885","2025-09-30","Product","Critical","2025-10-08","Resolved","5"
"CP0009885","C009886","O0009886","2025-10-01","Refund","Critical","2025-10-10","Resolved","1"
"CP0009886","C009887","O0009887","2025-10-02","Payment","High","2025-10-12","Resolved","2"
"CP0009887","C009888","O0009888","2025-10-03","Refund","Medium","2025-10-14","Resolved","3"
"CP0009888","C009889","O0009889","2025-10-04","Refund","Low","","Open",""
"CP0009889","C009890","O0009890","2025-10-05","Refund","High","2025-10-06","Resolved","5"
"CP0009890","C009891","O0009891","2025-10-06","Delivery","Critical","2025-10-08","Resolved","1"
"CP0009891","C009892","O0009892","2025-10-07","Product","Low","2025-10-10","Resolved","2"
"CP0009892","C009893","O0009893","2025-10-08","Payment","Medium","2025-10-12","Resolved","3"
"CP0009893","C009894","O0009894","2025-10-09","Payment","Critical","2025-10-14","Resolved","4"
"CP0009894","C009895","O0009895","2025-10-10","Product","Critical","2025-10-16","Resolved","5"
"CP0009895","C009896","O0009896","2025-10-11","Product","Low","2025-10-18","Resolved","1"
"CP0009896","C009897","O0009897","2025-10-12","Payment","Medium","","Open",""
"CP0009897","C009898","O0009898","2025-10-13","Delivery","High","2025-10-22","Resolved","3"
"CP0009898","C009899","O0009899","2025-10-14","Delivery","High","2025-10-24","Resolved","4"
"CP0009899","C009900","O0009900","2025-10-15","Product","Medium","2025-10-26","Resolved","5"
"CP0009900","C009901","O0009901","2025-10-16","Support","Medium","2025-10-16","Resolved","1"
"CP0009901","C009902","O0009902","2025-10-17","Payment","Critical","2025-10-18","Resolved","2"
"CP0009902","C009903","O0009903","2025-10-18","Product","Low","2025-10-20","Resolved","3"
"CP0009903","C009904","O0009904","2025-10-19","Delivery","High","2025-10-22","Resolved","4"
"CP0009904","C009905","O0009905","2025-10-20","Product","Medium","","Open",""
"CP0009905","C009906","O0009906","2025-10-21","Product","Critical","2025-10-26","Resolved","1"
"CP0009906","C009907","O0009907","2025-10-22","Delivery","Medium","2025-10-28","Resolved","2"
"CP0009907","C009908","O0009908","2025-10-23","Support","Low","2025-10-30","Resolved","3"
"CP0009908","C009909","O0009909","2025-10-24","Refund","High","2025-11-01","Resolved","4"
"CP0009909","C009910","O0009910","2025-10-25","Support","Medium","2025-11-03","Resolved","5"
"CP0009910","C009911","O0009911","2025-10-26","Product","Medium","2025-11-05","Resolved","1"
"CP0009911","C009912","O0009912","2025-10-27","Product","Critical","2025-11-07","Resolved","2"
"CP0009912","C009913","O0009913","2025-10-28","Refund","Medium","","Open",""
"CP0009913","C009914","O0009914","2025-10-29","Support","Low","2025-10-30","Resolved","4"
"CP0009914","C009915","O0009915","2025-10-30","Product","High","2025-11-01","Resolved","5"
"CP0009915","C009916","O0009916","2025-10-31","Product","Low","2025-11-03","Resolved","1"
"CP0009916","C009917","O0009917","2025-11-01","Product","Low","2025-11-05","Resolved","2"
"CP0009917","C009918","O0009918","2025-11-02","Product","High","2025-11-07","Resolved","3"
"CP0009918","C009919","O0009919","2025-11-03","Refund","Low","2025-11-09","Resolved","4"
"CP0009919","C009920","O0009920","2025-11-04","Payment","Medium","2025-11-11","Resolved","5"
"CP0009920","C009921","O0009921","2025-11-05","Delivery","Critical","","Open",""
"CP0009921","C009922","O0009922","2025-11-06","Delivery","High","2025-11-15","Resolved","2"
"CP0009922","C009923","O0009923","2025-11-07","Payment","Medium","2025-11-17","Resolved","3"
"CP0009923","C009924","O0009924","2025-11-08","Payment","Low","2025-11-19","Resolved","4"
"CP0009924","C009925","O0009925","2025-11-09","Payment","Medium","2025-11-09","Resolved","5"
"CP0009925","C009926","O0009926","2025-11-10","Support","Critical","2025-11-11","Resolved","1"
"CP0009926","C009927","O0009927","2025-11-11","Payment","Critical","2025-11-13","Resolved","2"
"CP0009927","C009928","O0009928","2025-11-12","Payment","High","2025-11-15","Resolved","3"
"CP0009928","C009929","O0009929","2025-11-13","Product","High","","Open",""
"CP0009929","C009930","O0009930","2025-11-14","Product","Medium","2025-11-19","Resolved","5"
"CP0009930","C009931","O0009931","2025-11-15","Delivery","Critical","2025-11-21","Resolved","1"
"CP0009931","C009932","O0009932","2025-11-16","Support","Medium","2025-11-23","Resolved","2"
"CP0009932","C009933","O0009933","2025-11-17","Payment","Medium","2025-11-25","Resolved","3"
"CP0009933","C009934","O0009934","2025-11-18","Support","Low","2025-11-27","Resolved","4"
"CP0009934","C009935","O0009935","2025-11-19","Payment","Critical","2025-11-29","Resolved","5"
"CP0009935","C009936","O0009936","2025-11-20","Support","Low","2025-12-01","Resolved","1"
"CP0009936","C009937","O0009937","2025-11-21","Support","Critical","","Open",""
"CP0009937","C009938","O0009938","2025-11-22","Support","Critical","2025-11-23","Resolved","3"
"CP0009938","C009939","O0009939","2025-11-23","Support","Medium","2025-11-25","Resolved","4"
"CP0009939","C009940","O0009940","2025-11-24","Product","High","2025-11-27","Resolved","5"
"CP0009940","C009941","O0009941","2025-11-25","Refund","High","2025-11-29","Resolved","1"
"CP0009941","C009942","O0009942","2025-11-26","Support","Critical","2025-12-01","Resolved","2"
"CP0009942","C009943","O0009943","2025-11-27","Support","Medium","2025-12-03","Resolved","3"
"CP0009943","C009944","O0009944","2025-11-28","Product","Low","2025-12-05","Resolved","4"
"CP0009944","C009945","O0009945","2025-11-29","Payment","Medium","","Open",""
"CP0009945","C009946","O0009946","2025-11-30","Delivery","Medium","2025-12-09","Resolved","1"
"CP0009946","C009947","O0009947","2025-12-01","Product","High","2025-12-11","Resolved","2"
"CP0009947","C009948","O0009948","2025-12-02","Delivery","Critical","2025-12-13","Resolved","3"
"CP0009948","C009949","O0009949","2025-12-03","Refund","Critical","2025-12-03","Resolved","4"
"CP0009949","C009950","O0009950","2025-12-04","Payment","High","2025-12-05","Resolved","5"
"CP0009950","C009951","O0009951","2025-12-05","Refund","Low","2025-12-07","Resolved","1"
"CP0009951","C009952","O0009952","2025-12-06","Delivery","Medium","2025-12-09","Resolved","2"
"CP0009952","C009953","O0009953","2025-12-07","Delivery","Low","","Open",""
"CP0009953","C009954","O0009954","2025-12-08","Product","Critical","2025-12-13","Resolved","4"
"CP0009954","C009955","O0009955","2025-12-09","Delivery","High","2025-12-15","Resolved","5"
"CP0009955","C009956","O0009956","2025-12-10","Support","Low","2025-12-17","Resolved","1"
"CP0009956","C009957","O0009957","2025-12-11","Delivery","Low","2025-12-19","Resolved","2"
"CP0009957","C009958","O0009958","2025-12-12","Delivery","Medium","2025-12-21","Resolved","3"
"CP0009958","C009959","O0009959","2025-12-13","Product","Low","2025-12-23","Resolved","4"
"CP0009959","C009960","O0009960","2025-12-14","Refund","Critical","2025-12-25","Resolved","5"
"CP0009960","C009961","O0009961","2025-12-15","Product","Low","","Open",""
"CP0009961","C009962","O0009962","2025-12-16","Delivery","Medium","2025-12-17","Resolved","2"
"CP0009962","C009963","O0009963","2025-12-17","Payment","Low","2025-12-19","Resolved","3"
"CP0009963","C009964","O0009964","2025-12-18","Refund","Medium","2025-12-21","Resolved","4"
"CP0009964","C009965","O0009965","2025-12-19","Payment","Low","2025-12-23","Resolved","5"
"CP0009965","C009966","O0009966","2025-12-20","Product","Medium","2025-12-25","Resolved","1"
"CP0009966","C009967","O0009967","2025-12-21","Support","Critical","2025-12-27","Resolved","2"
"CP0009967","C009968","O0009968","2025-12-22","Delivery","High","2025-12-29","Resolved","3"
"CP0009968","C009969","O0009969","2025-12-23","Support","Critical","","Open",""
"CP0009969","C009970","O0009970","2025-12-24","Refund","Medium","2026-01-02","Resolved","5"
"CP0009970","C009971","O0009971","2025-12-25","Refund","Critical","2026-01-04","Resolved","1"
"CP0009971","C009972","O0009972","2025-12-26","Support","Low","2026-01-06","Resolved","2"
"CP0009972","C009973","O0009973","2025-12-27","Delivery","Low","2025-12-27","Resolved","3"
"CP0009973","C009974","O0009974","2025-12-28","Support","Low","2025-12-29","Resolved","4"
"CP0009974","C009975","O0009975","2025-12-29","Refund","High","2025-12-31","Resolved","5"
"CP0009975","C009976","O0009976","2025-12-30","Payment","High","2026-01-02","Resolved","1"
"CP0009976","C009977","O0009977","2025-12-31","Support","Low","","Open",""
"CP0009977","C009978","O0009978","2026-01-01","Product","Low","2026-01-06","Resolved","3"
"CP0009978","C009979","O0009979","2026-01-02","Delivery","Medium","2026-01-08","Resolved","4"
"CP0009979","C009980","O0009980","2026-01-03","Product","High","2026-01-10","Resolved","5"
"CP0009980","C009981","O0009981","2026-01-04","Refund","Medium","2026-01-12","Resolved","1"
"CP0009981","C009982","O0009982","2026-01-05","Refund","Critical","2026-01-14","Resolved","2"
"CP0009982","C009983","O0009983","2026-01-06","Payment","Medium","2026-01-16","Resolved","3"
"CP0009983","C009984","O0009984","2026-01-07","Delivery","Low","2026-01-18","Resolved","4"
"CP0009984","C009985","O0009985","2026-01-08","Refund","High","","Open",""
"CP0009985","C009986","O0009986","2026-01-09","Product","Medium","2026-01-10","Resolved","1"
"CP0009986","C009987","O0009987","2026-01-10","Product","Medium","2026-01-12","Resolved","2"
"CP0009987","C009988","O0009988","2026-01-11","Delivery","High","2026-01-14","Resolved","3"
"CP0009988","C009989","O0009989","2026-01-12","Support","High","2026-01-16","Resolved","4"
"CP0009989","C009990","O0009990","2026-01-13","Delivery","High","2026-01-18","Resolved","5"
"CP0009990","C009991","O0009991","2026-01-14","Refund","Medium","2026-01-20","Resolved","1"
"CP0009991","C009992","O0009992","2026-01-15","Refund","Low","2026-01-22","Resolved","2"
"CP0009992","C009993","O0009993","2026-01-16","Product","Critical","","Open",""
"CP0009993","C009994","O0009994","2026-01-17","Payment","Critical","2026-01-26","Resolved","4"
"CP0009994","C009995","O0009995","2026-01-18","Support","High","2026-01-28","Resolved","5"
"CP0009995","C009996","O0009996","2026-01-19","Delivery","Low","2026-01-30","Resolved","1"
"CP0009996","C009997","O0009997","2026-01-20","Support","Critical","2026-01-20","Resolved","2"
"CP0009997","C009998","O0009998","2026-01-21","Delivery","Medium","2026-01-22","Resolved","3"
"CP0009998","C009999","O0009999","2026-01-22","Product","Medium","2026-01-24","Resolved","4"
"CP0009999","C010000","O0010000","2026-01-23","Refund","Critical","2026-01-26","Resolved","5"
"CP0010000","C010001","O0010001","2026-01-24","Support","Low","","Open",""
