"Campaign_ID","Campaign_Date","Channel","Campaign_Name","Spend","Impressions","Clicks","Leads","Conversions","Attributed_Revenue","Attributed_Profit"
"MC000001","2025-09-02","Instagram","Campaign 0001","10500","20001","1001","101","11","22011","-4336.919999999999"
"MC000002","2025-09-03","Email","Campaign 0002","11000","20002","1002","102","12","24024","-4273.28"
"MC000003","2025-09-04","Referral","Campaign 0003","11500","20003","1003","103","13","26039","-4209.079999999999"
"MC000004","2025-09-05","Organic Search","Campaign 0004","12000","20004","1004","104","14","28056","-4144.319999999999"
"MC000005","2025-09-06","Google Ads","Campaign 0005","12500","20005","1005","105","15","30075","-4079"
"MC000006","2025-09-07","Instagram","Campaign 0006","13000","20006","1006","106","16","32096","-4013.119999999999"
"MC000007","2025-09-08","Email","Campaign 0007","13500","20007","1007","107","17","34119","-3946.6799999999985"
"MC000008","2025-09-09","Referral","Campaign 0008","14000","20008","1008","108","18","36144","-3879.6799999999985"
"MC000009","2025-09-10","Organic Search","Campaign 0009","14500","20009","1009","109","19","38171","-3812.119999999999"
"MC000010","2025-09-11","Google Ads","Campaign 0010","15000","20010","1010","110","20","40200","-3743.999999999998"
"MC000011","2025-09-12","Instagram","Campaign 0011","15500","20011","1011","111","21","42231","-3675.3199999999997"
"MC000012","2025-09-13","Email","Campaign 0012","16000","20012","1012","112","22","44264","-3606.079999999998"
"MC000013","2025-09-14","Referral","Campaign 0013","16500","20013","1013","113","23","46299","-3536.279999999999"
"MC000014","2025-09-15","Organic Search","Campaign 0014","17000","20014","1014","114","24","48336","-3465.9199999999983"
"MC000015","2025-09-16","Google Ads","Campaign 0015","17500","20015","1015","115","25","50375","-3394.999999999998"
"MC000016","2025-09-17","Instagram","Campaign 0016","18000","20016","1016","116","26","52416","-3323.5199999999986"
"MC000017","2025-09-18","Email","Campaign 0017","18500","20017","1017","117","27","54459","-3251.4799999999977"
"MC000018","2025-09-19","Referral","Campaign 0018","19000","20018","1018","118","28","56504","-3178.879999999999"
"MC000019","2025-09-20","Organic Search","Campaign 0019","19500","20019","1019","119","29","58551","-3105.7199999999975"
"MC000020","2025-09-21","Google Ads","Campaign 0020","20000","20020","1020","120","30","60600","-3032"
"MC000021","2025-09-22","Instagram","Campaign 0021","20500","20021","1021","121","31","62651","-2957.7199999999975"
"MC000022","2025-09-23","Email","Campaign 0022","21000","20022","1022","122","32","64704","-2882.8799999999974"
"MC000023","2025-09-24","Referral","Campaign 0023","21500","20023","1023","123","33","66759","-2807.4799999999996"
"MC000024","2025-09-25","Organic Search","Campaign 0024","22000","20024","1024","124","34","68816","-2731.519999999997"
"MC000025","2025-09-26","Google Ads","Campaign 0025","22500","20025","1025","125","35","70875","-2654.9999999999964"
"MC000026","2025-09-27","Instagram","Campaign 0026","23000","20026","1026","126","36","72936","-2577.9199999999983"
"MC000027","2025-09-28","Email","Campaign 0027","23500","20027","1027","127","37","74999","-2500.279999999999"
"MC000028","2025-09-29","Referral","Campaign 0028","24000","20028","1028","128","38","77064","-2422.079999999998"
"MC000029","2025-09-30","Organic Search","Campaign 0029","24500","20029","1029","129","39","79131","-2343.3199999999997"
"MC000030","2025-10-01","Google Ads","Campaign 0030","25000","20030","1030","130","40","81200","-2263.9999999999964"
"MC000031","2025-10-02","Instagram","Campaign 0031","25500","20031","1031","131","41","83271","-2184.119999999999"
"MC000032","2025-10-03","Email","Campaign 0032","26000","20032","1032","132","42","85344","-2103.6799999999967"
"MC000033","2025-10-04","Referral","Campaign 0033","26500","20033","1033","133","43","87419","-2022.6799999999967"
"MC000034","2025-10-05","Organic Search","Campaign 0034","27000","20034","1034","134","44","89496","-1941.119999999999"
"MC000035","2025-10-06","Google Ads","Campaign 0035","27500","20035","1035","135","45","91575","-1858.9999999999964"
"MC000036","2025-10-07","Instagram","Campaign 0036","28000","20036","1036","136","46","93656","-1776.319999999996"
"MC000037","2025-10-08","Email","Campaign 0037","28500","20037","1037","137","47","95739","-1693.079999999998"
"MC000038","2025-10-09","Referral","Campaign 0038","29000","20038","1038","138","48","97824","-1609.2799999999988"
"MC000039","2025-10-10","Organic Search","Campaign 0039","29500","20039","1039","139","49","99911","-1524.9199999999983"
"MC000040","2025-10-11","Google Ads","Campaign 0040","30000","20040","1040","140","50","102000","-1439.9999999999964"
"MC000041","2025-10-12","Instagram","Campaign 0041","30500","20041","1041","141","51","104091","-1354.5199999999968"
"MC000042","2025-10-13","Email","Campaign 0042","31000","20042","1042","142","52","106184","-1268.479999999996"
"MC000043","2025-10-14","Referral","Campaign 0043","31500","20043","1043","143","53","108279","-1181.8799999999974"
"MC000044","2025-10-15","Organic Search","Campaign 0044","32000","20044","1044","144","54","110376","-1094.7199999999975"
"MC000045","2025-10-16","Google Ads","Campaign 0045","32500","20045","1045","145","55","112475","-1006.9999999999964"
"MC000046","2025-10-17","Instagram","Campaign 0046","33000","20046","1046","146","56","114576","-918.7199999999975"
"MC000047","2025-10-18","Email","Campaign 0047","33500","20047","1047","147","57","116679","-829.8799999999974"
"MC000048","2025-10-19","Referral","Campaign 0048","34000","20048","1048","148","58","118784","-740.4799999999959"
"MC000049","2025-10-20","Organic Search","Campaign 0049","34500","20049","1049","149","59","120891","-650.5199999999968"
"MC000050","2025-10-21","Google Ads","Campaign 0050","35000","20050","1050","150","60","123000","-560"
"MC000051","2025-10-22","Instagram","Campaign 0051","35500","20051","1051","151","61","125111","-468.91999999999825"
"MC000052","2025-10-23","Email","Campaign 0052","36000","20052","1052","152","62","127224","-377.27999999999884"
"MC000053","2025-10-24","Referral","Campaign 0053","36500","20053","1053","153","63","129339","-285.07999999999447"
"MC000054","2025-10-25","Organic Search","Campaign 0054","37000","20054","1054","154","64","131456","-192.3199999999997"
"MC000055","2025-10-26","Google Ads","Campaign 0055","37500","20055","1055","155","65","133575","-99"
"MC000056","2025-10-27","Instagram","Campaign 0056","38000","20056","1056","156","66","135696","-5.119999999995343"
"MC000057","2025-10-28","Email","Campaign 0057","38500","20057","1057","157","67","137819","89.32000000000698"
"MC000058","2025-10-29","Referral","Campaign 0058","39000","20058","1058","158","68","139944","184.32000000000698"
"MC000059","2025-10-30","Organic Search","Campaign 0059","39500","20059","1059","159","69","142071","279.88000000000466"
"MC000060","2025-10-31","Google Ads","Campaign 0060","40000","20060","1060","160","70","144200","376.0000000000073"
"MC000061","2025-11-01","Instagram","Campaign 0061","40500","20061","1061","161","71","146331","472.6800000000003"
"MC000062","2025-11-02","Email","Campaign 0062","41000","20062","1062","162","72","148464","569.9200000000055"
"MC000063","2025-11-03","Referral","Campaign 0063","41500","20063","1063","163","73","150599","667.7200000000012"
"MC000064","2025-11-04","Organic Search","Campaign 0064","42000","20064","1064","164","74","152736","766.0800000000017"
"MC000065","2025-11-05","Google Ads","Campaign 0065","42500","20065","1065","165","75","154875","865.0000000000073"
"MC000066","2025-11-06","Instagram","Campaign 0066","43000","20066","1066","166","76","157016","964.4800000000032"
"MC000067","2025-11-07","Email","Campaign 0067","43500","20067","1067","167","77","159159","1064.520000000004"
"MC000068","2025-11-08","Referral","Campaign 0068","44000","20068","1068","168","78","161304","1165.1200000000026"
"MC000069","2025-11-09","Organic Search","Campaign 0069","44500","20069","1069","169","79","163451","1266.280000000006"
"MC000070","2025-11-10","Google Ads","Campaign 0070","45000","20070","1070","170","80","165600","1368.0000000000073"
"MC000071","2025-11-11","Instagram","Campaign 0071","45500","20071","1071","171","81","167751","1470.280000000006"
"MC000072","2025-11-12","Email","Campaign 0072","46000","20072","1072","172","82","169904","1573.1200000000026"
"MC000073","2025-11-13","Referral","Campaign 0073","46500","20073","1073","173","83","172059","1676.520000000004"
"MC000074","2025-11-14","Organic Search","Campaign 0074","47000","20074","1074","174","84","174216","1780.4800000000032"
"MC000075","2025-11-15","Google Ads","Campaign 0075","47500","20075","1075","175","85","176375","1885.0000000000073"
"MC000076","2025-11-16","Instagram","Campaign 0076","48000","20076","1076","176","86","178536","1990.0800000000017"
"MC000077","2025-11-17","Email","Campaign 0077","48500","20077","1077","177","87","180699","2095.7200000000084"
"MC000078","2025-11-18","Referral","Campaign 0078","49000","20078","1078","178","88","182864","2201.9200000000055"
"MC000079","2025-11-19","Organic Search","Campaign 0079","49500","20079","1079","179","89","185031","2308.6800000000076"
"MC000080","2025-11-20","Google Ads","Campaign 0080","50000","20080","1080","180","90","187200","2416.0000000000073"
"MC000081","2025-11-21","Instagram","Campaign 0081","50500","20081","1081","181","91","189371","2523.8800000000047"
"MC000082","2025-11-22","Email","Campaign 0082","51000","20082","1082","182","92","191544","2632.320000000007"
"MC000083","2025-11-23","Referral","Campaign 0083","51500","20083","1083","183","93","193719","2741.320000000007"
"MC000084","2025-11-24","Organic Search","Campaign 0084","52000","20084","1084","184","94","195896","2850.8800000000047"
"MC000085","2025-11-25","Google Ads","Campaign 0085","52500","20085","1085","185","95","198075","2961.0000000000073"
"MC000086","2025-11-26","Instagram","Campaign 0086","53000","20086","1086","186","96","200256","3071.6800000000076"
"MC000087","2025-11-27","Email","Campaign 0087","53500","20087","1087","187","97","202439","3182.9200000000055"
"MC000088","2025-11-28","Referral","Campaign 0088","54000","20088","1088","188","98","204624","3294.7200000000084"
"MC000089","2025-11-29","Organic Search","Campaign 0089","54500","20089","1089","189","99","206811","3407.080000000009"
"MC000090","2025-11-30","Google Ads","Campaign 0090","55000","20090","1090","190","10","20900","-49148"
"MC000091","2025-12-01","Instagram","Campaign 0091","55500","20091","1091","191","11","23001","-49059.72"
"MC000092","2025-12-02","Email","Campaign 0092","56000","20092","1092","192","12","25104","-48970.88"
"MC000093","2025-12-03","Referral","Campaign 0093","56500","20093","1093","193","13","27209","-48881.479999999996"
"MC000094","2025-12-04","Organic Search","Campaign 0094","57000","20094","1094","194","14","29316","-48791.52"
"MC000095","2025-12-05","Google Ads","Campaign 0095","57500","20095","1095","195","15","31425","-48701"
"MC000096","2025-12-06","Instagram","Campaign 0096","58000","20096","1096","196","16","33536","-48609.92"
"MC000097","2025-12-07","Email","Campaign 0097","58500","20097","1097","197","17","35649","-48518.28"
"MC000098","2025-12-08","Referral","Campaign 0098","59000","20098","1098","198","18","37764","-48426.08"
"MC000099","2025-12-09","Organic Search","Campaign 0099","59500","20099","1099","199","19","39881","-48333.32"
"MC000100","2025-12-10","Google Ads","Campaign 0100","10000","20100","1100","200","20","42000","1760.0000000000018"
"MC000101","2025-12-11","Instagram","Campaign 0101","10500","20101","1101","201","21","44121","1853.880000000001"
"MC000102","2025-12-12","Email","Campaign 0102","11000","20102","1102","202","22","46244","1948.3200000000015"
"MC000103","2025-12-13","Referral","Campaign 0103","11500","20103","1103","203","23","48369","2043.3200000000015"
"MC000104","2025-12-14","Organic Search","Campaign 0104","12000","20104","1104","204","24","50496","2138.880000000001"
"MC000105","2025-12-15","Google Ads","Campaign 0105","12500","20105","1105","205","25","52625","2235.000000000002"
"MC000106","2025-12-16","Instagram","Campaign 0106","13000","20106","1106","206","26","54756","2331.680000000002"
"MC000107","2025-12-17","Email","Campaign 0107","13500","20107","1107","207","27","56889","2428.920000000002"
"MC000108","2025-12-18","Referral","Campaign 0108","14000","20108","1108","208","28","59024","2526.720000000001"
"MC000109","2025-12-19","Organic Search","Campaign 0109","14500","20109","1109","209","29","61161","2625.0800000000017"
"MC000110","2025-12-20","Google Ads","Campaign 0110","15000","20110","1110","210","30","63300","2724"
"MC000111","2025-12-21","Instagram","Campaign 0111","15500","20111","1111","211","31","65441","2823.480000000003"
"MC000112","2025-12-22","Email","Campaign 0112","16000","20112","1112","212","32","67584","2923.5200000000004"
"MC000113","2025-12-23","Referral","Campaign 0113","16500","20113","1113","213","33","69729","3024.1200000000026"
"MC000114","2025-12-24","Organic Search","Campaign 0114","17000","20114","1114","214","34","71876","3125.2800000000025"
"MC000115","2025-12-25","Google Ads","Campaign 0115","17500","20115","1115","215","35","74025","3227.0000000000036"
"MC000116","2025-12-26","Instagram","Campaign 0116","18000","20116","1116","216","36","76176","3329.2800000000025"
"MC000117","2025-12-27","Email","Campaign 0117","18500","20117","1117","217","37","78329","3432.1200000000026"
"MC000118","2025-12-28","Referral","Campaign 0118","19000","20118","1118","218","38","80484","3535.5200000000004"
"MC000119","2025-12-29","Organic Search","Campaign 0119","19500","20119","1119","219","39","82641","3639.480000000003"
"MC000120","2025-12-30","Google Ads","Campaign 0120","20000","20120","1120","220","40","84800","3744.0000000000036"
"MC000121","2025-12-31","Instagram","Campaign 0121","20500","20121","1121","221","41","86961","3849.0800000000017"
"MC000122","2026-01-01","Email","Campaign 0122","21000","20122","1122","222","42","89124","3954.720000000001"
"MC000123","2026-01-02","Referral","Campaign 0123","21500","20123","1123","223","43","91289","4060.920000000002"
"MC000124","2026-01-03","Organic Search","Campaign 0124","22000","20124","1124","224","44","93456","4167.680000000004"
"MC000125","2026-01-04","Google Ads","Campaign 0125","22500","20125","1125","225","45","95625","4275.000000000004"
"MC000126","2026-01-05","Instagram","Campaign 0126","23000","20126","1126","226","46","97796","4382.880000000001"
"MC000127","2026-01-06","Email","Campaign 0127","23500","20127","1127","227","47","99969","4491.320000000003"
"MC000128","2026-01-07","Referral","Campaign 0128","24000","20128","1128","228","48","102144","4600.320000000003"
"MC000129","2026-01-08","Organic Search","Campaign 0129","24500","20129","1129","229","49","104321","4709.880000000001"
"MC000130","2026-01-09","Google Ads","Campaign 0130","25000","20130","1130","230","50","106500","4820.000000000004"
"MC000131","2026-01-10","Instagram","Campaign 0131","25500","20131","1131","231","51","108681","4930.680000000004"
"MC000132","2026-01-11","Email","Campaign 0132","26000","20132","1132","232","52","110864","5041.920000000002"
"MC000133","2026-01-12","Referral","Campaign 0133","26500","20133","1133","233","53","113049","5153.720000000005"
"MC000134","2026-01-13","Organic Search","Campaign 0134","27000","20134","1134","234","54","115236","5266.080000000002"
"MC000135","2026-01-14","Google Ads","Campaign 0135","27500","20135","1135","235","55","117425","5379"
"MC000136","2026-01-15","Instagram","Campaign 0136","28000","20136","1136","236","56","119616","5492.480000000003"
"MC000137","2026-01-16","Email","Campaign 0137","28500","20137","1137","237","57","121809","5606.520000000004"
"MC000138","2026-01-17","Referral","Campaign 0138","29000","20138","1138","238","58","124004","5721.120000000003"
"MC000139","2026-01-18","Organic Search","Campaign 0139","29500","20139","1139","239","59","126201","5836.280000000006"
"MC000140","2026-01-19","Google Ads","Campaign 0140","30000","20140","1140","240","60","128400","5952"
"MC000141","2026-01-20","Instagram","Campaign 0141","30500","20141","1141","241","61","130601","6068.280000000006"
"MC000142","2026-01-21","Email","Campaign 0142","31000","20142","1142","242","62","132804","6185.120000000003"
"MC000143","2026-01-22","Referral","Campaign 0143","31500","20143","1143","243","63","135009","6302.520000000004"
"MC000144","2026-01-23","Organic Search","Campaign 0144","32000","20144","1144","244","64","137216","6420.480000000003"
"MC000145","2026-01-24","Google Ads","Campaign 0145","32500","20145","1145","245","65","139425","6539.000000000007"
"MC000146","2026-01-25","Instagram","Campaign 0146","33000","20146","1146","246","66","141636","6658.080000000002"
"MC000147","2026-01-26","Email","Campaign 0147","33500","20147","1147","247","67","143849","6777.720000000001"
"MC000148","2026-01-27","Referral","Campaign 0148","34000","20148","1148","248","68","146064","6897.9200000000055"
"MC000149","2026-01-28","Organic Search","Campaign 0149","34500","20149","1149","249","69","148281","7018.680000000008"
"MC000150","2026-01-29","Google Ads","Campaign 0150","35000","20150","1150","250","70","150500","7140.000000000007"
"MC000151","2026-01-30","Instagram","Campaign 0151","35500","20151","1151","251","71","152721","7261.880000000005"
"MC000152","2026-01-31","Email","Campaign 0152","36000","20152","1152","252","72","154944","7384.320000000007"
"MC000153","2026-02-01","Referral","Campaign 0153","36500","20153","1153","253","73","157169","7507.320000000007"
"MC000154","2026-02-02","Organic Search","Campaign 0154","37000","20154","1154","254","74","159396","7630.880000000005"
"MC000155","2026-02-03","Google Ads","Campaign 0155","37500","20155","1155","255","75","161625","7755.000000000007"
"MC000156","2026-02-04","Instagram","Campaign 0156","38000","20156","1156","256","76","163856","7879.680000000008"
"MC000157","2026-02-05","Email","Campaign 0157","38500","20157","1157","257","77","166089","8004.9200000000055"
"MC000158","2026-02-06","Referral","Campaign 0158","39000","20158","1158","258","78","168324","8130.720000000001"
"MC000159","2026-02-07","Organic Search","Campaign 0159","39500","20159","1159","259","79","170561","8257.080000000002"
"MC000160","2026-02-08","Google Ads","Campaign 0160","40000","20160","1160","260","80","172800","8384.000000000007"
"MC000161","2026-02-09","Instagram","Campaign 0161","40500","20161","1161","261","81","175041","8511.480000000003"
"MC000162","2026-02-10","Email","Campaign 0162","41000","20162","1162","262","82","177284","8639.520000000004"
"MC000163","2026-02-11","Referral","Campaign 0163","41500","20163","1163","263","83","179529","8768.120000000003"
"MC000164","2026-02-12","Organic Search","Campaign 0164","42000","20164","1164","264","84","181776","8897.280000000006"
"MC000165","2026-02-13","Google Ads","Campaign 0165","42500","20165","1165","265","85","184025","9027.000000000007"
"MC000166","2026-02-14","Instagram","Campaign 0166","43000","20166","1166","266","86","186276","9157.280000000006"
"MC000167","2026-02-15","Email","Campaign 0167","43500","20167","1167","267","87","188529","9288.120000000003"
"MC000168","2026-02-16","Referral","Campaign 0168","44000","20168","1168","268","88","190784","9419.520000000004"
"MC000169","2026-02-17","Organic Search","Campaign 0169","44500","20169","1169","269","89","193041","9551.480000000003"
"MC000170","2026-02-18","Google Ads","Campaign 0170","45000","20170","1170","270","90","195300","9684.000000000007"
"MC000171","2026-02-19","Instagram","Campaign 0171","45500","20171","1171","271","91","197561","9817.080000000002"
"MC000172","2026-02-20","Email","Campaign 0172","46000","20172","1172","272","92","199824","9950.720000000008"
"MC000173","2026-02-21","Referral","Campaign 0173","46500","20173","1173","273","93","202089","10084.920000000006"
"MC000174","2026-02-22","Organic Search","Campaign 0174","47000","20174","1174","274","94","204356","10219.680000000008"
"MC000175","2026-02-23","Google Ads","Campaign 0175","47500","20175","1175","275","95","206625","10355.000000000007"
"MC000176","2026-02-24","Instagram","Campaign 0176","48000","20176","1176","276","96","208896","10490.880000000005"
"MC000177","2026-02-25","Email","Campaign 0177","48500","20177","1177","277","97","211169","10627.320000000007"
"MC000178","2026-02-26","Referral","Campaign 0178","49000","20178","1178","278","98","213444","10764.320000000007"
"MC000179","2026-02-27","Organic Search","Campaign 0179","49500","20179","1179","279","99","215721","10901.880000000005"
"MC000180","2026-02-28","Google Ads","Campaign 0180","50000","20180","1180","280","10","21800","-43896"
"MC000181","2026-03-01","Instagram","Campaign 0181","50500","20181","1181","281","11","23991","-43782.52"
"MC000182","2026-03-02","Email","Campaign 0182","51000","20182","1182","282","12","26184","-43668.479999999996"
"MC000183","2026-03-03","Referral","Campaign 0183","51500","20183","1183","283","13","28379","-43553.88"
"MC000184","2026-03-04","Organic Search","Campaign 0184","52000","20184","1184","284","14","30576","-43438.72"
"MC000185","2026-03-05","Google Ads","Campaign 0185","52500","20185","1185","285","15","32775","-43323"
"MC000186","2026-03-06","Instagram","Campaign 0186","53000","20186","1186","286","16","34976","-43206.72"
"MC000187","2026-03-07","Email","Campaign 0187","53500","20187","1187","287","17","37179","-43089.88"
"MC000188","2026-03-08","Referral","Campaign 0188","54000","20188","1188","288","18","39384","-42972.479999999996"
"MC000189","2026-03-09","Organic Search","Campaign 0189","54500","20189","1189","289","19","41591","-42854.52"
"MC000190","2026-03-10","Google Ads","Campaign 0190","55000","20190","1190","290","20","43800","-42736"
"MC000191","2026-03-11","Instagram","Campaign 0191","55500","20191","1191","291","21","46011","-42616.92"
"MC000192","2026-03-12","Email","Campaign 0192","56000","20192","1192","292","22","48224","-42497.28"
"MC000193","2026-03-13","Referral","Campaign 0193","56500","20193","1193","293","23","50439","-42377.08"
"MC000194","2026-03-14","Organic Search","Campaign 0194","57000","20194","1194","294","24","52656","-42256.32"
"MC000195","2026-03-15","Google Ads","Campaign 0195","57500","20195","1195","295","25","54875","-42135"
"MC000196","2026-03-16","Instagram","Campaign 0196","58000","20196","1196","296","26","57096","-42013.119999999995"
"MC000197","2026-03-17","Email","Campaign 0197","58500","20197","1197","297","27","59319","-41890.67999999999"
"MC000198","2026-03-18","Referral","Campaign 0198","59000","20198","1198","298","28","61544","-41767.67999999999"
"MC000199","2026-03-19","Organic Search","Campaign 0199","59500","20199","1199","299","29","63771","-41644.119999999995"
"MC000200","2026-03-20","Google Ads","Campaign 0200","10000","20200","1200","300","30","66000","8480"
"MC000201","2026-03-21","Instagram","Campaign 0201","10500","20201","1201","301","31","68231","8604.68"
"MC000202","2026-03-22","Email","Campaign 0202","11000","20202","1202","302","32","70464","8729.920000000002"
"MC000203","2026-03-23","Referral","Campaign 0203","11500","20203","1203","303","33","72699","8855.720000000001"
"MC000204","2026-03-24","Organic Search","Campaign 0204","12000","20204","1204","304","34","74936","8982.080000000002"
"MC000205","2026-03-25","Google Ads","Campaign 0205","12500","20205","1205","305","35","77175","9109.000000000004"
"MC000206","2026-03-26","Instagram","Campaign 0206","13000","20206","1206","306","36","79416","9236.480000000003"
"MC000207","2026-03-27","Email","Campaign 0207","13500","20207","1207","307","37","81659","9364.52"
"MC000208","2026-03-28","Referral","Campaign 0208","14000","20208","1208","308","38","83904","9493.120000000003"
"MC000209","2026-03-29","Organic Search","Campaign 0209","14500","20209","1209","309","39","86151","9622.280000000002"
"MC000210","2026-03-30","Google Ads","Campaign 0210","15000","20210","1210","310","40","88400","9752.000000000004"
"MC000211","2026-03-31","Instagram","Campaign 0211","15500","20211","1211","311","41","90651","9882.280000000002"
"MC000212","2026-04-01","Email","Campaign 0212","16000","20212","1212","312","42","92904","10013.120000000003"
"MC000213","2026-04-02","Referral","Campaign 0213","16500","20213","1213","313","43","95159","10144.520000000004"
"MC000214","2026-04-03","Organic Search","Campaign 0214","17000","20214","1214","314","44","97416","10276.480000000003"
"MC000215","2026-04-04","Google Ads","Campaign 0215","17500","20215","1215","315","45","99675","10409.000000000004"
"MC000216","2026-04-05","Instagram","Campaign 0216","18000","20216","1216","316","46","101936","10542.080000000002"
"MC000217","2026-04-06","Email","Campaign 0217","18500","20217","1217","317","47","104199","10675.720000000001"
"MC000218","2026-04-07","Referral","Campaign 0218","19000","20218","1218","318","48","106464","10809.920000000002"
"MC000219","2026-04-08","Organic Search","Campaign 0219","19500","20219","1219","319","49","108731","10944.680000000004"
"MC000220","2026-04-09","Google Ads","Campaign 0220","20000","20220","1220","320","50","111000","11080.000000000004"
"MC000221","2026-04-10","Instagram","Campaign 0221","20500","20221","1221","321","51","113271","11215.880000000005"
"MC000222","2026-04-11","Email","Campaign 0222","21000","20222","1222","322","52","115544","11352.320000000003"
"MC000223","2026-04-12","Referral","Campaign 0223","21500","20223","1223","323","53","117819","11489.32"
"MC000224","2026-04-13","Organic Search","Campaign 0224","22000","20224","1224","324","54","120096","11626.880000000005"
"MC000225","2026-04-14","Google Ads","Campaign 0225","22500","20225","1225","325","55","122375","11765"
"MC000226","2026-04-15","Instagram","Campaign 0226","23000","20226","1226","326","56","124656","11903.68"
"MC000227","2026-04-16","Email","Campaign 0227","23500","20227","1227","327","57","126939","12042.920000000006"
"MC000228","2026-04-17","Referral","Campaign 0228","24000","20228","1228","328","58","129224","12182.720000000001"
"MC000229","2026-04-18","Organic Search","Campaign 0229","24500","20229","1229","329","59","131511","12323.080000000002"
"MC000230","2026-04-19","Google Ads","Campaign 0230","25000","20230","1230","330","60","133800","12464"
"MC000231","2026-04-20","Instagram","Campaign 0231","25500","20231","1231","331","61","136091","12605.480000000003"
"MC000232","2026-04-21","Email","Campaign 0232","26000","20232","1232","332","62","138384","12747.520000000004"
"MC000233","2026-04-22","Referral","Campaign 0233","26500","20233","1233","333","63","140679","12890.120000000003"
"MC000234","2026-04-23","Organic Search","Campaign 0234","27000","20234","1234","334","64","142976","13033.280000000006"
"MC000235","2026-04-24","Google Ads","Campaign 0235","27500","20235","1235","335","65","145275","13177.000000000007"
"MC000236","2026-04-25","Instagram","Campaign 0236","28000","20236","1236","336","66","147576","13321.280000000006"
"MC000237","2026-04-26","Email","Campaign 0237","28500","20237","1237","337","67","149879","13466.120000000003"
"MC000238","2026-04-27","Referral","Campaign 0238","29000","20238","1238","338","68","152184","13611.520000000004"
"MC000239","2026-04-28","Organic Search","Campaign 0239","29500","20239","1239","339","69","154491","13757.480000000003"
"MC000240","2026-04-29","Google Ads","Campaign 0240","30000","20240","1240","340","70","156800","13904.000000000007"
"MC000241","2026-04-30","Instagram","Campaign 0241","30500","20241","1241","341","71","159111","14051.080000000002"
"MC000242","2026-05-01","Email","Campaign 0242","31000","20242","1242","342","72","161424","14198.720000000001"
"MC000243","2026-05-02","Referral","Campaign 0243","31500","20243","1243","343","73","163739","14346.920000000006"
"MC000244","2026-05-03","Organic Search","Campaign 0244","32000","20244","1244","344","74","166056","14495.680000000008"
"MC000245","2026-05-04","Google Ads","Campaign 0245","32500","20245","1245","345","75","168375","14645.000000000007"
"MC000246","2026-05-05","Instagram","Campaign 0246","33000","20246","1246","346","76","170696","14794.880000000005"
"MC000247","2026-05-06","Email","Campaign 0247","33500","20247","1247","347","77","173019","14945.320000000007"
"MC000248","2026-05-07","Referral","Campaign 0248","34000","20248","1248","348","78","175344","15096.320000000007"
"MC000249","2026-05-08","Organic Search","Campaign 0249","34500","20249","1249","349","79","177671","15247.880000000005"
"MC000250","2026-05-09","Google Ads","Campaign 0250","35000","20250","1250","350","80","180000","15400.000000000007"
"MC000251","2026-05-10","Instagram","Campaign 0251","35500","20251","1251","351","81","182331","15552.680000000008"
"MC000252","2026-05-11","Email","Campaign 0252","36000","20252","1252","352","82","184664","15705.920000000006"
"MC000253","2026-05-12","Referral","Campaign 0253","36500","20253","1253","353","83","186999","15859.720000000008"
"MC000254","2026-05-13","Organic Search","Campaign 0254","37000","20254","1254","354","84","189336","16014.080000000002"
"MC000255","2026-05-14","Google Ads","Campaign 0255","37500","20255","1255","355","85","191675","16169.000000000007"
"MC000256","2026-05-15","Instagram","Campaign 0256","38000","20256","1256","356","86","194016","16324.480000000003"
"MC000257","2026-05-16","Email","Campaign 0257","38500","20257","1257","357","87","196359","16480.520000000004"
"MC000258","2026-05-17","Referral","Campaign 0258","39000","20258","1258","358","88","198704","16637.120000000003"
"MC000259","2026-05-18","Organic Search","Campaign 0259","39500","20259","1259","359","89","201051","16794.280000000006"
"MC000260","2026-05-19","Google Ads","Campaign 0260","40000","20260","1260","360","90","203400","16952.000000000007"
"MC000261","2026-05-20","Instagram","Campaign 0261","40500","20261","1261","361","91","205751","17110.280000000006"
"MC000262","2026-05-21","Email","Campaign 0262","41000","20262","1262","362","92","208104","17269.120000000003"
"MC000263","2026-05-22","Referral","Campaign 0263","41500","20263","1263","363","93","210459","17428.520000000004"
"MC000264","2026-05-23","Organic Search","Campaign 0264","42000","20264","1264","364","94","212816","17588.480000000003"
"MC000265","2026-05-24","Google Ads","Campaign 0265","42500","20265","1265","365","95","215175","17749.000000000007"
"MC000266","2026-05-25","Instagram","Campaign 0266","43000","20266","1266","366","96","217536","17910.08000000001"
"MC000267","2026-05-26","Email","Campaign 0267","43500","20267","1267","367","97","219899","18071.72000000001"
"MC000268","2026-05-27","Referral","Campaign 0268","44000","20268","1268","368","98","222264","18233.920000000006"
"MC000269","2026-05-28","Organic Search","Campaign 0269","44500","20269","1269","369","99","224631","18396.680000000008"
"MC000270","2026-05-29","Google Ads","Campaign 0270","45000","20270","1270","370","10","22700","-38644"
"MC000271","2026-05-30","Instagram","Campaign 0271","45500","20271","1271","371","11","24981","-38505.32"
"MC000272","2026-05-31","Email","Campaign 0272","46000","20272","1272","372","12","27264","-38366.08"
"MC000273","2026-06-01","Referral","Campaign 0273","46500","20273","1273","373","13","29549","-38226.28"
"MC000274","2026-06-02","Organic Search","Campaign 0274","47000","20274","1274","374","14","31836","-38085.92"
"MC000275","2026-06-03","Google Ads","Campaign 0275","47500","20275","1275","375","15","34125","-37945"
"MC000276","2026-06-04","Instagram","Campaign 0276","48000","20276","1276","376","16","36416","-37803.52"
"MC000277","2026-06-05","Email","Campaign 0277","48500","20277","1277","377","17","38709","-37661.479999999996"
"MC000278","2026-06-06","Referral","Campaign 0278","49000","20278","1278","378","18","41004","-37518.88"
"MC000279","2026-06-07","Organic Search","Campaign 0279","49500","20279","1279","379","19","43301","-37375.72"
"MC000280","2026-06-08","Google Ads","Campaign 0280","50000","20280","1280","380","20","45600","-37232"
"MC000281","2026-06-09","Instagram","Campaign 0281","50500","20281","1281","381","21","47901","-37087.72"
"MC000282","2026-06-10","Email","Campaign 0282","51000","20282","1282","382","22","50204","-36942.88"
"MC000283","2026-06-11","Referral","Campaign 0283","51500","20283","1283","383","23","52509","-36797.479999999996"
"MC000284","2026-06-12","Organic Search","Campaign 0284","52000","20284","1284","384","24","54816","-36651.52"
"MC000285","2026-06-13","Google Ads","Campaign 0285","52500","20285","1285","385","25","57125","-36505"
"MC000286","2026-06-14","Instagram","Campaign 0286","53000","20286","1286","386","26","59436","-36357.92"
"MC000287","2026-06-15","Email","Campaign 0287","53500","20287","1287","387","27","61749","-36210.28"
"MC000288","2026-06-16","Referral","Campaign 0288","54000","20288","1288","388","28","64064","-36062.08"
"MC000289","2026-06-17","Organic Search","Campaign 0289","54500","20289","1289","389","29","66381","-35913.32"
"MC000290","2026-06-18","Google Ads","Campaign 0290","55000","20290","1290","390","30","68700","-35764"
"MC000291","2026-06-19","Instagram","Campaign 0291","55500","20291","1291","391","31","71021","-35614.119999999995"
"MC000292","2026-06-20","Email","Campaign 0292","56000","20292","1292","392","32","73344","-35463.67999999999"
"MC000293","2026-06-21","Referral","Campaign 0293","56500","20293","1293","393","33","75669","-35312.67999999999"
"MC000294","2026-06-22","Organic Search","Campaign 0294","57000","20294","1294","394","34","77996","-35161.119999999995"
"MC000295","2026-06-23","Google Ads","Campaign 0295","57500","20295","1295","395","35","80325","-35009"
"MC000296","2026-06-24","Instagram","Campaign 0296","58000","20296","1296","396","36","82656","-34856.31999999999"
"MC000297","2026-06-25","Email","Campaign 0297","58500","20297","1297","397","37","84989","-34703.08"
"MC000298","2026-06-26","Referral","Campaign 0298","59000","20298","1298","398","38","87324","-34549.28"
"MC000299","2026-06-27","Organic Search","Campaign 0299","59500","20299","1299","399","39","89661","-34394.92"
"MC000300","2026-06-28","Google Ads","Campaign 0300","10000","20300","1300","400","40","92000","15760.000000000004"
"MC000301","2026-06-29","Instagram","Campaign 0301","10500","20301","1301","401","41","94341","15915.480000000003"
"MC000302","2026-06-30","Email","Campaign 0302","11000","20302","1302","402","42","96684","16071.520000000004"
"MC000303","2026-07-01","Referral","Campaign 0303","11500","20303","1303","403","43","99029","16228.120000000003"
"MC000304","2026-07-02","Organic Search","Campaign 0304","12000","20304","1304","404","44","101376","16385.280000000002"
"MC000305","2026-07-03","Google Ads","Campaign 0305","12500","20305","1305","405","45","103725","16543.000000000004"
"MC000306","2026-07-04","Instagram","Campaign 0306","13000","20306","1306","406","46","106076","16701.280000000002"
"MC000307","2026-07-05","Email","Campaign 0307","13500","20307","1307","407","47","108429","16860.120000000003"
"MC000308","2026-07-06","Referral","Campaign 0308","14000","20308","1308","408","48","110784","17019.520000000004"
"MC000309","2026-07-07","Organic Search","Campaign 0309","14500","20309","1309","409","49","113141","17179.480000000003"
"MC000310","2026-07-08","Google Ads","Campaign 0310","15000","20310","1310","410","50","115500","17340.000000000004"
"MC000311","2026-07-09","Instagram","Campaign 0311","15500","20311","1311","411","51","117861","17501.08"
"MC000312","2026-07-10","Email","Campaign 0312","16000","20312","1312","412","52","120224","17662.72"
"MC000313","2026-07-11","Referral","Campaign 0313","16500","20313","1313","413","53","122589","17824.920000000006"
"MC000314","2026-07-12","Organic Search","Campaign 0314","17000","20314","1314","414","54","124956","17987.68"
"MC000315","2026-07-13","Google Ads","Campaign 0315","17500","20315","1315","415","55","127325","18151"
"MC000316","2026-07-14","Instagram","Campaign 0316","18000","20316","1316","416","56","129696","18314.880000000005"
"MC000317","2026-07-15","Email","Campaign 0317","18500","20317","1317","417","57","132069","18479.320000000007"
"MC000318","2026-07-16","Referral","Campaign 0318","19000","20318","1318","418","58","134444","18644.320000000007"
"MC000319","2026-07-17","Organic Search","Campaign 0319","19500","20319","1319","419","59","136821","18809.880000000005"
"MC000320","2026-07-18","Google Ads","Campaign 0320","20000","20320","1320","420","60","139200","18976.000000000007"
"MC000321","2026-07-19","Instagram","Campaign 0321","20500","20321","1321","421","61","141581","19142.68"
"MC000322","2026-07-20","Email","Campaign 0322","21000","20322","1322","422","62","143964","19309.920000000006"
"MC000323","2026-07-21","Referral","Campaign 0323","21500","20323","1323","423","63","146349","19477.72"
"MC000324","2026-07-22","Organic Search","Campaign 0324","22000","20324","1324","424","64","148736","19646.08"
"MC000325","2026-07-23","Google Ads","Campaign 0325","22500","20325","1325","425","65","151125","19815.000000000007"
"MC000326","2026-07-24","Instagram","Campaign 0326","23000","20326","1326","426","66","153516","19984.480000000003"
"MC000327","2026-07-25","Email","Campaign 0327","23500","20327","1327","427","67","155909","20154.520000000004"
"MC000328","2026-07-26","Referral","Campaign 0328","24000","20328","1328","428","68","158304","20325.120000000003"
"MC000329","2026-07-27","Organic Search","Campaign 0329","24500","20329","1329","429","69","160701","20496.280000000006"
"MC000330","2026-07-28","Google Ads","Campaign 0330","25000","20330","1330","430","70","163100","20668.000000000007"
"MC000331","2026-07-29","Instagram","Campaign 0331","25500","20331","1331","431","71","165501","20840.280000000006"
"MC000332","2026-07-30","Email","Campaign 0332","26000","20332","1332","432","72","167904","21013.120000000003"
"MC000333","2026-07-31","Referral","Campaign 0333","26500","20333","1333","433","73","170309","21186.520000000004"
"MC000334","2026-08-01","Organic Search","Campaign 0334","27000","20334","1334","434","74","172716","21360.480000000003"
"MC000335","2026-08-02","Google Ads","Campaign 0335","27500","20335","1335","435","75","175125","21535.000000000007"
"MC000336","2026-08-03","Instagram","Campaign 0336","28000","20336","1336","436","76","177536","21710.08"
"MC000337","2026-08-04","Email","Campaign 0337","28500","20337","1337","437","77","179949","21885.72"
"MC000338","2026-08-05","Referral","Campaign 0338","29000","20338","1338","438","78","182364","22061.920000000006"
"MC000339","2026-08-06","Organic Search","Campaign 0339","29500","20339","1339","439","79","184781","22238.680000000008"
"MC000340","2026-08-07","Google Ads","Campaign 0340","30000","20340","1340","440","80","187200","22416.000000000007"
"MC000341","2026-08-08","Instagram","Campaign 0341","30500","20341","1341","441","81","189621","22593.880000000005"
"MC000342","2026-08-09","Email","Campaign 0342","31000","20342","1342","442","82","192044","22772.320000000007"
"MC000343","2026-08-10","Referral","Campaign 0343","31500","20343","1343","443","83","194469","22951.320000000007"
"MC000344","2026-08-11","Organic Search","Campaign 0344","32000","20344","1344","444","84","196896","23130.880000000005"
"MC000345","2026-08-12","Google Ads","Campaign 0345","32500","20345","1345","445","85","199325","23311.000000000007"
"MC000346","2026-08-13","Instagram","Campaign 0346","33000","20346","1346","446","86","201756","23491.680000000008"
"MC000347","2026-08-14","Email","Campaign 0347","33500","20347","1347","447","87","204189","23672.920000000006"
"MC000348","2026-08-15","Referral","Campaign 0348","34000","20348","1348","448","88","206624","23854.72000000001"
"MC000349","2026-08-16","Organic Search","Campaign 0349","34500","20349","1349","449","89","209061","24037.08000000001"
"MC000350","2026-08-17","Google Ads","Campaign 0350","35000","20350","1350","450","90","211500","24220.000000000007"
"MC000351","2026-08-18","Instagram","Campaign 0351","35500","20351","1351","451","91","213941","24403.480000000003"
"MC000352","2026-08-19","Email","Campaign 0352","36000","20352","1352","452","92","216384","24587.520000000004"
"MC000353","2026-08-20","Referral","Campaign 0353","36500","20353","1353","453","93","218829","24772.120000000003"
"MC000354","2026-08-21","Organic Search","Campaign 0354","37000","20354","1354","454","94","221276","24957.280000000006"
"MC000355","2026-08-22","Google Ads","Campaign 0355","37500","20355","1355","455","95","223725","25143.000000000007"
"MC000356","2026-08-23","Instagram","Campaign 0356","38000","20356","1356","456","96","226176","25329.280000000006"
"MC000357","2026-08-24","Email","Campaign 0357","38500","20357","1357","457","97","228629","25516.120000000003"
"MC000358","2026-08-25","Referral","Campaign 0358","39000","20358","1358","458","98","231084","25703.520000000004"
"MC000359","2026-08-26","Organic Search","Campaign 0359","39500","20359","1359","459","99","233541","25891.480000000003"
"MC000360","2026-08-27","Google Ads","Campaign 0360","40000","20360","1360","460","10","23600","-33392"
"MC000361","2026-08-28","Instagram","Campaign 0361","40500","20361","1361","461","11","25971","-33228.119999999995"
"MC000362","2026-08-29","Email","Campaign 0362","41000","20362","1362","462","12","28344","-33063.68"
"MC000363","2026-08-30","Referral","Campaign 0363","41500","20363","1363","463","13","30719","-32898.68"
"MC000364","2026-08-31","Organic Search","Campaign 0364","42000","20364","1364","464","14","33096","-32733.12"
"MC000365","2025-09-01","Google Ads","Campaign 0365","42500","20365","1365","465","15","35475","-32567"
"MC000366","2025-09-02","Instagram","Campaign 0366","43000","20366","1366","466","16","37856","-32400.32"
"MC000367","2025-09-03","Email","Campaign 0367","43500","20367","1367","467","17","40239","-32233.079999999998"
"MC000368","2025-09-04","Referral","Campaign 0368","44000","20368","1368","468","18","42624","-32065.28"
"MC000369","2025-09-05","Organic Search","Campaign 0369","44500","20369","1369","469","19","45011","-31896.92"
"MC000370","2025-09-06","Google Ads","Campaign 0370","45000","20370","1370","470","20","47400","-31728"
"MC000371","2025-09-07","Instagram","Campaign 0371","45500","20371","1371","471","21","49791","-31558.519999999997"
"MC000372","2025-09-08","Email","Campaign 0372","46000","20372","1372","472","22","52184","-31388.479999999996"
"MC000373","2025-09-09","Referral","Campaign 0373","46500","20373","1373","473","23","54579","-31217.879999999997"
"MC000374","2025-09-10","Organic Search","Campaign 0374","47000","20374","1374","474","24","56976","-31046.72"
"MC000375","2025-09-11","Google Ads","Campaign 0375","47500","20375","1375","475","25","59375","-30875"
"MC000376","2025-09-12","Instagram","Campaign 0376","48000","20376","1376","476","26","61776","-30702.719999999998"
"MC000377","2025-09-13","Email","Campaign 0377","48500","20377","1377","477","27","64179","-30529.879999999997"
"MC000378","2025-09-14","Referral","Campaign 0378","49000","20378","1378","478","28","66584","-30356.48"
"MC000379","2025-09-15","Organic Search","Campaign 0379","49500","20379","1379","479","29","68991","-30182.519999999997"
"MC000380","2025-09-16","Google Ads","Campaign 0380","50000","20380","1380","480","30","71400","-30007.999999999996"
"MC000381","2025-09-17","Instagram","Campaign 0381","50500","20381","1381","481","31","73811","-29832.92"
"MC000382","2025-09-18","Email","Campaign 0382","51000","20382","1382","482","32","76224","-29657.28"
"MC000383","2025-09-19","Referral","Campaign 0383","51500","20383","1383","483","33","78639","-29481.079999999998"
"MC000384","2025-09-20","Organic Search","Campaign 0384","52000","20384","1384","484","34","81056","-29304.319999999996"
"MC000385","2025-09-21","Google Ads","Campaign 0385","52500","20385","1385","485","35","83475","-29126.999999999996"
"MC000386","2025-09-22","Instagram","Campaign 0386","53000","20386","1386","486","36","85896","-28949.12"
"MC000387","2025-09-23","Email","Campaign 0387","53500","20387","1387","487","37","88319","-28770.679999999997"
"MC000388","2025-09-24","Referral","Campaign 0388","54000","20388","1388","488","38","90744","-28591.679999999997"
"MC000389","2025-09-25","Organic Search","Campaign 0389","54500","20389","1389","489","39","93171","-28412.12"
"MC000390","2025-09-26","Google Ads","Campaign 0390","55000","20390","1390","490","40","95600","-28231.999999999996"
"MC000391","2025-09-27","Instagram","Campaign 0391","55500","20391","1391","491","41","98031","-28051.319999999996"
"MC000392","2025-09-28","Email","Campaign 0392","56000","20392","1392","492","42","100464","-27870.079999999998"
"MC000393","2025-09-29","Referral","Campaign 0393","56500","20393","1393","493","43","102899","-27688.28"
"MC000394","2025-09-30","Organic Search","Campaign 0394","57000","20394","1394","494","44","105336","-27505.92"
"MC000395","2025-10-01","Google Ads","Campaign 0395","57500","20395","1395","495","45","107775","-27322.999999999996"
"MC000396","2025-10-02","Instagram","Campaign 0396","58000","20396","1396","496","46","110216","-27139.519999999997"
"MC000397","2025-10-03","Email","Campaign 0397","58500","20397","1397","497","47","112659","-26955.479999999996"
"MC000398","2025-10-04","Referral","Campaign 0398","59000","20398","1398","498","48","115104","-26770.879999999997"
"MC000399","2025-10-05","Organic Search","Campaign 0399","59500","20399","1399","499","49","117551","-26585.719999999994"
"MC000400","2025-10-06","Google Ads","Campaign 0400","10000","20400","1400","500","50","120000","23600"
"MC000401","2025-10-07","Instagram","Campaign 0401","10500","20401","1401","501","51","122451","23786.280000000006"
"MC000402","2025-10-08","Email","Campaign 0402","11000","20402","1402","502","52","124904","23973.120000000003"
"MC000403","2025-10-09","Referral","Campaign 0403","11500","20403","1403","503","53","127359","24160.520000000004"
"MC000404","2025-10-10","Organic Search","Campaign 0404","12000","20404","1404","504","54","129816","24348.480000000003"
"MC000405","2025-10-11","Google Ads","Campaign 0405","12500","20405","1405","505","55","132275","24537"
"MC000406","2025-10-12","Instagram","Campaign 0406","13000","20406","1406","506","56","134736","24726.08"
"MC000407","2025-10-13","Email","Campaign 0407","13500","20407","1407","507","57","137199","24915.72"
"MC000408","2025-10-14","Referral","Campaign 0408","14000","20408","1408","508","58","139664","25105.920000000006"
"MC000409","2025-10-15","Organic Search","Campaign 0409","14500","20409","1409","509","59","142131","25296.68"
"MC000410","2025-10-16","Google Ads","Campaign 0410","15000","20410","1410","510","60","144600","25488.000000000007"
"MC000411","2025-10-17","Instagram","Campaign 0411","15500","20411","1411","511","61","147071","25679.880000000005"
"MC000412","2025-10-18","Email","Campaign 0412","16000","20412","1412","512","62","149544","25872.320000000007"
"MC000413","2025-10-19","Referral","Campaign 0413","16500","20413","1413","513","63","152019","26065.320000000007"
"MC000414","2025-10-20","Organic Search","Campaign 0414","17000","20414","1414","514","64","154496","26258.880000000005"
"MC000415","2025-10-21","Google Ads","Campaign 0415","17500","20415","1415","515","65","156975","26453.000000000007"
"MC000416","2025-10-22","Instagram","Campaign 0416","18000","20416","1416","516","66","159456","26647.680000000008"
"MC000417","2025-10-23","Email","Campaign 0417","18500","20417","1417","517","67","161939","26842.920000000006"
"MC000418","2025-10-24","Referral","Campaign 0418","19000","20418","1418","518","68","164424","27038.72"
"MC000419","2025-10-25","Organic Search","Campaign 0419","19500","20419","1419","519","69","166911","27235.08"
"MC000420","2025-10-26","Google Ads","Campaign 0420","20000","20420","1420","520","70","169400","27432.000000000007"
"MC000421","2025-10-27","Instagram","Campaign 0421","20500","20421","1421","521","71","171891","27629.480000000003"
"MC000422","2025-10-28","Email","Campaign 0422","21000","20422","1422","522","72","174384","27827.520000000004"
"MC000423","2025-10-29","Referral","Campaign 0423","21500","20423","1423","523","73","176879","28026.120000000003"
"MC000424","2025-10-30","Organic Search","Campaign 0424","22000","20424","1424","524","74","179376","28225.280000000006"
"MC000425","2025-10-31","Google Ads","Campaign 0425","22500","20425","1425","525","75","181875","28425.000000000007"
"MC000426","2025-11-01","Instagram","Campaign 0426","23000","20426","1426","526","76","184376","28625.280000000006"
"MC000427","2025-11-02","Email","Campaign 0427","23500","20427","1427","527","77","186879","28826.120000000003"
"MC000428","2025-11-03","Referral","Campaign 0428","24000","20428","1428","528","78","189384","29027.520000000004"
"MC000429","2025-11-04","Organic Search","Campaign 0429","24500","20429","1429","529","79","191891","29229.480000000003"
"MC000430","2025-11-05","Google Ads","Campaign 0430","25000","20430","1430","530","80","194400","29432.000000000007"
"MC000431","2025-11-06","Instagram","Campaign 0431","25500","20431","1431","531","81","196911","29635.08"
"MC000432","2025-11-07","Email","Campaign 0432","26000","20432","1432","532","82","199424","29838.72000000001"
"MC000433","2025-11-08","Referral","Campaign 0433","26500","20433","1433","533","83","201939","30042.920000000006"
"MC000434","2025-11-09","Organic Search","Campaign 0434","27000","20434","1434","534","84","204456","30247.680000000008"
"MC000435","2025-11-10","Google Ads","Campaign 0435","27500","20435","1435","535","85","206975","30453.000000000007"
"MC000436","2025-11-11","Instagram","Campaign 0436","28000","20436","1436","536","86","209496","30658.880000000005"
"MC000437","2025-11-12","Email","Campaign 0437","28500","20437","1437","537","87","212019","30865.320000000007"
"MC000438","2025-11-13","Referral","Campaign 0438","29000","20438","1438","538","88","214544","31072.320000000007"
"MC000439","2025-11-14","Organic Search","Campaign 0439","29500","20439","1439","539","89","217071","31279.880000000005"
"MC000440","2025-11-15","Google Ads","Campaign 0440","30000","20440","1440","540","90","219600","31488.000000000007"
"MC000441","2025-11-16","Instagram","Campaign 0441","30500","20441","1441","541","91","222131","31696.680000000008"
"MC000442","2025-11-17","Email","Campaign 0442","31000","20442","1442","542","92","224664","31905.920000000006"
"MC000443","2025-11-18","Referral","Campaign 0443","31500","20443","1443","543","93","227199","32115.72000000001"
"MC000444","2025-11-19","Organic Search","Campaign 0444","32000","20444","1444","544","94","229736","32326.08000000001"
"MC000445","2025-11-20","Google Ads","Campaign 0445","32500","20445","1445","545","95","232275","32537.000000000007"
"MC000446","2025-11-21","Instagram","Campaign 0446","33000","20446","1446","546","96","234816","32748.48000000001"
"MC000447","2025-11-22","Email","Campaign 0447","33500","20447","1447","547","97","237359","32960.520000000004"
"MC000448","2025-11-23","Referral","Campaign 0448","34000","20448","1448","548","98","239904","33173.12000000001"
"MC000449","2025-11-24","Organic Search","Campaign 0449","34500","20449","1449","549","99","242451","33386.28000000001"
"MC000450","2025-11-25","Google Ads","Campaign 0450","35000","20450","1450","550","10","24500","-28140"
"MC000451","2025-11-26","Instagram","Campaign 0451","35500","20451","1451","551","11","26961","-27950.92"
"MC000452","2025-11-27","Email","Campaign 0452","36000","20452","1452","552","12","29424","-27761.28"
"MC000453","2025-11-28","Referral","Campaign 0453","36500","20453","1453","553","13","31889","-27571.08"
"MC000454","2025-11-29","Organic Search","Campaign 0454","37000","20454","1454","554","14","34356","-27380.32"
"MC000455","2025-11-30","Google Ads","Campaign 0455","37500","20455","1455","555","15","36825","-27189"
"MC000456","2025-12-01","Instagram","Campaign 0456","38000","20456","1456","556","16","39296","-26997.12"
"MC000457","2025-12-02","Email","Campaign 0457","38500","20457","1457","557","17","41769","-26804.68"
"MC000458","2025-12-03","Referral","Campaign 0458","39000","20458","1458","558","18","44244","-26611.68"
"MC000459","2025-12-04","Organic Search","Campaign 0459","39500","20459","1459","559","19","46721","-26418.12"
"MC000460","2025-12-05","Google Ads","Campaign 0460","40000","20460","1460","560","20","49200","-26224"
"MC000461","2025-12-06","Instagram","Campaign 0461","40500","20461","1461","561","21","51681","-26029.32"
"MC000462","2025-12-07","Email","Campaign 0462","41000","20462","1462","562","22","54164","-25834.079999999998"
"MC000463","2025-12-08","Referral","Campaign 0463","41500","20463","1463","563","23","56649","-25638.28"
"MC000464","2025-12-09","Organic Search","Campaign 0464","42000","20464","1464","564","24","59136","-25441.92"
"MC000465","2025-12-10","Google Ads","Campaign 0465","42500","20465","1465","565","25","61625","-25245"
"MC000466","2025-12-11","Instagram","Campaign 0466","43000","20466","1466","566","26","64116","-25047.519999999997"
"MC000467","2025-12-12","Email","Campaign 0467","43500","20467","1467","567","27","66609","-24849.48"
"MC000468","2025-12-13","Referral","Campaign 0468","44000","20468","1468","568","28","69104","-24650.879999999997"
"MC000469","2025-12-14","Organic Search","Campaign 0469","44500","20469","1469","569","29","71601","-24451.719999999998"
"MC000470","2025-12-15","Google Ads","Campaign 0470","45000","20470","1470","570","30","74100","-24251.999999999996"
"MC000471","2025-12-16","Instagram","Campaign 0471","45500","20471","1471","571","31","76601","-24051.719999999998"
"MC000472","2025-12-17","Email","Campaign 0472","46000","20472","1472","572","32","79104","-23850.879999999997"
"MC000473","2025-12-18","Referral","Campaign 0473","46500","20473","1473","573","33","81609","-23649.48"
"MC000474","2025-12-19","Organic Search","Campaign 0474","47000","20474","1474","574","34","84116","-23447.519999999997"
"MC000475","2025-12-20","Google Ads","Campaign 0475","47500","20475","1475","575","35","86625","-23244.999999999996"
"MC000476","2025-12-21","Instagram","Campaign 0476","48000","20476","1476","576","36","89136","-23041.92"
"MC000477","2025-12-22","Email","Campaign 0477","48500","20477","1477","577","37","91649","-22838.28"
"MC000478","2025-12-23","Referral","Campaign 0478","49000","20478","1478","578","38","94164","-22634.079999999998"
"MC000479","2025-12-24","Organic Search","Campaign 0479","49500","20479","1479","579","39","96681","-22429.319999999996"
"MC000480","2025-12-25","Google Ads","Campaign 0480","50000","20480","1480","580","40","99200","-22223.999999999996"
"MC000481","2025-12-26","Instagram","Campaign 0481","50500","20481","1481","581","41","101721","-22018.12"
"MC000482","2025-12-27","Email","Campaign 0482","51000","20482","1482","582","42","104244","-21811.679999999997"
"MC000483","2025-12-28","Referral","Campaign 0483","51500","20483","1483","583","43","106769","-21604.679999999997"
"MC000484","2025-12-29","Organic Search","Campaign 0484","52000","20484","1484","584","44","109296","-21397.119999999995"
"MC000485","2025-12-30","Google Ads","Campaign 0485","52500","20485","1485","585","45","111825","-21188.999999999996"
"MC000486","2025-12-31","Instagram","Campaign 0486","53000","20486","1486","586","46","114356","-20980.319999999996"
"MC000487","2026-01-01","Email","Campaign 0487","53500","20487","1487","587","47","116889","-20771.079999999998"
"MC000488","2026-01-02","Referral","Campaign 0488","54000","20488","1488","588","48","119424","-20561.28"
"MC000489","2026-01-03","Organic Search","Campaign 0489","54500","20489","1489","589","49","121961","-20350.92"
"MC000490","2026-01-04","Google Ads","Campaign 0490","55000","20490","1490","590","50","124500","-20140"
"MC000491","2026-01-05","Instagram","Campaign 0491","55500","20491","1491","591","51","127041","-19928.519999999997"
"MC000492","2026-01-06","Email","Campaign 0492","56000","20492","1492","592","52","129584","-19716.479999999996"
"MC000493","2026-01-07","Referral","Campaign 0493","56500","20493","1493","593","53","132129","-19503.879999999997"
"MC000494","2026-01-08","Organic Search","Campaign 0494","57000","20494","1494","594","54","134676","-19290.719999999994"
"MC000495","2026-01-09","Google Ads","Campaign 0495","57500","20495","1495","595","55","137225","-19076.999999999993"
"MC000496","2026-01-10","Instagram","Campaign 0496","58000","20496","1496","596","56","139776","-18862.719999999994"
"MC000497","2026-01-11","Email","Campaign 0497","58500","20497","1497","597","57","142329","-18647.879999999997"
"MC000498","2026-01-12","Referral","Campaign 0498","59000","20498","1498","598","58","144884","-18432.479999999996"
"MC000499","2026-01-13","Organic Search","Campaign 0499","59500","20499","1499","599","59","147441","-18216.519999999997"
"MC000500","2026-01-14","Google Ads","Campaign 0500","10000","20500","1500","100","60","150000","32000.000000000007"
"MC000501","2026-01-15","Instagram","Campaign 0501","10500","20501","1501","101","61","152561","32217.08"
"MC000502","2026-01-16","Email","Campaign 0502","11000","20502","1502","102","62","155124","32434.72"
"MC000503","2026-01-17","Referral","Campaign 0503","11500","20503","1503","103","63","157689","32652.920000000006"
"MC000504","2026-01-18","Organic Search","Campaign 0504","12000","20504","1504","104","64","160256","32871.68000000001"
"MC000505","2026-01-19","Google Ads","Campaign 0505","12500","20505","1505","105","65","162825","33091.00000000001"
"MC000506","2026-01-20","Instagram","Campaign 0506","13000","20506","1506","106","66","165396","33310.880000000005"
"MC000507","2026-01-21","Email","Campaign 0507","13500","20507","1507","107","67","167969","33531.32000000001"
"MC000508","2026-01-22","Referral","Campaign 0508","14000","20508","1508","108","68","170544","33752.32000000001"
"MC000509","2026-01-23","Organic Search","Campaign 0509","14500","20509","1509","109","69","173121","33973.880000000005"
"MC000510","2026-01-24","Google Ads","Campaign 0510","15000","20510","1510","110","70","175700","34196.00000000001"
"MC000511","2026-01-25","Instagram","Campaign 0511","15500","20511","1511","111","71","178281","34418.68000000001"
"MC000512","2026-01-26","Email","Campaign 0512","16000","20512","1512","112","72","180864","34641.920000000006"
"MC000513","2026-01-27","Referral","Campaign 0513","16500","20513","1513","113","73","183449","34865.72000000001"
"MC000514","2026-01-28","Organic Search","Campaign 0514","17000","20514","1514","114","74","186036","35090.08"
"MC000515","2026-01-29","Google Ads","Campaign 0515","17500","20515","1515","115","75","188625","35315.00000000001"
"MC000516","2026-01-30","Instagram","Campaign 0516","18000","20516","1516","116","76","191216","35540.48"
"MC000517","2026-01-31","Email","Campaign 0517","18500","20517","1517","117","77","193809","35766.520000000004"
"MC000518","2026-02-01","Referral","Campaign 0518","19000","20518","1518","118","78","196404","35993.12"
"MC000519","2026-02-02","Organic Search","Campaign 0519","19500","20519","1519","119","79","199001","36220.280000000006"
"MC000520","2026-02-03","Google Ads","Campaign 0520","20000","20520","1520","120","80","201600","36448.00000000001"
"MC000521","2026-02-04","Instagram","Campaign 0521","20500","20521","1521","121","81","204201","36676.280000000006"
"MC000522","2026-02-05","Email","Campaign 0522","21000","20522","1522","122","82","206804","36905.12"
"MC000523","2026-02-06","Referral","Campaign 0523","21500","20523","1523","123","83","209409","37134.520000000004"
"MC000524","2026-02-07","Organic Search","Campaign 0524","22000","20524","1524","124","84","212016","37364.48"
"MC000525","2026-02-08","Google Ads","Campaign 0525","22500","20525","1525","125","85","214625","37595.00000000001"
"MC000526","2026-02-09","Instagram","Campaign 0526","23000","20526","1526","126","86","217236","37826.08000000001"
"MC000527","2026-02-10","Email","Campaign 0527","23500","20527","1527","127","87","219849","38057.72000000001"
"MC000528","2026-02-11","Referral","Campaign 0528","24000","20528","1528","128","88","222464","38289.920000000006"
"MC000529","2026-02-12","Organic Search","Campaign 0529","24500","20529","1529","129","89","225081","38522.68000000001"
"MC000530","2026-02-13","Google Ads","Campaign 0530","25000","20530","1530","130","90","227700","38756.00000000001"
"MC000531","2026-02-14","Instagram","Campaign 0531","25500","20531","1531","131","91","230321","38989.880000000005"
"MC000532","2026-02-15","Email","Campaign 0532","26000","20532","1532","132","92","232944","39224.32000000001"
"MC000533","2026-02-16","Referral","Campaign 0533","26500","20533","1533","133","93","235569","39459.32000000001"
"MC000534","2026-02-17","Organic Search","Campaign 0534","27000","20534","1534","134","94","238196","39694.880000000005"
"MC000535","2026-02-18","Google Ads","Campaign 0535","27500","20535","1535","135","95","240825","39931"
"MC000536","2026-02-19","Instagram","Campaign 0536","28000","20536","1536","136","96","243456","40167.68000000001"
"MC000537","2026-02-20","Email","Campaign 0537","28500","20537","1537","137","97","246089","40404.92000000001"
"MC000538","2026-02-21","Referral","Campaign 0538","29000","20538","1538","138","98","248724","40642.72"
"MC000539","2026-02-22","Organic Search","Campaign 0539","29500","20539","1539","139","99","251361","40881.08"
"MC000540","2026-02-23","Google Ads","Campaign 0540","30000","20540","1540","140","10","25400","-22888"
"MC000541","2026-02-24","Instagram","Campaign 0541","30500","20541","1541","141","11","27951","-22673.72"
"MC000542","2026-02-25","Email","Campaign 0542","31000","20542","1542","142","12","30504","-22458.879999999997"
"MC000543","2026-02-26","Referral","Campaign 0543","31500","20543","1543","143","13","33059","-22243.48"
"MC000544","2026-02-27","Organic Search","Campaign 0544","32000","20544","1544","144","14","35616","-22027.519999999997"
"MC000545","2026-02-28","Google Ads","Campaign 0545","32500","20545","1545","145","15","38175","-21811"
"MC000546","2026-03-01","Instagram","Campaign 0546","33000","20546","1546","146","16","40736","-21593.92"
"MC000547","2026-03-02","Email","Campaign 0547","33500","20547","1547","147","17","43299","-21376.28"
"MC000548","2026-03-03","Referral","Campaign 0548","34000","20548","1548","148","18","45864","-21158.079999999998"
"MC000549","2026-03-04","Organic Search","Campaign 0549","34500","20549","1549","149","19","48431","-20939.32"
"MC000550","2026-03-05","Google Ads","Campaign 0550","35000","20550","1550","150","20","51000","-20720"
"MC000551","2026-03-06","Instagram","Campaign 0551","35500","20551","1551","151","21","53571","-20500.12"
"MC000552","2026-03-07","Email","Campaign 0552","36000","20552","1552","152","22","56144","-20279.68"
"MC000553","2026-03-08","Referral","Campaign 0553","36500","20553","1553","153","23","58719","-20058.679999999997"
"MC000554","2026-03-09","Organic Search","Campaign 0554","37000","20554","1554","154","24","61296","-19837.12"
"MC000555","2026-03-10","Google Ads","Campaign 0555","37500","20555","1555","155","25","63875","-19615"
"MC000556","2026-03-11","Instagram","Campaign 0556","38000","20556","1556","156","26","66456","-19392.32"
"MC000557","2026-03-12","Email","Campaign 0557","38500","20557","1557","157","27","69039","-19169.079999999998"
"MC000558","2026-03-13","Referral","Campaign 0558","39000","20558","1558","158","28","71624","-18945.28"
"MC000559","2026-03-14","Organic Search","Campaign 0559","39500","20559","1559","159","29","74211","-18720.92"
"MC000560","2026-03-15","Google Ads","Campaign 0560","40000","20560","1560","160","30","76800","-18495.999999999996"
"MC000561","2026-03-16","Instagram","Campaign 0561","40500","20561","1561","161","31","79391","-18270.519999999997"
"MC000562","2026-03-17","Email","Campaign 0562","41000","20562","1562","162","32","81984","-18044.48"
"MC000563","2026-03-18","Referral","Campaign 0563","41500","20563","1563","163","33","84579","-17817.879999999997"
"MC000564","2026-03-19","Organic Search","Campaign 0564","42000","20564","1564","164","34","87176","-17590.719999999998"
"MC000565","2026-03-20","Google Ads","Campaign 0565","42500","20565","1565","165","35","89775","-17362.999999999996"
"MC000566","2026-03-21","Instagram","Campaign 0566","43000","20566","1566","166","36","92376","-17134.719999999998"
"MC000567","2026-03-22","Email","Campaign 0567","43500","20567","1567","167","37","94979","-16905.879999999997"
"MC000568","2026-03-23","Referral","Campaign 0568","44000","20568","1568","168","38","97584","-16676.479999999996"
"MC000569","2026-03-24","Organic Search","Campaign 0569","44500","20569","1569","169","39","100191","-16446.519999999997"
"MC000570","2026-03-25","Google Ads","Campaign 0570","45000","20570","1570","170","40","102800","-16215.999999999996"
"MC000571","2026-03-26","Instagram","Campaign 0571","45500","20571","1571","171","41","105411","-15984.919999999998"
"MC000572","2026-03-27","Email","Campaign 0572","46000","20572","1572","172","42","108024","-15753.279999999999"
"MC000573","2026-03-28","Referral","Campaign 0573","46500","20573","1573","173","43","110639","-15521.079999999998"
"MC000574","2026-03-29","Organic Search","Campaign 0574","47000","20574","1574","174","44","113256","-15288.319999999996"
"MC000575","2026-03-30","Google Ads","Campaign 0575","47500","20575","1575","175","45","115875","-15054.999999999996"
"MC000576","2026-03-31","Instagram","Campaign 0576","48000","20576","1576","176","46","118496","-14821.119999999995"
"MC000577","2026-04-01","Email","Campaign 0577","48500","20577","1577","177","47","121119","-14586.68"
"MC000578","2026-04-02","Referral","Campaign 0578","49000","20578","1578","178","48","123744","-14351.68"
"MC000579","2026-04-03","Organic Search","Campaign 0579","49500","20579","1579","179","49","126371","-14116.119999999995"
"MC000580","2026-04-04","Google Ads","Campaign 0580","50000","20580","1580","180","50","129000","-13880"
"MC000581","2026-04-05","Instagram","Campaign 0581","50500","20581","1581","181","51","131631","-13643.32"
"MC000582","2026-04-06","Email","Campaign 0582","51000","20582","1582","182","52","134264","-13406.079999999994"
"MC000583","2026-04-07","Referral","Campaign 0583","51500","20583","1583","183","53","136899","-13168.279999999999"
"MC000584","2026-04-08","Organic Search","Campaign 0584","52000","20584","1584","184","54","139536","-12929.919999999998"
"MC000585","2026-04-09","Google Ads","Campaign 0585","52500","20585","1585","185","55","142175","-12690.999999999993"
"MC000586","2026-04-10","Instagram","Campaign 0586","53000","20586","1586","186","56","144816","-12451.519999999997"
"MC000587","2026-04-11","Email","Campaign 0587","53500","20587","1587","187","57","147459","-12211.479999999996"
"MC000588","2026-04-12","Referral","Campaign 0588","54000","20588","1588","188","58","150104","-11970.879999999997"
"MC000589","2026-04-13","Organic Search","Campaign 0589","54500","20589","1589","189","59","152751","-11729.719999999994"
"MC000590","2026-04-14","Google Ads","Campaign 0590","55000","20590","1590","190","60","155400","-11487.999999999993"
"MC000591","2026-04-15","Instagram","Campaign 0591","55500","20591","1591","191","61","158051","-11245.719999999994"
"MC000592","2026-04-16","Email","Campaign 0592","56000","20592","1592","192","62","160704","-11002.879999999997"
"MC000593","2026-04-17","Referral","Campaign 0593","56500","20593","1593","193","63","163359","-10759.479999999996"
"MC000594","2026-04-18","Organic Search","Campaign 0594","57000","20594","1594","194","64","166016","-10515.519999999997"
"MC000595","2026-04-19","Google Ads","Campaign 0595","57500","20595","1595","195","65","168675","-10270.999999999993"
"MC000596","2026-04-20","Instagram","Campaign 0596","58000","20596","1596","196","66","171336","-10025.919999999998"
"MC000597","2026-04-21","Email","Campaign 0597","58500","20597","1597","197","67","173999","-9780.279999999999"
"MC000598","2026-04-22","Referral","Campaign 0598","59000","20598","1598","198","68","176664","-9534.079999999994"
"MC000599","2026-04-23","Organic Search","Campaign 0599","59500","20599","1599","199","69","179331","-9287.319999999992"
"MC000600","2026-04-24","Google Ads","Campaign 0600","10000","20600","1600","200","70","182000","40960.00000000001"
"MC000601","2026-04-25","Instagram","Campaign 0601","10500","20601","1601","201","71","184671","41207.880000000005"
"MC000602","2026-04-26","Email","Campaign 0602","11000","20602","1602","202","72","187344","41456.32000000001"
"MC000603","2026-04-27","Referral","Campaign 0603","11500","20603","1603","203","73","190019","41705.32000000001"
"MC000604","2026-04-28","Organic Search","Campaign 0604","12000","20604","1604","204","74","192696","41954.880000000005"
"MC000605","2026-04-29","Google Ads","Campaign 0605","12500","20605","1605","205","75","195375","42205.00000000001"
"MC000606","2026-04-30","Instagram","Campaign 0606","13000","20606","1606","206","76","198056","42455.68000000001"
"MC000607","2026-05-01","Email","Campaign 0607","13500","20607","1607","207","77","200739","42706.920000000006"
"MC000608","2026-05-02","Referral","Campaign 0608","14000","20608","1608","208","78","203424","42958.72000000001"
"MC000609","2026-05-03","Organic Search","Campaign 0609","14500","20609","1609","209","79","206111","43211.08000000001"
"MC000610","2026-05-04","Google Ads","Campaign 0610","15000","20610","1610","210","80","208800","43464.00000000001"
"MC000611","2026-05-05","Instagram","Campaign 0611","15500","20611","1611","211","81","211491","43717.48"
"MC000612","2026-05-06","Email","Campaign 0612","16000","20612","1612","212","82","214184","43971.520000000004"
"MC000613","2026-05-07","Referral","Campaign 0613","16500","20613","1613","213","83","216879","44226.12"
"MC000614","2026-05-08","Organic Search","Campaign 0614","17000","20614","1614","214","84","219576","44481.280000000006"
"MC000615","2026-05-09","Google Ads","Campaign 0615","17500","20615","1615","215","85","222275","44737.00000000001"
"MC000616","2026-05-10","Instagram","Campaign 0616","18000","20616","1616","216","86","224976","44993.280000000006"
"MC000617","2026-05-11","Email","Campaign 0617","18500","20617","1617","217","87","227679","45250.12"
"MC000618","2026-05-12","Referral","Campaign 0618","19000","20618","1618","218","88","230384","45507.520000000004"
"MC000619","2026-05-13","Organic Search","Campaign 0619","19500","20619","1619","219","89","233091","45765.48"
"MC000620","2026-05-14","Google Ads","Campaign 0620","20000","20620","1620","220","90","235800","46024"
"MC000621","2026-05-15","Instagram","Campaign 0621","20500","20621","1621","221","91","238511","46283.08"
"MC000622","2026-05-16","Email","Campaign 0622","21000","20622","1622","222","92","241224","46542.72"
"MC000623","2026-05-17","Referral","Campaign 0623","21500","20623","1623","223","93","243939","46802.92000000001"
"MC000624","2026-05-18","Organic Search","Campaign 0624","22000","20624","1624","224","94","246656","47063.68000000001"
"MC000625","2026-05-19","Google Ads","Campaign 0625","22500","20625","1625","225","95","249375","47325"
"MC000626","2026-05-20","Instagram","Campaign 0626","23000","20626","1626","226","96","252096","47586.880000000005"
"MC000627","2026-05-21","Email","Campaign 0627","23500","20627","1627","227","97","254819","47849.32000000001"
"MC000628","2026-05-22","Referral","Campaign 0628","24000","20628","1628","228","98","257544","48112.32000000001"
"MC000629","2026-05-23","Organic Search","Campaign 0629","24500","20629","1629","229","99","260271","48375.880000000005"
"MC000630","2026-05-24","Google Ads","Campaign 0630","25000","20630","1630","230","10","26300","-17636"
"MC000631","2026-05-25","Instagram","Campaign 0631","25500","20631","1631","231","11","28941","-17396.52"
"MC000632","2026-05-26","Email","Campaign 0632","26000","20632","1632","232","12","31584","-17156.48"
"MC000633","2026-05-27","Referral","Campaign 0633","26500","20633","1633","233","13","34229","-16915.879999999997"
"MC000634","2026-05-28","Organic Search","Campaign 0634","27000","20634","1634","234","14","36876","-16674.72"
"MC000635","2026-05-29","Google Ads","Campaign 0635","27500","20635","1635","235","15","39525","-16433"
"MC000636","2026-05-30","Instagram","Campaign 0636","28000","20636","1636","236","16","42176","-16190.72"
"MC000637","2026-05-31","Email","Campaign 0637","28500","20637","1637","237","17","44829","-15947.88"
"MC000638","2026-06-01","Referral","Campaign 0638","29000","20638","1638","238","18","47484","-15704.48"
"MC000639","2026-06-02","Organic Search","Campaign 0639","29500","20639","1639","239","19","50141","-15460.519999999999"
"MC000640","2026-06-03","Google Ads","Campaign 0640","30000","20640","1640","240","20","52800","-15215.999999999998"
"MC000641","2026-06-04","Instagram","Campaign 0641","30500","20641","1641","241","21","55461","-14970.919999999998"
"MC000642","2026-06-05","Email","Campaign 0642","31000","20642","1642","242","22","58124","-14725.279999999999"
"MC000643","2026-06-06","Referral","Campaign 0643","31500","20643","1643","243","23","60789","-14479.079999999998"
"MC000644","2026-06-07","Organic Search","Campaign 0644","32000","20644","1644","244","24","63456","-14232.32"
"MC000645","2026-06-08","Google Ads","Campaign 0645","32500","20645","1645","245","25","66125","-13985"
"MC000646","2026-06-09","Instagram","Campaign 0646","33000","20646","1646","246","26","68796","-13737.119999999999"
"MC000647","2026-06-10","Email","Campaign 0647","33500","20647","1647","247","27","71469","-13488.679999999997"
"MC000648","2026-06-11","Referral","Campaign 0648","34000","20648","1648","248","28","74144","-13239.679999999997"
"MC000649","2026-06-12","Organic Search","Campaign 0649","34500","20649","1649","249","29","76821","-12990.119999999999"
"MC000650","2026-06-13","Google Ads","Campaign 0650","35000","20650","1650","250","30","79500","-12739.999999999996"
"MC000651","2026-06-14","Instagram","Campaign 0651","35500","20651","1651","251","31","82181","-12489.319999999996"
"MC000652","2026-06-15","Email","Campaign 0652","36000","20652","1652","252","32","84864","-12238.079999999998"
"MC000653","2026-06-16","Referral","Campaign 0653","36500","20653","1653","253","33","87549","-11986.279999999999"
"MC000654","2026-06-17","Organic Search","Campaign 0654","37000","20654","1654","254","34","90236","-11733.919999999998"
"MC000655","2026-06-18","Google Ads","Campaign 0655","37500","20655","1655","255","35","92925","-11480.999999999996"
"MC000656","2026-06-19","Instagram","Campaign 0656","38000","20656","1656","256","36","95616","-11227.519999999997"
"MC000657","2026-06-20","Email","Campaign 0657","38500","20657","1657","257","37","98309","-10973.479999999996"
"MC000658","2026-06-21","Referral","Campaign 0658","39000","20658","1658","258","38","101004","-10718.879999999997"
"MC000659","2026-06-22","Organic Search","Campaign 0659","39500","20659","1659","259","39","103701","-10463.719999999998"
"MC000660","2026-06-23","Google Ads","Campaign 0660","40000","20660","1660","260","40","106400","-10207.999999999996"
"MC000661","2026-06-24","Instagram","Campaign 0661","40500","20661","1661","261","41","109101","-9951.719999999998"
"MC000662","2026-06-25","Email","Campaign 0662","41000","20662","1662","262","42","111804","-9694.879999999997"
"MC000663","2026-06-26","Referral","Campaign 0663","41500","20663","1663","263","43","114509","-9437.479999999996"
"MC000664","2026-06-27","Organic Search","Campaign 0664","42000","20664","1664","264","44","117216","-9179.519999999997"
"MC000665","2026-06-28","Google Ads","Campaign 0665","42500","20665","1665","265","45","119925","-8921"
"MC000666","2026-06-29","Instagram","Campaign 0666","43000","20666","1666","266","46","122636","-8661.919999999998"
"MC000667","2026-06-30","Email","Campaign 0667","43500","20667","1667","267","47","125349","-8402.279999999999"
"MC000668","2026-07-01","Referral","Campaign 0668","44000","20668","1668","268","48","128064","-8142.0799999999945"
"MC000669","2026-07-02","Organic Search","Campaign 0669","44500","20669","1669","269","49","130781","-7881.32"
"MC000670","2026-07-03","Google Ads","Campaign 0670","45000","20670","1670","270","50","133500","-7620"
"MC000671","2026-07-04","Instagram","Campaign 0671","45500","20671","1671","271","51","136221","-7358.119999999995"
"MC000672","2026-07-05","Email","Campaign 0672","46000","20672","1672","272","52","138944","-7095.679999999993"
"MC000673","2026-07-06","Referral","Campaign 0673","46500","20673","1673","273","53","141669","-6832.679999999993"
"MC000674","2026-07-07","Organic Search","Campaign 0674","47000","20674","1674","274","54","144396","-6569.119999999995"
"MC000675","2026-07-08","Google Ads","Campaign 0675","47500","20675","1675","275","55","147125","-6304.999999999993"
"MC000676","2026-07-09","Instagram","Campaign 0676","48000","20676","1676","276","56","149856","-6040.319999999992"
"MC000677","2026-07-10","Email","Campaign 0677","48500","20677","1677","277","57","152589","-5775.0799999999945"
"MC000678","2026-07-11","Referral","Campaign 0678","49000","20678","1678","278","58","155324","-5509.279999999999"
"MC000679","2026-07-12","Organic Search","Campaign 0679","49500","20679","1679","279","59","158061","-5242.919999999998"
"MC000680","2026-07-13","Google Ads","Campaign 0680","50000","20680","1680","280","60","160800","-4975.999999999993"
"MC000681","2026-07-14","Instagram","Campaign 0681","50500","20681","1681","281","61","163541","-4708.519999999997"
"MC000682","2026-07-15","Email","Campaign 0682","51000","20682","1682","282","62","166284","-4440.479999999996"
"MC000683","2026-07-16","Referral","Campaign 0683","51500","20683","1683","283","63","169029","-4171.879999999997"
"MC000684","2026-07-17","Organic Search","Campaign 0684","52000","20684","1684","284","64","171776","-3902.719999999994"
"MC000685","2026-07-18","Google Ads","Campaign 0685","52500","20685","1685","285","65","174525","-3632.9999999999927"
"MC000686","2026-07-19","Instagram","Campaign 0686","53000","20686","1686","286","66","177276","-3362.719999999994"
"MC000687","2026-07-20","Email","Campaign 0687","53500","20687","1687","287","67","180029","-3091.8799999999974"
"MC000688","2026-07-21","Referral","Campaign 0688","54000","20688","1688","288","68","182784","-2820.479999999996"
"MC000689","2026-07-22","Organic Search","Campaign 0689","54500","20689","1689","289","69","185541","-2548.519999999997"
"MC000690","2026-07-23","Google Ads","Campaign 0690","55000","20690","1690","290","70","188300","-2275.9999999999927"
"MC000691","2026-07-24","Instagram","Campaign 0691","55500","20691","1691","291","71","191061","-2002.9199999999983"
"MC000692","2026-07-25","Email","Campaign 0692","56000","20692","1692","292","72","193824","-1729.2799999999916"
"MC000693","2026-07-26","Referral","Campaign 0693","56500","20693","1693","293","73","196589","-1455.0799999999945"
"MC000694","2026-07-27","Organic Search","Campaign 0694","57000","20694","1694","294","74","199356","-1180.3199999999924"
"MC000695","2026-07-28","Google Ads","Campaign 0695","57500","20695","1695","295","75","202125","-904.9999999999927"
"MC000696","2026-07-29","Instagram","Campaign 0696","58000","20696","1696","296","76","204896","-629.1199999999953"
"MC000697","2026-07-30","Email","Campaign 0697","58500","20697","1697","297","77","207669","-352.679999999993"
"MC000698","2026-07-31","Referral","Campaign 0698","59000","20698","1698","298","78","210444","-75.67999999999302"
"MC000699","2026-08-01","Organic Search","Campaign 0699","59500","20699","1699","299","79","213221","201.88000000000466"
"MC000700","2026-08-02","Google Ads","Campaign 0700","10000","20700","1700","300","80","216000","50480.00000000001"
"MC000701","2026-08-03","Instagram","Campaign 0701","10500","20701","1701","301","81","218781","50758.68000000001"
"MC000702","2026-08-04","Email","Campaign 0702","11000","20702","1702","302","82","221564","51037.920000000006"
"MC000703","2026-08-05","Referral","Campaign 0703","11500","20703","1703","303","83","224349","51317.72000000001"
"MC000704","2026-08-06","Organic Search","Campaign 0704","12000","20704","1704","304","84","227136","51598.08000000001"
"MC000705","2026-08-07","Google Ads","Campaign 0705","12500","20705","1705","305","85","229925","51879.00000000001"
"MC000706","2026-08-08","Instagram","Campaign 0706","13000","20706","1706","306","86","232716","52160.48"
"MC000707","2026-08-09","Email","Campaign 0707","13500","20707","1707","307","87","235509","52442.520000000004"
"MC000708","2026-08-10","Referral","Campaign 0708","14000","20708","1708","308","88","238304","52725.12000000001"
"MC000709","2026-08-11","Organic Search","Campaign 0709","14500","20709","1709","309","89","241101","53008.28000000001"
"MC000710","2026-08-12","Google Ads","Campaign 0710","15000","20710","1710","310","90","243900","53292"
"MC000711","2026-08-13","Instagram","Campaign 0711","15500","20711","1711","311","91","246701","53576.28000000001"
"MC000712","2026-08-14","Email","Campaign 0712","16000","20712","1712","312","92","249504","53861.12000000001"
"MC000713","2026-08-15","Referral","Campaign 0713","16500","20713","1713","313","93","252309","54146.520000000004"
"MC000714","2026-08-16","Organic Search","Campaign 0714","17000","20714","1714","314","94","255116","54432.48000000001"
"MC000715","2026-08-17","Google Ads","Campaign 0715","17500","20715","1715","315","95","257925","54719"
"MC000716","2026-08-18","Instagram","Campaign 0716","18000","20716","1716","316","96","260736","55006.08"
"MC000717","2026-08-19","Email","Campaign 0717","18500","20717","1717","317","97","263549","55293.72"
"MC000718","2026-08-20","Referral","Campaign 0718","19000","20718","1718","318","98","266364","55581.92000000001"
"MC000719","2026-08-21","Organic Search","Campaign 0719","19500","20719","1719","319","99","269181","55870.68000000001"
"MC000720","2026-08-22","Google Ads","Campaign 0720","20000","20720","1720","320","10","27200","-12384"
"MC000721","2026-08-23","Instagram","Campaign 0721","20500","20721","1721","321","11","29931","-12119.32"
"MC000722","2026-08-24","Email","Campaign 0722","21000","20722","1722","322","12","32664","-11854.08"
"MC000723","2026-08-25","Referral","Campaign 0723","21500","20723","1723","323","13","35399","-11588.279999999999"
"MC000724","2026-08-26","Organic Search","Campaign 0724","22000","20724","1724","324","14","38136","-11321.919999999998"
"MC000725","2026-08-27","Google Ads","Campaign 0725","22500","20725","1725","325","15","40875","-11054.999999999998"
"MC000726","2026-08-28","Instagram","Campaign 0726","23000","20726","1726","326","16","43616","-10787.519999999999"
"MC000727","2026-08-29","Email","Campaign 0727","23500","20727","1727","327","17","46359","-10519.48"
"MC000728","2026-08-30","Referral","Campaign 0728","24000","20728","1728","328","18","49104","-10250.88"
"MC000729","2026-08-31","Organic Search","Campaign 0729","24500","20729","1729","329","19","51851","-9981.72"
"MC000730","2025-09-01","Google Ads","Campaign 0730","25000","20730","1730","330","20","54600","-9711.999999999998"
"MC000731","2025-09-02","Instagram","Campaign 0731","25500","20731","1731","331","21","57351","-9441.72"
"MC000732","2025-09-03","Email","Campaign 0732","26000","20732","1732","332","22","60104","-9170.879999999997"
"MC000733","2025-09-04","Referral","Campaign 0733","26500","20733","1733","333","23","62859","-8899.48"
"MC000734","2025-09-05","Organic Search","Campaign 0734","27000","20734","1734","334","24","65616","-8627.519999999997"
"MC000735","2025-09-06","Google Ads","Campaign 0735","27500","20735","1735","335","25","68375","-8354.999999999996"
"MC000736","2025-09-07","Instagram","Campaign 0736","28000","20736","1736","336","26","71136","-8081.919999999998"
"MC000737","2025-09-08","Email","Campaign 0737","28500","20737","1737","337","27","73899","-7808.279999999999"
"MC000738","2025-09-09","Referral","Campaign 0738","29000","20738","1738","338","28","76664","-7534.079999999998"
"MC000739","2025-09-10","Organic Search","Campaign 0739","29500","20739","1739","339","29","79431","-7259.319999999996"
"MC000740","2025-09-11","Google Ads","Campaign 0740","30000","20740","1740","340","30","82200","-6983.999999999996"
"MC000741","2025-09-12","Instagram","Campaign 0741","30500","20741","1741","341","31","84971","-6708.119999999999"
"MC000742","2025-09-13","Email","Campaign 0742","31000","20742","1742","342","32","87744","-6431.679999999997"
"MC000743","2025-09-14","Referral","Campaign 0743","31500","20743","1743","343","33","90519","-6154.679999999997"
"MC000744","2025-09-15","Organic Search","Campaign 0744","32000","20744","1744","344","34","93296","-5877.119999999999"
"MC000745","2025-09-16","Google Ads","Campaign 0745","32500","20745","1745","345","35","96075","-5598.999999999996"
"MC000746","2025-09-17","Instagram","Campaign 0746","33000","20746","1746","346","36","98856","-5320.319999999996"
"MC000747","2025-09-18","Email","Campaign 0747","33500","20747","1747","347","37","101639","-5041.079999999998"
"MC000748","2025-09-19","Referral","Campaign 0748","34000","20748","1748","348","38","104424","-4761.279999999999"
"MC000749","2025-09-20","Organic Search","Campaign 0749","34500","20749","1749","349","39","107211","-4480.919999999998"
"MC000750","2025-09-21","Google Ads","Campaign 0750","35000","20750","1750","350","40","110000","-4199.999999999996"
"MC000751","2025-09-22","Instagram","Campaign 0751","35500","20751","1751","351","41","112791","-3918.519999999997"
"MC000752","2025-09-23","Email","Campaign 0752","36000","20752","1752","352","42","115584","-3636.479999999996"
"MC000753","2025-09-24","Referral","Campaign 0753","36500","20753","1753","353","43","118379","-3353.8799999999974"
"MC000754","2025-09-25","Organic Search","Campaign 0754","37000","20754","1754","354","44","121176","-3070.719999999994"
"MC000755","2025-09-26","Google Ads","Campaign 0755","37500","20755","1755","355","45","123975","-2787"
"MC000756","2025-09-27","Instagram","Campaign 0756","38000","20756","1756","356","46","126776","-2502.719999999994"
"MC000757","2025-09-28","Email","Campaign 0757","38500","20757","1757","357","47","129579","-2217.8799999999974"
"MC000758","2025-09-29","Referral","Campaign 0758","39000","20758","1758","358","48","132384","-1932.479999999996"
"MC000759","2025-09-30","Organic Search","Campaign 0759","39500","20759","1759","359","49","135191","-1646.5199999999968"
"MC000760","2025-10-01","Google Ads","Campaign 0760","40000","20760","1760","360","50","138000","-1359.9999999999927"
"MC000761","2025-10-02","Instagram","Campaign 0761","40500","20761","1761","361","51","140811","-1072.9199999999983"
"MC000762","2025-10-03","Email","Campaign 0762","41000","20762","1762","362","52","143624","-785.2799999999988"
"MC000763","2025-10-04","Referral","Campaign 0763","41500","20763","1763","363","53","146439","-497.07999999999447"
"MC000764","2025-10-05","Organic Search","Campaign 0764","42000","20764","1764","364","54","149256","-208.31999999999243"
"MC000765","2025-10-06","Google Ads","Campaign 0765","42500","20765","1765","365","55","152075","81.00000000000728"
"MC000766","2025-10-07","Instagram","Campaign 0766","43000","20766","1766","366","56","154896","370.88000000000466"
"MC000767","2025-10-08","Email","Campaign 0767","43500","20767","1767","367","57","157719","661.320000000007"
"MC000768","2025-10-09","Referral","Campaign 0768","44000","20768","1768","368","58","160544","952.320000000007"
"MC000769","2025-10-10","Organic Search","Campaign 0769","44500","20769","1769","369","59","163371","1243.8800000000047"
"MC000770","2025-10-11","Google Ads","Campaign 0770","45000","20770","1770","370","60","166200","1536.0000000000073"
"MC000771","2025-10-12","Instagram","Campaign 0771","45500","20771","1771","371","61","169031","1828.6800000000076"
"MC000772","2025-10-13","Email","Campaign 0772","46000","20772","1772","372","62","171864","2121.9200000000055"
"MC000773","2025-10-14","Referral","Campaign 0773","46500","20773","1773","373","63","174699","2415.720000000001"
"MC000774","2025-10-15","Organic Search","Campaign 0774","47000","20774","1774","374","64","177536","2710.0800000000017"
"MC000775","2025-10-16","Google Ads","Campaign 0775","47500","20775","1775","375","65","180375","3005.0000000000073"
"MC000776","2025-10-17","Instagram","Campaign 0776","48000","20776","1776","376","66","183216","3300.480000000003"
"MC000777","2025-10-18","Email","Campaign 0777","48500","20777","1777","377","67","186059","3596.520000000004"
"MC000778","2025-10-19","Referral","Campaign 0778","49000","20778","1778","378","68","188904","3893.1200000000026"
"MC000779","2025-10-20","Organic Search","Campaign 0779","49500","20779","1779","379","69","191751","4190.280000000006"
"MC000780","2025-10-21","Google Ads","Campaign 0780","50000","20780","1780","380","70","194600","4488.000000000007"
"MC000781","2025-10-22","Instagram","Campaign 0781","50500","20781","1781","381","71","197451","4786.280000000006"
"MC000782","2025-10-23","Email","Campaign 0782","51000","20782","1782","382","72","200304","5085.120000000003"
"MC000783","2025-10-24","Referral","Campaign 0783","51500","20783","1783","383","73","203159","5384.520000000004"
"MC000784","2025-10-25","Organic Search","Campaign 0784","52000","20784","1784","384","74","206016","5684.480000000003"
"MC000785","2025-10-26","Google Ads","Campaign 0785","52500","20785","1785","385","75","208875","5985.000000000007"
"MC000786","2025-10-27","Instagram","Campaign 0786","53000","20786","1786","386","76","211736","6286.080000000009"
"MC000787","2025-10-28","Email","Campaign 0787","53500","20787","1787","387","77","214599","6587.720000000008"
"MC000788","2025-10-29","Referral","Campaign 0788","54000","20788","1788","388","78","217464","6889.9200000000055"
"MC000789","2025-10-30","Organic Search","Campaign 0789","54500","20789","1789","389","79","220331","7192.680000000008"
"MC000790","2025-10-31","Google Ads","Campaign 0790","55000","20790","1790","390","80","223200","7496.000000000007"
"MC000791","2025-11-01","Instagram","Campaign 0791","55500","20791","1791","391","81","226071","7799.880000000005"
"MC000792","2025-11-02","Email","Campaign 0792","56000","20792","1792","392","82","228944","8104.320000000007"
"MC000793","2025-11-03","Referral","Campaign 0793","56500","20793","1793","393","83","231819","8409.320000000007"
"MC000794","2025-11-04","Organic Search","Campaign 0794","57000","20794","1794","394","84","234696","8714.880000000005"
"MC000795","2025-11-05","Google Ads","Campaign 0795","57500","20795","1795","395","85","237575","9021"
"MC000796","2025-11-06","Instagram","Campaign 0796","58000","20796","1796","396","86","240456","9327.680000000008"
"MC000797","2025-11-07","Email","Campaign 0797","58500","20797","1797","397","87","243339","9634.920000000013"
"MC000798","2025-11-08","Referral","Campaign 0798","59000","20798","1798","398","88","246224","9942.720000000001"
"MC000799","2025-11-09","Organic Search","Campaign 0799","59500","20799","1799","399","89","249111","10251.080000000002"
"MC000800","2025-11-10","Google Ads","Campaign 0800","10000","20800","1800","400","90","252000","60560"
"MC000801","2025-11-11","Instagram","Campaign 0801","10500","20801","1801","401","91","254891","60869.48000000001"
"MC000802","2025-11-12","Email","Campaign 0802","11000","20802","1802","402","92","257784","61179.520000000004"
"MC000803","2025-11-13","Referral","Campaign 0803","11500","20803","1803","403","93","260679","61490.12000000001"
"MC000804","2025-11-14","Organic Search","Campaign 0804","12000","20804","1804","404","94","263576","61801.28000000001"
"MC000805","2025-11-15","Google Ads","Campaign 0805","12500","20805","1805","405","95","266475","62113"
"MC000806","2025-11-16","Instagram","Campaign 0806","13000","20806","1806","406","96","269376","62425.28000000001"
"MC000807","2025-11-17","Email","Campaign 0807","13500","20807","1807","407","97","272279","62738.12000000001"
"MC000808","2025-11-18","Referral","Campaign 0808","14000","20808","1808","408","98","275184","63051.520000000004"
"MC000809","2025-11-19","Organic Search","Campaign 0809","14500","20809","1809","409","99","278091","63365.48000000001"
"MC000810","2025-11-20","Google Ads","Campaign 0810","15000","20810","1810","410","10","28100","-7131.999999999999"
"MC000811","2025-11-21","Instagram","Campaign 0811","15500","20811","1811","411","11","30921","-6842.119999999999"
"MC000812","2025-11-22","Email","Campaign 0812","16000","20812","1812","412","12","33744","-6551.6799999999985"
"MC000813","2025-11-23","Referral","Campaign 0813","16500","20813","1813","413","13","36569","-6260.6799999999985"
"MC000814","2025-11-24","Organic Search","Campaign 0814","17000","20814","1814","414","14","39396","-5969.119999999999"
"MC000815","2025-11-25","Google Ads","Campaign 0815","17500","20815","1815","415","15","42225","-5676.999999999998"
"MC000816","2025-11-26","Instagram","Campaign 0816","18000","20816","1816","416","16","45056","-5384.32"
"MC000817","2025-11-27","Email","Campaign 0817","18500","20817","1817","417","17","47889","-5091.079999999998"
"MC000818","2025-11-28","Referral","Campaign 0818","19000","20818","1818","418","18","50724","-4797.279999999999"
"MC000819","2025-11-29","Organic Search","Campaign 0819","19500","20819","1819","419","19","53561","-4502.919999999998"
"MC000820","2025-11-30","Google Ads","Campaign 0820","20000","20820","1820","420","20","56400","-4207.999999999998"
"MC000821","2025-12-01","Instagram","Campaign 0821","20500","20821","1821","421","21","59241","-3912.519999999997"
"MC000822","2025-12-02","Email","Campaign 0822","21000","20822","1822","422","22","62084","-3616.4799999999996"
"MC000823","2025-12-03","Referral","Campaign 0823","21500","20823","1823","423","23","64929","-3319.8799999999974"
"MC000824","2025-12-04","Organic Search","Campaign 0824","22000","20824","1824","424","24","67776","-3022.7199999999975"
"MC000825","2025-12-05","Google Ads","Campaign 0825","22500","20825","1825","425","25","70625","-2724.9999999999964"
"MC000826","2025-12-06","Instagram","Campaign 0826","23000","20826","1826","426","26","73476","-2426.7199999999975"
"MC000827","2025-12-07","Email","Campaign 0827","23500","20827","1827","427","27","76329","-2127.8799999999974"
"MC000828","2025-12-08","Referral","Campaign 0828","24000","20828","1828","428","28","79184","-1828.4799999999996"
"MC000829","2025-12-09","Organic Search","Campaign 0829","24500","20829","1829","429","29","82041","-1528.5199999999968"
"MC000830","2025-12-10","Google Ads","Campaign 0830","25000","20830","1830","430","30","84900","-1227.9999999999964"
"MC000831","2025-12-11","Instagram","Campaign 0831","25500","20831","1831","431","31","87761","-926.9199999999983"
"MC000832","2025-12-12","Email","Campaign 0832","26000","20832","1832","432","32","90624","-625.2799999999988"
"MC000833","2025-12-13","Referral","Campaign 0833","26500","20833","1833","433","33","93489","-323.0799999999981"
"MC000834","2025-12-14","Organic Search","Campaign 0834","27000","20834","1834","434","34","96356","-20.31999999999607"
"MC000835","2025-12-15","Google Ads","Campaign 0835","27500","20835","1835","435","35","99225","283.00000000000364"
"MC000836","2025-12-16","Instagram","Campaign 0836","28000","20836","1836","436","36","102096","586.880000000001"
"MC000837","2025-12-17","Email","Campaign 0837","28500","20837","1837","437","37","104969","891.3200000000033"
"MC000838","2025-12-18","Referral","Campaign 0838","29000","20838","1838","438","38","107844","1196.3200000000033"
"MC000839","2025-12-19","Organic Search","Campaign 0839","29500","20839","1839","439","39","110721","1501.8800000000047"
"MC000840","2025-12-20","Google Ads","Campaign 0840","30000","20840","1840","440","40","113600","1808.0000000000036"
"MC000841","2025-12-21","Instagram","Campaign 0841","30500","20841","1841","441","41","116481","2114.680000000004"
"MC000842","2025-12-22","Email","Campaign 0842","31000","20842","1842","442","42","119364","2421.9200000000055"
"MC000843","2025-12-23","Referral","Campaign 0843","31500","20843","1843","443","43","122249","2729.720000000001"
"MC000844","2025-12-24","Organic Search","Campaign 0844","32000","20844","1844","444","44","125136","3038.0800000000017"
"MC000845","2025-12-25","Google Ads","Campaign 0845","32500","20845","1845","445","45","128025","3347"
"MC000846","2025-12-26","Instagram","Campaign 0846","33000","20846","1846","446","46","130916","3656.480000000003"
"MC000847","2025-12-27","Email","Campaign 0847","33500","20847","1847","447","47","133809","3966.520000000004"
"MC000848","2025-12-28","Referral","Campaign 0848","34000","20848","1848","448","48","136704","4277.120000000003"
"MC000849","2025-12-29","Organic Search","Campaign 0849","34500","20849","1849","449","49","139601","4588.280000000006"
"MC000850","2025-12-30","Google Ads","Campaign 0850","35000","20850","1850","450","50","142500","4900.000000000007"
"MC000851","2025-12-31","Instagram","Campaign 0851","35500","20851","1851","451","51","145401","5212.280000000006"
"MC000852","2026-01-01","Email","Campaign 0852","36000","20852","1852","452","52","148304","5525.120000000003"
"MC000853","2026-01-02","Referral","Campaign 0853","36500","20853","1853","453","53","151209","5838.520000000004"
"MC000854","2026-01-03","Organic Search","Campaign 0854","37000","20854","1854","454","54","154116","6152.480000000003"
"MC000855","2026-01-04","Google Ads","Campaign 0855","37500","20855","1855","455","55","157025","6467.000000000007"
"MC000856","2026-01-05","Instagram","Campaign 0856","38000","20856","1856","456","56","159936","6782.080000000002"
"MC000857","2026-01-06","Email","Campaign 0857","38500","20857","1857","457","57","162849","7097.720000000001"
"MC000858","2026-01-07","Referral","Campaign 0858","39000","20858","1858","458","58","165764","7413.9200000000055"
"MC000859","2026-01-08","Organic Search","Campaign 0859","39500","20859","1859","459","59","168681","7730.680000000008"
"MC000860","2026-01-09","Google Ads","Campaign 0860","40000","20860","1860","460","60","171600","8048.000000000007"
"MC000861","2026-01-10","Instagram","Campaign 0861","40500","20861","1861","461","61","174521","8365.880000000005"
"MC000862","2026-01-11","Email","Campaign 0862","41000","20862","1862","462","62","177444","8684.320000000007"
"MC000863","2026-01-12","Referral","Campaign 0863","41500","20863","1863","463","63","180369","9003.320000000007"
"MC000864","2026-01-13","Organic Search","Campaign 0864","42000","20864","1864","464","64","183296","9322.880000000005"
"MC000865","2026-01-14","Google Ads","Campaign 0865","42500","20865","1865","465","65","186225","9643.000000000007"
"MC000866","2026-01-15","Instagram","Campaign 0866","43000","20866","1866","466","66","189156","9963.680000000008"
"MC000867","2026-01-16","Email","Campaign 0867","43500","20867","1867","467","67","192089","10284.920000000006"
"MC000868","2026-01-17","Referral","Campaign 0868","44000","20868","1868","468","68","195024","10606.720000000008"
"MC000869","2026-01-18","Organic Search","Campaign 0869","44500","20869","1869","469","69","197961","10929.080000000002"
"MC000870","2026-01-19","Google Ads","Campaign 0870","45000","20870","1870","470","70","200900","11252.000000000007"
"MC000871","2026-01-20","Instagram","Campaign 0871","45500","20871","1871","471","71","203841","11575.480000000003"
"MC000872","2026-01-21","Email","Campaign 0872","46000","20872","1872","472","72","206784","11899.520000000004"
"MC000873","2026-01-22","Referral","Campaign 0873","46500","20873","1873","473","73","209729","12224.120000000003"
"MC000874","2026-01-23","Organic Search","Campaign 0874","47000","20874","1874","474","74","212676","12549.280000000006"
"MC000875","2026-01-24","Google Ads","Campaign 0875","47500","20875","1875","475","75","215625","12875.000000000007"
"MC000876","2026-01-25","Instagram","Campaign 0876","48000","20876","1876","476","76","218576","13201.280000000006"
"MC000877","2026-01-26","Email","Campaign 0877","48500","20877","1877","477","77","221529","13528.120000000003"
"MC000878","2026-01-27","Referral","Campaign 0878","49000","20878","1878","478","78","224484","13855.520000000004"
"MC000879","2026-01-28","Organic Search","Campaign 0879","49500","20879","1879","479","79","227441","14183.480000000003"
"MC000880","2026-01-29","Google Ads","Campaign 0880","50000","20880","1880","480","80","230400","14512.000000000007"
"MC000881","2026-01-30","Instagram","Campaign 0881","50500","20881","1881","481","81","233361","14841.080000000009"
"MC000882","2026-01-31","Email","Campaign 0882","51000","20882","1882","482","82","236324","15170.720000000001"
"MC000883","2026-02-01","Referral","Campaign 0883","51500","20883","1883","483","83","239289","15500.920000000013"
"MC000884","2026-02-02","Organic Search","Campaign 0884","52000","20884","1884","484","84","242256","15831.680000000008"
"MC000885","2026-02-03","Google Ads","Campaign 0885","52500","20885","1885","485","85","245225","16163"
"MC000886","2026-02-04","Instagram","Campaign 0886","53000","20886","1886","486","86","248196","16494.880000000005"
"MC000887","2026-02-05","Email","Campaign 0887","53500","20887","1887","487","87","251169","16827.320000000007"
"MC000888","2026-02-06","Referral","Campaign 0888","54000","20888","1888","488","88","254144","17160.320000000007"
"MC000889","2026-02-07","Organic Search","Campaign 0889","54500","20889","1889","489","89","257121","17493.880000000005"
"MC000890","2026-02-08","Google Ads","Campaign 0890","55000","20890","1890","490","90","260100","17828"
"MC000891","2026-02-09","Instagram","Campaign 0891","55500","20891","1891","491","91","263081","18162.680000000008"
"MC000892","2026-02-10","Email","Campaign 0892","56000","20892","1892","492","92","266064","18497.920000000013"
"MC000893","2026-02-11","Referral","Campaign 0893","56500","20893","1893","493","93","269049","18833.72"
"MC000894","2026-02-12","Organic Search","Campaign 0894","57000","20894","1894","494","94","272036","19170.08"
"MC000895","2026-02-13","Google Ads","Campaign 0895","57500","20895","1895","495","95","275025","19507.000000000015"
"MC000896","2026-02-14","Instagram","Campaign 0896","58000","20896","1896","496","96","278016","19844.48000000001"
"MC000897","2026-02-15","Email","Campaign 0897","58500","20897","1897","497","97","281009","20182.520000000004"
"MC000898","2026-02-16","Referral","Campaign 0898","59000","20898","1898","498","98","284004","20521.12000000001"
"MC000899","2026-02-17","Organic Search","Campaign 0899","59500","20899","1899","499","99","287001","20860.280000000013"
"MC000900","2026-02-18","Google Ads","Campaign 0900","10000","20900","1900","500","10","29000","-1879.999999999999"
"MC000901","2026-02-19","Instagram","Campaign 0901","10500","20901","1901","501","11","31911","-1564.9199999999983"
"MC000902","2026-02-20","Email","Campaign 0902","11000","20902","1902","502","12","34824","-1249.2799999999988"
"MC000903","2026-02-21","Referral","Campaign 0903","11500","20903","1903","503","13","37739","-933.0799999999981"
"MC000904","2026-02-22","Organic Search","Campaign 0904","12000","20904","1904","504","14","40656","-616.3199999999997"
"MC000905","2026-02-23","Google Ads","Campaign 0905","12500","20905","1905","505","15","43575","-298.9999999999982"
"MC000906","2026-02-24","Instagram","Campaign 0906","13000","20906","1906","506","16","46496","18.88000000000102"
"MC000907","2026-02-25","Email","Campaign 0907","13500","20907","1907","507","17","49419","337.3200000000015"
"MC000908","2026-02-26","Referral","Campaign 0908","14000","20908","1908","508","18","52344","656.3200000000015"
"MC000909","2026-02-27","Organic Search","Campaign 0909","14500","20909","1909","509","19","55271","975.880000000001"
"MC000910","2026-02-28","Google Ads","Campaign 0910","15000","20910","1910","510","20","58200","1296.0000000000018"
"MC000911","2026-03-01","Instagram","Campaign 0911","15500","20911","1911","511","21","61131","1616.6800000000003"
"MC000912","2026-03-02","Email","Campaign 0912","16000","20912","1912","512","22","64064","1937.920000000002"
"MC000913","2026-03-03","Referral","Campaign 0913","16500","20913","1913","513","23","66999","2259.720000000001"
"MC000914","2026-03-04","Organic Search","Campaign 0914","17000","20914","1914","514","24","69936","2582.0800000000017"
"MC000915","2026-03-05","Google Ads","Campaign 0915","17500","20915","1915","515","25","72875","2905.0000000000036"
"MC000916","2026-03-06","Instagram","Campaign 0916","18000","20916","1916","516","26","75816","3228.480000000003"
"MC000917","2026-03-07","Email","Campaign 0917","18500","20917","1917","517","27","78759","3552.5200000000004"
"MC000918","2026-03-08","Referral","Campaign 0918","19000","20918","1918","518","28","81704","3877.1200000000026"
"MC000919","2026-03-09","Organic Search","Campaign 0919","19500","20919","1919","519","29","84651","4202.2800000000025"
"MC000920","2026-03-10","Google Ads","Campaign 0920","20000","20920","1920","520","30","87600","4528.000000000004"
"MC000921","2026-03-11","Instagram","Campaign 0921","20500","20921","1921","521","31","90551","4854.2800000000025"
"MC000922","2026-03-12","Email","Campaign 0922","21000","20922","1922","522","32","93504","5181.120000000003"
"MC000923","2026-03-13","Referral","Campaign 0923","21500","20923","1923","523","33","96459","5508.520000000004"
"MC000924","2026-03-14","Organic Search","Campaign 0924","22000","20924","1924","524","34","99416","5836.480000000003"
"MC000925","2026-03-15","Google Ads","Campaign 0925","22500","20925","1925","525","35","102375","6165.000000000004"
"MC000926","2026-03-16","Instagram","Campaign 0926","23000","20926","1926","526","36","105336","6494.080000000002"
"MC000927","2026-03-17","Email","Campaign 0927","23500","20927","1927","527","37","108299","6823.720000000001"
"MC000928","2026-03-18","Referral","Campaign 0928","24000","20928","1928","528","38","111264","7153.920000000002"
"MC000929","2026-03-19","Organic Search","Campaign 0929","24500","20929","1929","529","39","114231","7484.680000000004"
"MC000930","2026-03-20","Google Ads","Campaign 0930","25000","20930","1930","530","40","117200","7816"
"MC000931","2026-03-21","Instagram","Campaign 0931","25500","20931","1931","531","41","120171","8147.880000000005"
"MC000932","2026-03-22","Email","Campaign 0932","26000","20932","1932","532","42","123144","8480.32"
"MC000933","2026-03-23","Referral","Campaign 0933","26500","20933","1933","533","43","126119","8813.320000000007"
"MC000934","2026-03-24","Organic Search","Campaign 0934","27000","20934","1934","534","44","129096","9146.880000000005"
"MC000935","2026-03-25","Google Ads","Campaign 0935","27500","20935","1935","535","45","132075","9481"
"MC000936","2026-03-26","Instagram","Campaign 0936","28000","20936","1936","536","46","135056","9815.68"
"MC000937","2026-03-27","Email","Campaign 0937","28500","20937","1937","537","47","138039","10150.920000000006"
"MC000938","2026-03-28","Referral","Campaign 0938","29000","20938","1938","538","48","141024","10486.720000000001"
"MC000939","2026-03-29","Organic Search","Campaign 0939","29500","20939","1939","539","49","144011","10823.080000000002"
"MC000940","2026-03-30","Google Ads","Campaign 0940","30000","20940","1940","540","50","147000","11160.000000000007"
"MC000941","2026-03-31","Instagram","Campaign 0941","30500","20941","1941","541","51","149991","11497.480000000003"
"MC000942","2026-04-01","Email","Campaign 0942","31000","20942","1942","542","52","152984","11835.520000000004"
"MC000943","2026-04-02","Referral","Campaign 0943","31500","20943","1943","543","53","155979","12174.120000000003"
"MC000944","2026-04-03","Organic Search","Campaign 0944","32000","20944","1944","544","54","158976","12513.280000000006"
"MC000945","2026-04-04","Google Ads","Campaign 0945","32500","20945","1945","545","55","161975","12853.000000000007"
"MC000946","2026-04-05","Instagram","Campaign 0946","33000","20946","1946","546","56","164976","13193.280000000006"
"MC000947","2026-04-06","Email","Campaign 0947","33500","20947","1947","547","57","167979","13534.120000000003"
"MC000948","2026-04-07","Referral","Campaign 0948","34000","20948","1948","548","58","170984","13875.520000000004"
"MC000949","2026-04-08","Organic Search","Campaign 0949","34500","20949","1949","549","59","173991","14217.480000000003"
"MC000950","2026-04-09","Google Ads","Campaign 0950","35000","20950","1950","550","60","177000","14560.000000000007"
"MC000951","2026-04-10","Instagram","Campaign 0951","35500","20951","1951","551","61","180011","14903.080000000002"
"MC000952","2026-04-11","Email","Campaign 0952","36000","20952","1952","552","62","183024","15246.720000000008"
"MC000953","2026-04-12","Referral","Campaign 0953","36500","20953","1953","553","63","186039","15590.920000000006"
"MC000954","2026-04-13","Organic Search","Campaign 0954","37000","20954","1954","554","64","189056","15935.680000000008"
"MC000955","2026-04-14","Google Ads","Campaign 0955","37500","20955","1955","555","65","192075","16281.000000000007"
"MC000956","2026-04-15","Instagram","Campaign 0956","38000","20956","1956","556","66","195096","16626.880000000005"
"MC000957","2026-04-16","Email","Campaign 0957","38500","20957","1957","557","67","198119","16973.320000000007"
"MC000958","2026-04-17","Referral","Campaign 0958","39000","20958","1958","558","68","201144","17320.320000000007"
"MC000959","2026-04-18","Organic Search","Campaign 0959","39500","20959","1959","559","69","204171","17667.880000000005"
"MC000960","2026-04-19","Google Ads","Campaign 0960","40000","20960","1960","560","70","207200","18016.000000000007"
"MC000961","2026-04-20","Instagram","Campaign 0961","40500","20961","1961","561","71","210231","18364.680000000008"
"MC000962","2026-04-21","Email","Campaign 0962","41000","20962","1962","562","72","213264","18713.920000000006"
"MC000963","2026-04-22","Referral","Campaign 0963","41500","20963","1963","563","73","216299","19063.72000000001"
"MC000964","2026-04-23","Organic Search","Campaign 0964","42000","20964","1964","564","74","219336","19414.08000000001"
"MC000965","2026-04-24","Google Ads","Campaign 0965","42500","20965","1965","565","75","222375","19765.000000000007"
"MC000966","2026-04-25","Instagram","Campaign 0966","43000","20966","1966","566","76","225416","20116.480000000003"
"MC000967","2026-04-26","Email","Campaign 0967","43500","20967","1967","567","77","228459","20468.520000000004"
"MC000968","2026-04-27","Referral","Campaign 0968","44000","20968","1968","568","78","231504","20821.120000000003"
"MC000969","2026-04-28","Organic Search","Campaign 0969","44500","20969","1969","569","79","234551","21174.280000000013"
"MC000970","2026-04-29","Google Ads","Campaign 0970","45000","20970","1970","570","80","237600","21528"
"MC000971","2026-04-30","Instagram","Campaign 0971","45500","20971","1971","571","81","240651","21882.280000000013"
"MC000972","2026-05-01","Email","Campaign 0972","46000","20972","1972","572","82","243704","22237.12000000001"
"MC000973","2026-05-02","Referral","Campaign 0973","46500","20973","1973","573","83","246759","22592.520000000004"
"MC000974","2026-05-03","Organic Search","Campaign 0974","47000","20974","1974","574","84","249816","22948.48000000001"
"MC000975","2026-05-04","Google Ads","Campaign 0975","47500","20975","1975","575","85","252875","23305"
"MC000976","2026-05-05","Instagram","Campaign 0976","48000","20976","1976","576","86","255936","23662.08"
"MC000977","2026-05-06","Email","Campaign 0977","48500","20977","1977","577","87","258999","24019.72"
"MC000978","2026-05-07","Referral","Campaign 0978","49000","20978","1978","578","88","262064","24377.920000000013"
"MC000979","2026-05-08","Organic Search","Campaign 0979","49500","20979","1979","579","89","265131","24736.680000000008"
"MC000980","2026-05-09","Google Ads","Campaign 0980","50000","20980","1980","580","90","268200","25096"
"MC000981","2026-05-10","Instagram","Campaign 0981","50500","20981","1981","581","91","271271","25455.880000000005"
"MC000982","2026-05-11","Email","Campaign 0982","51000","20982","1982","582","92","274344","25816.320000000007"
"MC000983","2026-05-12","Referral","Campaign 0983","51500","20983","1983","583","93","277419","26177.320000000007"
"MC000984","2026-05-13","Organic Search","Campaign 0984","52000","20984","1984","584","94","280496","26538.880000000005"
"MC000985","2026-05-14","Google Ads","Campaign 0985","52500","20985","1985","585","95","283575","26901.000000000015"
"MC000986","2026-05-15","Instagram","Campaign 0986","53000","20986","1986","586","96","286656","27263.680000000008"
"MC000987","2026-05-16","Email","Campaign 0987","53500","20987","1987","587","97","289739","27626.920000000013"
"MC000988","2026-05-17","Referral","Campaign 0988","54000","20988","1988","588","98","292824","27990.72"
"MC000989","2026-05-18","Organic Search","Campaign 0989","54500","20989","1989","589","99","295911","28355.08"
"MC000990","2026-05-19","Google Ads","Campaign 0990","55000","20990","1990","590","10","29900","-46628"
"MC000991","2026-05-20","Instagram","Campaign 0991","55500","20991","1991","591","11","32901","-46287.72"
"MC000992","2026-05-21","Email","Campaign 0992","56000","20992","1992","592","12","35904","-45946.88"
"MC000993","2026-05-22","Referral","Campaign 0993","56500","20993","1993","593","13","38909","-45605.479999999996"
"MC000994","2026-05-23","Organic Search","Campaign 0994","57000","20994","1994","594","14","41916","-45263.52"
"MC000995","2026-05-24","Google Ads","Campaign 0995","57500","20995","1995","595","15","44925","-44921"
"MC000996","2026-05-25","Instagram","Campaign 0996","58000","20996","1996","596","16","47936","-44577.92"
"MC000997","2026-05-26","Email","Campaign 0997","58500","20997","1997","597","17","50949","-44234.28"
"MC000998","2026-05-27","Referral","Campaign 0998","59000","20998","1998","598","18","53964","-43890.08"
"MC000999","2026-05-28","Organic Search","Campaign 0999","59500","20999","1999","599","19","56981","-43545.32"
"MC001000","2026-05-29","Google Ads","Campaign 1000","10000","21000","2000","100","20","40000","1200.0000000000018"
"MC001001","2026-05-30","Instagram","Campaign 1001","10500","21001","2001","101","21","42021","1265.880000000001"
"MC001002","2026-05-31","Email","Campaign 1002","11000","21002","2002","102","22","44044","1332.3200000000015"
"MC001003","2026-06-01","Referral","Campaign 1003","11500","21003","2003","103","23","46069","1399.3200000000015"
"MC001004","2026-06-02","Organic Search","Campaign 1004","12000","21004","2004","104","24","48096","1466.880000000001"
"MC001005","2026-06-03","Google Ads","Campaign 1005","12500","21005","2005","105","25","50125","1535.0000000000018"
"MC001006","2026-06-04","Instagram","Campaign 1006","13000","21006","2006","106","26","52156","1603.680000000002"
"MC001007","2026-06-05","Email","Campaign 1007","13500","21007","2007","107","27","54189","1672.920000000002"
"MC001008","2026-06-06","Referral","Campaign 1008","14000","21008","2008","108","28","56224","1742.7200000000012"
"MC001009","2026-06-07","Organic Search","Campaign 1009","14500","21009","2009","109","29","58261","1813.0800000000017"
"MC001010","2026-06-08","Google Ads","Campaign 1010","15000","21010","2010","110","30","60300","1884"
"MC001011","2026-06-09","Instagram","Campaign 1011","15500","21011","2011","111","31","62341","1955.4800000000032"
"MC001012","2026-06-10","Email","Campaign 1012","16000","21012","2012","112","32","64384","2027.5200000000004"
"MC001013","2026-06-11","Referral","Campaign 1013","16500","21013","2013","113","33","66429","2100.1200000000026"
"MC001014","2026-06-12","Organic Search","Campaign 1014","17000","21014","2014","114","34","68476","2173.2800000000025"
"MC001015","2026-06-13","Google Ads","Campaign 1015","17500","21015","2015","115","35","70525","2247.0000000000036"
"MC001016","2026-06-14","Instagram","Campaign 1016","18000","21016","2016","116","36","72576","2321.2800000000025"
"MC001017","2026-06-15","Email","Campaign 1017","18500","21017","2017","117","37","74629","2396.1200000000026"
"MC001018","2026-06-16","Referral","Campaign 1018","19000","21018","2018","118","38","76684","2471.5200000000004"
"MC001019","2026-06-17","Organic Search","Campaign 1019","19500","21019","2019","119","39","78741","2547.480000000003"
"MC001020","2026-06-18","Google Ads","Campaign 1020","20000","21020","2020","120","40","80800","2624.0000000000036"
"MC001021","2026-06-19","Instagram","Campaign 1021","20500","21021","2021","121","41","82861","2701.0800000000017"
"MC001022","2026-06-20","Email","Campaign 1022","21000","21022","2022","122","42","84924","2778.720000000001"
"MC001023","2026-06-21","Referral","Campaign 1023","21500","21023","2023","123","43","86989","2856.920000000002"
"MC001024","2026-06-22","Organic Search","Campaign 1024","22000","21024","2024","124","44","89056","2935.680000000004"
"MC001025","2026-06-23","Google Ads","Campaign 1025","22500","21025","2025","125","45","91125","3015.0000000000036"
"MC001026","2026-06-24","Instagram","Campaign 1026","23000","21026","2026","126","46","93196","3094.880000000001"
"MC001027","2026-06-25","Email","Campaign 1027","23500","21027","2027","127","47","95269","3175.3200000000033"
"MC001028","2026-06-26","Referral","Campaign 1028","24000","21028","2028","128","48","97344","3256.3200000000033"
"MC001029","2026-06-27","Organic Search","Campaign 1029","24500","21029","2029","129","49","99421","3337.880000000001"
"MC001030","2026-06-28","Google Ads","Campaign 1030","25000","21030","2030","130","50","101500","3420.0000000000036"
"MC001031","2026-06-29","Instagram","Campaign 1031","25500","21031","2031","131","51","103581","3502.680000000004"
"MC001032","2026-06-30","Email","Campaign 1032","26000","21032","2032","132","52","105664","3585.920000000002"
"MC001033","2026-07-01","Referral","Campaign 1033","26500","21033","2033","133","53","107749","3669.720000000001"
"MC001034","2026-07-02","Organic Search","Campaign 1034","27000","21034","2034","134","54","109836","3754.0800000000017"
"MC001035","2026-07-03","Google Ads","Campaign 1035","27500","21035","2035","135","55","111925","3839.0000000000036"
"MC001036","2026-07-04","Instagram","Campaign 1036","28000","21036","2036","136","56","114016","3924.480000000003"
"MC001037","2026-07-05","Email","Campaign 1037","28500","21037","2037","137","57","116109","4010.520000000004"
"MC001038","2026-07-06","Referral","Campaign 1038","29000","21038","2038","138","58","118204","4097.120000000003"
"MC001039","2026-07-07","Organic Search","Campaign 1039","29500","21039","2039","139","59","120301","4184.280000000006"
"MC001040","2026-07-08","Google Ads","Campaign 1040","30000","21040","2040","140","60","122400","4272"
"MC001041","2026-07-09","Instagram","Campaign 1041","30500","21041","2041","141","61","124501","4360.280000000006"
"MC001042","2026-07-10","Email","Campaign 1042","31000","21042","2042","142","62","126604","4449.120000000003"
"MC001043","2026-07-11","Referral","Campaign 1043","31500","21043","2043","143","63","128709","4538.520000000004"
"MC001044","2026-07-12","Organic Search","Campaign 1044","32000","21044","2044","144","64","130816","4628.480000000003"
"MC001045","2026-07-13","Google Ads","Campaign 1045","32500","21045","2045","145","65","132925","4719"
"MC001046","2026-07-14","Instagram","Campaign 1046","33000","21046","2046","146","66","135036","4810.080000000002"
"MC001047","2026-07-15","Email","Campaign 1047","33500","21047","2047","147","67","137149","4901.720000000001"
"MC001048","2026-07-16","Referral","Campaign 1048","34000","21048","2048","148","68","139264","4993.9200000000055"
"MC001049","2026-07-17","Organic Search","Campaign 1049","34500","21049","2049","149","69","141381","5086.68"
"MC001050","2026-07-18","Google Ads","Campaign 1050","35000","21050","2050","150","70","143500","5180.000000000007"
"MC001051","2026-07-19","Instagram","Campaign 1051","35500","21051","2051","151","71","145621","5273.880000000005"
"MC001052","2026-07-20","Email","Campaign 1052","36000","21052","2052","152","72","147744","5368.320000000007"
"MC001053","2026-07-21","Referral","Campaign 1053","36500","21053","2053","153","73","149869","5463.320000000007"
"MC001054","2026-07-22","Organic Search","Campaign 1054","37000","21054","2054","154","74","151996","5558.880000000005"
"MC001055","2026-07-23","Google Ads","Campaign 1055","37500","21055","2055","155","75","154125","5655.000000000007"
"MC001056","2026-07-24","Instagram","Campaign 1056","38000","21056","2056","156","76","156256","5751.680000000008"
"MC001057","2026-07-25","Email","Campaign 1057","38500","21057","2057","157","77","158389","5848.9200000000055"
"MC001058","2026-07-26","Referral","Campaign 1058","39000","21058","2058","158","78","160524","5946.720000000001"
"MC001059","2026-07-27","Organic Search","Campaign 1059","39500","21059","2059","159","79","162661","6045.080000000002"
"MC001060","2026-07-28","Google Ads","Campaign 1060","40000","21060","2060","160","80","164800","6144.000000000007"
"MC001061","2026-07-29","Instagram","Campaign 1061","40500","21061","2061","161","81","166941","6243.480000000003"
"MC001062","2026-07-30","Email","Campaign 1062","41000","21062","2062","162","82","169084","6343.520000000004"
"MC001063","2026-07-31","Referral","Campaign 1063","41500","21063","2063","163","83","171229","6444.120000000003"
"MC001064","2026-08-01","Organic Search","Campaign 1064","42000","21064","2064","164","84","173376","6545.280000000006"
"MC001065","2026-08-02","Google Ads","Campaign 1065","42500","21065","2065","165","85","175525","6647.000000000007"
"MC001066","2026-08-03","Instagram","Campaign 1066","43000","21066","2066","166","86","177676","6749.280000000006"
"MC001067","2026-08-04","Email","Campaign 1067","43500","21067","2067","167","87","179829","6852.120000000003"
"MC001068","2026-08-05","Referral","Campaign 1068","44000","21068","2068","168","88","181984","6955.520000000004"
"MC001069","2026-08-06","Organic Search","Campaign 1069","44500","21069","2069","169","89","184141","7059.480000000003"
"MC001070","2026-08-07","Google Ads","Campaign 1070","45000","21070","2070","170","90","186300","7164.000000000007"
"MC001071","2026-08-08","Instagram","Campaign 1071","45500","21071","2071","171","91","188461","7269.080000000002"
"MC001072","2026-08-09","Email","Campaign 1072","46000","21072","2072","172","92","190624","7374.720000000008"
"MC001073","2026-08-10","Referral","Campaign 1073","46500","21073","2073","173","93","192789","7480.9200000000055"
"MC001074","2026-08-11","Organic Search","Campaign 1074","47000","21074","2074","174","94","194956","7587.680000000008"
"MC001075","2026-08-12","Google Ads","Campaign 1075","47500","21075","2075","175","95","197125","7695.000000000007"
"MC001076","2026-08-13","Instagram","Campaign 1076","48000","21076","2076","176","96","199296","7802.880000000005"
"MC001077","2026-08-14","Email","Campaign 1077","48500","21077","2077","177","97","201469","7911.320000000007"
"MC001078","2026-08-15","Referral","Campaign 1078","49000","21078","2078","178","98","203644","8020.320000000007"
"MC001079","2026-08-16","Organic Search","Campaign 1079","49500","21079","2079","179","99","205821","8129.880000000005"
"MC001080","2026-08-17","Google Ads","Campaign 1080","50000","21080","2080","180","10","20800","-44176"
"MC001081","2026-08-18","Instagram","Campaign 1081","50500","21081","2081","181","11","22891","-44090.52"
"MC001082","2026-08-19","Email","Campaign 1082","51000","21082","2082","182","12","24984","-44004.479999999996"
"MC001083","2026-08-20","Referral","Campaign 1083","51500","21083","2083","183","13","27079","-43917.88"
"MC001084","2026-08-21","Organic Search","Campaign 1084","52000","21084","2084","184","14","29176","-43830.72"
"MC001085","2026-08-22","Google Ads","Campaign 1085","52500","21085","2085","185","15","31275","-43743"
"MC001086","2026-08-23","Instagram","Campaign 1086","53000","21086","2086","186","16","33376","-43654.72"
"MC001087","2026-08-24","Email","Campaign 1087","53500","21087","2087","187","17","35479","-43565.88"
"MC001088","2026-08-25","Referral","Campaign 1088","54000","21088","2088","188","18","37584","-43476.479999999996"
"MC001089","2026-08-26","Organic Search","Campaign 1089","54500","21089","2089","189","19","39691","-43386.52"
"MC001090","2026-08-27","Google Ads","Campaign 1090","55000","21090","2090","190","20","41800","-43296"
"MC001091","2026-08-28","Instagram","Campaign 1091","55500","21091","2091","191","21","43911","-43204.92"
"MC001092","2026-08-29","Email","Campaign 1092","56000","21092","2092","192","22","46024","-43113.28"
"MC001093","2026-08-30","Referral","Campaign 1093","56500","21093","2093","193","23","48139","-43021.08"
"MC001094","2026-08-31","Organic Search","Campaign 1094","57000","21094","2094","194","24","50256","-42928.32"
"MC001095","2025-09-01","Google Ads","Campaign 1095","57500","21095","2095","195","25","52375","-42835"
"MC001096","2025-09-02","Instagram","Campaign 1096","58000","21096","2096","196","26","54496","-42741.119999999995"
"MC001097","2025-09-03","Email","Campaign 1097","58500","21097","2097","197","27","56619","-42646.68"
"MC001098","2025-09-04","Referral","Campaign 1098","59000","21098","2098","198","28","58744","-42551.67999999999"
"MC001099","2025-09-05","Organic Search","Campaign 1099","59500","21099","2099","199","29","60871","-42456.119999999995"
"MC001100","2025-09-06","Google Ads","Campaign 1100","10000","21100","2100","200","30","63000","7640"
"MC001101","2025-09-07","Instagram","Campaign 1101","10500","21101","2101","201","31","65131","7736.68"
"MC001102","2025-09-08","Email","Campaign 1102","11000","21102","2102","202","32","67264","7833.920000000002"
"MC001103","2025-09-09","Referral","Campaign 1103","11500","21103","2103","203","33","69399","7931.720000000001"
"MC001104","2025-09-10","Organic Search","Campaign 1104","12000","21104","2104","204","34","71536","8030.080000000002"
"MC001105","2025-09-11","Google Ads","Campaign 1105","12500","21105","2105","205","35","73675","8129.000000000004"
"MC001106","2025-09-12","Instagram","Campaign 1106","13000","21106","2106","206","36","75816","8228.480000000003"
"MC001107","2025-09-13","Email","Campaign 1107","13500","21107","2107","207","37","77959","8328.52"
"MC001108","2025-09-14","Referral","Campaign 1108","14000","21108","2108","208","38","80104","8429.120000000003"
"MC001109","2025-09-15","Organic Search","Campaign 1109","14500","21109","2109","209","39","82251","8530.280000000002"
"MC001110","2025-09-16","Google Ads","Campaign 1110","15000","21110","2110","210","40","84400","8632.000000000004"
"MC001111","2025-09-17","Instagram","Campaign 1111","15500","21111","2111","211","41","86551","8734.280000000002"
"MC001112","2025-09-18","Email","Campaign 1112","16000","21112","2112","212","42","88704","8837.120000000003"
"MC001113","2025-09-19","Referral","Campaign 1113","16500","21113","2113","213","43","90859","8940.520000000004"
"MC001114","2025-09-20","Organic Search","Campaign 1114","17000","21114","2114","214","44","93016","9044.480000000003"
"MC001115","2025-09-21","Google Ads","Campaign 1115","17500","21115","2115","215","45","95175","9149.000000000004"
"MC001116","2025-09-22","Instagram","Campaign 1116","18000","21116","2116","216","46","97336","9254.080000000002"
"MC001117","2025-09-23","Email","Campaign 1117","18500","21117","2117","217","47","99499","9359.720000000001"
"MC001118","2025-09-24","Referral","Campaign 1118","19000","21118","2118","218","48","101664","9465.920000000002"
"MC001119","2025-09-25","Organic Search","Campaign 1119","19500","21119","2119","219","49","103831","9572.680000000004"
"MC001120","2025-09-26","Google Ads","Campaign 1120","20000","21120","2120","220","50","106000","9680.000000000004"
"MC001121","2025-09-27","Instagram","Campaign 1121","20500","21121","2121","221","51","108171","9787.880000000005"
"MC001122","2025-09-28","Email","Campaign 1122","21000","21122","2122","222","52","110344","9896.320000000003"
"MC001123","2025-09-29","Referral","Campaign 1123","21500","21123","2123","223","53","112519","10005.320000000003"
"MC001124","2025-09-30","Organic Search","Campaign 1124","22000","21124","2124","224","54","114696","10114.880000000005"
"MC001125","2025-10-01","Google Ads","Campaign 1125","22500","21125","2125","225","55","116875","10225.000000000004"
"MC001126","2025-10-02","Instagram","Campaign 1126","23000","21126","2126","226","56","119056","10335.68"
"MC001127","2025-10-03","Email","Campaign 1127","23500","21127","2127","227","57","121239","10446.920000000006"
"MC001128","2025-10-04","Referral","Campaign 1128","24000","21128","2128","228","58","123424","10558.720000000001"
"MC001129","2025-10-05","Organic Search","Campaign 1129","24500","21129","2129","229","59","125611","10671.080000000002"
"MC001130","2025-10-06","Google Ads","Campaign 1130","25000","21130","2130","230","60","127800","10784"
"MC001131","2025-10-07","Instagram","Campaign 1131","25500","21131","2131","231","61","129991","10897.480000000003"
"MC001132","2025-10-08","Email","Campaign 1132","26000","21132","2132","232","62","132184","11011.520000000004"
"MC001133","2025-10-09","Referral","Campaign 1133","26500","21133","2133","233","63","134379","11126.120000000003"
"MC001134","2025-10-10","Organic Search","Campaign 1134","27000","21134","2134","234","64","136576","11241.280000000006"
"MC001135","2025-10-11","Google Ads","Campaign 1135","27500","21135","2135","235","65","138775","11357.000000000007"
"MC001136","2025-10-12","Instagram","Campaign 1136","28000","21136","2136","236","66","140976","11473.280000000006"
"MC001137","2025-10-13","Email","Campaign 1137","28500","21137","2137","237","67","143179","11590.120000000003"
"MC001138","2025-10-14","Referral","Campaign 1138","29000","21138","2138","238","68","145384","11707.520000000004"
"MC001139","2025-10-15","Organic Search","Campaign 1139","29500","21139","2139","239","69","147591","11825.480000000003"
"MC001140","2025-10-16","Google Ads","Campaign 1140","30000","21140","2140","240","70","149800","11944.000000000007"
"MC001141","2025-10-17","Instagram","Campaign 1141","30500","21141","2141","241","71","152011","12063.080000000002"
"MC001142","2025-10-18","Email","Campaign 1142","31000","21142","2142","242","72","154224","12182.720000000001"
"MC001143","2025-10-19","Referral","Campaign 1143","31500","21143","2143","243","73","156439","12302.920000000006"
"MC001144","2025-10-20","Organic Search","Campaign 1144","32000","21144","2144","244","74","158656","12423.680000000008"
"MC001145","2025-10-21","Google Ads","Campaign 1145","32500","21145","2145","245","75","160875","12545.000000000007"
"MC001146","2025-10-22","Instagram","Campaign 1146","33000","21146","2146","246","76","163096","12666.880000000005"
"MC001147","2025-10-23","Email","Campaign 1147","33500","21147","2147","247","77","165319","12789.320000000007"
"MC001148","2025-10-24","Referral","Campaign 1148","34000","21148","2148","248","78","167544","12912.320000000007"
"MC001149","2025-10-25","Organic Search","Campaign 1149","34500","21149","2149","249","79","169771","13035.880000000005"
"MC001150","2025-10-26","Google Ads","Campaign 1150","35000","21150","2150","250","80","172000","13160.000000000007"
"MC001151","2025-10-27","Instagram","Campaign 1151","35500","21151","2151","251","81","174231","13284.680000000008"
"MC001152","2025-10-28","Email","Campaign 1152","36000","21152","2152","252","82","176464","13409.920000000006"
"MC001153","2025-10-29","Referral","Campaign 1153","36500","21153","2153","253","83","178699","13535.720000000001"
"MC001154","2025-10-30","Organic Search","Campaign 1154","37000","21154","2154","254","84","180936","13662.080000000002"
"MC001155","2025-10-31","Google Ads","Campaign 1155","37500","21155","2155","255","85","183175","13789.000000000007"
"MC001156","2025-11-01","Instagram","Campaign 1156","38000","21156","2156","256","86","185416","13916.480000000003"
"MC001157","2025-11-02","Email","Campaign 1157","38500","21157","2157","257","87","187659","14044.520000000004"
"MC001158","2025-11-03","Referral","Campaign 1158","39000","21158","2158","258","88","189904","14173.120000000003"
"MC001159","2025-11-04","Organic Search","Campaign 1159","39500","21159","2159","259","89","192151","14302.280000000006"
"MC001160","2025-11-05","Google Ads","Campaign 1160","40000","21160","2160","260","90","194400","14432.000000000007"
"MC001161","2025-11-06","Instagram","Campaign 1161","40500","21161","2161","261","91","196651","14562.280000000006"
"MC001162","2025-11-07","Email","Campaign 1162","41000","21162","2162","262","92","198904","14693.120000000003"
"MC001163","2025-11-08","Referral","Campaign 1163","41500","21163","2163","263","93","201159","14824.520000000004"
"MC001164","2025-11-09","Organic Search","Campaign 1164","42000","21164","2164","264","94","203416","14956.480000000003"
"MC001165","2025-11-10","Google Ads","Campaign 1165","42500","21165","2165","265","95","205675","15089.000000000007"
"MC001166","2025-11-11","Instagram","Campaign 1166","43000","21166","2166","266","96","207936","15222.080000000009"
"MC001167","2025-11-12","Email","Campaign 1167","43500","21167","2167","267","97","210199","15355.720000000008"
"MC001168","2025-11-13","Referral","Campaign 1168","44000","21168","2168","268","98","212464","15489.920000000006"
"MC001169","2025-11-14","Organic Search","Campaign 1169","44500","21169","2169","269","99","214731","15624.680000000008"
"MC001170","2025-11-15","Google Ads","Campaign 1170","45000","21170","2170","270","10","21700","-38924"
"MC001171","2025-11-16","Instagram","Campaign 1171","45500","21171","2171","271","11","23881","-38813.32"
"MC001172","2025-11-17","Email","Campaign 1172","46000","21172","2172","272","12","26064","-38702.08"
"MC001173","2025-11-18","Referral","Campaign 1173","46500","21173","2173","273","13","28249","-38590.28"
"MC001174","2025-11-19","Organic Search","Campaign 1174","47000","21174","2174","274","14","30436","-38477.92"
"MC001175","2025-11-20","Google Ads","Campaign 1175","47500","21175","2175","275","15","32625","-38365"
"MC001176","2025-11-21","Instagram","Campaign 1176","48000","21176","2176","276","16","34816","-38251.52"
"MC001177","2025-11-22","Email","Campaign 1177","48500","21177","2177","277","17","37009","-38137.479999999996"
"MC001178","2025-11-23","Referral","Campaign 1178","49000","21178","2178","278","18","39204","-38022.88"
"MC001179","2025-11-24","Organic Search","Campaign 1179","49500","21179","2179","279","19","41401","-37907.72"
"MC001180","2025-11-25","Google Ads","Campaign 1180","50000","21180","2180","280","20","43600","-37792"
"MC001181","2025-11-26","Instagram","Campaign 1181","50500","21181","2181","281","21","45801","-37675.72"
"MC001182","2025-11-27","Email","Campaign 1182","51000","21182","2182","282","22","48004","-37558.88"
"MC001183","2025-11-28","Referral","Campaign 1183","51500","21183","2183","283","23","50209","-37441.479999999996"
"MC001184","2025-11-29","Organic Search","Campaign 1184","52000","21184","2184","284","24","52416","-37323.52"
"MC001185","2025-11-30","Google Ads","Campaign 1185","52500","21185","2185","285","25","54625","-37205"
"MC001186","2025-12-01","Instagram","Campaign 1186","53000","21186","2186","286","26","56836","-37085.92"
"MC001187","2025-12-02","Email","Campaign 1187","53500","21187","2187","287","27","59049","-36966.28"
"MC001188","2025-12-03","Referral","Campaign 1188","54000","21188","2188","288","28","61264","-36846.08"
"MC001189","2025-12-04","Organic Search","Campaign 1189","54500","21189","2189","289","29","63481","-36725.32"
"MC001190","2025-12-05","Google Ads","Campaign 1190","55000","21190","2190","290","30","65700","-36604"
"MC001191","2025-12-06","Instagram","Campaign 1191","55500","21191","2191","291","31","67921","-36482.119999999995"
"MC001192","2025-12-07","Email","Campaign 1192","56000","21192","2192","292","32","70144","-36359.67999999999"
"MC001193","2025-12-08","Referral","Campaign 1193","56500","21193","2193","293","33","72369","-36236.67999999999"
"MC001194","2025-12-09","Organic Search","Campaign 1194","57000","21194","2194","294","34","74596","-36113.119999999995"
"MC001195","2025-12-10","Google Ads","Campaign 1195","57500","21195","2195","295","35","76825","-35989"
"MC001196","2025-12-11","Instagram","Campaign 1196","58000","21196","2196","296","36","79056","-35864.32"
"MC001197","2025-12-12","Email","Campaign 1197","58500","21197","2197","297","37","81289","-35739.08"
"MC001198","2025-12-13","Referral","Campaign 1198","59000","21198","2198","298","38","83524","-35613.28"
"MC001199","2025-12-14","Organic Search","Campaign 1199","59500","21199","2199","299","39","85761","-35486.92"
"MC001200","2025-12-15","Google Ads","Campaign 1200","10000","21200","2200","300","40","88000","14640.000000000004"
"MC001201","2025-12-16","Instagram","Campaign 1201","10500","21201","2201","301","41","90241","14767.480000000003"
"MC001202","2025-12-17","Email","Campaign 1202","11000","21202","2202","302","42","92484","14895.520000000004"
"MC001203","2025-12-18","Referral","Campaign 1203","11500","21203","2203","303","43","94729","15024.120000000003"
"MC001204","2025-12-19","Organic Search","Campaign 1204","12000","21204","2204","304","44","96976","15153.280000000002"
"MC001205","2025-12-20","Google Ads","Campaign 1205","12500","21205","2205","305","45","99225","15283.000000000004"
"MC001206","2025-12-21","Instagram","Campaign 1206","13000","21206","2206","306","46","101476","15413.280000000002"
"MC001207","2025-12-22","Email","Campaign 1207","13500","21207","2207","307","47","103729","15544.120000000003"
"MC001208","2025-12-23","Referral","Campaign 1208","14000","21208","2208","308","48","105984","15675.520000000004"
"MC001209","2025-12-24","Organic Search","Campaign 1209","14500","21209","2209","309","49","108241","15807.480000000003"
"MC001210","2025-12-25","Google Ads","Campaign 1210","15000","21210","2210","310","50","110500","15940.000000000004"
"MC001211","2025-12-26","Instagram","Campaign 1211","15500","21211","2211","311","51","112761","16073.080000000002"
"MC001212","2025-12-27","Email","Campaign 1212","16000","21212","2212","312","52","115024","16206.720000000005"
"MC001213","2025-12-28","Referral","Campaign 1213","16500","21213","2213","313","53","117289","16340.920000000006"
"MC001214","2025-12-29","Organic Search","Campaign 1214","17000","21214","2214","314","54","119556","16475.68"
"MC001215","2025-12-30","Google Ads","Campaign 1215","17500","21215","2215","315","55","121825","16611"
"MC001216","2025-12-31","Instagram","Campaign 1216","18000","21216","2216","316","56","124096","16746.880000000005"
"MC001217","2026-01-01","Email","Campaign 1217","18500","21217","2217","317","57","126369","16883.320000000007"
"MC001218","2026-01-02","Referral","Campaign 1218","19000","21218","2218","318","58","128644","17020.320000000007"
"MC001219","2026-01-03","Organic Search","Campaign 1219","19500","21219","2219","319","59","130921","17157.880000000005"
"MC001220","2026-01-04","Google Ads","Campaign 1220","20000","21220","2220","320","60","133200","17296"
"MC001221","2026-01-05","Instagram","Campaign 1221","20500","21221","2221","321","61","135481","17434.68"
"MC001222","2026-01-06","Email","Campaign 1222","21000","21222","2222","322","62","137764","17573.920000000006"
"MC001223","2026-01-07","Referral","Campaign 1223","21500","21223","2223","323","63","140049","17713.72"
"MC001224","2026-01-08","Organic Search","Campaign 1224","22000","21224","2224","324","64","142336","17854.08"
"MC001225","2026-01-09","Google Ads","Campaign 1225","22500","21225","2225","325","65","144625","17995.000000000007"
"MC001226","2026-01-10","Instagram","Campaign 1226","23000","21226","2226","326","66","146916","18136.480000000003"
"MC001227","2026-01-11","Email","Campaign 1227","23500","21227","2227","327","67","149209","18278.520000000004"
"MC001228","2026-01-12","Referral","Campaign 1228","24000","21228","2228","328","68","151504","18421.120000000003"
"MC001229","2026-01-13","Organic Search","Campaign 1229","24500","21229","2229","329","69","153801","18564.280000000006"
"MC001230","2026-01-14","Google Ads","Campaign 1230","25000","21230","2230","330","70","156100","18708.000000000007"
"MC001231","2026-01-15","Instagram","Campaign 1231","25500","21231","2231","331","71","158401","18852.280000000006"
"MC001232","2026-01-16","Email","Campaign 1232","26000","21232","2232","332","72","160704","18997.120000000003"
"MC001233","2026-01-17","Referral","Campaign 1233","26500","21233","2233","333","73","163009","19142.520000000004"
"MC001234","2026-01-18","Organic Search","Campaign 1234","27000","21234","2234","334","74","165316","19288.480000000003"
"MC001235","2026-01-19","Google Ads","Campaign 1235","27500","21235","2235","335","75","167625","19435.000000000007"
"MC001236","2026-01-20","Instagram","Campaign 1236","28000","21236","2236","336","76","169936","19582.08"
"MC001237","2026-01-21","Email","Campaign 1237","28500","21237","2237","337","77","172249","19729.72"
"MC001238","2026-01-22","Referral","Campaign 1238","29000","21238","2238","338","78","174564","19877.920000000006"
"MC001239","2026-01-23","Organic Search","Campaign 1239","29500","21239","2239","339","79","176881","20026.680000000008"
"MC001240","2026-01-24","Google Ads","Campaign 1240","30000","21240","2240","340","80","179200","20176.000000000007"
"MC001241","2026-01-25","Instagram","Campaign 1241","30500","21241","2241","341","81","181521","20325.880000000005"
"MC001242","2026-01-26","Email","Campaign 1242","31000","21242","2242","342","82","183844","20476.320000000007"
"MC001243","2026-01-27","Referral","Campaign 1243","31500","21243","2243","343","83","186169","20627.320000000007"
"MC001244","2026-01-28","Organic Search","Campaign 1244","32000","21244","2244","344","84","188496","20778.880000000005"
"MC001245","2026-01-29","Google Ads","Campaign 1245","32500","21245","2245","345","85","190825","20931.000000000007"
"MC001246","2026-01-30","Instagram","Campaign 1246","33000","21246","2246","346","86","193156","21083.680000000008"
"MC001247","2026-01-31","Email","Campaign 1247","33500","21247","2247","347","87","195489","21236.920000000006"
"MC001248","2026-02-01","Referral","Campaign 1248","34000","21248","2248","348","88","197824","21390.72000000001"
"MC001249","2026-02-02","Organic Search","Campaign 1249","34500","21249","2249","349","89","200161","21545.08"
"MC001250","2026-02-03","Google Ads","Campaign 1250","35000","21250","2250","350","90","202500","21700.000000000007"
"MC001251","2026-02-04","Instagram","Campaign 1251","35500","21251","2251","351","91","204841","21855.480000000003"
"MC001252","2026-02-05","Email","Campaign 1252","36000","21252","2252","352","92","207184","22011.520000000004"
"MC001253","2026-02-06","Referral","Campaign 1253","36500","21253","2253","353","93","209529","22168.120000000003"
"MC001254","2026-02-07","Organic Search","Campaign 1254","37000","21254","2254","354","94","211876","22325.280000000006"
"MC001255","2026-02-08","Google Ads","Campaign 1255","37500","21255","2255","355","95","214225","22483.000000000007"
"MC001256","2026-02-09","Instagram","Campaign 1256","38000","21256","2256","356","96","216576","22641.280000000006"
"MC001257","2026-02-10","Email","Campaign 1257","38500","21257","2257","357","97","218929","22800.120000000003"
"MC001258","2026-02-11","Referral","Campaign 1258","39000","21258","2258","358","98","221284","22959.520000000004"
"MC001259","2026-02-12","Organic Search","Campaign 1259","39500","21259","2259","359","99","223641","23119.480000000003"
"MC001260","2026-02-13","Google Ads","Campaign 1260","40000","21260","2260","360","10","22600","-33672"
"MC001261","2026-02-14","Instagram","Campaign 1261","40500","21261","2261","361","11","24871","-33536.119999999995"
"MC001262","2026-02-15","Email","Campaign 1262","41000","21262","2262","362","12","27144","-33399.68"
"MC001263","2026-02-16","Referral","Campaign 1263","41500","21263","2263","363","13","29419","-33262.68"
"MC001264","2026-02-17","Organic Search","Campaign 1264","42000","21264","2264","364","14","31696","-33125.119999999995"
"MC001265","2026-02-18","Google Ads","Campaign 1265","42500","21265","2265","365","15","33975","-32987"
"MC001266","2026-02-19","Instagram","Campaign 1266","43000","21266","2266","366","16","36256","-32848.32"
"MC001267","2026-02-20","Email","Campaign 1267","43500","21267","2267","367","17","38539","-32709.079999999998"
"MC001268","2026-02-21","Referral","Campaign 1268","44000","21268","2268","368","18","40824","-32569.28"
"MC001269","2026-02-22","Organic Search","Campaign 1269","44500","21269","2269","369","19","43111","-32428.92"
"MC001270","2026-02-23","Google Ads","Campaign 1270","45000","21270","2270","370","20","45400","-32288"
"MC001271","2026-02-24","Instagram","Campaign 1271","45500","21271","2271","371","21","47691","-32146.519999999997"
"MC001272","2026-02-25","Email","Campaign 1272","46000","21272","2272","372","22","49984","-32004.48"
"MC001273","2026-02-26","Referral","Campaign 1273","46500","21273","2273","373","23","52279","-31861.879999999997"
"MC001274","2026-02-27","Organic Search","Campaign 1274","47000","21274","2274","374","24","54576","-31718.72"
"MC001275","2026-02-28","Google Ads","Campaign 1275","47500","21275","2275","375","25","56875","-31575"
"MC001276","2026-03-01","Instagram","Campaign 1276","48000","21276","2276","376","26","59176","-31430.719999999998"
"MC001277","2026-03-02","Email","Campaign 1277","48500","21277","2277","377","27","61479","-31285.879999999997"
"MC001278","2026-03-03","Referral","Campaign 1278","49000","21278","2278","378","28","63784","-31140.48"
"MC001279","2026-03-04","Organic Search","Campaign 1279","49500","21279","2279","379","29","66091","-30994.519999999997"
"MC001280","2026-03-05","Google Ads","Campaign 1280","50000","21280","2280","380","30","68400","-30847.999999999996"
"MC001281","2026-03-06","Instagram","Campaign 1281","50500","21281","2281","381","31","70711","-30700.92"
"MC001282","2026-03-07","Email","Campaign 1282","51000","21282","2282","382","32","73024","-30553.28"
"MC001283","2026-03-08","Referral","Campaign 1283","51500","21283","2283","383","33","75339","-30405.079999999998"
"MC001284","2026-03-09","Organic Search","Campaign 1284","52000","21284","2284","384","34","77656","-30256.32"
"MC001285","2026-03-10","Google Ads","Campaign 1285","52500","21285","2285","385","35","79975","-30106.999999999996"
"MC001286","2026-03-11","Instagram","Campaign 1286","53000","21286","2286","386","36","82296","-29957.12"
"MC001287","2026-03-12","Email","Campaign 1287","53500","21287","2287","387","37","84619","-29806.679999999997"
"MC001288","2026-03-13","Referral","Campaign 1288","54000","21288","2288","388","38","86944","-29655.679999999997"
"MC001289","2026-03-14","Organic Search","Campaign 1289","54500","21289","2289","389","39","89271","-29504.12"
"MC001290","2026-03-15","Google Ads","Campaign 1290","55000","21290","2290","390","40","91600","-29351.999999999996"
"MC001291","2026-03-16","Instagram","Campaign 1291","55500","21291","2291","391","41","93931","-29199.319999999996"
"MC001292","2026-03-17","Email","Campaign 1292","56000","21292","2292","392","42","96264","-29046.079999999998"
"MC001293","2026-03-18","Referral","Campaign 1293","56500","21293","2293","393","43","98599","-28892.28"
"MC001294","2026-03-19","Organic Search","Campaign 1294","57000","21294","2294","394","44","100936","-28737.92"
"MC001295","2026-03-20","Google Ads","Campaign 1295","57500","21295","2295","395","45","103275","-28582.999999999996"
"MC001296","2026-03-21","Instagram","Campaign 1296","58000","21296","2296","396","46","105616","-28427.519999999997"
"MC001297","2026-03-22","Email","Campaign 1297","58500","21297","2297","397","47","107959","-28271.479999999996"
"MC001298","2026-03-23","Referral","Campaign 1298","59000","21298","2298","398","48","110304","-28114.879999999997"
"MC001299","2026-03-24","Organic Search","Campaign 1299","59500","21299","2299","399","49","112651","-27957.719999999998"
"MC001300","2026-03-25","Google Ads","Campaign 1300","10000","21300","2300","400","50","115000","22200.000000000004"
"MC001301","2026-03-26","Instagram","Campaign 1301","10500","21301","2301","401","51","117351","22358.280000000006"
"MC001302","2026-03-27","Email","Campaign 1302","11000","21302","2302","402","52","119704","22517.120000000003"
"MC001303","2026-03-28","Referral","Campaign 1303","11500","21303","2303","403","53","122059","22676.520000000004"
"MC001304","2026-03-29","Organic Search","Campaign 1304","12000","21304","2304","404","54","124416","22836.480000000003"
"MC001305","2026-03-30","Google Ads","Campaign 1305","12500","21305","2305","405","55","126775","22997"
"MC001306","2026-03-31","Instagram","Campaign 1306","13000","21306","2306","406","56","129136","23158.08"
"MC001307","2026-04-01","Email","Campaign 1307","13500","21307","2307","407","57","131499","23319.72"
"MC001308","2026-04-02","Referral","Campaign 1308","14000","21308","2308","408","58","133864","23481.920000000006"
"MC001309","2026-04-03","Organic Search","Campaign 1309","14500","21309","2309","409","59","136231","23644.68"
"MC001310","2026-04-04","Google Ads","Campaign 1310","15000","21310","2310","410","60","138600","23808.000000000007"
"MC001311","2026-04-05","Instagram","Campaign 1311","15500","21311","2311","411","61","140971","23971.880000000005"
"MC001312","2026-04-06","Email","Campaign 1312","16000","21312","2312","412","62","143344","24136.320000000007"
"MC001313","2026-04-07","Referral","Campaign 1313","16500","21313","2313","413","63","145719","24301.320000000007"
"MC001314","2026-04-08","Organic Search","Campaign 1314","17000","21314","2314","414","64","148096","24466.880000000005"
"MC001315","2026-04-09","Google Ads","Campaign 1315","17500","21315","2315","415","65","150475","24633.000000000007"
"MC001316","2026-04-10","Instagram","Campaign 1316","18000","21316","2316","416","66","152856","24799.680000000008"
"MC001317","2026-04-11","Email","Campaign 1317","18500","21317","2317","417","67","155239","24966.920000000006"
"MC001318","2026-04-12","Referral","Campaign 1318","19000","21318","2318","418","68","157624","25134.72"
"MC001319","2026-04-13","Organic Search","Campaign 1319","19500","21319","2319","419","69","160011","25303.08"
"MC001320","2026-04-14","Google Ads","Campaign 1320","20000","21320","2320","420","70","162400","25472.000000000007"
"MC001321","2026-04-15","Instagram","Campaign 1321","20500","21321","2321","421","71","164791","25641.480000000003"
"MC001322","2026-04-16","Email","Campaign 1322","21000","21322","2322","422","72","167184","25811.520000000004"
"MC001323","2026-04-17","Referral","Campaign 1323","21500","21323","2323","423","73","169579","25982.120000000003"
"MC001324","2026-04-18","Organic Search","Campaign 1324","22000","21324","2324","424","74","171976","26153.280000000006"
"MC001325","2026-04-19","Google Ads","Campaign 1325","22500","21325","2325","425","75","174375","26325.000000000007"
"MC001326","2026-04-20","Instagram","Campaign 1326","23000","21326","2326","426","76","176776","26497.280000000006"
"MC001327","2026-04-21","Email","Campaign 1327","23500","21327","2327","427","77","179179","26670.120000000003"
"MC001328","2026-04-22","Referral","Campaign 1328","24000","21328","2328","428","78","181584","26843.520000000004"
"MC001329","2026-04-23","Organic Search","Campaign 1329","24500","21329","2329","429","79","183991","27017.480000000003"
"MC001330","2026-04-24","Google Ads","Campaign 1330","25000","21330","2330","430","80","186400","27192.000000000007"
"MC001331","2026-04-25","Instagram","Campaign 1331","25500","21331","2331","431","81","188811","27367.08"
"MC001332","2026-04-26","Email","Campaign 1332","26000","21332","2332","432","82","191224","27542.72000000001"
"MC001333","2026-04-27","Referral","Campaign 1333","26500","21333","2333","433","83","193639","27718.920000000006"
"MC001334","2026-04-28","Organic Search","Campaign 1334","27000","21334","2334","434","84","196056","27895.680000000008"
"MC001335","2026-04-29","Google Ads","Campaign 1335","27500","21335","2335","435","85","198475","28073.000000000007"
"MC001336","2026-04-30","Instagram","Campaign 1336","28000","21336","2336","436","86","200896","28250.880000000005"
"MC001337","2026-05-01","Email","Campaign 1337","28500","21337","2337","437","87","203319","28429.320000000007"
"MC001338","2026-05-02","Referral","Campaign 1338","29000","21338","2338","438","88","205744","28608.320000000007"
"MC001339","2026-05-03","Organic Search","Campaign 1339","29500","21339","2339","439","89","208171","28787.880000000005"
"MC001340","2026-05-04","Google Ads","Campaign 1340","30000","21340","2340","440","90","210600","28968.000000000007"
"MC001341","2026-05-05","Instagram","Campaign 1341","30500","21341","2341","441","91","213031","29148.680000000008"
"MC001342","2026-05-06","Email","Campaign 1342","31000","21342","2342","442","92","215464","29329.920000000006"
"MC001343","2026-05-07","Referral","Campaign 1343","31500","21343","2343","443","93","217899","29511.72000000001"
"MC001344","2026-05-08","Organic Search","Campaign 1344","32000","21344","2344","444","94","220336","29694.08000000001"
"MC001345","2026-05-09","Google Ads","Campaign 1345","32500","21345","2345","445","95","222775","29877.000000000007"
"MC001346","2026-05-10","Instagram","Campaign 1346","33000","21346","2346","446","96","225216","30060.480000000003"
"MC001347","2026-05-11","Email","Campaign 1347","33500","21347","2347","447","97","227659","30244.520000000004"
"MC001348","2026-05-12","Referral","Campaign 1348","34000","21348","2348","448","98","230104","30429.120000000003"
"MC001349","2026-05-13","Organic Search","Campaign 1349","34500","21349","2349","449","99","232551","30614.280000000006"
"MC001350","2026-05-14","Google Ads","Campaign 1350","35000","21350","2350","450","10","23500","-28420"
"MC001351","2026-05-15","Instagram","Campaign 1351","35500","21351","2351","451","11","25861","-28258.92"
"MC001352","2026-05-16","Email","Campaign 1352","36000","21352","2352","452","12","28224","-28097.28"
"MC001353","2026-05-17","Referral","Campaign 1353","36500","21353","2353","453","13","30589","-27935.08"
"MC001354","2026-05-18","Organic Search","Campaign 1354","37000","21354","2354","454","14","32956","-27772.32"
"MC001355","2026-05-19","Google Ads","Campaign 1355","37500","21355","2355","455","15","35325","-27609"
"MC001356","2026-05-20","Instagram","Campaign 1356","38000","21356","2356","456","16","37696","-27445.12"
"MC001357","2026-05-21","Email","Campaign 1357","38500","21357","2357","457","17","40069","-27280.68"
"MC001358","2026-05-22","Referral","Campaign 1358","39000","21358","2358","458","18","42444","-27115.68"
"MC001359","2026-05-23","Organic Search","Campaign 1359","39500","21359","2359","459","19","44821","-26950.12"
"MC001360","2026-05-24","Google Ads","Campaign 1360","40000","21360","2360","460","20","47200","-26784"
"MC001361","2026-05-25","Instagram","Campaign 1361","40500","21361","2361","461","21","49581","-26617.32"
"MC001362","2026-05-26","Email","Campaign 1362","41000","21362","2362","462","22","51964","-26450.079999999998"
"MC001363","2026-05-27","Referral","Campaign 1363","41500","21363","2363","463","23","54349","-26282.28"
"MC001364","2026-05-28","Organic Search","Campaign 1364","42000","21364","2364","464","24","56736","-26113.92"
"MC001365","2026-05-29","Google Ads","Campaign 1365","42500","21365","2365","465","25","59125","-25945"
"MC001366","2026-05-30","Instagram","Campaign 1366","43000","21366","2366","466","26","61516","-25775.519999999997"
"MC001367","2026-05-31","Email","Campaign 1367","43500","21367","2367","467","27","63909","-25605.48"
"MC001368","2026-06-01","Referral","Campaign 1368","44000","21368","2368","468","28","66304","-25434.879999999997"
"MC001369","2026-06-02","Organic Search","Campaign 1369","44500","21369","2369","469","29","68701","-25263.719999999998"
"MC001370","2026-06-03","Google Ads","Campaign 1370","45000","21370","2370","470","30","71100","-25091.999999999996"
"MC001371","2026-06-04","Instagram","Campaign 1371","45500","21371","2371","471","31","73501","-24919.719999999998"
"MC001372","2026-06-05","Email","Campaign 1372","46000","21372","2372","472","32","75904","-24746.879999999997"
"MC001373","2026-06-06","Referral","Campaign 1373","46500","21373","2373","473","33","78309","-24573.48"
"MC001374","2026-06-07","Organic Search","Campaign 1374","47000","21374","2374","474","34","80716","-24399.519999999997"
"MC001375","2026-06-08","Google Ads","Campaign 1375","47500","21375","2375","475","35","83125","-24224.999999999996"
"MC001376","2026-06-09","Instagram","Campaign 1376","48000","21376","2376","476","36","85536","-24049.92"
"MC001377","2026-06-10","Email","Campaign 1377","48500","21377","2377","477","37","87949","-23874.28"
"MC001378","2026-06-11","Referral","Campaign 1378","49000","21378","2378","478","38","90364","-23698.079999999998"
"MC001379","2026-06-12","Organic Search","Campaign 1379","49500","21379","2379","479","39","92781","-23521.319999999996"
"MC001380","2026-06-13","Google Ads","Campaign 1380","50000","21380","2380","480","40","95200","-23343.999999999996"
"MC001381","2026-06-14","Instagram","Campaign 1381","50500","21381","2381","481","41","97621","-23166.12"
"MC001382","2026-06-15","Email","Campaign 1382","51000","21382","2382","482","42","100044","-22987.679999999997"
"MC001383","2026-06-16","Referral","Campaign 1383","51500","21383","2383","483","43","102469","-22808.679999999997"
"MC001384","2026-06-17","Organic Search","Campaign 1384","52000","21384","2384","484","44","104896","-22629.12"
"MC001385","2026-06-18","Google Ads","Campaign 1385","52500","21385","2385","485","45","107325","-22448.999999999996"
"MC001386","2026-06-19","Instagram","Campaign 1386","53000","21386","2386","486","46","109756","-22268.319999999996"
"MC001387","2026-06-20","Email","Campaign 1387","53500","21387","2387","487","47","112189","-22087.079999999998"
"MC001388","2026-06-21","Referral","Campaign 1388","54000","21388","2388","488","48","114624","-21905.279999999995"
"MC001389","2026-06-22","Organic Search","Campaign 1389","54500","21389","2389","489","49","117061","-21722.92"
"MC001390","2026-06-23","Google Ads","Campaign 1390","55000","21390","2390","490","50","119500","-21540"
"MC001391","2026-06-24","Instagram","Campaign 1391","55500","21391","2391","491","51","121941","-21356.519999999997"
"MC001392","2026-06-25","Email","Campaign 1392","56000","21392","2392","492","52","124384","-21172.479999999996"
"MC001393","2026-06-26","Referral","Campaign 1393","56500","21393","2393","493","53","126829","-20987.879999999997"
"MC001394","2026-06-27","Organic Search","Campaign 1394","57000","21394","2394","494","54","129276","-20802.719999999994"
"MC001395","2026-06-28","Google Ads","Campaign 1395","57500","21395","2395","495","55","131725","-20617"
"MC001396","2026-06-29","Instagram","Campaign 1396","58000","21396","2396","496","56","134176","-20430.719999999994"
"MC001397","2026-06-30","Email","Campaign 1397","58500","21397","2397","497","57","136629","-20243.879999999997"
"MC001398","2026-07-01","Referral","Campaign 1398","59000","21398","2398","498","58","139084","-20056.479999999996"
"MC001399","2026-07-02","Organic Search","Campaign 1399","59500","21399","2399","499","59","141541","-19868.519999999997"
"MC001400","2026-07-03","Google Ads","Campaign 1400","10000","21400","2400","500","60","144000","30320.000000000007"
"MC001401","2026-07-04","Instagram","Campaign 1401","10500","21401","2401","501","61","146461","30509.08"
"MC001402","2026-07-05","Email","Campaign 1402","11000","21402","2402","502","62","148924","30698.72"
"MC001403","2026-07-06","Referral","Campaign 1403","11500","21403","2403","503","63","151389","30888.920000000006"
"MC001404","2026-07-07","Organic Search","Campaign 1404","12000","21404","2404","504","64","153856","31079.680000000008"
"MC001405","2026-07-08","Google Ads","Campaign 1405","12500","21405","2405","505","65","156325","31271.000000000007"
"MC001406","2026-07-09","Instagram","Campaign 1406","13000","21406","2406","506","66","158796","31462.880000000005"
"MC001407","2026-07-10","Email","Campaign 1407","13500","21407","2407","507","67","161269","31655.320000000007"
"MC001408","2026-07-11","Referral","Campaign 1408","14000","21408","2408","508","68","163744","31848.320000000007"
"MC001409","2026-07-12","Organic Search","Campaign 1409","14500","21409","2409","509","69","166221","32041.880000000005"
"MC001410","2026-07-13","Google Ads","Campaign 1410","15000","21410","2410","510","70","168700","32236.000000000007"
"MC001411","2026-07-14","Instagram","Campaign 1411","15500","21411","2411","511","71","171181","32430.680000000008"
"MC001412","2026-07-15","Email","Campaign 1412","16000","21412","2412","512","72","173664","32625.920000000006"
"MC001413","2026-07-16","Referral","Campaign 1413","16500","21413","2413","513","73","176149","32821.72"
"MC001414","2026-07-17","Organic Search","Campaign 1414","17000","21414","2414","514","74","178636","33018.08"
"MC001415","2026-07-18","Google Ads","Campaign 1415","17500","21415","2415","515","75","181125","33215.00000000001"
"MC001416","2026-07-19","Instagram","Campaign 1416","18000","21416","2416","516","76","183616","33412.48"
"MC001417","2026-07-20","Email","Campaign 1417","18500","21417","2417","517","77","186109","33610.520000000004"
"MC001418","2026-07-21","Referral","Campaign 1418","19000","21418","2418","518","78","188604","33809.12"
"MC001419","2026-07-22","Organic Search","Campaign 1419","19500","21419","2419","519","79","191101","34008.280000000006"
"MC001420","2026-07-23","Google Ads","Campaign 1420","20000","21420","2420","520","80","193600","34208.00000000001"
"MC001421","2026-07-24","Instagram","Campaign 1421","20500","21421","2421","521","81","196101","34408.280000000006"
"MC001422","2026-07-25","Email","Campaign 1422","21000","21422","2422","522","82","198604","34609.12"
"MC001423","2026-07-26","Referral","Campaign 1423","21500","21423","2423","523","83","201109","34810.520000000004"
"MC001424","2026-07-27","Organic Search","Campaign 1424","22000","21424","2424","524","84","203616","35012.48"
"MC001425","2026-07-28","Google Ads","Campaign 1425","22500","21425","2425","525","85","206125","35215.00000000001"
"MC001426","2026-07-29","Instagram","Campaign 1426","23000","21426","2426","526","86","208636","35418.08000000001"
"MC001427","2026-07-30","Email","Campaign 1427","23500","21427","2427","527","87","211149","35621.72000000001"
"MC001428","2026-07-31","Referral","Campaign 1428","24000","21428","2428","528","88","213664","35825.920000000006"
"MC001429","2026-08-01","Organic Search","Campaign 1429","24500","21429","2429","529","89","216181","36030.68000000001"
"MC001430","2026-08-02","Google Ads","Campaign 1430","25000","21430","2430","530","90","218700","36236.00000000001"
"MC001431","2026-08-03","Instagram","Campaign 1431","25500","21431","2431","531","91","221221","36441.880000000005"
"MC001432","2026-08-04","Email","Campaign 1432","26000","21432","2432","532","92","223744","36648.32000000001"
"MC001433","2026-08-05","Referral","Campaign 1433","26500","21433","2433","533","93","226269","36855.32000000001"
"MC001434","2026-08-06","Organic Search","Campaign 1434","27000","21434","2434","534","94","228796","37062.880000000005"
"MC001435","2026-08-07","Google Ads","Campaign 1435","27500","21435","2435","535","95","231325","37271.00000000001"
"MC001436","2026-08-08","Instagram","Campaign 1436","28000","21436","2436","536","96","233856","37479.68000000001"
"MC001437","2026-08-09","Email","Campaign 1437","28500","21437","2437","537","97","236389","37688.92000000001"
"MC001438","2026-08-10","Referral","Campaign 1438","29000","21438","2438","538","98","238924","37898.72"
"MC001439","2026-08-11","Organic Search","Campaign 1439","29500","21439","2439","539","99","241461","38109.08"
"MC001440","2026-08-12","Google Ads","Campaign 1440","30000","21440","2440","540","10","24400","-23168"
"MC001441","2026-08-13","Instagram","Campaign 1441","30500","21441","2441","541","11","26851","-22981.72"
"MC001442","2026-08-14","Email","Campaign 1442","31000","21442","2442","542","12","29304","-22794.879999999997"
"MC001443","2026-08-15","Referral","Campaign 1443","31500","21443","2443","543","13","31759","-22607.48"
"MC001444","2026-08-16","Organic Search","Campaign 1444","32000","21444","2444","544","14","34216","-22419.519999999997"
"MC001445","2026-08-17","Google Ads","Campaign 1445","32500","21445","2445","545","15","36675","-22231"
"MC001446","2026-08-18","Instagram","Campaign 1446","33000","21446","2446","546","16","39136","-22041.92"
"MC001447","2026-08-19","Email","Campaign 1447","33500","21447","2447","547","17","41599","-21852.28"
"MC001448","2026-08-20","Referral","Campaign 1448","34000","21448","2448","548","18","44064","-21662.079999999998"
"MC001449","2026-08-21","Organic Search","Campaign 1449","34500","21449","2449","549","19","46531","-21471.32"
"MC001450","2026-08-22","Google Ads","Campaign 1450","35000","21450","2450","550","20","49000","-21280"
"MC001451","2026-08-23","Instagram","Campaign 1451","35500","21451","2451","551","21","51471","-21088.12"
"MC001452","2026-08-24","Email","Campaign 1452","36000","21452","2452","552","22","53944","-20895.68"
"MC001453","2026-08-25","Referral","Campaign 1453","36500","21453","2453","553","23","56419","-20702.68"
"MC001454","2026-08-26","Organic Search","Campaign 1454","37000","21454","2454","554","24","58896","-20509.12"
"MC001455","2026-08-27","Google Ads","Campaign 1455","37500","21455","2455","555","25","61375","-20315"
"MC001456","2026-08-28","Instagram","Campaign 1456","38000","21456","2456","556","26","63856","-20120.32"
"MC001457","2026-08-29","Email","Campaign 1457","38500","21457","2457","557","27","66339","-19925.079999999998"
"MC001458","2026-08-30","Referral","Campaign 1458","39000","21458","2458","558","28","68824","-19729.28"
"MC001459","2026-08-31","Organic Search","Campaign 1459","39500","21459","2459","559","29","71311","-19532.92"
"MC001460","2025-09-01","Google Ads","Campaign 1460","40000","21460","2460","560","30","73800","-19335.999999999996"
"MC001461","2025-09-02","Instagram","Campaign 1461","40500","21461","2461","561","31","76291","-19138.519999999997"
"MC001462","2025-09-03","Email","Campaign 1462","41000","21462","2462","562","32","78784","-18940.48"
"MC001463","2025-09-04","Referral","Campaign 1463","41500","21463","2463","563","33","81279","-18741.879999999997"
"MC001464","2025-09-05","Organic Search","Campaign 1464","42000","21464","2464","564","34","83776","-18542.719999999998"
"MC001465","2025-09-06","Google Ads","Campaign 1465","42500","21465","2465","565","35","86275","-18342.999999999996"
"MC001466","2025-09-07","Instagram","Campaign 1466","43000","21466","2466","566","36","88776","-18142.719999999998"
"MC001467","2025-09-08","Email","Campaign 1467","43500","21467","2467","567","37","91279","-17941.879999999997"
"MC001468","2025-09-09","Referral","Campaign 1468","44000","21468","2468","568","38","93784","-17740.479999999996"
"MC001469","2025-09-10","Organic Search","Campaign 1469","44500","21469","2469","569","39","96291","-17538.519999999997"
"MC001470","2025-09-11","Google Ads","Campaign 1470","45000","21470","2470","570","40","98800","-17335.999999999996"
"MC001471","2025-09-12","Instagram","Campaign 1471","45500","21471","2471","571","41","101311","-17132.92"
"MC001472","2025-09-13","Email","Campaign 1472","46000","21472","2472","572","42","103824","-16929.28"
"MC001473","2025-09-14","Referral","Campaign 1473","46500","21473","2473","573","43","106339","-16725.079999999998"
"MC001474","2025-09-15","Organic Search","Campaign 1474","47000","21474","2474","574","44","108856","-16520.319999999996"
"MC001475","2025-09-16","Google Ads","Campaign 1475","47500","21475","2475","575","45","111375","-16314.999999999996"
"MC001476","2025-09-17","Instagram","Campaign 1476","48000","21476","2476","576","46","113896","-16109.119999999995"
"MC001477","2025-09-18","Email","Campaign 1477","48500","21477","2477","577","47","116419","-15902.679999999997"
"MC001478","2025-09-19","Referral","Campaign 1478","49000","21478","2478","578","48","118944","-15695.68"
"MC001479","2025-09-20","Organic Search","Campaign 1479","49500","21479","2479","579","49","121471","-15488.119999999995"
"MC001480","2025-09-21","Google Ads","Campaign 1480","50000","21480","2480","580","50","124000","-15280"
"MC001481","2025-09-22","Instagram","Campaign 1481","50500","21481","2481","581","51","126531","-15071.32"
"MC001482","2025-09-23","Email","Campaign 1482","51000","21482","2482","582","52","129064","-14862.079999999994"
"MC001483","2025-09-24","Referral","Campaign 1483","51500","21483","2483","583","53","131599","-14652.279999999999"
"MC001484","2025-09-25","Organic Search","Campaign 1484","52000","21484","2484","584","54","134136","-14441.919999999998"
"MC001485","2025-09-26","Google Ads","Campaign 1485","52500","21485","2485","585","55","136675","-14230.999999999993"
"MC001486","2025-09-27","Instagram","Campaign 1486","53000","21486","2486","586","56","139216","-14019.519999999997"
"MC001487","2025-09-28","Email","Campaign 1487","53500","21487","2487","587","57","141759","-13807.479999999996"
"MC001488","2025-09-29","Referral","Campaign 1488","54000","21488","2488","588","58","144304","-13594.879999999997"
"MC001489","2025-09-30","Organic Search","Campaign 1489","54500","21489","2489","589","59","146851","-13381.719999999994"
"MC001490","2025-10-01","Google Ads","Campaign 1490","55000","21490","2490","590","60","149400","-13167.999999999993"
"MC001491","2025-10-02","Instagram","Campaign 1491","55500","21491","2491","591","61","151951","-12953.719999999994"
"MC001492","2025-10-03","Email","Campaign 1492","56000","21492","2492","592","62","154504","-12738.879999999997"
"MC001493","2025-10-04","Referral","Campaign 1493","56500","21493","2493","593","63","157059","-12523.479999999996"
"MC001494","2025-10-05","Organic Search","Campaign 1494","57000","21494","2494","594","64","159616","-12307.519999999997"
"MC001495","2025-10-06","Google Ads","Campaign 1495","57500","21495","2495","595","65","162175","-12090.999999999993"
"MC001496","2025-10-07","Instagram","Campaign 1496","58000","21496","2496","596","66","164736","-11873.919999999998"
"MC001497","2025-10-08","Email","Campaign 1497","58500","21497","2497","597","67","167299","-11656.279999999999"
"MC001498","2025-10-09","Referral","Campaign 1498","59000","21498","2498","598","68","169864","-11438.079999999994"
"MC001499","2025-10-10","Organic Search","Campaign 1499","59500","21499","2499","599","69","172431","-11219.319999999992"
"MC001500","2025-10-11","Google Ads","Campaign 1500","10000","21500","2500","100","70","175000","39000.00000000001"
"MC001501","2025-10-12","Instagram","Campaign 1501","10500","21501","2501","101","71","177571","39219.880000000005"
"MC001502","2025-10-13","Email","Campaign 1502","11000","21502","2502","102","72","180144","39440.32000000001"
"MC001503","2025-10-14","Referral","Campaign 1503","11500","21503","2503","103","73","182719","39661.32000000001"
"MC001504","2025-10-15","Organic Search","Campaign 1504","12000","21504","2504","104","74","185296","39882.880000000005"
"MC001505","2025-10-16","Google Ads","Campaign 1505","12500","21505","2505","105","75","187875","40105.00000000001"
"MC001506","2025-10-17","Instagram","Campaign 1506","13000","21506","2506","106","76","190456","40327.68000000001"
"MC001507","2025-10-18","Email","Campaign 1507","13500","21507","2507","107","77","193039","40550.920000000006"
"MC001508","2025-10-19","Referral","Campaign 1508","14000","21508","2508","108","78","195624","40774.72000000001"
"MC001509","2025-10-20","Organic Search","Campaign 1509","14500","21509","2509","109","79","198211","40999.08"
"MC001510","2025-10-21","Google Ads","Campaign 1510","15000","21510","2510","110","80","200800","41224.00000000001"
"MC001511","2025-10-22","Instagram","Campaign 1511","15500","21511","2511","111","81","203391","41449.48"
"MC001512","2025-10-23","Email","Campaign 1512","16000","21512","2512","112","82","205984","41675.520000000004"
"MC001513","2025-10-24","Referral","Campaign 1513","16500","21513","2513","113","83","208579","41902.12"
"MC001514","2025-10-25","Organic Search","Campaign 1514","17000","21514","2514","114","84","211176","42129.280000000006"
"MC001515","2025-10-26","Google Ads","Campaign 1515","17500","21515","2515","115","85","213775","42357.00000000001"
"MC001516","2025-10-27","Instagram","Campaign 1516","18000","21516","2516","116","86","216376","42585.280000000006"
"MC001517","2025-10-28","Email","Campaign 1517","18500","21517","2517","117","87","218979","42814.12"
"MC001518","2025-10-29","Referral","Campaign 1518","19000","21518","2518","118","88","221584","43043.520000000004"
"MC001519","2025-10-30","Organic Search","Campaign 1519","19500","21519","2519","119","89","224191","43273.48"
"MC001520","2025-10-31","Google Ads","Campaign 1520","20000","21520","2520","120","90","226800","43504.00000000001"
"MC001521","2025-11-01","Instagram","Campaign 1521","20500","21521","2521","121","91","229411","43735.08000000001"
"MC001522","2025-11-02","Email","Campaign 1522","21000","21522","2522","122","92","232024","43966.72000000001"
"MC001523","2025-11-03","Referral","Campaign 1523","21500","21523","2523","123","93","234639","44198.92000000001"
"MC001524","2025-11-04","Organic Search","Campaign 1524","22000","21524","2524","124","94","237256","44431.68000000001"
"MC001525","2025-11-05","Google Ads","Campaign 1525","22500","21525","2525","125","95","239875","44665"
"MC001526","2025-11-06","Instagram","Campaign 1526","23000","21526","2526","126","96","242496","44898.880000000005"
"MC001527","2025-11-07","Email","Campaign 1527","23500","21527","2527","127","97","245119","45133.32000000001"
"MC001528","2025-11-08","Referral","Campaign 1528","24000","21528","2528","128","98","247744","45368.32000000001"
"MC001529","2025-11-09","Organic Search","Campaign 1529","24500","21529","2529","129","99","250371","45603.880000000005"
"MC001530","2025-11-10","Google Ads","Campaign 1530","25000","21530","2530","130","10","25300","-17916"
"MC001531","2025-11-11","Instagram","Campaign 1531","25500","21531","2531","131","11","27841","-17704.52"
"MC001532","2025-11-12","Email","Campaign 1532","26000","21532","2532","132","12","30384","-17492.48"
"MC001533","2025-11-13","Referral","Campaign 1533","26500","21533","2533","133","13","32929","-17279.879999999997"
"MC001534","2025-11-14","Organic Search","Campaign 1534","27000","21534","2534","134","14","35476","-17066.72"
"MC001535","2025-11-15","Google Ads","Campaign 1535","27500","21535","2535","135","15","38025","-16853"
"MC001536","2025-11-16","Instagram","Campaign 1536","28000","21536","2536","136","16","40576","-16638.72"
"MC001537","2025-11-17","Email","Campaign 1537","28500","21537","2537","137","17","43129","-16423.879999999997"
"MC001538","2025-11-18","Referral","Campaign 1538","29000","21538","2538","138","18","45684","-16208.48"
"MC001539","2025-11-19","Organic Search","Campaign 1539","29500","21539","2539","139","19","48241","-15992.519999999999"
"MC001540","2025-11-20","Google Ads","Campaign 1540","30000","21540","2540","140","20","50800","-15775.999999999998"
"MC001541","2025-11-21","Instagram","Campaign 1541","30500","21541","2541","141","21","53361","-15558.919999999998"
"MC001542","2025-11-22","Email","Campaign 1542","31000","21542","2542","142","22","55924","-15341.279999999999"
"MC001543","2025-11-23","Referral","Campaign 1543","31500","21543","2543","143","23","58489","-15123.079999999998"
"MC001544","2025-11-24","Organic Search","Campaign 1544","32000","21544","2544","144","24","61056","-14904.32"
"MC001545","2025-11-25","Google Ads","Campaign 1545","32500","21545","2545","145","25","63625","-14685"
"MC001546","2025-11-26","Instagram","Campaign 1546","33000","21546","2546","146","26","66196","-14465.119999999999"
"MC001547","2025-11-27","Email","Campaign 1547","33500","21547","2547","147","27","68769","-14244.679999999997"
"MC001548","2025-11-28","Referral","Campaign 1548","34000","21548","2548","148","28","71344","-14023.679999999997"
"MC001549","2025-11-29","Organic Search","Campaign 1549","34500","21549","2549","149","29","73921","-13802.119999999999"
"MC001550","2025-11-30","Google Ads","Campaign 1550","35000","21550","2550","150","30","76500","-13579.999999999996"
"MC001551","2025-12-01","Instagram","Campaign 1551","35500","21551","2551","151","31","79081","-13357.32"
"MC001552","2025-12-02","Email","Campaign 1552","36000","21552","2552","152","32","81664","-13134.079999999998"
"MC001553","2025-12-03","Referral","Campaign 1553","36500","21553","2553","153","33","84249","-12910.279999999999"
"MC001554","2025-12-04","Organic Search","Campaign 1554","37000","21554","2554","154","34","86836","-12685.919999999998"
"MC001555","2025-12-05","Google Ads","Campaign 1555","37500","21555","2555","155","35","89425","-12460.999999999996"
"MC001556","2025-12-06","Instagram","Campaign 1556","38000","21556","2556","156","36","92016","-12235.519999999997"
"MC001557","2025-12-07","Email","Campaign 1557","38500","21557","2557","157","37","94609","-12009.479999999996"
"MC001558","2025-12-08","Referral","Campaign 1558","39000","21558","2558","158","38","97204","-11782.879999999997"
"MC001559","2025-12-09","Organic Search","Campaign 1559","39500","21559","2559","159","39","99801","-11555.719999999998"
"MC001560","2025-12-10","Google Ads","Campaign 1560","40000","21560","2560","160","40","102400","-11327.999999999996"
"MC001561","2025-12-11","Instagram","Campaign 1561","40500","21561","2561","161","41","105001","-11099.719999999998"
"MC001562","2025-12-12","Email","Campaign 1562","41000","21562","2562","162","42","107604","-10870.879999999997"
"MC001563","2025-12-13","Referral","Campaign 1563","41500","21563","2563","163","43","110209","-10641.479999999996"
"MC001564","2025-12-14","Organic Search","Campaign 1564","42000","21564","2564","164","44","112816","-10411.519999999997"
"MC001565","2025-12-15","Google Ads","Campaign 1565","42500","21565","2565","165","45","115425","-10180.999999999996"
"MC001566","2025-12-16","Instagram","Campaign 1566","43000","21566","2566","166","46","118036","-9949.919999999998"
"MC001567","2025-12-17","Email","Campaign 1567","43500","21567","2567","167","47","120649","-9718.279999999999"
"MC001568","2025-12-18","Referral","Campaign 1568","44000","21568","2568","168","48","123264","-9486.079999999994"
"MC001569","2025-12-19","Organic Search","Campaign 1569","44500","21569","2569","169","49","125881","-9253.32"
"MC001570","2025-12-20","Google Ads","Campaign 1570","45000","21570","2570","170","50","128500","-9020"
"MC001571","2025-12-21","Instagram","Campaign 1571","45500","21571","2571","171","51","131121","-8786.119999999995"
"MC001572","2025-12-22","Email","Campaign 1572","46000","21572","2572","172","52","133744","-8551.679999999993"
"MC001573","2025-12-23","Referral","Campaign 1573","46500","21573","2573","173","53","136369","-8316.679999999993"
"MC001574","2025-12-24","Organic Search","Campaign 1574","47000","21574","2574","174","54","138996","-8081.119999999995"
"MC001575","2025-12-25","Google Ads","Campaign 1575","47500","21575","2575","175","55","141625","-7844.999999999993"
"MC001576","2025-12-26","Instagram","Campaign 1576","48000","21576","2576","176","56","144256","-7608.32"
"MC001577","2025-12-27","Email","Campaign 1577","48500","21577","2577","177","57","146889","-7371.0799999999945"
"MC001578","2025-12-28","Referral","Campaign 1578","49000","21578","2578","178","58","149524","-7133.279999999999"
"MC001579","2025-12-29","Organic Search","Campaign 1579","49500","21579","2579","179","59","152161","-6894.919999999998"
"MC001580","2025-12-30","Google Ads","Campaign 1580","50000","21580","2580","180","60","154800","-6655.999999999993"
"MC001581","2025-12-31","Instagram","Campaign 1581","50500","21581","2581","181","61","157441","-6416.519999999997"
"MC001582","2026-01-01","Email","Campaign 1582","51000","21582","2582","182","62","160084","-6176.479999999996"
"MC001583","2026-01-02","Referral","Campaign 1583","51500","21583","2583","183","63","162729","-5935.879999999997"
"MC001584","2026-01-03","Organic Search","Campaign 1584","52000","21584","2584","184","64","165376","-5694.719999999994"
"MC001585","2026-01-04","Google Ads","Campaign 1585","52500","21585","2585","185","65","168025","-5452.999999999993"
"MC001586","2026-01-05","Instagram","Campaign 1586","53000","21586","2586","186","66","170676","-5210.719999999994"
"MC001587","2026-01-06","Email","Campaign 1587","53500","21587","2587","187","67","173329","-4967.879999999997"
"MC001588","2026-01-07","Referral","Campaign 1588","54000","21588","2588","188","68","175984","-4724.479999999996"
"MC001589","2026-01-08","Organic Search","Campaign 1589","54500","21589","2589","189","69","178641","-4480.519999999997"
"MC001590","2026-01-09","Google Ads","Campaign 1590","55000","21590","2590","190","70","181300","-4235.999999999993"
"MC001591","2026-01-10","Instagram","Campaign 1591","55500","21591","2591","191","71","183961","-3990.9199999999983"
"MC001592","2026-01-11","Email","Campaign 1592","56000","21592","2592","192","72","186624","-3745.2799999999916"
"MC001593","2026-01-12","Referral","Campaign 1593","56500","21593","2593","193","73","189289","-3499.0799999999945"
"MC001594","2026-01-13","Organic Search","Campaign 1594","57000","21594","2594","194","74","191956","-3252.3199999999924"
"MC001595","2026-01-14","Google Ads","Campaign 1595","57500","21595","2595","195","75","194625","-3004.9999999999927"
"MC001596","2026-01-15","Instagram","Campaign 1596","58000","21596","2596","196","76","197296","-2757.1199999999953"
"MC001597","2026-01-16","Email","Campaign 1597","58500","21597","2597","197","77","199969","-2508.679999999993"
"MC001598","2026-01-17","Referral","Campaign 1598","59000","21598","2598","198","78","202644","-2259.679999999993"
"MC001599","2026-01-18","Organic Search","Campaign 1599","59500","21599","2599","199","79","205321","-2010.1199999999953"
"MC001600","2026-01-19","Google Ads","Campaign 1600","10000","21600","2600","200","80","208000","48240.00000000001"
"MC001601","2026-01-20","Instagram","Campaign 1601","10500","21601","2601","201","81","210681","48490.68000000001"
"MC001602","2026-01-21","Email","Campaign 1602","11000","21602","2602","202","82","213364","48741.920000000006"
"MC001603","2026-01-22","Referral","Campaign 1603","11500","21603","2603","203","83","216049","48993.72000000001"
"MC001604","2026-01-23","Organic Search","Campaign 1604","12000","21604","2604","204","84","218736","49246.08000000001"
"MC001605","2026-01-24","Google Ads","Campaign 1605","12500","21605","2605","205","85","221425","49499.00000000001"
"MC001606","2026-01-25","Instagram","Campaign 1606","13000","21606","2606","206","86","224116","49752.48"
"MC001607","2026-01-26","Email","Campaign 1607","13500","21607","2607","207","87","226809","50006.520000000004"
"MC001608","2026-01-27","Referral","Campaign 1608","14000","21608","2608","208","88","229504","50261.12"
"MC001609","2026-01-28","Organic Search","Campaign 1609","14500","21609","2609","209","89","232201","50516.280000000006"
"MC001610","2026-01-29","Google Ads","Campaign 1610","15000","21610","2610","210","90","234900","50772"
"MC001611","2026-01-30","Instagram","Campaign 1611","15500","21611","2611","211","91","237601","51028.28000000001"
"MC001612","2026-01-31","Email","Campaign 1612","16000","21612","2612","212","92","240304","51285.12000000001"
"MC001613","2026-02-01","Referral","Campaign 1613","16500","21613","2613","213","93","243009","51542.520000000004"
"MC001614","2026-02-02","Organic Search","Campaign 1614","17000","21614","2614","214","94","245716","51800.48000000001"
"MC001615","2026-02-03","Google Ads","Campaign 1615","17500","21615","2615","215","95","248425","52059"
"MC001616","2026-02-04","Instagram","Campaign 1616","18000","21616","2616","216","96","251136","52318.08"
"MC001617","2026-02-05","Email","Campaign 1617","18500","21617","2617","217","97","253849","52577.72"
"MC001618","2026-02-06","Referral","Campaign 1618","19000","21618","2618","218","98","256564","52837.92000000001"
"MC001619","2026-02-07","Organic Search","Campaign 1619","19500","21619","2619","219","99","259281","53098.68000000001"
"MC001620","2026-02-08","Google Ads","Campaign 1620","20000","21620","2620","220","10","26200","-12664"
"MC001621","2026-02-09","Instagram","Campaign 1621","20500","21621","2621","221","11","28831","-12427.32"
"MC001622","2026-02-10","Email","Campaign 1622","21000","21622","2622","222","12","31464","-12190.08"
"MC001623","2026-02-11","Referral","Campaign 1623","21500","21623","2623","223","13","34099","-11952.279999999999"
"MC001624","2026-02-12","Organic Search","Campaign 1624","22000","21624","2624","224","14","36736","-11713.919999999998"
"MC001625","2026-02-13","Google Ads","Campaign 1625","22500","21625","2625","225","15","39375","-11474.999999999998"
"MC001626","2026-02-14","Instagram","Campaign 1626","23000","21626","2626","226","16","42016","-11235.519999999999"
"MC001627","2026-02-15","Email","Campaign 1627","23500","21627","2627","227","17","44659","-10995.48"
"MC001628","2026-02-16","Referral","Campaign 1628","24000","21628","2628","228","18","47304","-10754.88"
"MC001629","2026-02-17","Organic Search","Campaign 1629","24500","21629","2629","229","19","49951","-10513.72"
"MC001630","2026-02-18","Google Ads","Campaign 1630","25000","21630","2630","230","20","52600","-10271.999999999998"
"MC001631","2026-02-19","Instagram","Campaign 1631","25500","21631","2631","231","21","55251","-10029.72"
"MC001632","2026-02-20","Email","Campaign 1632","26000","21632","2632","232","22","57904","-9786.88"
"MC001633","2026-02-21","Referral","Campaign 1633","26500","21633","2633","233","23","60559","-9543.48"
"MC001634","2026-02-22","Organic Search","Campaign 1634","27000","21634","2634","234","24","63216","-9299.519999999997"
"MC001635","2026-02-23","Google Ads","Campaign 1635","27500","21635","2635","235","25","65875","-9055"
"MC001636","2026-02-24","Instagram","Campaign 1636","28000","21636","2636","236","26","68536","-8809.919999999998"
"MC001637","2026-02-25","Email","Campaign 1637","28500","21637","2637","237","27","71199","-8564.279999999999"
"MC001638","2026-02-26","Referral","Campaign 1638","29000","21638","2638","238","28","73864","-8318.079999999998"
"MC001639","2026-02-27","Organic Search","Campaign 1639","29500","21639","2639","239","29","76531","-8071.32"
"MC001640","2026-02-28","Google Ads","Campaign 1640","30000","21640","2640","240","30","79200","-7823.999999999996"
"MC001641","2026-03-01","Instagram","Campaign 1641","30500","21641","2641","241","31","81871","-7576.119999999999"
"MC001642","2026-03-02","Email","Campaign 1642","31000","21642","2642","242","32","84544","-7327.679999999997"
"MC001643","2026-03-03","Referral","Campaign 1643","31500","21643","2643","243","33","87219","-7078.679999999997"
"MC001644","2026-03-04","Organic Search","Campaign 1644","32000","21644","2644","244","34","89896","-6829.119999999999"
"MC001645","2026-03-05","Google Ads","Campaign 1645","32500","21645","2645","245","35","92575","-6578.999999999996"
"MC001646","2026-03-06","Instagram","Campaign 1646","33000","21646","2646","246","36","95256","-6328.319999999996"
"MC001647","2026-03-07","Email","Campaign 1647","33500","21647","2647","247","37","97939","-6077.079999999998"
"MC001648","2026-03-08","Referral","Campaign 1648","34000","21648","2648","248","38","100624","-5825.279999999999"
"MC001649","2026-03-09","Organic Search","Campaign 1649","34500","21649","2649","249","39","103311","-5572.919999999998"
"MC001650","2026-03-10","Google Ads","Campaign 1650","35000","21650","2650","250","40","106000","-5319.999999999996"
"MC001651","2026-03-11","Instagram","Campaign 1651","35500","21651","2651","251","41","108691","-5066.519999999997"
"MC001652","2026-03-12","Email","Campaign 1652","36000","21652","2652","252","42","111384","-4812.479999999996"
"MC001653","2026-03-13","Referral","Campaign 1653","36500","21653","2653","253","43","114079","-4557.879999999997"
"MC001654","2026-03-14","Organic Search","Campaign 1654","37000","21654","2654","254","44","116776","-4302.7199999999975"
"MC001655","2026-03-15","Google Ads","Campaign 1655","37500","21655","2655","255","45","119475","-4047"
"MC001656","2026-03-16","Instagram","Campaign 1656","38000","21656","2656","256","46","122176","-3790.719999999994"
"MC001657","2026-03-17","Email","Campaign 1657","38500","21657","2657","257","47","124879","-3533.8799999999974"
"MC001658","2026-03-18","Referral","Campaign 1658","39000","21658","2658","258","48","127584","-3276.479999999996"
"MC001659","2026-03-19","Organic Search","Campaign 1659","39500","21659","2659","259","49","130291","-3018.519999999997"
"MC001660","2026-03-20","Google Ads","Campaign 1660","40000","21660","2660","260","50","133000","-2760"
"MC001661","2026-03-21","Instagram","Campaign 1661","40500","21661","2661","261","51","135711","-2500.9199999999983"
"MC001662","2026-03-22","Email","Campaign 1662","41000","21662","2662","262","52","138424","-2241.279999999999"
"MC001663","2026-03-23","Referral","Campaign 1663","41500","21663","2663","263","53","141139","-1981.0799999999945"
"MC001664","2026-03-24","Organic Search","Campaign 1664","42000","21664","2664","264","54","143856","-1720.3199999999997"
"MC001665","2026-03-25","Google Ads","Campaign 1665","42500","21665","2665","265","55","146575","-1458.9999999999927"
"MC001666","2026-03-26","Instagram","Campaign 1666","43000","21666","2666","266","56","149296","-1197.1199999999953"
"MC001667","2026-03-27","Email","Campaign 1667","43500","21667","2667","267","57","152019","-934.679999999993"
"MC001668","2026-03-28","Referral","Campaign 1668","44000","21668","2668","268","58","154744","-671.679999999993"
"MC001669","2026-03-29","Organic Search","Campaign 1669","44500","21669","2669","269","59","157471","-408.11999999999534"
"MC001670","2026-03-30","Google Ads","Campaign 1670","45000","21670","2670","270","60","160200","-143.99999999999272"
"MC001671","2026-03-31","Instagram","Campaign 1671","45500","21671","2671","271","61","162931","120.68000000000757"
"MC001672","2026-04-01","Email","Campaign 1672","46000","21672","2672","272","62","165664","385.92000000000553"
"MC001673","2026-04-02","Referral","Campaign 1673","46500","21673","2673","273","63","168399","651.7200000000012"
"MC001674","2026-04-03","Organic Search","Campaign 1674","47000","21674","2674","274","64","171136","918.0800000000017"
"MC001675","2026-04-04","Google Ads","Campaign 1675","47500","21675","2675","275","65","173875","1185.0000000000073"
"MC001676","2026-04-05","Instagram","Campaign 1676","48000","21676","2676","276","66","176616","1452.4800000000032"
"MC001677","2026-04-06","Email","Campaign 1677","48500","21677","2677","277","67","179359","1720.520000000004"
"MC001678","2026-04-07","Referral","Campaign 1678","49000","21678","2678","278","68","182104","1989.1200000000026"
"MC001679","2026-04-08","Organic Search","Campaign 1679","49500","21679","2679","279","69","184851","2258.280000000006"
"MC001680","2026-04-09","Google Ads","Campaign 1680","50000","21680","2680","280","70","187600","2528.0000000000073"
"MC001681","2026-04-10","Instagram","Campaign 1681","50500","21681","2681","281","71","190351","2798.280000000006"
"MC001682","2026-04-11","Email","Campaign 1682","51000","21682","2682","282","72","193104","3069.1200000000026"
"MC001683","2026-04-12","Referral","Campaign 1683","51500","21683","2683","283","73","195859","3340.520000000004"
"MC001684","2026-04-13","Organic Search","Campaign 1684","52000","21684","2684","284","74","198616","3612.480000000003"
"MC001685","2026-04-14","Google Ads","Campaign 1685","52500","21685","2685","285","75","201375","3885.0000000000073"
"MC001686","2026-04-15","Instagram","Campaign 1686","53000","21686","2686","286","76","204136","4158.080000000009"
"MC001687","2026-04-16","Email","Campaign 1687","53500","21687","2687","287","77","206899","4431.720000000008"
"MC001688","2026-04-17","Referral","Campaign 1688","54000","21688","2688","288","78","209664","4705.9200000000055"
"MC001689","2026-04-18","Organic Search","Campaign 1689","54500","21689","2689","289","79","212431","4980.680000000008"
"MC001690","2026-04-19","Google Ads","Campaign 1690","55000","21690","2690","290","80","215200","5256.000000000007"
"MC001691","2026-04-20","Instagram","Campaign 1691","55500","21691","2691","291","81","217971","5531.880000000005"
"MC001692","2026-04-21","Email","Campaign 1692","56000","21692","2692","292","82","220744","5808.320000000007"
"MC001693","2026-04-22","Referral","Campaign 1693","56500","21693","2693","293","83","223519","6085.320000000007"
"MC001694","2026-04-23","Organic Search","Campaign 1694","57000","21694","2694","294","84","226296","6362.880000000005"
"MC001695","2026-04-24","Google Ads","Campaign 1695","57500","21695","2695","295","85","229075","6641.000000000007"
"MC001696","2026-04-25","Instagram","Campaign 1696","58000","21696","2696","296","86","231856","6919.680000000008"
"MC001697","2026-04-26","Email","Campaign 1697","58500","21697","2697","297","87","234639","7198.920000000013"
"MC001698","2026-04-27","Referral","Campaign 1698","59000","21698","2698","298","88","237424","7478.720000000001"
"MC001699","2026-04-28","Organic Search","Campaign 1699","59500","21699","2699","299","89","240211","7759.080000000002"
"MC001700","2026-04-29","Google Ads","Campaign 1700","10000","21700","2700","300","90","243000","58040"
"MC001701","2026-04-30","Instagram","Campaign 1701","10500","21701","2701","301","91","245791","58321.48000000001"
"MC001702","2026-05-01","Email","Campaign 1702","11000","21702","2702","302","92","248584","58603.520000000004"
"MC001703","2026-05-02","Referral","Campaign 1703","11500","21703","2703","303","93","251379","58886.12000000001"
"MC001704","2026-05-03","Organic Search","Campaign 1704","12000","21704","2704","304","94","254176","59169.28000000001"
"MC001705","2026-05-04","Google Ads","Campaign 1705","12500","21705","2705","305","95","256975","59453"
"MC001706","2026-05-05","Instagram","Campaign 1706","13000","21706","2706","306","96","259776","59737.28000000001"
"MC001707","2026-05-06","Email","Campaign 1707","13500","21707","2707","307","97","262579","60022.12000000001"
"MC001708","2026-05-07","Referral","Campaign 1708","14000","21708","2708","308","98","265384","60307.520000000004"
"MC001709","2026-05-08","Organic Search","Campaign 1709","14500","21709","2709","309","99","268191","60593.48000000001"
"MC001710","2026-05-09","Google Ads","Campaign 1710","15000","21710","2710","310","10","27100","-7411.999999999999"
"MC001711","2026-05-10","Instagram","Campaign 1711","15500","21711","2711","311","11","29821","-7150.119999999999"
"MC001712","2026-05-11","Email","Campaign 1712","16000","21712","2712","312","12","32544","-6887.6799999999985"
"MC001713","2026-05-12","Referral","Campaign 1713","16500","21713","2713","313","13","35269","-6624.6799999999985"
"MC001714","2026-05-13","Organic Search","Campaign 1714","17000","21714","2714","314","14","37996","-6361.119999999999"
"MC001715","2026-05-14","Google Ads","Campaign 1715","17500","21715","2715","315","15","40725","-6096.999999999998"
"MC001716","2026-05-15","Instagram","Campaign 1716","18000","21716","2716","316","16","43456","-5832.32"
"MC001717","2026-05-16","Email","Campaign 1717","18500","21717","2717","317","17","46189","-5567.079999999998"
"MC001718","2026-05-17","Referral","Campaign 1718","19000","21718","2718","318","18","48924","-5301.279999999999"
"MC001719","2026-05-18","Organic Search","Campaign 1719","19500","21719","2719","319","19","51661","-5034.919999999998"
"MC001720","2026-05-19","Google Ads","Campaign 1720","20000","21720","2720","320","20","54400","-4767.999999999998"
"MC001721","2026-05-20","Instagram","Campaign 1721","20500","21721","2721","321","21","57141","-4500.519999999999"
"MC001722","2026-05-21","Email","Campaign 1722","21000","21722","2722","322","22","59884","-4232.48"
"MC001723","2026-05-22","Referral","Campaign 1723","21500","21723","2723","323","23","62629","-3963.8799999999974"
"MC001724","2026-05-23","Organic Search","Campaign 1724","22000","21724","2724","324","24","65376","-3694.7199999999975"
"MC001725","2026-05-24","Google Ads","Campaign 1725","22500","21725","2725","325","25","68125","-3425"
"MC001726","2026-05-25","Instagram","Campaign 1726","23000","21726","2726","326","26","70876","-3154.7199999999975"
"MC001727","2026-05-26","Email","Campaign 1727","23500","21727","2727","327","27","73629","-2883.8799999999974"
"MC001728","2026-05-27","Referral","Campaign 1728","24000","21728","2728","328","28","76384","-2612.4799999999996"
"MC001729","2026-05-28","Organic Search","Campaign 1729","24500","21729","2729","329","29","79141","-2340.519999999997"
"MC001730","2026-05-29","Google Ads","Campaign 1730","25000","21730","2730","330","30","81900","-2067.9999999999964"
"MC001731","2026-05-30","Instagram","Campaign 1731","25500","21731","2731","331","31","84661","-1794.9199999999983"
"MC001732","2026-05-31","Email","Campaign 1732","26000","21732","2732","332","32","87424","-1521.2799999999988"
"MC001733","2026-06-01","Referral","Campaign 1733","26500","21733","2733","333","33","90189","-1247.079999999998"
"MC001734","2026-06-02","Organic Search","Campaign 1734","27000","21734","2734","334","34","92956","-972.3199999999961"
"MC001735","2026-06-03","Google Ads","Campaign 1735","27500","21735","2735","335","35","95725","-696.9999999999964"
"MC001736","2026-06-04","Instagram","Campaign 1736","28000","21736","2736","336","36","98496","-421.119999999999"
"MC001737","2026-06-05","Email","Campaign 1737","28500","21737","2737","337","37","101269","-144.67999999999665"
"MC001738","2026-06-06","Referral","Campaign 1738","29000","21738","2738","338","38","104044","132.32000000000335"
"MC001739","2026-06-07","Organic Search","Campaign 1739","29500","21739","2739","339","39","106821","409.88000000000466"
"MC001740","2026-06-08","Google Ads","Campaign 1740","30000","21740","2740","340","40","109600","688.0000000000036"
"MC001741","2026-06-09","Instagram","Campaign 1741","30500","21741","2741","341","41","112381","966.6800000000039"
"MC001742","2026-06-10","Email","Campaign 1742","31000","21742","2742","342","42","115164","1245.920000000002"
"MC001743","2026-06-11","Referral","Campaign 1743","31500","21743","2743","343","43","117949","1525.7200000000012"
"MC001744","2026-06-12","Organic Search","Campaign 1744","32000","21744","2744","344","44","120736","1806.0800000000017"
"MC001745","2026-06-13","Google Ads","Campaign 1745","32500","21745","2745","345","45","123525","2087"
"MC001746","2026-06-14","Instagram","Campaign 1746","33000","21746","2746","346","46","126316","2368.480000000003"
"MC001747","2026-06-15","Email","Campaign 1747","33500","21747","2747","347","47","129109","2650.520000000004"
"MC001748","2026-06-16","Referral","Campaign 1748","34000","21748","2748","348","48","131904","2933.1200000000026"
"MC001749","2026-06-17","Organic Search","Campaign 1749","34500","21749","2749","349","49","134701","3216.280000000006"
"MC001750","2026-06-18","Google Ads","Campaign 1750","35000","21750","2750","350","50","137500","3500.0000000000073"
"MC001751","2026-06-19","Instagram","Campaign 1751","35500","21751","2751","351","51","140301","3784.280000000006"
"MC001752","2026-06-20","Email","Campaign 1752","36000","21752","2752","352","52","143104","4069.1200000000026"
"MC001753","2026-06-21","Referral","Campaign 1753","36500","21753","2753","353","53","145909","4354.520000000004"
"MC001754","2026-06-22","Organic Search","Campaign 1754","37000","21754","2754","354","54","148716","4640.480000000003"
"MC001755","2026-06-23","Google Ads","Campaign 1755","37500","21755","2755","355","55","151525","4927.000000000007"
"MC001756","2026-06-24","Instagram","Campaign 1756","38000","21756","2756","356","56","154336","5214.080000000002"
"MC001757","2026-06-25","Email","Campaign 1757","38500","21757","2757","357","57","157149","5501.720000000001"
"MC001758","2026-06-26","Referral","Campaign 1758","39000","21758","2758","358","58","159964","5789.9200000000055"
"MC001759","2026-06-27","Organic Search","Campaign 1759","39500","21759","2759","359","59","162781","6078.680000000008"
"MC001760","2026-06-28","Google Ads","Campaign 1760","40000","21760","2760","360","60","165600","6368.000000000007"
"MC001761","2026-06-29","Instagram","Campaign 1761","40500","21761","2761","361","61","168421","6657.880000000005"
"MC001762","2026-06-30","Email","Campaign 1762","41000","21762","2762","362","62","171244","6948.320000000007"
"MC001763","2026-07-01","Referral","Campaign 1763","41500","21763","2763","363","63","174069","7239.320000000007"
"MC001764","2026-07-02","Organic Search","Campaign 1764","42000","21764","2764","364","64","176896","7530.880000000005"
"MC001765","2026-07-03","Google Ads","Campaign 1765","42500","21765","2765","365","65","179725","7823.000000000007"
"MC001766","2026-07-04","Instagram","Campaign 1766","43000","21766","2766","366","66","182556","8115.680000000008"
"MC001767","2026-07-05","Email","Campaign 1767","43500","21767","2767","367","67","185389","8408.920000000006"
"MC001768","2026-07-06","Referral","Campaign 1768","44000","21768","2768","368","68","188224","8702.720000000008"
"MC001769","2026-07-07","Organic Search","Campaign 1769","44500","21769","2769","369","69","191061","8997.080000000002"
"MC001770","2026-07-08","Google Ads","Campaign 1770","45000","21770","2770","370","70","193900","9292.000000000007"
"MC001771","2026-07-09","Instagram","Campaign 1771","45500","21771","2771","371","71","196741","9587.480000000003"
"MC001772","2026-07-10","Email","Campaign 1772","46000","21772","2772","372","72","199584","9883.520000000004"
"MC001773","2026-07-11","Referral","Campaign 1773","46500","21773","2773","373","73","202429","10180.120000000003"
"MC001774","2026-07-12","Organic Search","Campaign 1774","47000","21774","2774","374","74","205276","10477.280000000006"
"MC001775","2026-07-13","Google Ads","Campaign 1775","47500","21775","2775","375","75","208125","10775.000000000007"
"MC001776","2026-07-14","Instagram","Campaign 1776","48000","21776","2776","376","76","210976","11073.280000000006"
"MC001777","2026-07-15","Email","Campaign 1777","48500","21777","2777","377","77","213829","11372.120000000003"
"MC001778","2026-07-16","Referral","Campaign 1778","49000","21778","2778","378","78","216684","11671.520000000004"
"MC001779","2026-07-17","Organic Search","Campaign 1779","49500","21779","2779","379","79","219541","11971.480000000003"
"MC001780","2026-07-18","Google Ads","Campaign 1780","50000","21780","2780","380","80","222400","12272.000000000007"
"MC001781","2026-07-19","Instagram","Campaign 1781","50500","21781","2781","381","81","225261","12573.080000000009"
"MC001782","2026-07-20","Email","Campaign 1782","51000","21782","2782","382","82","228124","12874.720000000008"
"MC001783","2026-07-21","Referral","Campaign 1783","51500","21783","2783","383","83","230989","13176.920000000006"
"MC001784","2026-07-22","Organic Search","Campaign 1784","52000","21784","2784","384","84","233856","13479.680000000008"
"MC001785","2026-07-23","Google Ads","Campaign 1785","52500","21785","2785","385","85","236725","13783"
"MC001786","2026-07-24","Instagram","Campaign 1786","53000","21786","2786","386","86","239596","14086.880000000005"
"MC001787","2026-07-25","Email","Campaign 1787","53500","21787","2787","387","87","242469","14391.320000000007"
"MC001788","2026-07-26","Referral","Campaign 1788","54000","21788","2788","388","88","245344","14696.320000000007"
"MC001789","2026-07-27","Organic Search","Campaign 1789","54500","21789","2789","389","89","248221","15001.880000000005"
"MC001790","2026-07-28","Google Ads","Campaign 1790","55000","21790","2790","390","90","251100","15308"
"MC001791","2026-07-29","Instagram","Campaign 1791","55500","21791","2791","391","91","253981","15614.680000000008"
"MC001792","2026-07-30","Email","Campaign 1792","56000","21792","2792","392","92","256864","15921.920000000013"
"MC001793","2026-07-31","Referral","Campaign 1793","56500","21793","2793","393","93","259749","16229.720000000001"
"MC001794","2026-08-01","Organic Search","Campaign 1794","57000","21794","2794","394","94","262636","16538.08"
"MC001795","2026-08-02","Google Ads","Campaign 1795","57500","21795","2795","395","95","265525","16847"
"MC001796","2026-08-03","Instagram","Campaign 1796","58000","21796","2796","396","96","268416","17156.48000000001"
"MC001797","2026-08-04","Email","Campaign 1797","58500","21797","2797","397","97","271309","17466.520000000004"
"MC001798","2026-08-05","Referral","Campaign 1798","59000","21798","2798","398","98","274204","17777.12000000001"
"MC001799","2026-08-06","Organic Search","Campaign 1799","59500","21799","2799","399","99","277101","18088.280000000013"
"MC001800","2026-08-07","Google Ads","Campaign 1800","10000","21800","2800","400","10","28000","-2159.999999999999"
"MC001801","2026-08-08","Instagram","Campaign 1801","10500","21801","2801","401","11","30811","-1872.92"
"MC001802","2026-08-09","Email","Campaign 1802","11000","21802","2802","402","12","33624","-1585.2799999999988"
"MC001803","2026-08-10","Referral","Campaign 1803","11500","21803","2803","403","13","36439","-1297.08"
"MC001804","2026-08-11","Organic Search","Campaign 1804","12000","21804","2804","404","14","39256","-1008.3199999999997"
"MC001805","2026-08-12","Google Ads","Campaign 1805","12500","21805","2805","405","15","42075","-718.9999999999982"
"MC001806","2026-08-13","Instagram","Campaign 1806","13000","21806","2806","406","16","44896","-429.119999999999"
"MC001807","2026-08-14","Email","Campaign 1807","13500","21807","2807","407","17","47719","-138.67999999999847"
"MC001808","2026-08-15","Referral","Campaign 1808","14000","21808","2808","408","18","50544","152.32000000000153"
"MC001809","2026-08-16","Organic Search","Campaign 1809","14500","21809","2809","409","19","53371","443.880000000001"
"MC001810","2026-08-17","Google Ads","Campaign 1810","15000","21810","2810","410","20","56200","736.0000000000018"
"MC001811","2026-08-18","Instagram","Campaign 1811","15500","21811","2811","411","21","59031","1028.6800000000003"
"MC001812","2026-08-19","Email","Campaign 1812","16000","21812","2812","412","22","61864","1321.920000000002"
"MC001813","2026-08-20","Referral","Campaign 1813","16500","21813","2813","413","23","64699","1615.7200000000012"
"MC001814","2026-08-21","Organic Search","Campaign 1814","17000","21814","2814","414","24","67536","1910.0800000000017"
"MC001815","2026-08-22","Google Ads","Campaign 1815","17500","21815","2815","415","25","70375","2205.0000000000036"
"MC001816","2026-08-23","Instagram","Campaign 1816","18000","21816","2816","416","26","73216","2500.480000000003"
"MC001817","2026-08-24","Email","Campaign 1817","18500","21817","2817","417","27","76059","2796.5200000000004"
"MC001818","2026-08-25","Referral","Campaign 1818","19000","21818","2818","418","28","78904","3093.1200000000026"
"MC001819","2026-08-26","Organic Search","Campaign 1819","19500","21819","2819","419","29","81751","3390.2800000000025"
"MC001820","2026-08-27","Google Ads","Campaign 1820","20000","21820","2820","420","30","84600","3688.0000000000036"
"MC001821","2026-08-28","Instagram","Campaign 1821","20500","21821","2821","421","31","87451","3986.2800000000025"
"MC001822","2026-08-29","Email","Campaign 1822","21000","21822","2822","422","32","90304","4285.120000000003"
"MC001823","2026-08-30","Referral","Campaign 1823","21500","21823","2823","423","33","93159","4584.520000000004"
"MC001824","2026-08-31","Organic Search","Campaign 1824","22000","21824","2824","424","34","96016","4884.480000000003"
"MC001825","2025-09-01","Google Ads","Campaign 1825","22500","21825","2825","425","35","98875","5185.000000000004"
"MC001826","2025-09-02","Instagram","Campaign 1826","23000","21826","2826","426","36","101736","5486.080000000002"
"MC001827","2025-09-03","Email","Campaign 1827","23500","21827","2827","427","37","104599","5787.720000000001"
"MC001828","2025-09-04","Referral","Campaign 1828","24000","21828","2828","428","38","107464","6089.920000000002"
"MC001829","2025-09-05","Organic Search","Campaign 1829","24500","21829","2829","429","39","110331","6392.680000000004"
"MC001830","2025-09-06","Google Ads","Campaign 1830","25000","21830","2830","430","40","113200","6696.000000000004"
"MC001831","2025-09-07","Instagram","Campaign 1831","25500","21831","2831","431","41","116071","6999.880000000005"
"MC001832","2025-09-08","Email","Campaign 1832","26000","21832","2832","432","42","118944","7304.32"
"MC001833","2025-09-09","Referral","Campaign 1833","26500","21833","2833","433","43","121819","7609.32"
"MC001834","2025-09-10","Organic Search","Campaign 1834","27000","21834","2834","434","44","124696","7914.880000000005"
"MC001835","2025-09-11","Google Ads","Campaign 1835","27500","21835","2835","435","45","127575","8221"
"MC001836","2025-09-12","Instagram","Campaign 1836","28000","21836","2836","436","46","130456","8527.68"
"MC001837","2025-09-13","Email","Campaign 1837","28500","21837","2837","437","47","133339","8834.920000000006"
"MC001838","2025-09-14","Referral","Campaign 1838","29000","21838","2838","438","48","136224","9142.720000000001"
"MC001839","2025-09-15","Organic Search","Campaign 1839","29500","21839","2839","439","49","139111","9451.080000000002"
"MC001840","2025-09-16","Google Ads","Campaign 1840","30000","21840","2840","440","50","142000","9760.000000000007"
"MC001841","2025-09-17","Instagram","Campaign 1841","30500","21841","2841","441","51","144891","10069.480000000003"
"MC001842","2025-09-18","Email","Campaign 1842","31000","21842","2842","442","52","147784","10379.520000000004"
"MC001843","2025-09-19","Referral","Campaign 1843","31500","21843","2843","443","53","150679","10690.120000000003"
"MC001844","2025-09-20","Organic Search","Campaign 1844","32000","21844","2844","444","54","153576","11001.280000000006"
"MC001845","2025-09-21","Google Ads","Campaign 1845","32500","21845","2845","445","55","156475","11313.000000000007"
"MC001846","2025-09-22","Instagram","Campaign 1846","33000","21846","2846","446","56","159376","11625.280000000006"
"MC001847","2025-09-23","Email","Campaign 1847","33500","21847","2847","447","57","162279","11938.120000000003"
"MC001848","2025-09-24","Referral","Campaign 1848","34000","21848","2848","448","58","165184","12251.520000000004"
"MC001849","2025-09-25","Organic Search","Campaign 1849","34500","21849","2849","449","59","168091","12565.480000000003"
"MC001850","2025-09-26","Google Ads","Campaign 1850","35000","21850","2850","450","60","171000","12880.000000000007"
"MC001851","2025-09-27","Instagram","Campaign 1851","35500","21851","2851","451","61","173911","13195.080000000002"
"MC001852","2025-09-28","Email","Campaign 1852","36000","21852","2852","452","62","176824","13510.720000000001"
"MC001853","2025-09-29","Referral","Campaign 1853","36500","21853","2853","453","63","179739","13826.920000000006"
"MC001854","2025-09-30","Organic Search","Campaign 1854","37000","21854","2854","454","64","182656","14143.680000000008"
"MC001855","2025-10-01","Google Ads","Campaign 1855","37500","21855","2855","455","65","185575","14461.000000000007"
"MC001856","2025-10-02","Instagram","Campaign 1856","38000","21856","2856","456","66","188496","14778.880000000005"
"MC001857","2025-10-03","Email","Campaign 1857","38500","21857","2857","457","67","191419","15097.320000000007"
"MC001858","2025-10-04","Referral","Campaign 1858","39000","21858","2858","458","68","194344","15416.320000000007"
"MC001859","2025-10-05","Organic Search","Campaign 1859","39500","21859","2859","459","69","197271","15735.880000000005"
"MC001860","2025-10-06","Google Ads","Campaign 1860","40000","21860","2860","460","70","200200","16056.000000000007"
"MC001861","2025-10-07","Instagram","Campaign 1861","40500","21861","2861","461","71","203131","16376.680000000008"
"MC001862","2025-10-08","Email","Campaign 1862","41000","21862","2862","462","72","206064","16697.920000000006"
"MC001863","2025-10-09","Referral","Campaign 1863","41500","21863","2863","463","73","208999","17019.72000000001"
"MC001864","2025-10-10","Organic Search","Campaign 1864","42000","21864","2864","464","74","211936","17342.08000000001"
"MC001865","2025-10-11","Google Ads","Campaign 1865","42500","21865","2865","465","75","214875","17665.000000000007"
"MC001866","2025-10-12","Instagram","Campaign 1866","43000","21866","2866","466","76","217816","17988.480000000003"
"MC001867","2025-10-13","Email","Campaign 1867","43500","21867","2867","467","77","220759","18312.520000000004"
"MC001868","2025-10-14","Referral","Campaign 1868","44000","21868","2868","468","78","223704","18637.120000000003"
"MC001869","2025-10-15","Organic Search","Campaign 1869","44500","21869","2869","469","79","226651","18962.280000000006"
"MC001870","2025-10-16","Google Ads","Campaign 1870","45000","21870","2870","470","80","229600","19288.000000000007"
"MC001871","2025-10-17","Instagram","Campaign 1871","45500","21871","2871","471","81","232551","19614.280000000006"
"MC001872","2025-10-18","Email","Campaign 1872","46000","21872","2872","472","82","235504","19941.12000000001"
"MC001873","2025-10-19","Referral","Campaign 1873","46500","21873","2873","473","83","238459","20268.520000000004"
"MC001874","2025-10-20","Organic Search","Campaign 1874","47000","21874","2874","474","84","241416","20596.48000000001"
"MC001875","2025-10-21","Google Ads","Campaign 1875","47500","21875","2875","475","85","244375","20925"
"MC001876","2025-10-22","Instagram","Campaign 1876","48000","21876","2876","476","86","247336","21254.08"
"MC001877","2025-10-23","Email","Campaign 1877","48500","21877","2877","477","87","250299","21583.72"
"MC001878","2025-10-24","Referral","Campaign 1878","49000","21878","2878","478","88","253264","21913.920000000013"
"MC001879","2025-10-25","Organic Search","Campaign 1879","49500","21879","2879","479","89","256231","22244.680000000008"
"MC001880","2025-10-26","Google Ads","Campaign 1880","50000","21880","2880","480","90","259200","22576"
"MC001881","2025-10-27","Instagram","Campaign 1881","50500","21881","2881","481","91","262171","22907.880000000005"
"MC001882","2025-10-28","Email","Campaign 1882","51000","21882","2882","482","92","265144","23240.320000000007"
"MC001883","2025-10-29","Referral","Campaign 1883","51500","21883","2883","483","93","268119","23573.320000000007"
"MC001884","2025-10-30","Organic Search","Campaign 1884","52000","21884","2884","484","94","271096","23906.880000000005"
"MC001885","2025-10-31","Google Ads","Campaign 1885","52500","21885","2885","485","95","274075","24241.000000000015"
"MC001886","2025-11-01","Instagram","Campaign 1886","53000","21886","2886","486","96","277056","24575.680000000008"
"MC001887","2025-11-02","Email","Campaign 1887","53500","21887","2887","487","97","280039","24910.920000000013"
"MC001888","2025-11-03","Referral","Campaign 1888","54000","21888","2888","488","98","283024","25246.72"
"MC001889","2025-11-04","Organic Search","Campaign 1889","54500","21889","2889","489","99","286011","25583.08"
"MC001890","2025-11-05","Google Ads","Campaign 1890","55000","21890","2890","490","10","28900","-46908"
"MC001891","2025-11-06","Instagram","Campaign 1891","55500","21891","2891","491","11","31801","-46595.72"
"MC001892","2025-11-07","Email","Campaign 1892","56000","21892","2892","492","12","34704","-46282.88"
"MC001893","2025-11-08","Referral","Campaign 1893","56500","21893","2893","493","13","37609","-45969.479999999996"
"MC001894","2025-11-09","Organic Search","Campaign 1894","57000","21894","2894","494","14","40516","-45655.52"
"MC001895","2025-11-10","Google Ads","Campaign 1895","57500","21895","2895","495","15","43425","-45341"
"MC001896","2025-11-11","Instagram","Campaign 1896","58000","21896","2896","496","16","46336","-45025.92"
"MC001897","2025-11-12","Email","Campaign 1897","58500","21897","2897","497","17","49249","-44710.28"
"MC001898","2025-11-13","Referral","Campaign 1898","59000","21898","2898","498","18","52164","-44394.08"
"MC001899","2025-11-14","Organic Search","Campaign 1899","59500","21899","2899","499","19","55081","-44077.32"
"MC001900","2025-11-15","Google Ads","Campaign 1900","10000","21900","2900","500","20","58000","6240.000000000002"
"MC001901","2025-11-16","Instagram","Campaign 1901","10500","21901","2901","501","21","60921","6557.880000000001"
"MC001902","2025-11-17","Email","Campaign 1902","11000","21902","2902","502","22","63844","6876.320000000003"
"MC001903","2025-11-18","Referral","Campaign 1903","11500","21903","2903","503","23","66769","7195.320000000003"
"MC001904","2025-11-19","Organic Search","Campaign 1904","12000","21904","2904","504","24","69696","7514.880000000001"
"MC001905","2025-11-20","Google Ads","Campaign 1905","12500","21905","2905","505","25","72625","7835.000000000004"
"MC001906","2025-11-21","Instagram","Campaign 1906","13000","21906","2906","506","26","75556","8155.68"
"MC001907","2025-11-22","Email","Campaign 1907","13500","21907","2907","507","27","78489","8476.920000000002"
"MC001908","2025-11-23","Referral","Campaign 1908","14000","21908","2908","508","28","81424","8798.720000000001"
"MC001909","2025-11-24","Organic Search","Campaign 1909","14500","21909","2909","509","29","84361","9121.080000000002"
"MC001910","2025-11-25","Google Ads","Campaign 1910","15000","21910","2910","510","30","87300","9444.000000000004"
"MC001911","2025-11-26","Instagram","Campaign 1911","15500","21911","2911","511","31","90241","9767.480000000003"
"MC001912","2025-11-27","Email","Campaign 1912","16000","21912","2912","512","32","93184","10091.520000000004"
"MC001913","2025-11-28","Referral","Campaign 1913","16500","21913","2913","513","33","96129","10416.120000000003"
"MC001914","2025-11-29","Organic Search","Campaign 1914","17000","21914","2914","514","34","99076","10741.280000000002"
"MC001915","2025-11-30","Google Ads","Campaign 1915","17500","21915","2915","515","35","102025","11067.000000000004"
"MC001916","2025-12-01","Instagram","Campaign 1916","18000","21916","2916","516","36","104976","11393.280000000002"
"MC001917","2025-12-02","Email","Campaign 1917","18500","21917","2917","517","37","107929","11720.120000000003"
"MC001918","2025-12-03","Referral","Campaign 1918","19000","21918","2918","518","38","110884","12047.520000000004"
"MC001919","2025-12-04","Organic Search","Campaign 1919","19500","21919","2919","519","39","113841","12375.480000000003"
"MC001920","2025-12-05","Google Ads","Campaign 1920","20000","21920","2920","520","40","116800","12704.000000000004"
"MC001921","2025-12-06","Instagram","Campaign 1921","20500","21921","2921","521","41","119761","13033.080000000002"
"MC001922","2025-12-07","Email","Campaign 1922","21000","21922","2922","522","42","122724","13362.720000000001"
"MC001923","2025-12-08","Referral","Campaign 1923","21500","21923","2923","523","43","125689","13692.920000000006"
"MC001924","2025-12-09","Organic Search","Campaign 1924","22000","21924","2924","524","44","128656","14023.68"
"MC001925","2025-12-10","Google Ads","Campaign 1925","22500","21925","2925","525","45","131625","14355"
"MC001926","2025-12-11","Instagram","Campaign 1926","23000","21926","2926","526","46","134596","14686.880000000005"
"MC001927","2025-12-12","Email","Campaign 1927","23500","21927","2927","527","47","137569","15019.320000000007"
"MC001928","2025-12-13","Referral","Campaign 1928","24000","21928","2928","528","48","140544","15352.320000000007"
"MC001929","2025-12-14","Organic Search","Campaign 1929","24500","21929","2929","529","49","143521","15685.880000000005"
"MC001930","2025-12-15","Google Ads","Campaign 1930","25000","21930","2930","530","50","146500","16020.000000000007"
"MC001931","2025-12-16","Instagram","Campaign 1931","25500","21931","2931","531","51","149481","16354.680000000008"
"MC001932","2025-12-17","Email","Campaign 1932","26000","21932","2932","532","52","152464","16689.920000000006"
"MC001933","2025-12-18","Referral","Campaign 1933","26500","21933","2933","533","53","155449","17025.72"
"MC001934","2025-12-19","Organic Search","Campaign 1934","27000","21934","2934","534","54","158436","17362.08"
"MC001935","2025-12-20","Google Ads","Campaign 1935","27500","21935","2935","535","55","161425","17699.000000000007"
"MC001936","2025-12-21","Instagram","Campaign 1936","28000","21936","2936","536","56","164416","18036.480000000003"
"MC001937","2025-12-22","Email","Campaign 1937","28500","21937","2937","537","57","167409","18374.520000000004"
"MC001938","2025-12-23","Referral","Campaign 1938","29000","21938","2938","538","58","170404","18713.120000000003"
"MC001939","2025-12-24","Organic Search","Campaign 1939","29500","21939","2939","539","59","173401","19052.280000000006"
"MC001940","2025-12-25","Google Ads","Campaign 1940","30000","21940","2940","540","60","176400","19392.000000000007"
"MC001941","2025-12-26","Instagram","Campaign 1941","30500","21941","2941","541","61","179401","19732.280000000006"
"MC001942","2025-12-27","Email","Campaign 1942","31000","21942","2942","542","62","182404","20073.120000000003"
"MC001943","2025-12-28","Referral","Campaign 1943","31500","21943","2943","543","63","185409","20414.520000000004"
"MC001944","2025-12-29","Organic Search","Campaign 1944","32000","21944","2944","544","64","188416","20756.480000000003"
"MC001945","2025-12-30","Google Ads","Campaign 1945","32500","21945","2945","545","65","191425","21099.000000000007"
"MC001946","2025-12-31","Instagram","Campaign 1946","33000","21946","2946","546","66","194436","21442.08"
"MC001947","2026-01-01","Email","Campaign 1947","33500","21947","2947","547","67","197449","21785.72000000001"
"MC001948","2026-01-02","Referral","Campaign 1948","34000","21948","2948","548","68","200464","22129.920000000006"
"MC001949","2026-01-03","Organic Search","Campaign 1949","34500","21949","2949","549","69","203481","22474.680000000008"
"MC001950","2026-01-04","Google Ads","Campaign 1950","35000","21950","2950","550","70","206500","22820.000000000007"
"MC001951","2026-01-05","Instagram","Campaign 1951","35500","21951","2951","551","71","209521","23165.880000000005"
"MC001952","2026-01-06","Email","Campaign 1952","36000","21952","2952","552","72","212544","23512.320000000007"
"MC001953","2026-01-07","Referral","Campaign 1953","36500","21953","2953","553","73","215569","23859.320000000007"
"MC001954","2026-01-08","Organic Search","Campaign 1954","37000","21954","2954","554","74","218596","24206.880000000005"
"MC001955","2026-01-09","Google Ads","Campaign 1955","37500","21955","2955","555","75","221625","24555.000000000007"
"MC001956","2026-01-10","Instagram","Campaign 1956","38000","21956","2956","556","76","224656","24903.680000000008"
"MC001957","2026-01-11","Email","Campaign 1957","38500","21957","2957","557","77","227689","25252.920000000006"
"MC001958","2026-01-12","Referral","Campaign 1958","39000","21958","2958","558","78","230724","25602.72000000001"
"MC001959","2026-01-13","Organic Search","Campaign 1959","39500","21959","2959","559","79","233761","25953.08000000001"
"MC001960","2026-01-14","Google Ads","Campaign 1960","40000","21960","2960","560","80","236800","26304"
"MC001961","2026-01-15","Instagram","Campaign 1961","40500","21961","2961","561","81","239841","26655.48000000001"
"MC001962","2026-01-16","Email","Campaign 1962","41000","21962","2962","562","82","242884","27007.520000000004"
"MC001963","2026-01-17","Referral","Campaign 1963","41500","21963","2963","563","83","245929","27360.12000000001"
"MC001964","2026-01-18","Organic Search","Campaign 1964","42000","21964","2964","564","84","248976","27713.280000000013"
"MC001965","2026-01-19","Google Ads","Campaign 1965","42500","21965","2965","565","85","252025","28067"
"MC001966","2026-01-20","Instagram","Campaign 1966","43000","21966","2966","566","86","255076","28421.280000000013"
"MC001967","2026-01-21","Email","Campaign 1967","43500","21967","2967","567","87","258129","28776.12000000001"
"MC001968","2026-01-22","Referral","Campaign 1968","44000","21968","2968","568","88","261184","29131.520000000004"
"MC001969","2026-01-23","Organic Search","Campaign 1969","44500","21969","2969","569","89","264241","29487.48000000001"
"MC001970","2026-01-24","Google Ads","Campaign 1970","45000","21970","2970","570","90","267300","29844"
"MC001971","2026-01-25","Instagram","Campaign 1971","45500","21971","2971","571","91","270361","30201.08"
"MC001972","2026-01-26","Email","Campaign 1972","46000","21972","2972","572","92","273424","30558.72"
"MC001973","2026-01-27","Referral","Campaign 1973","46500","21973","2973","573","93","276489","30916.920000000013"
"MC001974","2026-01-28","Organic Search","Campaign 1974","47000","21974","2974","574","94","279556","31275.680000000008"
"MC001975","2026-01-29","Google Ads","Campaign 1975","47500","21975","2975","575","95","282625","31635.000000000015"
"MC001976","2026-01-30","Instagram","Campaign 1976","48000","21976","2976","576","96","285696","31994.880000000005"
"MC001977","2026-01-31","Email","Campaign 1977","48500","21977","2977","577","97","288769","32355.320000000007"
"MC001978","2026-02-01","Referral","Campaign 1978","49000","21978","2978","578","98","291844","32716.320000000007"
"MC001979","2026-02-02","Organic Search","Campaign 1979","49500","21979","2979","579","99","294921","33077.880000000005"
"MC001980","2026-02-03","Google Ads","Campaign 1980","50000","21980","2980","580","10","29800","-41656"
"MC001981","2026-02-04","Instagram","Campaign 1981","50500","21981","2981","581","11","32791","-41318.52"
"MC001982","2026-02-05","Email","Campaign 1982","51000","21982","2982","582","12","35784","-40980.479999999996"
"MC001983","2026-02-06","Referral","Campaign 1983","51500","21983","2983","583","13","38779","-40641.88"
"MC001984","2026-02-07","Organic Search","Campaign 1984","52000","21984","2984","584","14","41776","-40302.72"
"MC001985","2026-02-08","Google Ads","Campaign 1985","52500","21985","2985","585","15","44775","-39963"
"MC001986","2026-02-09","Instagram","Campaign 1986","53000","21986","2986","586","16","47776","-39622.72"
"MC001987","2026-02-10","Email","Campaign 1987","53500","21987","2987","587","17","50779","-39281.88"
"MC001988","2026-02-11","Referral","Campaign 1988","54000","21988","2988","588","18","53784","-38940.479999999996"
"MC001989","2026-02-12","Organic Search","Campaign 1989","54500","21989","2989","589","19","56791","-38598.52"
"MC001990","2026-02-13","Google Ads","Campaign 1990","55000","21990","2990","590","20","59800","-38256"
"MC001991","2026-02-14","Instagram","Campaign 1991","55500","21991","2991","591","21","62811","-37912.92"
"MC001992","2026-02-15","Email","Campaign 1992","56000","21992","2992","592","22","65824","-37569.28"
"MC001993","2026-02-16","Referral","Campaign 1993","56500","21993","2993","593","23","68839","-37225.08"
"MC001994","2026-02-17","Organic Search","Campaign 1994","57000","21994","2994","594","24","71856","-36880.32"
"MC001995","2026-02-18","Google Ads","Campaign 1995","57500","21995","2995","595","25","74875","-36535"
"MC001996","2026-02-19","Instagram","Campaign 1996","58000","21996","2996","596","26","77896","-36189.119999999995"
"MC001997","2026-02-20","Email","Campaign 1997","58500","21997","2997","597","27","80919","-35842.67999999999"
"MC001998","2026-02-21","Referral","Campaign 1998","59000","21998","2998","598","28","83944","-35495.67999999999"
"MC001999","2026-02-22","Organic Search","Campaign 1999","59500","21999","2999","599","29","86971","-35148.119999999995"
"MC002000","2026-02-23","Google Ads","Campaign 2000","10000","22000","3000","100","30","60000","6800"
"MC002001","2026-02-24","Instagram","Campaign 2001","10500","22001","3001","101","31","62031","6868.68"
"MC002002","2026-02-25","Email","Campaign 2002","11000","22002","3002","102","32","64064","6937.920000000002"
"MC002003","2026-02-26","Referral","Campaign 2003","11500","22003","3003","103","33","66099","7007.720000000001"
"MC002004","2026-02-27","Organic Search","Campaign 2004","12000","22004","3004","104","34","68136","7078.080000000002"
"MC002005","2026-02-28","Google Ads","Campaign 2005","12500","22005","3005","105","35","70175","7149.000000000004"
"MC002006","2026-03-01","Instagram","Campaign 2006","13000","22006","3006","106","36","72216","7220.480000000003"
"MC002007","2026-03-02","Email","Campaign 2007","13500","22007","3007","107","37","74259","7292.52"
"MC002008","2026-03-03","Referral","Campaign 2008","14000","22008","3008","108","38","76304","7365.120000000003"
"MC002009","2026-03-04","Organic Search","Campaign 2009","14500","22009","3009","109","39","78351","7438.2800000000025"
"MC002010","2026-03-05","Google Ads","Campaign 2010","15000","22010","3010","110","40","80400","7512.000000000004"
"MC002011","2026-03-06","Instagram","Campaign 2011","15500","22011","3011","111","41","82451","7586.2800000000025"
"MC002012","2026-03-07","Email","Campaign 2012","16000","22012","3012","112","42","84504","7661.120000000003"
"MC002013","2026-03-08","Referral","Campaign 2013","16500","22013","3013","113","43","86559","7736.520000000004"
"MC002014","2026-03-09","Organic Search","Campaign 2014","17000","22014","3014","114","44","88616","7812.480000000003"
"MC002015","2026-03-10","Google Ads","Campaign 2015","17500","22015","3015","115","45","90675","7889.000000000004"
"MC002016","2026-03-11","Instagram","Campaign 2016","18000","22016","3016","116","46","92736","7966.080000000002"
"MC002017","2026-03-12","Email","Campaign 2017","18500","22017","3017","117","47","94799","8043.720000000001"
"MC002018","2026-03-13","Referral","Campaign 2018","19000","22018","3018","118","48","96864","8121.920000000002"
"MC002019","2026-03-14","Organic Search","Campaign 2019","19500","22019","3019","119","49","98931","8200.680000000004"
"MC002020","2026-03-15","Google Ads","Campaign 2020","20000","22020","3020","120","50","101000","8280.000000000004"
"MC002021","2026-03-16","Instagram","Campaign 2021","20500","22021","3021","121","51","103071","8359.880000000001"
"MC002022","2026-03-17","Email","Campaign 2022","21000","22022","3022","122","52","105144","8440.320000000003"
"MC002023","2026-03-18","Referral","Campaign 2023","21500","22023","3023","123","53","107219","8521.320000000003"
"MC002024","2026-03-19","Organic Search","Campaign 2024","22000","22024","3024","124","54","109296","8602.880000000005"
"MC002025","2026-03-20","Google Ads","Campaign 2025","22500","22025","3025","125","55","111375","8685.000000000004"
"MC002026","2026-03-21","Instagram","Campaign 2026","23000","22026","3026","126","56","113456","8767.680000000004"
"MC002027","2026-03-22","Email","Campaign 2027","23500","22027","3027","127","57","115539","8850.920000000002"
"MC002028","2026-03-23","Referral","Campaign 2028","24000","22028","3028","128","58","117624","8934.720000000001"
"MC002029","2026-03-24","Organic Search","Campaign 2029","24500","22029","3029","129","59","119711","9019.080000000002"
"MC002030","2026-03-25","Google Ads","Campaign 2030","25000","22030","3030","130","60","121800","9104"
"MC002031","2026-03-26","Instagram","Campaign 2031","25500","22031","3031","131","61","123891","9189.480000000003"
"MC002032","2026-03-27","Email","Campaign 2032","26000","22032","3032","132","62","125984","9275.520000000004"
"MC002033","2026-03-28","Referral","Campaign 2033","26500","22033","3033","133","63","128079","9362.120000000003"
"MC002034","2026-03-29","Organic Search","Campaign 2034","27000","22034","3034","134","64","130176","9449.280000000006"
"MC002035","2026-03-30","Google Ads","Campaign 2035","27500","22035","3035","135","65","132275","9537"
"MC002036","2026-03-31","Instagram","Campaign 2036","28000","22036","3036","136","66","134376","9625.280000000006"
"MC002037","2026-04-01","Email","Campaign 2037","28500","22037","3037","137","67","136479","9714.120000000003"
"MC002038","2026-04-02","Referral","Campaign 2038","29000","22038","3038","138","68","138584","9803.520000000004"
"MC002039","2026-04-03","Organic Search","Campaign 2039","29500","22039","3039","139","69","140691","9893.480000000003"
"MC002040","2026-04-04","Google Ads","Campaign 2040","30000","22040","3040","140","70","142800","9984.000000000007"
"MC002041","2026-04-05","Instagram","Campaign 2041","30500","22041","3041","141","71","144911","10075.080000000002"
"MC002042","2026-04-06","Email","Campaign 2042","31000","22042","3042","142","72","147024","10166.720000000001"
"MC002043","2026-04-07","Referral","Campaign 2043","31500","22043","3043","143","73","149139","10258.920000000006"
"MC002044","2026-04-08","Organic Search","Campaign 2044","32000","22044","3044","144","74","151256","10351.680000000008"
"MC002045","2026-04-09","Google Ads","Campaign 2045","32500","22045","3045","145","75","153375","10445.000000000007"
"MC002046","2026-04-10","Instagram","Campaign 2046","33000","22046","3046","146","76","155496","10538.880000000005"
"MC002047","2026-04-11","Email","Campaign 2047","33500","22047","3047","147","77","157619","10633.320000000007"
"MC002048","2026-04-12","Referral","Campaign 2048","34000","22048","3048","148","78","159744","10728.320000000007"
"MC002049","2026-04-13","Organic Search","Campaign 2049","34500","22049","3049","149","79","161871","10823.880000000005"
"MC002050","2026-04-14","Google Ads","Campaign 2050","35000","22050","3050","150","80","164000","10920.000000000007"
"MC002051","2026-04-15","Instagram","Campaign 2051","35500","22051","3051","151","81","166131","11016.680000000008"
"MC002052","2026-04-16","Email","Campaign 2052","36000","22052","3052","152","82","168264","11113.920000000006"
"MC002053","2026-04-17","Referral","Campaign 2053","36500","22053","3053","153","83","170399","11211.720000000001"
"MC002054","2026-04-18","Organic Search","Campaign 2054","37000","22054","3054","154","84","172536","11310.080000000002"
"MC002055","2026-04-19","Google Ads","Campaign 2055","37500","22055","3055","155","85","174675","11409.000000000007"
"MC002056","2026-04-20","Instagram","Campaign 2056","38000","22056","3056","156","86","176816","11508.480000000003"
"MC002057","2026-04-21","Email","Campaign 2057","38500","22057","3057","157","87","178959","11608.520000000004"
"MC002058","2026-04-22","Referral","Campaign 2058","39000","22058","3058","158","88","181104","11709.120000000003"
"MC002059","2026-04-23","Organic Search","Campaign 2059","39500","22059","3059","159","89","183251","11810.280000000006"
"MC002060","2026-04-24","Google Ads","Campaign 2060","40000","22060","3060","160","90","185400","11912.000000000007"
"MC002061","2026-04-25","Instagram","Campaign 2061","40500","22061","3061","161","91","187551","12014.280000000006"
"MC002062","2026-04-26","Email","Campaign 2062","41000","22062","3062","162","92","189704","12117.120000000003"
"MC002063","2026-04-27","Referral","Campaign 2063","41500","22063","3063","163","93","191859","12220.520000000004"
"MC002064","2026-04-28","Organic Search","Campaign 2064","42000","22064","3064","164","94","194016","12324.480000000003"
"MC002065","2026-04-29","Google Ads","Campaign 2065","42500","22065","3065","165","95","196175","12429.000000000007"
"MC002066","2026-04-30","Instagram","Campaign 2066","43000","22066","3066","166","96","198336","12534.080000000002"
"MC002067","2026-05-01","Email","Campaign 2067","43500","22067","3067","167","97","200499","12639.720000000008"
"MC002068","2026-05-02","Referral","Campaign 2068","44000","22068","3068","168","98","202664","12745.920000000006"
"MC002069","2026-05-03","Organic Search","Campaign 2069","44500","22069","3069","169","99","204831","12852.680000000008"
"MC002070","2026-05-04","Google Ads","Campaign 2070","45000","22070","3070","170","10","20700","-39204"
"MC002071","2026-05-05","Instagram","Campaign 2071","45500","22071","3071","171","11","22781","-39121.32"
"MC002072","2026-05-06","Email","Campaign 2072","46000","22072","3072","172","12","24864","-39038.08"
"MC002073","2026-05-07","Referral","Campaign 2073","46500","22073","3073","173","13","26949","-38954.28"
"MC002074","2026-05-08","Organic Search","Campaign 2074","47000","22074","3074","174","14","29036","-38869.92"
"MC002075","2026-05-09","Google Ads","Campaign 2075","47500","22075","3075","175","15","31125","-38785"
"MC002076","2026-05-10","Instagram","Campaign 2076","48000","22076","3076","176","16","33216","-38699.52"
"MC002077","2026-05-11","Email","Campaign 2077","48500","22077","3077","177","17","35309","-38613.479999999996"
"MC002078","2026-05-12","Referral","Campaign 2078","49000","22078","3078","178","18","37404","-38526.88"
"MC002079","2026-05-13","Organic Search","Campaign 2079","49500","22079","3079","179","19","39501","-38439.72"
"MC002080","2026-05-14","Google Ads","Campaign 2080","50000","22080","3080","180","20","41600","-38352"
"MC002081","2026-05-15","Instagram","Campaign 2081","50500","22081","3081","181","21","43701","-38263.72"
"MC002082","2026-05-16","Email","Campaign 2082","51000","22082","3082","182","22","45804","-38174.88"
"MC002083","2026-05-17","Referral","Campaign 2083","51500","22083","3083","183","23","47909","-38085.479999999996"
"MC002084","2026-05-18","Organic Search","Campaign 2084","52000","22084","3084","184","24","50016","-37995.52"
"MC002085","2026-05-19","Google Ads","Campaign 2085","52500","22085","3085","185","25","52125","-37905"
"MC002086","2026-05-20","Instagram","Campaign 2086","53000","22086","3086","186","26","54236","-37813.92"
"MC002087","2026-05-21","Email","Campaign 2087","53500","22087","3087","187","27","56349","-37722.28"
"MC002088","2026-05-22","Referral","Campaign 2088","54000","22088","3088","188","28","58464","-37630.08"
"MC002089","2026-05-23","Organic Search","Campaign 2089","54500","22089","3089","189","29","60581","-37537.32"
"MC002090","2026-05-24","Google Ads","Campaign 2090","55000","22090","3090","190","30","62700","-37444"
"MC002091","2026-05-25","Instagram","Campaign 2091","55500","22091","3091","191","31","64821","-37350.119999999995"
"MC002092","2026-05-26","Email","Campaign 2092","56000","22092","3092","192","32","66944","-37255.67999999999"
"MC002093","2026-05-27","Referral","Campaign 2093","56500","22093","3093","193","33","69069","-37160.67999999999"
"MC002094","2026-05-28","Organic Search","Campaign 2094","57000","22094","3094","194","34","71196","-37065.119999999995"
"MC002095","2026-05-29","Google Ads","Campaign 2095","57500","22095","3095","195","35","73325","-36969"
"MC002096","2026-05-30","Instagram","Campaign 2096","58000","22096","3096","196","36","75456","-36872.32"
"MC002097","2026-05-31","Email","Campaign 2097","58500","22097","3097","197","37","77589","-36775.08"
"MC002098","2026-06-01","Referral","Campaign 2098","59000","22098","3098","198","38","79724","-36677.28"
"MC002099","2026-06-02","Organic Search","Campaign 2099","59500","22099","3099","199","39","81861","-36578.92"
"MC002100","2026-06-03","Google Ads","Campaign 2100","10000","22100","3100","200","40","84000","13520.000000000004"
"MC002101","2026-06-04","Instagram","Campaign 2101","10500","22101","3101","201","41","86141","13619.480000000003"
"MC002102","2026-06-05","Email","Campaign 2102","11000","22102","3102","202","42","88284","13719.520000000004"
"MC002103","2026-06-06","Referral","Campaign 2103","11500","22103","3103","203","43","90429","13820.120000000003"
"MC002104","2026-06-07","Organic Search","Campaign 2104","12000","22104","3104","204","44","92576","13921.280000000002"
"MC002105","2026-06-08","Google Ads","Campaign 2105","12500","22105","3105","205","45","94725","14023.000000000004"
"MC002106","2026-06-09","Instagram","Campaign 2106","13000","22106","3106","206","46","96876","14125.280000000002"
"MC002107","2026-06-10","Email","Campaign 2107","13500","22107","3107","207","47","99029","14228.120000000003"
"MC002108","2026-06-11","Referral","Campaign 2108","14000","22108","3108","208","48","101184","14331.520000000004"
"MC002109","2026-06-12","Organic Search","Campaign 2109","14500","22109","3109","209","49","103341","14435.480000000003"
"MC002110","2026-06-13","Google Ads","Campaign 2110","15000","22110","3110","210","50","105500","14540.000000000004"
"MC002111","2026-06-14","Instagram","Campaign 2111","15500","22111","3111","211","51","107661","14645.080000000002"
"MC002112","2026-06-15","Email","Campaign 2112","16000","22112","3112","212","52","109824","14750.720000000001"
"MC002113","2026-06-16","Referral","Campaign 2113","16500","22113","3113","213","53","111989","14856.920000000002"
"MC002114","2026-06-17","Organic Search","Campaign 2114","17000","22114","3114","214","54","114156","14963.680000000004"
"MC002115","2026-06-18","Google Ads","Campaign 2115","17500","22115","3115","215","55","116325","15071.000000000004"
"MC002116","2026-06-19","Instagram","Campaign 2116","18000","22116","3116","216","56","118496","15178.880000000005"
"MC002117","2026-06-20","Email","Campaign 2117","18500","22117","3117","217","57","120669","15287.32"
"MC002118","2026-06-21","Referral","Campaign 2118","19000","22118","3118","218","58","122844","15396.32"
"MC002119","2026-06-22","Organic Search","Campaign 2119","19500","22119","3119","219","59","125021","15505.880000000005"
"MC002120","2026-06-23","Google Ads","Campaign 2120","20000","22120","3120","220","60","127200","15616"
"MC002121","2026-06-24","Instagram","Campaign 2121","20500","22121","3121","221","61","129381","15726.68"
"MC002122","2026-06-25","Email","Campaign 2122","21000","22122","3122","222","62","131564","15837.920000000006"
"MC002123","2026-06-26","Referral","Campaign 2123","21500","22123","3123","223","63","133749","15949.720000000001"
"MC002124","2026-06-27","Organic Search","Campaign 2124","22000","22124","3124","224","64","135936","16062.080000000002"
"MC002125","2026-06-28","Google Ads","Campaign 2125","22500","22125","3125","225","65","138125","16175.000000000007"
"MC002126","2026-06-29","Instagram","Campaign 2126","23000","22126","3126","226","66","140316","16288.480000000003"
"MC002127","2026-06-30","Email","Campaign 2127","23500","22127","3127","227","67","142509","16402.520000000004"
"MC002128","2026-07-01","Referral","Campaign 2128","24000","22128","3128","228","68","144704","16517.120000000003"
"MC002129","2026-07-02","Organic Search","Campaign 2129","24500","22129","3129","229","69","146901","16632.280000000006"
"MC002130","2026-07-03","Google Ads","Campaign 2130","25000","22130","3130","230","70","149100","16748.000000000007"
"MC002131","2026-07-04","Instagram","Campaign 2131","25500","22131","3131","231","71","151301","16864.280000000006"
"MC002132","2026-07-05","Email","Campaign 2132","26000","22132","3132","232","72","153504","16981.120000000003"
"MC002133","2026-07-06","Referral","Campaign 2133","26500","22133","3133","233","73","155709","17098.520000000004"
"MC002134","2026-07-07","Organic Search","Campaign 2134","27000","22134","3134","234","74","157916","17216.480000000003"
"MC002135","2026-07-08","Google Ads","Campaign 2135","27500","22135","3135","235","75","160125","17335.000000000007"
"MC002136","2026-07-09","Instagram","Campaign 2136","28000","22136","3136","236","76","162336","17454.08"
"MC002137","2026-07-10","Email","Campaign 2137","28500","22137","3137","237","77","164549","17573.72"
"MC002138","2026-07-11","Referral","Campaign 2138","29000","22138","3138","238","78","166764","17693.920000000006"
"MC002139","2026-07-12","Organic Search","Campaign 2139","29500","22139","3139","239","79","168981","17814.680000000008"
"MC002140","2026-07-13","Google Ads","Campaign 2140","30000","22140","3140","240","80","171200","17936.000000000007"
"MC002141","2026-07-14","Instagram","Campaign 2141","30500","22141","3141","241","81","173421","18057.880000000005"
"MC002142","2026-07-15","Email","Campaign 2142","31000","22142","3142","242","82","175644","18180.320000000007"
"MC002143","2026-07-16","Referral","Campaign 2143","31500","22143","3143","243","83","177869","18303.320000000007"
"MC002144","2026-07-17","Organic Search","Campaign 2144","32000","22144","3144","244","84","180096","18426.880000000005"
"MC002145","2026-07-18","Google Ads","Campaign 2145","32500","22145","3145","245","85","182325","18551.000000000007"
"MC002146","2026-07-19","Instagram","Campaign 2146","33000","22146","3146","246","86","184556","18675.680000000008"
"MC002147","2026-07-20","Email","Campaign 2147","33500","22147","3147","247","87","186789","18800.920000000006"
"MC002148","2026-07-21","Referral","Campaign 2148","34000","22148","3148","248","88","189024","18926.72000000001"
"MC002149","2026-07-22","Organic Search","Campaign 2149","34500","22149","3149","249","89","191261","19053.08"
"MC002150","2026-07-23","Google Ads","Campaign 2150","35000","22150","3150","250","90","193500","19180.000000000007"
"MC002151","2026-07-24","Instagram","Campaign 2151","35500","22151","3151","251","91","195741","19307.480000000003"
"MC002152","2026-07-25","Email","Campaign 2152","36000","22152","3152","252","92","197984","19435.520000000004"
"MC002153","2026-07-26","Referral","Campaign 2153","36500","22153","3153","253","93","200229","19564.120000000003"
"MC002154","2026-07-27","Organic Search","Campaign 2154","37000","22154","3154","254","94","202476","19693.280000000006"
"MC002155","2026-07-28","Google Ads","Campaign 2155","37500","22155","3155","255","95","204725","19823.000000000007"
"MC002156","2026-07-29","Instagram","Campaign 2156","38000","22156","3156","256","96","206976","19953.280000000006"
"MC002157","2026-07-30","Email","Campaign 2157","38500","22157","3157","257","97","209229","20084.120000000003"
"MC002158","2026-07-31","Referral","Campaign 2158","39000","22158","3158","258","98","211484","20215.520000000004"
"MC002159","2026-08-01","Organic Search","Campaign 2159","39500","22159","3159","259","99","213741","20347.480000000003"
"MC002160","2026-08-02","Google Ads","Campaign 2160","40000","22160","3160","260","10","21600","-33952"
"MC002161","2026-08-03","Instagram","Campaign 2161","40500","22161","3161","261","11","23771","-33844.119999999995"
"MC002162","2026-08-04","Email","Campaign 2162","41000","22162","3162","262","12","25944","-33735.68"
"MC002163","2026-08-05","Referral","Campaign 2163","41500","22163","3163","263","13","28119","-33626.68"
"MC002164","2026-08-06","Organic Search","Campaign 2164","42000","22164","3164","264","14","30296","-33517.119999999995"
"MC002165","2026-08-07","Google Ads","Campaign 2165","42500","22165","3165","265","15","32475","-33407"
"MC002166","2026-08-08","Instagram","Campaign 2166","43000","22166","3166","266","16","34656","-33296.32"
"MC002167","2026-08-09","Email","Campaign 2167","43500","22167","3167","267","17","36839","-33185.08"
"MC002168","2026-08-10","Referral","Campaign 2168","44000","22168","3168","268","18","39024","-33073.28"
"MC002169","2026-08-11","Organic Search","Campaign 2169","44500","22169","3169","269","19","41211","-32960.92"
"MC002170","2026-08-12","Google Ads","Campaign 2170","45000","22170","3170","270","20","43400","-32848"
"MC002171","2026-08-13","Instagram","Campaign 2171","45500","22171","3171","271","21","45591","-32734.519999999997"
"MC002172","2026-08-14","Email","Campaign 2172","46000","22172","3172","272","22","47784","-32620.48"
"MC002173","2026-08-15","Referral","Campaign 2173","46500","22173","3173","273","23","49979","-32505.879999999997"
"MC002174","2026-08-16","Organic Search","Campaign 2174","47000","22174","3174","274","24","52176","-32390.72"
"MC002175","2026-08-17","Google Ads","Campaign 2175","47500","22175","3175","275","25","54375","-32275"
"MC002176","2026-08-18","Instagram","Campaign 2176","48000","22176","3176","276","26","56576","-32158.72"
"MC002177","2026-08-19","Email","Campaign 2177","48500","22177","3177","277","27","58779","-32041.879999999997"
"MC002178","2026-08-20","Referral","Campaign 2178","49000","22178","3178","278","28","60984","-31924.48"
"MC002179","2026-08-21","Organic Search","Campaign 2179","49500","22179","3179","279","29","63191","-31806.519999999997"
"MC002180","2026-08-22","Google Ads","Campaign 2180","50000","22180","3180","280","30","65400","-31688"
"MC002181","2026-08-23","Instagram","Campaign 2181","50500","22181","3181","281","31","67611","-31568.92"
"MC002182","2026-08-24","Email","Campaign 2182","51000","22182","3182","282","32","69824","-31449.28"
"MC002183","2026-08-25","Referral","Campaign 2183","51500","22183","3183","283","33","72039","-31329.079999999998"
"MC002184","2026-08-26","Organic Search","Campaign 2184","52000","22184","3184","284","34","74256","-31208.32"
"MC002185","2026-08-27","Google Ads","Campaign 2185","52500","22185","3185","285","35","76475","-31086.999999999996"
"MC002186","2026-08-28","Instagram","Campaign 2186","53000","22186","3186","286","36","78696","-30965.12"
"MC002187","2026-08-29","Email","Campaign 2187","53500","22187","3187","287","37","80919","-30842.679999999997"
"MC002188","2026-08-30","Referral","Campaign 2188","54000","22188","3188","288","38","83144","-30719.679999999997"
"MC002189","2026-08-31","Organic Search","Campaign 2189","54500","22189","3189","289","39","85371","-30596.12"
"MC002190","2025-09-01","Google Ads","Campaign 2190","55000","22190","3190","290","40","87600","-30471.999999999996"
"MC002191","2025-09-02","Instagram","Campaign 2191","55500","22191","3191","291","41","89831","-30347.319999999996"
"MC002192","2025-09-03","Email","Campaign 2192","56000","22192","3192","292","42","92064","-30222.079999999998"
"MC002193","2025-09-04","Referral","Campaign 2193","56500","22193","3193","293","43","94299","-30096.28"
"MC002194","2025-09-05","Organic Search","Campaign 2194","57000","22194","3194","294","44","96536","-29969.92"
"MC002195","2025-09-06","Google Ads","Campaign 2195","57500","22195","3195","295","45","98775","-29842.999999999996"
"MC002196","2025-09-07","Instagram","Campaign 2196","58000","22196","3196","296","46","101016","-29715.519999999997"
"MC002197","2025-09-08","Email","Campaign 2197","58500","22197","3197","297","47","103259","-29587.479999999996"
"MC002198","2025-09-09","Referral","Campaign 2198","59000","22198","3198","298","48","105504","-29458.879999999997"
"MC002199","2025-09-10","Organic Search","Campaign 2199","59500","22199","3199","299","49","107751","-29329.719999999998"
"MC002200","2025-09-11","Google Ads","Campaign 2200","10000","22200","3200","300","50","110000","20800.000000000004"
"MC002201","2025-09-12","Instagram","Campaign 2201","10500","22201","3201","301","51","112251","20930.280000000002"
"MC002202","2025-09-13","Email","Campaign 2202","11000","22202","3202","302","52","114504","21061.120000000003"
"MC002203","2025-09-14","Referral","Campaign 2203","11500","22203","3203","303","53","116759","21192.520000000004"
"MC002204","2025-09-15","Organic Search","Campaign 2204","12000","22204","3204","304","54","119016","21324.480000000003"
"MC002205","2025-09-16","Google Ads","Campaign 2205","12500","22205","3205","305","55","121275","21457"
"MC002206","2025-09-17","Instagram","Campaign 2206","13000","22206","3206","306","56","123536","21590.08"
"MC002207","2025-09-18","Email","Campaign 2207","13500","22207","3207","307","57","125799","21723.72"
"MC002208","2025-09-19","Referral","Campaign 2208","14000","22208","3208","308","58","128064","21857.920000000006"
"MC002209","2025-09-20","Organic Search","Campaign 2209","14500","22209","3209","309","59","130331","21992.68"
"MC002210","2025-09-21","Google Ads","Campaign 2210","15000","22210","3210","310","60","132600","22128"
"MC002211","2025-09-22","Instagram","Campaign 2211","15500","22211","3211","311","61","134871","22263.880000000005"
"MC002212","2025-09-23","Email","Campaign 2212","16000","22212","3212","312","62","137144","22400.320000000007"
"MC002213","2025-09-24","Referral","Campaign 2213","16500","22213","3213","313","63","139419","22537.320000000007"
"MC002214","2025-09-25","Organic Search","Campaign 2214","17000","22214","3214","314","64","141696","22674.880000000005"
"MC002215","2025-09-26","Google Ads","Campaign 2215","17500","22215","3215","315","65","143975","22813.000000000007"
"MC002216","2025-09-27","Instagram","Campaign 2216","18000","22216","3216","316","66","146256","22951.68"
"MC002217","2025-09-28","Email","Campaign 2217","18500","22217","3217","317","67","148539","23090.920000000006"
"MC002218","2025-09-29","Referral","Campaign 2218","19000","22218","3218","318","68","150824","23230.72"
"MC002219","2025-09-30","Organic Search","Campaign 2219","19500","22219","3219","319","69","153111","23371.08"
"MC002220","2025-10-01","Google Ads","Campaign 2220","20000","22220","3220","320","70","155400","23512.000000000007"
"MC002221","2025-10-02","Instagram","Campaign 2221","20500","22221","3221","321","71","157691","23653.480000000003"
"MC002222","2025-10-03","Email","Campaign 2222","21000","22222","3222","322","72","159984","23795.520000000004"
"MC002223","2025-10-04","Referral","Campaign 2223","21500","22223","3223","323","73","162279","23938.120000000003"
"MC002224","2025-10-05","Organic Search","Campaign 2224","22000","22224","3224","324","74","164576","24081.280000000006"
"MC002225","2025-10-06","Google Ads","Campaign 2225","22500","22225","3225","325","75","166875","24225.000000000007"
"MC002226","2025-10-07","Instagram","Campaign 2226","23000","22226","3226","326","76","169176","24369.280000000006"
"MC002227","2025-10-08","Email","Campaign 2227","23500","22227","3227","327","77","171479","24514.120000000003"
"MC002228","2025-10-09","Referral","Campaign 2228","24000","22228","3228","328","78","173784","24659.520000000004"
"MC002229","2025-10-10","Organic Search","Campaign 2229","24500","22229","3229","329","79","176091","24805.480000000003"
"MC002230","2025-10-11","Google Ads","Campaign 2230","25000","22230","3230","330","80","178400","24952.000000000007"
"MC002231","2025-10-12","Instagram","Campaign 2231","25500","22231","3231","331","81","180711","25099.08"
"MC002232","2025-10-13","Email","Campaign 2232","26000","22232","3232","332","82","183024","25246.72000000001"
"MC002233","2025-10-14","Referral","Campaign 2233","26500","22233","3233","333","83","185339","25394.920000000006"
"MC002234","2025-10-15","Organic Search","Campaign 2234","27000","22234","3234","334","84","187656","25543.680000000008"
"MC002235","2025-10-16","Google Ads","Campaign 2235","27500","22235","3235","335","85","189975","25693.000000000007"
"MC002236","2025-10-17","Instagram","Campaign 2236","28000","22236","3236","336","86","192296","25842.880000000005"
"MC002237","2025-10-18","Email","Campaign 2237","28500","22237","3237","337","87","194619","25993.320000000007"
"MC002238","2025-10-19","Referral","Campaign 2238","29000","22238","3238","338","88","196944","26144.320000000007"
"MC002239","2025-10-20","Organic Search","Campaign 2239","29500","22239","3239","339","89","199271","26295.880000000005"
"MC002240","2025-10-21","Google Ads","Campaign 2240","30000","22240","3240","340","90","201600","26448.000000000007"
"MC002241","2025-10-22","Instagram","Campaign 2241","30500","22241","3241","341","91","203931","26600.680000000008"
"MC002242","2025-10-23","Email","Campaign 2242","31000","22242","3242","342","92","206264","26753.920000000006"
"MC002243","2025-10-24","Referral","Campaign 2243","31500","22243","3243","343","93","208599","26907.72000000001"
"MC002244","2025-10-25","Organic Search","Campaign 2244","32000","22244","3244","344","94","210936","27062.08000000001"
"MC002245","2025-10-26","Google Ads","Campaign 2245","32500","22245","3245","345","95","213275","27217.000000000007"
"MC002246","2025-10-27","Instagram","Campaign 2246","33000","22246","3246","346","96","215616","27372.480000000003"
"MC002247","2025-10-28","Email","Campaign 2247","33500","22247","3247","347","97","217959","27528.520000000004"
"MC002248","2025-10-29","Referral","Campaign 2248","34000","22248","3248","348","98","220304","27685.120000000003"
"MC002249","2025-10-30","Organic Search","Campaign 2249","34500","22249","3249","349","99","222651","27842.280000000006"
"MC002250","2025-10-31","Google Ads","Campaign 2250","35000","22250","3250","350","10","22500","-28700"
"MC002251","2025-11-01","Instagram","Campaign 2251","35500","22251","3251","351","11","24761","-28566.92"
"MC002252","2025-11-02","Email","Campaign 2252","36000","22252","3252","352","12","27024","-28433.28"
"MC002253","2025-11-03","Referral","Campaign 2253","36500","22253","3253","353","13","29289","-28299.08"
"MC002254","2025-11-04","Organic Search","Campaign 2254","37000","22254","3254","354","14","31556","-28164.32"
"MC002255","2025-11-05","Google Ads","Campaign 2255","37500","22255","3255","355","15","33825","-28029"
"MC002256","2025-11-06","Instagram","Campaign 2256","38000","22256","3256","356","16","36096","-27893.12"
"MC002257","2025-11-07","Email","Campaign 2257","38500","22257","3257","357","17","38369","-27756.68"
"MC002258","2025-11-08","Referral","Campaign 2258","39000","22258","3258","358","18","40644","-27619.68"
"MC002259","2025-11-09","Organic Search","Campaign 2259","39500","22259","3259","359","19","42921","-27482.12"
"MC002260","2025-11-10","Google Ads","Campaign 2260","40000","22260","3260","360","20","45200","-27344"
"MC002261","2025-11-11","Instagram","Campaign 2261","40500","22261","3261","361","21","47481","-27205.32"
"MC002262","2025-11-12","Email","Campaign 2262","41000","22262","3262","362","22","49764","-27066.079999999998"
"MC002263","2025-11-13","Referral","Campaign 2263","41500","22263","3263","363","23","52049","-26926.28"
"MC002264","2025-11-14","Organic Search","Campaign 2264","42000","22264","3264","364","24","54336","-26785.92"
"MC002265","2025-11-15","Google Ads","Campaign 2265","42500","22265","3265","365","25","56625","-26645"
"MC002266","2025-11-16","Instagram","Campaign 2266","43000","22266","3266","366","26","58916","-26503.519999999997"
"MC002267","2025-11-17","Email","Campaign 2267","43500","22267","3267","367","27","61209","-26361.48"
"MC002268","2025-11-18","Referral","Campaign 2268","44000","22268","3268","368","28","63504","-26218.879999999997"
"MC002269","2025-11-19","Organic Search","Campaign 2269","44500","22269","3269","369","29","65801","-26075.719999999998"
"MC002270","2025-11-20","Google Ads","Campaign 2270","45000","22270","3270","370","30","68100","-25932"
"MC002271","2025-11-21","Instagram","Campaign 2271","45500","22271","3271","371","31","70401","-25787.719999999998"
"MC002272","2025-11-22","Email","Campaign 2272","46000","22272","3272","372","32","72704","-25642.879999999997"
"MC002273","2025-11-23","Referral","Campaign 2273","46500","22273","3273","373","33","75009","-25497.48"
"MC002274","2025-11-24","Organic Search","Campaign 2274","47000","22274","3274","374","34","77316","-25351.519999999997"
"MC002275","2025-11-25","Google Ads","Campaign 2275","47500","22275","3275","375","35","79625","-25204.999999999996"
"MC002276","2025-11-26","Instagram","Campaign 2276","48000","22276","3276","376","36","81936","-25057.92"
"MC002277","2025-11-27","Email","Campaign 2277","48500","22277","3277","377","37","84249","-24910.28"
"MC002278","2025-11-28","Referral","Campaign 2278","49000","22278","3278","378","38","86564","-24762.079999999998"
"MC002279","2025-11-29","Organic Search","Campaign 2279","49500","22279","3279","379","39","88881","-24613.319999999996"
"MC002280","2025-11-30","Google Ads","Campaign 2280","50000","22280","3280","380","40","91200","-24463.999999999996"
"MC002281","2025-12-01","Instagram","Campaign 2281","50500","22281","3281","381","41","93521","-24314.12"
"MC002282","2025-12-02","Email","Campaign 2282","51000","22282","3282","382","42","95844","-24163.679999999997"
"MC002283","2025-12-03","Referral","Campaign 2283","51500","22283","3283","383","43","98169","-24012.679999999997"
"MC002284","2025-12-04","Organic Search","Campaign 2284","52000","22284","3284","384","44","100496","-23861.12"
"MC002285","2025-12-05","Google Ads","Campaign 2285","52500","22285","3285","385","45","102825","-23708.999999999996"
"MC002286","2025-12-06","Instagram","Campaign 2286","53000","22286","3286","386","46","105156","-23556.319999999996"
"MC002287","2025-12-07","Email","Campaign 2287","53500","22287","3287","387","47","107489","-23403.079999999998"
"MC002288","2025-12-08","Referral","Campaign 2288","54000","22288","3288","388","48","109824","-23249.28"
"MC002289","2025-12-09","Organic Search","Campaign 2289","54500","22289","3289","389","49","112161","-23094.92"
"MC002290","2025-12-10","Google Ads","Campaign 2290","55000","22290","3290","390","50","114500","-22939.999999999996"
"MC002291","2025-12-11","Instagram","Campaign 2291","55500","22291","3291","391","51","116841","-22784.519999999997"
"MC002292","2025-12-12","Email","Campaign 2292","56000","22292","3292","392","52","119184","-22628.479999999996"
"MC002293","2025-12-13","Referral","Campaign 2293","56500","22293","3293","393","53","121529","-22471.879999999997"
"MC002294","2025-12-14","Organic Search","Campaign 2294","57000","22294","3294","394","54","123876","-22314.719999999994"
"MC002295","2025-12-15","Google Ads","Campaign 2295","57500","22295","3295","395","55","126225","-22157"
"MC002296","2025-12-16","Instagram","Campaign 2296","58000","22296","3296","396","56","128576","-21998.719999999994"
"MC002297","2025-12-17","Email","Campaign 2297","58500","22297","3297","397","57","130929","-21839.879999999997"
"MC002298","2025-12-18","Referral","Campaign 2298","59000","22298","3298","398","58","133284","-21680.479999999996"
"MC002299","2025-12-19","Organic Search","Campaign 2299","59500","22299","3299","399","59","135641","-21520.519999999997"
"MC002300","2025-12-20","Google Ads","Campaign 2300","10000","22300","3300","400","60","138000","28640.000000000007"
"MC002301","2025-12-21","Instagram","Campaign 2301","10500","22301","3301","401","61","140361","28801.08"
"MC002302","2025-12-22","Email","Campaign 2302","11000","22302","3302","402","62","142724","28962.72"
"MC002303","2025-12-23","Referral","Campaign 2303","11500","22303","3303","403","63","145089","29124.920000000006"
"MC002304","2025-12-24","Organic Search","Campaign 2304","12000","22304","3304","404","64","147456","29287.680000000008"
"MC002305","2025-12-25","Google Ads","Campaign 2305","12500","22305","3305","405","65","149825","29451.000000000007"
"MC002306","2025-12-26","Instagram","Campaign 2306","13000","22306","3306","406","66","152196","29614.880000000005"
"MC002307","2025-12-27","Email","Campaign 2307","13500","22307","3307","407","67","154569","29779.320000000007"
"MC002308","2025-12-28","Referral","Campaign 2308","14000","22308","3308","408","68","156944","29944.320000000007"
"MC002309","2025-12-29","Organic Search","Campaign 2309","14500","22309","3309","409","69","159321","30109.880000000005"
"MC002310","2025-12-30","Google Ads","Campaign 2310","15000","22310","3310","410","70","161700","30276.000000000007"
"MC002311","2025-12-31","Instagram","Campaign 2311","15500","22311","3311","411","71","164081","30442.680000000008"
"MC002312","2026-01-01","Email","Campaign 2312","16000","22312","3312","412","72","166464","30609.920000000006"
"MC002313","2026-01-02","Referral","Campaign 2313","16500","22313","3313","413","73","168849","30777.72"
"MC002314","2026-01-03","Organic Search","Campaign 2314","17000","22314","3314","414","74","171236","30946.08"
"MC002315","2026-01-04","Google Ads","Campaign 2315","17500","22315","3315","415","75","173625","31115.000000000007"
"MC002316","2026-01-05","Instagram","Campaign 2316","18000","22316","3316","416","76","176016","31284.480000000003"
"MC002317","2026-01-06","Email","Campaign 2317","18500","22317","3317","417","77","178409","31454.520000000004"
"MC002318","2026-01-07","Referral","Campaign 2318","19000","22318","3318","418","78","180804","31625.120000000003"
"MC002319","2026-01-08","Organic Search","Campaign 2319","19500","22319","3319","419","79","183201","31796.280000000006"
"MC002320","2026-01-09","Google Ads","Campaign 2320","20000","22320","3320","420","80","185600","31968.000000000007"
"MC002321","2026-01-10","Instagram","Campaign 2321","20500","22321","3321","421","81","188001","32140.280000000006"
"MC002322","2026-01-11","Email","Campaign 2322","21000","22322","3322","422","82","190404","32313.120000000003"
"MC002323","2026-01-12","Referral","Campaign 2323","21500","22323","3323","423","83","192809","32486.520000000004"
"MC002324","2026-01-13","Organic Search","Campaign 2324","22000","22324","3324","424","84","195216","32660.480000000003"
"MC002325","2026-01-14","Google Ads","Campaign 2325","22500","22325","3325","425","85","197625","32835.00000000001"
"MC002326","2026-01-15","Instagram","Campaign 2326","23000","22326","3326","426","86","200036","33010.08"
"MC002327","2026-01-16","Email","Campaign 2327","23500","22327","3327","427","87","202449","33185.72000000001"
"MC002328","2026-01-17","Referral","Campaign 2328","24000","22328","3328","428","88","204864","33361.920000000006"
"MC002329","2026-01-18","Organic Search","Campaign 2329","24500","22329","3329","429","89","207281","33538.68000000001"
"MC002330","2026-01-19","Google Ads","Campaign 2330","25000","22330","3330","430","90","209700","33716.00000000001"
"MC002331","2026-01-20","Instagram","Campaign 2331","25500","22331","3331","431","91","212121","33893.880000000005"
"MC002332","2026-01-21","Email","Campaign 2332","26000","22332","3332","432","92","214544","34072.32000000001"
"MC002333","2026-01-22","Referral","Campaign 2333","26500","22333","3333","433","93","216969","34251.32000000001"
"MC002334","2026-01-23","Organic Search","Campaign 2334","27000","22334","3334","434","94","219396","34430.880000000005"
"MC002335","2026-01-24","Google Ads","Campaign 2335","27500","22335","3335","435","95","221825","34611.00000000001"
"MC002336","2026-01-25","Instagram","Campaign 2336","28000","22336","3336","436","96","224256","34791.68000000001"
"MC002337","2026-01-26","Email","Campaign 2337","28500","22337","3337","437","97","226689","34972.920000000006"
"MC002338","2026-01-27","Referral","Campaign 2338","29000","22338","3338","438","98","229124","35154.72000000001"
"MC002339","2026-01-28","Organic Search","Campaign 2339","29500","22339","3339","439","99","231561","35337.08000000001"
"MC002340","2026-01-29","Google Ads","Campaign 2340","30000","22340","3340","440","10","23400","-23448"
"MC002341","2026-01-30","Instagram","Campaign 2341","30500","22341","3341","441","11","25751","-23289.72"
"MC002342","2026-01-31","Email","Campaign 2342","31000","22342","3342","442","12","28104","-23130.879999999997"
"MC002343","2026-02-01","Referral","Campaign 2343","31500","22343","3343","443","13","30459","-22971.48"
"MC002344","2026-02-02","Organic Search","Campaign 2344","32000","22344","3344","444","14","32816","-22811.519999999997"
"MC002345","2026-02-03","Google Ads","Campaign 2345","32500","22345","3345","445","15","35175","-22651"
"MC002346","2026-02-04","Instagram","Campaign 2346","33000","22346","3346","446","16","37536","-22489.92"
"MC002347","2026-02-05","Email","Campaign 2347","33500","22347","3347","447","17","39899","-22328.28"
"MC002348","2026-02-06","Referral","Campaign 2348","34000","22348","3348","448","18","42264","-22166.079999999998"
"MC002349","2026-02-07","Organic Search","Campaign 2349","34500","22349","3349","449","19","44631","-22003.32"
"MC002350","2026-02-08","Google Ads","Campaign 2350","35000","22350","3350","450","20","47000","-21840"
"MC002351","2026-02-09","Instagram","Campaign 2351","35500","22351","3351","451","21","49371","-21676.12"
"MC002352","2026-02-10","Email","Campaign 2352","36000","22352","3352","452","22","51744","-21511.68"
"MC002353","2026-02-11","Referral","Campaign 2353","36500","22353","3353","453","23","54119","-21346.68"
"MC002354","2026-02-12","Organic Search","Campaign 2354","37000","22354","3354","454","24","56496","-21181.12"
"MC002355","2026-02-13","Google Ads","Campaign 2355","37500","22355","3355","455","25","58875","-21015"
"MC002356","2026-02-14","Instagram","Campaign 2356","38000","22356","3356","456","26","61256","-20848.32"
"MC002357","2026-02-15","Email","Campaign 2357","38500","22357","3357","457","27","63639","-20681.079999999998"
"MC002358","2026-02-16","Referral","Campaign 2358","39000","22358","3358","458","28","66024","-20513.28"
"MC002359","2026-02-17","Organic Search","Campaign 2359","39500","22359","3359","459","29","68411","-20344.92"
"MC002360","2026-02-18","Google Ads","Campaign 2360","40000","22360","3360","460","30","70800","-20175.999999999996"
"MC002361","2026-02-19","Instagram","Campaign 2361","40500","22361","3361","461","31","73191","-20006.519999999997"
"MC002362","2026-02-20","Email","Campaign 2362","41000","22362","3362","462","32","75584","-19836.48"
"MC002363","2026-02-21","Referral","Campaign 2363","41500","22363","3363","463","33","77979","-19665.879999999997"
"MC002364","2026-02-22","Organic Search","Campaign 2364","42000","22364","3364","464","34","80376","-19494.719999999998"
"MC002365","2026-02-23","Google Ads","Campaign 2365","42500","22365","3365","465","35","82775","-19322.999999999996"
"MC002366","2026-02-24","Instagram","Campaign 2366","43000","22366","3366","466","36","85176","-19150.719999999998"
"MC002367","2026-02-25","Email","Campaign 2367","43500","22367","3367","467","37","87579","-18977.879999999997"
"MC002368","2026-02-26","Referral","Campaign 2368","44000","22368","3368","468","38","89984","-18804.479999999996"
"MC002369","2026-02-27","Organic Search","Campaign 2369","44500","22369","3369","469","39","92391","-18630.519999999997"
"MC002370","2026-02-28","Google Ads","Campaign 2370","45000","22370","3370","470","40","94800","-18455.999999999996"
"MC002371","2026-03-01","Instagram","Campaign 2371","45500","22371","3371","471","41","97211","-18280.92"
"MC002372","2026-03-02","Email","Campaign 2372","46000","22372","3372","472","42","99624","-18105.28"
"MC002373","2026-03-03","Referral","Campaign 2373","46500","22373","3373","473","43","102039","-17929.079999999998"
"MC002374","2026-03-04","Organic Search","Campaign 2374","47000","22374","3374","474","44","104456","-17752.319999999996"
"MC002375","2026-03-05","Google Ads","Campaign 2375","47500","22375","3375","475","45","106875","-17574.999999999996"
"MC002376","2026-03-06","Instagram","Campaign 2376","48000","22376","3376","476","46","109296","-17397.119999999995"
"MC002377","2026-03-07","Email","Campaign 2377","48500","22377","3377","477","47","111719","-17218.679999999997"
"MC002378","2026-03-08","Referral","Campaign 2378","49000","22378","3378","478","48","114144","-17039.679999999997"
"MC002379","2026-03-09","Organic Search","Campaign 2379","49500","22379","3379","479","49","116571","-16860.119999999995"
"MC002380","2026-03-10","Google Ads","Campaign 2380","50000","22380","3380","480","50","119000","-16680"
"MC002381","2026-03-11","Instagram","Campaign 2381","50500","22381","3381","481","51","121431","-16499.32"
"MC002382","2026-03-12","Email","Campaign 2382","51000","22382","3382","482","52","123864","-16318.079999999994"
"MC002383","2026-03-13","Referral","Campaign 2383","51500","22383","3383","483","53","126299","-16136.279999999999"
"MC002384","2026-03-14","Organic Search","Campaign 2384","52000","22384","3384","484","54","128736","-15953.919999999998"
"MC002385","2026-03-15","Google Ads","Campaign 2385","52500","22385","3385","485","55","131175","-15771"
"MC002386","2026-03-16","Instagram","Campaign 2386","53000","22386","3386","486","56","133616","-15587.519999999997"
"MC002387","2026-03-17","Email","Campaign 2387","53500","22387","3387","487","57","136059","-15403.479999999996"
"MC002388","2026-03-18","Referral","Campaign 2388","54000","22388","3388","488","58","138504","-15218.879999999997"
"MC002389","2026-03-19","Organic Search","Campaign 2389","54500","22389","3389","489","59","140951","-15033.719999999994"
"MC002390","2026-03-20","Google Ads","Campaign 2390","55000","22390","3390","490","60","143400","-14847.999999999993"
"MC002391","2026-03-21","Instagram","Campaign 2391","55500","22391","3391","491","61","145851","-14661.719999999994"
"MC002392","2026-03-22","Email","Campaign 2392","56000","22392","3392","492","62","148304","-14474.879999999997"
"MC002393","2026-03-23","Referral","Campaign 2393","56500","22393","3393","493","63","150759","-14287.479999999996"
"MC002394","2026-03-24","Organic Search","Campaign 2394","57000","22394","3394","494","64","153216","-14099.519999999997"
"MC002395","2026-03-25","Google Ads","Campaign 2395","57500","22395","3395","495","65","155675","-13910.999999999993"
"MC002396","2026-03-26","Instagram","Campaign 2396","58000","22396","3396","496","66","158136","-13721.919999999998"
"MC002397","2026-03-27","Email","Campaign 2397","58500","22397","3397","497","67","160599","-13532.279999999999"
"MC002398","2026-03-28","Referral","Campaign 2398","59000","22398","3398","498","68","163064","-13342.079999999994"
"MC002399","2026-03-29","Organic Search","Campaign 2399","59500","22399","3399","499","69","165531","-13151.319999999992"
"MC002400","2026-03-30","Google Ads","Campaign 2400","10000","22400","3400","500","70","168000","37040.00000000001"
"MC002401","2026-03-31","Instagram","Campaign 2401","10500","22401","3401","501","71","170471","37231.880000000005"
"MC002402","2026-04-01","Email","Campaign 2402","11000","22402","3402","502","72","172944","37424.32000000001"
"MC002403","2026-04-02","Referral","Campaign 2403","11500","22403","3403","503","73","175419","37617.32000000001"
"MC002404","2026-04-03","Organic Search","Campaign 2404","12000","22404","3404","504","74","177896","37810.880000000005"
"MC002405","2026-04-04","Google Ads","Campaign 2405","12500","22405","3405","505","75","180375","38005.00000000001"
"MC002406","2026-04-05","Instagram","Campaign 2406","13000","22406","3406","506","76","182856","38199.68000000001"
"MC002407","2026-04-06","Email","Campaign 2407","13500","22407","3407","507","77","185339","38394.920000000006"
"MC002408","2026-04-07","Referral","Campaign 2408","14000","22408","3408","508","78","187824","38590.72000000001"
"MC002409","2026-04-08","Organic Search","Campaign 2409","14500","22409","3409","509","79","190311","38787.08"
"MC002410","2026-04-09","Google Ads","Campaign 2410","15000","22410","3410","510","80","192800","38984.00000000001"
"MC002411","2026-04-10","Instagram","Campaign 2411","15500","22411","3411","511","81","195291","39181.48"
"MC002412","2026-04-11","Email","Campaign 2412","16000","22412","3412","512","82","197784","39379.520000000004"
"MC002413","2026-04-12","Referral","Campaign 2413","16500","22413","3413","513","83","200279","39578.12"
"MC002414","2026-04-13","Organic Search","Campaign 2414","17000","22414","3414","514","84","202776","39777.280000000006"
"MC002415","2026-04-14","Google Ads","Campaign 2415","17500","22415","3415","515","85","205275","39977.00000000001"
"MC002416","2026-04-15","Instagram","Campaign 2416","18000","22416","3416","516","86","207776","40177.280000000006"
"MC002417","2026-04-16","Email","Campaign 2417","18500","22417","3417","517","87","210279","40378.12"
"MC002418","2026-04-17","Referral","Campaign 2418","19000","22418","3418","518","88","212784","40579.520000000004"
"MC002419","2026-04-18","Organic Search","Campaign 2419","19500","22419","3419","519","89","215291","40781.48"
"MC002420","2026-04-19","Google Ads","Campaign 2420","20000","22420","3420","520","90","217800","40984.00000000001"
"MC002421","2026-04-20","Instagram","Campaign 2421","20500","22421","3421","521","91","220311","41187.08000000001"
"MC002422","2026-04-21","Email","Campaign 2422","21000","22422","3422","522","92","222824","41390.72000000001"
"MC002423","2026-04-22","Referral","Campaign 2423","21500","22423","3423","523","93","225339","41594.920000000006"
"MC002424","2026-04-23","Organic Search","Campaign 2424","22000","22424","3424","524","94","227856","41799.68000000001"
"MC002425","2026-04-24","Google Ads","Campaign 2425","22500","22425","3425","525","95","230375","42005.00000000001"
"MC002426","2026-04-25","Instagram","Campaign 2426","23000","22426","3426","526","96","232896","42210.880000000005"
"MC002427","2026-04-26","Email","Campaign 2427","23500","22427","3427","527","97","235419","42417.32000000001"
"MC002428","2026-04-27","Referral","Campaign 2428","24000","22428","3428","528","98","237944","42624.32000000001"
"MC002429","2026-04-28","Organic Search","Campaign 2429","24500","22429","3429","529","99","240471","42831.880000000005"
"MC002430","2026-04-29","Google Ads","Campaign 2430","25000","22430","3430","530","10","24300","-18196"
"MC002431","2026-04-30","Instagram","Campaign 2431","25500","22431","3431","531","11","26741","-18012.52"
"MC002432","2026-05-01","Email","Campaign 2432","26000","22432","3432","532","12","29184","-17828.48"
"MC002433","2026-05-02","Referral","Campaign 2433","26500","22433","3433","533","13","31629","-17643.879999999997"
"MC002434","2026-05-03","Organic Search","Campaign 2434","27000","22434","3434","534","14","34076","-17458.72"
"MC002435","2026-05-04","Google Ads","Campaign 2435","27500","22435","3435","535","15","36525","-17273"
"MC002436","2026-05-05","Instagram","Campaign 2436","28000","22436","3436","536","16","38976","-17086.72"
"MC002437","2026-05-06","Email","Campaign 2437","28500","22437","3437","537","17","41429","-16899.879999999997"
"MC002438","2026-05-07","Referral","Campaign 2438","29000","22438","3438","538","18","43884","-16712.48"
"MC002439","2026-05-08","Organic Search","Campaign 2439","29500","22439","3439","539","19","46341","-16524.519999999997"
"MC002440","2026-05-09","Google Ads","Campaign 2440","30000","22440","3440","540","20","48800","-16335.999999999998"
"MC002441","2026-05-10","Instagram","Campaign 2441","30500","22441","3441","541","21","51261","-16146.919999999998"
"MC002442","2026-05-11","Email","Campaign 2442","31000","22442","3442","542","22","53724","-15957.279999999999"
"MC002443","2026-05-12","Referral","Campaign 2443","31500","22443","3443","543","23","56189","-15767.079999999998"
"MC002444","2026-05-13","Organic Search","Campaign 2444","32000","22444","3444","544","24","58656","-15576.32"
"MC002445","2026-05-14","Google Ads","Campaign 2445","32500","22445","3445","545","25","61125","-15385"
"MC002446","2026-05-15","Instagram","Campaign 2446","33000","22446","3446","546","26","63596","-15193.119999999999"
"MC002447","2026-05-16","Email","Campaign 2447","33500","22447","3447","547","27","66069","-15000.679999999997"
"MC002448","2026-05-17","Referral","Campaign 2448","34000","22448","3448","548","28","68544","-14807.679999999997"
"MC002449","2026-05-18","Organic Search","Campaign 2449","34500","22449","3449","549","29","71021","-14614.119999999999"
"MC002450","2026-05-19","Google Ads","Campaign 2450","35000","22450","3450","550","30","73500","-14419.999999999996"
"MC002451","2026-05-20","Instagram","Campaign 2451","35500","22451","3451","551","31","75981","-14225.32"
"MC002452","2026-05-21","Email","Campaign 2452","36000","22452","3452","552","32","78464","-14030.079999999998"
"MC002453","2026-05-22","Referral","Campaign 2453","36500","22453","3453","553","33","80949","-13834.279999999999"
"MC002454","2026-05-23","Organic Search","Campaign 2454","37000","22454","3454","554","34","83436","-13637.919999999998"
"MC002455","2026-05-24","Google Ads","Campaign 2455","37500","22455","3455","555","35","85925","-13440.999999999996"
"MC002456","2026-05-25","Instagram","Campaign 2456","38000","22456","3456","556","36","88416","-13243.519999999997"
"MC002457","2026-05-26","Email","Campaign 2457","38500","22457","3457","557","37","90909","-13045.479999999996"
"MC002458","2026-05-27","Referral","Campaign 2458","39000","22458","3458","558","38","93404","-12846.879999999997"
"MC002459","2026-05-28","Organic Search","Campaign 2459","39500","22459","3459","559","39","95901","-12647.719999999998"
"MC002460","2026-05-29","Google Ads","Campaign 2460","40000","22460","3460","560","40","98400","-12447.999999999996"
"MC002461","2026-05-30","Instagram","Campaign 2461","40500","22461","3461","561","41","100901","-12247.719999999998"
"MC002462","2026-05-31","Email","Campaign 2462","41000","22462","3462","562","42","103404","-12046.879999999997"
"MC002463","2026-06-01","Referral","Campaign 2463","41500","22463","3463","563","43","105909","-11845.479999999996"
"MC002464","2026-06-02","Organic Search","Campaign 2464","42000","22464","3464","564","44","108416","-11643.519999999997"
"MC002465","2026-06-03","Google Ads","Campaign 2465","42500","22465","3465","565","45","110925","-11440.999999999996"
"MC002466","2026-06-04","Instagram","Campaign 2466","43000","22466","3466","566","46","113436","-11237.919999999998"
"MC002467","2026-06-05","Email","Campaign 2467","43500","22467","3467","567","47","115949","-11034.279999999995"
"MC002468","2026-06-06","Referral","Campaign 2468","44000","22468","3468","568","48","118464","-10830.079999999994"
"MC002469","2026-06-07","Organic Search","Campaign 2469","44500","22469","3469","569","49","120981","-10625.32"
"MC002470","2026-06-08","Google Ads","Campaign 2470","45000","22470","3470","570","50","123500","-10420"
"MC002471","2026-06-09","Instagram","Campaign 2471","45500","22471","3471","571","51","126021","-10214.119999999995"
"MC002472","2026-06-10","Email","Campaign 2472","46000","22472","3472","572","52","128544","-10007.679999999993"
"MC002473","2026-06-11","Referral","Campaign 2473","46500","22473","3473","573","53","131069","-9800.679999999993"
"MC002474","2026-06-12","Organic Search","Campaign 2474","47000","22474","3474","574","54","133596","-9593.119999999995"
"MC002475","2026-06-13","Google Ads","Campaign 2475","47500","22475","3475","575","55","136125","-9385"
"MC002476","2026-06-14","Instagram","Campaign 2476","48000","22476","3476","576","56","138656","-9176.32"
"MC002477","2026-06-15","Email","Campaign 2477","48500","22477","3477","577","57","141189","-8967.079999999994"
"MC002478","2026-06-16","Referral","Campaign 2478","49000","22478","3478","578","58","143724","-8757.279999999999"
"MC002479","2026-06-17","Organic Search","Campaign 2479","49500","22479","3479","579","59","146261","-8546.919999999998"
"MC002480","2026-06-18","Google Ads","Campaign 2480","50000","22480","3480","580","60","148800","-8335.999999999993"
"MC002481","2026-06-19","Instagram","Campaign 2481","50500","22481","3481","581","61","151341","-8124.519999999997"
"MC002482","2026-06-20","Email","Campaign 2482","51000","22482","3482","582","62","153884","-7912.479999999996"
"MC002483","2026-06-21","Referral","Campaign 2483","51500","22483","3483","583","63","156429","-7699.879999999997"
"MC002484","2026-06-22","Organic Search","Campaign 2484","52000","22484","3484","584","64","158976","-7486.719999999994"
"MC002485","2026-06-23","Google Ads","Campaign 2485","52500","22485","3485","585","65","161525","-7272.999999999993"
"MC002486","2026-06-24","Instagram","Campaign 2486","53000","22486","3486","586","66","164076","-7058.719999999994"
"MC002487","2026-06-25","Email","Campaign 2487","53500","22487","3487","587","67","166629","-6843.879999999997"
"MC002488","2026-06-26","Referral","Campaign 2488","54000","22488","3488","588","68","169184","-6628.479999999996"
"MC002489","2026-06-27","Organic Search","Campaign 2489","54500","22489","3489","589","69","171741","-6412.519999999997"
"MC002490","2026-06-28","Google Ads","Campaign 2490","55000","22490","3490","590","70","174300","-6195.999999999993"
"MC002491","2026-06-29","Instagram","Campaign 2491","55500","22491","3491","591","71","176861","-5978.919999999998"
"MC002492","2026-06-30","Email","Campaign 2492","56000","22492","3492","592","72","179424","-5761.279999999999"
"MC002493","2026-07-01","Referral","Campaign 2493","56500","22493","3493","593","73","181989","-5543.0799999999945"
"MC002494","2026-07-02","Organic Search","Campaign 2494","57000","22494","3494","594","74","184556","-5324.319999999992"
"MC002495","2026-07-03","Google Ads","Campaign 2495","57500","22495","3495","595","75","187125","-5104.999999999993"
"MC002496","2026-07-04","Instagram","Campaign 2496","58000","22496","3496","596","76","189696","-4885.119999999995"
"MC002497","2026-07-05","Email","Campaign 2497","58500","22497","3497","597","77","192269","-4664.679999999993"
"MC002498","2026-07-06","Referral","Campaign 2498","59000","22498","3498","598","78","194844","-4443.679999999993"
"MC002499","2026-07-07","Organic Search","Campaign 2499","59500","22499","3499","599","79","197421","-4222.119999999995"
"MC002500","2026-07-08","Google Ads","Campaign 2500","10000","22500","3500","100","80","200000","46000.00000000001"
"MC002501","2026-07-09","Instagram","Campaign 2501","10500","22501","3501","101","81","202581","46222.68000000001"
"MC002502","2026-07-10","Email","Campaign 2502","11000","22502","3502","102","82","205164","46445.920000000006"
"MC002503","2026-07-11","Referral","Campaign 2503","11500","22503","3503","103","83","207749","46669.72000000001"
"MC002504","2026-07-12","Organic Search","Campaign 2504","12000","22504","3504","104","84","210336","46894.08000000001"
"MC002505","2026-07-13","Google Ads","Campaign 2505","12500","22505","3505","105","85","212925","47119.00000000001"
"MC002506","2026-07-14","Instagram","Campaign 2506","13000","22506","3506","106","86","215516","47344.48"
"MC002507","2026-07-15","Email","Campaign 2507","13500","22507","3507","107","87","218109","47570.520000000004"
"MC002508","2026-07-16","Referral","Campaign 2508","14000","22508","3508","108","88","220704","47797.12"
"MC002509","2026-07-17","Organic Search","Campaign 2509","14500","22509","3509","109","89","223301","48024.280000000006"
"MC002510","2026-07-18","Google Ads","Campaign 2510","15000","22510","3510","110","90","225900","48252.00000000001"
"MC002511","2026-07-19","Instagram","Campaign 2511","15500","22511","3511","111","91","228501","48480.280000000006"
"MC002512","2026-07-20","Email","Campaign 2512","16000","22512","3512","112","92","231104","48709.12"
"MC002513","2026-07-21","Referral","Campaign 2513","16500","22513","3513","113","93","233709","48938.520000000004"
"MC002514","2026-07-22","Organic Search","Campaign 2514","17000","22514","3514","114","94","236316","49168.48000000001"
"MC002515","2026-07-23","Google Ads","Campaign 2515","17500","22515","3515","115","95","238925","49399"
"MC002516","2026-07-24","Instagram","Campaign 2516","18000","22516","3516","116","96","241536","49630.08"
"MC002517","2026-07-25","Email","Campaign 2517","18500","22517","3517","117","97","244149","49861.72"
"MC002518","2026-07-26","Referral","Campaign 2518","19000","22518","3518","118","98","246764","50093.92000000001"
"MC002519","2026-07-27","Organic Search","Campaign 2519","19500","22519","3519","119","99","249381","50326.68000000001"
"MC002520","2026-07-28","Google Ads","Campaign 2520","20000","22520","3520","120","10","25200","-12944"
"MC002521","2026-07-29","Instagram","Campaign 2521","20500","22521","3521","121","11","27731","-12735.32"
"MC002522","2026-07-30","Email","Campaign 2522","21000","22522","3522","122","12","30264","-12526.08"
"MC002523","2026-07-31","Referral","Campaign 2523","21500","22523","3523","123","13","32799","-12316.279999999999"
"MC002524","2026-08-01","Organic Search","Campaign 2524","22000","22524","3524","124","14","35336","-12105.919999999998"
"MC002525","2026-08-02","Google Ads","Campaign 2525","22500","22525","3525","125","15","37875","-11894.999999999998"
"MC002526","2026-08-03","Instagram","Campaign 2526","23000","22526","3526","126","16","40416","-11683.519999999999"
"MC002527","2026-08-04","Email","Campaign 2527","23500","22527","3527","127","17","42959","-11471.48"
"MC002528","2026-08-05","Referral","Campaign 2528","24000","22528","3528","128","18","45504","-11258.88"
"MC002529","2026-08-06","Organic Search","Campaign 2529","24500","22529","3529","129","19","48051","-11045.72"
"MC002530","2026-08-07","Google Ads","Campaign 2530","25000","22530","3530","130","20","50600","-10831.999999999998"
"MC002531","2026-08-08","Instagram","Campaign 2531","25500","22531","3531","131","21","53151","-10617.72"
"MC002532","2026-08-09","Email","Campaign 2532","26000","22532","3532","132","22","55704","-10402.88"
"MC002533","2026-08-10","Referral","Campaign 2533","26500","22533","3533","133","23","58259","-10187.479999999998"
"MC002534","2026-08-11","Organic Search","Campaign 2534","27000","22534","3534","134","24","60816","-9971.519999999997"
"MC002535","2026-08-12","Google Ads","Campaign 2535","27500","22535","3535","135","25","63375","-9755"
"MC002536","2026-08-13","Instagram","Campaign 2536","28000","22536","3536","136","26","65936","-9537.919999999998"
"MC002537","2026-08-14","Email","Campaign 2537","28500","22537","3537","137","27","68499","-9320.279999999999"
"MC002538","2026-08-15","Referral","Campaign 2538","29000","22538","3538","138","28","71064","-9102.079999999998"
"MC002539","2026-08-16","Organic Search","Campaign 2539","29500","22539","3539","139","29","73631","-8883.32"
"MC002540","2026-08-17","Google Ads","Campaign 2540","30000","22540","3540","140","30","76200","-8663.999999999996"
"MC002541","2026-08-18","Instagram","Campaign 2541","30500","22541","3541","141","31","78771","-8444.119999999999"
"MC002542","2026-08-19","Email","Campaign 2542","31000","22542","3542","142","32","81344","-8223.679999999997"
"MC002543","2026-08-20","Referral","Campaign 2543","31500","22543","3543","143","33","83919","-8002.679999999997"
"MC002544","2026-08-21","Organic Search","Campaign 2544","32000","22544","3544","144","34","86496","-7781.119999999999"
"MC002545","2026-08-22","Google Ads","Campaign 2545","32500","22545","3545","145","35","89075","-7558.999999999996"
"MC002546","2026-08-23","Instagram","Campaign 2546","33000","22546","3546","146","36","91656","-7336.319999999996"
"MC002547","2026-08-24","Email","Campaign 2547","33500","22547","3547","147","37","94239","-7113.079999999998"
"MC002548","2026-08-25","Referral","Campaign 2548","34000","22548","3548","148","38","96824","-6889.279999999999"
"MC002549","2026-08-26","Organic Search","Campaign 2549","34500","22549","3549","149","39","99411","-6664.919999999998"
"MC002550","2026-08-27","Google Ads","Campaign 2550","35000","22550","3550","150","40","102000","-6439.999999999996"
"MC002551","2026-08-28","Instagram","Campaign 2551","35500","22551","3551","151","41","104591","-6214.519999999997"
"MC002552","2026-08-29","Email","Campaign 2552","36000","22552","3552","152","42","107184","-5988.479999999996"
"MC002553","2026-08-30","Referral","Campaign 2553","36500","22553","3553","153","43","109779","-5761.879999999997"
"MC002554","2026-08-31","Organic Search","Campaign 2554","37000","22554","3554","154","44","112376","-5534.7199999999975"
"MC002555","2025-09-01","Google Ads","Campaign 2555","37500","22555","3555","155","45","114975","-5306.999999999996"
"MC002556","2025-09-02","Instagram","Campaign 2556","38000","22556","3556","156","46","117576","-5078.719999999994"
"MC002557","2025-09-03","Email","Campaign 2557","38500","22557","3557","157","47","120179","-4849.879999999997"
"MC002558","2025-09-04","Referral","Campaign 2558","39000","22558","3558","158","48","122784","-4620.479999999996"
"MC002559","2025-09-05","Organic Search","Campaign 2559","39500","22559","3559","159","49","125391","-4390.519999999997"
"MC002560","2025-09-06","Google Ads","Campaign 2560","40000","22560","3560","160","50","128000","-4160"
"MC002561","2025-09-07","Instagram","Campaign 2561","40500","22561","3561","161","51","130611","-3928.9199999999983"
"MC002562","2025-09-08","Email","Campaign 2562","41000","22562","3562","162","52","133224","-3697.279999999999"
"MC002563","2025-09-09","Referral","Campaign 2563","41500","22563","3563","163","53","135839","-3465.0799999999945"
"MC002564","2025-09-10","Organic Search","Campaign 2564","42000","22564","3564","164","54","138456","-3232.3199999999997"
"MC002565","2025-09-11","Google Ads","Campaign 2565","42500","22565","3565","165","55","141075","-2998.9999999999927"
"MC002566","2025-09-12","Instagram","Campaign 2566","43000","22566","3566","166","56","143696","-2765.1199999999953"
"MC002567","2025-09-13","Email","Campaign 2567","43500","22567","3567","167","57","146319","-2530.679999999993"
"MC002568","2025-09-14","Referral","Campaign 2568","44000","22568","3568","168","58","148944","-2295.679999999993"
"MC002569","2025-09-15","Organic Search","Campaign 2569","44500","22569","3569","169","59","151571","-2060.1199999999953"
"MC002570","2025-09-16","Google Ads","Campaign 2570","45000","22570","3570","170","60","154200","-1823.9999999999927"
"MC002571","2025-09-17","Instagram","Campaign 2571","45500","22571","3571","171","61","156831","-1587.3199999999924"
"MC002572","2025-09-18","Email","Campaign 2572","46000","22572","3572","172","62","159464","-1350.0799999999945"
"MC002573","2025-09-19","Referral","Campaign 2573","46500","22573","3573","173","63","162099","-1112.2799999999988"
"MC002574","2025-09-20","Organic Search","Campaign 2574","47000","22574","3574","174","64","164736","-873.9199999999983"
"MC002575","2025-09-21","Google Ads","Campaign 2575","47500","22575","3575","175","65","167375","-634.9999999999927"
"MC002576","2025-09-22","Instagram","Campaign 2576","48000","22576","3576","176","66","170016","-395.5199999999968"
"MC002577","2025-09-23","Email","Campaign 2577","48500","22577","3577","177","67","172659","-155.47999999999593"
"MC002578","2025-09-24","Referral","Campaign 2578","49000","22578","3578","178","68","175304","85.12000000000262"
"MC002579","2025-09-25","Organic Search","Campaign 2579","49500","22579","3579","179","69","177951","326.2800000000061"
"MC002580","2025-09-26","Google Ads","Campaign 2580","50000","22580","3580","180","70","180600","568.0000000000073"
"MC002581","2025-09-27","Instagram","Campaign 2581","50500","22581","3581","181","71","183251","810.2800000000061"
"MC002582","2025-09-28","Email","Campaign 2582","51000","22582","3582","182","72","185904","1053.1200000000026"
"MC002583","2025-09-29","Referral","Campaign 2583","51500","22583","3583","183","73","188559","1296.520000000004"
"MC002584","2025-09-30","Organic Search","Campaign 2584","52000","22584","3584","184","74","191216","1540.4800000000032"
"MC002585","2025-10-01","Google Ads","Campaign 2585","52500","22585","3585","185","75","193875","1785.0000000000073"
"MC002586","2025-10-02","Instagram","Campaign 2586","53000","22586","3586","186","76","196536","2030.0800000000017"
"MC002587","2025-10-03","Email","Campaign 2587","53500","22587","3587","187","77","199199","2275.7200000000084"
"MC002588","2025-10-04","Referral","Campaign 2588","54000","22588","3588","188","78","201864","2521.9200000000055"
"MC002589","2025-10-05","Organic Search","Campaign 2589","54500","22589","3589","189","79","204531","2768.6800000000076"
"MC002590","2025-10-06","Google Ads","Campaign 2590","55000","22590","3590","190","80","207200","3016.0000000000073"
"MC002591","2025-10-07","Instagram","Campaign 2591","55500","22591","3591","191","81","209871","3263.8800000000047"
"MC002592","2025-10-08","Email","Campaign 2592","56000","22592","3592","192","82","212544","3512.320000000007"
"MC002593","2025-10-09","Referral","Campaign 2593","56500","22593","3593","193","83","215219","3761.320000000007"
"MC002594","2025-10-10","Organic Search","Campaign 2594","57000","22594","3594","194","84","217896","4010.8800000000047"
"MC002595","2025-10-11","Google Ads","Campaign 2595","57500","22595","3595","195","85","220575","4261.000000000007"
"MC002596","2025-10-12","Instagram","Campaign 2596","58000","22596","3596","196","86","223256","4511.680000000008"
"MC002597","2025-10-13","Email","Campaign 2597","58500","22597","3597","197","87","225939","4762.9200000000055"
"MC002598","2025-10-14","Referral","Campaign 2598","59000","22598","3598","198","88","228624","5014.720000000008"
"MC002599","2025-10-15","Organic Search","Campaign 2599","59500","22599","3599","199","89","231311","5267.080000000009"
"MC002600","2025-10-16","Google Ads","Campaign 2600","10000","22600","3600","200","90","234000","55520.00000000001"
"MC002601","2025-10-17","Instagram","Campaign 2601","10500","22601","3601","201","91","236691","55773.48000000001"
"MC002602","2025-10-18","Email","Campaign 2602","11000","22602","3602","202","92","239384","56027.520000000004"
"MC002603","2025-10-19","Referral","Campaign 2603","11500","22603","3603","203","93","242079","56282.12000000001"
"MC002604","2025-10-20","Organic Search","Campaign 2604","12000","22604","3604","204","94","244776","56537.28000000001"
"MC002605","2025-10-21","Google Ads","Campaign 2605","12500","22605","3605","205","95","247475","56793"
"MC002606","2025-10-22","Instagram","Campaign 2606","13000","22606","3606","206","96","250176","57049.28000000001"
"MC002607","2025-10-23","Email","Campaign 2607","13500","22607","3607","207","97","252879","57306.12000000001"
"MC002608","2025-10-24","Referral","Campaign 2608","14000","22608","3608","208","98","255584","57563.520000000004"
"MC002609","2025-10-25","Organic Search","Campaign 2609","14500","22609","3609","209","99","258291","57821.48000000001"
"MC002610","2025-10-26","Google Ads","Campaign 2610","15000","22610","3610","210","10","26100","-7691.999999999999"
"MC002611","2025-10-27","Instagram","Campaign 2611","15500","22611","3611","211","11","28721","-7458.119999999999"
"MC002612","2025-10-28","Email","Campaign 2612","16000","22612","3612","212","12","31344","-7223.6799999999985"
"MC002613","2025-10-29","Referral","Campaign 2613","16500","22613","3613","213","13","33969","-6988.6799999999985"
"MC002614","2025-10-30","Organic Search","Campaign 2614","17000","22614","3614","214","14","36596","-6753.119999999999"
"MC002615","2025-10-31","Google Ads","Campaign 2615","17500","22615","3615","215","15","39225","-6516.999999999998"
"MC002616","2025-11-01","Instagram","Campaign 2616","18000","22616","3616","216","16","41856","-6280.32"
"MC002617","2025-11-02","Email","Campaign 2617","18500","22617","3617","217","17","44489","-6043.079999999998"
"MC002618","2025-11-03","Referral","Campaign 2618","19000","22618","3618","218","18","47124","-5805.279999999999"
"MC002619","2025-11-04","Organic Search","Campaign 2619","19500","22619","3619","219","19","49761","-5566.919999999998"
"MC002620","2025-11-05","Google Ads","Campaign 2620","20000","22620","3620","220","20","52400","-5327.999999999998"
"MC002621","2025-11-06","Instagram","Campaign 2621","20500","22621","3621","221","21","55041","-5088.519999999999"
"MC002622","2025-11-07","Email","Campaign 2622","21000","22622","3622","222","22","57684","-4848.479999999998"
"MC002623","2025-11-08","Referral","Campaign 2623","21500","22623","3623","223","23","60329","-4607.879999999997"
"MC002624","2025-11-09","Organic Search","Campaign 2624","22000","22624","3624","224","24","62976","-4366.7199999999975"
"MC002625","2025-11-10","Google Ads","Campaign 2625","22500","22625","3625","225","25","65625","-4125"
"MC002626","2025-11-11","Instagram","Campaign 2626","23000","22626","3626","226","26","68276","-3882.7199999999975"
"MC002627","2025-11-12","Email","Campaign 2627","23500","22627","3627","227","27","70929","-3639.8799999999974"
"MC002628","2025-11-13","Referral","Campaign 2628","24000","22628","3628","228","28","73584","-3396.4799999999996"
"MC002629","2025-11-14","Organic Search","Campaign 2629","24500","22629","3629","229","29","76241","-3152.519999999997"
"MC002630","2025-11-15","Google Ads","Campaign 2630","25000","22630","3630","230","30","78900","-2907.9999999999964"
"MC002631","2025-11-16","Instagram","Campaign 2631","25500","22631","3631","231","31","81561","-2662.9199999999983"
"MC002632","2025-11-17","Email","Campaign 2632","26000","22632","3632","232","32","84224","-2417.279999999999"
"MC002633","2025-11-18","Referral","Campaign 2633","26500","22633","3633","233","33","86889","-2171.079999999998"
"MC002634","2025-11-19","Organic Search","Campaign 2634","27000","22634","3634","234","34","89556","-1924.319999999996"
"MC002635","2025-11-20","Google Ads","Campaign 2635","27500","22635","3635","235","35","92225","-1676.9999999999964"
"MC002636","2025-11-21","Instagram","Campaign 2636","28000","22636","3636","236","36","94896","-1429.119999999999"
"MC002637","2025-11-22","Email","Campaign 2637","28500","22637","3637","237","37","97569","-1180.6799999999967"
"MC002638","2025-11-23","Referral","Campaign 2638","29000","22638","3638","238","38","100244","-931.6799999999967"
"MC002639","2025-11-24","Organic Search","Campaign 2639","29500","22639","3639","239","39","102921","-682.119999999999"
"MC002640","2025-11-25","Google Ads","Campaign 2640","30000","22640","3640","240","40","105600","-431.99999999999636"
"MC002641","2025-11-26","Instagram","Campaign 2641","30500","22641","3641","241","41","108281","-181.31999999999607"
"MC002642","2025-11-27","Email","Campaign 2642","31000","22642","3642","242","42","110964","69.92000000000189"
"MC002643","2025-11-28","Referral","Campaign 2643","31500","22643","3643","243","43","113649","321.7200000000048"
"MC002644","2025-11-29","Organic Search","Campaign 2644","32000","22644","3644","244","44","116336","574.0800000000017"
"MC002645","2025-11-30","Google Ads","Campaign 2645","32500","22645","3645","245","45","119025","827"
"MC002646","2025-12-01","Instagram","Campaign 2646","33000","22646","3646","246","46","121716","1080.4800000000032"
"MC002647","2025-12-02","Email","Campaign 2647","33500","22647","3647","247","47","124409","1334.520000000004"
"MC002648","2025-12-03","Referral","Campaign 2648","34000","22648","3648","248","48","127104","1589.1200000000026"
"MC002649","2025-12-04","Organic Search","Campaign 2649","34500","22649","3649","249","49","129801","1844.280000000006"
"MC002650","2025-12-05","Google Ads","Campaign 2650","35000","22650","3650","250","50","132500","2100"
"MC002651","2025-12-06","Instagram","Campaign 2651","35500","22651","3651","251","51","135201","2356.280000000006"
"MC002652","2025-12-07","Email","Campaign 2652","36000","22652","3652","252","52","137904","2613.1200000000026"
"MC002653","2025-12-08","Referral","Campaign 2653","36500","22653","3653","253","53","140609","2870.520000000004"
"MC002654","2025-12-09","Organic Search","Campaign 2654","37000","22654","3654","254","54","143316","3128.480000000003"
"MC002655","2025-12-10","Google Ads","Campaign 2655","37500","22655","3655","255","55","146025","3387.0000000000073"
"MC002656","2025-12-11","Instagram","Campaign 2656","38000","22656","3656","256","56","148736","3646.0800000000017"
"MC002657","2025-12-12","Email","Campaign 2657","38500","22657","3657","257","57","151449","3905.720000000001"
"MC002658","2025-12-13","Referral","Campaign 2658","39000","22658","3658","258","58","154164","4165.9200000000055"
"MC002659","2025-12-14","Organic Search","Campaign 2659","39500","22659","3659","259","59","156881","4426.680000000008"
"MC002660","2025-12-15","Google Ads","Campaign 2660","40000","22660","3660","260","60","159600","4688.000000000007"
"MC002661","2025-12-16","Instagram","Campaign 2661","40500","22661","3661","261","61","162321","4949.880000000005"
"MC002662","2025-12-17","Email","Campaign 2662","41000","22662","3662","262","62","165044","5212.320000000007"
"MC002663","2025-12-18","Referral","Campaign 2663","41500","22663","3663","263","63","167769","5475.320000000007"
"MC002664","2025-12-19","Organic Search","Campaign 2664","42000","22664","3664","264","64","170496","5738.880000000005"
"MC002665","2025-12-20","Google Ads","Campaign 2665","42500","22665","3665","265","65","173225","6003.000000000007"
"MC002666","2025-12-21","Instagram","Campaign 2666","43000","22666","3666","266","66","175956","6267.680000000008"
"MC002667","2025-12-22","Email","Campaign 2667","43500","22667","3667","267","67","178689","6532.9200000000055"
"MC002668","2025-12-23","Referral","Campaign 2668","44000","22668","3668","268","68","181424","6798.720000000008"
"MC002669","2025-12-24","Organic Search","Campaign 2669","44500","22669","3669","269","69","184161","7065.080000000002"
"MC002670","2025-12-25","Google Ads","Campaign 2670","45000","22670","3670","270","70","186900","7332.000000000007"
"MC002671","2025-12-26","Instagram","Campaign 2671","45500","22671","3671","271","71","189641","7599.480000000003"
"MC002672","2025-12-27","Email","Campaign 2672","46000","22672","3672","272","72","192384","7867.520000000004"
"MC002673","2025-12-28","Referral","Campaign 2673","46500","22673","3673","273","73","195129","8136.120000000003"
"MC002674","2025-12-29","Organic Search","Campaign 2674","47000","22674","3674","274","74","197876","8405.280000000006"
"MC002675","2025-12-30","Google Ads","Campaign 2675","47500","22675","3675","275","75","200625","8675.000000000007"
"MC002676","2025-12-31","Instagram","Campaign 2676","48000","22676","3676","276","76","203376","8945.280000000006"
"MC002677","2026-01-01","Email","Campaign 2677","48500","22677","3677","277","77","206129","9216.120000000003"
"MC002678","2026-01-02","Referral","Campaign 2678","49000","22678","3678","278","78","208884","9487.520000000004"
"MC002679","2026-01-03","Organic Search","Campaign 2679","49500","22679","3679","279","79","211641","9759.480000000003"
"MC002680","2026-01-04","Google Ads","Campaign 2680","50000","22680","3680","280","80","214400","10032.000000000007"
"MC002681","2026-01-05","Instagram","Campaign 2681","50500","22681","3681","281","81","217161","10305.080000000009"
"MC002682","2026-01-06","Email","Campaign 2682","51000","22682","3682","282","82","219924","10578.720000000008"
"MC002683","2026-01-07","Referral","Campaign 2683","51500","22683","3683","283","83","222689","10852.920000000006"
"MC002684","2026-01-08","Organic Search","Campaign 2684","52000","22684","3684","284","84","225456","11127.680000000008"
"MC002685","2026-01-09","Google Ads","Campaign 2685","52500","22685","3685","285","85","228225","11403.000000000007"
"MC002686","2026-01-10","Instagram","Campaign 2686","53000","22686","3686","286","86","230996","11678.880000000005"
"MC002687","2026-01-11","Email","Campaign 2687","53500","22687","3687","287","87","233769","11955.320000000007"
"MC002688","2026-01-12","Referral","Campaign 2688","54000","22688","3688","288","88","236544","12232.320000000007"
"MC002689","2026-01-13","Organic Search","Campaign 2689","54500","22689","3689","289","89","239321","12509.880000000005"
"MC002690","2026-01-14","Google Ads","Campaign 2690","55000","22690","3690","290","90","242100","12788"
"MC002691","2026-01-15","Instagram","Campaign 2691","55500","22691","3691","291","91","244881","13066.680000000008"
"MC002692","2026-01-16","Email","Campaign 2692","56000","22692","3692","292","92","247664","13345.920000000013"
"MC002693","2026-01-17","Referral","Campaign 2693","56500","22693","3693","293","93","250449","13625.720000000001"
"MC002694","2026-01-18","Organic Search","Campaign 2694","57000","22694","3694","294","94","253236","13906.080000000002"
"MC002695","2026-01-19","Google Ads","Campaign 2695","57500","22695","3695","295","95","256025","14187"
"MC002696","2026-01-20","Instagram","Campaign 2696","58000","22696","3696","296","96","258816","14468.48000000001"
"MC002697","2026-01-21","Email","Campaign 2697","58500","22697","3697","297","97","261609","14750.520000000004"
"MC002698","2026-01-22","Referral","Campaign 2698","59000","22698","3698","298","98","264404","15033.12000000001"
"MC002699","2026-01-23","Organic Search","Campaign 2699","59500","22699","3699","299","99","267201","15316.280000000013"
"MC002700","2026-01-24","Google Ads","Campaign 2700","10000","22700","3700","300","10","27000","-2439.999999999999"
"MC002701","2026-01-25","Instagram","Campaign 2701","10500","22701","3701","301","11","29711","-2180.92"
"MC002702","2026-01-26","Email","Campaign 2702","11000","22702","3702","302","12","32424","-1921.2799999999988"
"MC002703","2026-01-27","Referral","Campaign 2703","11500","22703","3703","303","13","35139","-1661.08"
"MC002704","2026-01-28","Organic Search","Campaign 2704","12000","22704","3704","304","14","37856","-1400.3199999999997"
"MC002705","2026-01-29","Google Ads","Campaign 2705","12500","22705","3705","305","15","40575","-1138.9999999999982"
"MC002706","2026-01-30","Instagram","Campaign 2706","13000","22706","3706","306","16","43296","-877.119999999999"
"MC002707","2026-01-31","Email","Campaign 2707","13500","22707","3707","307","17","46019","-614.6799999999985"
"MC002708","2026-02-01","Referral","Campaign 2708","14000","22708","3708","308","18","48744","-351.6799999999985"
"MC002709","2026-02-02","Organic Search","Campaign 2709","14500","22709","3709","309","19","51471","-88.11999999999898"
"MC002710","2026-02-03","Google Ads","Campaign 2710","15000","22710","3710","310","20","54200","176.00000000000182"
"MC002711","2026-02-04","Instagram","Campaign 2711","15500","22711","3711","311","21","56931","440.6800000000021"
"MC002712","2026-02-05","Email","Campaign 2712","16000","22712","3712","312","22","59664","705.9200000000019"
"MC002713","2026-02-06","Referral","Campaign 2713","16500","22713","3713","313","23","62399","971.7200000000012"
"MC002714","2026-02-07","Organic Search","Campaign 2714","17000","22714","3714","314","24","65136","1238.0800000000017"
"MC002715","2026-02-08","Google Ads","Campaign 2715","17500","22715","3715","315","25","67875","1505"
"MC002716","2026-02-09","Instagram","Campaign 2716","18000","22716","3716","316","26","70616","1772.4800000000032"
"MC002717","2026-02-10","Email","Campaign 2717","18500","22717","3717","317","27","73359","2040.5200000000004"
"MC002718","2026-02-11","Referral","Campaign 2718","19000","22718","3718","318","28","76104","2309.1200000000026"
"MC002719","2026-02-12","Organic Search","Campaign 2719","19500","22719","3719","319","29","78851","2578.2800000000025"
"MC002720","2026-02-13","Google Ads","Campaign 2720","20000","22720","3720","320","30","81600","2848.0000000000036"
"MC002721","2026-02-14","Instagram","Campaign 2721","20500","22721","3721","321","31","84351","3118.2800000000025"
"MC002722","2026-02-15","Email","Campaign 2722","21000","22722","3722","322","32","87104","3389.1200000000026"
"MC002723","2026-02-16","Referral","Campaign 2723","21500","22723","3723","323","33","89859","3660.520000000004"
"MC002724","2026-02-17","Organic Search","Campaign 2724","22000","22724","3724","324","34","92616","3932.480000000003"
"MC002725","2026-02-18","Google Ads","Campaign 2725","22500","22725","3725","325","35","95375","4205.000000000004"
"MC002726","2026-02-19","Instagram","Campaign 2726","23000","22726","3726","326","36","98136","4478.080000000002"
"MC002727","2026-02-20","Email","Campaign 2727","23500","22727","3727","327","37","100899","4751.720000000001"
"MC002728","2026-02-21","Referral","Campaign 2728","24000","22728","3728","328","38","103664","5025.920000000002"
"MC002729","2026-02-22","Organic Search","Campaign 2729","24500","22729","3729","329","39","106431","5300.680000000004"
"MC002730","2026-02-23","Google Ads","Campaign 2730","25000","22730","3730","330","40","109200","5576.000000000004"
"MC002731","2026-02-24","Instagram","Campaign 2731","25500","22731","3731","331","41","111971","5851.880000000005"
"MC002732","2026-02-25","Email","Campaign 2732","26000","22732","3732","332","42","114744","6128.320000000003"
"MC002733","2026-02-26","Referral","Campaign 2733","26500","22733","3733","333","43","117519","6405.32"
"MC002734","2026-02-27","Organic Search","Campaign 2734","27000","22734","3734","334","44","120296","6682.880000000005"
"MC002735","2026-02-28","Google Ads","Campaign 2735","27500","22735","3735","335","45","123075","6961"
"MC002736","2026-03-01","Instagram","Campaign 2736","28000","22736","3736","336","46","125856","7239.68"
"MC002737","2026-03-02","Email","Campaign 2737","28500","22737","3737","337","47","128639","7518.9200000000055"
"MC002738","2026-03-03","Referral","Campaign 2738","29000","22738","3738","338","48","131424","7798.720000000001"
"MC002739","2026-03-04","Organic Search","Campaign 2739","29500","22739","3739","339","49","134211","8079.080000000002"
"MC002740","2026-03-05","Google Ads","Campaign 2740","30000","22740","3740","340","50","137000","8360.000000000007"
"MC002741","2026-03-06","Instagram","Campaign 2741","30500","22741","3741","341","51","139791","8641.480000000003"
"MC002742","2026-03-07","Email","Campaign 2742","31000","22742","3742","342","52","142584","8923.520000000004"
"MC002743","2026-03-08","Referral","Campaign 2743","31500","22743","3743","343","53","145379","9206.120000000003"
"MC002744","2026-03-09","Organic Search","Campaign 2744","32000","22744","3744","344","54","148176","9489.280000000006"
"MC002745","2026-03-10","Google Ads","Campaign 2745","32500","22745","3745","345","55","150975","9773.000000000007"
"MC002746","2026-03-11","Instagram","Campaign 2746","33000","22746","3746","346","56","153776","10057.280000000006"
"MC002747","2026-03-12","Email","Campaign 2747","33500","22747","3747","347","57","156579","10342.120000000003"
"MC002748","2026-03-13","Referral","Campaign 2748","34000","22748","3748","348","58","159384","10627.520000000004"
"MC002749","2026-03-14","Organic Search","Campaign 2749","34500","22749","3749","349","59","162191","10913.480000000003"
"MC002750","2026-03-15","Google Ads","Campaign 2750","35000","22750","3750","350","60","165000","11200.000000000007"
"MC002751","2026-03-16","Instagram","Campaign 2751","35500","22751","3751","351","61","167811","11487.080000000002"
"MC002752","2026-03-17","Email","Campaign 2752","36000","22752","3752","352","62","170624","11774.720000000001"
"MC002753","2026-03-18","Referral","Campaign 2753","36500","22753","3753","353","63","173439","12062.920000000006"
"MC002754","2026-03-19","Organic Search","Campaign 2754","37000","22754","3754","354","64","176256","12351.680000000008"
"MC002755","2026-03-20","Google Ads","Campaign 2755","37500","22755","3755","355","65","179075","12641.000000000007"
"MC002756","2026-03-21","Instagram","Campaign 2756","38000","22756","3756","356","66","181896","12930.880000000005"
"MC002757","2026-03-22","Email","Campaign 2757","38500","22757","3757","357","67","184719","13221.320000000007"
"MC002758","2026-03-23","Referral","Campaign 2758","39000","22758","3758","358","68","187544","13512.320000000007"
"MC002759","2026-03-24","Organic Search","Campaign 2759","39500","22759","3759","359","69","190371","13803.880000000005"
"MC002760","2026-03-25","Google Ads","Campaign 2760","40000","22760","3760","360","70","193200","14096.000000000007"
"MC002761","2026-03-26","Instagram","Campaign 2761","40500","22761","3761","361","71","196031","14388.680000000008"
"MC002762","2026-03-27","Email","Campaign 2762","41000","22762","3762","362","72","198864","14681.920000000006"
"MC002763","2026-03-28","Referral","Campaign 2763","41500","22763","3763","363","73","201699","14975.720000000008"
"MC002764","2026-03-29","Organic Search","Campaign 2764","42000","22764","3764","364","74","204536","15270.080000000009"
"MC002765","2026-03-30","Google Ads","Campaign 2765","42500","22765","3765","365","75","207375","15565.000000000007"
"MC002766","2026-03-31","Instagram","Campaign 2766","43000","22766","3766","366","76","210216","15860.480000000003"
"MC002767","2026-04-01","Email","Campaign 2767","43500","22767","3767","367","77","213059","16156.520000000004"
"MC002768","2026-04-02","Referral","Campaign 2768","44000","22768","3768","368","78","215904","16453.120000000003"
"MC002769","2026-04-03","Organic Search","Campaign 2769","44500","22769","3769","369","79","218751","16750.280000000006"
"MC002770","2026-04-04","Google Ads","Campaign 2770","45000","22770","3770","370","80","221600","17048.000000000007"
"MC002771","2026-04-05","Instagram","Campaign 2771","45500","22771","3771","371","81","224451","17346.280000000006"
"MC002772","2026-04-06","Email","Campaign 2772","46000","22772","3772","372","82","227304","17645.120000000003"
"MC002773","2026-04-07","Referral","Campaign 2773","46500","22773","3773","373","83","230159","17944.520000000004"
"MC002774","2026-04-08","Organic Search","Campaign 2774","47000","22774","3774","374","84","233016","18244.480000000003"
"MC002775","2026-04-09","Google Ads","Campaign 2775","47500","22775","3775","375","85","235875","18545"
"MC002776","2026-04-10","Instagram","Campaign 2776","48000","22776","3776","376","86","238736","18846.08"
"MC002777","2026-04-11","Email","Campaign 2777","48500","22777","3777","377","87","241599","19147.72"
"MC002778","2026-04-12","Referral","Campaign 2778","49000","22778","3778","378","88","244464","19449.920000000013"
"MC002779","2026-04-13","Organic Search","Campaign 2779","49500","22779","3779","379","89","247331","19752.680000000008"
"MC002780","2026-04-14","Google Ads","Campaign 2780","50000","22780","3780","380","90","250200","20056"
"MC002781","2026-04-15","Instagram","Campaign 2781","50500","22781","3781","381","91","253071","20359.880000000005"
"MC002782","2026-04-16","Email","Campaign 2782","51000","22782","3782","382","92","255944","20664.320000000007"
"MC002783","2026-04-17","Referral","Campaign 2783","51500","22783","3783","383","93","258819","20969.320000000007"
"MC002784","2026-04-18","Organic Search","Campaign 2784","52000","22784","3784","384","94","261696","21274.880000000005"
"MC002785","2026-04-19","Google Ads","Campaign 2785","52500","22785","3785","385","95","264575","21581"
"MC002786","2026-04-20","Instagram","Campaign 2786","53000","22786","3786","386","96","267456","21887.680000000008"
"MC002787","2026-04-21","Email","Campaign 2787","53500","22787","3787","387","97","270339","22194.920000000013"
"MC002788","2026-04-22","Referral","Campaign 2788","54000","22788","3788","388","98","273224","22502.72"
"MC002789","2026-04-23","Organic Search","Campaign 2789","54500","22789","3789","389","99","276111","22811.08"
"MC002790","2026-04-24","Google Ads","Campaign 2790","55000","22790","3790","390","10","27900","-47188"
"MC002791","2026-04-25","Instagram","Campaign 2791","55500","22791","3791","391","11","30701","-46903.72"
"MC002792","2026-04-26","Email","Campaign 2792","56000","22792","3792","392","12","33504","-46618.88"
"MC002793","2026-04-27","Referral","Campaign 2793","56500","22793","3793","393","13","36309","-46333.479999999996"
"MC002794","2026-04-28","Organic Search","Campaign 2794","57000","22794","3794","394","14","39116","-46047.52"
"MC002795","2026-04-29","Google Ads","Campaign 2795","57500","22795","3795","395","15","41925","-45761"
"MC002796","2026-04-30","Instagram","Campaign 2796","58000","22796","3796","396","16","44736","-45473.92"
"MC002797","2026-05-01","Email","Campaign 2797","58500","22797","3797","397","17","47549","-45186.28"
"MC002798","2026-05-02","Referral","Campaign 2798","59000","22798","3798","398","18","50364","-44898.08"
"MC002799","2026-05-03","Organic Search","Campaign 2799","59500","22799","3799","399","19","53181","-44609.32"
"MC002800","2026-05-04","Google Ads","Campaign 2800","10000","22800","3800","400","20","56000","5680.000000000002"
"MC002801","2026-05-05","Instagram","Campaign 2801","10500","22801","3801","401","21","58821","5969.880000000001"
"MC002802","2026-05-06","Email","Campaign 2802","11000","22802","3802","402","22","61644","6260.320000000003"
"MC002803","2026-05-07","Referral","Campaign 2803","11500","22803","3803","403","23","64469","6551.320000000003"
"MC002804","2026-05-08","Organic Search","Campaign 2804","12000","22804","3804","404","24","67296","6842.880000000001"
"MC002805","2026-05-09","Google Ads","Campaign 2805","12500","22805","3805","405","25","70125","7135.000000000004"
"MC002806","2026-05-10","Instagram","Campaign 2806","13000","22806","3806","406","26","72956","7427.68"
"MC002807","2026-05-11","Email","Campaign 2807","13500","22807","3807","407","27","75789","7720.920000000002"
"MC002808","2026-05-12","Referral","Campaign 2808","14000","22808","3808","408","28","78624","8014.720000000001"
"MC002809","2026-05-13","Organic Search","Campaign 2809","14500","22809","3809","409","29","81461","8309.080000000002"
"MC002810","2026-05-14","Google Ads","Campaign 2810","15000","22810","3810","410","30","84300","8604.000000000004"
"MC002811","2026-05-15","Instagram","Campaign 2811","15500","22811","3811","411","31","87141","8899.480000000003"
"MC002812","2026-05-16","Email","Campaign 2812","16000","22812","3812","412","32","89984","9195.520000000004"
"MC002813","2026-05-17","Referral","Campaign 2813","16500","22813","3813","413","33","92829","9492.120000000003"
"MC002814","2026-05-18","Organic Search","Campaign 2814","17000","22814","3814","414","34","95676","9789.280000000002"
"MC002815","2026-05-19","Google Ads","Campaign 2815","17500","22815","3815","415","35","98525","10087.000000000004"
"MC002816","2026-05-20","Instagram","Campaign 2816","18000","22816","3816","416","36","101376","10385.280000000002"
"MC002817","2026-05-21","Email","Campaign 2817","18500","22817","3817","417","37","104229","10684.120000000003"
"MC002818","2026-05-22","Referral","Campaign 2818","19000","22818","3818","418","38","107084","10983.520000000004"
"MC002819","2026-05-23","Organic Search","Campaign 2819","19500","22819","3819","419","39","109941","11283.480000000003"
"MC002820","2026-05-24","Google Ads","Campaign 2820","20000","22820","3820","420","40","112800","11584.000000000004"
"MC002821","2026-05-25","Instagram","Campaign 2821","20500","22821","3821","421","41","115661","11885.080000000002"
"MC002822","2026-05-26","Email","Campaign 2822","21000","22822","3822","422","42","118524","12186.720000000001"
"MC002823","2026-05-27","Referral","Campaign 2823","21500","22823","3823","423","43","121389","12488.920000000006"
"MC002824","2026-05-28","Organic Search","Campaign 2824","22000","22824","3824","424","44","124256","12791.68"
"MC002825","2026-05-29","Google Ads","Campaign 2825","22500","22825","3825","425","45","127125","13095"
"MC002826","2026-05-30","Instagram","Campaign 2826","23000","22826","3826","426","46","129996","13398.880000000005"
"MC002827","2026-05-31","Email","Campaign 2827","23500","22827","3827","427","47","132869","13703.320000000007"
"MC002828","2026-06-01","Referral","Campaign 2828","24000","22828","3828","428","48","135744","14008.320000000007"
"MC002829","2026-06-02","Organic Search","Campaign 2829","24500","22829","3829","429","49","138621","14313.880000000005"
"MC002830","2026-06-03","Google Ads","Campaign 2830","25000","22830","3830","430","50","141500","14620.000000000007"
"MC002831","2026-06-04","Instagram","Campaign 2831","25500","22831","3831","431","51","144381","14926.68"
"MC002832","2026-06-05","Email","Campaign 2832","26000","22832","3832","432","52","147264","15233.920000000006"
"MC002833","2026-06-06","Referral","Campaign 2833","26500","22833","3833","433","53","150149","15541.720000000001"
"MC002834","2026-06-07","Organic Search","Campaign 2834","27000","22834","3834","434","54","153036","15850.080000000002"
"MC002835","2026-06-08","Google Ads","Campaign 2835","27500","22835","3835","435","55","155925","16159.000000000007"
"MC002836","2026-06-09","Instagram","Campaign 2836","28000","22836","3836","436","56","158816","16468.480000000003"
"MC002837","2026-06-10","Email","Campaign 2837","28500","22837","3837","437","57","161709","16778.520000000004"
"MC002838","2026-06-11","Referral","Campaign 2838","29000","22838","3838","438","58","164604","17089.120000000003"
"MC002839","2026-06-12","Organic Search","Campaign 2839","29500","22839","3839","439","59","167501","17400.280000000006"
"MC002840","2026-06-13","Google Ads","Campaign 2840","30000","22840","3840","440","60","170400","17712.000000000007"
"MC002841","2026-06-14","Instagram","Campaign 2841","30500","22841","3841","441","61","173301","18024.280000000006"
"MC002842","2026-06-15","Email","Campaign 2842","31000","22842","3842","442","62","176204","18337.120000000003"
"MC002843","2026-06-16","Referral","Campaign 2843","31500","22843","3843","443","63","179109","18650.520000000004"
"MC002844","2026-06-17","Organic Search","Campaign 2844","32000","22844","3844","444","64","182016","18964.480000000003"
"MC002845","2026-06-18","Google Ads","Campaign 2845","32500","22845","3845","445","65","184925","19279.000000000007"
"MC002846","2026-06-19","Instagram","Campaign 2846","33000","22846","3846","446","66","187836","19594.08"
"MC002847","2026-06-20","Email","Campaign 2847","33500","22847","3847","447","67","190749","19909.72000000001"
"MC002848","2026-06-21","Referral","Campaign 2848","34000","22848","3848","448","68","193664","20225.920000000006"
"MC002849","2026-06-22","Organic Search","Campaign 2849","34500","22849","3849","449","69","196581","20542.680000000008"
"MC002850","2026-06-23","Google Ads","Campaign 2850","35000","22850","3850","450","70","199500","20860.000000000007"
"MC002851","2026-06-24","Instagram","Campaign 2851","35500","22851","3851","451","71","202421","21177.880000000005"
"MC002852","2026-06-25","Email","Campaign 2852","36000","22852","3852","452","72","205344","21496.320000000007"
"MC002853","2026-06-26","Referral","Campaign 2853","36500","22853","3853","453","73","208269","21815.320000000007"
"MC002854","2026-06-27","Organic Search","Campaign 2854","37000","22854","3854","454","74","211196","22134.880000000005"
"MC002855","2026-06-28","Google Ads","Campaign 2855","37500","22855","3855","455","75","214125","22455.000000000007"
"MC002856","2026-06-29","Instagram","Campaign 2856","38000","22856","3856","456","76","217056","22775.680000000008"
"MC002857","2026-06-30","Email","Campaign 2857","38500","22857","3857","457","77","219989","23096.920000000006"
"MC002858","2026-07-01","Referral","Campaign 2858","39000","22858","3858","458","78","222924","23418.72000000001"
"MC002859","2026-07-02","Organic Search","Campaign 2859","39500","22859","3859","459","79","225861","23741.08000000001"
"MC002860","2026-07-03","Google Ads","Campaign 2860","40000","22860","3860","460","80","228800","24064.000000000007"
"MC002861","2026-07-04","Instagram","Campaign 2861","40500","22861","3861","461","81","231741","24387.480000000003"
"MC002862","2026-07-05","Email","Campaign 2862","41000","22862","3862","462","82","234684","24711.520000000004"
"MC002863","2026-07-06","Referral","Campaign 2863","41500","22863","3863","463","83","237629","25036.12000000001"
"MC002864","2026-07-07","Organic Search","Campaign 2864","42000","22864","3864","464","84","240576","25361.280000000013"
"MC002865","2026-07-08","Google Ads","Campaign 2865","42500","22865","3865","465","85","243525","25687"
"MC002866","2026-07-09","Instagram","Campaign 2866","43000","22866","3866","466","86","246476","26013.280000000013"
"MC002867","2026-07-10","Email","Campaign 2867","43500","22867","3867","467","87","249429","26340.12000000001"
"MC002868","2026-07-11","Referral","Campaign 2868","44000","22868","3868","468","88","252384","26667.520000000004"
"MC002869","2026-07-12","Organic Search","Campaign 2869","44500","22869","3869","469","89","255341","26995.48000000001"
"MC002870","2026-07-13","Google Ads","Campaign 2870","45000","22870","3870","470","90","258300","27324"
"MC002871","2026-07-14","Instagram","Campaign 2871","45500","22871","3871","471","91","261261","27653.08"
"MC002872","2026-07-15","Email","Campaign 2872","46000","22872","3872","472","92","264224","27982.72"
"MC002873","2026-07-16","Referral","Campaign 2873","46500","22873","3873","473","93","267189","28312.920000000013"
"MC002874","2026-07-17","Organic Search","Campaign 2874","47000","22874","3874","474","94","270156","28643.680000000008"
"MC002875","2026-07-18","Google Ads","Campaign 2875","47500","22875","3875","475","95","273125","28975.000000000015"
"MC002876","2026-07-19","Instagram","Campaign 2876","48000","22876","3876","476","96","276096","29306.880000000005"
"MC002877","2026-07-20","Email","Campaign 2877","48500","22877","3877","477","97","279069","29639.320000000007"
"MC002878","2026-07-21","Referral","Campaign 2878","49000","22878","3878","478","98","282044","29972.320000000007"
"MC002879","2026-07-22","Organic Search","Campaign 2879","49500","22879","3879","479","99","285021","30305.880000000005"
"MC002880","2026-07-23","Google Ads","Campaign 2880","50000","22880","3880","480","10","28800","-41936"
"MC002881","2026-07-24","Instagram","Campaign 2881","50500","22881","3881","481","11","31691","-41626.52"
"MC002882","2026-07-25","Email","Campaign 2882","51000","22882","3882","482","12","34584","-41316.479999999996"
"MC002883","2026-07-26","Referral","Campaign 2883","51500","22883","3883","483","13","37479","-41005.88"
"MC002884","2026-07-27","Organic Search","Campaign 2884","52000","22884","3884","484","14","40376","-40694.72"
"MC002885","2026-07-28","Google Ads","Campaign 2885","52500","22885","3885","485","15","43275","-40383"
"MC002886","2026-07-29","Instagram","Campaign 2886","53000","22886","3886","486","16","46176","-40070.72"
"MC002887","2026-07-30","Email","Campaign 2887","53500","22887","3887","487","17","49079","-39757.88"
"MC002888","2026-07-31","Referral","Campaign 2888","54000","22888","3888","488","18","51984","-39444.479999999996"
"MC002889","2026-08-01","Organic Search","Campaign 2889","54500","22889","3889","489","19","54891","-39130.52"
"MC002890","2026-08-02","Google Ads","Campaign 2890","55000","22890","3890","490","20","57800","-38816"
"MC002891","2026-08-03","Instagram","Campaign 2891","55500","22891","3891","491","21","60711","-38500.92"
"MC002892","2026-08-04","Email","Campaign 2892","56000","22892","3892","492","22","63624","-38185.28"
"MC002893","2026-08-05","Referral","Campaign 2893","56500","22893","3893","493","23","66539","-37869.08"
"MC002894","2026-08-06","Organic Search","Campaign 2894","57000","22894","3894","494","24","69456","-37552.32"
"MC002895","2026-08-07","Google Ads","Campaign 2895","57500","22895","3895","495","25","72375","-37235"
"MC002896","2026-08-08","Instagram","Campaign 2896","58000","22896","3896","496","26","75296","-36917.119999999995"
"MC002897","2026-08-09","Email","Campaign 2897","58500","22897","3897","497","27","78219","-36598.67999999999"
"MC002898","2026-08-10","Referral","Campaign 2898","59000","22898","3898","498","28","81144","-36279.67999999999"
"MC002899","2026-08-11","Organic Search","Campaign 2899","59500","22899","3899","499","29","84071","-35960.119999999995"
"MC002900","2026-08-12","Google Ads","Campaign 2900","10000","22900","3900","500","30","87000","14360.000000000004"
"MC002901","2026-08-13","Instagram","Campaign 2901","10500","22901","3901","501","31","89931","14680.680000000004"
"MC002902","2026-08-14","Email","Campaign 2902","11000","22902","3902","502","32","92864","15001.920000000002"
"MC002903","2026-08-15","Referral","Campaign 2903","11500","22903","3903","503","33","95799","15323.720000000001"
"MC002904","2026-08-16","Organic Search","Campaign 2904","12000","22904","3904","504","34","98736","15646.080000000002"
"MC002905","2026-08-17","Google Ads","Campaign 2905","12500","22905","3905","505","35","101675","15969.000000000004"
"MC002906","2026-08-18","Instagram","Campaign 2906","13000","22906","3906","506","36","104616","16292.480000000003"
"MC002907","2026-08-19","Email","Campaign 2907","13500","22907","3907","507","37","107559","16616.520000000004"
"MC002908","2026-08-20","Referral","Campaign 2908","14000","22908","3908","508","38","110504","16941.120000000003"
"MC002909","2026-08-21","Organic Search","Campaign 2909","14500","22909","3909","509","39","113451","17266.280000000002"
"MC002910","2026-08-22","Google Ads","Campaign 2910","15000","22910","3910","510","40","116400","17592.000000000004"
"MC002911","2026-08-23","Instagram","Campaign 2911","15500","22911","3911","511","41","119351","17918.280000000006"
"MC002912","2026-08-24","Email","Campaign 2912","16000","22912","3912","512","42","122304","18245.120000000003"
"MC002913","2026-08-25","Referral","Campaign 2913","16500","22913","3913","513","43","125259","18572.520000000004"
"MC002914","2026-08-26","Organic Search","Campaign 2914","17000","22914","3914","514","44","128216","18900.480000000003"
"MC002915","2026-08-27","Google Ads","Campaign 2915","17500","22915","3915","515","45","131175","19229"
"MC002916","2026-08-28","Instagram","Campaign 2916","18000","22916","3916","516","46","134136","19558.08"
"MC002917","2026-08-29","Email","Campaign 2917","18500","22917","3917","517","47","137099","19887.72"
"MC002918","2026-08-30","Referral","Campaign 2918","19000","22918","3918","518","48","140064","20217.920000000006"
"MC002919","2026-08-31","Organic Search","Campaign 2919","19500","22919","3919","519","49","143031","20548.68"
"MC002920","2025-09-01","Google Ads","Campaign 2920","20000","22920","3920","520","50","146000","20880.000000000007"
"MC002921","2025-09-02","Instagram","Campaign 2921","20500","22921","3921","521","51","148971","21211.880000000005"
"MC002922","2025-09-03","Email","Campaign 2922","21000","22922","3922","522","52","151944","21544.320000000007"
"MC002923","2025-09-04","Referral","Campaign 2923","21500","22923","3923","523","53","154919","21877.320000000007"
"MC002924","2025-09-05","Organic Search","Campaign 2924","22000","22924","3924","524","54","157896","22210.880000000005"
"MC002925","2025-09-06","Google Ads","Campaign 2925","22500","22925","3925","525","55","160875","22545.000000000007"
"MC002926","2025-09-07","Instagram","Campaign 2926","23000","22926","3926","526","56","163856","22879.680000000008"
"MC002927","2025-09-08","Email","Campaign 2927","23500","22927","3927","527","57","166839","23214.920000000006"
"MC002928","2025-09-09","Referral","Campaign 2928","24000","22928","3928","528","58","169824","23550.72"
"MC002929","2025-09-10","Organic Search","Campaign 2929","24500","22929","3929","529","59","172811","23887.08"
"MC002930","2025-09-11","Google Ads","Campaign 2930","25000","22930","3930","530","60","175800","24224.000000000007"
"MC002931","2025-09-12","Instagram","Campaign 2931","25500","22931","3931","531","61","178791","24561.480000000003"
"MC002932","2025-09-13","Email","Campaign 2932","26000","22932","3932","532","62","181784","24899.520000000004"
"MC002933","2025-09-14","Referral","Campaign 2933","26500","22933","3933","533","63","184779","25238.120000000003"
"MC002934","2025-09-15","Organic Search","Campaign 2934","27000","22934","3934","534","64","187776","25577.280000000006"
"MC002935","2025-09-16","Google Ads","Campaign 2935","27500","22935","3935","535","65","190775","25917.000000000007"
"MC002936","2025-09-17","Instagram","Campaign 2936","28000","22936","3936","536","66","193776","26257.280000000006"
"MC002937","2025-09-18","Email","Campaign 2937","28500","22937","3937","537","67","196779","26598.120000000003"
"MC002938","2025-09-19","Referral","Campaign 2938","29000","22938","3938","538","68","199784","26939.520000000004"
"MC002939","2025-09-20","Organic Search","Campaign 2939","29500","22939","3939","539","69","202791","27281.480000000003"
"MC002940","2025-09-21","Google Ads","Campaign 2940","30000","22940","3940","540","70","205800","27624.000000000007"
"MC002941","2025-09-22","Instagram","Campaign 2941","30500","22941","3941","541","71","208811","27967.08000000001"
"MC002942","2025-09-23","Email","Campaign 2942","31000","22942","3942","542","72","211824","28310.72000000001"
"MC002943","2025-09-24","Referral","Campaign 2943","31500","22943","3943","543","73","214839","28654.920000000006"
"MC002944","2025-09-25","Organic Search","Campaign 2944","32000","22944","3944","544","74","217856","28999.680000000008"
"MC002945","2025-09-26","Google Ads","Campaign 2945","32500","22945","3945","545","75","220875","29345.000000000007"
"MC002946","2025-09-27","Instagram","Campaign 2946","33000","22946","3946","546","76","223896","29690.880000000005"
"MC002947","2025-09-28","Email","Campaign 2947","33500","22947","3947","547","77","226919","30037.320000000007"
"MC002948","2025-09-29","Referral","Campaign 2948","34000","22948","3948","548","78","229944","30384.320000000007"
"MC002949","2025-09-30","Organic Search","Campaign 2949","34500","22949","3949","549","79","232971","30731.880000000005"
"MC002950","2025-10-01","Google Ads","Campaign 2950","35000","22950","3950","550","80","236000","31080"
"MC002951","2025-10-02","Instagram","Campaign 2951","35500","22951","3951","551","81","239031","31428.680000000008"
"MC002952","2025-10-03","Email","Campaign 2952","36000","22952","3952","552","82","242064","31777.920000000013"
"MC002953","2025-10-04","Referral","Campaign 2953","36500","22953","3953","553","83","245099","32127.72"
"MC002954","2025-10-05","Organic Search","Campaign 2954","37000","22954","3954","554","84","248136","32478.08"
"MC002955","2025-10-06","Google Ads","Campaign 2955","37500","22955","3955","555","85","251175","32829"
"MC002956","2025-10-07","Instagram","Campaign 2956","38000","22956","3956","556","86","254216","33180.48000000001"
"MC002957","2025-10-08","Email","Campaign 2957","38500","22957","3957","557","87","257259","33532.520000000004"
"MC002958","2025-10-09","Referral","Campaign 2958","39000","22958","3958","558","88","260304","33885.12000000001"
"MC002959","2025-10-10","Organic Search","Campaign 2959","39500","22959","3959","559","89","263351","34238.28000000001"
"MC002960","2025-10-11","Google Ads","Campaign 2960","40000","22960","3960","560","90","266400","34592"
"MC002961","2025-10-12","Instagram","Campaign 2961","40500","22961","3961","561","91","269451","34946.28000000001"
"MC002962","2025-10-13","Email","Campaign 2962","41000","22962","3962","562","92","272504","35301.12000000001"
"MC002963","2025-10-14","Referral","Campaign 2963","41500","22963","3963","563","93","275559","35656.520000000004"
"MC002964","2025-10-15","Organic Search","Campaign 2964","42000","22964","3964","564","94","278616","36012.48000000001"
"MC002965","2025-10-16","Google Ads","Campaign 2965","42500","22965","3965","565","95","281675","36369.000000000015"
"MC002966","2025-10-17","Instagram","Campaign 2966","43000","22966","3966","566","96","284736","36726.08"
"MC002967","2025-10-18","Email","Campaign 2967","43500","22967","3967","567","97","287799","37083.72"
"MC002968","2025-10-19","Referral","Campaign 2968","44000","22968","3968","568","98","290864","37441.92000000001"
"MC002969","2025-10-20","Organic Search","Campaign 2969","44500","22969","3969","569","99","293931","37800.68000000001"
"MC002970","2025-10-21","Google Ads","Campaign 2970","45000","22970","3970","570","10","29700","-36684"
"MC002971","2025-10-22","Instagram","Campaign 2971","45500","22971","3971","571","11","32681","-36349.32"
"MC002972","2025-10-23","Email","Campaign 2972","46000","22972","3972","572","12","35664","-36014.08"
"MC002973","2025-10-24","Referral","Campaign 2973","46500","22973","3973","573","13","38649","-35678.28"
"MC002974","2025-10-25","Organic Search","Campaign 2974","47000","22974","3974","574","14","41636","-35341.92"
"MC002975","2025-10-26","Google Ads","Campaign 2975","47500","22975","3975","575","15","44625","-35005"
"MC002976","2025-10-27","Instagram","Campaign 2976","48000","22976","3976","576","16","47616","-34667.52"
"MC002977","2025-10-28","Email","Campaign 2977","48500","22977","3977","577","17","50609","-34329.479999999996"
"MC002978","2025-10-29","Referral","Campaign 2978","49000","22978","3978","578","18","53604","-33990.88"
"MC002979","2025-10-30","Organic Search","Campaign 2979","49500","22979","3979","579","19","56601","-33651.72"
"MC002980","2025-10-31","Google Ads","Campaign 2980","50000","22980","3980","580","20","59600","-33312"
"MC002981","2025-11-01","Instagram","Campaign 2981","50500","22981","3981","581","21","62601","-32971.72"
"MC002982","2025-11-02","Email","Campaign 2982","51000","22982","3982","582","22","65604","-32630.879999999997"
"MC002983","2025-11-03","Referral","Campaign 2983","51500","22983","3983","583","23","68609","-32289.48"
"MC002984","2025-11-04","Organic Search","Campaign 2984","52000","22984","3984","584","24","71616","-31947.519999999997"
"MC002985","2025-11-05","Google Ads","Campaign 2985","52500","22985","3985","585","25","74625","-31604.999999999996"
"MC002986","2025-11-06","Instagram","Campaign 2986","53000","22986","3986","586","26","77636","-31261.92"
"MC002987","2025-11-07","Email","Campaign 2987","53500","22987","3987","587","27","80649","-30918.28"
"MC002988","2025-11-08","Referral","Campaign 2988","54000","22988","3988","588","28","83664","-30574.079999999998"
"MC002989","2025-11-09","Organic Search","Campaign 2989","54500","22989","3989","589","29","86681","-30229.319999999996"
"MC002990","2025-11-10","Google Ads","Campaign 2990","55000","22990","3990","590","30","89700","-29883.999999999996"
"MC002991","2025-11-11","Instagram","Campaign 2991","55500","22991","3991","591","31","92721","-29538.12"
"MC002992","2025-11-12","Email","Campaign 2992","56000","22992","3992","592","32","95744","-29191.679999999997"
"MC002993","2025-11-13","Referral","Campaign 2993","56500","22993","3993","593","33","98769","-28844.679999999997"
"MC002994","2025-11-14","Organic Search","Campaign 2994","57000","22994","3994","594","34","101796","-28497.12"
"MC002995","2025-11-15","Google Ads","Campaign 2995","57500","22995","3995","595","35","104825","-28148.999999999996"
"MC002996","2025-11-16","Instagram","Campaign 2996","58000","22996","3996","596","36","107856","-27800.319999999996"
"MC002997","2025-11-17","Email","Campaign 2997","58500","22997","3997","597","37","110889","-27451.079999999998"
"MC002998","2025-11-18","Referral","Campaign 2998","59000","22998","3998","598","38","113924","-27101.279999999995"
"MC002999","2025-11-19","Organic Search","Campaign 2999","59500","22999","3999","599","39","116961","-26750.92"
"MC003000","2025-11-20","Google Ads","Campaign 3000","10000","23000","4000","100","40","80000","12400.000000000004"
"MC003001","2025-11-21","Instagram","Campaign 3001","10500","23001","4001","101","41","82041","12471.480000000003"
"MC003002","2025-11-22","Email","Campaign 3002","11000","23002","4002","102","42","84084","12543.52"
"MC003003","2025-11-23","Referral","Campaign 3003","11500","23003","4003","103","43","86129","12616.120000000003"
"MC003004","2025-11-24","Organic Search","Campaign 3004","12000","23004","4004","104","44","88176","12689.280000000002"
"MC003005","2025-11-25","Google Ads","Campaign 3005","12500","23005","4005","105","45","90225","12763.000000000004"
"MC003006","2025-11-26","Instagram","Campaign 3006","13000","23006","4006","106","46","92276","12837.280000000002"
"MC003007","2025-11-27","Email","Campaign 3007","13500","23007","4007","107","47","94329","12912.120000000003"
"MC003008","2025-11-28","Referral","Campaign 3008","14000","23008","4008","108","48","96384","12987.520000000004"
"MC003009","2025-11-29","Organic Search","Campaign 3009","14500","23009","4009","109","49","98441","13063.480000000003"
"MC003010","2025-11-30","Google Ads","Campaign 3010","15000","23010","4010","110","50","100500","13140.000000000004"
"MC003011","2025-12-01","Instagram","Campaign 3011","15500","23011","4011","111","51","102561","13217.080000000002"
"MC003012","2025-12-02","Email","Campaign 3012","16000","23012","4012","112","52","104624","13294.720000000001"
"MC003013","2025-12-03","Referral","Campaign 3013","16500","23013","4013","113","53","106689","13372.920000000002"
"MC003014","2025-12-04","Organic Search","Campaign 3014","17000","23014","4014","114","54","108756","13451.680000000004"
"MC003015","2025-12-05","Google Ads","Campaign 3015","17500","23015","4015","115","55","110825","13531.000000000004"
"MC003016","2025-12-06","Instagram","Campaign 3016","18000","23016","4016","116","56","112896","13610.880000000005"
"MC003017","2025-12-07","Email","Campaign 3017","18500","23017","4017","117","57","114969","13691.320000000003"
"MC003018","2025-12-08","Referral","Campaign 3018","19000","23018","4018","118","58","117044","13772.32"
"MC003019","2025-12-09","Organic Search","Campaign 3019","19500","23019","4019","119","59","119121","13853.880000000005"
"MC003020","2025-12-10","Google Ads","Campaign 3020","20000","23020","4020","120","60","121200","13936"
"MC003021","2025-12-11","Instagram","Campaign 3021","20500","23021","4021","121","61","123281","14018.68"
"MC003022","2025-12-12","Email","Campaign 3022","21000","23022","4022","122","62","125364","14101.920000000006"
"MC003023","2025-12-13","Referral","Campaign 3023","21500","23023","4023","123","63","127449","14185.720000000001"
"MC003024","2025-12-14","Organic Search","Campaign 3024","22000","23024","4024","124","64","129536","14270.080000000002"
"MC003025","2025-12-15","Google Ads","Campaign 3025","22500","23025","4025","125","65","131625","14355"
"MC003026","2025-12-16","Instagram","Campaign 3026","23000","23026","4026","126","66","133716","14440.480000000003"
"MC003027","2025-12-17","Email","Campaign 3027","23500","23027","4027","127","67","135809","14526.520000000004"
"MC003028","2025-12-18","Referral","Campaign 3028","24000","23028","4028","128","68","137904","14613.120000000003"
"MC003029","2025-12-19","Organic Search","Campaign 3029","24500","23029","4029","129","69","140001","14700.280000000006"
"MC003030","2025-12-20","Google Ads","Campaign 3030","25000","23030","4030","130","70","142100","14788.000000000007"
"MC003031","2025-12-21","Instagram","Campaign 3031","25500","23031","4031","131","71","144201","14876.280000000006"
"MC003032","2025-12-22","Email","Campaign 3032","26000","23032","4032","132","72","146304","14965.120000000003"
"MC003033","2025-12-23","Referral","Campaign 3033","26500","23033","4033","133","73","148409","15054.520000000004"
"MC003034","2025-12-24","Organic Search","Campaign 3034","27000","23034","4034","134","74","150516","15144.480000000003"
"MC003035","2025-12-25","Google Ads","Campaign 3035","27500","23035","4035","135","75","152625","15235.000000000007"
"MC003036","2025-12-26","Instagram","Campaign 3036","28000","23036","4036","136","76","154736","15326.080000000002"
"MC003037","2025-12-27","Email","Campaign 3037","28500","23037","4037","137","77","156849","15417.720000000001"
"MC003038","2025-12-28","Referral","Campaign 3038","29000","23038","4038","138","78","158964","15509.920000000006"
"MC003039","2025-12-29","Organic Search","Campaign 3039","29500","23039","4039","139","79","161081","15602.680000000008"
"MC003040","2025-12-30","Google Ads","Campaign 3040","30000","23040","4040","140","80","163200","15696.000000000007"
"MC003041","2025-12-31","Instagram","Campaign 3041","30500","23041","4041","141","81","165321","15789.880000000005"
"MC003042","2026-01-01","Email","Campaign 3042","31000","23042","4042","142","82","167444","15884.320000000007"
"MC003043","2026-01-02","Referral","Campaign 3043","31500","23043","4043","143","83","169569","15979.320000000007"
"MC003044","2026-01-03","Organic Search","Campaign 3044","32000","23044","4044","144","84","171696","16074.880000000005"
"MC003045","2026-01-04","Google Ads","Campaign 3045","32500","23045","4045","145","85","173825","16171.000000000007"
"MC003046","2026-01-05","Instagram","Campaign 3046","33000","23046","4046","146","86","175956","16267.680000000008"
"MC003047","2026-01-06","Email","Campaign 3047","33500","23047","4047","147","87","178089","16364.920000000006"
"MC003048","2026-01-07","Referral","Campaign 3048","34000","23048","4048","148","88","180224","16462.72"
"MC003049","2026-01-08","Organic Search","Campaign 3049","34500","23049","4049","149","89","182361","16561.08"
"MC003050","2026-01-09","Google Ads","Campaign 3050","35000","23050","4050","150","90","184500","16660.000000000007"
"MC003051","2026-01-10","Instagram","Campaign 3051","35500","23051","4051","151","91","186641","16759.480000000003"
"MC003052","2026-01-11","Email","Campaign 3052","36000","23052","4052","152","92","188784","16859.520000000004"
"MC003053","2026-01-12","Referral","Campaign 3053","36500","23053","4053","153","93","190929","16960.120000000003"
"MC003054","2026-01-13","Organic Search","Campaign 3054","37000","23054","4054","154","94","193076","17061.280000000006"
"MC003055","2026-01-14","Google Ads","Campaign 3055","37500","23055","4055","155","95","195225","17163.000000000007"
"MC003056","2026-01-15","Instagram","Campaign 3056","38000","23056","4056","156","96","197376","17265.280000000006"
"MC003057","2026-01-16","Email","Campaign 3057","38500","23057","4057","157","97","199529","17368.120000000003"
"MC003058","2026-01-17","Referral","Campaign 3058","39000","23058","4058","158","98","201684","17471.520000000004"
"MC003059","2026-01-18","Organic Search","Campaign 3059","39500","23059","4059","159","99","203841","17575.480000000003"
"MC003060","2026-01-19","Google Ads","Campaign 3060","40000","23060","4060","160","10","20600","-34232"
"MC003061","2026-01-20","Instagram","Campaign 3061","40500","23061","4061","161","11","22671","-34152.119999999995"
"MC003062","2026-01-21","Email","Campaign 3062","41000","23062","4062","162","12","24744","-34071.68"
"MC003063","2026-01-22","Referral","Campaign 3063","41500","23063","4063","163","13","26819","-33990.68"
"MC003064","2026-01-23","Organic Search","Campaign 3064","42000","23064","4064","164","14","28896","-33909.119999999995"
"MC003065","2026-01-24","Google Ads","Campaign 3065","42500","23065","4065","165","15","30975","-33827"
"MC003066","2026-01-25","Instagram","Campaign 3066","43000","23066","4066","166","16","33056","-33744.32"
"MC003067","2026-01-26","Email","Campaign 3067","43500","23067","4067","167","17","35139","-33661.08"
"MC003068","2026-01-27","Referral","Campaign 3068","44000","23068","4068","168","18","37224","-33577.28"
"MC003069","2026-01-28","Organic Search","Campaign 3069","44500","23069","4069","169","19","39311","-33492.92"
"MC003070","2026-01-29","Google Ads","Campaign 3070","45000","23070","4070","170","20","41400","-33408"
"MC003071","2026-01-30","Instagram","Campaign 3071","45500","23071","4071","171","21","43491","-33322.52"
"MC003072","2026-01-31","Email","Campaign 3072","46000","23072","4072","172","22","45584","-33236.479999999996"
"MC003073","2026-02-01","Referral","Campaign 3073","46500","23073","4073","173","23","47679","-33149.88"
"MC003074","2026-02-02","Organic Search","Campaign 3074","47000","23074","4074","174","24","49776","-33062.72"
"MC003075","2026-02-03","Google Ads","Campaign 3075","47500","23075","4075","175","25","51875","-32975"
"MC003076","2026-02-04","Instagram","Campaign 3076","48000","23076","4076","176","26","53976","-32886.72"
"MC003077","2026-02-05","Email","Campaign 3077","48500","23077","4077","177","27","56079","-32797.88"
"MC003078","2026-02-06","Referral","Campaign 3078","49000","23078","4078","178","28","58184","-32708.479999999996"
"MC003079","2026-02-07","Organic Search","Campaign 3079","49500","23079","4079","179","29","60291","-32618.519999999997"
"MC003080","2026-02-08","Google Ads","Campaign 3080","50000","23080","4080","180","30","62400","-32528"
"MC003081","2026-02-09","Instagram","Campaign 3081","50500","23081","4081","181","31","64511","-32436.92"
"MC003082","2026-02-10","Email","Campaign 3082","51000","23082","4082","182","32","66624","-32345.28"
"MC003083","2026-02-11","Referral","Campaign 3083","51500","23083","4083","183","33","68739","-32253.079999999998"
"MC003084","2026-02-12","Organic Search","Campaign 3084","52000","23084","4084","184","34","70856","-32160.32"
"MC003085","2026-02-13","Google Ads","Campaign 3085","52500","23085","4085","185","35","72975","-32066.999999999996"
"MC003086","2026-02-14","Instagram","Campaign 3086","53000","23086","4086","186","36","75096","-31973.12"
"MC003087","2026-02-15","Email","Campaign 3087","53500","23087","4087","187","37","77219","-31878.679999999997"
"MC003088","2026-02-16","Referral","Campaign 3088","54000","23088","4088","188","38","79344","-31783.679999999997"
"MC003089","2026-02-17","Organic Search","Campaign 3089","54500","23089","4089","189","39","81471","-31688.12"
"MC003090","2026-02-18","Google Ads","Campaign 3090","55000","23090","4090","190","40","83600","-31591.999999999996"
"MC003091","2026-02-19","Instagram","Campaign 3091","55500","23091","4091","191","41","85731","-31495.319999999996"
"MC003092","2026-02-20","Email","Campaign 3092","56000","23092","4092","192","42","87864","-31398.079999999998"
"MC003093","2026-02-21","Referral","Campaign 3093","56500","23093","4093","193","43","89999","-31300.28"
"MC003094","2026-02-22","Organic Search","Campaign 3094","57000","23094","4094","194","44","92136","-31201.92"
"MC003095","2026-02-23","Google Ads","Campaign 3095","57500","23095","4095","195","45","94275","-31102.999999999996"
"MC003096","2026-02-24","Instagram","Campaign 3096","58000","23096","4096","196","46","96416","-31003.519999999997"
"MC003097","2026-02-25","Email","Campaign 3097","58500","23097","4097","197","47","98559","-30903.479999999996"
"MC003098","2026-02-26","Referral","Campaign 3098","59000","23098","4098","198","48","100704","-30802.879999999997"
"MC003099","2026-02-27","Organic Search","Campaign 3099","59500","23099","4099","199","49","102851","-30701.719999999998"
"MC003100","2026-02-28","Google Ads","Campaign 3100","10000","23100","4100","200","50","105000","19400.000000000004"
"MC003101","2026-03-01","Instagram","Campaign 3101","10500","23101","4101","201","51","107151","19502.280000000002"
"MC003102","2026-03-02","Email","Campaign 3102","11000","23102","4102","202","52","109304","19605.120000000003"
"MC003103","2026-03-03","Referral","Campaign 3103","11500","23103","4103","203","53","111459","19708.520000000004"
"MC003104","2026-03-04","Organic Search","Campaign 3104","12000","23104","4104","204","54","113616","19812.480000000003"
"MC003105","2026-03-05","Google Ads","Campaign 3105","12500","23105","4105","205","55","115775","19917.000000000004"
"MC003106","2026-03-06","Instagram","Campaign 3106","13000","23106","4106","206","56","117936","20022.08"
"MC003107","2026-03-07","Email","Campaign 3107","13500","23107","4107","207","57","120099","20127.72"
"MC003108","2026-03-08","Referral","Campaign 3108","14000","23108","4108","208","58","122264","20233.920000000006"
"MC003109","2026-03-09","Organic Search","Campaign 3109","14500","23109","4109","209","59","124431","20340.68"
"MC003110","2026-03-10","Google Ads","Campaign 3110","15000","23110","4110","210","60","126600","20448"
"MC003111","2026-03-11","Instagram","Campaign 3111","15500","23111","4111","211","61","128771","20555.880000000005"
"MC003112","2026-03-12","Email","Campaign 3112","16000","23112","4112","212","62","130944","20664.320000000007"
"MC003113","2026-03-13","Referral","Campaign 3113","16500","23113","4113","213","63","133119","20773.320000000007"
"MC003114","2026-03-14","Organic Search","Campaign 3114","17000","23114","4114","214","64","135296","20882.880000000005"
"MC003115","2026-03-15","Google Ads","Campaign 3115","17500","23115","4115","215","65","137475","20993.000000000007"
"MC003116","2026-03-16","Instagram","Campaign 3116","18000","23116","4116","216","66","139656","21103.68"
"MC003117","2026-03-17","Email","Campaign 3117","18500","23117","4117","217","67","141839","21214.920000000006"
"MC003118","2026-03-18","Referral","Campaign 3118","19000","23118","4118","218","68","144024","21326.72"
"MC003119","2026-03-19","Organic Search","Campaign 3119","19500","23119","4119","219","69","146211","21439.08"
"MC003120","2026-03-20","Google Ads","Campaign 3120","20000","23120","4120","220","70","148400","21552.000000000007"
"MC003121","2026-03-21","Instagram","Campaign 3121","20500","23121","4121","221","71","150591","21665.480000000003"
"MC003122","2026-03-22","Email","Campaign 3122","21000","23122","4122","222","72","152784","21779.520000000004"
"MC003123","2026-03-23","Referral","Campaign 3123","21500","23123","4123","223","73","154979","21894.120000000003"
"MC003124","2026-03-24","Organic Search","Campaign 3124","22000","23124","4124","224","74","157176","22009.280000000006"
"MC003125","2026-03-25","Google Ads","Campaign 3125","22500","23125","4125","225","75","159375","22125.000000000007"
"MC003126","2026-03-26","Instagram","Campaign 3126","23000","23126","4126","226","76","161576","22241.280000000006"
"MC003127","2026-03-27","Email","Campaign 3127","23500","23127","4127","227","77","163779","22358.120000000003"
"MC003128","2026-03-28","Referral","Campaign 3128","24000","23128","4128","228","78","165984","22475.520000000004"
"MC003129","2026-03-29","Organic Search","Campaign 3129","24500","23129","4129","229","79","168191","22593.480000000003"
"MC003130","2026-03-30","Google Ads","Campaign 3130","25000","23130","4130","230","80","170400","22712.000000000007"
"MC003131","2026-03-31","Instagram","Campaign 3131","25500","23131","4131","231","81","172611","22831.08"
"MC003132","2026-04-01","Email","Campaign 3132","26000","23132","4132","232","82","174824","22950.72"
"MC003133","2026-04-02","Referral","Campaign 3133","26500","23133","4133","233","83","177039","23070.920000000006"
"MC003134","2026-04-03","Organic Search","Campaign 3134","27000","23134","4134","234","84","179256","23191.680000000008"
"MC003135","2026-04-04","Google Ads","Campaign 3135","27500","23135","4135","235","85","181475","23313.000000000007"
"MC003136","2026-04-05","Instagram","Campaign 3136","28000","23136","4136","236","86","183696","23434.880000000005"
"MC003137","2026-04-06","Email","Campaign 3137","28500","23137","4137","237","87","185919","23557.320000000007"
"MC003138","2026-04-07","Referral","Campaign 3138","29000","23138","4138","238","88","188144","23680.320000000007"
"MC003139","2026-04-08","Organic Search","Campaign 3139","29500","23139","4139","239","89","190371","23803.880000000005"
"MC003140","2026-04-09","Google Ads","Campaign 3140","30000","23140","4140","240","90","192600","23928.000000000007"
"MC003141","2026-04-10","Instagram","Campaign 3141","30500","23141","4141","241","91","194831","24052.680000000008"
"MC003142","2026-04-11","Email","Campaign 3142","31000","23142","4142","242","92","197064","24177.920000000006"
"MC003143","2026-04-12","Referral","Campaign 3143","31500","23143","4143","243","93","199299","24303.72000000001"
"MC003144","2026-04-13","Organic Search","Campaign 3144","32000","23144","4144","244","94","201536","24430.08"
"MC003145","2026-04-14","Google Ads","Campaign 3145","32500","23145","4145","245","95","203775","24557.000000000007"
"MC003146","2026-04-15","Instagram","Campaign 3146","33000","23146","4146","246","96","206016","24684.480000000003"
"MC003147","2026-04-16","Email","Campaign 3147","33500","23147","4147","247","97","208259","24812.520000000004"
"MC003148","2026-04-17","Referral","Campaign 3148","34000","23148","4148","248","98","210504","24941.120000000003"
"MC003149","2026-04-18","Organic Search","Campaign 3149","34500","23149","4149","249","99","212751","25070.280000000006"
"MC003150","2026-04-19","Google Ads","Campaign 3150","35000","23150","4150","250","10","21500","-28980"
"MC003151","2026-04-20","Instagram","Campaign 3151","35500","23151","4151","251","11","23661","-28874.92"
"MC003152","2026-04-21","Email","Campaign 3152","36000","23152","4152","252","12","25824","-28769.28"
"MC003153","2026-04-22","Referral","Campaign 3153","36500","23153","4153","253","13","27989","-28663.079999999998"
"MC003154","2026-04-23","Organic Search","Campaign 3154","37000","23154","4154","254","14","30156","-28556.32"
"MC003155","2026-04-24","Google Ads","Campaign 3155","37500","23155","4155","255","15","32325","-28449"
"MC003156","2026-04-25","Instagram","Campaign 3156","38000","23156","4156","256","16","34496","-28341.12"
"MC003157","2026-04-26","Email","Campaign 3157","38500","23157","4157","257","17","36669","-28232.68"
"MC003158","2026-04-27","Referral","Campaign 3158","39000","23158","4158","258","18","38844","-28123.68"
"MC003159","2026-04-28","Organic Search","Campaign 3159","39500","23159","4159","259","19","41021","-28014.12"
"MC003160","2026-04-29","Google Ads","Campaign 3160","40000","23160","4160","260","20","43200","-27904"
"MC003161","2026-04-30","Instagram","Campaign 3161","40500","23161","4161","261","21","45381","-27793.32"
"MC003162","2026-05-01","Email","Campaign 3162","41000","23162","4162","262","22","47564","-27682.079999999998"
"MC003163","2026-05-02","Referral","Campaign 3163","41500","23163","4163","263","23","49749","-27570.28"
"MC003164","2026-05-03","Organic Search","Campaign 3164","42000","23164","4164","264","24","51936","-27457.92"
"MC003165","2026-05-04","Google Ads","Campaign 3165","42500","23165","4165","265","25","54125","-27345"
"MC003166","2026-05-05","Instagram","Campaign 3166","43000","23166","4166","266","26","56316","-27231.519999999997"
"MC003167","2026-05-06","Email","Campaign 3167","43500","23167","4167","267","27","58509","-27117.479999999996"
"MC003168","2026-05-07","Referral","Campaign 3168","44000","23168","4168","268","28","60704","-27002.879999999997"
"MC003169","2026-05-08","Organic Search","Campaign 3169","44500","23169","4169","269","29","62901","-26887.719999999998"
"MC003170","2026-05-09","Google Ads","Campaign 3170","45000","23170","4170","270","30","65100","-26772"
"MC003171","2026-05-10","Instagram","Campaign 3171","45500","23171","4171","271","31","67301","-26655.719999999998"
"MC003172","2026-05-11","Email","Campaign 3172","46000","23172","4172","272","32","69504","-26538.879999999997"
"MC003173","2026-05-12","Referral","Campaign 3173","46500","23173","4173","273","33","71709","-26421.48"
"MC003174","2026-05-13","Organic Search","Campaign 3174","47000","23174","4174","274","34","73916","-26303.519999999997"
"MC003175","2026-05-14","Google Ads","Campaign 3175","47500","23175","4175","275","35","76125","-26184.999999999996"
"MC003176","2026-05-15","Instagram","Campaign 3176","48000","23176","4176","276","36","78336","-26065.92"
"MC003177","2026-05-16","Email","Campaign 3177","48500","23177","4177","277","37","80549","-25946.28"
"MC003178","2026-05-17","Referral","Campaign 3178","49000","23178","4178","278","38","82764","-25826.079999999998"
"MC003179","2026-05-18","Organic Search","Campaign 3179","49500","23179","4179","279","39","84981","-25705.319999999996"
"MC003180","2026-05-19","Google Ads","Campaign 3180","50000","23180","4180","280","40","87200","-25583.999999999996"
"MC003181","2026-05-20","Instagram","Campaign 3181","50500","23181","4181","281","41","89421","-25462.12"
"MC003182","2026-05-21","Email","Campaign 3182","51000","23182","4182","282","42","91644","-25339.679999999997"
"MC003183","2026-05-22","Referral","Campaign 3183","51500","23183","4183","283","43","93869","-25216.679999999997"
"MC003184","2026-05-23","Organic Search","Campaign 3184","52000","23184","4184","284","44","96096","-25093.12"
"MC003185","2026-05-24","Google Ads","Campaign 3185","52500","23185","4185","285","45","98325","-24968.999999999996"
"MC003186","2026-05-25","Instagram","Campaign 3186","53000","23186","4186","286","46","100556","-24844.319999999996"
"MC003187","2026-05-26","Email","Campaign 3187","53500","23187","4187","287","47","102789","-24719.079999999998"
"MC003188","2026-05-27","Referral","Campaign 3188","54000","23188","4188","288","48","105024","-24593.28"
"MC003189","2026-05-28","Organic Search","Campaign 3189","54500","23189","4189","289","49","107261","-24466.92"
"MC003190","2026-05-29","Google Ads","Campaign 3190","55000","23190","4190","290","50","109500","-24339.999999999996"
"MC003191","2026-05-30","Instagram","Campaign 3191","55500","23191","4191","291","51","111741","-24212.519999999997"
"MC003192","2026-05-31","Email","Campaign 3192","56000","23192","4192","292","52","113984","-24084.479999999996"
"MC003193","2026-06-01","Referral","Campaign 3193","56500","23193","4193","293","53","116229","-23955.879999999997"
"MC003194","2026-06-02","Organic Search","Campaign 3194","57000","23194","4194","294","54","118476","-23826.719999999994"
"MC003195","2026-06-03","Google Ads","Campaign 3195","57500","23195","4195","295","55","120725","-23697"
"MC003196","2026-06-04","Instagram","Campaign 3196","58000","23196","4196","296","56","122976","-23566.719999999994"
"MC003197","2026-06-05","Email","Campaign 3197","58500","23197","4197","297","57","125229","-23435.879999999997"
"MC003198","2026-06-06","Referral","Campaign 3198","59000","23198","4198","298","58","127484","-23304.479999999996"
"MC003199","2026-06-07","Organic Search","Campaign 3199","59500","23199","4199","299","59","129741","-23172.519999999997"
"MC003200","2026-06-08","Google Ads","Campaign 3200","10000","23200","4200","300","60","132000","26960"
"MC003201","2026-06-09","Instagram","Campaign 3201","10500","23201","4201","301","61","134261","27093.08"
"MC003202","2026-06-10","Email","Campaign 3202","11000","23202","4202","302","62","136524","27226.72"
"MC003203","2026-06-11","Referral","Campaign 3203","11500","23203","4203","303","63","138789","27360.920000000006"
"MC003204","2026-06-12","Organic Search","Campaign 3204","12000","23204","4204","304","64","141056","27495.68"
"MC003205","2026-06-13","Google Ads","Campaign 3205","12500","23205","4205","305","65","143325","27631.000000000007"
"MC003206","2026-06-14","Instagram","Campaign 3206","13000","23206","4206","306","66","145596","27766.880000000005"
"MC003207","2026-06-15","Email","Campaign 3207","13500","23207","4207","307","67","147869","27903.320000000007"
"MC003208","2026-06-16","Referral","Campaign 3208","14000","23208","4208","308","68","150144","28040.320000000007"
"MC003209","2026-06-17","Organic Search","Campaign 3209","14500","23209","4209","309","69","152421","28177.880000000005"
"MC003210","2026-06-18","Google Ads","Campaign 3210","15000","23210","4210","310","70","154700","28316.000000000007"
"MC003211","2026-06-19","Instagram","Campaign 3211","15500","23211","4211","311","71","156981","28454.680000000008"
"MC003212","2026-06-20","Email","Campaign 3212","16000","23212","4212","312","72","159264","28593.920000000006"
"MC003213","2026-06-21","Referral","Campaign 3213","16500","23213","4213","313","73","161549","28733.72"
"MC003214","2026-06-22","Organic Search","Campaign 3214","17000","23214","4214","314","74","163836","28874.08"
"MC003215","2026-06-23","Google Ads","Campaign 3215","17500","23215","4215","315","75","166125","29015.000000000007"
"MC003216","2026-06-24","Instagram","Campaign 3216","18000","23216","4216","316","76","168416","29156.480000000003"
"MC003217","2026-06-25","Email","Campaign 3217","18500","23217","4217","317","77","170709","29298.520000000004"
"MC003218","2026-06-26","Referral","Campaign 3218","19000","23218","4218","318","78","173004","29441.120000000003"
"MC003219","2026-06-27","Organic Search","Campaign 3219","19500","23219","4219","319","79","175301","29584.280000000006"
"MC003220","2026-06-28","Google Ads","Campaign 3220","20000","23220","4220","320","80","177600","29728.000000000007"
"MC003221","2026-06-29","Instagram","Campaign 3221","20500","23221","4221","321","81","179901","29872.280000000006"
"MC003222","2026-06-30","Email","Campaign 3222","21000","23222","4222","322","82","182204","30017.120000000003"
"MC003223","2026-07-01","Referral","Campaign 3223","21500","23223","4223","323","83","184509","30162.520000000004"
"MC003224","2026-07-02","Organic Search","Campaign 3224","22000","23224","4224","324","84","186816","30308.480000000003"
"MC003225","2026-07-03","Google Ads","Campaign 3225","22500","23225","4225","325","85","189125","30455.000000000007"
"MC003226","2026-07-04","Instagram","Campaign 3226","23000","23226","4226","326","86","191436","30602.08"
"MC003227","2026-07-05","Email","Campaign 3227","23500","23227","4227","327","87","193749","30749.72000000001"
"MC003228","2026-07-06","Referral","Campaign 3228","24000","23228","4228","328","88","196064","30897.920000000006"
"MC003229","2026-07-07","Organic Search","Campaign 3229","24500","23229","4229","329","89","198381","31046.680000000008"
"MC003230","2026-07-08","Google Ads","Campaign 3230","25000","23230","4230","330","90","200700","31196.000000000007"
"MC003231","2026-07-09","Instagram","Campaign 3231","25500","23231","4231","331","91","203021","31345.880000000005"
"MC003232","2026-07-10","Email","Campaign 3232","26000","23232","4232","332","92","205344","31496.320000000007"
"MC003233","2026-07-11","Referral","Campaign 3233","26500","23233","4233","333","93","207669","31647.320000000007"
"MC003234","2026-07-12","Organic Search","Campaign 3234","27000","23234","4234","334","94","209996","31798.880000000005"
"MC003235","2026-07-13","Google Ads","Campaign 3235","27500","23235","4235","335","95","212325","31951.000000000007"
"MC003236","2026-07-14","Instagram","Campaign 3236","28000","23236","4236","336","96","214656","32103.680000000008"
"MC003237","2026-07-15","Email","Campaign 3237","28500","23237","4237","337","97","216989","32256.920000000006"
"MC003238","2026-07-16","Referral","Campaign 3238","29000","23238","4238","338","98","219324","32410.72000000001"
"MC003239","2026-07-17","Organic Search","Campaign 3239","29500","23239","4239","339","99","221661","32565.08000000001"
"MC003240","2026-07-18","Google Ads","Campaign 3240","30000","23240","4240","340","10","22400","-23728"
"MC003241","2026-07-19","Instagram","Campaign 3241","30500","23241","4241","341","11","24651","-23597.72"
"MC003242","2026-07-20","Email","Campaign 3242","31000","23242","4242","342","12","26904","-23466.879999999997"
"MC003243","2026-07-21","Referral","Campaign 3243","31500","23243","4243","343","13","29159","-23335.48"
"MC003244","2026-07-22","Organic Search","Campaign 3244","32000","23244","4244","344","14","31416","-23203.519999999997"
"MC003245","2026-07-23","Google Ads","Campaign 3245","32500","23245","4245","345","15","33675","-23071"
"MC003246","2026-07-24","Instagram","Campaign 3246","33000","23246","4246","346","16","35936","-22937.92"
"MC003247","2026-07-25","Email","Campaign 3247","33500","23247","4247","347","17","38199","-22804.28"
"MC003248","2026-07-26","Referral","Campaign 3248","34000","23248","4248","348","18","40464","-22670.079999999998"
"MC003249","2026-07-27","Organic Search","Campaign 3249","34500","23249","4249","349","19","42731","-22535.32"
"MC003250","2026-07-28","Google Ads","Campaign 3250","35000","23250","4250","350","20","45000","-22400"
"MC003251","2026-07-29","Instagram","Campaign 3251","35500","23251","4251","351","21","47271","-22264.12"
"MC003252","2026-07-30","Email","Campaign 3252","36000","23252","4252","352","22","49544","-22127.68"
"MC003253","2026-07-31","Referral","Campaign 3253","36500","23253","4253","353","23","51819","-21990.68"
"MC003254","2026-08-01","Organic Search","Campaign 3254","37000","23254","4254","354","24","54096","-21853.12"
"MC003255","2026-08-02","Google Ads","Campaign 3255","37500","23255","4255","355","25","56375","-21715"
"MC003256","2026-08-03","Instagram","Campaign 3256","38000","23256","4256","356","26","58656","-21576.32"
"MC003257","2026-08-04","Email","Campaign 3257","38500","23257","4257","357","27","60939","-21437.079999999998"
"MC003258","2026-08-05","Referral","Campaign 3258","39000","23258","4258","358","28","63224","-21297.28"
"MC003259","2026-08-06","Organic Search","Campaign 3259","39500","23259","4259","359","29","65511","-21156.92"
"MC003260","2026-08-07","Google Ads","Campaign 3260","40000","23260","4260","360","30","67800","-21016"
"MC003261","2026-08-08","Instagram","Campaign 3261","40500","23261","4261","361","31","70091","-20874.519999999997"
"MC003262","2026-08-09","Email","Campaign 3262","41000","23262","4262","362","32","72384","-20732.48"
"MC003263","2026-08-10","Referral","Campaign 3263","41500","23263","4263","363","33","74679","-20589.879999999997"
"MC003264","2026-08-11","Organic Search","Campaign 3264","42000","23264","4264","364","34","76976","-20446.719999999998"
"MC003265","2026-08-12","Google Ads","Campaign 3265","42500","23265","4265","365","35","79275","-20302.999999999996"
"MC003266","2026-08-13","Instagram","Campaign 3266","43000","23266","4266","366","36","81576","-20158.719999999998"
"MC003267","2026-08-14","Email","Campaign 3267","43500","23267","4267","367","37","83879","-20013.879999999997"
"MC003268","2026-08-15","Referral","Campaign 3268","44000","23268","4268","368","38","86184","-19868.479999999996"
"MC003269","2026-08-16","Organic Search","Campaign 3269","44500","23269","4269","369","39","88491","-19722.519999999997"
"MC003270","2026-08-17","Google Ads","Campaign 3270","45000","23270","4270","370","40","90800","-19575.999999999996"
"MC003271","2026-08-18","Instagram","Campaign 3271","45500","23271","4271","371","41","93111","-19428.92"
"MC003272","2026-08-19","Email","Campaign 3272","46000","23272","4272","372","42","95424","-19281.28"
"MC003273","2026-08-20","Referral","Campaign 3273","46500","23273","4273","373","43","97739","-19133.079999999998"
"MC003274","2026-08-21","Organic Search","Campaign 3274","47000","23274","4274","374","44","100056","-18984.319999999996"
"MC003275","2026-08-22","Google Ads","Campaign 3275","47500","23275","4275","375","45","102375","-18834.999999999996"
"MC003276","2026-08-23","Instagram","Campaign 3276","48000","23276","4276","376","46","104696","-18685.12"
"MC003277","2026-08-24","Email","Campaign 3277","48500","23277","4277","377","47","107019","-18534.679999999997"
"MC003278","2026-08-25","Referral","Campaign 3278","49000","23278","4278","378","48","109344","-18383.679999999997"
"MC003279","2026-08-26","Organic Search","Campaign 3279","49500","23279","4279","379","49","111671","-18232.119999999995"
"MC003280","2026-08-27","Google Ads","Campaign 3280","50000","23280","4280","380","50","114000","-18079.999999999996"
"MC003281","2026-08-28","Instagram","Campaign 3281","50500","23281","4281","381","51","116331","-17927.319999999996"
"MC003282","2026-08-29","Email","Campaign 3282","51000","23282","4282","382","52","118664","-17774.079999999994"
"MC003283","2026-08-30","Referral","Campaign 3283","51500","23283","4283","383","53","120999","-17620.28"
"MC003284","2026-08-31","Organic Search","Campaign 3284","52000","23284","4284","384","54","123336","-17465.92"
"MC003285","2025-09-01","Google Ads","Campaign 3285","52500","23285","4285","385","55","125675","-17311"
"MC003286","2025-09-02","Instagram","Campaign 3286","53000","23286","4286","386","56","128016","-17155.519999999997"
"MC003287","2025-09-03","Email","Campaign 3287","53500","23287","4287","387","57","130359","-16999.479999999996"
"MC003288","2025-09-04","Referral","Campaign 3288","54000","23288","4288","388","58","132704","-16842.879999999997"
"MC003289","2025-09-05","Organic Search","Campaign 3289","54500","23289","4289","389","59","135051","-16685.719999999994"
"MC003290","2025-09-06","Google Ads","Campaign 3290","55000","23290","4290","390","60","137400","-16527.999999999993"
"MC003291","2025-09-07","Instagram","Campaign 3291","55500","23291","4291","391","61","139751","-16369.719999999994"
"MC003292","2025-09-08","Email","Campaign 3292","56000","23292","4292","392","62","142104","-16210.879999999997"
"MC003293","2025-09-09","Referral","Campaign 3293","56500","23293","4293","393","63","144459","-16051.479999999996"
"MC003294","2025-09-10","Organic Search","Campaign 3294","57000","23294","4294","394","64","146816","-15891.519999999997"
"MC003295","2025-09-11","Google Ads","Campaign 3295","57500","23295","4295","395","65","149175","-15730.999999999993"
"MC003296","2025-09-12","Instagram","Campaign 3296","58000","23296","4296","396","66","151536","-15569.919999999998"
"MC003297","2025-09-13","Email","Campaign 3297","58500","23297","4297","397","67","153899","-15408.279999999999"
"MC003298","2025-09-14","Referral","Campaign 3298","59000","23298","4298","398","68","156264","-15246.079999999994"
"MC003299","2025-09-15","Organic Search","Campaign 3299","59500","23299","4299","399","69","158631","-15083.319999999992"
"MC003300","2025-09-16","Google Ads","Campaign 3300","10000","23300","4300","400","70","161000","35080.00000000001"
"MC003301","2025-09-17","Instagram","Campaign 3301","10500","23301","4301","401","71","163371","35243.880000000005"
"MC003302","2025-09-18","Email","Campaign 3302","11000","23302","4302","402","72","165744","35408.32000000001"
"MC003303","2025-09-19","Referral","Campaign 3303","11500","23303","4303","403","73","168119","35573.32000000001"
"MC003304","2025-09-20","Organic Search","Campaign 3304","12000","23304","4304","404","74","170496","35738.880000000005"
"MC003305","2025-09-21","Google Ads","Campaign 3305","12500","23305","4305","405","75","172875","35905.00000000001"
"MC003306","2025-09-22","Instagram","Campaign 3306","13000","23306","4306","406","76","175256","36071.68000000001"
"MC003307","2025-09-23","Email","Campaign 3307","13500","23307","4307","407","77","177639","36238.920000000006"
"MC003308","2025-09-24","Referral","Campaign 3308","14000","23308","4308","408","78","180024","36406.72"
"MC003309","2025-09-25","Organic Search","Campaign 3309","14500","23309","4309","409","79","182411","36575.08"
"MC003310","2025-09-26","Google Ads","Campaign 3310","15000","23310","4310","410","80","184800","36744.00000000001"
"MC003311","2025-09-27","Instagram","Campaign 3311","15500","23311","4311","411","81","187191","36913.48"
"MC003312","2025-09-28","Email","Campaign 3312","16000","23312","4312","412","82","189584","37083.520000000004"
"MC003313","2025-09-29","Referral","Campaign 3313","16500","23313","4313","413","83","191979","37254.12"
"MC003314","2025-09-30","Organic Search","Campaign 3314","17000","23314","4314","414","84","194376","37425.280000000006"
"MC003315","2025-10-01","Google Ads","Campaign 3315","17500","23315","4315","415","85","196775","37597.00000000001"
"MC003316","2025-10-02","Instagram","Campaign 3316","18000","23316","4316","416","86","199176","37769.280000000006"
"MC003317","2025-10-03","Email","Campaign 3317","18500","23317","4317","417","87","201579","37942.12"
"MC003318","2025-10-04","Referral","Campaign 3318","19000","23318","4318","418","88","203984","38115.520000000004"
"MC003319","2025-10-05","Organic Search","Campaign 3319","19500","23319","4319","419","89","206391","38289.48"
"MC003320","2025-10-06","Google Ads","Campaign 3320","20000","23320","4320","420","90","208800","38464.00000000001"
"MC003321","2025-10-07","Instagram","Campaign 3321","20500","23321","4321","421","91","211211","38639.08000000001"
"MC003322","2025-10-08","Email","Campaign 3322","21000","23322","4322","422","92","213624","38814.72000000001"
"MC003323","2025-10-09","Referral","Campaign 3323","21500","23323","4323","423","93","216039","38990.920000000006"
"MC003324","2025-10-10","Organic Search","Campaign 3324","22000","23324","4324","424","94","218456","39167.68000000001"
"MC003325","2025-10-11","Google Ads","Campaign 3325","22500","23325","4325","425","95","220875","39345.00000000001"
"MC003326","2025-10-12","Instagram","Campaign 3326","23000","23326","4326","426","96","223296","39522.880000000005"
"MC003327","2025-10-13","Email","Campaign 3327","23500","23327","4327","427","97","225719","39701.32000000001"
"MC003328","2025-10-14","Referral","Campaign 3328","24000","23328","4328","428","98","228144","39880.32000000001"
"MC003329","2025-10-15","Organic Search","Campaign 3329","24500","23329","4329","429","99","230571","40059.880000000005"
"MC003330","2025-10-16","Google Ads","Campaign 3330","25000","23330","4330","430","10","23300","-18476"
"MC003331","2025-10-17","Instagram","Campaign 3331","25500","23331","4331","431","11","25641","-18320.52"
"MC003332","2025-10-18","Email","Campaign 3332","26000","23332","4332","432","12","27984","-18164.48"
"MC003333","2025-10-19","Referral","Campaign 3333","26500","23333","4333","433","13","30329","-18007.879999999997"
"MC003334","2025-10-20","Organic Search","Campaign 3334","27000","23334","4334","434","14","32676","-17850.72"
"MC003335","2025-10-21","Google Ads","Campaign 3335","27500","23335","4335","435","15","35025","-17693"
"MC003336","2025-10-22","Instagram","Campaign 3336","28000","23336","4336","436","16","37376","-17534.72"
"MC003337","2025-10-23","Email","Campaign 3337","28500","23337","4337","437","17","39729","-17375.879999999997"
"MC003338","2025-10-24","Referral","Campaign 3338","29000","23338","4338","438","18","42084","-17216.48"
"MC003339","2025-10-25","Organic Search","Campaign 3339","29500","23339","4339","439","19","44441","-17056.519999999997"
"MC003340","2025-10-26","Google Ads","Campaign 3340","30000","23340","4340","440","20","46800","-16896"
"MC003341","2025-10-27","Instagram","Campaign 3341","30500","23341","4341","441","21","49161","-16734.92"
"MC003342","2025-10-28","Email","Campaign 3342","31000","23342","4342","442","22","51524","-16573.28"
"MC003343","2025-10-29","Referral","Campaign 3343","31500","23343","4343","443","23","53889","-16411.079999999998"
"MC003344","2025-10-30","Organic Search","Campaign 3344","32000","23344","4344","444","24","56256","-16248.319999999998"
"MC003345","2025-10-31","Google Ads","Campaign 3345","32500","23345","4345","445","25","58625","-16085"
"MC003346","2025-11-01","Instagram","Campaign 3346","33000","23346","4346","446","26","60996","-15921.119999999999"
"MC003347","2025-11-02","Email","Campaign 3347","33500","23347","4347","447","27","63369","-15756.679999999997"
"MC003348","2025-11-03","Referral","Campaign 3348","34000","23348","4348","448","28","65744","-15591.679999999997"
"MC003349","2025-11-04","Organic Search","Campaign 3349","34500","23349","4349","449","29","68121","-15426.119999999999"
"MC003350","2025-11-05","Google Ads","Campaign 3350","35000","23350","4350","450","30","70500","-15259.999999999996"
"MC003351","2025-11-06","Instagram","Campaign 3351","35500","23351","4351","451","31","72881","-15093.32"
"MC003352","2025-11-07","Email","Campaign 3352","36000","23352","4352","452","32","75264","-14926.079999999998"
"MC003353","2025-11-08","Referral","Campaign 3353","36500","23353","4353","453","33","77649","-14758.279999999999"
"MC003354","2025-11-09","Organic Search","Campaign 3354","37000","23354","4354","454","34","80036","-14589.919999999998"
"MC003355","2025-11-10","Google Ads","Campaign 3355","37500","23355","4355","455","35","82425","-14420.999999999996"
"MC003356","2025-11-11","Instagram","Campaign 3356","38000","23356","4356","456","36","84816","-14251.519999999997"
"MC003357","2025-11-12","Email","Campaign 3357","38500","23357","4357","457","37","87209","-14081.479999999996"
"MC003358","2025-11-13","Referral","Campaign 3358","39000","23358","4358","458","38","89604","-13910.879999999997"
"MC003359","2025-11-14","Organic Search","Campaign 3359","39500","23359","4359","459","39","92001","-13739.719999999998"
"MC003360","2025-11-15","Google Ads","Campaign 3360","40000","23360","4360","460","40","94400","-13567.999999999996"
"MC003361","2025-11-16","Instagram","Campaign 3361","40500","23361","4361","461","41","96801","-13395.719999999998"
"MC003362","2025-11-17","Email","Campaign 3362","41000","23362","4362","462","42","99204","-13222.879999999997"
"MC003363","2025-11-18","Referral","Campaign 3363","41500","23363","4363","463","43","101609","-13049.479999999996"
"MC003364","2025-11-19","Organic Search","Campaign 3364","42000","23364","4364","464","44","104016","-12875.519999999997"
"MC003365","2025-11-20","Google Ads","Campaign 3365","42500","23365","4365","465","45","106425","-12700.999999999996"
"MC003366","2025-11-21","Instagram","Campaign 3366","43000","23366","4366","466","46","108836","-12525.919999999998"
"MC003367","2025-11-22","Email","Campaign 3367","43500","23367","4367","467","47","111249","-12350.279999999999"
"MC003368","2025-11-23","Referral","Campaign 3368","44000","23368","4368","468","48","113664","-12174.079999999998"
"MC003369","2025-11-24","Organic Search","Campaign 3369","44500","23369","4369","469","49","116081","-11997.319999999996"
"MC003370","2025-11-25","Google Ads","Campaign 3370","45000","23370","4370","470","50","118500","-11820"
"MC003371","2025-11-26","Instagram","Campaign 3371","45500","23371","4371","471","51","120921","-11642.119999999995"
"MC003372","2025-11-27","Email","Campaign 3372","46000","23372","4372","472","52","123344","-11463.68"
"MC003373","2025-11-28","Referral","Campaign 3373","46500","23373","4373","473","53","125769","-11284.679999999993"
"MC003374","2025-11-29","Organic Search","Campaign 3374","47000","23374","4374","474","54","128196","-11105.119999999995"
"MC003375","2025-11-30","Google Ads","Campaign 3375","47500","23375","4375","475","55","130625","-10925"
"MC003376","2025-12-01","Instagram","Campaign 3376","48000","23376","4376","476","56","133056","-10744.32"
"MC003377","2025-12-02","Email","Campaign 3377","48500","23377","4377","477","57","135489","-10563.079999999994"
"MC003378","2025-12-03","Referral","Campaign 3378","49000","23378","4378","478","58","137924","-10381.279999999999"
"MC003379","2025-12-04","Organic Search","Campaign 3379","49500","23379","4379","479","59","140361","-10198.919999999998"
"MC003380","2025-12-05","Google Ads","Campaign 3380","50000","23380","4380","480","60","142800","-10015.999999999993"
"MC003381","2025-12-06","Instagram","Campaign 3381","50500","23381","4381","481","61","145241","-9832.519999999997"
"MC003382","2025-12-07","Email","Campaign 3382","51000","23382","4382","482","62","147684","-9648.479999999996"
"MC003383","2025-12-08","Referral","Campaign 3383","51500","23383","4383","483","63","150129","-9463.879999999997"
"MC003384","2025-12-09","Organic Search","Campaign 3384","52000","23384","4384","484","64","152576","-9278.719999999994"
"MC003385","2025-12-10","Google Ads","Campaign 3385","52500","23385","4385","485","65","155025","-9092.999999999993"
"MC003386","2025-12-11","Instagram","Campaign 3386","53000","23386","4386","486","66","157476","-8906.719999999994"
"MC003387","2025-12-12","Email","Campaign 3387","53500","23387","4387","487","67","159929","-8719.879999999997"
"MC003388","2025-12-13","Referral","Campaign 3388","54000","23388","4388","488","68","162384","-8532.479999999996"
"MC003389","2025-12-14","Organic Search","Campaign 3389","54500","23389","4389","489","69","164841","-8344.519999999997"
"MC003390","2025-12-15","Google Ads","Campaign 3390","55000","23390","4390","490","70","167300","-8155.999999999993"
"MC003391","2025-12-16","Instagram","Campaign 3391","55500","23391","4391","491","71","169761","-7966.919999999998"
"MC003392","2025-12-17","Email","Campaign 3392","56000","23392","4392","492","72","172224","-7777.279999999999"
"MC003393","2025-12-18","Referral","Campaign 3393","56500","23393","4393","493","73","174689","-7587.0799999999945"
"MC003394","2025-12-19","Organic Search","Campaign 3394","57000","23394","4394","494","74","177156","-7396.319999999992"
"MC003395","2025-12-20","Google Ads","Campaign 3395","57500","23395","4395","495","75","179625","-7204.999999999993"
"MC003396","2025-12-21","Instagram","Campaign 3396","58000","23396","4396","496","76","182096","-7013.119999999995"
"MC003397","2025-12-22","Email","Campaign 3397","58500","23397","4397","497","77","184569","-6820.679999999993"
"MC003398","2025-12-23","Referral","Campaign 3398","59000","23398","4398","498","78","187044","-6627.679999999993"
"MC003399","2025-12-24","Organic Search","Campaign 3399","59500","23399","4399","499","79","189521","-6434.119999999995"
"MC003400","2025-12-25","Google Ads","Campaign 3400","10000","23400","4400","500","80","192000","43760.00000000001"
"MC003401","2025-12-26","Instagram","Campaign 3401","10500","23401","4401","501","81","194481","43954.68000000001"
"MC003402","2025-12-27","Email","Campaign 3402","11000","23402","4402","502","82","196964","44149.920000000006"
"MC003403","2025-12-28","Referral","Campaign 3403","11500","23403","4403","503","83","199449","44345.72000000001"
"MC003404","2025-12-29","Organic Search","Campaign 3404","12000","23404","4404","504","84","201936","44542.08"
"MC003405","2025-12-30","Google Ads","Campaign 3405","12500","23405","4405","505","85","204425","44739.00000000001"
"MC003406","2025-12-31","Instagram","Campaign 3406","13000","23406","4406","506","86","206916","44936.48"
"MC003407","2026-01-01","Email","Campaign 3407","13500","23407","4407","507","87","209409","45134.520000000004"
"MC003408","2026-01-02","Referral","Campaign 3408","14000","23408","4408","508","88","211904","45333.12"
"MC003409","2026-01-03","Organic Search","Campaign 3409","14500","23409","4409","509","89","214401","45532.280000000006"
"MC003410","2026-01-04","Google Ads","Campaign 3410","15000","23410","4410","510","90","216900","45732.00000000001"
"MC003411","2026-01-05","Instagram","Campaign 3411","15500","23411","4411","511","91","219401","45932.280000000006"
"MC003412","2026-01-06","Email","Campaign 3412","16000","23412","4412","512","92","221904","46133.12"
"MC003413","2026-01-07","Referral","Campaign 3413","16500","23413","4413","513","93","224409","46334.520000000004"
"MC003414","2026-01-08","Organic Search","Campaign 3414","17000","23414","4414","514","94","226916","46536.48"
"MC003415","2026-01-09","Google Ads","Campaign 3415","17500","23415","4415","515","95","229425","46739.00000000001"
"MC003416","2026-01-10","Instagram","Campaign 3416","18000","23416","4416","516","96","231936","46942.08000000001"
"MC003417","2026-01-11","Email","Campaign 3417","18500","23417","4417","517","97","234449","47145.72"
"MC003418","2026-01-12","Referral","Campaign 3418","19000","23418","4418","518","98","236964","47349.92000000001"
"MC003419","2026-01-13","Organic Search","Campaign 3419","19500","23419","4419","519","99","239481","47554.68000000001"
"MC003420","2026-01-14","Google Ads","Campaign 3420","20000","23420","4420","520","10","24200","-13224"
"MC003421","2026-01-15","Instagram","Campaign 3421","20500","23421","4421","521","11","26631","-13043.32"
"MC003422","2026-01-16","Email","Campaign 3422","21000","23422","4422","522","12","29064","-12862.079999999998"
"MC003423","2026-01-17","Referral","Campaign 3423","21500","23423","4423","523","13","31499","-12680.279999999999"
"MC003424","2026-01-18","Organic Search","Campaign 3424","22000","23424","4424","524","14","33936","-12497.919999999998"
"MC003425","2026-01-19","Google Ads","Campaign 3425","22500","23425","4425","525","15","36375","-12314.999999999998"
"MC003426","2026-01-20","Instagram","Campaign 3426","23000","23426","4426","526","16","38816","-12131.519999999999"
"MC003427","2026-01-21","Email","Campaign 3427","23500","23427","4427","527","17","41259","-11947.48"
"MC003428","2026-01-22","Referral","Campaign 3428","24000","23428","4428","528","18","43704","-11762.88"
"MC003429","2026-01-23","Organic Search","Campaign 3429","24500","23429","4429","529","19","46151","-11577.72"
"MC003430","2026-01-24","Google Ads","Campaign 3430","25000","23430","4430","530","20","48600","-11391.999999999998"
"MC003431","2026-01-25","Instagram","Campaign 3431","25500","23431","4431","531","21","51051","-11205.72"
"MC003432","2026-01-26","Email","Campaign 3432","26000","23432","4432","532","22","53504","-11018.88"
"MC003433","2026-01-27","Referral","Campaign 3433","26500","23433","4433","533","23","55959","-10831.479999999998"
"MC003434","2026-01-28","Organic Search","Campaign 3434","27000","23434","4434","534","24","58416","-10643.519999999999"
"MC003435","2026-01-29","Google Ads","Campaign 3435","27500","23435","4435","535","25","60875","-10455"
"MC003436","2026-01-30","Instagram","Campaign 3436","28000","23436","4436","536","26","63336","-10265.919999999998"
"MC003437","2026-01-31","Email","Campaign 3437","28500","23437","4437","537","27","65799","-10076.279999999999"
"MC003438","2026-02-01","Referral","Campaign 3438","29000","23438","4438","538","28","68264","-9886.079999999998"
"MC003439","2026-02-02","Organic Search","Campaign 3439","29500","23439","4439","539","29","70731","-9695.32"
"MC003440","2026-02-03","Google Ads","Campaign 3440","30000","23440","4440","540","30","73200","-9503.999999999996"
"MC003441","2026-02-04","Instagram","Campaign 3441","30500","23441","4441","541","31","75671","-9312.119999999999"
"MC003442","2026-02-05","Email","Campaign 3442","31000","23442","4442","542","32","78144","-9119.679999999997"
"MC003443","2026-02-06","Referral","Campaign 3443","31500","23443","4443","543","33","80619","-8926.679999999997"
"MC003444","2026-02-07","Organic Search","Campaign 3444","32000","23444","4444","544","34","83096","-8733.119999999999"
"MC003445","2026-02-08","Google Ads","Campaign 3445","32500","23445","4445","545","35","85575","-8538.999999999996"
"MC003446","2026-02-09","Instagram","Campaign 3446","33000","23446","4446","546","36","88056","-8344.319999999996"
"MC003447","2026-02-10","Email","Campaign 3447","33500","23447","4447","547","37","90539","-8149.079999999998"
"MC003448","2026-02-11","Referral","Campaign 3448","34000","23448","4448","548","38","93024","-7953.279999999999"
"MC003449","2026-02-12","Organic Search","Campaign 3449","34500","23449","4449","549","39","95511","-7756.919999999998"
"MC003450","2026-02-13","Google Ads","Campaign 3450","35000","23450","4450","550","40","98000","-7559.999999999996"
"MC003451","2026-02-14","Instagram","Campaign 3451","35500","23451","4451","551","41","100491","-7362.519999999997"
"MC003452","2026-02-15","Email","Campaign 3452","36000","23452","4452","552","42","102984","-7164.479999999996"
"MC003453","2026-02-16","Referral","Campaign 3453","36500","23453","4453","553","43","105479","-6965.879999999997"
"MC003454","2026-02-17","Organic Search","Campaign 3454","37000","23454","4454","554","44","107976","-6766.7199999999975"
"MC003455","2026-02-18","Google Ads","Campaign 3455","37500","23455","4455","555","45","110475","-6566.999999999996"
"MC003456","2026-02-19","Instagram","Campaign 3456","38000","23456","4456","556","46","112976","-6366.7199999999975"
"MC003457","2026-02-20","Email","Campaign 3457","38500","23457","4457","557","47","115479","-6165.879999999997"
"MC003458","2026-02-21","Referral","Campaign 3458","39000","23458","4458","558","48","117984","-5964.479999999996"
"MC003459","2026-02-22","Organic Search","Campaign 3459","39500","23459","4459","559","49","120491","-5762.519999999997"
"MC003460","2026-02-23","Google Ads","Campaign 3460","40000","23460","4460","560","50","123000","-5560"
"MC003461","2026-02-24","Instagram","Campaign 3461","40500","23461","4461","561","51","125511","-5356.919999999998"
"MC003462","2026-02-25","Email","Campaign 3462","41000","23462","4462","562","52","128024","-5153.279999999999"
"MC003463","2026-02-26","Referral","Campaign 3463","41500","23463","4463","563","53","130539","-4949.0799999999945"
"MC003464","2026-02-27","Organic Search","Campaign 3464","42000","23464","4464","564","54","133056","-4744.32"
"MC003465","2026-02-28","Google Ads","Campaign 3465","42500","23465","4465","565","55","135575","-4539"
"MC003466","2026-03-01","Instagram","Campaign 3466","43000","23466","4466","566","56","138096","-4333.119999999995"
"MC003467","2026-03-02","Email","Campaign 3467","43500","23467","4467","567","57","140619","-4126.679999999993"
"MC003468","2026-03-03","Referral","Campaign 3468","44000","23468","4468","568","58","143144","-3919.679999999993"
"MC003469","2026-03-04","Organic Search","Campaign 3469","44500","23469","4469","569","59","145671","-3712.1199999999953"
"MC003470","2026-03-05","Google Ads","Campaign 3470","45000","23470","4470","570","60","148200","-3503.9999999999927"
"MC003471","2026-03-06","Instagram","Campaign 3471","45500","23471","4471","571","61","150731","-3295.3199999999924"
"MC003472","2026-03-07","Email","Campaign 3472","46000","23472","4472","572","62","153264","-3086.0799999999945"
"MC003473","2026-03-08","Referral","Campaign 3473","46500","23473","4473","573","63","155799","-2876.279999999999"
"MC003474","2026-03-09","Organic Search","Campaign 3474","47000","23474","4474","574","64","158336","-2665.9199999999983"
"MC003475","2026-03-10","Google Ads","Campaign 3475","47500","23475","4475","575","65","160875","-2454.9999999999927"
"MC003476","2026-03-11","Instagram","Campaign 3476","48000","23476","4476","576","66","163416","-2243.519999999997"
"MC003477","2026-03-12","Email","Campaign 3477","48500","23477","4477","577","67","165959","-2031.479999999996"
"MC003478","2026-03-13","Referral","Campaign 3478","49000","23478","4478","578","68","168504","-1818.8799999999974"
"MC003479","2026-03-14","Organic Search","Campaign 3479","49500","23479","4479","579","69","171051","-1605.719999999994"
"MC003480","2026-03-15","Google Ads","Campaign 3480","50000","23480","4480","580","70","173600","-1391.9999999999927"
"MC003481","2026-03-16","Instagram","Campaign 3481","50500","23481","4481","581","71","176151","-1177.719999999994"
"MC003482","2026-03-17","Email","Campaign 3482","51000","23482","4482","582","72","178704","-962.8799999999974"
"MC003483","2026-03-18","Referral","Campaign 3483","51500","23483","4483","583","73","181259","-747.4799999999959"
"MC003484","2026-03-19","Organic Search","Campaign 3484","52000","23484","4484","584","74","183816","-531.5199999999968"
"MC003485","2026-03-20","Google Ads","Campaign 3485","52500","23485","4485","585","75","186375","-314.9999999999927"
"MC003486","2026-03-21","Instagram","Campaign 3486","53000","23486","4486","586","76","188936","-97.91999999999825"
"MC003487","2026-03-22","Email","Campaign 3487","53500","23487","4487","587","77","191499","119.72000000000844"
"MC003488","2026-03-23","Referral","Campaign 3488","54000","23488","4488","588","78","194064","337.92000000000553"
"MC003489","2026-03-24","Organic Search","Campaign 3489","54500","23489","4489","589","79","196631","556.6800000000076"
"MC003490","2026-03-25","Google Ads","Campaign 3490","55000","23490","4490","590","80","199200","776.0000000000073"
"MC003491","2026-03-26","Instagram","Campaign 3491","55500","23491","4491","591","81","201771","995.8800000000047"
"MC003492","2026-03-27","Email","Campaign 3492","56000","23492","4492","592","82","204344","1216.320000000007"
"MC003493","2026-03-28","Referral","Campaign 3493","56500","23493","4493","593","83","206919","1437.320000000007"
"MC003494","2026-03-29","Organic Search","Campaign 3494","57000","23494","4494","594","84","209496","1658.8800000000047"
"MC003495","2026-03-30","Google Ads","Campaign 3495","57500","23495","4495","595","85","212075","1881.0000000000073"
"MC003496","2026-03-31","Instagram","Campaign 3496","58000","23496","4496","596","86","214656","2103.6800000000076"
"MC003497","2026-04-01","Email","Campaign 3497","58500","23497","4497","597","87","217239","2326.9200000000055"
"MC003498","2026-04-02","Referral","Campaign 3498","59000","23498","4498","598","88","219824","2550.7200000000084"
"MC003499","2026-04-03","Organic Search","Campaign 3499","59500","23499","4499","599","89","222411","2775.080000000009"
"MC003500","2026-04-04","Google Ads","Campaign 3500","10000","23500","4500","100","90","225000","53000.00000000001"
"MC003501","2026-04-05","Instagram","Campaign 3501","10500","23501","4501","101","91","227591","53225.48"
"MC003502","2026-04-06","Email","Campaign 3502","11000","23502","4502","102","92","230184","53451.520000000004"
"MC003503","2026-04-07","Referral","Campaign 3503","11500","23503","4503","103","93","232779","53678.12"
"MC003504","2026-04-08","Organic Search","Campaign 3504","12000","23504","4504","104","94","235376","53905.28000000001"
"MC003505","2026-04-09","Google Ads","Campaign 3505","12500","23505","4505","105","95","237975","54133"
"MC003506","2026-04-10","Instagram","Campaign 3506","13000","23506","4506","106","96","240576","54361.28000000001"
"MC003507","2026-04-11","Email","Campaign 3507","13500","23507","4507","107","97","243179","54590.12000000001"
"MC003508","2026-04-12","Referral","Campaign 3508","14000","23508","4508","108","98","245784","54819.520000000004"
"MC003509","2026-04-13","Organic Search","Campaign 3509","14500","23509","4509","109","99","248391","55049.48000000001"
"MC003510","2026-04-14","Google Ads","Campaign 3510","15000","23510","4510","110","10","25100","-7971.999999999999"
"MC003511","2026-04-15","Instagram","Campaign 3511","15500","23511","4511","111","11","27621","-7766.119999999999"
"MC003512","2026-04-16","Email","Campaign 3512","16000","23512","4512","112","12","30144","-7559.6799999999985"
"MC003513","2026-04-17","Referral","Campaign 3513","16500","23513","4513","113","13","32669","-7352.6799999999985"
"MC003514","2026-04-18","Organic Search","Campaign 3514","17000","23514","4514","114","14","35196","-7145.119999999999"
"MC003515","2026-04-19","Google Ads","Campaign 3515","17500","23515","4515","115","15","37725","-6936.999999999998"
"MC003516","2026-04-20","Instagram","Campaign 3516","18000","23516","4516","116","16","40256","-6728.32"
"MC003517","2026-04-21","Email","Campaign 3517","18500","23517","4517","117","17","42789","-6519.079999999998"
"MC003518","2026-04-22","Referral","Campaign 3518","19000","23518","4518","118","18","45324","-6309.279999999999"
"MC003519","2026-04-23","Organic Search","Campaign 3519","19500","23519","4519","119","19","47861","-6098.919999999998"
"MC003520","2026-04-24","Google Ads","Campaign 3520","20000","23520","4520","120","20","50400","-5887.999999999998"
"MC003521","2026-04-25","Instagram","Campaign 3521","20500","23521","4521","121","21","52941","-5676.519999999999"
"MC003522","2026-04-26","Email","Campaign 3522","21000","23522","4522","122","22","55484","-5464.479999999998"
"MC003523","2026-04-27","Referral","Campaign 3523","21500","23523","4523","123","23","58029","-5251.879999999999"
"MC003524","2026-04-28","Organic Search","Campaign 3524","22000","23524","4524","124","24","60576","-5038.7199999999975"
"MC003525","2026-04-29","Google Ads","Campaign 3525","22500","23525","4525","125","25","63125","-4825"
"MC003526","2026-04-30","Instagram","Campaign 3526","23000","23526","4526","126","26","65676","-4610.7199999999975"
"MC003527","2026-05-01","Email","Campaign 3527","23500","23527","4527","127","27","68229","-4395.879999999997"
"MC003528","2026-05-02","Referral","Campaign 3528","24000","23528","4528","128","28","70784","-4180.48"
"MC003529","2026-05-03","Organic Search","Campaign 3529","24500","23529","4529","129","29","73341","-3964.519999999997"
"MC003530","2026-05-04","Google Ads","Campaign 3530","25000","23530","4530","130","30","75900","-3747.9999999999964"
"MC003531","2026-05-05","Instagram","Campaign 3531","25500","23531","4531","131","31","78461","-3530.9199999999983"
"MC003532","2026-05-06","Email","Campaign 3532","26000","23532","4532","132","32","81024","-3313.279999999999"
"MC003533","2026-05-07","Referral","Campaign 3533","26500","23533","4533","133","33","83589","-3095.079999999998"
"MC003534","2026-05-08","Organic Search","Campaign 3534","27000","23534","4534","134","34","86156","-2876.319999999996"
"MC003535","2026-05-09","Google Ads","Campaign 3535","27500","23535","4535","135","35","88725","-2656.9999999999964"
"MC003536","2026-05-10","Instagram","Campaign 3536","28000","23536","4536","136","36","91296","-2437.119999999999"
"MC003537","2026-05-11","Email","Campaign 3537","28500","23537","4537","137","37","93869","-2216.6799999999967"
"MC003538","2026-05-12","Referral","Campaign 3538","29000","23538","4538","138","38","96444","-1995.6799999999967"
"MC003539","2026-05-13","Organic Search","Campaign 3539","29500","23539","4539","139","39","99021","-1774.119999999999"
"MC003540","2026-05-14","Google Ads","Campaign 3540","30000","23540","4540","140","40","101600","-1551.9999999999964"
"MC003541","2026-05-15","Instagram","Campaign 3541","30500","23541","4541","141","41","104181","-1329.319999999996"
"MC003542","2026-05-16","Email","Campaign 3542","31000","23542","4542","142","42","106764","-1106.079999999998"
"MC003543","2026-05-17","Referral","Campaign 3543","31500","23543","4543","143","43","109349","-882.2799999999988"
"MC003544","2026-05-18","Organic Search","Campaign 3544","32000","23544","4544","144","44","111936","-657.9199999999983"
"MC003545","2026-05-19","Google Ads","Campaign 3545","32500","23545","4545","145","45","114525","-432.99999999999636"
"MC003546","2026-05-20","Instagram","Campaign 3546","33000","23546","4546","146","46","117116","-207.5199999999968"
"MC003547","2026-05-21","Email","Campaign 3547","33500","23547","4547","147","47","119709","18.520000000004075"
"MC003548","2026-05-22","Referral","Campaign 3548","34000","23548","4548","148","48","122304","245.12000000000262"
"MC003549","2026-05-23","Organic Search","Campaign 3549","34500","23549","4549","149","49","124901","472.2800000000061"
"MC003550","2026-05-24","Google Ads","Campaign 3550","35000","23550","4550","150","50","127500","700"
"MC003551","2026-05-25","Instagram","Campaign 3551","35500","23551","4551","151","51","130101","928.2800000000061"
"MC003552","2026-05-26","Email","Campaign 3552","36000","23552","4552","152","52","132704","1157.1200000000026"
"MC003553","2026-05-27","Referral","Campaign 3553","36500","23553","4553","153","53","135309","1386.520000000004"
"MC003554","2026-05-28","Organic Search","Campaign 3554","37000","23554","4554","154","54","137916","1616.4800000000032"
"MC003555","2026-05-29","Google Ads","Campaign 3555","37500","23555","4555","155","55","140525","1847.0000000000073"
"MC003556","2026-05-30","Instagram","Campaign 3556","38000","23556","4556","156","56","143136","2078.0800000000017"
"MC003557","2026-05-31","Email","Campaign 3557","38500","23557","4557","157","57","145749","2309.720000000001"
"MC003558","2026-06-01","Referral","Campaign 3558","39000","23558","4558","158","58","148364","2541.9200000000055"
"MC003559","2026-06-02","Organic Search","Campaign 3559","39500","23559","4559","159","59","150981","2774.6800000000076"
"MC003560","2026-06-03","Google Ads","Campaign 3560","40000","23560","4560","160","60","153600","3008.0000000000073"
"MC003561","2026-06-04","Instagram","Campaign 3561","40500","23561","4561","161","61","156221","3241.8800000000047"
"MC003562","2026-06-05","Email","Campaign 3562","41000","23562","4562","162","62","158844","3476.320000000007"
"MC003563","2026-06-06","Referral","Campaign 3563","41500","23563","4563","163","63","161469","3711.320000000007"
"MC003564","2026-06-07","Organic Search","Campaign 3564","42000","23564","4564","164","64","164096","3946.8800000000047"
"MC003565","2026-06-08","Google Ads","Campaign 3565","42500","23565","4565","165","65","166725","4183.000000000007"
"MC003566","2026-06-09","Instagram","Campaign 3566","43000","23566","4566","166","66","169356","4419.680000000008"
"MC003567","2026-06-10","Email","Campaign 3567","43500","23567","4567","167","67","171989","4656.9200000000055"
"MC003568","2026-06-11","Referral","Campaign 3568","44000","23568","4568","168","68","174624","4894.720000000001"
"MC003569","2026-06-12","Organic Search","Campaign 3569","44500","23569","4569","169","69","177261","5133.080000000002"
"MC003570","2026-06-13","Google Ads","Campaign 3570","45000","23570","4570","170","70","179900","5372.000000000007"
"MC003571","2026-06-14","Instagram","Campaign 3571","45500","23571","4571","171","71","182541","5611.480000000003"
"MC003572","2026-06-15","Email","Campaign 3572","46000","23572","4572","172","72","185184","5851.520000000004"
"MC003573","2026-06-16","Referral","Campaign 3573","46500","23573","4573","173","73","187829","6092.120000000003"
"MC003574","2026-06-17","Organic Search","Campaign 3574","47000","23574","4574","174","74","190476","6333.280000000006"
"MC003575","2026-06-18","Google Ads","Campaign 3575","47500","23575","4575","175","75","193125","6575.000000000007"
"MC003576","2026-06-19","Instagram","Campaign 3576","48000","23576","4576","176","76","195776","6817.280000000006"
"MC003577","2026-06-20","Email","Campaign 3577","48500","23577","4577","177","77","198429","7060.120000000003"
"MC003578","2026-06-21","Referral","Campaign 3578","49000","23578","4578","178","78","201084","7303.520000000004"
"MC003579","2026-06-22","Organic Search","Campaign 3579","49500","23579","4579","179","79","203741","7547.480000000003"
"MC003580","2026-06-23","Google Ads","Campaign 3580","50000","23580","4580","180","80","206400","7792.000000000007"
"MC003581","2026-06-24","Instagram","Campaign 3581","50500","23581","4581","181","81","209061","8037.080000000009"
"MC003582","2026-06-25","Email","Campaign 3582","51000","23582","4582","182","82","211724","8282.720000000008"
"MC003583","2026-06-26","Referral","Campaign 3583","51500","23583","4583","183","83","214389","8528.920000000006"
"MC003584","2026-06-27","Organic Search","Campaign 3584","52000","23584","4584","184","84","217056","8775.680000000008"
"MC003585","2026-06-28","Google Ads","Campaign 3585","52500","23585","4585","185","85","219725","9023.000000000007"
"MC003586","2026-06-29","Instagram","Campaign 3586","53000","23586","4586","186","86","222396","9270.880000000005"
"MC003587","2026-06-30","Email","Campaign 3587","53500","23587","4587","187","87","225069","9519.320000000007"
"MC003588","2026-07-01","Referral","Campaign 3588","54000","23588","4588","188","88","227744","9768.320000000007"
"MC003589","2026-07-02","Organic Search","Campaign 3589","54500","23589","4589","189","89","230421","10017.880000000005"
"MC003590","2026-07-03","Google Ads","Campaign 3590","55000","23590","4590","190","90","233100","10268.000000000007"
"MC003591","2026-07-04","Instagram","Campaign 3591","55500","23591","4591","191","91","235781","10518.680000000008"
"MC003592","2026-07-05","Email","Campaign 3592","56000","23592","4592","192","92","238464","10769.920000000013"
"MC003593","2026-07-06","Referral","Campaign 3593","56500","23593","4593","193","93","241149","11021.720000000001"
"MC003594","2026-07-07","Organic Search","Campaign 3594","57000","23594","4594","194","94","243836","11274.080000000002"
"MC003595","2026-07-08","Google Ads","Campaign 3595","57500","23595","4595","195","95","246525","11527"
"MC003596","2026-07-09","Instagram","Campaign 3596","58000","23596","4596","196","96","249216","11780.48000000001"
"MC003597","2026-07-10","Email","Campaign 3597","58500","23597","4597","197","97","251909","12034.520000000004"
"MC003598","2026-07-11","Referral","Campaign 3598","59000","23598","4598","198","98","254604","12289.12000000001"
"MC003599","2026-07-12","Organic Search","Campaign 3599","59500","23599","4599","199","99","257301","12544.280000000013"
"MC003600","2026-07-13","Google Ads","Campaign 3600","10000","23600","4600","200","10","26000","-2719.999999999999"
"MC003601","2026-07-14","Instagram","Campaign 3601","10500","23601","4601","201","11","28611","-2488.919999999999"
"MC003602","2026-07-15","Email","Campaign 3602","11000","23602","4602","202","12","31224","-2257.279999999999"
"MC003603","2026-07-16","Referral","Campaign 3603","11500","23603","4603","203","13","33839","-2025.08"
"MC003604","2026-07-17","Organic Search","Campaign 3604","12000","23604","4604","204","14","36456","-1792.3199999999997"
"MC003605","2026-07-18","Google Ads","Campaign 3605","12500","23605","4605","205","15","39075","-1558.9999999999982"
"MC003606","2026-07-19","Instagram","Campaign 3606","13000","23606","4606","206","16","41696","-1325.119999999999"
"MC003607","2026-07-20","Email","Campaign 3607","13500","23607","4607","207","17","44319","-1090.6799999999985"
"MC003608","2026-07-21","Referral","Campaign 3608","14000","23608","4608","208","18","46944","-855.6799999999985"
"MC003609","2026-07-22","Organic Search","Campaign 3609","14500","23609","4609","209","19","49571","-620.119999999999"
"MC003610","2026-07-23","Google Ads","Campaign 3610","15000","23610","4610","210","20","52200","-383.9999999999982"
"MC003611","2026-07-24","Instagram","Campaign 3611","15500","23611","4611","211","21","54831","-147.3199999999979"
"MC003612","2026-07-25","Email","Campaign 3612","16000","23612","4612","212","22","57464","89.92000000000189"
"MC003613","2026-07-26","Referral","Campaign 3613","16500","23613","4613","213","23","60099","327.72000000000116"
"MC003614","2026-07-27","Organic Search","Campaign 3614","17000","23614","4614","214","24","62736","566.0800000000017"
"MC003615","2026-07-28","Google Ads","Campaign 3615","17500","23615","4615","215","25","65375","805"
"MC003616","2026-07-29","Instagram","Campaign 3616","18000","23616","4616","216","26","68016","1044.4800000000032"
"MC003617","2026-07-30","Email","Campaign 3617","18500","23617","4617","217","27","70659","1284.5200000000004"
"MC003618","2026-07-31","Referral","Campaign 3618","19000","23618","4618","218","28","73304","1525.1200000000026"
"MC003619","2026-08-01","Organic Search","Campaign 3619","19500","23619","4619","219","29","75951","1766.2800000000025"
"MC003620","2026-08-02","Google Ads","Campaign 3620","20000","23620","4620","220","30","78600","2008.0000000000036"
"MC003621","2026-08-03","Instagram","Campaign 3621","20500","23621","4621","221","31","81251","2250.2800000000025"
"MC003622","2026-08-04","Email","Campaign 3622","21000","23622","4622","222","32","83904","2493.1200000000026"
"MC003623","2026-08-05","Referral","Campaign 3623","21500","23623","4623","223","33","86559","2736.520000000004"
"MC003624","2026-08-06","Organic Search","Campaign 3624","22000","23624","4624","224","34","89216","2980.480000000003"
"MC003625","2026-08-07","Google Ads","Campaign 3625","22500","23625","4625","225","35","91875","3225.0000000000036"
"MC003626","2026-08-08","Instagram","Campaign 3626","23000","23626","4626","226","36","94536","3470.0800000000017"
"MC003627","2026-08-09","Email","Campaign 3627","23500","23627","4627","227","37","97199","3715.720000000001"
"MC003628","2026-08-10","Referral","Campaign 3628","24000","23628","4628","228","38","99864","3961.920000000002"
"MC003629","2026-08-11","Organic Search","Campaign 3629","24500","23629","4629","229","39","102531","4208.680000000004"
"MC003630","2026-08-12","Google Ads","Campaign 3630","25000","23630","4630","230","40","105200","4456.000000000004"
"MC003631","2026-08-13","Instagram","Campaign 3631","25500","23631","4631","231","41","107871","4703.880000000005"
"MC003632","2026-08-14","Email","Campaign 3632","26000","23632","4632","232","42","110544","4952.320000000003"
"MC003633","2026-08-15","Referral","Campaign 3633","26500","23633","4633","233","43","113219","5201.320000000003"
"MC003634","2026-08-16","Organic Search","Campaign 3634","27000","23634","4634","234","44","115896","5450.880000000005"
"MC003635","2026-08-17","Google Ads","Campaign 3635","27500","23635","4635","235","45","118575","5701"
"MC003636","2026-08-18","Instagram","Campaign 3636","28000","23636","4636","236","46","121256","5951.68"
"MC003637","2026-08-19","Email","Campaign 3637","28500","23637","4637","237","47","123939","6202.9200000000055"
"MC003638","2026-08-20","Referral","Campaign 3638","29000","23638","4638","238","48","126624","6454.720000000001"
"MC003639","2026-08-21","Organic Search","Campaign 3639","29500","23639","4639","239","49","129311","6707.080000000002"
"MC003640","2026-08-22","Google Ads","Campaign 3640","30000","23640","4640","240","50","132000","6960"
"MC003641","2026-08-23","Instagram","Campaign 3641","30500","23641","4641","241","51","134691","7213.480000000003"
"MC003642","2026-08-24","Email","Campaign 3642","31000","23642","4642","242","52","137384","7467.520000000004"
"MC003643","2026-08-25","Referral","Campaign 3643","31500","23643","4643","243","53","140079","7722.120000000003"
"MC003644","2026-08-26","Organic Search","Campaign 3644","32000","23644","4644","244","54","142776","7977.280000000006"
"MC003645","2026-08-27","Google Ads","Campaign 3645","32500","23645","4645","245","55","145475","8233.000000000007"
"MC003646","2026-08-28","Instagram","Campaign 3646","33000","23646","4646","246","56","148176","8489.280000000006"
"MC003647","2026-08-29","Email","Campaign 3647","33500","23647","4647","247","57","150879","8746.120000000003"
"MC003648","2026-08-30","Referral","Campaign 3648","34000","23648","4648","248","58","153584","9003.520000000004"
"MC003649","2026-08-31","Organic Search","Campaign 3649","34500","23649","4649","249","59","156291","9261.480000000003"
"MC003650","2025-09-01","Google Ads","Campaign 3650","35000","23650","4650","250","60","159000","9520.000000000007"
"MC003651","2025-09-02","Instagram","Campaign 3651","35500","23651","4651","251","61","161711","9779.080000000002"
"MC003652","2025-09-03","Email","Campaign 3652","36000","23652","4652","252","62","164424","10038.720000000001"
"MC003653","2025-09-04","Referral","Campaign 3653","36500","23653","4653","253","63","167139","10298.920000000006"
"MC003654","2025-09-05","Organic Search","Campaign 3654","37000","23654","4654","254","64","169856","10559.680000000008"
"MC003655","2025-09-06","Google Ads","Campaign 3655","37500","23655","4655","255","65","172575","10821.000000000007"
"MC003656","2025-09-07","Instagram","Campaign 3656","38000","23656","4656","256","66","175296","11082.880000000005"
"MC003657","2025-09-08","Email","Campaign 3657","38500","23657","4657","257","67","178019","11345.320000000007"
"MC003658","2025-09-09","Referral","Campaign 3658","39000","23658","4658","258","68","180744","11608.320000000007"
"MC003659","2025-09-10","Organic Search","Campaign 3659","39500","23659","4659","259","69","183471","11871.880000000005"
"MC003660","2025-09-11","Google Ads","Campaign 3660","40000","23660","4660","260","70","186200","12136.000000000007"
"MC003661","2025-09-12","Instagram","Campaign 3661","40500","23661","4661","261","71","188931","12400.680000000008"
"MC003662","2025-09-13","Email","Campaign 3662","41000","23662","4662","262","72","191664","12665.920000000006"
"MC003663","2025-09-14","Referral","Campaign 3663","41500","23663","4663","263","73","194399","12931.720000000008"
"MC003664","2025-09-15","Organic Search","Campaign 3664","42000","23664","4664","264","74","197136","13198.080000000002"
"MC003665","2025-09-16","Google Ads","Campaign 3665","42500","23665","4665","265","75","199875","13465.000000000007"
"MC003666","2025-09-17","Instagram","Campaign 3666","43000","23666","4666","266","76","202616","13732.480000000003"
"MC003667","2025-09-18","Email","Campaign 3667","43500","23667","4667","267","77","205359","14000.520000000004"
"MC003668","2025-09-19","Referral","Campaign 3668","44000","23668","4668","268","78","208104","14269.120000000003"
"MC003669","2025-09-20","Organic Search","Campaign 3669","44500","23669","4669","269","79","210851","14538.280000000006"
"MC003670","2025-09-21","Google Ads","Campaign 3670","45000","23670","4670","270","80","213600","14808.000000000007"
"MC003671","2025-09-22","Instagram","Campaign 3671","45500","23671","4671","271","81","216351","15078.280000000006"
"MC003672","2025-09-23","Email","Campaign 3672","46000","23672","4672","272","82","219104","15349.120000000003"
"MC003673","2025-09-24","Referral","Campaign 3673","46500","23673","4673","273","83","221859","15620.520000000004"
"MC003674","2025-09-25","Organic Search","Campaign 3674","47000","23674","4674","274","84","224616","15892.480000000003"
"MC003675","2025-09-26","Google Ads","Campaign 3675","47500","23675","4675","275","85","227375","16165.000000000007"
"MC003676","2025-09-27","Instagram","Campaign 3676","48000","23676","4676","276","86","230136","16438.08000000001"
"MC003677","2025-09-28","Email","Campaign 3677","48500","23677","4677","277","87","232899","16711.72000000001"
"MC003678","2025-09-29","Referral","Campaign 3678","49000","23678","4678","278","88","235664","16985.920000000013"
"MC003679","2025-09-30","Organic Search","Campaign 3679","49500","23679","4679","279","89","238431","17260.680000000008"
"MC003680","2025-10-01","Google Ads","Campaign 3680","50000","23680","4680","280","90","241200","17536"
"MC003681","2025-10-02","Instagram","Campaign 3681","50500","23681","4681","281","91","243971","17811.880000000005"
"MC003682","2025-10-03","Email","Campaign 3682","51000","23682","4682","282","92","246744","18088.320000000007"
"MC003683","2025-10-04","Referral","Campaign 3683","51500","23683","4683","283","93","249519","18365.320000000007"
"MC003684","2025-10-05","Organic Search","Campaign 3684","52000","23684","4684","284","94","252296","18642.880000000005"
"MC003685","2025-10-06","Google Ads","Campaign 3685","52500","23685","4685","285","95","255075","18921"
"MC003686","2025-10-07","Instagram","Campaign 3686","53000","23686","4686","286","96","257856","19199.680000000008"
"MC003687","2025-10-08","Email","Campaign 3687","53500","23687","4687","287","97","260639","19478.920000000013"
"MC003688","2025-10-09","Referral","Campaign 3688","54000","23688","4688","288","98","263424","19758.72"
"MC003689","2025-10-10","Organic Search","Campaign 3689","54500","23689","4689","289","99","266211","20039.08"
"MC003690","2025-10-11","Google Ads","Campaign 3690","55000","23690","4690","290","10","26900","-47468"
"MC003691","2025-10-12","Instagram","Campaign 3691","55500","23691","4691","291","11","29601","-47211.72"
"MC003692","2025-10-13","Email","Campaign 3692","56000","23692","4692","292","12","32304","-46954.88"
"MC003693","2025-10-14","Referral","Campaign 3693","56500","23693","4693","293","13","35009","-46697.479999999996"
"MC003694","2025-10-15","Organic Search","Campaign 3694","57000","23694","4694","294","14","37716","-46439.52"
"MC003695","2025-10-16","Google Ads","Campaign 3695","57500","23695","4695","295","15","40425","-46181"
"MC003696","2025-10-17","Instagram","Campaign 3696","58000","23696","4696","296","16","43136","-45921.92"
"MC003697","2025-10-18","Email","Campaign 3697","58500","23697","4697","297","17","45849","-45662.28"
"MC003698","2025-10-19","Referral","Campaign 3698","59000","23698","4698","298","18","48564","-45402.08"
"MC003699","2025-10-20","Organic Search","Campaign 3699","59500","23699","4699","299","19","51281","-45141.32"
"MC003700","2025-10-21","Google Ads","Campaign 3700","10000","23700","4700","300","20","54000","5120.000000000002"
"MC003701","2025-10-22","Instagram","Campaign 3701","10500","23701","4701","301","21","56721","5381.880000000001"
"MC003702","2025-10-23","Email","Campaign 3702","11000","23702","4702","302","22","59444","5644.320000000003"
"MC003703","2025-10-24","Referral","Campaign 3703","11500","23703","4703","303","23","62169","5907.320000000003"
"MC003704","2025-10-25","Organic Search","Campaign 3704","12000","23704","4704","304","24","64896","6170.880000000001"
"MC003705","2025-10-26","Google Ads","Campaign 3705","12500","23705","4705","305","25","67625","6435"
"MC003706","2025-10-27","Instagram","Campaign 3706","13000","23706","4706","306","26","70356","6699.68"
"MC003707","2025-10-28","Email","Campaign 3707","13500","23707","4707","307","27","73089","6964.920000000002"
"MC003708","2025-10-29","Referral","Campaign 3708","14000","23708","4708","308","28","75824","7230.720000000001"
"MC003709","2025-10-30","Organic Search","Campaign 3709","14500","23709","4709","309","29","78561","7497.080000000002"
"MC003710","2025-10-31","Google Ads","Campaign 3710","15000","23710","4710","310","30","81300","7764.000000000004"
"MC003711","2025-11-01","Instagram","Campaign 3711","15500","23711","4711","311","31","84041","8031.480000000003"
"MC003712","2025-11-02","Email","Campaign 3712","16000","23712","4712","312","32","86784","8299.520000000004"
"MC003713","2025-11-03","Referral","Campaign 3713","16500","23713","4713","313","33","89529","8568.120000000003"
"MC003714","2025-11-04","Organic Search","Campaign 3714","17000","23714","4714","314","34","92276","8837.280000000002"
"MC003715","2025-11-05","Google Ads","Campaign 3715","17500","23715","4715","315","35","95025","9107.000000000004"
"MC003716","2025-11-06","Instagram","Campaign 3716","18000","23716","4716","316","36","97776","9377.280000000002"
"MC003717","2025-11-07","Email","Campaign 3717","18500","23717","4717","317","37","100529","9648.120000000003"
"MC003718","2025-11-08","Referral","Campaign 3718","19000","23718","4718","318","38","103284","9919.520000000004"
"MC003719","2025-11-09","Organic Search","Campaign 3719","19500","23719","4719","319","39","106041","10191.480000000003"
"MC003720","2025-11-10","Google Ads","Campaign 3720","20000","23720","4720","320","40","108800","10464.000000000004"
"MC003721","2025-11-11","Instagram","Campaign 3721","20500","23721","4721","321","41","111561","10737.080000000002"
"MC003722","2025-11-12","Email","Campaign 3722","21000","23722","4722","322","42","114324","11010.720000000005"
"MC003723","2025-11-13","Referral","Campaign 3723","21500","23723","4723","323","43","117089","11284.920000000006"
"MC003724","2025-11-14","Organic Search","Campaign 3724","22000","23724","4724","324","44","119856","11559.68"
"MC003725","2025-11-15","Google Ads","Campaign 3725","22500","23725","4725","325","45","122625","11835"
"MC003726","2025-11-16","Instagram","Campaign 3726","23000","23726","4726","326","46","125396","12110.880000000005"
"MC003727","2025-11-17","Email","Campaign 3727","23500","23727","4727","327","47","128169","12387.320000000007"
"MC003728","2025-11-18","Referral","Campaign 3728","24000","23728","4728","328","48","130944","12664.320000000007"
"MC003729","2025-11-19","Organic Search","Campaign 3729","24500","23729","4729","329","49","133721","12941.880000000005"
"MC003730","2025-11-20","Google Ads","Campaign 3730","25000","23730","4730","330","50","136500","13220"
"MC003731","2025-11-21","Instagram","Campaign 3731","25500","23731","4731","331","51","139281","13498.68"
"MC003732","2025-11-22","Email","Campaign 3732","26000","23732","4732","332","52","142064","13777.920000000006"
"MC003733","2025-11-23","Referral","Campaign 3733","26500","23733","4733","333","53","144849","14057.720000000001"
"MC003734","2025-11-24","Organic Search","Campaign 3734","27000","23734","4734","334","54","147636","14338.080000000002"
"MC003735","2025-11-25","Google Ads","Campaign 3735","27500","23735","4735","335","55","150425","14619.000000000007"
"MC003736","2025-11-26","Instagram","Campaign 3736","28000","23736","4736","336","56","153216","14900.480000000003"
"MC003737","2025-11-27","Email","Campaign 3737","28500","23737","4737","337","57","156009","15182.520000000004"
"MC003738","2025-11-28","Referral","Campaign 3738","29000","23738","4738","338","58","158804","15465.120000000003"
"MC003739","2025-11-29","Organic Search","Campaign 3739","29500","23739","4739","339","59","161601","15748.280000000006"
"MC003740","2025-11-30","Google Ads","Campaign 3740","30000","23740","4740","340","60","164400","16032.000000000007"
"MC003741","2025-12-01","Instagram","Campaign 3741","30500","23741","4741","341","61","167201","16316.280000000006"
"MC003742","2025-12-02","Email","Campaign 3742","31000","23742","4742","342","62","170004","16601.120000000003"
"MC003743","2025-12-03","Referral","Campaign 3743","31500","23743","4743","343","63","172809","16886.520000000004"
"MC003744","2025-12-04","Organic Search","Campaign 3744","32000","23744","4744","344","64","175616","17172.480000000003"
"MC003745","2025-12-05","Google Ads","Campaign 3745","32500","23745","4745","345","65","178425","17459.000000000007"
"MC003746","2025-12-06","Instagram","Campaign 3746","33000","23746","4746","346","66","181236","17746.08"
"MC003747","2025-12-07","Email","Campaign 3747","33500","23747","4747","347","67","184049","18033.72000000001"
"MC003748","2025-12-08","Referral","Campaign 3748","34000","23748","4748","348","68","186864","18321.920000000006"
"MC003749","2025-12-09","Organic Search","Campaign 3749","34500","23749","4749","349","69","189681","18610.680000000008"
"MC003750","2025-12-10","Google Ads","Campaign 3750","35000","23750","4750","350","70","192500","18900.000000000007"
"MC003751","2025-12-11","Instagram","Campaign 3751","35500","23751","4751","351","71","195321","19189.880000000005"
"MC003752","2025-12-12","Email","Campaign 3752","36000","23752","4752","352","72","198144","19480.320000000007"
"MC003753","2025-12-13","Referral","Campaign 3753","36500","23753","4753","353","73","200969","19771.320000000007"
"MC003754","2025-12-14","Organic Search","Campaign 3754","37000","23754","4754","354","74","203796","20062.880000000005"
"MC003755","2025-12-15","Google Ads","Campaign 3755","37500","23755","4755","355","75","206625","20355.000000000007"
"MC003756","2025-12-16","Instagram","Campaign 3756","38000","23756","4756","356","76","209456","20647.680000000008"
"MC003757","2025-12-17","Email","Campaign 3757","38500","23757","4757","357","77","212289","20940.920000000006"
"MC003758","2025-12-18","Referral","Campaign 3758","39000","23758","4758","358","78","215124","21234.72000000001"
"MC003759","2025-12-19","Organic Search","Campaign 3759","39500","23759","4759","359","79","217961","21529.08000000001"
"MC003760","2025-12-20","Google Ads","Campaign 3760","40000","23760","4760","360","80","220800","21824.000000000007"
"MC003761","2025-12-21","Instagram","Campaign 3761","40500","23761","4761","361","81","223641","22119.480000000003"
"MC003762","2025-12-22","Email","Campaign 3762","41000","23762","4762","362","82","226484","22415.520000000004"
"MC003763","2025-12-23","Referral","Campaign 3763","41500","23763","4763","363","83","229329","22712.120000000003"
"MC003764","2025-12-24","Organic Search","Campaign 3764","42000","23764","4764","364","84","232176","23009.280000000006"
"MC003765","2025-12-25","Google Ads","Campaign 3765","42500","23765","4765","365","85","235025","23307"
"MC003766","2025-12-26","Instagram","Campaign 3766","43000","23766","4766","366","86","237876","23605.280000000013"
"MC003767","2025-12-27","Email","Campaign 3767","43500","23767","4767","367","87","240729","23904.12000000001"
"MC003768","2025-12-28","Referral","Campaign 3768","44000","23768","4768","368","88","243584","24203.520000000004"
"MC003769","2025-12-29","Organic Search","Campaign 3769","44500","23769","4769","369","89","246441","24503.48000000001"
"MC003770","2025-12-30","Google Ads","Campaign 3770","45000","23770","4770","370","90","249300","24804"
"MC003771","2025-12-31","Instagram","Campaign 3771","45500","23771","4771","371","91","252161","25105.08"
"MC003772","2026-01-01","Email","Campaign 3772","46000","23772","4772","372","92","255024","25406.72"
"MC003773","2026-01-02","Referral","Campaign 3773","46500","23773","4773","373","93","257889","25708.920000000013"
"MC003774","2026-01-03","Organic Search","Campaign 3774","47000","23774","4774","374","94","260756","26011.680000000008"
"MC003775","2026-01-04","Google Ads","Campaign 3775","47500","23775","4775","375","95","263625","26315"
"MC003776","2026-01-05","Instagram","Campaign 3776","48000","23776","4776","376","96","266496","26618.880000000005"
"MC003777","2026-01-06","Email","Campaign 3777","48500","23777","4777","377","97","269369","26923.320000000007"
"MC003778","2026-01-07","Referral","Campaign 3778","49000","23778","4778","378","98","272244","27228.320000000007"
"MC003779","2026-01-08","Organic Search","Campaign 3779","49500","23779","4779","379","99","275121","27533.880000000005"
"MC003780","2026-01-09","Google Ads","Campaign 3780","50000","23780","4780","380","10","27800","-42216"
"MC003781","2026-01-10","Instagram","Campaign 3781","50500","23781","4781","381","11","30591","-41934.52"
"MC003782","2026-01-11","Email","Campaign 3782","51000","23782","4782","382","12","33384","-41652.479999999996"
"MC003783","2026-01-12","Referral","Campaign 3783","51500","23783","4783","383","13","36179","-41369.88"
"MC003784","2026-01-13","Organic Search","Campaign 3784","52000","23784","4784","384","14","38976","-41086.72"
"MC003785","2026-01-14","Google Ads","Campaign 3785","52500","23785","4785","385","15","41775","-40803"
"MC003786","2026-01-15","Instagram","Campaign 3786","53000","23786","4786","386","16","44576","-40518.72"
"MC003787","2026-01-16","Email","Campaign 3787","53500","23787","4787","387","17","47379","-40233.88"
"MC003788","2026-01-17","Referral","Campaign 3788","54000","23788","4788","388","18","50184","-39948.479999999996"
"MC003789","2026-01-18","Organic Search","Campaign 3789","54500","23789","4789","389","19","52991","-39662.52"
"MC003790","2026-01-19","Google Ads","Campaign 3790","55000","23790","4790","390","20","55800","-39376"
"MC003791","2026-01-20","Instagram","Campaign 3791","55500","23791","4791","391","21","58611","-39088.92"
"MC003792","2026-01-21","Email","Campaign 3792","56000","23792","4792","392","22","61424","-38801.28"
"MC003793","2026-01-22","Referral","Campaign 3793","56500","23793","4793","393","23","64239","-38513.08"
"MC003794","2026-01-23","Organic Search","Campaign 3794","57000","23794","4794","394","24","67056","-38224.32"
"MC003795","2026-01-24","Google Ads","Campaign 3795","57500","23795","4795","395","25","69875","-37935"
"MC003796","2026-01-25","Instagram","Campaign 3796","58000","23796","4796","396","26","72696","-37645.119999999995"
"MC003797","2026-01-26","Email","Campaign 3797","58500","23797","4797","397","27","75519","-37354.67999999999"
"MC003798","2026-01-27","Referral","Campaign 3798","59000","23798","4798","398","28","78344","-37063.67999999999"
"MC003799","2026-01-28","Organic Search","Campaign 3799","59500","23799","4799","399","29","81171","-36772.119999999995"
"MC003800","2026-01-29","Google Ads","Campaign 3800","10000","23800","4800","400","30","84000","13520.000000000004"
"MC003801","2026-01-30","Instagram","Campaign 3801","10500","23801","4801","401","31","86831","13812.680000000004"
"MC003802","2026-01-31","Email","Campaign 3802","11000","23802","4802","402","32","89664","14105.920000000002"
"MC003803","2026-02-01","Referral","Campaign 3803","11500","23803","4803","403","33","92499","14399.720000000001"
"MC003804","2026-02-02","Organic Search","Campaign 3804","12000","23804","4804","404","34","95336","14694.080000000002"
"MC003805","2026-02-03","Google Ads","Campaign 3805","12500","23805","4805","405","35","98175","14989.000000000004"
"MC003806","2026-02-04","Instagram","Campaign 3806","13000","23806","4806","406","36","101016","15284.480000000003"
"MC003807","2026-02-05","Email","Campaign 3807","13500","23807","4807","407","37","103859","15580.520000000004"
"MC003808","2026-02-06","Referral","Campaign 3808","14000","23808","4808","408","38","106704","15877.120000000003"
"MC003809","2026-02-07","Organic Search","Campaign 3809","14500","23809","4809","409","39","109551","16174.280000000002"
"MC003810","2026-02-08","Google Ads","Campaign 3810","15000","23810","4810","410","40","112400","16472.000000000004"
"MC003811","2026-02-09","Instagram","Campaign 3811","15500","23811","4811","411","41","115251","16770.280000000002"
"MC003812","2026-02-10","Email","Campaign 3812","16000","23812","4812","412","42","118104","17069.120000000003"
"MC003813","2026-02-11","Referral","Campaign 3813","16500","23813","4813","413","43","120959","17368.520000000004"
"MC003814","2026-02-12","Organic Search","Campaign 3814","17000","23814","4814","414","44","123816","17668.480000000003"
"MC003815","2026-02-13","Google Ads","Campaign 3815","17500","23815","4815","415","45","126675","17969"
"MC003816","2026-02-14","Instagram","Campaign 3816","18000","23816","4816","416","46","129536","18270.08"
"MC003817","2026-02-15","Email","Campaign 3817","18500","23817","4817","417","47","132399","18571.72"
"MC003818","2026-02-16","Referral","Campaign 3818","19000","23818","4818","418","48","135264","18873.920000000006"
"MC003819","2026-02-17","Organic Search","Campaign 3819","19500","23819","4819","419","49","138131","19176.68"
"MC003820","2026-02-18","Google Ads","Campaign 3820","20000","23820","4820","420","50","141000","19480.000000000007"
"MC003821","2026-02-19","Instagram","Campaign 3821","20500","23821","4821","421","51","143871","19783.880000000005"
"MC003822","2026-02-20","Email","Campaign 3822","21000","23822","4822","422","52","146744","20088.320000000007"
"MC003823","2026-02-21","Referral","Campaign 3823","21500","23823","4823","423","53","149619","20393.320000000007"
"MC003824","2026-02-22","Organic Search","Campaign 3824","22000","23824","4824","424","54","152496","20698.880000000005"
"MC003825","2026-02-23","Google Ads","Campaign 3825","22500","23825","4825","425","55","155375","21005.000000000007"
"MC003826","2026-02-24","Instagram","Campaign 3826","23000","23826","4826","426","56","158256","21311.680000000008"
"MC003827","2026-02-25","Email","Campaign 3827","23500","23827","4827","427","57","161139","21618.920000000006"
"MC003828","2026-02-26","Referral","Campaign 3828","24000","23828","4828","428","58","164024","21926.72"
"MC003829","2026-02-27","Organic Search","Campaign 3829","24500","23829","4829","429","59","166911","22235.08"
"MC003830","2026-02-28","Google Ads","Campaign 3830","25000","23830","4830","430","60","169800","22544.000000000007"
"MC003831","2026-03-01","Instagram","Campaign 3831","25500","23831","4831","431","61","172691","22853.480000000003"
"MC003832","2026-03-02","Email","Campaign 3832","26000","23832","4832","432","62","175584","23163.520000000004"
"MC003833","2026-03-03","Referral","Campaign 3833","26500","23833","4833","433","63","178479","23474.120000000003"
"MC003834","2026-03-04","Organic Search","Campaign 3834","27000","23834","4834","434","64","181376","23785.280000000006"
"MC003835","2026-03-05","Google Ads","Campaign 3835","27500","23835","4835","435","65","184275","24097.000000000007"
"MC003836","2026-03-06","Instagram","Campaign 3836","28000","23836","4836","436","66","187176","24409.280000000006"
"MC003837","2026-03-07","Email","Campaign 3837","28500","23837","4837","437","67","190079","24722.120000000003"
"MC003838","2026-03-08","Referral","Campaign 3838","29000","23838","4838","438","68","192984","25035.520000000004"
"MC003839","2026-03-09","Organic Search","Campaign 3839","29500","23839","4839","439","69","195891","25349.480000000003"
"MC003840","2026-03-10","Google Ads","Campaign 3840","30000","23840","4840","440","70","198800","25664.000000000007"
"MC003841","2026-03-11","Instagram","Campaign 3841","30500","23841","4841","441","71","201711","25979.08"
"MC003842","2026-03-12","Email","Campaign 3842","31000","23842","4842","442","72","204624","26294.72000000001"
"MC003843","2026-03-13","Referral","Campaign 3843","31500","23843","4843","443","73","207539","26610.920000000006"
"MC003844","2026-03-14","Organic Search","Campaign 3844","32000","23844","4844","444","74","210456","26927.680000000008"
"MC003845","2026-03-15","Google Ads","Campaign 3845","32500","23845","4845","445","75","213375","27245.000000000007"
"MC003846","2026-03-16","Instagram","Campaign 3846","33000","23846","4846","446","76","216296","27562.880000000005"
"MC003847","2026-03-17","Email","Campaign 3847","33500","23847","4847","447","77","219219","27881.320000000007"
"MC003848","2026-03-18","Referral","Campaign 3848","34000","23848","4848","448","78","222144","28200.320000000007"
"MC003849","2026-03-19","Organic Search","Campaign 3849","34500","23849","4849","449","79","225071","28519.880000000005"
"MC003850","2026-03-20","Google Ads","Campaign 3850","35000","23850","4850","450","80","228000","28840.000000000007"
"MC003851","2026-03-21","Instagram","Campaign 3851","35500","23851","4851","451","81","230931","29160.680000000008"
"MC003852","2026-03-22","Email","Campaign 3852","36000","23852","4852","452","82","233864","29481.920000000006"
"MC003853","2026-03-23","Referral","Campaign 3853","36500","23853","4853","453","83","236799","29803.72"
"MC003854","2026-03-24","Organic Search","Campaign 3854","37000","23854","4854","454","84","239736","30126.08"
"MC003855","2026-03-25","Google Ads","Campaign 3855","37500","23855","4855","455","85","242675","30449"
"MC003856","2026-03-26","Instagram","Campaign 3856","38000","23856","4856","456","86","245616","30772.48000000001"
"MC003857","2026-03-27","Email","Campaign 3857","38500","23857","4857","457","87","248559","31096.520000000004"
"MC003858","2026-03-28","Referral","Campaign 3858","39000","23858","4858","458","88","251504","31421.12000000001"
"MC003859","2026-03-29","Organic Search","Campaign 3859","39500","23859","4859","459","89","254451","31746.280000000013"
"MC003860","2026-03-30","Google Ads","Campaign 3860","40000","23860","4860","460","90","257400","32072"
"MC003861","2026-03-31","Instagram","Campaign 3861","40500","23861","4861","461","91","260351","32398.280000000013"
"MC003862","2026-04-01","Email","Campaign 3862","41000","23862","4862","462","92","263304","32725.12000000001"
"MC003863","2026-04-02","Referral","Campaign 3863","41500","23863","4863","463","93","266259","33052.520000000004"
"MC003864","2026-04-03","Organic Search","Campaign 3864","42000","23864","4864","464","94","269216","33380.48000000001"
"MC003865","2026-04-04","Google Ads","Campaign 3865","42500","23865","4865","465","95","272175","33709"
"MC003866","2026-04-05","Instagram","Campaign 3866","43000","23866","4866","466","96","275136","34038.08"
"MC003867","2026-04-06","Email","Campaign 3867","43500","23867","4867","467","97","278099","34367.72"
"MC003868","2026-04-07","Referral","Campaign 3868","44000","23868","4868","468","98","281064","34697.92000000001"
"MC003869","2026-04-08","Organic Search","Campaign 3869","44500","23869","4869","469","99","284031","35028.68000000001"
"MC003870","2026-04-09","Google Ads","Campaign 3870","45000","23870","4870","470","10","28700","-36964"
"MC003871","2026-04-10","Instagram","Campaign 3871","45500","23871","4871","471","11","31581","-36657.32"
"MC003872","2026-04-11","Email","Campaign 3872","46000","23872","4872","472","12","34464","-36350.08"
"MC003873","2026-04-12","Referral","Campaign 3873","46500","23873","4873","473","13","37349","-36042.28"
"MC003874","2026-04-13","Organic Search","Campaign 3874","47000","23874","4874","474","14","40236","-35733.92"
"MC003875","2026-04-14","Google Ads","Campaign 3875","47500","23875","4875","475","15","43125","-35425"
"MC003876","2026-04-15","Instagram","Campaign 3876","48000","23876","4876","476","16","46016","-35115.52"
"MC003877","2026-04-16","Email","Campaign 3877","48500","23877","4877","477","17","48909","-34805.479999999996"
"MC003878","2026-04-17","Referral","Campaign 3878","49000","23878","4878","478","18","51804","-34494.88"
"MC003879","2026-04-18","Organic Search","Campaign 3879","49500","23879","4879","479","19","54701","-34183.72"
"MC003880","2026-04-19","Google Ads","Campaign 3880","50000","23880","4880","480","20","57600","-33872"
"MC003881","2026-04-20","Instagram","Campaign 3881","50500","23881","4881","481","21","60501","-33559.72"
"MC003882","2026-04-21","Email","Campaign 3882","51000","23882","4882","482","22","63404","-33246.88"
"MC003883","2026-04-22","Referral","Campaign 3883","51500","23883","4883","483","23","66309","-32933.479999999996"
"MC003884","2026-04-23","Organic Search","Campaign 3884","52000","23884","4884","484","24","69216","-32619.519999999997"
"MC003885","2026-04-24","Google Ads","Campaign 3885","52500","23885","4885","485","25","72125","-32304.999999999996"
"MC003886","2026-04-25","Instagram","Campaign 3886","53000","23886","4886","486","26","75036","-31989.92"
"MC003887","2026-04-26","Email","Campaign 3887","53500","23887","4887","487","27","77949","-31674.28"
"MC003888","2026-04-27","Referral","Campaign 3888","54000","23888","4888","488","28","80864","-31358.079999999998"
"MC003889","2026-04-28","Organic Search","Campaign 3889","54500","23889","4889","489","29","83781","-31041.319999999996"
"MC003890","2026-04-29","Google Ads","Campaign 3890","55000","23890","4890","490","30","86700","-30723.999999999996"
"MC003891","2026-04-30","Instagram","Campaign 3891","55500","23891","4891","491","31","89621","-30406.12"
"MC003892","2026-05-01","Email","Campaign 3892","56000","23892","4892","492","32","92544","-30087.679999999997"
"MC003893","2026-05-02","Referral","Campaign 3893","56500","23893","4893","493","33","95469","-29768.679999999997"
"MC003894","2026-05-03","Organic Search","Campaign 3894","57000","23894","4894","494","34","98396","-29449.12"
"MC003895","2026-05-04","Google Ads","Campaign 3895","57500","23895","4895","495","35","101325","-29128.999999999996"
"MC003896","2026-05-05","Instagram","Campaign 3896","58000","23896","4896","496","36","104256","-28808.319999999996"
"MC003897","2026-05-06","Email","Campaign 3897","58500","23897","4897","497","37","107189","-28487.079999999998"
"MC003898","2026-05-07","Referral","Campaign 3898","59000","23898","4898","498","38","110124","-28165.28"
"MC003899","2026-05-08","Organic Search","Campaign 3899","59500","23899","4899","499","39","113061","-27842.92"
"MC003900","2026-05-09","Google Ads","Campaign 3900","10000","23900","4900","500","40","116000","22480.000000000004"
"MC003901","2026-05-10","Instagram","Campaign 3901","10500","23901","4901","501","41","118941","22803.480000000003"
"MC003902","2026-05-11","Email","Campaign 3902","11000","23902","4902","502","42","121884","23127.520000000004"
"MC003903","2026-05-12","Referral","Campaign 3903","11500","23903","4903","503","43","124829","23452.120000000003"
"MC003904","2026-05-13","Organic Search","Campaign 3904","12000","23904","4904","504","44","127776","23777.280000000006"
"MC003905","2026-05-14","Google Ads","Campaign 3905","12500","23905","4905","505","45","130725","24103"
"MC003906","2026-05-15","Instagram","Campaign 3906","13000","23906","4906","506","46","133676","24429.280000000006"
"MC003907","2026-05-16","Email","Campaign 3907","13500","23907","4907","507","47","136629","24756.120000000003"
"MC003908","2026-05-17","Referral","Campaign 3908","14000","23908","4908","508","48","139584","25083.520000000004"
"MC003909","2026-05-18","Organic Search","Campaign 3909","14500","23909","4909","509","49","142541","25411.480000000003"
"MC003910","2026-05-19","Google Ads","Campaign 3910","15000","23910","4910","510","50","145500","25740.000000000007"
"MC003911","2026-05-20","Instagram","Campaign 3911","15500","23911","4911","511","51","148461","26069.08"
"MC003912","2026-05-21","Email","Campaign 3912","16000","23912","4912","512","52","151424","26398.72"
"MC003913","2026-05-22","Referral","Campaign 3913","16500","23913","4913","513","53","154389","26728.920000000006"
"MC003914","2026-05-23","Organic Search","Campaign 3914","17000","23914","4914","514","54","157356","27059.680000000008"
"MC003915","2026-05-24","Google Ads","Campaign 3915","17500","23915","4915","515","55","160325","27391.000000000007"
"MC003916","2026-05-25","Instagram","Campaign 3916","18000","23916","4916","516","56","163296","27722.880000000005"
"MC003917","2026-05-26","Email","Campaign 3917","18500","23917","4917","517","57","166269","28055.320000000007"
"MC003918","2026-05-27","Referral","Campaign 3918","19000","23918","4918","518","58","169244","28388.320000000007"
"MC003919","2026-05-28","Organic Search","Campaign 3919","19500","23919","4919","519","59","172221","28721.880000000005"
"MC003920","2026-05-29","Google Ads","Campaign 3920","20000","23920","4920","520","60","175200","29056.000000000007"
"MC003921","2026-05-30","Instagram","Campaign 3921","20500","23921","4921","521","61","178181","29390.680000000008"
"MC003922","2026-05-31","Email","Campaign 3922","21000","23922","4922","522","62","181164","29725.920000000006"
"MC003923","2026-06-01","Referral","Campaign 3923","21500","23923","4923","523","63","184149","30061.72000000001"
"MC003924","2026-06-02","Organic Search","Campaign 3924","22000","23924","4924","524","64","187136","30398.08"
"MC003925","2026-06-03","Google Ads","Campaign 3925","22500","23925","4925","525","65","190125","30735.000000000007"
"MC003926","2026-06-04","Instagram","Campaign 3926","23000","23926","4926","526","66","193116","31072.480000000003"
"MC003927","2026-06-05","Email","Campaign 3927","23500","23927","4927","527","67","196109","31410.520000000004"
"MC003928","2026-06-06","Referral","Campaign 3928","24000","23928","4928","528","68","199104","31749.120000000003"
"MC003929","2026-06-07","Organic Search","Campaign 3929","24500","23929","4929","529","69","202101","32088.280000000006"
"MC003930","2026-06-08","Google Ads","Campaign 3930","25000","23930","4930","530","70","205100","32428.000000000007"
"MC003931","2026-06-09","Instagram","Campaign 3931","25500","23931","4931","531","71","208101","32768.280000000006"
"MC003932","2026-06-10","Email","Campaign 3932","26000","23932","4932","532","72","211104","33109.12"
"MC003933","2026-06-11","Referral","Campaign 3933","26500","23933","4933","533","73","214109","33450.520000000004"
"MC003934","2026-06-12","Organic Search","Campaign 3934","27000","23934","4934","534","74","217116","33792.48"
"MC003935","2026-06-13","Google Ads","Campaign 3935","27500","23935","4935","535","75","220125","34135.00000000001"
"MC003936","2026-06-14","Instagram","Campaign 3936","28000","23936","4936","536","76","223136","34478.08000000001"
"MC003937","2026-06-15","Email","Campaign 3937","28500","23937","4937","537","77","226149","34821.72000000001"
"MC003938","2026-06-16","Referral","Campaign 3938","29000","23938","4938","538","78","229164","35165.920000000006"
"MC003939","2026-06-17","Organic Search","Campaign 3939","29500","23939","4939","539","79","232181","35510.68000000001"
"MC003940","2026-06-18","Google Ads","Campaign 3940","30000","23940","4940","540","80","235200","35856"
"MC003941","2026-06-19","Instagram","Campaign 3941","30500","23941","4941","541","81","238221","36201.880000000005"
"MC003942","2026-06-20","Email","Campaign 3942","31000","23942","4942","542","82","241244","36548.32000000001"
"MC003943","2026-06-21","Referral","Campaign 3943","31500","23943","4943","543","83","244269","36895.32000000001"
"MC003944","2026-06-22","Organic Search","Campaign 3944","32000","23944","4944","544","84","247296","37242.880000000005"
"MC003945","2026-06-23","Google Ads","Campaign 3945","32500","23945","4945","545","85","250325","37591"
"MC003946","2026-06-24","Instagram","Campaign 3946","33000","23946","4946","546","86","253356","37939.68000000001"
"MC003947","2026-06-25","Email","Campaign 3947","33500","23947","4947","547","87","256389","38288.92000000001"
"MC003948","2026-06-26","Referral","Campaign 3948","34000","23948","4948","548","88","259424","38638.72"
"MC003949","2026-06-27","Organic Search","Campaign 3949","34500","23949","4949","549","89","262461","38989.08"
"MC003950","2026-06-28","Google Ads","Campaign 3950","35000","23950","4950","550","90","265500","39340"
"MC003951","2026-06-29","Instagram","Campaign 3951","35500","23951","4951","551","91","268541","39691.48000000001"
"MC003952","2026-06-30","Email","Campaign 3952","36000","23952","4952","552","92","271584","40043.520000000004"
"MC003953","2026-07-01","Referral","Campaign 3953","36500","23953","4953","553","93","274629","40396.12000000001"
"MC003954","2026-07-02","Organic Search","Campaign 3954","37000","23954","4954","554","94","277676","40749.28000000001"
"MC003955","2026-07-03","Google Ads","Campaign 3955","37500","23955","4955","555","95","280725","41103.000000000015"
"MC003956","2026-07-04","Instagram","Campaign 3956","38000","23956","4956","556","96","283776","41457.28000000001"
"MC003957","2026-07-05","Email","Campaign 3957","38500","23957","4957","557","97","286829","41812.12000000001"
"MC003958","2026-07-06","Referral","Campaign 3958","39000","23958","4958","558","98","289884","42167.520000000004"
"MC003959","2026-07-07","Organic Search","Campaign 3959","39500","23959","4959","559","99","292941","42523.48000000001"
"MC003960","2026-07-08","Google Ads","Campaign 3960","40000","23960","4960","560","10","29600","-31712"
"MC003961","2026-07-09","Instagram","Campaign 3961","40500","23961","4961","561","11","32571","-31380.12"
"MC003962","2026-07-10","Email","Campaign 3962","41000","23962","4962","562","12","35544","-31047.68"
"MC003963","2026-07-11","Referral","Campaign 3963","41500","23963","4963","563","13","38519","-30714.68"
"MC003964","2026-07-12","Organic Search","Campaign 3964","42000","23964","4964","564","14","41496","-30381.12"
"MC003965","2026-07-13","Google Ads","Campaign 3965","42500","23965","4965","565","15","44475","-30047"
"MC003966","2026-07-14","Instagram","Campaign 3966","43000","23966","4966","566","16","47456","-29712.32"
"MC003967","2026-07-15","Email","Campaign 3967","43500","23967","4967","567","17","50439","-29377.079999999998"
"MC003968","2026-07-16","Referral","Campaign 3968","44000","23968","4968","568","18","53424","-29041.28"
"MC003969","2026-07-17","Organic Search","Campaign 3969","44500","23969","4969","569","19","56411","-28704.92"
"MC003970","2026-07-18","Google Ads","Campaign 3970","45000","23970","4970","570","20","59400","-28368"
"MC003971","2026-07-19","Instagram","Campaign 3971","45500","23971","4971","571","21","62391","-28030.519999999997"
"MC003972","2026-07-20","Email","Campaign 3972","46000","23972","4972","572","22","65384","-27692.48"
"MC003973","2026-07-21","Referral","Campaign 3973","46500","23973","4973","573","23","68379","-27353.879999999997"
"MC003974","2026-07-22","Organic Search","Campaign 3974","47000","23974","4974","574","24","71376","-27014.719999999998"
"MC003975","2026-07-23","Google Ads","Campaign 3975","47500","23975","4975","575","25","74375","-26674.999999999996"
"MC003976","2026-07-24","Instagram","Campaign 3976","48000","23976","4976","576","26","77376","-26334.719999999998"
"MC003977","2026-07-25","Email","Campaign 3977","48500","23977","4977","577","27","80379","-25993.879999999997"
"MC003978","2026-07-26","Referral","Campaign 3978","49000","23978","4978","578","28","83384","-25652.48"
"MC003979","2026-07-27","Organic Search","Campaign 3979","49500","23979","4979","579","29","86391","-25310.519999999997"
"MC003980","2026-07-28","Google Ads","Campaign 3980","50000","23980","4980","580","30","89400","-24967.999999999996"
"MC003981","2026-07-29","Instagram","Campaign 3981","50500","23981","4981","581","31","92411","-24624.92"
"MC003982","2026-07-30","Email","Campaign 3982","51000","23982","4982","582","32","95424","-24281.28"
"MC003983","2026-07-31","Referral","Campaign 3983","51500","23983","4983","583","33","98439","-23937.079999999998"
"MC003984","2026-08-01","Organic Search","Campaign 3984","52000","23984","4984","584","34","101456","-23592.319999999996"
"MC003985","2026-08-02","Google Ads","Campaign 3985","52500","23985","4985","585","35","104475","-23246.999999999996"
"MC003986","2026-08-03","Instagram","Campaign 3986","53000","23986","4986","586","36","107496","-22901.119999999995"
"MC003987","2026-08-04","Email","Campaign 3987","53500","23987","4987","587","37","110519","-22554.679999999997"
"MC003988","2026-08-05","Referral","Campaign 3988","54000","23988","4988","588","38","113544","-22207.679999999997"
"MC003989","2026-08-06","Organic Search","Campaign 3989","54500","23989","4989","589","39","116571","-21860.119999999995"
"MC003990","2026-08-07","Google Ads","Campaign 3990","55000","23990","4990","590","40","119600","-21512"
"MC003991","2026-08-08","Instagram","Campaign 3991","55500","23991","4991","591","41","122631","-21163.32"
"MC003992","2026-08-09","Email","Campaign 3992","56000","23992","4992","592","42","125664","-20814.079999999994"
"MC003993","2026-08-10","Referral","Campaign 3993","56500","23993","4993","593","43","128699","-20464.28"
"MC003994","2026-08-11","Organic Search","Campaign 3994","57000","23994","4994","594","44","131736","-20113.92"
"MC003995","2026-08-12","Google Ads","Campaign 3995","57500","23995","4995","595","45","134775","-19763"
"MC003996","2026-08-13","Instagram","Campaign 3996","58000","23996","4996","596","46","137816","-19411.519999999997"
"MC003997","2026-08-14","Email","Campaign 3997","58500","23997","4997","597","47","140859","-19059.479999999996"
"MC003998","2026-08-15","Referral","Campaign 3998","59000","23998","4998","598","48","143904","-18706.879999999997"
"MC003999","2026-08-16","Organic Search","Campaign 3999","59500","23999","4999","599","49","146951","-18353.719999999994"
"MC004000","2026-08-17","Google Ads","Campaign 4000","10000","24000","1000","100","50","100000","18000.000000000004"
"MC004001","2026-08-18","Instagram","Campaign 4001","10500","24001","1001","101","51","102051","18074.280000000002"
"MC004002","2026-08-19","Email","Campaign 4002","11000","24002","1002","102","52","104104","18149.120000000003"
"MC004003","2026-08-20","Referral","Campaign 4003","11500","24003","1003","103","53","106159","18224.520000000004"
"MC004004","2026-08-21","Organic Search","Campaign 4004","12000","24004","1004","104","54","108216","18300.480000000003"
"MC004005","2026-08-22","Google Ads","Campaign 4005","12500","24005","1005","105","55","110275","18377.000000000004"
"MC004006","2026-08-23","Instagram","Campaign 4006","13000","24006","1006","106","56","112336","18454.08"
"MC004007","2026-08-24","Email","Campaign 4007","13500","24007","1007","107","57","114399","18531.720000000005"
"MC004008","2026-08-25","Referral","Campaign 4008","14000","24008","1008","108","58","116464","18609.920000000002"
"MC004009","2026-08-26","Organic Search","Campaign 4009","14500","24009","1009","109","59","118531","18688.68"
"MC004010","2026-08-27","Google Ads","Campaign 4010","15000","24010","1010","110","60","120600","18768"
"MC004011","2026-08-28","Instagram","Campaign 4011","15500","24011","1011","111","61","122671","18847.880000000005"
"MC004012","2026-08-29","Email","Campaign 4012","16000","24012","1012","112","62","124744","18928.32"
"MC004013","2026-08-30","Referral","Campaign 4013","16500","24013","1013","113","63","126819","19009.320000000007"
"MC004014","2026-08-31","Organic Search","Campaign 4014","17000","24014","1014","114","64","128896","19090.880000000005"
"MC004015","2025-09-01","Google Ads","Campaign 4015","17500","24015","1015","115","65","130975","19173"
"MC004016","2025-09-02","Instagram","Campaign 4016","18000","24016","1016","116","66","133056","19255.68"
"MC004017","2025-09-03","Email","Campaign 4017","18500","24017","1017","117","67","135139","19338.920000000006"
"MC004018","2025-09-04","Referral","Campaign 4018","19000","24018","1018","118","68","137224","19422.72"
"MC004019","2025-09-05","Organic Search","Campaign 4019","19500","24019","1019","119","69","139311","19507.08"
"MC004020","2025-09-06","Google Ads","Campaign 4020","20000","24020","1020","120","70","141400","19592.000000000007"
"MC004021","2025-09-07","Instagram","Campaign 4021","20500","24021","1021","121","71","143491","19677.480000000003"
"MC004022","2025-09-08","Email","Campaign 4022","21000","24022","1022","122","72","145584","19763.520000000004"
"MC004023","2025-09-09","Referral","Campaign 4023","21500","24023","1023","123","73","147679","19850.120000000003"
"MC004024","2025-09-10","Organic Search","Campaign 4024","22000","24024","1024","124","74","149776","19937.280000000006"
"MC004025","2025-09-11","Google Ads","Campaign 4025","22500","24025","1025","125","75","151875","20025.000000000007"
"MC004026","2025-09-12","Instagram","Campaign 4026","23000","24026","1026","126","76","153976","20113.280000000006"
"MC004027","2025-09-13","Email","Campaign 4027","23500","24027","1027","127","77","156079","20202.120000000003"
"MC004028","2025-09-14","Referral","Campaign 4028","24000","24028","1028","128","78","158184","20291.520000000004"
"MC004029","2025-09-15","Organic Search","Campaign 4029","24500","24029","1029","129","79","160291","20381.480000000003"
"MC004030","2025-09-16","Google Ads","Campaign 4030","25000","24030","1030","130","80","162400","20472.000000000007"
"MC004031","2025-09-17","Instagram","Campaign 4031","25500","24031","1031","131","81","164511","20563.08"
"MC004032","2025-09-18","Email","Campaign 4032","26000","24032","1032","132","82","166624","20654.72"
"MC004033","2025-09-19","Referral","Campaign 4033","26500","24033","1033","133","83","168739","20746.920000000006"
"MC004034","2025-09-20","Organic Search","Campaign 4034","27000","24034","1034","134","84","170856","20839.680000000008"
"MC004035","2025-09-21","Google Ads","Campaign 4035","27500","24035","1035","135","85","172975","20933.000000000007"
"MC004036","2025-09-22","Instagram","Campaign 4036","28000","24036","1036","136","86","175096","21026.880000000005"
"MC004037","2025-09-23","Email","Campaign 4037","28500","24037","1037","137","87","177219","21121.320000000007"
"MC004038","2025-09-24","Referral","Campaign 4038","29000","24038","1038","138","88","179344","21216.320000000007"
"MC004039","2025-09-25","Organic Search","Campaign 4039","29500","24039","1039","139","89","181471","21311.880000000005"
"MC004040","2025-09-26","Google Ads","Campaign 4040","30000","24040","1040","140","90","183600","21408.000000000007"
"MC004041","2025-09-27","Instagram","Campaign 4041","30500","24041","1041","141","91","185731","21504.680000000008"
"MC004042","2025-09-28","Email","Campaign 4042","31000","24042","1042","142","92","187864","21601.920000000006"
"MC004043","2025-09-29","Referral","Campaign 4043","31500","24043","1043","143","93","189999","21699.72000000001"
"MC004044","2025-09-30","Organic Search","Campaign 4044","32000","24044","1044","144","94","192136","21798.08"
"MC004045","2025-10-01","Google Ads","Campaign 4045","32500","24045","1045","145","95","194275","21897.000000000007"
"MC004046","2025-10-02","Instagram","Campaign 4046","33000","24046","1046","146","96","196416","21996.480000000003"
"MC004047","2025-10-03","Email","Campaign 4047","33500","24047","1047","147","97","198559","22096.520000000004"
"MC004048","2025-10-04","Referral","Campaign 4048","34000","24048","1048","148","98","200704","22197.120000000003"
"MC004049","2025-10-05","Organic Search","Campaign 4049","34500","24049","1049","149","99","202851","22298.280000000006"
"MC004050","2025-10-06","Google Ads","Campaign 4050","35000","24050","1050","150","10","20500","-29260"
"MC004051","2025-10-07","Instagram","Campaign 4051","35500","24051","1051","151","11","22561","-29182.92"
"MC004052","2025-10-08","Email","Campaign 4052","36000","24052","1052","152","12","24624","-29105.28"
"MC004053","2025-10-09","Referral","Campaign 4053","36500","24053","1053","153","13","26689","-29027.079999999998"
"MC004054","2025-10-10","Organic Search","Campaign 4054","37000","24054","1054","154","14","28756","-28948.32"
"MC004055","2025-10-11","Google Ads","Campaign 4055","37500","24055","1055","155","15","30825","-28869"
"MC004056","2025-10-12","Instagram","Campaign 4056","38000","24056","1056","156","16","32896","-28789.12"
"MC004057","2025-10-13","Email","Campaign 4057","38500","24057","1057","157","17","34969","-28708.68"
"MC004058","2025-10-14","Referral","Campaign 4058","39000","24058","1058","158","18","37044","-28627.68"
"MC004059","2025-10-15","Organic Search","Campaign 4059","39500","24059","1059","159","19","39121","-28546.12"
"MC004060","2025-10-16","Google Ads","Campaign 4060","40000","24060","1060","160","20","41200","-28464"
"MC004061","2025-10-17","Instagram","Campaign 4061","40500","24061","1061","161","21","43281","-28381.32"
"MC004062","2025-10-18","Email","Campaign 4062","41000","24062","1062","162","22","45364","-28298.079999999998"
"MC004063","2025-10-19","Referral","Campaign 4063","41500","24063","1063","163","23","47449","-28214.28"
"MC004064","2025-10-20","Organic Search","Campaign 4064","42000","24064","1064","164","24","49536","-28129.92"
"MC004065","2025-10-21","Google Ads","Campaign 4065","42500","24065","1065","165","25","51625","-28045"
"MC004066","2025-10-22","Instagram","Campaign 4066","43000","24066","1066","166","26","53716","-27959.519999999997"
"MC004067","2025-10-23","Email","Campaign 4067","43500","24067","1067","167","27","55809","-27873.479999999996"
"MC004068","2025-10-24","Referral","Campaign 4068","44000","24068","1068","168","28","57904","-27786.879999999997"
"MC004069","2025-10-25","Organic Search","Campaign 4069","44500","24069","1069","169","29","60001","-27699.719999999998"
"MC004070","2025-10-26","Google Ads","Campaign 4070","45000","24070","1070","170","30","62100","-27612"
"MC004071","2025-10-27","Instagram","Campaign 4071","45500","24071","1071","171","31","64201","-27523.719999999998"
"MC004072","2025-10-28","Email","Campaign 4072","46000","24072","1072","172","32","66304","-27434.879999999997"
"MC004073","2025-10-29","Referral","Campaign 4073","46500","24073","1073","173","33","68409","-27345.48"
"MC004074","2025-10-30","Organic Search","Campaign 4074","47000","24074","1074","174","34","70516","-27255.519999999997"
"MC004075","2025-10-31","Google Ads","Campaign 4075","47500","24075","1075","175","35","72625","-27164.999999999996"
"MC004076","2025-11-01","Instagram","Campaign 4076","48000","24076","1076","176","36","74736","-27073.92"
"MC004077","2025-11-02","Email","Campaign 4077","48500","24077","1077","177","37","76849","-26982.28"
"MC004078","2025-11-03","Referral","Campaign 4078","49000","24078","1078","178","38","78964","-26890.079999999998"
"MC004079","2025-11-04","Organic Search","Campaign 4079","49500","24079","1079","179","39","81081","-26797.319999999996"
"MC004080","2025-11-05","Google Ads","Campaign 4080","50000","24080","1080","180","40","83200","-26703.999999999996"
"MC004081","2025-11-06","Instagram","Campaign 4081","50500","24081","1081","181","41","85321","-26610.12"
"MC004082","2025-11-07","Email","Campaign 4082","51000","24082","1082","182","42","87444","-26515.679999999997"
"MC004083","2025-11-08","Referral","Campaign 4083","51500","24083","1083","183","43","89569","-26420.679999999997"
"MC004084","2025-11-09","Organic Search","Campaign 4084","52000","24084","1084","184","44","91696","-26325.12"
"MC004085","2025-11-10","Google Ads","Campaign 4085","52500","24085","1085","185","45","93825","-26228.999999999996"
"MC004086","2025-11-11","Instagram","Campaign 4086","53000","24086","1086","186","46","95956","-26132.319999999996"
"MC004087","2025-11-12","Email","Campaign 4087","53500","24087","1087","187","47","98089","-26035.079999999998"
"MC004088","2025-11-13","Referral","Campaign 4088","54000","24088","1088","188","48","100224","-25937.28"
"MC004089","2025-11-14","Organic Search","Campaign 4089","54500","24089","1089","189","49","102361","-25838.92"
"MC004090","2025-11-15","Google Ads","Campaign 4090","55000","24090","1090","190","50","104500","-25739.999999999996"
"MC004091","2025-11-16","Instagram","Campaign 4091","55500","24091","1091","191","51","106641","-25640.519999999997"
"MC004092","2025-11-17","Email","Campaign 4092","56000","24092","1092","192","52","108784","-25540.479999999996"
"MC004093","2025-11-18","Referral","Campaign 4093","56500","24093","1093","193","53","110929","-25439.879999999997"
"MC004094","2025-11-19","Organic Search","Campaign 4094","57000","24094","1094","194","54","113076","-25338.719999999998"
"MC004095","2025-11-20","Google Ads","Campaign 4095","57500","24095","1095","195","55","115225","-25236.999999999996"
"MC004096","2025-11-21","Instagram","Campaign 4096","58000","24096","1096","196","56","117376","-25134.719999999994"
"MC004097","2025-11-22","Email","Campaign 4097","58500","24097","1097","197","57","119529","-25031.879999999997"
"MC004098","2025-11-23","Referral","Campaign 4098","59000","24098","1098","198","58","121684","-24928.479999999996"
"MC004099","2025-11-24","Organic Search","Campaign 4099","59500","24099","1099","199","59","123841","-24824.519999999997"
"MC004100","2025-11-25","Google Ads","Campaign 4100","10000","24100","1100","200","60","126000","25280"
"MC004101","2025-11-26","Instagram","Campaign 4101","10500","24101","1101","201","61","128161","25385.08"
"MC004102","2025-11-27","Email","Campaign 4102","11000","24102","1102","202","62","130324","25490.72"
"MC004103","2025-11-28","Referral","Campaign 4103","11500","24103","1103","203","63","132489","25596.920000000006"
"MC004104","2025-11-29","Organic Search","Campaign 4104","12000","24104","1104","204","64","134656","25703.68"
"MC004105","2025-11-30","Google Ads","Campaign 4105","12500","24105","1105","205","65","136825","25811.000000000007"
"MC004106","2025-12-01","Instagram","Campaign 4106","13000","24106","1106","206","66","138996","25918.880000000005"
"MC004107","2025-12-02","Email","Campaign 4107","13500","24107","1107","207","67","141169","26027.320000000007"
"MC004108","2025-12-03","Referral","Campaign 4108","14000","24108","1108","208","68","143344","26136.320000000007"
"MC004109","2025-12-04","Organic Search","Campaign 4109","14500","24109","1109","209","69","145521","26245.880000000005"
"MC004110","2025-12-05","Google Ads","Campaign 4110","15000","24110","1110","210","70","147700","26356.000000000007"
"MC004111","2025-12-06","Instagram","Campaign 4111","15500","24111","1111","211","71","149881","26466.680000000008"
"MC004112","2025-12-07","Email","Campaign 4112","16000","24112","1112","212","72","152064","26577.920000000006"
"MC004113","2025-12-08","Referral","Campaign 4113","16500","24113","1113","213","73","154249","26689.72"
"MC004114","2025-12-09","Organic Search","Campaign 4114","17000","24114","1114","214","74","156436","26802.08"
"MC004115","2025-12-10","Google Ads","Campaign 4115","17500","24115","1115","215","75","158625","26915.000000000007"
"MC004116","2025-12-11","Instagram","Campaign 4116","18000","24116","1116","216","76","160816","27028.480000000003"
"MC004117","2025-12-12","Email","Campaign 4117","18500","24117","1117","217","77","163009","27142.520000000004"
"MC004118","2025-12-13","Referral","Campaign 4118","19000","24118","1118","218","78","165204","27257.120000000003"
"MC004119","2025-12-14","Organic Search","Campaign 4119","19500","24119","1119","219","79","167401","27372.280000000006"
"MC004120","2025-12-15","Google Ads","Campaign 4120","20000","24120","1120","220","80","169600","27488.000000000007"
"MC004121","2025-12-16","Instagram","Campaign 4121","20500","24121","1121","221","81","171801","27604.280000000006"
"MC004122","2025-12-17","Email","Campaign 4122","21000","24122","1122","222","82","174004","27721.120000000003"
"MC004123","2025-12-18","Referral","Campaign 4123","21500","24123","1123","223","83","176209","27838.520000000004"
"MC004124","2025-12-19","Organic Search","Campaign 4124","22000","24124","1124","224","84","178416","27956.480000000003"
"MC004125","2025-12-20","Google Ads","Campaign 4125","22500","24125","1125","225","85","180625","28075.000000000007"
"MC004126","2025-12-21","Instagram","Campaign 4126","23000","24126","1126","226","86","182836","28194.08"
"MC004127","2025-12-22","Email","Campaign 4127","23500","24127","1127","227","87","185049","28313.72000000001"
"MC004128","2025-12-23","Referral","Campaign 4128","24000","24128","1128","228","88","187264","28433.920000000006"
"MC004129","2025-12-24","Organic Search","Campaign 4129","24500","24129","1129","229","89","189481","28554.680000000008"
"MC004130","2025-12-25","Google Ads","Campaign 4130","25000","24130","1130","230","90","191700","28676.000000000007"
"MC004131","2025-12-26","Instagram","Campaign 4131","25500","24131","1131","231","91","193921","28797.880000000005"
"MC004132","2025-12-27","Email","Campaign 4132","26000","24132","1132","232","92","196144","28920.320000000007"
"MC004133","2025-12-28","Referral","Campaign 4133","26500","24133","1133","233","93","198369","29043.320000000007"
"MC004134","2025-12-29","Organic Search","Campaign 4134","27000","24134","1134","234","94","200596","29166.880000000005"
"MC004135","2025-12-30","Google Ads","Campaign 4135","27500","24135","1135","235","95","202825","29291.000000000007"
"MC004136","2025-12-31","Instagram","Campaign 4136","28000","24136","1136","236","96","205056","29415.680000000008"
"MC004137","2026-01-01","Email","Campaign 4137","28500","24137","1137","237","97","207289","29540.920000000006"
"MC004138","2026-01-02","Referral","Campaign 4138","29000","24138","1138","238","98","209524","29666.72000000001"
"MC004139","2026-01-03","Organic Search","Campaign 4139","29500","24139","1139","239","99","211761","29793.08000000001"
"MC004140","2026-01-04","Google Ads","Campaign 4140","30000","24140","1140","240","10","21400","-24008"
"MC004141","2026-01-05","Instagram","Campaign 4141","30500","24141","1141","241","11","23551","-23905.72"
"MC004142","2026-01-06","Email","Campaign 4142","31000","24142","1142","242","12","25704","-23802.879999999997"
"MC004143","2026-01-07","Referral","Campaign 4143","31500","24143","1143","243","13","27859","-23699.48"
"MC004144","2026-01-08","Organic Search","Campaign 4144","32000","24144","1144","244","14","30016","-23595.519999999997"
"MC004145","2026-01-09","Google Ads","Campaign 4145","32500","24145","1145","245","15","32175","-23491"
"MC004146","2026-01-10","Instagram","Campaign 4146","33000","24146","1146","246","16","34336","-23385.92"
"MC004147","2026-01-11","Email","Campaign 4147","33500","24147","1147","247","17","36499","-23280.28"
"MC004148","2026-01-12","Referral","Campaign 4148","34000","24148","1148","248","18","38664","-23174.079999999998"
"MC004149","2026-01-13","Organic Search","Campaign 4149","34500","24149","1149","249","19","40831","-23067.32"
"MC004150","2026-01-14","Google Ads","Campaign 4150","35000","24150","1150","250","20","43000","-22960"
"MC004151","2026-01-15","Instagram","Campaign 4151","35500","24151","1151","251","21","45171","-22852.12"
"MC004152","2026-01-16","Email","Campaign 4152","36000","24152","1152","252","22","47344","-22743.68"
"MC004153","2026-01-17","Referral","Campaign 4153","36500","24153","1153","253","23","49519","-22634.68"
"MC004154","2026-01-18","Organic Search","Campaign 4154","37000","24154","1154","254","24","51696","-22525.12"
"MC004155","2026-01-19","Google Ads","Campaign 4155","37500","24155","1155","255","25","53875","-22415"
"MC004156","2026-01-20","Instagram","Campaign 4156","38000","24156","1156","256","26","56056","-22304.32"
"MC004157","2026-01-21","Email","Campaign 4157","38500","24157","1157","257","27","58239","-22193.079999999998"
"MC004158","2026-01-22","Referral","Campaign 4158","39000","24158","1158","258","28","60424","-22081.28"
"MC004159","2026-01-23","Organic Search","Campaign 4159","39500","24159","1159","259","29","62611","-21968.92"
"MC004160","2026-01-24","Google Ads","Campaign 4160","40000","24160","1160","260","30","64800","-21856"
"MC004161","2026-01-25","Instagram","Campaign 4161","40500","24161","1161","261","31","66991","-21742.519999999997"
"MC004162","2026-01-26","Email","Campaign 4162","41000","24162","1162","262","32","69184","-21628.48"
"MC004163","2026-01-27","Referral","Campaign 4163","41500","24163","1163","263","33","71379","-21513.879999999997"
"MC004164","2026-01-28","Organic Search","Campaign 4164","42000","24164","1164","264","34","73576","-21398.719999999998"
"MC004165","2026-01-29","Google Ads","Campaign 4165","42500","24165","1165","265","35","75775","-21282.999999999996"
"MC004166","2026-01-30","Instagram","Campaign 4166","43000","24166","1166","266","36","77976","-21166.719999999998"
"MC004167","2026-01-31","Email","Campaign 4167","43500","24167","1167","267","37","80179","-21049.879999999997"
"MC004168","2026-02-01","Referral","Campaign 4168","44000","24168","1168","268","38","82384","-20932.48"
"MC004169","2026-02-02","Organic Search","Campaign 4169","44500","24169","1169","269","39","84591","-20814.519999999997"
"MC004170","2026-02-03","Google Ads","Campaign 4170","45000","24170","1170","270","40","86800","-20695.999999999996"
"MC004171","2026-02-04","Instagram","Campaign 4171","45500","24171","1171","271","41","89011","-20576.92"
"MC004172","2026-02-05","Email","Campaign 4172","46000","24172","1172","272","42","91224","-20457.28"
"MC004173","2026-02-06","Referral","Campaign 4173","46500","24173","1173","273","43","93439","-20337.079999999998"
"MC004174","2026-02-07","Organic Search","Campaign 4174","47000","24174","1174","274","44","95656","-20216.319999999996"
"MC004175","2026-02-08","Google Ads","Campaign 4175","47500","24175","1175","275","45","97875","-20094.999999999996"
"MC004176","2026-02-09","Instagram","Campaign 4176","48000","24176","1176","276","46","100096","-19973.12"
"MC004177","2026-02-10","Email","Campaign 4177","48500","24177","1177","277","47","102319","-19850.679999999997"
"MC004178","2026-02-11","Referral","Campaign 4178","49000","24178","1178","278","48","104544","-19727.679999999997"
"MC004179","2026-02-12","Organic Search","Campaign 4179","49500","24179","1179","279","49","106771","-19604.119999999995"
"MC004180","2026-02-13","Google Ads","Campaign 4180","50000","24180","1180","280","50","109000","-19479.999999999996"
"MC004181","2026-02-14","Instagram","Campaign 4181","50500","24181","1181","281","51","111231","-19355.319999999996"
"MC004182","2026-02-15","Email","Campaign 4182","51000","24182","1182","282","52","113464","-19230.079999999998"
"MC004183","2026-02-16","Referral","Campaign 4183","51500","24183","1183","283","53","115699","-19104.279999999995"
"MC004184","2026-02-17","Organic Search","Campaign 4184","52000","24184","1184","284","54","117936","-18977.92"
"MC004185","2026-02-18","Google Ads","Campaign 4185","52500","24185","1185","285","55","120175","-18851"
"MC004186","2026-02-19","Instagram","Campaign 4186","53000","24186","1186","286","56","122416","-18723.519999999997"
"MC004187","2026-02-20","Email","Campaign 4187","53500","24187","1187","287","57","124659","-18595.479999999996"
"MC004188","2026-02-21","Referral","Campaign 4188","54000","24188","1188","288","58","126904","-18466.879999999997"
"MC004189","2026-02-22","Organic Search","Campaign 4189","54500","24189","1189","289","59","129151","-18337.719999999994"
"MC004190","2026-02-23","Google Ads","Campaign 4190","55000","24190","1190","290","60","131400","-18208"
"MC004191","2026-02-24","Instagram","Campaign 4191","55500","24191","1191","291","61","133651","-18077.719999999994"
"MC004192","2026-02-25","Email","Campaign 4192","56000","24192","1192","292","62","135904","-17946.879999999997"
"MC004193","2026-02-26","Referral","Campaign 4193","56500","24193","1193","293","63","138159","-17815.479999999996"
"MC004194","2026-02-27","Organic Search","Campaign 4194","57000","24194","1194","294","64","140416","-17683.519999999997"
"MC004195","2026-02-28","Google Ads","Campaign 4195","57500","24195","1195","295","65","142675","-17550.999999999993"
"MC004196","2026-03-01","Instagram","Campaign 4196","58000","24196","1196","296","66","144936","-17417.92"
"MC004197","2026-03-02","Email","Campaign 4197","58500","24197","1197","297","67","147199","-17284.28"
"MC004198","2026-03-03","Referral","Campaign 4198","59000","24198","1198","298","68","149464","-17150.079999999994"
"MC004199","2026-03-04","Organic Search","Campaign 4199","59500","24199","1199","299","69","151731","-17015.319999999992"
"MC004200","2026-03-05","Google Ads","Campaign 4200","10000","24200","1200","300","70","154000","33120.00000000001"
"MC004201","2026-03-06","Instagram","Campaign 4201","10500","24201","1201","301","71","156271","33255.880000000005"
"MC004202","2026-03-07","Email","Campaign 4202","11000","24202","1202","302","72","158544","33392.32000000001"
"MC004203","2026-03-08","Referral","Campaign 4203","11500","24203","1203","303","73","160819","33529.32000000001"
"MC004204","2026-03-09","Organic Search","Campaign 4204","12000","24204","1204","304","74","163096","33666.880000000005"
"MC004205","2026-03-10","Google Ads","Campaign 4205","12500","24205","1205","305","75","165375","33805.00000000001"
"MC004206","2026-03-11","Instagram","Campaign 4206","13000","24206","1206","306","76","167656","33943.68000000001"
"MC004207","2026-03-12","Email","Campaign 4207","13500","24207","1207","307","77","169939","34082.920000000006"
"MC004208","2026-03-13","Referral","Campaign 4208","14000","24208","1208","308","78","172224","34222.72"
"MC004209","2026-03-14","Organic Search","Campaign 4209","14500","24209","1209","309","79","174511","34363.08"
"MC004210","2026-03-15","Google Ads","Campaign 4210","15000","24210","1210","310","80","176800","34504.00000000001"
"MC004211","2026-03-16","Instagram","Campaign 4211","15500","24211","1211","311","81","179091","34645.48"
"MC004212","2026-03-17","Email","Campaign 4212","16000","24212","1212","312","82","181384","34787.520000000004"
"MC004213","2026-03-18","Referral","Campaign 4213","16500","24213","1213","313","83","183679","34930.12"
"MC004214","2026-03-19","Organic Search","Campaign 4214","17000","24214","1214","314","84","185976","35073.280000000006"
"MC004215","2026-03-20","Google Ads","Campaign 4215","17500","24215","1215","315","85","188275","35217.00000000001"
"MC004216","2026-03-21","Instagram","Campaign 4216","18000","24216","1216","316","86","190576","35361.280000000006"
"MC004217","2026-03-22","Email","Campaign 4217","18500","24217","1217","317","87","192879","35506.12"
"MC004218","2026-03-23","Referral","Campaign 4218","19000","24218","1218","318","88","195184","35651.520000000004"
"MC004219","2026-03-24","Organic Search","Campaign 4219","19500","24219","1219","319","89","197491","35797.48"
"MC004220","2026-03-25","Google Ads","Campaign 4220","20000","24220","1220","320","90","199800","35944.00000000001"
"MC004221","2026-03-26","Instagram","Campaign 4221","20500","24221","1221","321","91","202111","36091.08000000001"
"MC004222","2026-03-27","Email","Campaign 4222","21000","24222","1222","322","92","204424","36238.72000000001"
"MC004223","2026-03-28","Referral","Campaign 4223","21500","24223","1223","323","93","206739","36386.920000000006"
"MC004224","2026-03-29","Organic Search","Campaign 4224","22000","24224","1224","324","94","209056","36535.68000000001"
"MC004225","2026-03-30","Google Ads","Campaign 4225","22500","24225","1225","325","95","211375","36685.00000000001"
"MC004226","2026-03-31","Instagram","Campaign 4226","23000","24226","1226","326","96","213696","36834.880000000005"
"MC004227","2026-04-01","Email","Campaign 4227","23500","24227","1227","327","97","216019","36985.32000000001"
"MC004228","2026-04-02","Referral","Campaign 4228","24000","24228","1228","328","98","218344","37136.32000000001"
"MC004229","2026-04-03","Organic Search","Campaign 4229","24500","24229","1229","329","99","220671","37287.880000000005"
"MC004230","2026-04-04","Google Ads","Campaign 4230","25000","24230","1230","330","10","22300","-18756"
"MC004231","2026-04-05","Instagram","Campaign 4231","25500","24231","1231","331","11","24541","-18628.52"
"MC004232","2026-04-06","Email","Campaign 4232","26000","24232","1232","332","12","26784","-18500.48"
"MC004233","2026-04-07","Referral","Campaign 4233","26500","24233","1233","333","13","29029","-18371.879999999997"
"MC004234","2026-04-08","Organic Search","Campaign 4234","27000","24234","1234","334","14","31276","-18242.72"
"MC004235","2026-04-09","Google Ads","Campaign 4235","27500","24235","1235","335","15","33525","-18113"
"MC004236","2026-04-10","Instagram","Campaign 4236","28000","24236","1236","336","16","35776","-17982.72"
"MC004237","2026-04-11","Email","Campaign 4237","28500","24237","1237","337","17","38029","-17851.879999999997"
"MC004238","2026-04-12","Referral","Campaign 4238","29000","24238","1238","338","18","40284","-17720.48"
"MC004239","2026-04-13","Organic Search","Campaign 4239","29500","24239","1239","339","19","42541","-17588.519999999997"
"MC004240","2026-04-14","Google Ads","Campaign 4240","30000","24240","1240","340","20","44800","-17456"
"MC004241","2026-04-15","Instagram","Campaign 4241","30500","24241","1241","341","21","47061","-17322.92"
"MC004242","2026-04-16","Email","Campaign 4242","31000","24242","1242","342","22","49324","-17189.28"
"MC004243","2026-04-17","Referral","Campaign 4243","31500","24243","1243","343","23","51589","-17055.079999999998"
"MC004244","2026-04-18","Organic Search","Campaign 4244","32000","24244","1244","344","24","53856","-16920.32"
"MC004245","2026-04-19","Google Ads","Campaign 4245","32500","24245","1245","345","25","56125","-16785"
"MC004246","2026-04-20","Instagram","Campaign 4246","33000","24246","1246","346","26","58396","-16649.12"
"MC004247","2026-04-21","Email","Campaign 4247","33500","24247","1247","347","27","60669","-16512.679999999997"
"MC004248","2026-04-22","Referral","Campaign 4248","34000","24248","1248","348","28","62944","-16375.679999999997"
"MC004249","2026-04-23","Organic Search","Campaign 4249","34500","24249","1249","349","29","65221","-16238.119999999999"
"MC004250","2026-04-24","Google Ads","Campaign 4250","35000","24250","1250","350","30","67500","-16100"
"MC004251","2026-04-25","Instagram","Campaign 4251","35500","24251","1251","351","31","69781","-15961.32"
"MC004252","2026-04-26","Email","Campaign 4252","36000","24252","1252","352","32","72064","-15822.079999999998"
"MC004253","2026-04-27","Referral","Campaign 4253","36500","24253","1253","353","33","74349","-15682.279999999999"
"MC004254","2026-04-28","Organic Search","Campaign 4254","37000","24254","1254","354","34","76636","-15541.919999999998"
"MC004255","2026-04-29","Google Ads","Campaign 4255","37500","24255","1255","355","35","78925","-15400.999999999996"
"MC004256","2026-04-30","Instagram","Campaign 4256","38000","24256","1256","356","36","81216","-15259.519999999997"
"MC004257","2026-05-01","Email","Campaign 4257","38500","24257","1257","357","37","83509","-15117.48"
"MC004258","2026-05-02","Referral","Campaign 4258","39000","24258","1258","358","38","85804","-14974.879999999997"
"MC004259","2026-05-03","Organic Search","Campaign 4259","39500","24259","1259","359","39","88101","-14831.719999999998"
"MC004260","2026-05-04","Google Ads","Campaign 4260","40000","24260","1260","360","40","90400","-14687.999999999996"
"MC004261","2026-05-05","Instagram","Campaign 4261","40500","24261","1261","361","41","92701","-14543.719999999998"
"MC004262","2026-05-06","Email","Campaign 4262","41000","24262","1262","362","42","95004","-14398.879999999997"
"MC004263","2026-05-07","Referral","Campaign 4263","41500","24263","1263","363","43","97309","-14253.479999999996"
"MC004264","2026-05-08","Organic Search","Campaign 4264","42000","24264","1264","364","44","99616","-14107.519999999997"
"MC004265","2026-05-09","Google Ads","Campaign 4265","42500","24265","1265","365","45","101925","-13960.999999999996"
"MC004266","2026-05-10","Instagram","Campaign 4266","43000","24266","1266","366","46","104236","-13813.919999999998"
"MC004267","2026-05-11","Email","Campaign 4267","43500","24267","1267","367","47","106549","-13666.279999999999"
"MC004268","2026-05-12","Referral","Campaign 4268","44000","24268","1268","368","48","108864","-13518.079999999998"
"MC004269","2026-05-13","Organic Search","Campaign 4269","44500","24269","1269","369","49","111181","-13369.319999999996"
"MC004270","2026-05-14","Google Ads","Campaign 4270","45000","24270","1270","370","50","113500","-13219.999999999996"
"MC004271","2026-05-15","Instagram","Campaign 4271","45500","24271","1271","371","51","115821","-13070.119999999995"
"MC004272","2026-05-16","Email","Campaign 4272","46000","24272","1272","372","52","118144","-12919.68"
"MC004273","2026-05-17","Referral","Campaign 4273","46500","24273","1273","373","53","120469","-12768.68"
"MC004274","2026-05-18","Organic Search","Campaign 4274","47000","24274","1274","374","54","122796","-12617.119999999995"
"MC004275","2026-05-19","Google Ads","Campaign 4275","47500","24275","1275","375","55","125125","-12465"
"MC004276","2026-05-20","Instagram","Campaign 4276","48000","24276","1276","376","56","127456","-12312.32"
"MC004277","2026-05-21","Email","Campaign 4277","48500","24277","1277","377","57","129789","-12159.079999999994"
"MC004278","2026-05-22","Referral","Campaign 4278","49000","24278","1278","378","58","132124","-12005.279999999999"
"MC004279","2026-05-23","Organic Search","Campaign 4279","49500","24279","1279","379","59","134461","-11850.919999999998"
"MC004280","2026-05-24","Google Ads","Campaign 4280","50000","24280","1280","380","60","136800","-11695.999999999993"
"MC004281","2026-05-25","Instagram","Campaign 4281","50500","24281","1281","381","61","139141","-11540.519999999997"
"MC004282","2026-05-26","Email","Campaign 4282","51000","24282","1282","382","62","141484","-11384.479999999996"
"MC004283","2026-05-27","Referral","Campaign 4283","51500","24283","1283","383","63","143829","-11227.879999999997"
"MC004284","2026-05-28","Organic Search","Campaign 4284","52000","24284","1284","384","64","146176","-11070.719999999994"
"MC004285","2026-05-29","Google Ads","Campaign 4285","52500","24285","1285","385","65","148525","-10912.999999999993"
"MC004286","2026-05-30","Instagram","Campaign 4286","53000","24286","1286","386","66","150876","-10754.719999999994"
"MC004287","2026-05-31","Email","Campaign 4287","53500","24287","1287","387","67","153229","-10595.879999999997"
"MC004288","2026-06-01","Referral","Campaign 4288","54000","24288","1288","388","68","155584","-10436.479999999996"
"MC004289","2026-06-02","Organic Search","Campaign 4289","54500","24289","1289","389","69","157941","-10276.519999999997"
"MC004290","2026-06-03","Google Ads","Campaign 4290","55000","24290","1290","390","70","160300","-10115.999999999993"
"MC004291","2026-06-04","Instagram","Campaign 4291","55500","24291","1291","391","71","162661","-9954.919999999998"
"MC004292","2026-06-05","Email","Campaign 4292","56000","24292","1292","392","72","165024","-9793.279999999999"
"MC004293","2026-06-06","Referral","Campaign 4293","56500","24293","1293","393","73","167389","-9631.079999999994"
"MC004294","2026-06-07","Organic Search","Campaign 4294","57000","24294","1294","394","74","169756","-9468.319999999992"
"MC004295","2026-06-08","Google Ads","Campaign 4295","57500","24295","1295","395","75","172125","-9304.999999999993"
"MC004296","2026-06-09","Instagram","Campaign 4296","58000","24296","1296","396","76","174496","-9141.119999999995"
"MC004297","2026-06-10","Email","Campaign 4297","58500","24297","1297","397","77","176869","-8976.679999999993"
"MC004298","2026-06-11","Referral","Campaign 4298","59000","24298","1298","398","78","179244","-8811.679999999993"
"MC004299","2026-06-12","Organic Search","Campaign 4299","59500","24299","1299","399","79","181621","-8646.119999999995"
"MC004300","2026-06-13","Google Ads","Campaign 4300","10000","24300","1300","400","80","184000","41520.00000000001"
"MC004301","2026-06-14","Instagram","Campaign 4301","10500","24301","1301","401","81","186381","41686.68000000001"
"MC004302","2026-06-15","Email","Campaign 4302","11000","24302","1302","402","82","188764","41853.920000000006"
"MC004303","2026-06-16","Referral","Campaign 4303","11500","24303","1303","403","83","191149","42021.72000000001"
"MC004304","2026-06-17","Organic Search","Campaign 4304","12000","24304","1304","404","84","193536","42190.08"
"MC004305","2026-06-18","Google Ads","Campaign 4305","12500","24305","1305","405","85","195925","42359.00000000001"
"MC004306","2026-06-19","Instagram","Campaign 4306","13000","24306","1306","406","86","198316","42528.48"
"MC004307","2026-06-20","Email","Campaign 4307","13500","24307","1307","407","87","200709","42698.520000000004"
"MC004308","2026-06-21","Referral","Campaign 4308","14000","24308","1308","408","88","203104","42869.12"
"MC004309","2026-06-22","Organic Search","Campaign 4309","14500","24309","1309","409","89","205501","43040.280000000006"
"MC004310","2026-06-23","Google Ads","Campaign 4310","15000","24310","1310","410","90","207900","43212.00000000001"
"MC004311","2026-06-24","Instagram","Campaign 4311","15500","24311","1311","411","91","210301","43384.280000000006"
"MC004312","2026-06-25","Email","Campaign 4312","16000","24312","1312","412","92","212704","43557.12"
"MC004313","2026-06-26","Referral","Campaign 4313","16500","24313","1313","413","93","215109","43730.520000000004"
"MC004314","2026-06-27","Organic Search","Campaign 4314","17000","24314","1314","414","94","217516","43904.48"
"MC004315","2026-06-28","Google Ads","Campaign 4315","17500","24315","1315","415","95","219925","44079.00000000001"
"MC004316","2026-06-29","Instagram","Campaign 4316","18000","24316","1316","416","96","222336","44254.08000000001"
"MC004317","2026-06-30","Email","Campaign 4317","18500","24317","1317","417","97","224749","44429.72000000001"
"MC004318","2026-07-01","Referral","Campaign 4318","19000","24318","1318","418","98","227164","44605.920000000006"
"MC004319","2026-07-02","Organic Search","Campaign 4319","19500","24319","1319","419","99","229581","44782.68000000001"
"MC004320","2026-07-03","Google Ads","Campaign 4320","20000","24320","1320","420","10","23200","-13504"
"MC004321","2026-07-04","Instagram","Campaign 4321","20500","24321","1321","421","11","25531","-13351.32"
"MC004322","2026-07-05","Email","Campaign 4322","21000","24322","1322","422","12","27864","-13198.079999999998"
"MC004323","2026-07-06","Referral","Campaign 4323","21500","24323","1323","423","13","30199","-13044.279999999999"
"MC004324","2026-07-07","Organic Search","Campaign 4324","22000","24324","1324","424","14","32536","-12889.919999999998"
"MC004325","2026-07-08","Google Ads","Campaign 4325","22500","24325","1325","425","15","34875","-12734.999999999998"
"MC004326","2026-07-09","Instagram","Campaign 4326","23000","24326","1326","426","16","37216","-12579.519999999999"
"MC004327","2026-07-10","Email","Campaign 4327","23500","24327","1327","427","17","39559","-12423.48"
"MC004328","2026-07-11","Referral","Campaign 4328","24000","24328","1328","428","18","41904","-12266.88"
"MC004329","2026-07-12","Organic Search","Campaign 4329","24500","24329","1329","429","19","44251","-12109.72"
"MC004330","2026-07-13","Google Ads","Campaign 4330","25000","24330","1330","430","20","46600","-11951.999999999998"
"MC004331","2026-07-14","Instagram","Campaign 4331","25500","24331","1331","431","21","48951","-11793.72"
"MC004332","2026-07-15","Email","Campaign 4332","26000","24332","1332","432","22","51304","-11634.88"
"MC004333","2026-07-16","Referral","Campaign 4333","26500","24333","1333","433","23","53659","-11475.479999999998"
"MC004334","2026-07-17","Organic Search","Campaign 4334","27000","24334","1334","434","24","56016","-11315.519999999999"
"MC004335","2026-07-18","Google Ads","Campaign 4335","27500","24335","1335","435","25","58375","-11154.999999999998"
"MC004336","2026-07-19","Instagram","Campaign 4336","28000","24336","1336","436","26","60736","-10993.919999999998"
"MC004337","2026-07-20","Email","Campaign 4337","28500","24337","1337","437","27","63099","-10832.279999999999"
"MC004338","2026-07-21","Referral","Campaign 4338","29000","24338","1338","438","28","65464","-10670.079999999998"
"MC004339","2026-07-22","Organic Search","Campaign 4339","29500","24339","1339","439","29","67831","-10507.32"
"MC004340","2026-07-23","Google Ads","Campaign 4340","30000","24340","1340","440","30","70200","-10343.999999999996"
"MC004341","2026-07-24","Instagram","Campaign 4341","30500","24341","1341","441","31","72571","-10180.119999999999"
"MC004342","2026-07-25","Email","Campaign 4342","31000","24342","1342","442","32","74944","-10015.679999999997"
"MC004343","2026-07-26","Referral","Campaign 4343","31500","24343","1343","443","33","77319","-9850.679999999997"
"MC004344","2026-07-27","Organic Search","Campaign 4344","32000","24344","1344","444","34","79696","-9685.119999999999"
"MC004345","2026-07-28","Google Ads","Campaign 4345","32500","24345","1345","445","35","82075","-9518.999999999996"
"MC004346","2026-07-29","Instagram","Campaign 4346","33000","24346","1346","446","36","84456","-9352.319999999996"
"MC004347","2026-07-30","Email","Campaign 4347","33500","24347","1347","447","37","86839","-9185.079999999998"
"MC004348","2026-07-31","Referral","Campaign 4348","34000","24348","1348","448","38","89224","-9017.279999999999"
"MC004349","2026-08-01","Organic Search","Campaign 4349","34500","24349","1349","449","39","91611","-8848.919999999998"
"MC004350","2026-08-02","Google Ads","Campaign 4350","35000","24350","1350","450","40","94000","-8679.999999999996"
"MC004351","2026-08-03","Instagram","Campaign 4351","35500","24351","1351","451","41","96391","-8510.519999999997"
"MC004352","2026-08-04","Email","Campaign 4352","36000","24352","1352","452","42","98784","-8340.479999999996"
"MC004353","2026-08-05","Referral","Campaign 4353","36500","24353","1353","453","43","101179","-8169.879999999997"
"MC004354","2026-08-06","Organic Search","Campaign 4354","37000","24354","1354","454","44","103576","-7998.7199999999975"
"MC004355","2026-08-07","Google Ads","Campaign 4355","37500","24355","1355","455","45","105975","-7826.999999999996"
"MC004356","2026-08-08","Instagram","Campaign 4356","38000","24356","1356","456","46","108376","-7654.7199999999975"
"MC004357","2026-08-09","Email","Campaign 4357","38500","24357","1357","457","47","110779","-7481.879999999997"
"MC004358","2026-08-10","Referral","Campaign 4358","39000","24358","1358","458","48","113184","-7308.479999999996"
"MC004359","2026-08-11","Organic Search","Campaign 4359","39500","24359","1359","459","49","115591","-7134.519999999997"
"MC004360","2026-08-12","Google Ads","Campaign 4360","40000","24360","1360","460","50","118000","-6960"
"MC004361","2026-08-13","Instagram","Campaign 4361","40500","24361","1361","461","51","120411","-6784.919999999998"
"MC004362","2026-08-14","Email","Campaign 4362","41000","24362","1362","462","52","122824","-6609.279999999999"
"MC004363","2026-08-15","Referral","Campaign 4363","41500","24363","1363","463","53","125239","-6433.0799999999945"
"MC004364","2026-08-16","Organic Search","Campaign 4364","42000","24364","1364","464","54","127656","-6256.32"
"MC004365","2026-08-17","Google Ads","Campaign 4365","42500","24365","1365","465","55","130075","-6079"
"MC004366","2026-08-18","Instagram","Campaign 4366","43000","24366","1366","466","56","132496","-5901.119999999995"
"MC004367","2026-08-19","Email","Campaign 4367","43500","24367","1367","467","57","134919","-5722.679999999993"
"MC004368","2026-08-20","Referral","Campaign 4368","44000","24368","1368","468","58","137344","-5543.679999999993"
"MC004369","2026-08-21","Organic Search","Campaign 4369","44500","24369","1369","469","59","139771","-5364.119999999995"
"MC004370","2026-08-22","Google Ads","Campaign 4370","45000","24370","1370","470","60","142200","-5183.999999999993"
"MC004371","2026-08-23","Instagram","Campaign 4371","45500","24371","1371","471","61","144631","-5003.32"
"MC004372","2026-08-24","Email","Campaign 4372","46000","24372","1372","472","62","147064","-4822.0799999999945"
"MC004373","2026-08-25","Referral","Campaign 4373","46500","24373","1373","473","63","149499","-4640.279999999999"
"MC004374","2026-08-26","Organic Search","Campaign 4374","47000","24374","1374","474","64","151936","-4457.919999999998"
"MC004375","2026-08-27","Google Ads","Campaign 4375","47500","24375","1375","475","65","154375","-4274.999999999993"
"MC004376","2026-08-28","Instagram","Campaign 4376","48000","24376","1376","476","66","156816","-4091.519999999997"
"MC004377","2026-08-29","Email","Campaign 4377","48500","24377","1377","477","67","159259","-3907.479999999996"
"MC004378","2026-08-30","Referral","Campaign 4378","49000","24378","1378","478","68","161704","-3722.8799999999974"
"MC004379","2026-08-31","Organic Search","Campaign 4379","49500","24379","1379","479","69","164151","-3537.719999999994"
"MC004380","2025-09-01","Google Ads","Campaign 4380","50000","24380","1380","480","70","166600","-3351.9999999999927"
"MC004381","2025-09-02","Instagram","Campaign 4381","50500","24381","1381","481","71","169051","-3165.719999999994"
"MC004382","2025-09-03","Email","Campaign 4382","51000","24382","1382","482","72","171504","-2978.8799999999974"
"MC004383","2025-09-04","Referral","Campaign 4383","51500","24383","1383","483","73","173959","-2791.479999999996"
"MC004384","2025-09-05","Organic Search","Campaign 4384","52000","24384","1384","484","74","176416","-2603.519999999997"
"MC004385","2025-09-06","Google Ads","Campaign 4385","52500","24385","1385","485","75","178875","-2414.9999999999927"
"MC004386","2025-09-07","Instagram","Campaign 4386","53000","24386","1386","486","76","181336","-2225.9199999999983"
"MC004387","2025-09-08","Email","Campaign 4387","53500","24387","1387","487","77","183799","-2036.2799999999916"
"MC004388","2025-09-09","Referral","Campaign 4388","54000","24388","1388","488","78","186264","-1846.0799999999945"
"MC004389","2025-09-10","Organic Search","Campaign 4389","54500","24389","1389","489","79","188731","-1655.3199999999924"
"MC004390","2025-09-11","Google Ads","Campaign 4390","55000","24390","1390","490","80","191200","-1463.9999999999927"
"MC004391","2025-09-12","Instagram","Campaign 4391","55500","24391","1391","491","81","193671","-1272.1199999999953"
"MC004392","2025-09-13","Email","Campaign 4392","56000","24392","1392","492","82","196144","-1079.679999999993"
"MC004393","2025-09-14","Referral","Campaign 4393","56500","24393","1393","493","83","198619","-886.679999999993"
"MC004394","2025-09-15","Organic Search","Campaign 4394","57000","24394","1394","494","84","201096","-693.1199999999953"
"MC004395","2025-09-16","Google Ads","Campaign 4395","57500","24395","1395","495","85","203575","-498.9999999999927"
"MC004396","2025-09-17","Instagram","Campaign 4396","58000","24396","1396","496","86","206056","-304.31999999999243"
"MC004397","2025-09-18","Email","Campaign 4397","58500","24397","1397","497","87","208539","-109.07999999999447"
"MC004398","2025-09-19","Referral","Campaign 4398","59000","24398","1398","498","88","211024","86.72000000000844"
"MC004399","2025-09-20","Organic Search","Campaign 4399","59500","24399","1399","499","89","213511","283.080000000009"
"MC004400","2025-09-21","Google Ads","Campaign 4400","10000","24400","1400","500","90","216000","50480.00000000001"
"MC004401","2025-09-22","Instagram","Campaign 4401","10500","24401","1401","501","91","218491","50677.48"
"MC004402","2025-09-23","Email","Campaign 4402","11000","24402","1402","502","92","220984","50875.520000000004"
"MC004403","2025-09-24","Referral","Campaign 4403","11500","24403","1403","503","93","223479","51074.12"
"MC004404","2025-09-25","Organic Search","Campaign 4404","12000","24404","1404","504","94","225976","51273.280000000006"
"MC004405","2025-09-26","Google Ads","Campaign 4405","12500","24405","1405","505","95","228475","51473.00000000001"
"MC004406","2025-09-27","Instagram","Campaign 4406","13000","24406","1406","506","96","230976","51673.280000000006"
"MC004407","2025-09-28","Email","Campaign 4407","13500","24407","1407","507","97","233479","51874.12"
"MC004408","2025-09-29","Referral","Campaign 4408","14000","24408","1408","508","98","235984","52075.520000000004"
"MC004409","2025-09-30","Organic Search","Campaign 4409","14500","24409","1409","509","99","238491","52277.48000000001"
"MC004410","2025-10-01","Google Ads","Campaign 4410","15000","24410","1410","510","10","24100","-8252"
"MC004411","2025-10-02","Instagram","Campaign 4411","15500","24411","1411","511","11","26521","-8074.119999999999"
"MC004412","2025-10-03","Email","Campaign 4412","16000","24412","1412","512","12","28944","-7895.679999999999"
"MC004413","2025-10-04","Referral","Campaign 4413","16500","24413","1413","513","13","31369","-7716.6799999999985"
"MC004414","2025-10-05","Organic Search","Campaign 4414","17000","24414","1414","514","14","33796","-7537.119999999999"
"MC004415","2025-10-06","Google Ads","Campaign 4415","17500","24415","1415","515","15","36225","-7356.999999999998"
"MC004416","2025-10-07","Instagram","Campaign 4416","18000","24416","1416","516","16","38656","-7176.32"
"MC004417","2025-10-08","Email","Campaign 4417","18500","24417","1417","517","17","41089","-6995.079999999998"
"MC004418","2025-10-09","Referral","Campaign 4418","19000","24418","1418","518","18","43524","-6813.279999999999"
"MC004419","2025-10-10","Organic Search","Campaign 4419","19500","24419","1419","519","19","45961","-6630.919999999998"
"MC004420","2025-10-11","Google Ads","Campaign 4420","20000","24420","1420","520","20","48400","-6447.999999999998"
"MC004421","2025-10-12","Instagram","Campaign 4421","20500","24421","1421","521","21","50841","-6264.519999999999"
"MC004422","2025-10-13","Email","Campaign 4422","21000","24422","1422","522","22","53284","-6080.479999999998"
"MC004423","2025-10-14","Referral","Campaign 4423","21500","24423","1423","523","23","55729","-5895.879999999999"
"MC004424","2025-10-15","Organic Search","Campaign 4424","22000","24424","1424","524","24","58176","-5710.719999999999"
"MC004425","2025-10-16","Google Ads","Campaign 4425","22500","24425","1425","525","25","60625","-5525"
"MC004426","2025-10-17","Instagram","Campaign 4426","23000","24426","1426","526","26","63076","-5338.7199999999975"
"MC004427","2025-10-18","Email","Campaign 4427","23500","24427","1427","527","27","65529","-5151.879999999997"
"MC004428","2025-10-19","Referral","Campaign 4428","24000","24428","1428","528","28","67984","-4964.48"
"MC004429","2025-10-20","Organic Search","Campaign 4429","24500","24429","1429","529","29","70441","-4776.519999999997"
"MC004430","2025-10-21","Google Ads","Campaign 4430","25000","24430","1430","530","30","72900","-4587.999999999996"
"MC004431","2025-10-22","Instagram","Campaign 4431","25500","24431","1431","531","31","75361","-4398.919999999998"
"MC004432","2025-10-23","Email","Campaign 4432","26000","24432","1432","532","32","77824","-4209.279999999999"
"MC004433","2025-10-24","Referral","Campaign 4433","26500","24433","1433","533","33","80289","-4019.079999999998"
"MC004434","2025-10-25","Organic Search","Campaign 4434","27000","24434","1434","534","34","82756","-3828.319999999996"
"MC004435","2025-10-26","Google Ads","Campaign 4435","27500","24435","1435","535","35","85225","-3636.9999999999964"
"MC004436","2025-10-27","Instagram","Campaign 4436","28000","24436","1436","536","36","87696","-3445.119999999999"
"MC004437","2025-10-28","Email","Campaign 4437","28500","24437","1437","537","37","90169","-3252.6799999999967"
"MC004438","2025-10-29","Referral","Campaign 4438","29000","24438","1438","538","38","92644","-3059.6799999999967"
"MC004439","2025-10-30","Organic Search","Campaign 4439","29500","24439","1439","539","39","95121","-2866.119999999999"
"MC004440","2025-10-31","Google Ads","Campaign 4440","30000","24440","1440","540","40","97600","-2671.9999999999964"
"MC004441","2025-11-01","Instagram","Campaign 4441","30500","24441","1441","541","41","100081","-2477.319999999996"
"MC004442","2025-11-02","Email","Campaign 4442","31000","24442","1442","542","42","102564","-2282.079999999998"
"MC004443","2025-11-03","Referral","Campaign 4443","31500","24443","1443","543","43","105049","-2086.279999999999"
"MC004444","2025-11-04","Organic Search","Campaign 4444","32000","24444","1444","544","44","107536","-1889.9199999999983"
"MC004445","2025-11-05","Google Ads","Campaign 4445","32500","24445","1445","545","45","110025","-1692.9999999999964"
"MC004446","2025-11-06","Instagram","Campaign 4446","33000","24446","1446","546","46","112516","-1495.5199999999968"
"MC004447","2025-11-07","Email","Campaign 4447","33500","24447","1447","547","47","115009","-1297.479999999996"
"MC004448","2025-11-08","Referral","Campaign 4448","34000","24448","1448","548","48","117504","-1098.8799999999974"
"MC004449","2025-11-09","Organic Search","Campaign 4449","34500","24449","1449","549","49","120001","-899.7199999999939"
"MC004450","2025-11-10","Google Ads","Campaign 4450","35000","24450","1450","550","50","122500","-700"
"MC004451","2025-11-11","Instagram","Campaign 4451","35500","24451","1451","551","51","125001","-499.7199999999939"
"MC004452","2025-11-12","Email","Campaign 4452","36000","24452","1452","552","52","127504","-298.8799999999974"
"MC004453","2025-11-13","Referral","Campaign 4453","36500","24453","1453","553","53","130009","-97.47999999999593"
"MC004454","2025-11-14","Organic Search","Campaign 4454","37000","24454","1454","554","54","132516","104.4800000000032"
"MC004455","2025-11-15","Google Ads","Campaign 4455","37500","24455","1455","555","55","135025","307"
"MC004456","2025-11-16","Instagram","Campaign 4456","38000","24456","1456","556","56","137536","510.08000000000175"
"MC004457","2025-11-17","Email","Campaign 4457","38500","24457","1457","557","57","140049","713.7200000000012"
"MC004458","2025-11-18","Referral","Campaign 4458","39000","24458","1458","558","58","142564","917.9200000000055"
"MC004459","2025-11-19","Organic Search","Campaign 4459","39500","24459","1459","559","59","145081","1122.6800000000003"
"MC004460","2025-11-20","Google Ads","Campaign 4460","40000","24460","1460","560","60","147600","1328.0000000000073"
"MC004461","2025-11-21","Instagram","Campaign 4461","40500","24461","1461","561","61","150121","1533.8800000000047"
"MC004462","2025-11-22","Email","Campaign 4462","41000","24462","1462","562","62","152644","1740.320000000007"
"MC004463","2025-11-23","Referral","Campaign 4463","41500","24463","1463","563","63","155169","1947.320000000007"
"MC004464","2025-11-24","Organic Search","Campaign 4464","42000","24464","1464","564","64","157696","2154.8800000000047"
"MC004465","2025-11-25","Google Ads","Campaign 4465","42500","24465","1465","565","65","160225","2363.0000000000073"
"MC004466","2025-11-26","Instagram","Campaign 4466","43000","24466","1466","566","66","162756","2571.6800000000076"
"MC004467","2025-11-27","Email","Campaign 4467","43500","24467","1467","567","67","165289","2780.9200000000055"
"MC004468","2025-11-28","Referral","Campaign 4468","44000","24468","1468","568","68","167824","2990.720000000001"
"MC004469","2025-11-29","Organic Search","Campaign 4469","44500","24469","1469","569","69","170361","3201.0800000000017"
"MC004470","2025-11-30","Google Ads","Campaign 4470","45000","24470","1470","570","70","172900","3412.0000000000073"
"MC004471","2025-12-01","Instagram","Campaign 4471","45500","24471","1471","571","71","175441","3623.480000000003"
"MC004472","2025-12-02","Email","Campaign 4472","46000","24472","1472","572","72","177984","3835.520000000004"
"MC004473","2025-12-03","Referral","Campaign 4473","46500","24473","1473","573","73","180529","4048.1200000000026"
"MC004474","2025-12-04","Organic Search","Campaign 4474","47000","24474","1474","574","74","183076","4261.280000000006"
"MC004475","2025-12-05","Google Ads","Campaign 4475","47500","24475","1475","575","75","185625","4475.000000000007"
"MC004476","2025-12-06","Instagram","Campaign 4476","48000","24476","1476","576","76","188176","4689.280000000006"
"MC004477","2025-12-07","Email","Campaign 4477","48500","24477","1477","577","77","190729","4904.120000000003"
"MC004478","2025-12-08","Referral","Campaign 4478","49000","24478","1478","578","78","193284","5119.520000000004"
"MC004479","2025-12-09","Organic Search","Campaign 4479","49500","24479","1479","579","79","195841","5335.480000000003"
"MC004480","2025-12-10","Google Ads","Campaign 4480","50000","24480","1480","580","80","198400","5552.000000000007"
"MC004481","2025-12-11","Instagram","Campaign 4481","50500","24481","1481","581","81","200961","5769.080000000002"
"MC004482","2025-12-12","Email","Campaign 4482","51000","24482","1482","582","82","203524","5986.720000000008"
"MC004483","2025-12-13","Referral","Campaign 4483","51500","24483","1483","583","83","206089","6204.9200000000055"
"MC004484","2025-12-14","Organic Search","Campaign 4484","52000","24484","1484","584","84","208656","6423.680000000008"
"MC004485","2025-12-15","Google Ads","Campaign 4485","52500","24485","1485","585","85","211225","6643.000000000007"
"MC004486","2025-12-16","Instagram","Campaign 4486","53000","24486","1486","586","86","213796","6862.880000000005"
"MC004487","2025-12-17","Email","Campaign 4487","53500","24487","1487","587","87","216369","7083.320000000007"
"MC004488","2025-12-18","Referral","Campaign 4488","54000","24488","1488","588","88","218944","7304.320000000007"
"MC004489","2025-12-19","Organic Search","Campaign 4489","54500","24489","1489","589","89","221521","7525.880000000005"
"MC004490","2025-12-20","Google Ads","Campaign 4490","55000","24490","1490","590","90","224100","7748.000000000007"
"MC004491","2025-12-21","Instagram","Campaign 4491","55500","24491","1491","591","91","226681","7970.680000000008"
"MC004492","2025-12-22","Email","Campaign 4492","56000","24492","1492","592","92","229264","8193.920000000006"
"MC004493","2025-12-23","Referral","Campaign 4493","56500","24493","1493","593","93","231849","8417.720000000008"
"MC004494","2025-12-24","Organic Search","Campaign 4494","57000","24494","1494","594","94","234436","8642.080000000002"
"MC004495","2025-12-25","Google Ads","Campaign 4495","57500","24495","1495","595","95","237025","8867"
"MC004496","2025-12-26","Instagram","Campaign 4496","58000","24496","1496","596","96","239616","9092.48000000001"
"MC004497","2025-12-27","Email","Campaign 4497","58500","24497","1497","597","97","242209","9318.520000000004"
"MC004498","2025-12-28","Referral","Campaign 4498","59000","24498","1498","598","98","244804","9545.12000000001"
"MC004499","2025-12-29","Organic Search","Campaign 4499","59500","24499","1499","599","99","247401","9772.280000000013"
"MC004500","2025-12-30","Google Ads","Campaign 4500","10000","24500","1500","100","10","25000","-2999.999999999999"
"MC004501","2025-12-31","Instagram","Campaign 4501","10500","24501","1501","101","11","27511","-2796.919999999999"
"MC004502","2026-01-01","Email","Campaign 4502","11000","24502","1502","102","12","30024","-2593.279999999999"
"MC004503","2026-01-02","Referral","Campaign 4503","11500","24503","1503","103","13","32539","-2389.08"
"MC004504","2026-01-03","Organic Search","Campaign 4504","12000","24504","1504","104","14","35056","-2184.3199999999997"
"MC004505","2026-01-04","Google Ads","Campaign 4505","12500","24505","1505","105","15","37575","-1978.9999999999982"
"MC004506","2026-01-05","Instagram","Campaign 4506","13000","24506","1506","106","16","40096","-1773.119999999999"
"MC004507","2026-01-06","Email","Campaign 4507","13500","24507","1507","107","17","42619","-1566.6799999999985"
"MC004508","2026-01-07","Referral","Campaign 4508","14000","24508","1508","108","18","45144","-1359.6799999999985"
"MC004509","2026-01-08","Organic Search","Campaign 4509","14500","24509","1509","109","19","47671","-1152.119999999999"
"MC004510","2026-01-09","Google Ads","Campaign 4510","15000","24510","1510","110","20","50200","-943.9999999999982"
"MC004511","2026-01-10","Instagram","Campaign 4511","15500","24511","1511","111","21","52731","-735.3199999999979"
"MC004512","2026-01-11","Email","Campaign 4512","16000","24512","1512","112","22","55264","-526.0799999999981"
"MC004513","2026-01-12","Referral","Campaign 4513","16500","24513","1513","113","23","57799","-316.27999999999884"
"MC004514","2026-01-13","Organic Search","Campaign 4514","17000","24514","1514","114","24","60336","-105.91999999999825"
"MC004515","2026-01-14","Google Ads","Campaign 4515","17500","24515","1515","115","25","62875","105"
"MC004516","2026-01-15","Instagram","Campaign 4516","18000","24516","1516","116","26","65416","316.4800000000032"
"MC004517","2026-01-16","Email","Campaign 4517","18500","24517","1517","117","27","67959","528.5200000000004"
"MC004518","2026-01-17","Referral","Campaign 4518","19000","24518","1518","118","28","70504","741.1200000000026"
"MC004519","2026-01-18","Organic Search","Campaign 4519","19500","24519","1519","119","29","73051","954.2800000000025"
"MC004520","2026-01-19","Google Ads","Campaign 4520","20000","24520","1520","120","30","75600","1168.0000000000036"
"MC004521","2026-01-20","Instagram","Campaign 4521","20500","24521","1521","121","31","78151","1382.2800000000025"
"MC004522","2026-01-21","Email","Campaign 4522","21000","24522","1522","122","32","80704","1597.1200000000026"
"MC004523","2026-01-22","Referral","Campaign 4523","21500","24523","1523","123","33","83259","1812.5200000000004"
"MC004524","2026-01-23","Organic Search","Campaign 4524","22000","24524","1524","124","34","85816","2028.4800000000032"
"MC004525","2026-01-24","Google Ads","Campaign 4525","22500","24525","1525","125","35","88375","2245.0000000000036"
"MC004526","2026-01-25","Instagram","Campaign 4526","23000","24526","1526","126","36","90936","2462.0800000000017"
"MC004527","2026-01-26","Email","Campaign 4527","23500","24527","1527","127","37","93499","2679.720000000001"
"MC004528","2026-01-27","Referral","Campaign 4528","24000","24528","1528","128","38","96064","2897.920000000002"
"MC004529","2026-01-28","Organic Search","Campaign 4529","24500","24529","1529","129","39","98631","3116.680000000004"
"MC004530","2026-01-29","Google Ads","Campaign 4530","25000","24530","1530","130","40","101200","3336.0000000000036"
"MC004531","2026-01-30","Instagram","Campaign 4531","25500","24531","1531","131","41","103771","3555.880000000001"
"MC004532","2026-01-31","Email","Campaign 4532","26000","24532","1532","132","42","106344","3776.3200000000033"
"MC004533","2026-02-01","Referral","Campaign 4533","26500","24533","1533","133","43","108919","3997.3200000000033"
"MC004534","2026-02-02","Organic Search","Campaign 4534","27000","24534","1534","134","44","111496","4218.880000000005"
"MC004535","2026-02-03","Google Ads","Campaign 4535","27500","24535","1535","135","45","114075","4441.000000000004"
"MC004536","2026-02-04","Instagram","Campaign 4536","28000","24536","1536","136","46","116656","4663.680000000004"
"MC004537","2026-02-05","Email","Campaign 4537","28500","24537","1537","137","47","119239","4886.9200000000055"
"MC004538","2026-02-06","Referral","Campaign 4538","29000","24538","1538","138","48","121824","5110.720000000001"
"MC004539","2026-02-07","Organic Search","Campaign 4539","29500","24539","1539","139","49","124411","5335.080000000002"
"MC004540","2026-02-08","Google Ads","Campaign 4540","30000","24540","1540","140","50","127000","5560"
"MC004541","2026-02-09","Instagram","Campaign 4541","30500","24541","1541","141","51","129591","5785.480000000003"
"MC004542","2026-02-10","Email","Campaign 4542","31000","24542","1542","142","52","132184","6011.520000000004"
"MC004543","2026-02-11","Referral","Campaign 4543","31500","24543","1543","143","53","134779","6238.120000000003"
"MC004544","2026-02-12","Organic Search","Campaign 4544","32000","24544","1544","144","54","137376","6465.280000000006"
"MC004545","2026-02-13","Google Ads","Campaign 4545","32500","24545","1545","145","55","139975","6693.000000000007"
"MC004546","2026-02-14","Instagram","Campaign 4546","33000","24546","1546","146","56","142576","6921.280000000006"
"MC004547","2026-02-15","Email","Campaign 4547","33500","24547","1547","147","57","145179","7150.120000000003"
"MC004548","2026-02-16","Referral","Campaign 4548","34000","24548","1548","148","58","147784","7379.520000000004"
"MC004549","2026-02-17","Organic Search","Campaign 4549","34500","24549","1549","149","59","150391","7609.480000000003"
"MC004550","2026-02-18","Google Ads","Campaign 4550","35000","24550","1550","150","60","153000","7840.000000000007"
"MC004551","2026-02-19","Instagram","Campaign 4551","35500","24551","1551","151","61","155611","8071.080000000002"
"MC004552","2026-02-20","Email","Campaign 4552","36000","24552","1552","152","62","158224","8302.720000000001"
"MC004553","2026-02-21","Referral","Campaign 4553","36500","24553","1553","153","63","160839","8534.920000000006"
"MC004554","2026-02-22","Organic Search","Campaign 4554","37000","24554","1554","154","64","163456","8767.680000000008"
"MC004555","2026-02-23","Google Ads","Campaign 4555","37500","24555","1555","155","65","166075","9001.000000000007"
"MC004556","2026-02-24","Instagram","Campaign 4556","38000","24556","1556","156","66","168696","9234.880000000005"
"MC004557","2026-02-25","Email","Campaign 4557","38500","24557","1557","157","67","171319","9469.320000000007"
"MC004558","2026-02-26","Referral","Campaign 4558","39000","24558","1558","158","68","173944","9704.320000000007"
"MC004559","2026-02-27","Organic Search","Campaign 4559","39500","24559","1559","159","69","176571","9939.880000000005"
"MC004560","2026-02-28","Google Ads","Campaign 4560","40000","24560","1560","160","70","179200","10176.000000000007"
"MC004561","2026-03-01","Instagram","Campaign 4561","40500","24561","1561","161","71","181831","10412.680000000008"
"MC004562","2026-03-02","Email","Campaign 4562","41000","24562","1562","162","72","184464","10649.920000000006"
"MC004563","2026-03-03","Referral","Campaign 4563","41500","24563","1563","163","73","187099","10887.720000000008"
"MC004564","2026-03-04","Organic Search","Campaign 4564","42000","24564","1564","164","74","189736","11126.080000000002"
"MC004565","2026-03-05","Google Ads","Campaign 4565","42500","24565","1565","165","75","192375","11365.000000000007"
"MC004566","2026-03-06","Instagram","Campaign 4566","43000","24566","1566","166","76","195016","11604.480000000003"
"MC004567","2026-03-07","Email","Campaign 4567","43500","24567","1567","167","77","197659","11844.520000000004"
"MC004568","2026-03-08","Referral","Campaign 4568","44000","24568","1568","168","78","200304","12085.120000000003"
"MC004569","2026-03-09","Organic Search","Campaign 4569","44500","24569","1569","169","79","202951","12326.280000000006"
"MC004570","2026-03-10","Google Ads","Campaign 4570","45000","24570","1570","170","80","205600","12568.000000000007"
"MC004571","2026-03-11","Instagram","Campaign 4571","45500","24571","1571","171","81","208251","12810.280000000006"
"MC004572","2026-03-12","Email","Campaign 4572","46000","24572","1572","172","82","210904","13053.120000000003"
"MC004573","2026-03-13","Referral","Campaign 4573","46500","24573","1573","173","83","213559","13296.520000000004"
"MC004574","2026-03-14","Organic Search","Campaign 4574","47000","24574","1574","174","84","216216","13540.480000000003"
"MC004575","2026-03-15","Google Ads","Campaign 4575","47500","24575","1575","175","85","218875","13785.000000000007"
"MC004576","2026-03-16","Instagram","Campaign 4576","48000","24576","1576","176","86","221536","14030.080000000009"
"MC004577","2026-03-17","Email","Campaign 4577","48500","24577","1577","177","87","224199","14275.720000000008"
"MC004578","2026-03-18","Referral","Campaign 4578","49000","24578","1578","178","88","226864","14521.920000000006"
"MC004579","2026-03-19","Organic Search","Campaign 4579","49500","24579","1579","179","89","229531","14768.680000000008"
"MC004580","2026-03-20","Google Ads","Campaign 4580","50000","24580","1580","180","90","232200","15016.000000000007"
"MC004581","2026-03-21","Instagram","Campaign 4581","50500","24581","1581","181","91","234871","15263.880000000005"
"MC004582","2026-03-22","Email","Campaign 4582","51000","24582","1582","182","92","237544","15512.320000000007"
"MC004583","2026-03-23","Referral","Campaign 4583","51500","24583","1583","183","93","240219","15761.320000000007"
"MC004584","2026-03-24","Organic Search","Campaign 4584","52000","24584","1584","184","94","242896","16010.880000000005"
"MC004585","2026-03-25","Google Ads","Campaign 4585","52500","24585","1585","185","95","245575","16261"
"MC004586","2026-03-26","Instagram","Campaign 4586","53000","24586","1586","186","96","248256","16511.680000000008"
"MC004587","2026-03-27","Email","Campaign 4587","53500","24587","1587","187","97","250939","16762.920000000013"
"MC004588","2026-03-28","Referral","Campaign 4588","54000","24588","1588","188","98","253624","17014.72"
"MC004589","2026-03-29","Organic Search","Campaign 4589","54500","24589","1589","189","99","256311","17267.08"
"MC004590","2026-03-30","Google Ads","Campaign 4590","55000","24590","1590","190","10","25900","-47748"
"MC004591","2026-03-31","Instagram","Campaign 4591","55500","24591","1591","191","11","28501","-47519.72"
"MC004592","2026-04-01","Email","Campaign 4592","56000","24592","1592","192","12","31104","-47290.88"
"MC004593","2026-04-02","Referral","Campaign 4593","56500","24593","1593","193","13","33709","-47061.479999999996"
"MC004594","2026-04-03","Organic Search","Campaign 4594","57000","24594","1594","194","14","36316","-46831.52"
"MC004595","2026-04-04","Google Ads","Campaign 4595","57500","24595","1595","195","15","38925","-46601"
"MC004596","2026-04-05","Instagram","Campaign 4596","58000","24596","1596","196","16","41536","-46369.92"
"MC004597","2026-04-06","Email","Campaign 4597","58500","24597","1597","197","17","44149","-46138.28"
"MC004598","2026-04-07","Referral","Campaign 4598","59000","24598","1598","198","18","46764","-45906.08"
"MC004599","2026-04-08","Organic Search","Campaign 4599","59500","24599","1599","199","19","49381","-45673.32"
"MC004600","2026-04-09","Google Ads","Campaign 4600","10000","24600","1600","200","20","52000","4560.000000000002"
"MC004601","2026-04-10","Instagram","Campaign 4601","10500","24601","1601","201","21","54621","4793.880000000001"
"MC004602","2026-04-11","Email","Campaign 4602","11000","24602","1602","202","22","57244","5028.3200000000015"
"MC004603","2026-04-12","Referral","Campaign 4603","11500","24603","1603","203","23","59869","5263.320000000003"
"MC004604","2026-04-13","Organic Search","Campaign 4604","12000","24604","1604","204","24","62496","5498.880000000001"
"MC004605","2026-04-14","Google Ads","Campaign 4605","12500","24605","1605","205","25","65125","5735"
"MC004606","2026-04-15","Instagram","Campaign 4606","13000","24606","1606","206","26","67756","5971.68"
"MC004607","2026-04-16","Email","Campaign 4607","13500","24607","1607","207","27","70389","6208.920000000002"
"MC004608","2026-04-17","Referral","Campaign 4608","14000","24608","1608","208","28","73024","6446.720000000001"
"MC004609","2026-04-18","Organic Search","Campaign 4609","14500","24609","1609","209","29","75661","6685.080000000002"
"MC004610","2026-04-19","Google Ads","Campaign 4610","15000","24610","1610","210","30","78300","6924.000000000004"
"MC004611","2026-04-20","Instagram","Campaign 4611","15500","24611","1611","211","31","80941","7163.480000000003"
"MC004612","2026-04-21","Email","Campaign 4612","16000","24612","1612","212","32","83584","7403.52"
"MC004613","2026-04-22","Referral","Campaign 4613","16500","24613","1613","213","33","86229","7644.120000000003"
"MC004614","2026-04-23","Organic Search","Campaign 4614","17000","24614","1614","214","34","88876","7885.2800000000025"
"MC004615","2026-04-24","Google Ads","Campaign 4615","17500","24615","1615","215","35","91525","8127.000000000004"
"MC004616","2026-04-25","Instagram","Campaign 4616","18000","24616","1616","216","36","94176","8369.280000000002"
"MC004617","2026-04-26","Email","Campaign 4617","18500","24617","1617","217","37","96829","8612.120000000003"
"MC004618","2026-04-27","Referral","Campaign 4618","19000","24618","1618","218","38","99484","8855.520000000004"
"MC004619","2026-04-28","Organic Search","Campaign 4619","19500","24619","1619","219","39","102141","9099.480000000003"
"MC004620","2026-04-29","Google Ads","Campaign 4620","20000","24620","1620","220","40","104800","9344.000000000004"
"MC004621","2026-04-30","Instagram","Campaign 4621","20500","24621","1621","221","41","107461","9589.080000000002"
"MC004622","2026-05-01","Email","Campaign 4622","21000","24622","1622","222","42","110124","9834.720000000001"
"MC004623","2026-05-02","Referral","Campaign 4623","21500","24623","1623","223","43","112789","10080.920000000002"
"MC004624","2026-05-03","Organic Search","Campaign 4624","22000","24624","1624","224","44","115456","10327.680000000004"
"MC004625","2026-05-04","Google Ads","Campaign 4625","22500","24625","1625","225","45","118125","10575"
"MC004626","2026-05-05","Instagram","Campaign 4626","23000","24626","1626","226","46","120796","10822.880000000005"
"MC004627","2026-05-06","Email","Campaign 4627","23500","24627","1627","227","47","123469","11071.32"
"MC004628","2026-05-07","Referral","Campaign 4628","24000","24628","1628","228","48","126144","11320.320000000007"
"MC004629","2026-05-08","Organic Search","Campaign 4629","24500","24629","1629","229","49","128821","11569.880000000005"
"MC004630","2026-05-09","Google Ads","Campaign 4630","25000","24630","1630","230","50","131500","11820"
"MC004631","2026-05-10","Instagram","Campaign 4631","25500","24631","1631","231","51","134181","12070.68"
"MC004632","2026-05-11","Email","Campaign 4632","26000","24632","1632","232","52","136864","12321.920000000006"
"MC004633","2026-05-12","Referral","Campaign 4633","26500","24633","1633","233","53","139549","12573.720000000001"
"MC004634","2026-05-13","Organic Search","Campaign 4634","27000","24634","1634","234","54","142236","12826.080000000002"
"MC004635","2026-05-14","Google Ads","Campaign 4635","27500","24635","1635","235","55","144925","13079.000000000007"
"MC004636","2026-05-15","Instagram","Campaign 4636","28000","24636","1636","236","56","147616","13332.480000000003"
"MC004637","2026-05-16","Email","Campaign 4637","28500","24637","1637","237","57","150309","13586.520000000004"
"MC004638","2026-05-17","Referral","Campaign 4638","29000","24638","1638","238","58","153004","13841.120000000003"
"MC004639","2026-05-18","Organic Search","Campaign 4639","29500","24639","1639","239","59","155701","14096.280000000006"
"MC004640","2026-05-19","Google Ads","Campaign 4640","30000","24640","1640","240","60","158400","14352.000000000007"
"MC004641","2026-05-20","Instagram","Campaign 4641","30500","24641","1641","241","61","161101","14608.280000000006"
"MC004642","2026-05-21","Email","Campaign 4642","31000","24642","1642","242","62","163804","14865.120000000003"
"MC004643","2026-05-22","Referral","Campaign 4643","31500","24643","1643","243","63","166509","15122.520000000004"
"MC004644","2026-05-23","Organic Search","Campaign 4644","32000","24644","1644","244","64","169216","15380.480000000003"
"MC004645","2026-05-24","Google Ads","Campaign 4645","32500","24645","1645","245","65","171925","15639.000000000007"
"MC004646","2026-05-25","Instagram","Campaign 4646","33000","24646","1646","246","66","174636","15898.080000000002"
"MC004647","2026-05-26","Email","Campaign 4647","33500","24647","1647","247","67","177349","16157.720000000001"
"MC004648","2026-05-27","Referral","Campaign 4648","34000","24648","1648","248","68","180064","16417.920000000006"
"MC004649","2026-05-28","Organic Search","Campaign 4649","34500","24649","1649","249","69","182781","16678.680000000008"
"MC004650","2026-05-29","Google Ads","Campaign 4650","35000","24650","1650","250","70","185500","16940.000000000007"
"MC004651","2026-05-30","Instagram","Campaign 4651","35500","24651","1651","251","71","188221","17201.880000000005"
"MC004652","2026-05-31","Email","Campaign 4652","36000","24652","1652","252","72","190944","17464.320000000007"
"MC004653","2026-06-01","Referral","Campaign 4653","36500","24653","1653","253","73","193669","17727.320000000007"
"MC004654","2026-06-02","Organic Search","Campaign 4654","37000","24654","1654","254","74","196396","17990.880000000005"
"MC004655","2026-06-03","Google Ads","Campaign 4655","37500","24655","1655","255","75","199125","18255.000000000007"
"MC004656","2026-06-04","Instagram","Campaign 4656","38000","24656","1656","256","76","201856","18519.680000000008"
"MC004657","2026-06-05","Email","Campaign 4657","38500","24657","1657","257","77","204589","18784.920000000006"
"MC004658","2026-06-06","Referral","Campaign 4658","39000","24658","1658","258","78","207324","19050.72000000001"
"MC004659","2026-06-07","Organic Search","Campaign 4659","39500","24659","1659","259","79","210061","19317.08000000001"
"MC004660","2026-06-08","Google Ads","Campaign 4660","40000","24660","1660","260","80","212800","19584.000000000007"
"MC004661","2026-06-09","Instagram","Campaign 4661","40500","24661","1661","261","81","215541","19851.480000000003"
"MC004662","2026-06-10","Email","Campaign 4662","41000","24662","1662","262","82","218284","20119.520000000004"
"MC004663","2026-06-11","Referral","Campaign 4663","41500","24663","1663","263","83","221029","20388.120000000003"
"MC004664","2026-06-12","Organic Search","Campaign 4664","42000","24664","1664","264","84","223776","20657.280000000006"
"MC004665","2026-06-13","Google Ads","Campaign 4665","42500","24665","1665","265","85","226525","20927.000000000007"
"MC004666","2026-06-14","Instagram","Campaign 4666","43000","24666","1666","266","86","229276","21197.280000000006"
"MC004667","2026-06-15","Email","Campaign 4667","43500","24667","1667","267","87","232029","21468.120000000003"
"MC004668","2026-06-16","Referral","Campaign 4668","44000","24668","1668","268","88","234784","21739.520000000004"
"MC004669","2026-06-17","Organic Search","Campaign 4669","44500","24669","1669","269","89","237541","22011.48000000001"
"MC004670","2026-06-18","Google Ads","Campaign 4670","45000","24670","1670","270","90","240300","22284"
"MC004671","2026-06-19","Instagram","Campaign 4671","45500","24671","1671","271","91","243061","22557.08"
"MC004672","2026-06-20","Email","Campaign 4672","46000","24672","1672","272","92","245824","22830.72"
"MC004673","2026-06-21","Referral","Campaign 4673","46500","24673","1673","273","93","248589","23104.920000000013"
"MC004674","2026-06-22","Organic Search","Campaign 4674","47000","24674","1674","274","94","251356","23379.680000000008"
"MC004675","2026-06-23","Google Ads","Campaign 4675","47500","24675","1675","275","95","254125","23655"
"MC004676","2026-06-24","Instagram","Campaign 4676","48000","24676","1676","276","96","256896","23930.880000000005"
"MC004677","2026-06-25","Email","Campaign 4677","48500","24677","1677","277","97","259669","24207.320000000007"
"MC004678","2026-06-26","Referral","Campaign 4678","49000","24678","1678","278","98","262444","24484.320000000007"
"MC004679","2026-06-27","Organic Search","Campaign 4679","49500","24679","1679","279","99","265221","24761.880000000005"
"MC004680","2026-06-28","Google Ads","Campaign 4680","50000","24680","1680","280","10","26800","-42496"
"MC004681","2026-06-29","Instagram","Campaign 4681","50500","24681","1681","281","11","29491","-42242.52"
"MC004682","2026-06-30","Email","Campaign 4682","51000","24682","1682","282","12","32184","-41988.479999999996"
"MC004683","2026-07-01","Referral","Campaign 4683","51500","24683","1683","283","13","34879","-41733.88"
"MC004684","2026-07-02","Organic Search","Campaign 4684","52000","24684","1684","284","14","37576","-41478.72"
"MC004685","2026-07-03","Google Ads","Campaign 4685","52500","24685","1685","285","15","40275","-41223"
"MC004686","2026-07-04","Instagram","Campaign 4686","53000","24686","1686","286","16","42976","-40966.72"
"MC004687","2026-07-05","Email","Campaign 4687","53500","24687","1687","287","17","45679","-40709.88"
"MC004688","2026-07-06","Referral","Campaign 4688","54000","24688","1688","288","18","48384","-40452.479999999996"
"MC004689","2026-07-07","Organic Search","Campaign 4689","54500","24689","1689","289","19","51091","-40194.52"
"MC004690","2026-07-08","Google Ads","Campaign 4690","55000","24690","1690","290","20","53800","-39936"
"MC004691","2026-07-09","Instagram","Campaign 4691","55500","24691","1691","291","21","56511","-39676.92"
"MC004692","2026-07-10","Email","Campaign 4692","56000","24692","1692","292","22","59224","-39417.28"
"MC004693","2026-07-11","Referral","Campaign 4693","56500","24693","1693","293","23","61939","-39157.08"
"MC004694","2026-07-12","Organic Search","Campaign 4694","57000","24694","1694","294","24","64656","-38896.32"
"MC004695","2026-07-13","Google Ads","Campaign 4695","57500","24695","1695","295","25","67375","-38635"
"MC004696","2026-07-14","Instagram","Campaign 4696","58000","24696","1696","296","26","70096","-38373.119999999995"
"MC004697","2026-07-15","Email","Campaign 4697","58500","24697","1697","297","27","72819","-38110.67999999999"
"MC004698","2026-07-16","Referral","Campaign 4698","59000","24698","1698","298","28","75544","-37847.67999999999"
"MC004699","2026-07-17","Organic Search","Campaign 4699","59500","24699","1699","299","29","78271","-37584.119999999995"
"MC004700","2026-07-18","Google Ads","Campaign 4700","10000","24700","1700","300","30","81000","12680.000000000004"
"MC004701","2026-07-19","Instagram","Campaign 4701","10500","24701","1701","301","31","83731","12944.680000000004"
"MC004702","2026-07-20","Email","Campaign 4702","11000","24702","1702","302","32","86464","13209.920000000002"
"MC004703","2026-07-21","Referral","Campaign 4703","11500","24703","1703","303","33","89199","13475.720000000001"
"MC004704","2026-07-22","Organic Search","Campaign 4704","12000","24704","1704","304","34","91936","13742.080000000002"
"MC004705","2026-07-23","Google Ads","Campaign 4705","12500","24705","1705","305","35","94675","14009.000000000004"
"MC004706","2026-07-24","Instagram","Campaign 4706","13000","24706","1706","306","36","97416","14276.480000000003"
"MC004707","2026-07-25","Email","Campaign 4707","13500","24707","1707","307","37","100159","14544.520000000004"
"MC004708","2026-07-26","Referral","Campaign 4708","14000","24708","1708","308","38","102904","14813.120000000003"
"MC004709","2026-07-27","Organic Search","Campaign 4709","14500","24709","1709","309","39","105651","15082.280000000002"
"MC004710","2026-07-28","Google Ads","Campaign 4710","15000","24710","1710","310","40","108400","15352.000000000004"
"MC004711","2026-07-29","Instagram","Campaign 4711","15500","24711","1711","311","41","111151","15622.280000000002"
"MC004712","2026-07-30","Email","Campaign 4712","16000","24712","1712","312","42","113904","15893.120000000003"
"MC004713","2026-07-31","Referral","Campaign 4713","16500","24713","1713","313","43","116659","16164.520000000004"
"MC004714","2026-08-01","Organic Search","Campaign 4714","17000","24714","1714","314","44","119416","16436.480000000003"
"MC004715","2026-08-02","Google Ads","Campaign 4715","17500","24715","1715","315","45","122175","16709"
"MC004716","2026-08-03","Instagram","Campaign 4716","18000","24716","1716","316","46","124936","16982.08"
"MC004717","2026-08-04","Email","Campaign 4717","18500","24717","1717","317","47","127699","17255.72"
"MC004718","2026-08-05","Referral","Campaign 4718","19000","24718","1718","318","48","130464","17529.920000000006"
"MC004719","2026-08-06","Organic Search","Campaign 4719","19500","24719","1719","319","49","133231","17804.68"
"MC004720","2026-08-07","Google Ads","Campaign 4720","20000","24720","1720","320","50","136000","18080"
"MC004721","2026-08-08","Instagram","Campaign 4721","20500","24721","1721","321","51","138771","18355.880000000005"
"MC004722","2026-08-09","Email","Campaign 4722","21000","24722","1722","322","52","141544","18632.320000000007"
"MC004723","2026-08-10","Referral","Campaign 4723","21500","24723","1723","323","53","144319","18909.320000000007"
"MC004724","2026-08-11","Organic Search","Campaign 4724","22000","24724","1724","324","54","147096","19186.880000000005"
"MC004725","2026-08-12","Google Ads","Campaign 4725","22500","24725","1725","325","55","149875","19465.000000000007"
"MC004726","2026-08-13","Instagram","Campaign 4726","23000","24726","1726","326","56","152656","19743.680000000008"
"MC004727","2026-08-14","Email","Campaign 4727","23500","24727","1727","327","57","155439","20022.920000000006"
"MC004728","2026-08-15","Referral","Campaign 4728","24000","24728","1728","328","58","158224","20302.72"
"MC004729","2026-08-16","Organic Search","Campaign 4729","24500","24729","1729","329","59","161011","20583.08"
"MC004730","2026-08-17","Google Ads","Campaign 4730","25000","24730","1730","330","60","163800","20864.000000000007"
"MC004731","2026-08-18","Instagram","Campaign 4731","25500","24731","1731","331","61","166591","21145.480000000003"
"MC004732","2026-08-19","Email","Campaign 4732","26000","24732","1732","332","62","169384","21427.520000000004"
"MC004733","2026-08-20","Referral","Campaign 4733","26500","24733","1733","333","63","172179","21710.120000000003"
"MC004734","2026-08-21","Organic Search","Campaign 4734","27000","24734","1734","334","64","174976","21993.280000000006"
"MC004735","2026-08-22","Google Ads","Campaign 4735","27500","24735","1735","335","65","177775","22277.000000000007"
"MC004736","2026-08-23","Instagram","Campaign 4736","28000","24736","1736","336","66","180576","22561.280000000006"
"MC004737","2026-08-24","Email","Campaign 4737","28500","24737","1737","337","67","183379","22846.120000000003"
"MC004738","2026-08-25","Referral","Campaign 4738","29000","24738","1738","338","68","186184","23131.520000000004"
"MC004739","2026-08-26","Organic Search","Campaign 4739","29500","24739","1739","339","69","188991","23417.480000000003"
"MC004740","2026-08-27","Google Ads","Campaign 4740","30000","24740","1740","340","70","191800","23704.000000000007"
"MC004741","2026-08-28","Instagram","Campaign 4741","30500","24741","1741","341","71","194611","23991.08"
"MC004742","2026-08-29","Email","Campaign 4742","31000","24742","1742","342","72","197424","24278.72000000001"
"MC004743","2026-08-30","Referral","Campaign 4743","31500","24743","1743","343","73","200239","24566.920000000006"
"MC004744","2026-08-31","Organic Search","Campaign 4744","32000","24744","1744","344","74","203056","24855.680000000008"
"MC004745","2025-09-01","Google Ads","Campaign 4745","32500","24745","1745","345","75","205875","25145.000000000007"
"MC004746","2025-09-02","Instagram","Campaign 4746","33000","24746","1746","346","76","208696","25434.880000000005"
"MC004747","2025-09-03","Email","Campaign 4747","33500","24747","1747","347","77","211519","25725.320000000007"
"MC004748","2025-09-04","Referral","Campaign 4748","34000","24748","1748","348","78","214344","26016.320000000007"
"MC004749","2025-09-05","Organic Search","Campaign 4749","34500","24749","1749","349","79","217171","26307.880000000005"
"MC004750","2025-09-06","Google Ads","Campaign 4750","35000","24750","1750","350","80","220000","26600.000000000007"
"MC004751","2025-09-07","Instagram","Campaign 4751","35500","24751","1751","351","81","222831","26892.680000000008"
"MC004752","2025-09-08","Email","Campaign 4752","36000","24752","1752","352","82","225664","27185.920000000006"
"MC004753","2025-09-09","Referral","Campaign 4753","36500","24753","1753","353","83","228499","27479.72000000001"
"MC004754","2025-09-10","Organic Search","Campaign 4754","37000","24754","1754","354","84","231336","27774.08000000001"
"MC004755","2025-09-11","Google Ads","Campaign 4755","37500","24755","1755","355","85","234175","28069"
"MC004756","2025-09-12","Instagram","Campaign 4756","38000","24756","1756","356","86","237016","28364.48000000001"
"MC004757","2025-09-13","Email","Campaign 4757","38500","24757","1757","357","87","239859","28660.520000000004"
"MC004758","2025-09-14","Referral","Campaign 4758","39000","24758","1758","358","88","242704","28957.12000000001"
"MC004759","2025-09-15","Organic Search","Campaign 4759","39500","24759","1759","359","89","245551","29254.280000000013"
"MC004760","2025-09-16","Google Ads","Campaign 4760","40000","24760","1760","360","90","248400","29552"
"MC004761","2025-09-17","Instagram","Campaign 4761","40500","24761","1761","361","91","251251","29850.280000000013"
"MC004762","2025-09-18","Email","Campaign 4762","41000","24762","1762","362","92","254104","30149.12000000001"
"MC004763","2025-09-19","Referral","Campaign 4763","41500","24763","1763","363","93","256959","30448.520000000004"
"MC004764","2025-09-20","Organic Search","Campaign 4764","42000","24764","1764","364","94","259816","30748.48000000001"
"MC004765","2025-09-21","Google Ads","Campaign 4765","42500","24765","1765","365","95","262675","31049"
"MC004766","2025-09-22","Instagram","Campaign 4766","43000","24766","1766","366","96","265536","31350.08"
"MC004767","2025-09-23","Email","Campaign 4767","43500","24767","1767","367","97","268399","31651.72"
"MC004768","2025-09-24","Referral","Campaign 4768","44000","24768","1768","368","98","271264","31953.920000000013"
"MC004769","2025-09-25","Organic Search","Campaign 4769","44500","24769","1769","369","99","274131","32256.680000000008"
"MC004770","2025-09-26","Google Ads","Campaign 4770","45000","24770","1770","370","10","27700","-37244"
"MC004771","2025-09-27","Instagram","Campaign 4771","45500","24771","1771","371","11","30481","-36965.32"
"MC004772","2025-09-28","Email","Campaign 4772","46000","24772","1772","372","12","33264","-36686.08"
"MC004773","2025-09-29","Referral","Campaign 4773","46500","24773","1773","373","13","36049","-36406.28"
"MC004774","2025-09-30","Organic Search","Campaign 4774","47000","24774","1774","374","14","38836","-36125.92"
"MC004775","2025-10-01","Google Ads","Campaign 4775","47500","24775","1775","375","15","41625","-35845"
"MC004776","2025-10-02","Instagram","Campaign 4776","48000","24776","1776","376","16","44416","-35563.52"
"MC004777","2025-10-03","Email","Campaign 4777","48500","24777","1777","377","17","47209","-35281.479999999996"
"MC004778","2025-10-04","Referral","Campaign 4778","49000","24778","1778","378","18","50004","-34998.88"
"MC004779","2025-10-05","Organic Search","Campaign 4779","49500","24779","1779","379","19","52801","-34715.72"
"MC004780","2025-10-06","Google Ads","Campaign 4780","50000","24780","1780","380","20","55600","-34432"
"MC004781","2025-10-07","Instagram","Campaign 4781","50500","24781","1781","381","21","58401","-34147.72"
"MC004782","2025-10-08","Email","Campaign 4782","51000","24782","1782","382","22","61204","-33862.88"
"MC004783","2025-10-09","Referral","Campaign 4783","51500","24783","1783","383","23","64009","-33577.479999999996"
"MC004784","2025-10-10","Organic Search","Campaign 4784","52000","24784","1784","384","24","66816","-33291.52"
"MC004785","2025-10-11","Google Ads","Campaign 4785","52500","24785","1785","385","25","69625","-33005"
"MC004786","2025-10-12","Instagram","Campaign 4786","53000","24786","1786","386","26","72436","-32717.92"
"MC004787","2025-10-13","Email","Campaign 4787","53500","24787","1787","387","27","75249","-32430.28"
"MC004788","2025-10-14","Referral","Campaign 4788","54000","24788","1788","388","28","78064","-32142.079999999998"
"MC004789","2025-10-15","Organic Search","Campaign 4789","54500","24789","1789","389","29","80881","-31853.319999999996"
"MC004790","2025-10-16","Google Ads","Campaign 4790","55000","24790","1790","390","30","83700","-31563.999999999996"
"MC004791","2025-10-17","Instagram","Campaign 4791","55500","24791","1791","391","31","86521","-31274.12"
"MC004792","2025-10-18","Email","Campaign 4792","56000","24792","1792","392","32","89344","-30983.679999999997"
"MC004793","2025-10-19","Referral","Campaign 4793","56500","24793","1793","393","33","92169","-30692.679999999997"
"MC004794","2025-10-20","Organic Search","Campaign 4794","57000","24794","1794","394","34","94996","-30401.12"
"MC004795","2025-10-21","Google Ads","Campaign 4795","57500","24795","1795","395","35","97825","-30108.999999999996"
"MC004796","2025-10-22","Instagram","Campaign 4796","58000","24796","1796","396","36","100656","-29816.319999999996"
"MC004797","2025-10-23","Email","Campaign 4797","58500","24797","1797","397","37","103489","-29523.079999999998"
"MC004798","2025-10-24","Referral","Campaign 4798","59000","24798","1798","398","38","106324","-29229.28"
"MC004799","2025-10-25","Organic Search","Campaign 4799","59500","24799","1799","399","39","109161","-28934.92"
"MC004800","2025-10-26","Google Ads","Campaign 4800","10000","24800","1800","400","40","112000","21360.000000000004"
"MC004801","2025-10-27","Instagram","Campaign 4801","10500","24801","1801","401","41","114841","21655.480000000003"
"MC004802","2025-10-28","Email","Campaign 4802","11000","24802","1802","402","42","117684","21951.520000000004"
"MC004803","2025-10-29","Referral","Campaign 4803","11500","24803","1803","403","43","120529","22248.120000000003"
"MC004804","2025-10-30","Organic Search","Campaign 4804","12000","24804","1804","404","44","123376","22545.280000000006"
"MC004805","2025-10-31","Google Ads","Campaign 4805","12500","24805","1805","405","45","126225","22843"
"MC004806","2025-11-01","Instagram","Campaign 4806","13000","24806","1806","406","46","129076","23141.280000000006"
"MC004807","2025-11-02","Email","Campaign 4807","13500","24807","1807","407","47","131929","23440.120000000003"
"MC004808","2025-11-03","Referral","Campaign 4808","14000","24808","1808","408","48","134784","23739.520000000004"
"MC004809","2025-11-04","Organic Search","Campaign 4809","14500","24809","1809","409","49","137641","24039.480000000003"
"MC004810","2025-11-05","Google Ads","Campaign 4810","15000","24810","1810","410","50","140500","24340.000000000007"
"MC004811","2025-11-06","Instagram","Campaign 4811","15500","24811","1811","411","51","143361","24641.08"
"MC004812","2025-11-07","Email","Campaign 4812","16000","24812","1812","412","52","146224","24942.72"
"MC004813","2025-11-08","Referral","Campaign 4813","16500","24813","1813","413","53","149089","25244.920000000006"
"MC004814","2025-11-09","Organic Search","Campaign 4814","17000","24814","1814","414","54","151956","25547.680000000008"
"MC004815","2025-11-10","Google Ads","Campaign 4815","17500","24815","1815","415","55","154825","25851.000000000007"
"MC004816","2025-11-11","Instagram","Campaign 4816","18000","24816","1816","416","56","157696","26154.880000000005"
"MC004817","2025-11-12","Email","Campaign 4817","18500","24817","1817","417","57","160569","26459.320000000007"
"MC004818","2025-11-13","Referral","Campaign 4818","19000","24818","1818","418","58","163444","26764.320000000007"
"MC004819","2025-11-14","Organic Search","Campaign 4819","19500","24819","1819","419","59","166321","27069.880000000005"
"MC004820","2025-11-15","Google Ads","Campaign 4820","20000","24820","1820","420","60","169200","27376.000000000007"
"MC004821","2025-11-16","Instagram","Campaign 4821","20500","24821","1821","421","61","172081","27682.680000000008"
"MC004822","2025-11-17","Email","Campaign 4822","21000","24822","1822","422","62","174964","27989.920000000006"
"MC004823","2025-11-18","Referral","Campaign 4823","21500","24823","1823","423","63","177849","28297.72"
"MC004824","2025-11-19","Organic Search","Campaign 4824","22000","24824","1824","424","64","180736","28606.08"
"MC004825","2025-11-20","Google Ads","Campaign 4825","22500","24825","1825","425","65","183625","28915.000000000007"
"MC004826","2025-11-21","Instagram","Campaign 4826","23000","24826","1826","426","66","186516","29224.480000000003"
"MC004827","2025-11-22","Email","Campaign 4827","23500","24827","1827","427","67","189409","29534.520000000004"
"MC004828","2025-11-23","Referral","Campaign 4828","24000","24828","1828","428","68","192304","29845.120000000003"
"MC004829","2025-11-24","Organic Search","Campaign 4829","24500","24829","1829","429","69","195201","30156.280000000006"
"MC004830","2025-11-25","Google Ads","Campaign 4830","25000","24830","1830","430","70","198100","30468.000000000007"
"MC004831","2025-11-26","Instagram","Campaign 4831","25500","24831","1831","431","71","201001","30780.280000000006"
"MC004832","2025-11-27","Email","Campaign 4832","26000","24832","1832","432","72","203904","31093.120000000003"
"MC004833","2025-11-28","Referral","Campaign 4833","26500","24833","1833","433","73","206809","31406.520000000004"
"MC004834","2025-11-29","Organic Search","Campaign 4834","27000","24834","1834","434","74","209716","31720.480000000003"
"MC004835","2025-11-30","Google Ads","Campaign 4835","27500","24835","1835","435","75","212625","32035.000000000007"
"MC004836","2025-12-01","Instagram","Campaign 4836","28000","24836","1836","436","76","215536","32350.08000000001"
"MC004837","2025-12-02","Email","Campaign 4837","28500","24837","1837","437","77","218449","32665.72000000001"
"MC004838","2025-12-03","Referral","Campaign 4838","29000","24838","1838","438","78","221364","32981.920000000006"
"MC004839","2025-12-04","Organic Search","Campaign 4839","29500","24839","1839","439","79","224281","33298.68000000001"
"MC004840","2025-12-05","Google Ads","Campaign 4840","30000","24840","1840","440","80","227200","33616.00000000001"
"MC004841","2025-12-06","Instagram","Campaign 4841","30500","24841","1841","441","81","230121","33933.880000000005"
"MC004842","2025-12-07","Email","Campaign 4842","31000","24842","1842","442","82","233044","34252.32000000001"
"MC004843","2025-12-08","Referral","Campaign 4843","31500","24843","1843","443","83","235969","34571.32000000001"
"MC004844","2025-12-09","Organic Search","Campaign 4844","32000","24844","1844","444","84","238896","34890.880000000005"
"MC004845","2025-12-10","Google Ads","Campaign 4845","32500","24845","1845","445","85","241825","35211"
"MC004846","2025-12-11","Instagram","Campaign 4846","33000","24846","1846","446","86","244756","35531.68000000001"
"MC004847","2025-12-12","Email","Campaign 4847","33500","24847","1847","447","87","247689","35852.92000000001"
"MC004848","2025-12-13","Referral","Campaign 4848","34000","24848","1848","448","88","250624","36174.72"
"MC004849","2025-12-14","Organic Search","Campaign 4849","34500","24849","1849","449","89","253561","36497.08"
"MC004850","2025-12-15","Google Ads","Campaign 4850","35000","24850","1850","450","90","256500","36820"
"MC004851","2025-12-16","Instagram","Campaign 4851","35500","24851","1851","451","91","259441","37143.48000000001"
"MC004852","2025-12-17","Email","Campaign 4852","36000","24852","1852","452","92","262384","37467.520000000004"
"MC004853","2025-12-18","Referral","Campaign 4853","36500","24853","1853","453","93","265329","37792.12000000001"
"MC004854","2025-12-19","Organic Search","Campaign 4854","37000","24854","1854","454","94","268276","38117.28000000001"
"MC004855","2025-12-20","Google Ads","Campaign 4855","37500","24855","1855","455","95","271225","38443"
"MC004856","2025-12-21","Instagram","Campaign 4856","38000","24856","1856","456","96","274176","38769.28000000001"
"MC004857","2025-12-22","Email","Campaign 4857","38500","24857","1857","457","97","277129","39096.12000000001"
"MC004858","2025-12-23","Referral","Campaign 4858","39000","24858","1858","458","98","280084","39423.520000000004"
"MC004859","2025-12-24","Organic Search","Campaign 4859","39500","24859","1859","459","99","283041","39751.48000000001"
"MC004860","2025-12-25","Google Ads","Campaign 4860","40000","24860","1860","460","10","28600","-31992"
"MC004861","2025-12-26","Instagram","Campaign 4861","40500","24861","1861","461","11","31471","-31688.12"
"MC004862","2025-12-27","Email","Campaign 4862","41000","24862","1862","462","12","34344","-31383.68"
"MC004863","2025-12-28","Referral","Campaign 4863","41500","24863","1863","463","13","37219","-31078.68"
"MC004864","2025-12-29","Organic Search","Campaign 4864","42000","24864","1864","464","14","40096","-30773.12"
"MC004865","2025-12-30","Google Ads","Campaign 4865","42500","24865","1865","465","15","42975","-30467"
"MC004866","2025-12-31","Instagram","Campaign 4866","43000","24866","1866","466","16","45856","-30160.32"
"MC004867","2026-01-01","Email","Campaign 4867","43500","24867","1867","467","17","48739","-29853.079999999998"
"MC004868","2026-01-02","Referral","Campaign 4868","44000","24868","1868","468","18","51624","-29545.28"
"MC004869","2026-01-03","Organic Search","Campaign 4869","44500","24869","1869","469","19","54511","-29236.92"
"MC004870","2026-01-04","Google Ads","Campaign 4870","45000","24870","1870","470","20","57400","-28928"
"MC004871","2026-01-05","Instagram","Campaign 4871","45500","24871","1871","471","21","60291","-28618.519999999997"
"MC004872","2026-01-06","Email","Campaign 4872","46000","24872","1872","472","22","63184","-28308.48"
"MC004873","2026-01-07","Referral","Campaign 4873","46500","24873","1873","473","23","66079","-27997.879999999997"
"MC004874","2026-01-08","Organic Search","Campaign 4874","47000","24874","1874","474","24","68976","-27686.719999999998"
"MC004875","2026-01-09","Google Ads","Campaign 4875","47500","24875","1875","475","25","71875","-27374.999999999996"
"MC004876","2026-01-10","Instagram","Campaign 4876","48000","24876","1876","476","26","74776","-27062.719999999998"
"MC004877","2026-01-11","Email","Campaign 4877","48500","24877","1877","477","27","77679","-26749.879999999997"
"MC004878","2026-01-12","Referral","Campaign 4878","49000","24878","1878","478","28","80584","-26436.48"
"MC004879","2026-01-13","Organic Search","Campaign 4879","49500","24879","1879","479","29","83491","-26122.519999999997"
"MC004880","2026-01-14","Google Ads","Campaign 4880","50000","24880","1880","480","30","86400","-25807.999999999996"
"MC004881","2026-01-15","Instagram","Campaign 4881","50500","24881","1881","481","31","89311","-25492.92"
"MC004882","2026-01-16","Email","Campaign 4882","51000","24882","1882","482","32","92224","-25177.28"
"MC004883","2026-01-17","Referral","Campaign 4883","51500","24883","1883","483","33","95139","-24861.079999999998"
"MC004884","2026-01-18","Organic Search","Campaign 4884","52000","24884","1884","484","34","98056","-24544.319999999996"
"MC004885","2026-01-19","Google Ads","Campaign 4885","52500","24885","1885","485","35","100975","-24226.999999999996"
"MC004886","2026-01-20","Instagram","Campaign 4886","53000","24886","1886","486","36","103896","-23909.12"
"MC004887","2026-01-21","Email","Campaign 4887","53500","24887","1887","487","37","106819","-23590.679999999997"
"MC004888","2026-01-22","Referral","Campaign 4888","54000","24888","1888","488","38","109744","-23271.679999999997"
"MC004889","2026-01-23","Organic Search","Campaign 4889","54500","24889","1889","489","39","112671","-22952.119999999995"
"MC004890","2026-01-24","Google Ads","Campaign 4890","55000","24890","1890","490","40","115600","-22631.999999999996"
"MC004891","2026-01-25","Instagram","Campaign 4891","55500","24891","1891","491","41","118531","-22311.32"
"MC004892","2026-01-26","Email","Campaign 4892","56000","24892","1892","492","42","121464","-21990.079999999994"
"MC004893","2026-01-27","Referral","Campaign 4893","56500","24893","1893","493","43","124399","-21668.28"
"MC004894","2026-01-28","Organic Search","Campaign 4894","57000","24894","1894","494","44","127336","-21345.92"
"MC004895","2026-01-29","Google Ads","Campaign 4895","57500","24895","1895","495","45","130275","-21023"
"MC004896","2026-01-30","Instagram","Campaign 4896","58000","24896","1896","496","46","133216","-20699.519999999997"
"MC004897","2026-01-31","Email","Campaign 4897","58500","24897","1897","497","47","136159","-20375.479999999996"
"MC004898","2026-02-01","Referral","Campaign 4898","59000","24898","1898","498","48","139104","-20050.879999999997"
"MC004899","2026-02-02","Organic Search","Campaign 4899","59500","24899","1899","499","49","142051","-19725.719999999994"
"MC004900","2026-02-03","Google Ads","Campaign 4900","10000","24900","1900","500","50","145000","30600.000000000007"
"MC004901","2026-02-04","Instagram","Campaign 4901","10500","24901","1901","501","51","147951","30926.280000000006"
"MC004902","2026-02-05","Email","Campaign 4902","11000","24902","1902","502","52","150904","31253.120000000003"
"MC004903","2026-02-06","Referral","Campaign 4903","11500","24903","1903","503","53","153859","31580.520000000004"
"MC004904","2026-02-07","Organic Search","Campaign 4904","12000","24904","1904","504","54","156816","31908.480000000003"
"MC004905","2026-02-08","Google Ads","Campaign 4905","12500","24905","1905","505","55","159775","32237.000000000007"
"MC004906","2026-02-09","Instagram","Campaign 4906","13000","24906","1906","506","56","162736","32566.08"
"MC004907","2026-02-10","Email","Campaign 4907","13500","24907","1907","507","57","165699","32895.72"
"MC004908","2026-02-11","Referral","Campaign 4908","14000","24908","1908","508","58","168664","33225.920000000006"
"MC004909","2026-02-12","Organic Search","Campaign 4909","14500","24909","1909","509","59","171631","33556.68000000001"
"MC004910","2026-02-13","Google Ads","Campaign 4910","15000","24910","1910","510","60","174600","33888.00000000001"
"MC004911","2026-02-14","Instagram","Campaign 4911","15500","24911","1911","511","61","177571","34219.880000000005"
"MC004912","2026-02-15","Email","Campaign 4912","16000","24912","1912","512","62","180544","34552.32000000001"
"MC004913","2026-02-16","Referral","Campaign 4913","16500","24913","1913","513","63","183519","34885.32000000001"
"MC004914","2026-02-17","Organic Search","Campaign 4914","17000","24914","1914","514","64","186496","35218.880000000005"
"MC004915","2026-02-18","Google Ads","Campaign 4915","17500","24915","1915","515","65","189475","35553.00000000001"
"MC004916","2026-02-19","Instagram","Campaign 4916","18000","24916","1916","516","66","192456","35887.68000000001"
"MC004917","2026-02-20","Email","Campaign 4917","18500","24917","1917","517","67","195439","36222.920000000006"
"MC004918","2026-02-21","Referral","Campaign 4918","19000","24918","1918","518","68","198424","36558.72000000001"
"MC004919","2026-02-22","Organic Search","Campaign 4919","19500","24919","1919","519","69","201411","36895.08"
"MC004920","2026-02-23","Google Ads","Campaign 4920","20000","24920","1920","520","70","204400","37232.00000000001"
"MC004921","2026-02-24","Instagram","Campaign 4921","20500","24921","1921","521","71","207391","37569.48"
"MC004922","2026-02-25","Email","Campaign 4922","21000","24922","1922","522","72","210384","37907.520000000004"
"MC004923","2026-02-26","Referral","Campaign 4923","21500","24923","1923","523","73","213379","38246.12"
"MC004924","2026-02-27","Organic Search","Campaign 4924","22000","24924","1924","524","74","216376","38585.280000000006"
"MC004925","2026-02-28","Google Ads","Campaign 4925","22500","24925","1925","525","75","219375","38925.00000000001"
"MC004926","2026-03-01","Instagram","Campaign 4926","23000","24926","1926","526","76","222376","39265.280000000006"
"MC004927","2026-03-02","Email","Campaign 4927","23500","24927","1927","527","77","225379","39606.12"
"MC004928","2026-03-03","Referral","Campaign 4928","24000","24928","1928","528","78","228384","39947.520000000004"
"MC004929","2026-03-04","Organic Search","Campaign 4929","24500","24929","1929","529","79","231391","40289.48"
"MC004930","2026-03-05","Google Ads","Campaign 4930","25000","24930","1930","530","80","234400","40632"
"MC004931","2026-03-06","Instagram","Campaign 4931","25500","24931","1931","531","81","237411","40975.08"
"MC004932","2026-03-07","Email","Campaign 4932","26000","24932","1932","532","82","240424","41318.72"
"MC004933","2026-03-08","Referral","Campaign 4933","26500","24933","1933","533","83","243439","41662.92000000001"
"MC004934","2026-03-09","Organic Search","Campaign 4934","27000","24934","1934","534","84","246456","42007.68000000001"
"MC004935","2026-03-10","Google Ads","Campaign 4935","27500","24935","1935","535","85","249475","42353"
"MC004936","2026-03-11","Instagram","Campaign 4936","28000","24936","1936","536","86","252496","42698.880000000005"
"MC004937","2026-03-12","Email","Campaign 4937","28500","24937","1937","537","87","255519","43045.32000000001"
"MC004938","2026-03-13","Referral","Campaign 4938","29000","24938","1938","538","88","258544","43392.32000000001"
"MC004939","2026-03-14","Organic Search","Campaign 4939","29500","24939","1939","539","89","261571","43739.880000000005"
"MC004940","2026-03-15","Google Ads","Campaign 4940","30000","24940","1940","540","90","264600","44088"
"MC004941","2026-03-16","Instagram","Campaign 4941","30500","24941","1941","541","91","267631","44436.68000000001"
"MC004942","2026-03-17","Email","Campaign 4942","31000","24942","1942","542","92","270664","44785.92000000001"
"MC004943","2026-03-18","Referral","Campaign 4943","31500","24943","1943","543","93","273699","45135.72"
"MC004944","2026-03-19","Organic Search","Campaign 4944","32000","24944","1944","544","94","276736","45486.08"
"MC004945","2026-03-20","Google Ads","Campaign 4945","32500","24945","1945","545","95","279775","45837.000000000015"
"MC004946","2026-03-21","Instagram","Campaign 4946","33000","24946","1946","546","96","282816","46188.48000000001"
"MC004947","2026-03-22","Email","Campaign 4947","33500","24947","1947","547","97","285859","46540.520000000004"
"MC004948","2026-03-23","Referral","Campaign 4948","34000","24948","1948","548","98","288904","46893.12000000001"
"MC004949","2026-03-24","Organic Search","Campaign 4949","34500","24949","1949","549","99","291951","47246.28000000001"
"MC004950","2026-03-25","Google Ads","Campaign 4950","35000","24950","1950","550","10","29500","-26740"
"MC004951","2026-03-26","Instagram","Campaign 4951","35500","24951","1951","551","11","32461","-26410.92"
"MC004952","2026-03-27","Email","Campaign 4952","36000","24952","1952","552","12","35424","-26081.28"
"MC004953","2026-03-28","Referral","Campaign 4953","36500","24953","1953","553","13","38389","-25751.079999999998"
"MC004954","2026-03-29","Organic Search","Campaign 4954","37000","24954","1954","554","14","41356","-25420.32"
"MC004955","2026-03-30","Google Ads","Campaign 4955","37500","24955","1955","555","15","44325","-25089"
"MC004956","2026-03-31","Instagram","Campaign 4956","38000","24956","1956","556","16","47296","-24757.12"
"MC004957","2026-04-01","Email","Campaign 4957","38500","24957","1957","557","17","50269","-24424.68"
"MC004958","2026-04-02","Referral","Campaign 4958","39000","24958","1958","558","18","53244","-24091.68"
"MC004959","2026-04-03","Organic Search","Campaign 4959","39500","24959","1959","559","19","56221","-23758.12"
"MC004960","2026-04-04","Google Ads","Campaign 4960","40000","24960","1960","560","20","59200","-23424"
"MC004961","2026-04-05","Instagram","Campaign 4961","40500","24961","1961","561","21","62181","-23089.32"
"MC004962","2026-04-06","Email","Campaign 4962","41000","24962","1962","562","22","65164","-22754.079999999998"
"MC004963","2026-04-07","Referral","Campaign 4963","41500","24963","1963","563","23","68149","-22418.28"
"MC004964","2026-04-08","Organic Search","Campaign 4964","42000","24964","1964","564","24","71136","-22081.92"
"MC004965","2026-04-09","Google Ads","Campaign 4965","42500","24965","1965","565","25","74125","-21744.999999999996"
"MC004966","2026-04-10","Instagram","Campaign 4966","43000","24966","1966","566","26","77116","-21407.519999999997"
"MC004967","2026-04-11","Email","Campaign 4967","43500","24967","1967","567","27","80109","-21069.48"
"MC004968","2026-04-12","Referral","Campaign 4968","44000","24968","1968","568","28","83104","-20730.879999999997"
"MC004969","2026-04-13","Organic Search","Campaign 4969","44500","24969","1969","569","29","86101","-20391.719999999998"
"MC004970","2026-04-14","Google Ads","Campaign 4970","45000","24970","1970","570","30","89100","-20051.999999999996"
"MC004971","2026-04-15","Instagram","Campaign 4971","45500","24971","1971","571","31","92101","-19711.719999999998"
"MC004972","2026-04-16","Email","Campaign 4972","46000","24972","1972","572","32","95104","-19370.879999999997"
"MC004973","2026-04-17","Referral","Campaign 4973","46500","24973","1973","573","33","98109","-19029.479999999996"
"MC004974","2026-04-18","Organic Search","Campaign 4974","47000","24974","1974","574","34","101116","-18687.519999999997"
"MC004975","2026-04-19","Google Ads","Campaign 4975","47500","24975","1975","575","35","104125","-18344.999999999996"
"MC004976","2026-04-20","Instagram","Campaign 4976","48000","24976","1976","576","36","107136","-18001.92"
"MC004977","2026-04-21","Email","Campaign 4977","48500","24977","1977","577","37","110149","-17658.28"
"MC004978","2026-04-22","Referral","Campaign 4978","49000","24978","1978","578","38","113164","-17314.079999999998"
"MC004979","2026-04-23","Organic Search","Campaign 4979","49500","24979","1979","579","39","116181","-16969.319999999996"
"MC004980","2026-04-24","Google Ads","Campaign 4980","50000","24980","1980","580","40","119200","-16624"
"MC004981","2026-04-25","Instagram","Campaign 4981","50500","24981","1981","581","41","122221","-16278.119999999995"
"MC004982","2026-04-26","Email","Campaign 4982","51000","24982","1982","582","42","125244","-15931.68"
"MC004983","2026-04-27","Referral","Campaign 4983","51500","24983","1983","583","43","128269","-15584.679999999993"
"MC004984","2026-04-28","Organic Search","Campaign 4984","52000","24984","1984","584","44","131296","-15237.119999999995"
"MC004985","2026-04-29","Google Ads","Campaign 4985","52500","24985","1985","585","45","134325","-14889"
"MC004986","2026-04-30","Instagram","Campaign 4986","53000","24986","1986","586","46","137356","-14540.32"
"MC004987","2026-05-01","Email","Campaign 4987","53500","24987","1987","587","47","140389","-14191.079999999994"
"MC004988","2026-05-02","Referral","Campaign 4988","54000","24988","1988","588","48","143424","-13841.279999999999"
"MC004989","2026-05-03","Organic Search","Campaign 4989","54500","24989","1989","589","49","146461","-13490.919999999998"
"MC004990","2026-05-04","Google Ads","Campaign 4990","55000","24990","1990","590","50","149500","-13139.999999999993"
"MC004991","2026-05-05","Instagram","Campaign 4991","55500","24991","1991","591","51","152541","-12788.519999999997"
"MC004992","2026-05-06","Email","Campaign 4992","56000","24992","1992","592","52","155584","-12436.479999999996"
"MC004993","2026-05-07","Referral","Campaign 4993","56500","24993","1993","593","53","158629","-12083.879999999997"
"MC004994","2026-05-08","Organic Search","Campaign 4994","57000","24994","1994","594","54","161676","-11730.719999999994"
"MC004995","2026-05-09","Google Ads","Campaign 4995","57500","24995","1995","595","55","164725","-11376.999999999993"
"MC004996","2026-05-10","Instagram","Campaign 4996","58000","24996","1996","596","56","167776","-11022.719999999994"
"MC004997","2026-05-11","Email","Campaign 4997","58500","24997","1997","597","57","170829","-10667.879999999997"
"MC004998","2026-05-12","Referral","Campaign 4998","59000","24998","1998","598","58","173884","-10312.479999999996"
"MC004999","2026-05-13","Organic Search","Campaign 4999","59500","24999","1999","599","59","176941","-9956.519999999997"
"MC005000","2026-05-14","Google Ads","Campaign 5000","10000","25000","2000","100","60","120000","23600"
