Source_Row,Reject_Reasons,Inventory_ID,Snapshot_Date,Warehouse_ID,Product_ID,Opening_Stock,Purchases,Units_Sold,Returns_In,Adjustments,Closing_Stock,Unit_Cost,Stock_Value,Stockout_Flag
307,Invalid Foreign Key: Product_ID,ST00000306,2026-07-04,W007,P00307,356,6,42,0,2,322,960,309120.0,0
421,Invalid Foreign Key: Product_ID,ST00000420,2025-10-26,W001,P00421,470,120,0,6,-3,593,2500,1482500.0,0
499,Invalid Foreign Key: Product_ID,ST00000498,2026-01-12,W019,P00499,548,198,126,3,-2,621,11080,6880680.0,0
577,Invalid Foreign Key: Product_ID,ST00000576,2026-03-31,W017,P00577,126,276,252,0,-1,149,8660,1290340.0,0
614,Invalid Foreign Key: Product_ID,ST00000613,2026-05-07,W014,P00614,163,13,91,1,1,87,1730,150510.0,0
842,Invalid Foreign Key: Product_ID,ST00000841,2025-12-21,W002,P00842,391,241,7,4,-2,627,4810,3015870.0,0
921,Invalid Foreign Key: Product_ID,ST00000920,2026-03-10,W001,P00921,470,20,140,2,0,352,2500,880000.0,0
998,Invalid Foreign Key: Product_ID,ST00000997,2026-05-26,W018,P00998,547,97,259,7,0,392,10970,4300240.0,0
1307,Invalid Foreign Key: Product_ID,ST00001306,2026-03-31,W007,P00307,356,106,322,1,1,142,960,136320.0,0
1421,Invalid Foreign Key: Product_ID,ST00001420,2026-07-23,W001,P00421,470,220,280,7,3,420,2500,1050000.0,0
1499,Invalid Foreign Key: Product_ID,ST00001498,2025-10-09,W019,P00499,548,298,406,4,-3,441,11080,4886280.0,0
1577,Invalid Foreign Key: Product_ID,ST00001576,2025-12-26,W017,P00577,126,76,112,1,-2,89,8660,770740.0,0
1614,Invalid Foreign Key: Product_ID,ST00001613,2026-02-01,W014,P00614,163,113,371,2,0,-93,1730,-160890.0,1
1842,Invalid Foreign Key: Product_ID,ST00001841,2025-09-17,W002,P00842,391,41,287,5,-3,147,4810,707070.0,0
1921,Invalid Foreign Key: Product_ID,ST00001920,2025-12-05,W001,P00921,470,120,0,3,-1,592,2500,1480000.0,0
1998,Invalid Foreign Key: Product_ID,ST00001997,2026-02-20,W018,P00998,547,197,119,8,-1,632,10970,6933040.0,0
2307,Invalid Foreign Key: Product_ID,ST00002306,2025-12-26,W007,P00307,356,206,182,2,0,382,960,366720.0,0
2421,Invalid Foreign Key: Product_ID,ST00002420,2026-04-19,W001,P00421,470,20,140,8,2,360,2500,900000.0,0
2499,Invalid Foreign Key: Product_ID,ST00002498,2026-07-06,W019,P00499,548,98,266,5,3,388,11080,4299040.0,0
2577,Invalid Foreign Key: Product_ID,ST00002576,2025-09-22,W017,P00577,126,176,392,2,-3,-91,8660,-788060.0,1
2614,Invalid Foreign Key: Product_ID,ST00002613,2025-10-29,W014,P00614,163,213,231,3,-1,147,1730,254310.0,0
2842,Invalid Foreign Key: Product_ID,ST00002841,2026-06-14,W002,P00842,391,141,147,6,3,394,4810,1895140.0,0
2921,Invalid Foreign Key: Product_ID,ST00002920,2025-09-01,W001,P00921,470,220,280,4,-2,412,2500,1030000.0,0
2998,Invalid Foreign Key: Product_ID,ST00002997,2025-11-17,W018,P00998,547,297,399,0,-2,443,10970,4859710.0,0
3307,Invalid Foreign Key: Product_ID,ST00003306,2025-09-22,W007,P00307,356,6,42,3,-1,322,960,309120.0,0
3421,Invalid Foreign Key: Product_ID,ST00003420,2026-01-14,W001,P00421,470,120,0,0,1,591,2500,1477500.0,0
3499,Invalid Foreign Key: Product_ID,ST00003498,2026-04-02,W019,P00499,548,198,126,6,2,628,11080,6958240.0,0
3577,Invalid Foreign Key: Product_ID,ST00003576,2026-06-19,W017,P00577,126,276,252,3,3,156,8660,1350960.0,0
3614,Invalid Foreign Key: Product_ID,ST00003613,2026-07-26,W014,P00614,163,13,91,4,-2,87,1730,150510.0,0
3842,Invalid Foreign Key: Product_ID,ST00003841,2026-03-11,W002,P00842,391,241,7,7,2,634,4810,3049540.0,0
3921,Invalid Foreign Key: Product_ID,ST00003920,2026-05-29,W001,P00921,470,20,140,5,-3,352,2500,880000.0,0
3998,Invalid Foreign Key: Product_ID,ST00003997,2026-08-14,W018,P00998,547,97,259,1,-3,383,10970,4201510.0,0
4307,Invalid Foreign Key: Product_ID,ST00004306,2026-06-19,W007,P00307,356,106,322,4,-2,142,960,136320.0,0
4421,Invalid Foreign Key: Product_ID,ST00004420,2025-10-11,W001,P00421,470,220,280,1,0,411,2500,1027500.0,0
4499,Invalid Foreign Key: Product_ID,ST00004498,2025-12-28,W019,P00499,548,298,406,7,1,448,11080,4963840.0,0
4577,Invalid Foreign Key: Product_ID,ST00004576,2026-03-16,W017,P00577,126,76,112,4,2,96,8660,831360.0,0
4614,Invalid Foreign Key: Product_ID,ST00004613,2026-04-22,W014,P00614,163,113,371,5,-3,-93,1730,-160890.0,1
4842,Invalid Foreign Key: Product_ID,ST00004841,2025-12-06,W002,P00842,391,41,287,8,1,154,4810,740740.0,0
4921,Invalid Foreign Key: Product_ID,ST00004920,2026-02-23,W001,P00921,470,120,0,6,3,599,2500,1497500.0,0
4998,Invalid Foreign Key: Product_ID,ST00004997,2026-05-11,W018,P00998,547,197,119,2,3,630,10970,6911100.0,0
5307,Invalid Foreign Key: Product_ID,ST00005306,2026-03-16,W007,P00307,356,206,182,5,-3,382,960,366720.0,0
5421,Invalid Foreign Key: Product_ID,ST00005420,2026-07-08,W001,P00421,470,20,140,2,-1,351,2500,877500.0,0
5499,Invalid Foreign Key: Product_ID,ST00005498,2025-09-24,W019,P00499,548,98,266,8,0,388,11080,4299040.0,0
5577,Invalid Foreign Key: Product_ID,ST00005576,2025-12-11,W017,P00577,126,176,392,5,1,-84,8660,-727440.0,1
5614,Invalid Foreign Key: Product_ID,ST00005613,2026-01-17,W014,P00614,163,213,231,6,3,154,1730,266420.0,0
5842,Invalid Foreign Key: Product_ID,ST00005841,2025-09-02,W002,P00842,391,141,147,0,0,385,4810,1851850.0,0
5921,Invalid Foreign Key: Product_ID,ST00005920,2025-11-20,W001,P00921,470,220,280,7,2,419,2500,1047500.0,0
5998,Invalid Foreign Key: Product_ID,ST00005997,2026-02-05,W018,P00998,547,297,399,3,2,450,10970,4936500.0,0
6307,Invalid Foreign Key: Product_ID,ST00006306,2025-12-11,W007,P00307,356,6,42,6,3,329,960,315840.0,0
6421,Invalid Foreign Key: Product_ID,ST00006420,2026-04-04,W001,P00421,470,120,0,3,-2,591,2500,1477500.0,0
6499,Invalid Foreign Key: Product_ID,ST00006498,2026-06-21,W019,P00499,548,198,126,0,-1,619,11080,6858520.0,0
6577,Invalid Foreign Key: Product_ID,ST00006576,2025-09-07,W017,P00577,126,276,252,6,0,156,8660,1350960.0,0
6614,Invalid Foreign Key: Product_ID,ST00006613,2025-10-14,W014,P00614,163,13,91,7,2,94,1730,162620.0,0
6842,Invalid Foreign Key: Product_ID,ST00006841,2026-05-30,W002,P00842,391,241,7,1,-1,625,4810,3006250.0,0
6921,Invalid Foreign Key: Product_ID,ST00006920,2026-08-17,W001,P00921,470,20,140,8,1,359,2500,897500.0,0
6998,Invalid Foreign Key: Product_ID,ST00006997,2025-11-02,W018,P00998,547,97,259,4,1,390,10970,4278300.0,0
7307,Invalid Foreign Key: Product_ID,ST00007306,2025-09-07,W007,P00307,356,106,322,7,2,149,960,143040.0,0
7421,Invalid Foreign Key: Product_ID,ST00007420,2025-12-30,W001,P00421,470,220,280,4,-3,411,2500,1027500.0,0
7499,Invalid Foreign Key: Product_ID,ST00007498,2026-03-18,W019,P00499,548,298,406,1,-2,439,11080,4864120.0,0
7577,Invalid Foreign Key: Product_ID,ST00007576,2026-06-04,W017,P00577,126,76,112,7,-1,96,8660,831360.0,0
7614,Invalid Foreign Key: Product_ID,ST00007613,2026-07-11,W014,P00614,163,113,371,8,1,-86,1730,-148780.0,1
7842,Invalid Foreign Key: Product_ID,ST00007841,2026-02-24,W002,P00842,391,41,287,2,-2,145,4810,697450.0,0
7921,Invalid Foreign Key: Product_ID,ST00007920,2026-05-14,W001,P00921,470,120,0,0,0,590,2500,1475000.0,0
7998,Invalid Foreign Key: Product_ID,ST00007997,2026-07-30,W018,P00998,547,197,119,5,0,630,10970,6911100.0,0
8307,Invalid Foreign Key: Product_ID,ST00008306,2026-06-04,W007,P00307,356,206,182,8,1,389,960,373440.0,0
8421,Invalid Foreign Key: Product_ID,ST00008420,2025-09-26,W001,P00421,470,20,140,5,3,358,2500,895000.0,0
8499,Invalid Foreign Key: Product_ID,ST00008498,2025-12-13,W019,P00499,548,98,266,2,-3,379,11080,4199320.0,0
8577,Invalid Foreign Key: Product_ID,ST00008576,2026-03-01,W017,P00577,126,176,392,8,-2,-84,8660,-727440.0,1
8614,Invalid Foreign Key: Product_ID,ST00008613,2026-04-07,W014,P00614,163,213,231,0,0,145,1730,250850.0,0
8842,Invalid Foreign Key: Product_ID,ST00008841,2025-11-21,W002,P00842,391,141,147,3,-3,385,4810,1851850.0,0
8921,Invalid Foreign Key: Product_ID,ST00008920,2026-02-08,W001,P00921,470,220,280,1,-1,410,2500,1025000.0,0
8998,Invalid Foreign Key: Product_ID,ST00008997,2026-04-26,W018,P00998,547,297,399,6,-1,450,10970,4936500.0,0
9307,Invalid Foreign Key: Product_ID,ST00009306,2026-03-01,W007,P00307,356,6,42,0,0,320,960,307200.0,0
9421,Invalid Foreign Key: Product_ID,ST00009420,2026-06-23,W001,P00421,470,120,0,6,2,598,2500,1495000.0,0
9499,Invalid Foreign Key: Product_ID,ST00009498,2025-09-09,W019,P00499,548,198,126,3,3,626,11080,6936080.0,0
9577,Invalid Foreign Key: Product_ID,ST00009576,2025-11-26,W017,P00577,126,276,252,0,-3,147,8660,1273020.0,0
9614,Invalid Foreign Key: Product_ID,ST00009613,2026-01-02,W014,P00614,163,13,91,1,-1,85,1730,147050.0,0
9842,Invalid Foreign Key: Product_ID,ST00009841,2026-08-18,W002,P00842,391,241,7,4,3,632,4810,3039920.0,0
9921,Invalid Foreign Key: Product_ID,ST00009920,2025-11-05,W001,P00921,470,20,140,2,-2,350,2500,875000.0,0
9998,Invalid Foreign Key: Product_ID,ST00009997,2026-01-21,W018,P00998,547,97,259,7,-2,390,10970,4278300.0,0
10307,Invalid Foreign Key: Product_ID,ST00010306,2025-11-26,W007,P00307,356,106,322,1,-1,140,960,134400.0,0
10421,Invalid Foreign Key: Product_ID,ST00010420,2026-03-20,W001,P00421,470,220,280,7,1,418,2500,1045000.0,0
10499,Invalid Foreign Key: Product_ID,ST00010498,2026-06-06,W019,P00499,548,298,406,4,2,446,11080,4941680.0,0
10577,Invalid Foreign Key: Product_ID,ST00010576,2026-08-23,W017,P00577,126,76,112,1,3,94,8660,814040.0,0
10614,Invalid Foreign Key: Product_ID,ST00010613,2025-09-29,W014,P00614,163,113,371,2,-2,-95,1730,-164350.0,1
10842,Invalid Foreign Key: Product_ID,ST00010841,2026-05-15,W002,P00842,391,41,287,5,2,152,4810,731120.0,0
10921,Invalid Foreign Key: Product_ID,ST00010920,2026-08-02,W001,P00921,470,120,0,3,-3,590,2500,1475000.0,0
10998,Invalid Foreign Key: Product_ID,ST00010997,2025-10-18,W018,P00998,547,197,119,8,-3,630,10970,6911100.0,0
11307,Invalid Foreign Key: Product_ID,ST00011306,2026-08-23,W007,P00307,356,206,182,2,-2,380,960,364800.0,0
11421,Invalid Foreign Key: Product_ID,ST00011420,2025-12-15,W001,P00421,470,20,140,8,0,358,2500,895000.0,0
11499,Invalid Foreign Key: Product_ID,ST00011498,2026-03-03,W019,P00499,548,98,266,5,1,386,11080,4276880.0,0
11577,Invalid Foreign Key: Product_ID,ST00011576,2026-05-20,W017,P00577,126,176,392,2,2,-86,8660,-744760.0,1
11614,Invalid Foreign Key: Product_ID,ST00011613,2026-06-26,W014,P00614,163,213,231,3,-3,145,1730,250850.0,0
11842,Invalid Foreign Key: Product_ID,ST00011841,2026-02-09,W002,P00842,391,141,147,6,1,392,4810,1885520.0,0
11921,Invalid Foreign Key: Product_ID,ST00011920,2026-04-29,W001,P00921,470,220,280,4,3,417,2500,1042500.0,0
11998,Invalid Foreign Key: Product_ID,ST00011997,2026-07-15,W018,P00998,547,297,399,0,3,448,10970,4914560.0,0
12307,Invalid Foreign Key: Product_ID,ST00012306,2026-05-20,W007,P00307,356,6,42,3,-3,320,960,307200.0,0
12421,Invalid Foreign Key: Product_ID,ST00012420,2025-09-11,W001,P00421,470,120,0,0,-1,589,2500,1472500.0,0
12499,Invalid Foreign Key: Product_ID,ST00012498,2025-11-28,W019,P00499,548,198,126,6,0,626,11080,6936080.0,0
12577,Invalid Foreign Key: Product_ID,ST00012576,2026-02-14,W017,P00577,126,276,252,3,1,154,8660,1333640.0,0
12614,Invalid Foreign Key: Product_ID,ST00012613,2026-03-23,W014,P00614,163,13,91,4,3,92,1730,159160.0,0
12842,Invalid Foreign Key: Product_ID,ST00012841,2025-11-06,W002,P00842,391,241,7,7,0,632,4810,3039920.0,0
12921,Invalid Foreign Key: Product_ID,ST00012920,2026-01-24,W001,P00921,470,20,140,5,2,357,2500,892500.0,0
12998,Invalid Foreign Key: Product_ID,ST00012997,2026-04-11,W018,P00998,547,97,259,1,2,388,10970,4256360.0,0
13307,Invalid Foreign Key: Product_ID,ST00013306,2026-02-14,W007,P00307,356,106,322,4,3,147,960,141120.0,0
13421,Invalid Foreign Key: Product_ID,ST00013420,2026-06-08,W001,P00421,470,220,280,1,-2,409,2500,1022500.0,0
13499,Invalid Foreign Key: Product_ID,ST00013498,2026-08-25,W019,P00499,548,298,406,7,-1,446,11080,4941680.0,0
13577,Invalid Foreign Key: Product_ID,ST00013576,2025-11-11,W017,P00577,126,76,112,4,0,94,8660,814040.0,0
13614,Invalid Foreign Key: Product_ID,ST00013613,2025-12-18,W014,P00614,163,113,371,5,2,-88,1730,-152240.0,1
13842,Invalid Foreign Key: Product_ID,ST00013841,2026-08-03,W002,P00842,391,41,287,8,-1,152,4810,731120.0,0
13921,Invalid Foreign Key: Product_ID,ST00013920,2025-10-21,W001,P00921,470,120,0,6,1,597,2500,1492500.0,0
13998,Invalid Foreign Key: Product_ID,ST00013997,2026-01-06,W018,P00998,547,197,119,2,1,628,10970,6889160.0,0
14307,Invalid Foreign Key: Product_ID,ST00014306,2025-11-11,W007,P00307,356,206,182,5,2,387,960,371520.0,0
14421,Invalid Foreign Key: Product_ID,ST00014420,2026-03-05,W001,P00421,470,20,140,2,-3,349,2500,872500.0,0
14499,Invalid Foreign Key: Product_ID,ST00014498,2026-05-22,W019,P00499,548,98,266,8,-2,386,11080,4276880.0,0
14577,Invalid Foreign Key: Product_ID,ST00014576,2026-08-08,W017,P00577,126,176,392,5,-1,-86,8660,-744760.0,1
14614,Invalid Foreign Key: Product_ID,ST00014613,2025-09-14,W014,P00614,163,213,231,6,1,152,1730,262960.0,0
14842,Invalid Foreign Key: Product_ID,ST00014841,2026-04-30,W002,P00842,391,141,147,0,-2,383,4810,1842230.0,0
14921,Invalid Foreign Key: Product_ID,ST00014920,2026-07-18,W001,P00921,470,220,280,7,0,417,2500,1042500.0,0
14998,Invalid Foreign Key: Product_ID,ST00014997,2025-10-03,W018,P00998,547,297,399,3,0,448,10970,4914560.0,0
15307,Invalid Foreign Key: Product_ID,ST00015306,2026-08-08,W007,P00307,356,6,42,6,1,327,960,313920.0,0
15421,Invalid Foreign Key: Product_ID,ST00015420,2025-11-30,W001,P00421,470,120,0,3,3,596,2500,1490000.0,0
15499,Invalid Foreign Key: Product_ID,ST00015498,2026-02-16,W019,P00499,548,198,126,0,-3,617,11080,6836360.0,0
15577,Invalid Foreign Key: Product_ID,ST00015576,2026-05-05,W017,P00577,126,276,252,6,-2,154,8660,1333640.0,0
15614,Invalid Foreign Key: Product_ID,ST00015613,2026-06-11,W014,P00614,163,13,91,7,0,92,1730,159160.0,0
15842,Invalid Foreign Key: Product_ID,ST00015841,2026-01-25,W002,P00842,391,241,7,1,-3,623,4810,2996630.0,0
15921,Invalid Foreign Key: Product_ID,ST00015920,2026-04-14,W001,P00921,470,20,140,8,-1,357,2500,892500.0,0
15998,Invalid Foreign Key: Product_ID,ST00015997,2026-06-30,W018,P00998,547,97,259,4,-1,388,10970,4256360.0,0
16307,Invalid Foreign Key: Product_ID,ST00016306,2026-05-05,W007,P00307,356,106,322,7,0,147,960,141120.0,0
16421,Invalid Foreign Key: Product_ID,ST00016420,2026-08-27,W001,P00421,470,220,280,4,2,416,2500,1040000.0,0
16499,Invalid Foreign Key: Product_ID,ST00016498,2025-11-13,W019,P00499,548,298,406,1,3,444,11080,4919520.0,0
16577,Invalid Foreign Key: Product_ID,ST00016576,2026-01-30,W017,P00577,126,76,112,7,-3,94,8660,814040.0,0
16614,Invalid Foreign Key: Product_ID,ST00016613,2026-03-08,W014,P00614,163,113,371,8,-1,-88,1730,-152240.0,1
16842,Invalid Foreign Key: Product_ID,ST00016841,2025-10-22,W002,P00842,391,41,287,2,3,150,4810,721500.0,0
16921,Invalid Foreign Key: Product_ID,ST00016920,2026-01-09,W001,P00921,470,120,0,0,-2,588,2500,1470000.0,0
16998,Invalid Foreign Key: Product_ID,ST00016997,2026-03-27,W018,P00998,547,197,119,5,-2,628,10970,6889160.0,0
17307,Invalid Foreign Key: Product_ID,ST00017306,2026-01-30,W007,P00307,356,206,182,8,-1,387,960,371520.0,0
17421,Invalid Foreign Key: Product_ID,ST00017420,2026-05-24,W001,P00421,470,20,140,5,1,356,2500,890000.0,0
17499,Invalid Foreign Key: Product_ID,ST00017498,2026-08-10,W019,P00499,548,98,266,2,2,384,11080,4254720.0,0
17577,Invalid Foreign Key: Product_ID,ST00017576,2025-10-27,W017,P00577,126,176,392,8,3,-79,8660,-684140.0,1
17614,Invalid Foreign Key: Product_ID,ST00017613,2025-12-03,W014,P00614,163,213,231,0,-2,143,1730,247390.0,0
17842,Invalid Foreign Key: Product_ID,ST00017841,2026-07-19,W002,P00842,391,141,147,3,2,390,4810,1875900.0,0
17921,Invalid Foreign Key: Product_ID,ST00017920,2025-10-06,W001,P00921,470,220,280,1,-3,408,2500,1020000.0,0
17998,Invalid Foreign Key: Product_ID,ST00017997,2025-12-22,W018,P00998,547,297,399,6,-3,448,10970,4914560.0,0
18307,Invalid Foreign Key: Product_ID,ST00018306,2025-10-27,W007,P00307,356,6,42,0,-2,318,960,305280.0,0
18421,Invalid Foreign Key: Product_ID,ST00018420,2026-02-18,W001,P00421,470,120,0,6,0,596,2500,1490000.0,0
18499,Invalid Foreign Key: Product_ID,ST00018498,2026-05-07,W019,P00499,548,198,126,3,1,624,11080,6913920.0,0
18577,Invalid Foreign Key: Product_ID,ST00018576,2026-07-24,W017,P00577,126,276,252,0,2,152,8660,1316320.0,0
18614,Invalid Foreign Key: Product_ID,ST00018613,2026-08-30,W014,P00614,163,13,91,1,-3,83,1730,143590.0,0
18842,Invalid Foreign Key: Product_ID,ST00018841,2026-04-15,W002,P00842,391,241,7,4,1,630,4810,3030300.0,0
18921,Invalid Foreign Key: Product_ID,ST00018920,2026-07-03,W001,P00921,470,20,140,2,3,355,2500,887500.0,0
18998,Invalid Foreign Key: Product_ID,ST00018997,2025-09-18,W018,P00998,547,97,259,7,3,395,10970,4333150.0,0
19307,Invalid Foreign Key: Product_ID,ST00019306,2026-07-24,W007,P00307,356,106,322,1,-3,138,960,132480.0,0
19421,Invalid Foreign Key: Product_ID,ST00019420,2025-11-15,W001,P00421,470,220,280,7,-1,416,2500,1040000.0,0
19499,Invalid Foreign Key: Product_ID,ST00019498,2026-02-01,W019,P00499,548,298,406,4,0,444,11080,4919520.0,0
19577,Invalid Foreign Key: Product_ID,ST00019576,2026-04-20,W017,P00577,126,76,112,1,1,92,8660,796720.0,0
19614,Invalid Foreign Key: Product_ID,ST00019613,2026-05-27,W014,P00614,163,113,371,2,3,-90,1730,-155700.0,1
19842,Invalid Foreign Key: Product_ID,ST00019841,2026-01-10,W002,P00842,391,41,287,5,0,150,4810,721500.0,0
19921,Invalid Foreign Key: Product_ID,ST00019920,2026-03-30,W001,P00921,470,120,0,3,2,595,2500,1487500.0,0
19998,Invalid Foreign Key: Product_ID,ST00019997,2026-06-15,W018,P00998,547,197,119,8,2,635,10970,6965950.0,0
20307,Invalid Foreign Key: Product_ID,ST00020306,2026-04-20,W007,P00307,356,206,182,2,3,385,960,369600.0,0
20421,Invalid Foreign Key: Product_ID,ST00020420,2026-08-12,W001,P00421,470,20,140,8,-2,356,2500,890000.0,0
20499,Invalid Foreign Key: Product_ID,ST00020498,2025-10-29,W019,P00499,548,98,266,5,-1,384,11080,4254720.0,0
20577,Invalid Foreign Key: Product_ID,ST00020576,2026-01-15,W017,P00577,126,176,392,2,0,-88,8660,-762080.0,1
20614,Invalid Foreign Key: Product_ID,ST00020613,2026-02-21,W014,P00614,163,213,231,3,2,150,1730,259500.0,0
20842,Invalid Foreign Key: Product_ID,ST00020841,2025-10-07,W002,P00842,391,141,147,6,-1,390,4810,1875900.0,0
20921,Invalid Foreign Key: Product_ID,ST00020920,2025-12-25,W001,P00921,470,220,280,4,1,415,2500,1037500.0,0
20998,Invalid Foreign Key: Product_ID,ST00020997,2026-03-12,W018,P00998,547,297,399,0,1,446,10970,4892620.0,0
21307,Invalid Foreign Key: Product_ID,ST00021306,2026-01-15,W007,P00307,356,6,42,3,2,325,960,312000.0,0
21421,Invalid Foreign Key: Product_ID,ST00021420,2026-05-09,W001,P00421,470,120,0,0,-3,587,2500,1467500.0,0
21499,Invalid Foreign Key: Product_ID,ST00021498,2026-07-26,W019,P00499,548,198,126,6,-2,624,11080,6913920.0,0
21577,Invalid Foreign Key: Product_ID,ST00021576,2025-10-12,W017,P00577,126,276,252,3,-1,152,8660,1316320.0,0
21614,Invalid Foreign Key: Product_ID,ST00021613,2025-11-18,W014,P00614,163,13,91,4,1,90,1730,155700.0,0
21842,Invalid Foreign Key: Product_ID,ST00021841,2026-07-04,W002,P00842,391,241,7,7,-2,630,4810,3030300.0,0
21921,Invalid Foreign Key: Product_ID,ST00021920,2025-09-21,W001,P00921,470,20,140,5,0,355,2500,887500.0,0
21998,Invalid Foreign Key: Product_ID,ST00021997,2025-12-07,W018,P00998,547,97,259,1,0,386,10970,4234420.0,0
22307,Invalid Foreign Key: Product_ID,ST00022306,2025-10-12,W007,P00307,356,106,322,4,1,145,960,139200.0,0
22421,Invalid Foreign Key: Product_ID,ST00022420,2026-02-03,W001,P00421,470,220,280,1,3,414,2500,1035000.0,0
22499,Invalid Foreign Key: Product_ID,ST00022498,2026-04-22,W019,P00499,548,298,406,7,-3,444,11080,4919520.0,0
22577,Invalid Foreign Key: Product_ID,ST00022576,2026-07-09,W017,P00577,126,76,112,4,-2,92,8660,796720.0,0
22614,Invalid Foreign Key: Product_ID,ST00022613,2026-08-15,W014,P00614,163,113,371,5,0,-90,1730,-155700.0,1
22842,Invalid Foreign Key: Product_ID,ST00022841,2026-03-31,W002,P00842,391,41,287,8,-3,150,4810,721500.0,0
22921,Invalid Foreign Key: Product_ID,ST00022920,2026-06-18,W001,P00921,470,120,0,6,-1,595,2500,1487500.0,0
22998,Invalid Foreign Key: Product_ID,ST00022997,2025-09-03,W018,P00998,547,197,119,2,-1,626,10970,6867220.0,0
23307,Invalid Foreign Key: Product_ID,ST00023306,2026-07-09,W007,P00307,356,206,182,5,0,385,960,369600.0,0
23421,Invalid Foreign Key: Product_ID,ST00023420,2025-10-31,W001,P00421,470,20,140,2,2,354,2500,885000.0,0
23499,Invalid Foreign Key: Product_ID,ST00023498,2026-01-17,W019,P00499,548,98,266,8,3,391,11080,4332280.0,0
23577,Invalid Foreign Key: Product_ID,ST00023576,2026-04-05,W017,P00577,126,176,392,5,-3,-88,8660,-762080.0,1
23614,Invalid Foreign Key: Product_ID,ST00023613,2026-05-12,W014,P00614,163,213,231,6,-1,150,1730,259500.0,0
23842,Invalid Foreign Key: Product_ID,ST00023841,2025-12-26,W002,P00842,391,141,147,0,3,388,4810,1866280.0,0
23921,Invalid Foreign Key: Product_ID,ST00023920,2026-03-15,W001,P00921,470,220,280,7,-2,415,2500,1037500.0,0
23998,Invalid Foreign Key: Product_ID,ST00023997,2026-05-31,W018,P00998,547,297,399,3,-2,446,10970,4892620.0,0
24307,Invalid Foreign Key: Product_ID,ST00024306,2026-04-05,W007,P00307,356,6,42,6,-1,325,960,312000.0,0
24421,Invalid Foreign Key: Product_ID,ST00024420,2026-07-28,W001,P00421,470,120,0,3,1,594,2500,1485000.0,0
24499,Invalid Foreign Key: Product_ID,ST00024498,2025-10-14,W019,P00499,548,198,126,0,2,622,11080,6891760.0,0
24577,Invalid Foreign Key: Product_ID,ST00024576,2025-12-31,W017,P00577,126,276,252,6,3,159,8660,1376940.0,0
24614,Invalid Foreign Key: Product_ID,ST00024613,2026-02-06,W014,P00614,163,13,91,7,-2,90,1730,155700.0,0
24842,Invalid Foreign Key: Product_ID,ST00024841,2025-09-22,W002,P00842,391,241,7,1,2,628,4810,3020680.0,0
24921,Invalid Foreign Key: Product_ID,ST00024920,2025-12-10,W001,P00921,470,20,140,8,-3,355,2500,887500.0,0
24998,Invalid Foreign Key: Product_ID,ST00024997,2026-02-25,W018,P00998,547,97,259,4,-3,386,10970,4234420.0,0
25307,Invalid Foreign Key: Product_ID,ST00025306,2025-12-31,W007,P00307,356,106,322,7,-2,145,960,139200.0,0
25421,Invalid Foreign Key: Product_ID,ST00025420,2026-04-24,W001,P00421,470,220,280,4,0,414,2500,1035000.0,0
25499,Invalid Foreign Key: Product_ID,ST00025498,2026-07-11,W019,P00499,548,298,406,1,1,442,11080,4897360.0,0
25577,Invalid Foreign Key: Product_ID,ST00025576,2025-09-27,W017,P00577,126,76,112,7,2,99,8660,857340.0,0
25614,Invalid Foreign Key: Product_ID,ST00025613,2025-11-03,W014,P00614,163,113,371,8,-3,-90,1730,-155700.0,1
25842,Invalid Foreign Key: Product_ID,ST00025841,2026-06-19,W002,P00842,391,41,287,2,1,148,4810,711880.0,0
25921,Invalid Foreign Key: Product_ID,ST00025920,2025-09-06,W001,P00921,470,120,0,0,3,593,2500,1482500.0,0
25998,Invalid Foreign Key: Product_ID,ST00025997,2025-11-22,W018,P00998,547,197,119,5,3,633,10970,6944010.0,0
26307,Invalid Foreign Key: Product_ID,ST00026306,2025-09-27,W007,P00307,356,206,182,8,-3,385,960,369600.0,0
26421,Invalid Foreign Key: Product_ID,ST00026420,2026-01-19,W001,P00421,470,20,140,5,-1,354,2500,885000.0,0
26499,Invalid Foreign Key: Product_ID,ST00026498,2026-04-07,W019,P00499,548,98,266,2,0,382,11080,4232560.0,0
26577,Invalid Foreign Key: Product_ID,ST00026576,2026-06-24,W017,P00577,126,176,392,8,1,-81,8660,-701460.0,1
26614,Invalid Foreign Key: Product_ID,ST00026613,2026-07-31,W014,P00614,163,213,231,0,3,148,1730,256040.0,0
26842,Invalid Foreign Key: Product_ID,ST00026841,2026-03-16,W002,P00842,391,141,147,3,0,388,4810,1866280.0,0
26921,Invalid Foreign Key: Product_ID,ST00026920,2026-06-03,W001,P00921,470,220,280,1,2,413,2500,1032500.0,0
26998,Invalid Foreign Key: Product_ID,ST00026997,2026-08-19,W018,P00998,547,297,399,6,2,453,10970,4969410.0,0
27307,Invalid Foreign Key: Product_ID,ST00027306,2026-06-24,W007,P00307,356,6,42,0,3,323,960,310080.0,0
27421,Invalid Foreign Key: Product_ID,ST00027420,2025-10-16,W001,P00421,470,120,0,6,-2,594,2500,1485000.0,0
27499,Invalid Foreign Key: Product_ID,ST00027498,2026-01-02,W019,P00499,548,198,126,3,-1,622,11080,6891760.0,0
27577,Invalid Foreign Key: Product_ID,ST00027576,2026-03-21,W017,P00577,126,276,252,0,0,150,8660,1299000.0,0
27614,Invalid Foreign Key: Product_ID,ST00027613,2026-04-27,W014,P00614,163,13,91,1,2,88,1730,152240.0,0
27842,Invalid Foreign Key: Product_ID,ST00027841,2025-12-11,W002,P00842,391,241,7,4,-1,628,4810,3020680.0,0
27921,Invalid Foreign Key: Product_ID,ST00027920,2026-02-28,W001,P00921,470,20,140,2,1,353,2500,882500.0,0
27998,Invalid Foreign Key: Product_ID,ST00027997,2026-05-16,W018,P00998,547,97,259,7,1,393,10970,4311210.0,0
28307,Invalid Foreign Key: Product_ID,ST00028306,2026-03-21,W007,P00307,356,106,322,1,2,143,960,137280.0,0
28421,Invalid Foreign Key: Product_ID,ST00028420,2026-07-13,W001,P00421,470,220,280,7,-3,414,2500,1035000.0,0
28499,Invalid Foreign Key: Product_ID,ST00028498,2025-09-29,W019,P00499,548,298,406,4,-2,442,11080,4897360.0,0
28577,Invalid Foreign Key: Product_ID,ST00028576,2025-12-16,W017,P00577,126,76,112,1,-1,90,8660,779400.0,0
28614,Invalid Foreign Key: Product_ID,ST00028613,2026-01-22,W014,P00614,163,113,371,2,1,-92,1730,-159160.0,1
28842,Invalid Foreign Key: Product_ID,ST00028841,2025-09-07,W002,P00842,391,41,287,5,-2,148,4810,711880.0,0
28921,Invalid Foreign Key: Product_ID,ST00028920,2025-11-25,W001,P00921,470,120,0,3,0,593,2500,1482500.0,0
28998,Invalid Foreign Key: Product_ID,ST00028997,2026-02-10,W018,P00998,547,197,119,8,0,633,10970,6944010.0,0
29307,Invalid Foreign Key: Product_ID,ST00029306,2025-12-16,W007,P00307,356,206,182,2,1,383,960,367680.0,0
29421,Invalid Foreign Key: Product_ID,ST00029420,2026-04-09,W001,P00421,470,20,140,8,3,361,2500,902500.0,0
29499,Invalid Foreign Key: Product_ID,ST00029498,2026-06-26,W019,P00499,548,98,266,5,-3,382,11080,4232560.0,0
29577,Invalid Foreign Key: Product_ID,ST00029576,2025-09-12,W017,P00577,126,176,392,2,-2,-90,8660,-779400.0,1
29614,Invalid Foreign Key: Product_ID,ST00029613,2025-10-19,W014,P00614,163,213,231,3,0,148,1730,256040.0,0
29842,Invalid Foreign Key: Product_ID,ST00029841,2026-06-04,W002,P00842,391,141,147,6,-3,388,4810,1866280.0,0
29921,Invalid Foreign Key: Product_ID,ST00029920,2026-08-22,W001,P00921,470,220,280,4,-1,413,2500,1032500.0,0
29998,Invalid Foreign Key: Product_ID,ST00029997,2025-11-07,W018,P00998,547,297,399,0,-1,444,10970,4870680.0,0
30307,Invalid Foreign Key: Product_ID,ST00030306,2025-09-12,W007,P00307,356,6,42,3,0,323,960,310080.0,0
30421,Invalid Foreign Key: Product_ID,ST00030420,2026-01-04,W001,P00421,470,120,0,0,2,592,2500,1480000.0,0
30499,Invalid Foreign Key: Product_ID,ST00030498,2026-03-23,W019,P00499,548,198,126,6,3,629,11080,6969320.0,0
30577,Invalid Foreign Key: Product_ID,ST00030576,2026-06-09,W017,P00577,126,276,252,3,-3,150,8660,1299000.0,0
30614,Invalid Foreign Key: Product_ID,ST00030613,2026-07-16,W014,P00614,163,13,91,4,-1,88,1730,152240.0,0
30842,Invalid Foreign Key: Product_ID,ST00030841,2026-03-01,W002,P00842,391,241,7,7,3,635,4810,3054350.0,0
30921,Invalid Foreign Key: Product_ID,ST00030920,2026-05-19,W001,P00921,470,20,140,5,-2,353,2500,882500.0,0
30998,Invalid Foreign Key: Product_ID,ST00030997,2026-08-04,W018,P00998,547,97,259,1,-2,384,10970,4212480.0,0
31307,Invalid Foreign Key: Product_ID,ST00031306,2026-06-09,W007,P00307,356,106,322,4,-1,143,960,137280.0,0
31421,Invalid Foreign Key: Product_ID,ST00031420,2025-10-01,W001,P00421,470,220,280,1,1,412,2500,1030000.0,0
31499,Invalid Foreign Key: Product_ID,ST00031498,2025-12-18,W019,P00499,548,298,406,7,2,449,11080,4974920.0,0
31577,Invalid Foreign Key: Product_ID,ST00031576,2026-03-06,W017,P00577,126,76,112,4,3,97,8660,840020.0,0
31614,Invalid Foreign Key: Product_ID,ST00031613,2026-04-12,W014,P00614,163,113,371,5,-2,-92,1730,-159160.0,1
31842,Invalid Foreign Key: Product_ID,ST00031841,2025-11-26,W002,P00842,391,41,287,8,2,155,4810,745550.0,0
31921,Invalid Foreign Key: Product_ID,ST00031920,2026-02-13,W001,P00921,470,120,0,6,-3,593,2500,1482500.0,0
31998,Invalid Foreign Key: Product_ID,ST00031997,2026-05-01,W018,P00998,547,197,119,2,-3,624,10970,6845280.0,0
32307,Invalid Foreign Key: Product_ID,ST00032306,2026-03-06,W007,P00307,356,206,182,5,-2,383,960,367680.0,0
32421,Invalid Foreign Key: Product_ID,ST00032420,2026-06-28,W001,P00421,470,20,140,2,0,352,2500,880000.0,0
32499,Invalid Foreign Key: Product_ID,ST00032498,2025-09-14,W019,P00499,548,98,266,8,1,389,11080,4310120.0,0
32577,Invalid Foreign Key: Product_ID,ST00032576,2025-12-01,W017,P00577,126,176,392,5,2,-83,8660,-718780.0,1
32614,Invalid Foreign Key: Product_ID,ST00032613,2026-01-07,W014,P00614,163,213,231,6,-3,148,1730,256040.0,0
32842,Invalid Foreign Key: Product_ID,ST00032841,2026-08-23,W002,P00842,391,141,147,0,1,386,4810,1856660.0,0
32921,Invalid Foreign Key: Product_ID,ST00032920,2025-11-10,W001,P00921,470,220,280,7,3,420,2500,1050000.0,0
32998,Invalid Foreign Key: Product_ID,ST00032997,2026-01-26,W018,P00998,547,297,399,3,3,451,10970,4947470.0,0
33307,Invalid Foreign Key: Product_ID,ST00033306,2025-12-01,W007,P00307,356,6,42,6,-3,323,960,310080.0,0
33421,Invalid Foreign Key: Product_ID,ST00033420,2026-03-25,W001,P00421,470,120,0,3,-1,592,2500,1480000.0,0
33499,Invalid Foreign Key: Product_ID,ST00033498,2026-06-11,W019,P00499,548,198,126,0,0,620,11080,6869600.0,0
33577,Invalid Foreign Key: Product_ID,ST00033576,2026-08-28,W017,P00577,126,276,252,6,1,157,8660,1359620.0,0
33614,Invalid Foreign Key: Product_ID,ST00033613,2025-10-04,W014,P00614,163,13,91,7,3,95,1730,164350.0,0
33842,Invalid Foreign Key: Product_ID,ST00033841,2026-05-20,W002,P00842,391,241,7,1,0,626,4810,3011060.0,0
33921,Invalid Foreign Key: Product_ID,ST00033920,2026-08-07,W001,P00921,470,20,140,8,2,360,2500,900000.0,0
33998,Invalid Foreign Key: Product_ID,ST00033997,2025-10-23,W018,P00998,547,97,259,4,2,391,10970,4289270.0,0
34307,Invalid Foreign Key: Product_ID,ST00034306,2026-08-28,W007,P00307,356,106,322,7,3,150,960,144000.0,0
34421,Invalid Foreign Key: Product_ID,ST00034420,2025-12-20,W001,P00421,470,220,280,4,-2,412,2500,1030000.0,0
34499,Invalid Foreign Key: Product_ID,ST00034498,2026-03-08,W019,P00499,548,298,406,1,-1,440,11080,4875200.0,0
34577,Invalid Foreign Key: Product_ID,ST00034576,2026-05-25,W017,P00577,126,76,112,7,0,97,8660,840020.0,0
34614,Invalid Foreign Key: Product_ID,ST00034613,2026-07-01,W014,P00614,163,113,371,8,2,-85,1730,-147050.0,1
34842,Invalid Foreign Key: Product_ID,ST00034841,2026-02-14,W002,P00842,391,41,287,2,-1,146,4810,702260.0,0
34921,Invalid Foreign Key: Product_ID,ST00034920,2026-05-04,W001,P00921,470,120,0,0,1,591,2500,1477500.0,0
34998,Invalid Foreign Key: Product_ID,ST00034997,2026-07-20,W018,P00998,547,197,119,5,1,631,10970,6922070.0,0
35307,Invalid Foreign Key: Product_ID,ST00035306,2026-05-25,W007,P00307,356,206,182,8,2,390,960,374400.0,0
35421,Invalid Foreign Key: Product_ID,ST00035420,2025-09-16,W001,P00421,470,20,140,5,-3,352,2500,880000.0,0
35499,Invalid Foreign Key: Product_ID,ST00035498,2025-12-03,W019,P00499,548,98,266,2,-2,380,11080,4210400.0,0
35577,Invalid Foreign Key: Product_ID,ST00035576,2026-02-19,W017,P00577,126,176,392,8,-1,-83,8660,-718780.0,1
35614,Invalid Foreign Key: Product_ID,ST00035613,2026-03-28,W014,P00614,163,213,231,0,1,146,1730,252580.0,0
35842,Invalid Foreign Key: Product_ID,ST00035841,2025-11-11,W002,P00842,391,141,147,3,-2,386,4810,1856660.0,0
35921,Invalid Foreign Key: Product_ID,ST00035920,2026-01-29,W001,P00921,470,220,280,1,0,411,2500,1027500.0,0
35998,Invalid Foreign Key: Product_ID,ST00035997,2026-04-16,W018,P00998,547,297,399,6,0,451,10970,4947470.0,0
36307,Invalid Foreign Key: Product_ID,ST00036306,2026-02-19,W007,P00307,356,6,42,0,1,321,960,308160.0,0
36421,Invalid Foreign Key: Product_ID,ST00036420,2026-06-13,W001,P00421,470,120,0,6,3,599,2500,1497500.0,0
36499,Invalid Foreign Key: Product_ID,ST00036498,2026-08-30,W019,P00499,548,198,126,3,-3,620,11080,6869600.0,0
36577,Invalid Foreign Key: Product_ID,ST00036576,2025-11-16,W017,P00577,126,276,252,0,-2,148,8660,1281680.0,0
36614,Invalid Foreign Key: Product_ID,ST00036613,2025-12-23,W014,P00614,163,13,91,1,0,86,1730,148780.0,0
36842,Invalid Foreign Key: Product_ID,ST00036841,2026-08-08,W002,P00842,391,241,7,4,-3,626,4810,3011060.0,0
36921,Invalid Foreign Key: Product_ID,ST00036920,2025-10-26,W001,P00921,470,20,140,2,-1,351,2500,877500.0,0
36998,Invalid Foreign Key: Product_ID,ST00036997,2026-01-11,W018,P00998,547,97,259,7,-1,391,10970,4289270.0,0
37307,Invalid Foreign Key: Product_ID,ST00037306,2025-11-16,W007,P00307,356,106,322,1,0,141,960,135360.0,0
37421,Invalid Foreign Key: Product_ID,ST00037420,2026-03-10,W001,P00421,470,220,280,7,2,419,2500,1047500.0,0
37499,Invalid Foreign Key: Product_ID,ST00037498,2026-05-27,W019,P00499,548,298,406,4,3,447,11080,4952760.0,0
37577,Invalid Foreign Key: Product_ID,ST00037576,2026-08-13,W017,P00577,126,76,112,1,-3,88,8660,762080.0,0
37614,Invalid Foreign Key: Product_ID,ST00037613,2025-09-19,W014,P00614,163,113,371,2,-1,-94,1730,-162620.0,1
37842,Invalid Foreign Key: Product_ID,ST00037841,2026-05-05,W002,P00842,391,41,287,5,3,153,4810,735930.0,0
37921,Invalid Foreign Key: Product_ID,ST00037920,2026-07-23,W001,P00921,470,120,0,3,-2,591,2500,1477500.0,0
37998,Invalid Foreign Key: Product_ID,ST00037997,2025-10-08,W018,P00998,547,197,119,8,-2,631,10970,6922070.0,0
38307,Invalid Foreign Key: Product_ID,ST00038306,2026-08-13,W007,P00307,356,206,182,2,-1,381,960,365760.0,0
38421,Invalid Foreign Key: Product_ID,ST00038420,2025-12-05,W001,P00421,470,20,140,8,1,359,2500,897500.0,0
38499,Invalid Foreign Key: Product_ID,ST00038498,2026-02-21,W019,P00499,548,98,266,5,2,387,11080,4287960.0,0
38577,Invalid Foreign Key: Product_ID,ST00038576,2026-05-10,W017,P00577,126,176,392,2,3,-85,8660,-736100.0,1
38614,Invalid Foreign Key: Product_ID,ST00038613,2026-06-16,W014,P00614,163,213,231,3,-2,146,1730,252580.0,0
38842,Invalid Foreign Key: Product_ID,ST00038841,2026-01-30,W002,P00842,391,141,147,6,2,393,4810,1890330.0,0
38921,Invalid Foreign Key: Product_ID,ST00038920,2026-04-19,W001,P00921,470,220,280,4,-3,411,2500,1027500.0,0
38998,Invalid Foreign Key: Product_ID,ST00038997,2026-07-05,W018,P00998,547,297,399,0,-3,442,10970,4848740.0,0
39307,Invalid Foreign Key: Product_ID,ST00039306,2026-05-10,W007,P00307,356,6,42,3,-2,321,960,308160.0,0
39421,Invalid Foreign Key: Product_ID,ST00039420,2025-09-01,W001,P00421,470,120,0,0,0,590,2500,1475000.0,0
39499,Invalid Foreign Key: Product_ID,ST00039498,2025-11-18,W019,P00499,548,198,126,6,1,627,11080,6947160.0,0
39577,Invalid Foreign Key: Product_ID,ST00039576,2026-02-04,W017,P00577,126,276,252,3,2,155,8660,1342300.0,0
39614,Invalid Foreign Key: Product_ID,ST00039613,2026-03-13,W014,P00614,163,13,91,4,-3,86,1730,148780.0,0
39842,Invalid Foreign Key: Product_ID,ST00039841,2025-10-27,W002,P00842,391,241,7,7,1,633,4810,3044730.0,0
39921,Invalid Foreign Key: Product_ID,ST00039920,2026-01-14,W001,P00921,470,20,140,5,3,358,2500,895000.0,0
39998,Invalid Foreign Key: Product_ID,ST00039997,2026-04-01,W018,P00998,547,97,259,1,3,389,10970,4267330.0,0
40307,Invalid Foreign Key: Product_ID,ST00040306,2026-02-04,W007,P00307,356,106,322,4,-3,141,960,135360.0,0
40421,Invalid Foreign Key: Product_ID,ST00040420,2026-05-29,W001,P00421,470,220,280,1,-1,410,2500,1025000.0,0
40499,Invalid Foreign Key: Product_ID,ST00040498,2026-08-15,W019,P00499,548,298,406,7,0,447,11080,4952760.0,0
40577,Invalid Foreign Key: Product_ID,ST00040576,2025-11-01,W017,P00577,126,76,112,4,1,95,8660,822700.0,0
40614,Invalid Foreign Key: Product_ID,ST00040613,2025-12-08,W014,P00614,163,113,371,5,3,-87,1730,-150510.0,1
40842,Invalid Foreign Key: Product_ID,ST00040841,2026-07-24,W002,P00842,391,41,287,8,0,153,4810,735930.0,0
40921,Invalid Foreign Key: Product_ID,ST00040920,2025-10-11,W001,P00921,470,120,0,6,2,598,2500,1495000.0,0
40998,Invalid Foreign Key: Product_ID,ST00040997,2025-12-27,W018,P00998,547,197,119,2,2,629,10970,6900130.0,0
41307,Invalid Foreign Key: Product_ID,ST00041306,2025-11-01,W007,P00307,356,206,182,5,3,388,960,372480.0,0
41421,Invalid Foreign Key: Product_ID,ST00041420,2026-02-23,W001,P00421,470,20,140,2,-2,350,2500,875000.0,0
41499,Invalid Foreign Key: Product_ID,ST00041498,2026-05-12,W019,P00499,548,98,266,8,-1,387,11080,4287960.0,0
41577,Invalid Foreign Key: Product_ID,ST00041576,2026-07-29,W017,P00577,126,176,392,5,0,-85,8660,-736100.0,1
41614,Invalid Foreign Key: Product_ID,ST00041613,2025-09-04,W014,P00614,163,213,231,6,2,153,1730,264690.0,0
41842,Invalid Foreign Key: Product_ID,ST00041841,2026-04-20,W002,P00842,391,141,147,0,-1,384,4810,1847040.0,0
41921,Invalid Foreign Key: Product_ID,ST00041920,2026-07-08,W001,P00921,470,220,280,7,1,418,2500,1045000.0,0
41998,Invalid Foreign Key: Product_ID,ST00041997,2025-09-23,W018,P00998,547,297,399,3,1,449,10970,4925530.0,0
42307,Invalid Foreign Key: Product_ID,ST00042306,2026-07-29,W007,P00307,356,6,42,6,2,328,960,314880.0,0
42421,Invalid Foreign Key: Product_ID,ST00042420,2025-11-20,W001,P00421,470,120,0,3,-3,590,2500,1475000.0,0
42499,Invalid Foreign Key: Product_ID,ST00042498,2026-02-06,W019,P00499,548,198,126,0,-2,618,11080,6847440.0,0
42577,Invalid Foreign Key: Product_ID,ST00042576,2026-04-25,W017,P00577,126,276,252,6,-1,155,8660,1342300.0,0
42614,Invalid Foreign Key: Product_ID,ST00042613,2026-06-01,W014,P00614,163,13,91,7,1,93,1730,160890.0,0
42842,Invalid Foreign Key: Product_ID,ST00042841,2026-01-15,W002,P00842,391,241,7,1,-2,624,4810,3001440.0,0
42921,Invalid Foreign Key: Product_ID,ST00042920,2026-04-04,W001,P00921,470,20,140,8,0,358,2500,895000.0,0
42998,Invalid Foreign Key: Product_ID,ST00042997,2026-06-20,W018,P00998,547,97,259,4,0,389,10970,4267330.0,0
43307,Invalid Foreign Key: Product_ID,ST00043306,2026-04-25,W007,P00307,356,106,322,7,1,148,960,142080.0,0
43421,Invalid Foreign Key: Product_ID,ST00043420,2026-08-17,W001,P00421,470,220,280,4,3,417,2500,1042500.0,0
43499,Invalid Foreign Key: Product_ID,ST00043498,2025-11-03,W019,P00499,548,298,406,1,-3,438,11080,4853040.0,0
43577,Invalid Foreign Key: Product_ID,ST00043576,2026-01-20,W017,P00577,126,76,112,7,-2,95,8660,822700.0,0
43614,Invalid Foreign Key: Product_ID,ST00043613,2026-02-26,W014,P00614,163,113,371,8,0,-87,1730,-150510.0,1
43842,Invalid Foreign Key: Product_ID,ST00043841,2025-10-12,W002,P00842,391,41,287,2,-3,144,4810,692640.0,0
43921,Invalid Foreign Key: Product_ID,ST00043920,2025-12-30,W001,P00921,470,120,0,0,-1,589,2500,1472500.0,0
43998,Invalid Foreign Key: Product_ID,ST00043997,2026-03-17,W018,P00998,547,197,119,5,-1,629,10970,6900130.0,0
44307,Invalid Foreign Key: Product_ID,ST00044306,2026-01-20,W007,P00307,356,206,182,8,0,388,960,372480.0,0
44421,Invalid Foreign Key: Product_ID,ST00044420,2026-05-14,W001,P00421,470,20,140,5,2,357,2500,892500.0,0
44499,Invalid Foreign Key: Product_ID,ST00044498,2026-07-31,W019,P00499,548,98,266,2,3,385,11080,4265800.0,0
44577,Invalid Foreign Key: Product_ID,ST00044576,2025-10-17,W017,P00577,126,176,392,8,-3,-85,8660,-736100.0,1
44614,Invalid Foreign Key: Product_ID,ST00044613,2025-11-23,W014,P00614,163,213,231,0,-1,144,1730,249120.0,0
44842,Invalid Foreign Key: Product_ID,ST00044841,2026-07-09,W002,P00842,391,141,147,3,3,391,4810,1880710.0,0
44921,Invalid Foreign Key: Product_ID,ST00044920,2025-09-26,W001,P00921,470,220,280,1,-2,409,2500,1022500.0,0
44998,Invalid Foreign Key: Product_ID,ST00044997,2025-12-12,W018,P00998,547,297,399,6,-2,449,10970,4925530.0,0
45307,Invalid Foreign Key: Product_ID,ST00045306,2025-10-17,W007,P00307,356,6,42,0,-1,319,960,306240.0,0
45421,Invalid Foreign Key: Product_ID,ST00045420,2026-02-08,W001,P00421,470,120,0,6,1,597,2500,1492500.0,0
45499,Invalid Foreign Key: Product_ID,ST00045498,2026-04-27,W019,P00499,548,198,126,3,2,625,11080,6925000.0,0
45577,Invalid Foreign Key: Product_ID,ST00045576,2026-07-14,W017,P00577,126,276,252,0,3,153,8660,1324980.0,0
45614,Invalid Foreign Key: Product_ID,ST00045613,2026-08-20,W014,P00614,163,13,91,1,-2,84,1730,145320.0,0
45842,Invalid Foreign Key: Product_ID,ST00045841,2026-04-05,W002,P00842,391,241,7,4,2,631,4810,3035110.0,0
45921,Invalid Foreign Key: Product_ID,ST00045920,2026-06-23,W001,P00921,470,20,140,2,-3,349,2500,872500.0,0
45998,Invalid Foreign Key: Product_ID,ST00045997,2025-09-08,W018,P00998,547,97,259,7,-3,389,10970,4267330.0,0
46307,Invalid Foreign Key: Product_ID,ST00046306,2026-07-14,W007,P00307,356,106,322,1,-2,139,960,133440.0,0
46421,Invalid Foreign Key: Product_ID,ST00046420,2025-11-05,W001,P00421,470,220,280,7,0,417,2500,1042500.0,0
46499,Invalid Foreign Key: Product_ID,ST00046498,2026-01-22,W019,P00499,548,298,406,4,1,445,11080,4930600.0,0
46577,Invalid Foreign Key: Product_ID,ST00046576,2026-04-10,W017,P00577,126,76,112,1,2,93,8660,805380.0,0
46614,Invalid Foreign Key: Product_ID,ST00046613,2026-05-17,W014,P00614,163,113,371,2,-3,-96,1730,-166080.0,1
46842,Invalid Foreign Key: Product_ID,ST00046841,2025-12-31,W002,P00842,391,41,287,5,1,151,4810,726310.0,0
46921,Invalid Foreign Key: Product_ID,ST00046920,2026-03-20,W001,P00921,470,120,0,3,3,596,2500,1490000.0,0
46998,Invalid Foreign Key: Product_ID,ST00046997,2026-06-05,W018,P00998,547,197,119,8,3,636,10970,6976920.0,0
47307,Invalid Foreign Key: Product_ID,ST00047306,2026-04-10,W007,P00307,356,206,182,2,-3,379,960,363840.0,0
47421,Invalid Foreign Key: Product_ID,ST00047420,2026-08-02,W001,P00421,470,20,140,8,-1,357,2500,892500.0,0
47499,Invalid Foreign Key: Product_ID,ST00047498,2025-10-19,W019,P00499,548,98,266,5,0,385,11080,4265800.0,0
47577,Invalid Foreign Key: Product_ID,ST00047576,2026-01-05,W017,P00577,126,176,392,2,1,-87,8660,-753420.0,1
47614,Invalid Foreign Key: Product_ID,ST00047613,2026-02-11,W014,P00614,163,213,231,3,3,151,1730,261230.0,0
47842,Invalid Foreign Key: Product_ID,ST00047841,2025-09-27,W002,P00842,391,141,147,6,0,391,4810,1880710.0,0
47921,Invalid Foreign Key: Product_ID,ST00047920,2025-12-15,W001,P00921,470,220,280,4,2,416,2500,1040000.0,0
47998,Invalid Foreign Key: Product_ID,ST00047997,2026-03-02,W018,P00998,547,297,399,0,2,447,10970,4903590.0,0
48307,Invalid Foreign Key: Product_ID,ST00048306,2026-01-05,W007,P00307,356,6,42,3,3,326,960,312960.0,0
48421,Invalid Foreign Key: Product_ID,ST00048420,2026-04-29,W001,P00421,470,120,0,0,-2,588,2500,1470000.0,0
48499,Invalid Foreign Key: Product_ID,ST00048498,2026-07-16,W019,P00499,548,198,126,6,-1,625,11080,6925000.0,0
48577,Invalid Foreign Key: Product_ID,ST00048576,2025-10-02,W017,P00577,126,276,252,3,0,153,8660,1324980.0,0
48614,Invalid Foreign Key: Product_ID,ST00048613,2025-11-08,W014,P00614,163,13,91,4,2,91,1730,157430.0,0
48842,Invalid Foreign Key: Product_ID,ST00048841,2026-06-24,W002,P00842,391,241,7,7,-1,631,4810,3035110.0,0
48921,Invalid Foreign Key: Product_ID,ST00048920,2025-09-11,W001,P00921,470,20,140,5,1,356,2500,890000.0,0
48998,Invalid Foreign Key: Product_ID,ST00048997,2025-11-27,W018,P00998,547,97,259,1,1,387,10970,4245390.0,0
49307,Invalid Foreign Key: Product_ID,ST00049306,2025-10-02,W007,P00307,356,106,322,4,2,146,960,140160.0,0
49421,Invalid Foreign Key: Product_ID,ST00049420,2026-01-24,W001,P00421,470,220,280,1,-3,408,2500,1020000.0,0
49499,Invalid Foreign Key: Product_ID,ST00049498,2026-04-12,W019,P00499,548,298,406,7,-2,445,11080,4930600.0,0
49577,Invalid Foreign Key: Product_ID,ST00049576,2026-06-29,W017,P00577,126,76,112,4,-1,93,8660,805380.0,0
49614,Invalid Foreign Key: Product_ID,ST00049613,2026-08-05,W014,P00614,163,113,371,5,1,-89,1730,-153970.0,1
49842,Invalid Foreign Key: Product_ID,ST00049841,2026-03-21,W002,P00842,391,41,287,8,-2,151,4810,726310.0,0
49921,Invalid Foreign Key: Product_ID,ST00049920,2026-06-08,W001,P00921,470,120,0,6,0,596,2500,1490000.0,0
49998,Invalid Foreign Key: Product_ID,ST00049997,2026-08-24,W018,P00998,547,197,119,2,0,627,10970,6878190.0,0
50307,Invalid Foreign Key: Product_ID,ST00050306,2026-06-29,W007,P00307,356,206,182,5,1,386,960,370560.0,0
50421,Invalid Foreign Key: Product_ID,ST00050420,2025-10-21,W001,P00421,470,20,140,2,3,355,2500,887500.0,0
50499,Invalid Foreign Key: Product_ID,ST00050498,2026-01-07,W019,P00499,548,98,266,8,-3,385,11080,4265800.0,0
50577,Invalid Foreign Key: Product_ID,ST00050576,2026-03-26,W017,P00577,126,176,392,5,-2,-87,8660,-753420.0,1
50614,Invalid Foreign Key: Product_ID,ST00050613,2026-05-02,W014,P00614,163,213,231,6,0,151,1730,261230.0,0
50842,Invalid Foreign Key: Product_ID,ST00050841,2025-12-16,W002,P00842,391,141,147,0,-3,382,4810,1837420.0,0
50921,Invalid Foreign Key: Product_ID,ST00050920,2026-03-05,W001,P00921,470,220,280,7,-1,416,2500,1040000.0,0
50998,Invalid Foreign Key: Product_ID,ST00050997,2026-05-21,W018,P00998,547,297,399,3,-1,447,10970,4903590.0,0
51307,Invalid Foreign Key: Product_ID,ST00051306,2026-03-26,W007,P00307,356,6,42,6,0,326,960,312960.0,0
51421,Invalid Foreign Key: Product_ID,ST00051420,2026-07-18,W001,P00421,470,120,0,3,2,595,2500,1487500.0,0
51499,Invalid Foreign Key: Product_ID,ST00051498,2025-10-04,W019,P00499,548,198,126,0,3,623,11080,6902840.0,0
51577,Invalid Foreign Key: Product_ID,ST00051576,2025-12-21,W017,P00577,126,276,252,6,-3,153,8660,1324980.0,0
51614,Invalid Foreign Key: Product_ID,ST00051613,2026-01-27,W014,P00614,163,13,91,7,-1,91,1730,157430.0,0
51842,Invalid Foreign Key: Product_ID,ST00051841,2025-09-12,W002,P00842,391,241,7,1,3,629,4810,3025490.0,0
51921,Invalid Foreign Key: Product_ID,ST00051920,2025-11-30,W001,P00921,470,20,140,8,-2,356,2500,890000.0,0
51998,Invalid Foreign Key: Product_ID,ST00051997,2026-02-15,W018,P00998,547,97,259,4,-2,387,10970,4245390.0,0
52307,Invalid Foreign Key: Product_ID,ST00052306,2025-12-21,W007,P00307,356,106,322,7,-1,146,960,140160.0,0
52421,Invalid Foreign Key: Product_ID,ST00052420,2026-04-14,W001,P00421,470,220,280,4,1,415,2500,1037500.0,0
52499,Invalid Foreign Key: Product_ID,ST00052498,2026-07-01,W019,P00499,548,298,406,1,2,443,11080,4908440.0,0
52577,Invalid Foreign Key: Product_ID,ST00052576,2025-09-17,W017,P00577,126,76,112,7,3,100,8660,866000.0,0
52614,Invalid Foreign Key: Product_ID,ST00052613,2025-10-24,W014,P00614,163,113,371,8,-2,-89,1730,-153970.0,1
52842,Invalid Foreign Key: Product_ID,ST00052841,2026-06-09,W002,P00842,391,41,287,2,2,149,4810,716690.0,0
52921,Invalid Foreign Key: Product_ID,ST00052920,2026-08-27,W001,P00921,470,120,0,0,-3,587,2500,1467500.0,0
52998,Invalid Foreign Key: Product_ID,ST00052997,2025-11-12,W018,P00998,547,197,119,5,-3,627,10970,6878190.0,0
53307,Invalid Foreign Key: Product_ID,ST00053306,2025-09-17,W007,P00307,356,206,182,8,-2,386,960,370560.0,0
53421,Invalid Foreign Key: Product_ID,ST00053420,2026-01-09,W001,P00421,470,20,140,5,0,355,2500,887500.0,0
53499,Invalid Foreign Key: Product_ID,ST00053498,2026-03-28,W019,P00499,548,98,266,2,1,383,11080,4243640.0,0
53577,Invalid Foreign Key: Product_ID,ST00053576,2026-06-14,W017,P00577,126,176,392,8,2,-80,8660,-692800.0,1
53614,Invalid Foreign Key: Product_ID,ST00053613,2026-07-21,W014,P00614,163,213,231,0,-3,142,1730,245660.0,0
53842,Invalid Foreign Key: Product_ID,ST00053841,2026-03-06,W002,P00842,391,141,147,3,1,389,4810,1871090.0,0
53921,Invalid Foreign Key: Product_ID,ST00053920,2026-05-24,W001,P00921,470,220,280,1,3,414,2500,1035000.0,0
53998,Invalid Foreign Key: Product_ID,ST00053997,2026-08-09,W018,P00998,547,297,399,6,3,454,10970,4980380.0,0
54307,Invalid Foreign Key: Product_ID,ST00054306,2026-06-14,W007,P00307,356,6,42,0,-3,317,960,304320.0,0
54421,Invalid Foreign Key: Product_ID,ST00054420,2025-10-06,W001,P00421,470,120,0,6,-1,595,2500,1487500.0,0
54499,Invalid Foreign Key: Product_ID,ST00054498,2025-12-23,W019,P00499,548,198,126,3,0,623,11080,6902840.0,0
54577,Invalid Foreign Key: Product_ID,ST00054576,2026-03-11,W017,P00577,126,276,252,0,1,151,8660,1307660.0,0
54614,Invalid Foreign Key: Product_ID,ST00054613,2026-04-17,W014,P00614,163,13,91,1,3,89,1730,153970.0,0
54842,Invalid Foreign Key: Product_ID,ST00054841,2025-12-01,W002,P00842,391,241,7,4,0,629,4810,3025490.0,0
54921,Invalid Foreign Key: Product_ID,ST00054920,2026-02-18,W001,P00921,470,20,140,2,2,354,2500,885000.0,0
54998,Invalid Foreign Key: Product_ID,ST00054997,2026-05-06,W018,P00998,547,97,259,7,2,394,10970,4322180.0,0
55307,Invalid Foreign Key: Product_ID,ST00055306,2026-03-11,W007,P00307,356,106,322,1,3,144,960,138240.0,0
55421,Invalid Foreign Key: Product_ID,ST00055420,2026-07-03,W001,P00421,470,220,280,7,-2,415,2500,1037500.0,0
55499,Invalid Foreign Key: Product_ID,ST00055498,2025-09-19,W019,P00499,548,298,406,4,-1,443,11080,4908440.0,0
55577,Invalid Foreign Key: Product_ID,ST00055576,2025-12-06,W017,P00577,126,76,112,1,0,91,8660,788060.0,0
55614,Invalid Foreign Key: Product_ID,ST00055613,2026-01-12,W014,P00614,163,113,371,2,2,-91,1730,-157430.0,1
55842,Invalid Foreign Key: Product_ID,ST00055841,2026-08-28,W002,P00842,391,41,287,5,-1,149,4810,716690.0,0
55921,Invalid Foreign Key: Product_ID,ST00055920,2025-11-15,W001,P00921,470,120,0,3,1,594,2500,1485000.0,0
55998,Invalid Foreign Key: Product_ID,ST00055997,2026-01-31,W018,P00998,547,197,119,8,1,634,10970,6954980.0,0
56307,Invalid Foreign Key: Product_ID,ST00056306,2025-12-06,W007,P00307,356,206,182,2,2,384,960,368640.0,0
56421,Invalid Foreign Key: Product_ID,ST00056420,2026-03-30,W001,P00421,470,20,140,8,-3,355,2500,887500.0,0
56499,Invalid Foreign Key: Product_ID,ST00056498,2026-06-16,W019,P00499,548,98,266,5,-2,383,11080,4243640.0,0
56577,Invalid Foreign Key: Product_ID,ST00056576,2025-09-02,W017,P00577,126,176,392,2,-1,-89,8660,-770740.0,1
56614,Invalid Foreign Key: Product_ID,ST00056613,2025-10-09,W014,P00614,163,213,231,3,1,149,1730,257770.0,0
56842,Invalid Foreign Key: Product_ID,ST00056841,2026-05-25,W002,P00842,391,141,147,6,-2,389,4810,1871090.0,0
56921,Invalid Foreign Key: Product_ID,ST00056920,2026-08-12,W001,P00921,470,220,280,4,0,414,2500,1035000.0,0
56998,Invalid Foreign Key: Product_ID,ST00056997,2025-10-28,W018,P00998,547,297,399,0,0,445,10970,4881650.0,0
57307,Invalid Foreign Key: Product_ID,ST00057306,2025-09-02,W007,P00307,356,6,42,3,1,324,960,311040.0,0
57421,Invalid Foreign Key: Product_ID,ST00057420,2025-12-25,W001,P00421,470,120,0,0,3,593,2500,1482500.0,0
57499,Invalid Foreign Key: Product_ID,ST00057498,2026-03-13,W019,P00499,548,198,126,6,-3,623,11080,6902840.0,0
57577,Invalid Foreign Key: Product_ID,ST00057576,2026-05-30,W017,P00577,126,276,252,3,-2,151,8660,1307660.0,0
57614,Invalid Foreign Key: Product_ID,ST00057613,2026-07-06,W014,P00614,163,13,91,4,0,89,1730,153970.0,0
57842,Invalid Foreign Key: Product_ID,ST00057841,2026-02-19,W002,P00842,391,241,7,7,-3,629,4810,3025490.0,0
57921,Invalid Foreign Key: Product_ID,ST00057920,2026-05-09,W001,P00921,470,20,140,5,-1,354,2500,885000.0,0
57998,Invalid Foreign Key: Product_ID,ST00057997,2026-07-25,W018,P00998,547,97,259,1,-1,385,10970,4223450.0,0
58307,Invalid Foreign Key: Product_ID,ST00058306,2026-05-30,W007,P00307,356,106,322,4,0,144,960,138240.0,0
58421,Invalid Foreign Key: Product_ID,ST00058420,2025-09-21,W001,P00421,470,220,280,1,2,413,2500,1032500.0,0
58499,Invalid Foreign Key: Product_ID,ST00058498,2025-12-08,W019,P00499,548,298,406,7,3,450,11080,4986000.0,0
58577,Invalid Foreign Key: Product_ID,ST00058576,2026-02-24,W017,P00577,126,76,112,4,-3,91,8660,788060.0,0
58614,Invalid Foreign Key: Product_ID,ST00058613,2026-04-02,W014,P00614,163,113,371,5,-1,-91,1730,-157430.0,1
58842,Invalid Foreign Key: Product_ID,ST00058841,2025-11-16,W002,P00842,391,41,287,8,3,156,4810,750360.0,0
58921,Invalid Foreign Key: Product_ID,ST00058920,2026-02-03,W001,P00921,470,120,0,6,-2,594,2500,1485000.0,0
58998,Invalid Foreign Key: Product_ID,ST00058997,2026-04-21,W018,P00998,547,197,119,2,-2,625,10970,6856250.0,0
59307,Invalid Foreign Key: Product_ID,ST00059306,2026-02-24,W007,P00307,356,206,182,5,-1,384,960,368640.0,0
59421,Invalid Foreign Key: Product_ID,ST00059420,2026-06-18,W001,P00421,470,20,140,2,1,353,2500,882500.0,0
59499,Invalid Foreign Key: Product_ID,ST00059498,2025-09-04,W019,P00499,548,98,266,8,2,390,11080,4321200.0,0
59577,Invalid Foreign Key: Product_ID,ST00059576,2025-11-21,W017,P00577,126,176,392,5,3,-82,8660,-710120.0,1
59614,Invalid Foreign Key: Product_ID,ST00059613,2025-12-28,W014,P00614,163,213,231,6,-2,149,1730,257770.0,0
59842,Invalid Foreign Key: Product_ID,ST00059841,2026-08-13,W002,P00842,391,141,147,0,2,387,4810,1861470.0,0
59921,Invalid Foreign Key: Product_ID,ST00059920,2025-10-31,W001,P00921,470,220,280,7,-3,414,2500,1035000.0,0
59998,Invalid Foreign Key: Product_ID,ST00059997,2026-01-16,W018,P00998,547,297,399,3,-3,445,10970,4881650.0,0
60307,Invalid Foreign Key: Product_ID,ST00060306,2025-11-21,W007,P00307,356,6,42,6,-2,324,960,311040.0,0
60421,Invalid Foreign Key: Product_ID,ST00060420,2026-03-15,W001,P00421,470,120,0,3,0,593,2500,1482500.0,0
60499,Invalid Foreign Key: Product_ID,ST00060498,2026-06-01,W019,P00499,548,198,126,0,1,621,11080,6880680.0,0
60577,Invalid Foreign Key: Product_ID,ST00060576,2026-08-18,W017,P00577,126,276,252,6,2,158,8660,1368280.0,0
60614,Invalid Foreign Key: Product_ID,ST00060613,2025-09-24,W014,P00614,163,13,91,7,-3,89,1730,153970.0,0
60842,Invalid Foreign Key: Product_ID,ST00060841,2026-05-10,W002,P00842,391,241,7,1,1,627,4810,3015870.0,0
60921,Invalid Foreign Key: Product_ID,ST00060920,2026-07-28,W001,P00921,470,20,140,8,3,361,2500,902500.0,0
60998,Invalid Foreign Key: Product_ID,ST00060997,2025-10-13,W018,P00998,547,97,259,4,3,392,10970,4300240.0,0
61307,Invalid Foreign Key: Product_ID,ST00061306,2026-08-18,W007,P00307,356,106,322,7,-3,144,960,138240.0,0
61421,Invalid Foreign Key: Product_ID,ST00061420,2025-12-10,W001,P00421,470,220,280,4,-1,413,2500,1032500.0,0
61499,Invalid Foreign Key: Product_ID,ST00061498,2026-02-26,W019,P00499,548,298,406,1,0,441,11080,4886280.0,0
61577,Invalid Foreign Key: Product_ID,ST00061576,2026-05-15,W017,P00577,126,76,112,7,1,98,8660,848680.0,0
61614,Invalid Foreign Key: Product_ID,ST00061613,2026-06-21,W014,P00614,163,113,371,8,3,-84,1730,-145320.0,1
61842,Invalid Foreign Key: Product_ID,ST00061841,2026-02-04,W002,P00842,391,41,287,2,0,147,4810,707070.0,0
61921,Invalid Foreign Key: Product_ID,ST00061920,2026-04-24,W001,P00921,470,120,0,0,2,592,2500,1480000.0,0
61998,Invalid Foreign Key: Product_ID,ST00061997,2026-07-10,W018,P00998,547,197,119,5,2,632,10970,6933040.0,0
62307,Invalid Foreign Key: Product_ID,ST00062306,2026-05-15,W007,P00307,356,206,182,8,3,391,960,375360.0,0
62421,Invalid Foreign Key: Product_ID,ST00062420,2025-09-06,W001,P00421,470,20,140,5,-2,353,2500,882500.0,0
62499,Invalid Foreign Key: Product_ID,ST00062498,2025-11-23,W019,P00499,548,98,266,2,-1,381,11080,4221480.0,0
62577,Invalid Foreign Key: Product_ID,ST00062576,2026-02-09,W017,P00577,126,176,392,8,0,-82,8660,-710120.0,1
62614,Invalid Foreign Key: Product_ID,ST00062613,2026-03-18,W014,P00614,163,213,231,0,2,147,1730,254310.0,0
62842,Invalid Foreign Key: Product_ID,ST00062841,2025-11-01,W002,P00842,391,141,147,3,-1,387,4810,1861470.0,0
62921,Invalid Foreign Key: Product_ID,ST00062920,2026-01-19,W001,P00921,470,220,280,1,1,412,2500,1030000.0,0
62998,Invalid Foreign Key: Product_ID,ST00062997,2026-04-06,W018,P00998,547,297,399,6,1,452,10970,4958440.0,0
63307,Invalid Foreign Key: Product_ID,ST00063306,2026-02-09,W007,P00307,356,6,42,0,2,322,960,309120.0,0
63421,Invalid Foreign Key: Product_ID,ST00063420,2026-06-03,W001,P00421,470,120,0,6,-3,593,2500,1482500.0,0
63499,Invalid Foreign Key: Product_ID,ST00063498,2026-08-20,W019,P00499,548,198,126,3,-2,621,11080,6880680.0,0
63577,Invalid Foreign Key: Product_ID,ST00063576,2025-11-06,W017,P00577,126,276,252,0,-1,149,8660,1290340.0,0
63614,Invalid Foreign Key: Product_ID,ST00063613,2025-12-13,W014,P00614,163,13,91,1,1,87,1730,150510.0,0
63842,Invalid Foreign Key: Product_ID,ST00063841,2026-07-29,W002,P00842,391,241,7,4,-2,627,4810,3015870.0,0
63921,Invalid Foreign Key: Product_ID,ST00063920,2025-10-16,W001,P00921,470,20,140,2,0,352,2500,880000.0,0
63998,Invalid Foreign Key: Product_ID,ST00063997,2026-01-01,W018,P00998,547,97,259,7,0,392,10970,4300240.0,0
64307,Invalid Foreign Key: Product_ID,ST00064306,2025-11-06,W007,P00307,356,106,322,1,1,142,960,136320.0,0
64421,Invalid Foreign Key: Product_ID,ST00064420,2026-02-28,W001,P00421,470,220,280,7,3,420,2500,1050000.0,0
64499,Invalid Foreign Key: Product_ID,ST00064498,2026-05-17,W019,P00499,548,298,406,4,-3,441,11080,4886280.0,0
64577,Invalid Foreign Key: Product_ID,ST00064576,2026-08-03,W017,P00577,126,76,112,1,-2,89,8660,770740.0,0
64614,Invalid Foreign Key: Product_ID,ST00064613,2025-09-09,W014,P00614,163,113,371,2,0,-93,1730,-160890.0,1
64842,Invalid Foreign Key: Product_ID,ST00064841,2026-04-25,W002,P00842,391,41,287,5,-3,147,4810,707070.0,0
64921,Invalid Foreign Key: Product_ID,ST00064920,2026-07-13,W001,P00921,470,120,0,3,-1,592,2500,1480000.0,0
64998,Invalid Foreign Key: Product_ID,ST00064997,2025-09-28,W018,P00998,547,197,119,8,-1,632,10970,6933040.0,0
65307,Invalid Foreign Key: Product_ID,ST00065306,2026-08-03,W007,P00307,356,206,182,2,0,382,960,366720.0,0
65421,Invalid Foreign Key: Product_ID,ST00065420,2025-11-25,W001,P00421,470,20,140,8,2,360,2500,900000.0,0
65499,Invalid Foreign Key: Product_ID,ST00065498,2026-02-11,W019,P00499,548,98,266,5,3,388,11080,4299040.0,0
65577,Invalid Foreign Key: Product_ID,ST00065576,2026-04-30,W017,P00577,126,176,392,2,-3,-91,8660,-788060.0,1
65614,Invalid Foreign Key: Product_ID,ST00065613,2026-06-06,W014,P00614,163,213,231,3,-1,147,1730,254310.0,0
65842,Invalid Foreign Key: Product_ID,ST00065841,2026-01-20,W002,P00842,391,141,147,6,3,394,4810,1895140.0,0
65921,Invalid Foreign Key: Product_ID,ST00065920,2026-04-09,W001,P00921,470,220,280,4,-2,412,2500,1030000.0,0
65998,Invalid Foreign Key: Product_ID,ST00065997,2026-06-25,W018,P00998,547,297,399,0,-2,443,10970,4859710.0,0
66307,Invalid Foreign Key: Product_ID,ST00066306,2026-04-30,W007,P00307,356,6,42,3,-1,322,960,309120.0,0
66421,Invalid Foreign Key: Product_ID,ST00066420,2026-08-22,W001,P00421,470,120,0,0,1,591,2500,1477500.0,0
66499,Invalid Foreign Key: Product_ID,ST00066498,2025-11-08,W019,P00499,548,198,126,6,2,628,11080,6958240.0,0
66577,Invalid Foreign Key: Product_ID,ST00066576,2026-01-25,W017,P00577,126,276,252,3,3,156,8660,1350960.0,0
66614,Invalid Foreign Key: Product_ID,ST00066613,2026-03-03,W014,P00614,163,13,91,4,-2,87,1730,150510.0,0
66842,Invalid Foreign Key: Product_ID,ST00066841,2025-10-17,W002,P00842,391,241,7,7,2,634,4810,3049540.0,0
66921,Invalid Foreign Key: Product_ID,ST00066920,2026-01-04,W001,P00921,470,20,140,5,-3,352,2500,880000.0,0
66998,Invalid Foreign Key: Product_ID,ST00066997,2026-03-22,W018,P00998,547,97,259,1,-3,383,10970,4201510.0,0
67307,Invalid Foreign Key: Product_ID,ST00067306,2026-01-25,W007,P00307,356,106,322,4,-2,142,960,136320.0,0
67421,Invalid Foreign Key: Product_ID,ST00067420,2026-05-19,W001,P00421,470,220,280,1,0,411,2500,1027500.0,0
67499,Invalid Foreign Key: Product_ID,ST00067498,2026-08-05,W019,P00499,548,298,406,7,1,448,11080,4963840.0,0
67577,Invalid Foreign Key: Product_ID,ST00067576,2025-10-22,W017,P00577,126,76,112,4,2,96,8660,831360.0,0
67614,Invalid Foreign Key: Product_ID,ST00067613,2025-11-28,W014,P00614,163,113,371,5,-3,-93,1730,-160890.0,1
67842,Invalid Foreign Key: Product_ID,ST00067841,2026-07-14,W002,P00842,391,41,287,8,1,154,4810,740740.0,0
67921,Invalid Foreign Key: Product_ID,ST00067920,2025-10-01,W001,P00921,470,120,0,6,3,599,2500,1497500.0,0
67998,Invalid Foreign Key: Product_ID,ST00067997,2025-12-17,W018,P00998,547,197,119,2,3,630,10970,6911100.0,0
68307,Invalid Foreign Key: Product_ID,ST00068306,2025-10-22,W007,P00307,356,206,182,5,-3,382,960,366720.0,0
68421,Invalid Foreign Key: Product_ID,ST00068420,2026-02-13,W001,P00421,470,20,140,2,-1,351,2500,877500.0,0
68499,Invalid Foreign Key: Product_ID,ST00068498,2026-05-02,W019,P00499,548,98,266,8,0,388,11080,4299040.0,0
68577,Invalid Foreign Key: Product_ID,ST00068576,2026-07-19,W017,P00577,126,176,392,5,1,-84,8660,-727440.0,1
68614,Invalid Foreign Key: Product_ID,ST00068613,2026-08-25,W014,P00614,163,213,231,6,3,154,1730,266420.0,0
68842,Invalid Foreign Key: Product_ID,ST00068841,2026-04-10,W002,P00842,391,141,147,0,0,385,4810,1851850.0,0
68921,Invalid Foreign Key: Product_ID,ST00068920,2026-06-28,W001,P00921,470,220,280,7,2,419,2500,1047500.0,0
68998,Invalid Foreign Key: Product_ID,ST00068997,2025-09-13,W018,P00998,547,297,399,3,2,450,10970,4936500.0,0
69307,Invalid Foreign Key: Product_ID,ST00069306,2026-07-19,W007,P00307,356,6,42,6,3,329,960,315840.0,0
69421,Invalid Foreign Key: Product_ID,ST00069420,2025-11-10,W001,P00421,470,120,0,3,-2,591,2500,1477500.0,0
69499,Invalid Foreign Key: Product_ID,ST00069498,2026-01-27,W019,P00499,548,198,126,0,-1,619,11080,6858520.0,0
69577,Invalid Foreign Key: Product_ID,ST00069576,2026-04-15,W017,P00577,126,276,252,6,0,156,8660,1350960.0,0
69614,Invalid Foreign Key: Product_ID,ST00069613,2026-05-22,W014,P00614,163,13,91,7,2,94,1730,162620.0,0
69842,Invalid Foreign Key: Product_ID,ST00069841,2026-01-05,W002,P00842,391,241,7,1,-1,625,4810,3006250.0,0
69921,Invalid Foreign Key: Product_ID,ST00069920,2026-03-25,W001,P00921,470,20,140,8,1,359,2500,897500.0,0
69998,Invalid Foreign Key: Product_ID,ST00069997,2026-06-10,W018,P00998,547,97,259,4,1,390,10970,4278300.0,0
70307,Invalid Foreign Key: Product_ID,ST00070306,2026-04-15,W007,P00307,356,106,322,7,2,149,960,143040.0,0
70421,Invalid Foreign Key: Product_ID,ST00070420,2026-08-07,W001,P00421,470,220,280,4,-3,411,2500,1027500.0,0
70499,Invalid Foreign Key: Product_ID,ST00070498,2025-10-24,W019,P00499,548,298,406,1,-2,439,11080,4864120.0,0
70577,Invalid Foreign Key: Product_ID,ST00070576,2026-01-10,W017,P00577,126,76,112,7,-1,96,8660,831360.0,0
70614,Invalid Foreign Key: Product_ID,ST00070613,2026-02-16,W014,P00614,163,113,371,8,1,-86,1730,-148780.0,1
70842,Invalid Foreign Key: Product_ID,ST00070841,2025-10-02,W002,P00842,391,41,287,2,-2,145,4810,697450.0,0
70921,Invalid Foreign Key: Product_ID,ST00070920,2025-12-20,W001,P00921,470,120,0,0,0,590,2500,1475000.0,0
70998,Invalid Foreign Key: Product_ID,ST00070997,2026-03-07,W018,P00998,547,197,119,5,0,630,10970,6911100.0,0
71307,Invalid Foreign Key: Product_ID,ST00071306,2026-01-10,W007,P00307,356,206,182,8,1,389,960,373440.0,0
71421,Invalid Foreign Key: Product_ID,ST00071420,2026-05-04,W001,P00421,470,20,140,5,3,358,2500,895000.0,0
71499,Invalid Foreign Key: Product_ID,ST00071498,2026-07-21,W019,P00499,548,98,266,2,-3,379,11080,4199320.0,0
71577,Invalid Foreign Key: Product_ID,ST00071576,2025-10-07,W017,P00577,126,176,392,8,-2,-84,8660,-727440.0,1
71614,Invalid Foreign Key: Product_ID,ST00071613,2025-11-13,W014,P00614,163,213,231,0,0,145,1730,250850.0,0
71842,Invalid Foreign Key: Product_ID,ST00071841,2026-06-29,W002,P00842,391,141,147,3,-3,385,4810,1851850.0,0
71921,Invalid Foreign Key: Product_ID,ST00071920,2025-09-16,W001,P00921,470,220,280,1,-1,410,2500,1025000.0,0
71998,Invalid Foreign Key: Product_ID,ST00071997,2025-12-02,W018,P00998,547,297,399,6,-1,450,10970,4936500.0,0
72307,Invalid Foreign Key: Product_ID,ST00072306,2025-10-07,W007,P00307,356,6,42,0,0,320,960,307200.0,0
72421,Invalid Foreign Key: Product_ID,ST00072420,2026-01-29,W001,P00421,470,120,0,6,2,598,2500,1495000.0,0
72499,Invalid Foreign Key: Product_ID,ST00072498,2026-04-17,W019,P00499,548,198,126,3,3,626,11080,6936080.0,0
72577,Invalid Foreign Key: Product_ID,ST00072576,2026-07-04,W017,P00577,126,276,252,0,-3,147,8660,1273020.0,0
72614,Invalid Foreign Key: Product_ID,ST00072613,2026-08-10,W014,P00614,163,13,91,1,-1,85,1730,147050.0,0
72842,Invalid Foreign Key: Product_ID,ST00072841,2026-03-26,W002,P00842,391,241,7,4,3,632,4810,3039920.0,0
72921,Invalid Foreign Key: Product_ID,ST00072920,2026-06-13,W001,P00921,470,20,140,2,-2,350,2500,875000.0,0
72998,Invalid Foreign Key: Product_ID,ST00072997,2026-08-29,W018,P00998,547,97,259,7,-2,390,10970,4278300.0,0
73307,Invalid Foreign Key: Product_ID,ST00073306,2026-07-04,W007,P00307,356,106,322,1,-1,140,960,134400.0,0
73421,Invalid Foreign Key: Product_ID,ST00073420,2025-10-26,W001,P00421,470,220,280,7,1,418,2500,1045000.0,0
73499,Invalid Foreign Key: Product_ID,ST00073498,2026-01-12,W019,P00499,548,298,406,4,2,446,11080,4941680.0,0
73577,Invalid Foreign Key: Product_ID,ST00073576,2026-03-31,W017,P00577,126,76,112,1,3,94,8660,814040.0,0
73614,Invalid Foreign Key: Product_ID,ST00073613,2026-05-07,W014,P00614,163,113,371,2,-2,-95,1730,-164350.0,1
73842,Invalid Foreign Key: Product_ID,ST00073841,2025-12-21,W002,P00842,391,41,287,5,2,152,4810,731120.0,0
73921,Invalid Foreign Key: Product_ID,ST00073920,2026-03-10,W001,P00921,470,120,0,3,-3,590,2500,1475000.0,0
73998,Invalid Foreign Key: Product_ID,ST00073997,2026-05-26,W018,P00998,547,197,119,8,-3,630,10970,6911100.0,0
74307,Invalid Foreign Key: Product_ID,ST00074306,2026-03-31,W007,P00307,356,206,182,2,-2,380,960,364800.0,0
74421,Invalid Foreign Key: Product_ID,ST00074420,2026-07-23,W001,P00421,470,20,140,8,0,358,2500,895000.0,0
74499,Invalid Foreign Key: Product_ID,ST00074498,2025-10-09,W019,P00499,548,98,266,5,1,386,11080,4276880.0,0
74577,Invalid Foreign Key: Product_ID,ST00074576,2025-12-26,W017,P00577,126,176,392,2,2,-86,8660,-744760.0,1
74614,Invalid Foreign Key: Product_ID,ST00074613,2026-02-01,W014,P00614,163,213,231,3,-3,145,1730,250850.0,0
74842,Invalid Foreign Key: Product_ID,ST00074841,2025-09-17,W002,P00842,391,141,147,6,1,392,4810,1885520.0,0
74921,Invalid Foreign Key: Product_ID,ST00074920,2025-12-05,W001,P00921,470,220,280,4,3,417,2500,1042500.0,0
74998,Invalid Foreign Key: Product_ID,ST00074997,2026-02-20,W018,P00998,547,297,399,0,3,448,10970,4914560.0,0
75307,Invalid Foreign Key: Product_ID,ST00075306,2025-12-26,W007,P00307,356,6,42,3,-3,320,960,307200.0,0
75421,Invalid Foreign Key: Product_ID,ST00075420,2026-04-19,W001,P00421,470,120,0,0,-1,589,2500,1472500.0,0
75499,Invalid Foreign Key: Product_ID,ST00075498,2026-07-06,W019,P00499,548,198,126,6,0,626,11080,6936080.0,0
75577,Invalid Foreign Key: Product_ID,ST00075576,2025-09-22,W017,P00577,126,276,252,3,1,154,8660,1333640.0,0
75614,Invalid Foreign Key: Product_ID,ST00075613,2025-10-29,W014,P00614,163,13,91,4,3,92,1730,159160.0,0
75842,Invalid Foreign Key: Product_ID,ST00075841,2026-06-14,W002,P00842,391,241,7,7,0,632,4810,3039920.0,0
75921,Invalid Foreign Key: Product_ID,ST00075920,2025-09-01,W001,P00921,470,20,140,5,2,357,2500,892500.0,0
75998,Invalid Foreign Key: Product_ID,ST00075997,2025-11-17,W018,P00998,547,97,259,1,2,388,10970,4256360.0,0
76307,Invalid Foreign Key: Product_ID,ST00076306,2025-09-22,W007,P00307,356,106,322,4,3,147,960,141120.0,0
76421,Invalid Foreign Key: Product_ID,ST00076420,2026-01-14,W001,P00421,470,220,280,1,-2,409,2500,1022500.0,0
76499,Invalid Foreign Key: Product_ID,ST00076498,2026-04-02,W019,P00499,548,298,406,7,-1,446,11080,4941680.0,0
76577,Invalid Foreign Key: Product_ID,ST00076576,2026-06-19,W017,P00577,126,76,112,4,0,94,8660,814040.0,0
76614,Invalid Foreign Key: Product_ID,ST00076613,2026-07-26,W014,P00614,163,113,371,5,2,-88,1730,-152240.0,1
76842,Invalid Foreign Key: Product_ID,ST00076841,2026-03-11,W002,P00842,391,41,287,8,-1,152,4810,731120.0,0
76921,Invalid Foreign Key: Product_ID,ST00076920,2026-05-29,W001,P00921,470,120,0,6,1,597,2500,1492500.0,0
76998,Invalid Foreign Key: Product_ID,ST00076997,2026-08-14,W018,P00998,547,197,119,2,1,628,10970,6889160.0,0
77307,Invalid Foreign Key: Product_ID,ST00077306,2026-06-19,W007,P00307,356,206,182,5,2,387,960,371520.0,0
77421,Invalid Foreign Key: Product_ID,ST00077420,2025-10-11,W001,P00421,470,20,140,2,-3,349,2500,872500.0,0
77499,Invalid Foreign Key: Product_ID,ST00077498,2025-12-28,W019,P00499,548,98,266,8,-2,386,11080,4276880.0,0
77577,Invalid Foreign Key: Product_ID,ST00077576,2026-03-16,W017,P00577,126,176,392,5,-1,-86,8660,-744760.0,1
77614,Invalid Foreign Key: Product_ID,ST00077613,2026-04-22,W014,P00614,163,213,231,6,1,152,1730,262960.0,0
77842,Invalid Foreign Key: Product_ID,ST00077841,2025-12-06,W002,P00842,391,141,147,0,-2,383,4810,1842230.0,0
77921,Invalid Foreign Key: Product_ID,ST00077920,2026-02-23,W001,P00921,470,220,280,7,0,417,2500,1042500.0,0
77998,Invalid Foreign Key: Product_ID,ST00077997,2026-05-11,W018,P00998,547,297,399,3,0,448,10970,4914560.0,0
78307,Invalid Foreign Key: Product_ID,ST00078306,2026-03-16,W007,P00307,356,6,42,6,1,327,960,313920.0,0
78421,Invalid Foreign Key: Product_ID,ST00078420,2026-07-08,W001,P00421,470,120,0,3,3,596,2500,1490000.0,0
78499,Invalid Foreign Key: Product_ID,ST00078498,2025-09-24,W019,P00499,548,198,126,0,-3,617,11080,6836360.0,0
78577,Invalid Foreign Key: Product_ID,ST00078576,2025-12-11,W017,P00577,126,276,252,6,-2,154,8660,1333640.0,0
78614,Invalid Foreign Key: Product_ID,ST00078613,2026-01-17,W014,P00614,163,13,91,7,0,92,1730,159160.0,0
78842,Invalid Foreign Key: Product_ID,ST00078841,2025-09-02,W002,P00842,391,241,7,1,-3,623,4810,2996630.0,0
78921,Invalid Foreign Key: Product_ID,ST00078920,2025-11-20,W001,P00921,470,20,140,8,-1,357,2500,892500.0,0
78998,Invalid Foreign Key: Product_ID,ST00078997,2026-02-05,W018,P00998,547,97,259,4,-1,388,10970,4256360.0,0
79307,Invalid Foreign Key: Product_ID,ST00079306,2025-12-11,W007,P00307,356,106,322,7,0,147,960,141120.0,0
79421,Invalid Foreign Key: Product_ID,ST00079420,2026-04-04,W001,P00421,470,220,280,4,2,416,2500,1040000.0,0
79499,Invalid Foreign Key: Product_ID,ST00079498,2026-06-21,W019,P00499,548,298,406,1,3,444,11080,4919520.0,0
79577,Invalid Foreign Key: Product_ID,ST00079576,2025-09-07,W017,P00577,126,76,112,7,-3,94,8660,814040.0,0
79614,Invalid Foreign Key: Product_ID,ST00079613,2025-10-14,W014,P00614,163,113,371,8,-1,-88,1730,-152240.0,1
79842,Invalid Foreign Key: Product_ID,ST00079841,2026-05-30,W002,P00842,391,41,287,2,3,150,4810,721500.0,0
79921,Invalid Foreign Key: Product_ID,ST00079920,2026-08-17,W001,P00921,470,120,0,0,-2,588,2500,1470000.0,0
79998,Invalid Foreign Key: Product_ID,ST00079997,2025-11-02,W018,P00998,547,197,119,5,-2,628,10970,6889160.0,0
80307,Invalid Foreign Key: Product_ID,ST00080306,2025-09-07,W007,P00307,356,206,182,8,-1,387,960,371520.0,0
80421,Invalid Foreign Key: Product_ID,ST00080420,2025-12-30,W001,P00421,470,20,140,5,1,356,2500,890000.0,0
80499,Invalid Foreign Key: Product_ID,ST00080498,2026-03-18,W019,P00499,548,98,266,2,2,384,11080,4254720.0,0
80577,Invalid Foreign Key: Product_ID,ST00080576,2026-06-04,W017,P00577,126,176,392,8,3,-79,8660,-684140.0,1
80614,Invalid Foreign Key: Product_ID,ST00080613,2026-07-11,W014,P00614,163,213,231,0,-2,143,1730,247390.0,0
80842,Invalid Foreign Key: Product_ID,ST00080841,2026-02-24,W002,P00842,391,141,147,3,2,390,4810,1875900.0,0
80921,Invalid Foreign Key: Product_ID,ST00080920,2026-05-14,W001,P00921,470,220,280,1,-3,408,2500,1020000.0,0
80998,Invalid Foreign Key: Product_ID,ST00080997,2026-07-30,W018,P00998,547,297,399,6,-3,448,10970,4914560.0,0
81307,Invalid Foreign Key: Product_ID,ST00081306,2026-06-04,W007,P00307,356,6,42,0,-2,318,960,305280.0,0
81421,Invalid Foreign Key: Product_ID,ST00081420,2025-09-26,W001,P00421,470,120,0,6,0,596,2500,1490000.0,0
81499,Invalid Foreign Key: Product_ID,ST00081498,2025-12-13,W019,P00499,548,198,126,3,1,624,11080,6913920.0,0
81577,Invalid Foreign Key: Product_ID,ST00081576,2026-03-01,W017,P00577,126,276,252,0,2,152,8660,1316320.0,0
81614,Invalid Foreign Key: Product_ID,ST00081613,2026-04-07,W014,P00614,163,13,91,1,-3,83,1730,143590.0,0
81842,Invalid Foreign Key: Product_ID,ST00081841,2025-11-21,W002,P00842,391,241,7,4,1,630,4810,3030300.0,0
81921,Invalid Foreign Key: Product_ID,ST00081920,2026-02-08,W001,P00921,470,20,140,2,3,355,2500,887500.0,0
81998,Invalid Foreign Key: Product_ID,ST00081997,2026-04-26,W018,P00998,547,97,259,7,3,395,10970,4333150.0,0
82307,Invalid Foreign Key: Product_ID,ST00082306,2026-03-01,W007,P00307,356,106,322,1,-3,138,960,132480.0,0
82421,Invalid Foreign Key: Product_ID,ST00082420,2026-06-23,W001,P00421,470,220,280,7,-1,416,2500,1040000.0,0
82499,Invalid Foreign Key: Product_ID,ST00082498,2025-09-09,W019,P00499,548,298,406,4,0,444,11080,4919520.0,0
82577,Invalid Foreign Key: Product_ID,ST00082576,2025-11-26,W017,P00577,126,76,112,1,1,92,8660,796720.0,0
82614,Invalid Foreign Key: Product_ID,ST00082613,2026-01-02,W014,P00614,163,113,371,2,3,-90,1730,-155700.0,1
82842,Invalid Foreign Key: Product_ID,ST00082841,2026-08-18,W002,P00842,391,41,287,5,0,150,4810,721500.0,0
82921,Invalid Foreign Key: Product_ID,ST00082920,2025-11-05,W001,P00921,470,120,0,3,2,595,2500,1487500.0,0
82998,Invalid Foreign Key: Product_ID,ST00082997,2026-01-21,W018,P00998,547,197,119,8,2,635,10970,6965950.0,0
83307,Invalid Foreign Key: Product_ID,ST00083306,2025-11-26,W007,P00307,356,206,182,2,3,385,960,369600.0,0
83421,Invalid Foreign Key: Product_ID,ST00083420,2026-03-20,W001,P00421,470,20,140,8,-2,356,2500,890000.0,0
83499,Invalid Foreign Key: Product_ID,ST00083498,2026-06-06,W019,P00499,548,98,266,5,-1,384,11080,4254720.0,0
83577,Invalid Foreign Key: Product_ID,ST00083576,2026-08-23,W017,P00577,126,176,392,2,0,-88,8660,-762080.0,1
83614,Invalid Foreign Key: Product_ID,ST00083613,2025-09-29,W014,P00614,163,213,231,3,2,150,1730,259500.0,0
83842,Invalid Foreign Key: Product_ID,ST00083841,2026-05-15,W002,P00842,391,141,147,6,-1,390,4810,1875900.0,0
83921,Invalid Foreign Key: Product_ID,ST00083920,2026-08-02,W001,P00921,470,220,280,4,1,415,2500,1037500.0,0
83998,Invalid Foreign Key: Product_ID,ST00083997,2025-10-18,W018,P00998,547,297,399,0,1,446,10970,4892620.0,0
84307,Invalid Foreign Key: Product_ID,ST00084306,2026-08-23,W007,P00307,356,6,42,3,2,325,960,312000.0,0
84421,Invalid Foreign Key: Product_ID,ST00084420,2025-12-15,W001,P00421,470,120,0,0,-3,587,2500,1467500.0,0
84499,Invalid Foreign Key: Product_ID,ST00084498,2026-03-03,W019,P00499,548,198,126,6,-2,624,11080,6913920.0,0
84577,Invalid Foreign Key: Product_ID,ST00084576,2026-05-20,W017,P00577,126,276,252,3,-1,152,8660,1316320.0,0
84614,Invalid Foreign Key: Product_ID,ST00084613,2026-06-26,W014,P00614,163,13,91,4,1,90,1730,155700.0,0
84842,Invalid Foreign Key: Product_ID,ST00084841,2026-02-09,W002,P00842,391,241,7,7,-2,630,4810,3030300.0,0
84921,Invalid Foreign Key: Product_ID,ST00084920,2026-04-29,W001,P00921,470,20,140,5,0,355,2500,887500.0,0
84998,Invalid Foreign Key: Product_ID,ST00084997,2026-07-15,W018,P00998,547,97,259,1,0,386,10970,4234420.0,0
85307,Invalid Foreign Key: Product_ID,ST00085306,2026-05-20,W007,P00307,356,106,322,4,1,145,960,139200.0,0
85421,Invalid Foreign Key: Product_ID,ST00085420,2025-09-11,W001,P00421,470,220,280,1,3,414,2500,1035000.0,0
85499,Invalid Foreign Key: Product_ID,ST00085498,2025-11-28,W019,P00499,548,298,406,7,-3,444,11080,4919520.0,0
85577,Invalid Foreign Key: Product_ID,ST00085576,2026-02-14,W017,P00577,126,76,112,4,-2,92,8660,796720.0,0
85614,Invalid Foreign Key: Product_ID,ST00085613,2026-03-23,W014,P00614,163,113,371,5,0,-90,1730,-155700.0,1
85842,Invalid Foreign Key: Product_ID,ST00085841,2025-11-06,W002,P00842,391,41,287,8,-3,150,4810,721500.0,0
85921,Invalid Foreign Key: Product_ID,ST00085920,2026-01-24,W001,P00921,470,120,0,6,-1,595,2500,1487500.0,0
85998,Invalid Foreign Key: Product_ID,ST00085997,2026-04-11,W018,P00998,547,197,119,2,-1,626,10970,6867220.0,0
86307,Invalid Foreign Key: Product_ID,ST00086306,2026-02-14,W007,P00307,356,206,182,5,0,385,960,369600.0,0
86421,Invalid Foreign Key: Product_ID,ST00086420,2026-06-08,W001,P00421,470,20,140,2,2,354,2500,885000.0,0
86499,Invalid Foreign Key: Product_ID,ST00086498,2026-08-25,W019,P00499,548,98,266,8,3,391,11080,4332280.0,0
86577,Invalid Foreign Key: Product_ID,ST00086576,2025-11-11,W017,P00577,126,176,392,5,-3,-88,8660,-762080.0,1
86614,Invalid Foreign Key: Product_ID,ST00086613,2025-12-18,W014,P00614,163,213,231,6,-1,150,1730,259500.0,0
86842,Invalid Foreign Key: Product_ID,ST00086841,2026-08-03,W002,P00842,391,141,147,0,3,388,4810,1866280.0,0
86921,Invalid Foreign Key: Product_ID,ST00086920,2025-10-21,W001,P00921,470,220,280,7,-2,415,2500,1037500.0,0
86998,Invalid Foreign Key: Product_ID,ST00086997,2026-01-06,W018,P00998,547,297,399,3,-2,446,10970,4892620.0,0
87307,Invalid Foreign Key: Product_ID,ST00087306,2025-11-11,W007,P00307,356,6,42,6,-1,325,960,312000.0,0
87421,Invalid Foreign Key: Product_ID,ST00087420,2026-03-05,W001,P00421,470,120,0,3,1,594,2500,1485000.0,0
87499,Invalid Foreign Key: Product_ID,ST00087498,2026-05-22,W019,P00499,548,198,126,0,2,622,11080,6891760.0,0
87577,Invalid Foreign Key: Product_ID,ST00087576,2026-08-08,W017,P00577,126,276,252,6,3,159,8660,1376940.0,0
87614,Invalid Foreign Key: Product_ID,ST00087613,2025-09-14,W014,P00614,163,13,91,7,-2,90,1730,155700.0,0
87842,Invalid Foreign Key: Product_ID,ST00087841,2026-04-30,W002,P00842,391,241,7,1,2,628,4810,3020680.0,0
87921,Invalid Foreign Key: Product_ID,ST00087920,2026-07-18,W001,P00921,470,20,140,8,-3,355,2500,887500.0,0
87998,Invalid Foreign Key: Product_ID,ST00087997,2025-10-03,W018,P00998,547,97,259,4,-3,386,10970,4234420.0,0
88307,Invalid Foreign Key: Product_ID,ST00088306,2026-08-08,W007,P00307,356,106,322,7,-2,145,960,139200.0,0
88421,Invalid Foreign Key: Product_ID,ST00088420,2025-11-30,W001,P00421,470,220,280,4,0,414,2500,1035000.0,0
88499,Invalid Foreign Key: Product_ID,ST00088498,2026-02-16,W019,P00499,548,298,406,1,1,442,11080,4897360.0,0
88577,Invalid Foreign Key: Product_ID,ST00088576,2026-05-05,W017,P00577,126,76,112,7,2,99,8660,857340.0,0
88614,Invalid Foreign Key: Product_ID,ST00088613,2026-06-11,W014,P00614,163,113,371,8,-3,-90,1730,-155700.0,1
88842,Invalid Foreign Key: Product_ID,ST00088841,2026-01-25,W002,P00842,391,41,287,2,1,148,4810,711880.0,0
88921,Invalid Foreign Key: Product_ID,ST00088920,2026-04-14,W001,P00921,470,120,0,0,3,593,2500,1482500.0,0
88998,Invalid Foreign Key: Product_ID,ST00088997,2026-06-30,W018,P00998,547,197,119,5,3,633,10970,6944010.0,0
89307,Invalid Foreign Key: Product_ID,ST00089306,2026-05-05,W007,P00307,356,206,182,8,-3,385,960,369600.0,0
89421,Invalid Foreign Key: Product_ID,ST00089420,2026-08-27,W001,P00421,470,20,140,5,-1,354,2500,885000.0,0
89499,Invalid Foreign Key: Product_ID,ST00089498,2025-11-13,W019,P00499,548,98,266,2,0,382,11080,4232560.0,0
89577,Invalid Foreign Key: Product_ID,ST00089576,2026-01-30,W017,P00577,126,176,392,8,1,-81,8660,-701460.0,1
89614,Invalid Foreign Key: Product_ID,ST00089613,2026-03-08,W014,P00614,163,213,231,0,3,148,1730,256040.0,0
89842,Invalid Foreign Key: Product_ID,ST00089841,2025-10-22,W002,P00842,391,141,147,3,0,388,4810,1866280.0,0
89921,Invalid Foreign Key: Product_ID,ST00089920,2026-01-09,W001,P00921,470,220,280,1,2,413,2500,1032500.0,0
89998,Invalid Foreign Key: Product_ID,ST00089997,2026-03-27,W018,P00998,547,297,399,6,2,453,10970,4969410.0,0
90307,Invalid Foreign Key: Product_ID,ST00090306,2026-01-30,W007,P00307,356,6,42,0,3,323,960,310080.0,0
90421,Invalid Foreign Key: Product_ID,ST00090420,2026-05-24,W001,P00421,470,120,0,6,-2,594,2500,1485000.0,0
90499,Invalid Foreign Key: Product_ID,ST00090498,2026-08-10,W019,P00499,548,198,126,3,-1,622,11080,6891760.0,0
90577,Invalid Foreign Key: Product_ID,ST00090576,2025-10-27,W017,P00577,126,276,252,0,0,150,8660,1299000.0,0
90614,Invalid Foreign Key: Product_ID,ST00090613,2025-12-03,W014,P00614,163,13,91,1,2,88,1730,152240.0,0
90842,Invalid Foreign Key: Product_ID,ST00090841,2026-07-19,W002,P00842,391,241,7,4,-1,628,4810,3020680.0,0
90921,Invalid Foreign Key: Product_ID,ST00090920,2025-10-06,W001,P00921,470,20,140,2,1,353,2500,882500.0,0
90998,Invalid Foreign Key: Product_ID,ST00090997,2025-12-22,W018,P00998,547,97,259,7,1,393,10970,4311210.0,0
91307,Invalid Foreign Key: Product_ID,ST00091306,2025-10-27,W007,P00307,356,106,322,1,2,143,960,137280.0,0
91421,Invalid Foreign Key: Product_ID,ST00091420,2026-02-18,W001,P00421,470,220,280,7,-3,414,2500,1035000.0,0
91499,Invalid Foreign Key: Product_ID,ST00091498,2026-05-07,W019,P00499,548,298,406,4,-2,442,11080,4897360.0,0
91577,Invalid Foreign Key: Product_ID,ST00091576,2026-07-24,W017,P00577,126,76,112,1,-1,90,8660,779400.0,0
91614,Invalid Foreign Key: Product_ID,ST00091613,2026-08-30,W014,P00614,163,113,371,2,1,-92,1730,-159160.0,1
91842,Invalid Foreign Key: Product_ID,ST00091841,2026-04-15,W002,P00842,391,41,287,5,-2,148,4810,711880.0,0
91921,Invalid Foreign Key: Product_ID,ST00091920,2026-07-03,W001,P00921,470,120,0,3,0,593,2500,1482500.0,0
91998,Invalid Foreign Key: Product_ID,ST00091997,2025-09-18,W018,P00998,547,197,119,8,0,633,10970,6944010.0,0
92307,Invalid Foreign Key: Product_ID,ST00092306,2026-07-24,W007,P00307,356,206,182,2,1,383,960,367680.0,0
92421,Invalid Foreign Key: Product_ID,ST00092420,2025-11-15,W001,P00421,470,20,140,8,3,361,2500,902500.0,0
92499,Invalid Foreign Key: Product_ID,ST00092498,2026-02-01,W019,P00499,548,98,266,5,-3,382,11080,4232560.0,0
92577,Invalid Foreign Key: Product_ID,ST00092576,2026-04-20,W017,P00577,126,176,392,2,-2,-90,8660,-779400.0,1
92614,Invalid Foreign Key: Product_ID,ST00092613,2026-05-27,W014,P00614,163,213,231,3,0,148,1730,256040.0,0
92842,Invalid Foreign Key: Product_ID,ST00092841,2026-01-10,W002,P00842,391,141,147,6,-3,388,4810,1866280.0,0
92921,Invalid Foreign Key: Product_ID,ST00092920,2026-03-30,W001,P00921,470,220,280,4,-1,413,2500,1032500.0,0
92998,Invalid Foreign Key: Product_ID,ST00092997,2026-06-15,W018,P00998,547,297,399,0,-1,444,10970,4870680.0,0
93307,Invalid Foreign Key: Product_ID,ST00093306,2026-04-20,W007,P00307,356,6,42,3,0,323,960,310080.0,0
93421,Invalid Foreign Key: Product_ID,ST00093420,2026-08-12,W001,P00421,470,120,0,0,2,592,2500,1480000.0,0
93499,Invalid Foreign Key: Product_ID,ST00093498,2025-10-29,W019,P00499,548,198,126,6,3,629,11080,6969320.0,0
93577,Invalid Foreign Key: Product_ID,ST00093576,2026-01-15,W017,P00577,126,276,252,3,-3,150,8660,1299000.0,0
93614,Invalid Foreign Key: Product_ID,ST00093613,2026-02-21,W014,P00614,163,13,91,4,-1,88,1730,152240.0,0
93842,Invalid Foreign Key: Product_ID,ST00093841,2025-10-07,W002,P00842,391,241,7,7,3,635,4810,3054350.0,0
93921,Invalid Foreign Key: Product_ID,ST00093920,2025-12-25,W001,P00921,470,20,140,5,-2,353,2500,882500.0,0
93998,Invalid Foreign Key: Product_ID,ST00093997,2026-03-12,W018,P00998,547,97,259,1,-2,384,10970,4212480.0,0
94307,Invalid Foreign Key: Product_ID,ST00094306,2026-01-15,W007,P00307,356,106,322,4,-1,143,960,137280.0,0
94421,Invalid Foreign Key: Product_ID,ST00094420,2026-05-09,W001,P00421,470,220,280,1,1,412,2500,1030000.0,0
94499,Invalid Foreign Key: Product_ID,ST00094498,2026-07-26,W019,P00499,548,298,406,7,2,449,11080,4974920.0,0
94577,Invalid Foreign Key: Product_ID,ST00094576,2025-10-12,W017,P00577,126,76,112,4,3,97,8660,840020.0,0
94614,Invalid Foreign Key: Product_ID,ST00094613,2025-11-18,W014,P00614,163,113,371,5,-2,-92,1730,-159160.0,1
94842,Invalid Foreign Key: Product_ID,ST00094841,2026-07-04,W002,P00842,391,41,287,8,2,155,4810,745550.0,0
94921,Invalid Foreign Key: Product_ID,ST00094920,2025-09-21,W001,P00921,470,120,0,6,-3,593,2500,1482500.0,0
94998,Invalid Foreign Key: Product_ID,ST00094997,2025-12-07,W018,P00998,547,197,119,2,-3,624,10970,6845280.0,0
95307,Invalid Foreign Key: Product_ID,ST00095306,2025-10-12,W007,P00307,356,206,182,5,-2,383,960,367680.0,0
95421,Invalid Foreign Key: Product_ID,ST00095420,2026-02-03,W001,P00421,470,20,140,2,0,352,2500,880000.0,0
95499,Invalid Foreign Key: Product_ID,ST00095498,2026-04-22,W019,P00499,548,98,266,8,1,389,11080,4310120.0,0
95577,Invalid Foreign Key: Product_ID,ST00095576,2026-07-09,W017,P00577,126,176,392,5,2,-83,8660,-718780.0,1
95614,Invalid Foreign Key: Product_ID,ST00095613,2026-08-15,W014,P00614,163,213,231,6,-3,148,1730,256040.0,0
95842,Invalid Foreign Key: Product_ID,ST00095841,2026-03-31,W002,P00842,391,141,147,0,1,386,4810,1856660.0,0
95921,Invalid Foreign Key: Product_ID,ST00095920,2026-06-18,W001,P00921,470,220,280,7,3,420,2500,1050000.0,0
95998,Invalid Foreign Key: Product_ID,ST00095997,2025-09-03,W018,P00998,547,297,399,3,3,451,10970,4947470.0,0
96307,Invalid Foreign Key: Product_ID,ST00096306,2026-07-09,W007,P00307,356,6,42,6,-3,323,960,310080.0,0
96421,Invalid Foreign Key: Product_ID,ST00096420,2025-10-31,W001,P00421,470,120,0,3,-1,592,2500,1480000.0,0
96499,Invalid Foreign Key: Product_ID,ST00096498,2026-01-17,W019,P00499,548,198,126,0,0,620,11080,6869600.0,0
96577,Invalid Foreign Key: Product_ID,ST00096576,2026-04-05,W017,P00577,126,276,252,6,1,157,8660,1359620.0,0
96614,Invalid Foreign Key: Product_ID,ST00096613,2026-05-12,W014,P00614,163,13,91,7,3,95,1730,164350.0,0
96842,Invalid Foreign Key: Product_ID,ST00096841,2025-12-26,W002,P00842,391,241,7,1,0,626,4810,3011060.0,0
96921,Invalid Foreign Key: Product_ID,ST00096920,2026-03-15,W001,P00921,470,20,140,8,2,360,2500,900000.0,0
96998,Invalid Foreign Key: Product_ID,ST00096997,2026-05-31,W018,P00998,547,97,259,4,2,391,10970,4289270.0,0
97307,Invalid Foreign Key: Product_ID,ST00097306,2026-04-05,W007,P00307,356,106,322,7,3,150,960,144000.0,0
97421,Invalid Foreign Key: Product_ID,ST00097420,2026-07-28,W001,P00421,470,220,280,4,-2,412,2500,1030000.0,0
97499,Invalid Foreign Key: Product_ID,ST00097498,2025-10-14,W019,P00499,548,298,406,1,-1,440,11080,4875200.0,0
97577,Invalid Foreign Key: Product_ID,ST00097576,2025-12-31,W017,P00577,126,76,112,7,0,97,8660,840020.0,0
97614,Invalid Foreign Key: Product_ID,ST00097613,2026-02-06,W014,P00614,163,113,371,8,2,-85,1730,-147050.0,1
97842,Invalid Foreign Key: Product_ID,ST00097841,2025-09-22,W002,P00842,391,41,287,2,-1,146,4810,702260.0,0
97921,Invalid Foreign Key: Product_ID,ST00097920,2025-12-10,W001,P00921,470,120,0,0,1,591,2500,1477500.0,0
97998,Invalid Foreign Key: Product_ID,ST00097997,2026-02-25,W018,P00998,547,197,119,5,1,631,10970,6922070.0,0
98307,Invalid Foreign Key: Product_ID,ST00098306,2025-12-31,W007,P00307,356,206,182,8,2,390,960,374400.0,0
98421,Invalid Foreign Key: Product_ID,ST00098420,2026-04-24,W001,P00421,470,20,140,5,-3,352,2500,880000.0,0
98499,Invalid Foreign Key: Product_ID,ST00098498,2026-07-11,W019,P00499,548,98,266,2,-2,380,11080,4210400.0,0
98577,Invalid Foreign Key: Product_ID,ST00098576,2025-09-27,W017,P00577,126,176,392,8,-1,-83,8660,-718780.0,1
98614,Invalid Foreign Key: Product_ID,ST00098613,2025-11-03,W014,P00614,163,213,231,0,1,146,1730,252580.0,0
98842,Invalid Foreign Key: Product_ID,ST00098841,2026-06-19,W002,P00842,391,141,147,3,-2,386,4810,1856660.0,0
98921,Invalid Foreign Key: Product_ID,ST00098920,2025-09-06,W001,P00921,470,220,280,1,0,411,2500,1027500.0,0
98998,Invalid Foreign Key: Product_ID,ST00098997,2025-11-22,W018,P00998,547,297,399,6,0,451,10970,4947470.0,0
99307,Invalid Foreign Key: Product_ID,ST00099306,2025-09-27,W007,P00307,356,6,42,0,1,321,960,308160.0,0
99421,Invalid Foreign Key: Product_ID,ST00099420,2026-01-19,W001,P00421,470,120,0,6,3,599,2500,1497500.0,0
99499,Invalid Foreign Key: Product_ID,ST00099498,2026-04-07,W019,P00499,548,198,126,3,-3,620,11080,6869600.0,0
99577,Invalid Foreign Key: Product_ID,ST00099576,2026-06-24,W017,P00577,126,276,252,0,-2,148,8660,1281680.0,0
99614,Invalid Foreign Key: Product_ID,ST00099613,2026-07-31,W014,P00614,163,13,91,1,0,86,1730,148780.0,0
99842,Invalid Foreign Key: Product_ID,ST00099841,2026-03-16,W002,P00842,391,241,7,4,-3,626,4810,3011060.0,0
99921,Invalid Foreign Key: Product_ID,ST00099920,2026-06-03,W001,P00921,470,20,140,2,-1,351,2500,877500.0,0
99998,Invalid Foreign Key: Product_ID,ST00099997,2026-08-19,W018,P00998,547,97,259,7,-1,391,10970,4289270.0,0
100307,Invalid Foreign Key: Product_ID,ST00100306,2026-06-24,W007,P00307,356,106,322,1,0,141,960,135360.0,0
100421,Invalid Foreign Key: Product_ID,ST00100420,2025-10-16,W001,P00421,470,220,280,7,2,419,2500,1047500.0,0
100499,Invalid Foreign Key: Product_ID,ST00100498,2026-01-02,W019,P00499,548,298,406,4,3,447,11080,4952760.0,0
100577,Invalid Foreign Key: Product_ID,ST00100576,2026-03-21,W017,P00577,126,76,112,1,-3,88,8660,762080.0,0
100614,Invalid Foreign Key: Product_ID,ST00100613,2026-04-27,W014,P00614,163,113,371,2,-1,-94,1730,-162620.0,1
100842,Invalid Foreign Key: Product_ID,ST00100841,2025-12-11,W002,P00842,391,41,287,5,3,153,4810,735930.0,0
100921,Invalid Foreign Key: Product_ID,ST00100920,2026-02-28,W001,P00921,470,120,0,3,-2,591,2500,1477500.0,0
100998,Invalid Foreign Key: Product_ID,ST00100997,2026-05-16,W018,P00998,547,197,119,8,-2,631,10970,6922070.0,0
101307,Invalid Foreign Key: Product_ID,ST00101306,2026-03-21,W007,P00307,356,206,182,2,-1,381,960,365760.0,0
101421,Invalid Foreign Key: Product_ID,ST00101420,2026-07-13,W001,P00421,470,20,140,8,1,359,2500,897500.0,0
101499,Invalid Foreign Key: Product_ID,ST00101498,2025-09-29,W019,P00499,548,98,266,5,2,387,11080,4287960.0,0
101577,Invalid Foreign Key: Product_ID,ST00101576,2025-12-16,W017,P00577,126,176,392,2,3,-85,8660,-736100.0,1
101614,Invalid Foreign Key: Product_ID,ST00101613,2026-01-22,W014,P00614,163,213,231,3,-2,146,1730,252580.0,0
101842,Invalid Foreign Key: Product_ID,ST00101841,2025-09-07,W002,P00842,391,141,147,6,2,393,4810,1890330.0,0
101921,Invalid Foreign Key: Product_ID,ST00101920,2025-11-25,W001,P00921,470,220,280,4,-3,411,2500,1027500.0,0
101998,Invalid Foreign Key: Product_ID,ST00101997,2026-02-10,W018,P00998,547,297,399,0,-3,442,10970,4848740.0,0
102307,Invalid Foreign Key: Product_ID,ST00102306,2025-12-16,W007,P00307,356,6,42,3,-2,321,960,308160.0,0
102421,Invalid Foreign Key: Product_ID,ST00102420,2026-04-09,W001,P00421,470,120,0,0,0,590,2500,1475000.0,0
102499,Invalid Foreign Key: Product_ID,ST00102498,2026-06-26,W019,P00499,548,198,126,6,1,627,11080,6947160.0,0
102577,Invalid Foreign Key: Product_ID,ST00102576,2025-09-12,W017,P00577,126,276,252,3,2,155,8660,1342300.0,0
102614,Invalid Foreign Key: Product_ID,ST00102613,2025-10-19,W014,P00614,163,13,91,4,-3,86,1730,148780.0,0
102842,Invalid Foreign Key: Product_ID,ST00102841,2026-06-04,W002,P00842,391,241,7,7,1,633,4810,3044730.0,0
102921,Invalid Foreign Key: Product_ID,ST00102920,2026-08-22,W001,P00921,470,20,140,5,3,358,2500,895000.0,0
102998,Invalid Foreign Key: Product_ID,ST00102997,2025-11-07,W018,P00998,547,97,259,1,3,389,10970,4267330.0,0
103307,Invalid Foreign Key: Product_ID,ST00103306,2025-09-12,W007,P00307,356,106,322,4,-3,141,960,135360.0,0
103421,Invalid Foreign Key: Product_ID,ST00103420,2026-01-04,W001,P00421,470,220,280,1,-1,410,2500,1025000.0,0
103499,Invalid Foreign Key: Product_ID,ST00103498,2026-03-23,W019,P00499,548,298,406,7,0,447,11080,4952760.0,0
103577,Invalid Foreign Key: Product_ID,ST00103576,2026-06-09,W017,P00577,126,76,112,4,1,95,8660,822700.0,0
103614,Invalid Foreign Key: Product_ID,ST00103613,2026-07-16,W014,P00614,163,113,371,5,3,-87,1730,-150510.0,1
103842,Invalid Foreign Key: Product_ID,ST00103841,2026-03-01,W002,P00842,391,41,287,8,0,153,4810,735930.0,0
103921,Invalid Foreign Key: Product_ID,ST00103920,2026-05-19,W001,P00921,470,120,0,6,2,598,2500,1495000.0,0
103998,Invalid Foreign Key: Product_ID,ST00103997,2026-08-04,W018,P00998,547,197,119,2,2,629,10970,6900130.0,0
104307,Invalid Foreign Key: Product_ID,ST00104306,2026-06-09,W007,P00307,356,206,182,5,3,388,960,372480.0,0
104421,Invalid Foreign Key: Product_ID,ST00104420,2025-10-01,W001,P00421,470,20,140,2,-2,350,2500,875000.0,0
104499,Invalid Foreign Key: Product_ID,ST00104498,2025-12-18,W019,P00499,548,98,266,8,-1,387,11080,4287960.0,0
104577,Invalid Foreign Key: Product_ID,ST00104576,2026-03-06,W017,P00577,126,176,392,5,0,-85,8660,-736100.0,1
104614,Invalid Foreign Key: Product_ID,ST00104613,2026-04-12,W014,P00614,163,213,231,6,2,153,1730,264690.0,0
104842,Invalid Foreign Key: Product_ID,ST00104841,2025-11-26,W002,P00842,391,141,147,0,-1,384,4810,1847040.0,0
104921,Invalid Foreign Key: Product_ID,ST00104920,2026-02-13,W001,P00921,470,220,280,7,1,418,2500,1045000.0,0
104998,Invalid Foreign Key: Product_ID,ST00104997,2026-05-01,W018,P00998,547,297,399,3,1,449,10970,4925530.0,0
105307,Invalid Foreign Key: Product_ID,ST00105306,2026-03-06,W007,P00307,356,6,42,6,2,328,960,314880.0,0
105421,Invalid Foreign Key: Product_ID,ST00105420,2026-06-28,W001,P00421,470,120,0,3,-3,590,2500,1475000.0,0
105499,Invalid Foreign Key: Product_ID,ST00105498,2025-09-14,W019,P00499,548,198,126,0,-2,618,11080,6847440.0,0
105577,Invalid Foreign Key: Product_ID,ST00105576,2025-12-01,W017,P00577,126,276,252,6,-1,155,8660,1342300.0,0
105614,Invalid Foreign Key: Product_ID,ST00105613,2026-01-07,W014,P00614,163,13,91,7,1,93,1730,160890.0,0
105842,Invalid Foreign Key: Product_ID,ST00105841,2026-08-23,W002,P00842,391,241,7,1,-2,624,4810,3001440.0,0
105921,Invalid Foreign Key: Product_ID,ST00105920,2025-11-10,W001,P00921,470,20,140,8,0,358,2500,895000.0,0
105998,Invalid Foreign Key: Product_ID,ST00105997,2026-01-26,W018,P00998,547,97,259,4,0,389,10970,4267330.0,0
106307,Invalid Foreign Key: Product_ID,ST00106306,2025-12-01,W007,P00307,356,106,322,7,1,148,960,142080.0,0
106421,Invalid Foreign Key: Product_ID,ST00106420,2026-03-25,W001,P00421,470,220,280,4,3,417,2500,1042500.0,0
106499,Invalid Foreign Key: Product_ID,ST00106498,2026-06-11,W019,P00499,548,298,406,1,-3,438,11080,4853040.0,0
106577,Invalid Foreign Key: Product_ID,ST00106576,2026-08-28,W017,P00577,126,76,112,7,-2,95,8660,822700.0,0
106614,Invalid Foreign Key: Product_ID,ST00106613,2025-10-04,W014,P00614,163,113,371,8,0,-87,1730,-150510.0,1
106842,Invalid Foreign Key: Product_ID,ST00106841,2026-05-20,W002,P00842,391,41,287,2,-3,144,4810,692640.0,0
106921,Invalid Foreign Key: Product_ID,ST00106920,2026-08-07,W001,P00921,470,120,0,0,-1,589,2500,1472500.0,0
106998,Invalid Foreign Key: Product_ID,ST00106997,2025-10-23,W018,P00998,547,197,119,5,-1,629,10970,6900130.0,0
107307,Invalid Foreign Key: Product_ID,ST00107306,2026-08-28,W007,P00307,356,206,182,8,0,388,960,372480.0,0
107421,Invalid Foreign Key: Product_ID,ST00107420,2025-12-20,W001,P00421,470,20,140,5,2,357,2500,892500.0,0
107499,Invalid Foreign Key: Product_ID,ST00107498,2026-03-08,W019,P00499,548,98,266,2,3,385,11080,4265800.0,0
107577,Invalid Foreign Key: Product_ID,ST00107576,2026-05-25,W017,P00577,126,176,392,8,-3,-85,8660,-736100.0,1
107614,Invalid Foreign Key: Product_ID,ST00107613,2026-07-01,W014,P00614,163,213,231,0,-1,144,1730,249120.0,0
107842,Invalid Foreign Key: Product_ID,ST00107841,2026-02-14,W002,P00842,391,141,147,3,3,391,4810,1880710.0,0
107921,Invalid Foreign Key: Product_ID,ST00107920,2026-05-04,W001,P00921,470,220,280,1,-2,409,2500,1022500.0,0
107998,Invalid Foreign Key: Product_ID,ST00107997,2026-07-20,W018,P00998,547,297,399,6,-2,449,10970,4925530.0,0
108307,Invalid Foreign Key: Product_ID,ST00108306,2026-05-25,W007,P00307,356,6,42,0,-1,319,960,306240.0,0
108421,Invalid Foreign Key: Product_ID,ST00108420,2025-09-16,W001,P00421,470,120,0,6,1,597,2500,1492500.0,0
108499,Invalid Foreign Key: Product_ID,ST00108498,2025-12-03,W019,P00499,548,198,126,3,2,625,11080,6925000.0,0
108577,Invalid Foreign Key: Product_ID,ST00108576,2026-02-19,W017,P00577,126,276,252,0,3,153,8660,1324980.0,0
108614,Invalid Foreign Key: Product_ID,ST00108613,2026-03-28,W014,P00614,163,13,91,1,-2,84,1730,145320.0,0
108842,Invalid Foreign Key: Product_ID,ST00108841,2025-11-11,W002,P00842,391,241,7,4,2,631,4810,3035110.0,0
108921,Invalid Foreign Key: Product_ID,ST00108920,2026-01-29,W001,P00921,470,20,140,2,-3,349,2500,872500.0,0
108998,Invalid Foreign Key: Product_ID,ST00108997,2026-04-16,W018,P00998,547,97,259,7,-3,389,10970,4267330.0,0
109307,Invalid Foreign Key: Product_ID,ST00109306,2026-02-19,W007,P00307,356,106,322,1,-2,139,960,133440.0,0
109421,Invalid Foreign Key: Product_ID,ST00109420,2026-06-13,W001,P00421,470,220,280,7,0,417,2500,1042500.0,0
109499,Invalid Foreign Key: Product_ID,ST00109498,2026-08-30,W019,P00499,548,298,406,4,1,445,11080,4930600.0,0
109577,Invalid Foreign Key: Product_ID,ST00109576,2025-11-16,W017,P00577,126,76,112,1,2,93,8660,805380.0,0
109614,Invalid Foreign Key: Product_ID,ST00109613,2025-12-23,W014,P00614,163,113,371,2,-3,-96,1730,-166080.0,1
109842,Invalid Foreign Key: Product_ID,ST00109841,2026-08-08,W002,P00842,391,41,287,5,1,151,4810,726310.0,0
109921,Invalid Foreign Key: Product_ID,ST00109920,2025-10-26,W001,P00921,470,120,0,3,3,596,2500,1490000.0,0
109998,Invalid Foreign Key: Product_ID,ST00109997,2026-01-11,W018,P00998,547,197,119,8,3,636,10970,6976920.0,0
110307,Invalid Foreign Key: Product_ID,ST00110306,2025-11-16,W007,P00307,356,206,182,2,-3,379,960,363840.0,0
110421,Invalid Foreign Key: Product_ID,ST00110420,2026-03-10,W001,P00421,470,20,140,8,-1,357,2500,892500.0,0
110499,Invalid Foreign Key: Product_ID,ST00110498,2026-05-27,W019,P00499,548,98,266,5,0,385,11080,4265800.0,0
110577,Invalid Foreign Key: Product_ID,ST00110576,2026-08-13,W017,P00577,126,176,392,2,1,-87,8660,-753420.0,1
110614,Invalid Foreign Key: Product_ID,ST00110613,2025-09-19,W014,P00614,163,213,231,3,3,151,1730,261230.0,0
110842,Invalid Foreign Key: Product_ID,ST00110841,2026-05-05,W002,P00842,391,141,147,6,0,391,4810,1880710.0,0
110921,Invalid Foreign Key: Product_ID,ST00110920,2026-07-23,W001,P00921,470,220,280,4,2,416,2500,1040000.0,0
110998,Invalid Foreign Key: Product_ID,ST00110997,2025-10-08,W018,P00998,547,297,399,0,2,447,10970,4903590.0,0
111307,Invalid Foreign Key: Product_ID,ST00111306,2026-08-13,W007,P00307,356,6,42,3,3,326,960,312960.0,0
111421,Invalid Foreign Key: Product_ID,ST00111420,2025-12-05,W001,P00421,470,120,0,0,-2,588,2500,1470000.0,0
111499,Invalid Foreign Key: Product_ID,ST00111498,2026-02-21,W019,P00499,548,198,126,6,-1,625,11080,6925000.0,0
111577,Invalid Foreign Key: Product_ID,ST00111576,2026-05-10,W017,P00577,126,276,252,3,0,153,8660,1324980.0,0
111614,Invalid Foreign Key: Product_ID,ST00111613,2026-06-16,W014,P00614,163,13,91,4,2,91,1730,157430.0,0
111842,Invalid Foreign Key: Product_ID,ST00111841,2026-01-30,W002,P00842,391,241,7,7,-1,631,4810,3035110.0,0
111921,Invalid Foreign Key: Product_ID,ST00111920,2026-04-19,W001,P00921,470,20,140,5,1,356,2500,890000.0,0
111998,Invalid Foreign Key: Product_ID,ST00111997,2026-07-05,W018,P00998,547,97,259,1,1,387,10970,4245390.0,0
112307,Invalid Foreign Key: Product_ID,ST00112306,2026-05-10,W007,P00307,356,106,322,4,2,146,960,140160.0,0
112421,Invalid Foreign Key: Product_ID,ST00112420,2025-09-01,W001,P00421,470,220,280,1,-3,408,2500,1020000.0,0
112499,Invalid Foreign Key: Product_ID,ST00112498,2025-11-18,W019,P00499,548,298,406,7,-2,445,11080,4930600.0,0
112577,Invalid Foreign Key: Product_ID,ST00112576,2026-02-04,W017,P00577,126,76,112,4,-1,93,8660,805380.0,0
112614,Invalid Foreign Key: Product_ID,ST00112613,2026-03-13,W014,P00614,163,113,371,5,1,-89,1730,-153970.0,1
112842,Invalid Foreign Key: Product_ID,ST00112841,2025-10-27,W002,P00842,391,41,287,8,-2,151,4810,726310.0,0
112921,Invalid Foreign Key: Product_ID,ST00112920,2026-01-14,W001,P00921,470,120,0,6,0,596,2500,1490000.0,0
112998,Invalid Foreign Key: Product_ID,ST00112997,2026-04-01,W018,P00998,547,197,119,2,0,627,10970,6878190.0,0
113307,Invalid Foreign Key: Product_ID,ST00113306,2026-02-04,W007,P00307,356,206,182,5,1,386,960,370560.0,0
113421,Invalid Foreign Key: Product_ID,ST00113420,2026-05-29,W001,P00421,470,20,140,2,3,355,2500,887500.0,0
113499,Invalid Foreign Key: Product_ID,ST00113498,2026-08-15,W019,P00499,548,98,266,8,-3,385,11080,4265800.0,0
113577,Invalid Foreign Key: Product_ID,ST00113576,2025-11-01,W017,P00577,126,176,392,5,-2,-87,8660,-753420.0,1
113614,Invalid Foreign Key: Product_ID,ST00113613,2025-12-08,W014,P00614,163,213,231,6,0,151,1730,261230.0,0
113842,Invalid Foreign Key: Product_ID,ST00113841,2026-07-24,W002,P00842,391,141,147,0,-3,382,4810,1837420.0,0
113921,Invalid Foreign Key: Product_ID,ST00113920,2025-10-11,W001,P00921,470,220,280,7,-1,416,2500,1040000.0,0
113998,Invalid Foreign Key: Product_ID,ST00113997,2025-12-27,W018,P00998,547,297,399,3,-1,447,10970,4903590.0,0
114307,Invalid Foreign Key: Product_ID,ST00114306,2025-11-01,W007,P00307,356,6,42,6,0,326,960,312960.0,0
114421,Invalid Foreign Key: Product_ID,ST00114420,2026-02-23,W001,P00421,470,120,0,3,2,595,2500,1487500.0,0
114499,Invalid Foreign Key: Product_ID,ST00114498,2026-05-12,W019,P00499,548,198,126,0,3,623,11080,6902840.0,0
114577,Invalid Foreign Key: Product_ID,ST00114576,2026-07-29,W017,P00577,126,276,252,6,-3,153,8660,1324980.0,0
114614,Invalid Foreign Key: Product_ID,ST00114613,2025-09-04,W014,P00614,163,13,91,7,-1,91,1730,157430.0,0
114842,Invalid Foreign Key: Product_ID,ST00114841,2026-04-20,W002,P00842,391,241,7,1,3,629,4810,3025490.0,0
114921,Invalid Foreign Key: Product_ID,ST00114920,2026-07-08,W001,P00921,470,20,140,8,-2,356,2500,890000.0,0
114998,Invalid Foreign Key: Product_ID,ST00114997,2025-09-23,W018,P00998,547,97,259,4,-2,387,10970,4245390.0,0
115307,Invalid Foreign Key: Product_ID,ST00115306,2026-07-29,W007,P00307,356,106,322,7,-1,146,960,140160.0,0
115421,Invalid Foreign Key: Product_ID,ST00115420,2025-11-20,W001,P00421,470,220,280,4,1,415,2500,1037500.0,0
115499,Invalid Foreign Key: Product_ID,ST00115498,2026-02-06,W019,P00499,548,298,406,1,2,443,11080,4908440.0,0
115577,Invalid Foreign Key: Product_ID,ST00115576,2026-04-25,W017,P00577,126,76,112,7,3,100,8660,866000.0,0
115614,Invalid Foreign Key: Product_ID,ST00115613,2026-06-01,W014,P00614,163,113,371,8,-2,-89,1730,-153970.0,1
115842,Invalid Foreign Key: Product_ID,ST00115841,2026-01-15,W002,P00842,391,41,287,2,2,149,4810,716690.0,0
115921,Invalid Foreign Key: Product_ID,ST00115920,2026-04-04,W001,P00921,470,120,0,0,-3,587,2500,1467500.0,0
115998,Invalid Foreign Key: Product_ID,ST00115997,2026-06-20,W018,P00998,547,197,119,5,-3,627,10970,6878190.0,0
116307,Invalid Foreign Key: Product_ID,ST00116306,2026-04-25,W007,P00307,356,206,182,8,-2,386,960,370560.0,0
116421,Invalid Foreign Key: Product_ID,ST00116420,2026-08-17,W001,P00421,470,20,140,5,0,355,2500,887500.0,0
116499,Invalid Foreign Key: Product_ID,ST00116498,2025-11-03,W019,P00499,548,98,266,2,1,383,11080,4243640.0,0
116577,Invalid Foreign Key: Product_ID,ST00116576,2026-01-20,W017,P00577,126,176,392,8,2,-80,8660,-692800.0,1
116614,Invalid Foreign Key: Product_ID,ST00116613,2026-02-26,W014,P00614,163,213,231,0,-3,142,1730,245660.0,0
116842,Invalid Foreign Key: Product_ID,ST00116841,2025-10-12,W002,P00842,391,141,147,3,1,389,4810,1871090.0,0
116921,Invalid Foreign Key: Product_ID,ST00116920,2025-12-30,W001,P00921,470,220,280,1,3,414,2500,1035000.0,0
116998,Invalid Foreign Key: Product_ID,ST00116997,2026-03-17,W018,P00998,547,297,399,6,3,454,10970,4980380.0,0
117307,Invalid Foreign Key: Product_ID,ST00117306,2026-01-20,W007,P00307,356,6,42,0,-3,317,960,304320.0,0
117421,Invalid Foreign Key: Product_ID,ST00117420,2026-05-14,W001,P00421,470,120,0,6,-1,595,2500,1487500.0,0
117499,Invalid Foreign Key: Product_ID,ST00117498,2026-07-31,W019,P00499,548,198,126,3,0,623,11080,6902840.0,0
117577,Invalid Foreign Key: Product_ID,ST00117576,2025-10-17,W017,P00577,126,276,252,0,1,151,8660,1307660.0,0
117614,Invalid Foreign Key: Product_ID,ST00117613,2025-11-23,W014,P00614,163,13,91,1,3,89,1730,153970.0,0
117842,Invalid Foreign Key: Product_ID,ST00117841,2026-07-09,W002,P00842,391,241,7,4,0,629,4810,3025490.0,0
117921,Invalid Foreign Key: Product_ID,ST00117920,2025-09-26,W001,P00921,470,20,140,2,2,354,2500,885000.0,0
117998,Invalid Foreign Key: Product_ID,ST00117997,2025-12-12,W018,P00998,547,97,259,7,2,394,10970,4322180.0,0
118307,Invalid Foreign Key: Product_ID,ST00118306,2025-10-17,W007,P00307,356,106,322,1,3,144,960,138240.0,0
118421,Invalid Foreign Key: Product_ID,ST00118420,2026-02-08,W001,P00421,470,220,280,7,-2,415,2500,1037500.0,0
118499,Invalid Foreign Key: Product_ID,ST00118498,2026-04-27,W019,P00499,548,298,406,4,-1,443,11080,4908440.0,0
118577,Invalid Foreign Key: Product_ID,ST00118576,2026-07-14,W017,P00577,126,76,112,1,0,91,8660,788060.0,0
118614,Invalid Foreign Key: Product_ID,ST00118613,2026-08-20,W014,P00614,163,113,371,2,2,-91,1730,-157430.0,1
118842,Invalid Foreign Key: Product_ID,ST00118841,2026-04-05,W002,P00842,391,41,287,5,-1,149,4810,716690.0,0
118921,Invalid Foreign Key: Product_ID,ST00118920,2026-06-23,W001,P00921,470,120,0,3,1,594,2500,1485000.0,0
118998,Invalid Foreign Key: Product_ID,ST00118997,2025-09-08,W018,P00998,547,197,119,8,1,634,10970,6954980.0,0
119307,Invalid Foreign Key: Product_ID,ST00119306,2026-07-14,W007,P00307,356,206,182,2,2,384,960,368640.0,0
119421,Invalid Foreign Key: Product_ID,ST00119420,2025-11-05,W001,P00421,470,20,140,8,-3,355,2500,887500.0,0
119499,Invalid Foreign Key: Product_ID,ST00119498,2026-01-22,W019,P00499,548,98,266,5,-2,383,11080,4243640.0,0
119577,Invalid Foreign Key: Product_ID,ST00119576,2026-04-10,W017,P00577,126,176,392,2,-1,-89,8660,-770740.0,1
119614,Invalid Foreign Key: Product_ID,ST00119613,2026-05-17,W014,P00614,163,213,231,3,1,149,1730,257770.0,0
119842,Invalid Foreign Key: Product_ID,ST00119841,2025-12-31,W002,P00842,391,141,147,6,-2,389,4810,1871090.0,0
119921,Invalid Foreign Key: Product_ID,ST00119920,2026-03-20,W001,P00921,470,220,280,4,0,414,2500,1035000.0,0
119998,Invalid Foreign Key: Product_ID,ST00119997,2026-06-05,W018,P00998,547,297,399,0,0,445,10970,4881650.0,0
