Source_Row,Reject_Reasons,Order_Item_ID,Order_ID,Product_ID,Quantity,Unit_Price,Discount_Pct,Gross_Amount,Net_Amount
251,Invalid Foreign Key: Order_ID,OI00000250,O0000250,P00251,1,9250.0,0.05,9250.0,676.9
307,Invalid Foreign Key: Product_ID,OI00000306,O0000306,P00307,2,1550.0,0.05,3100.0,226.85
421,Invalid Foreign Key: Product_ID,OI00000420,O0000420,P00421,1,4000.0,0.0,4000.0,308.12
499,Invalid Foreign Key: Product_ID,OI00000498,O0000498,P00499,4,17650.0,0.01,70600.0,5383.95
577,Invalid Foreign Key: Product_ID,OI00000576,O0000576,P00577,2,13800.0,0.02,27600.0,2083.51
614,Invalid Foreign Key: Product_ID,OI00000613,O0000613,P00614,4,2775.0,0.04,11100.0,820.83
751,Invalid Foreign Key: Order_ID,OI00000750,O0000750,P00751,1,9250.0,0.01,9250.0,705.4
787,Invalid Foreign Key: Order_ID,OI00000786,O0000786,P00787,2,15550.0,0.02,31100.0,2347.73
842,Invalid Foreign Key: Product_ID,OI00000841,O0000841,P00842,2,7675.0,0.01,15350.0,1170.59
921,Invalid Foreign Key: Product_ID,OI00000920,O0000920,P00921,1,4000.0,0.03,4000.0,298.88
997,Invalid Foreign Key: Order_ID,OI00000996,O0000996,P00997,2,17300.0,0.02,34600.0,2611.94
998,Invalid Foreign Key: Product_ID,OI00000997,O0000997,P00998,3,17475.0,0.03,52425.0,3917.16
1251,Invalid Foreign Key: Order_ID,OI00001250,O0001250,P00251,1,9250.0,0.04,9250.0,684.03
1307,Invalid Foreign Key: Product_ID,OI00001306,O0001306,P00307,2,1550.0,0.04,3100.0,229.24
1421,Invalid Foreign Key: Product_ID,OI00001420,O0001420,P00421,1,4000.0,0.06,4000.0,289.63
1499,Invalid Foreign Key: Product_ID,OI00001498,O0001498,P00499,4,17650.0,0.0,70600.0,5438.33
1574,Invalid Foreign Key: Order_ID,OI00001573,O0001573,P00574,4,13275.0,0.05,53100.0,3885.79
1577,Invalid Foreign Key: Product_ID,OI00001576,O0001576,P00577,2,13800.0,0.01,27600.0,2104.77
1614,Invalid Foreign Key: Product_ID,OI00001613,O0001613,P00614,4,2775.0,0.03,11100.0,829.38
1751,Invalid Foreign Key: Order_ID,OI00001750,O0001750,P00751,1,9250.0,0.0,9250.0,712.53
1778,Invalid Foreign Key: Order_ID,OI00001777,O0001777,P00778,3,13975.0,0.06,41925.0,3035.72
1842,Invalid Foreign Key: Product_ID,OI00001841,O0001841,P00842,2,7675.0,0.0,15350.0,1182.41
1921,Invalid Foreign Key: Product_ID,OI00001920,O0001920,P00921,1,4000.0,0.02,4000.0,301.96
1994,Invalid Foreign Key: Order_ID,OI00001993,O0001993,P00994,4,16775.0,0.05,67100.0,4910.29
1998,Invalid Foreign Key: Product_ID,OI00001997,O0001997,P00998,3,17475.0,0.02,52425.0,3957.54
2202,Invalid Foreign Key: Order_ID,OI00002201,O0002201,P00202,2,675.0,0.03,1350.0,100.87
2251,Invalid Foreign Key: Order_ID,OI00002250,O0002250,P00251,1,9250.0,0.03,9250.0,691.15
2307,Invalid Foreign Key: Product_ID,OI00002306,O0002306,P00307,2,1550.0,0.03,3100.0,231.63
2361,Invalid Foreign Key: Order_ID,OI00002360,O0002360,P00361,1,11000.0,0.01,11000.0,838.86
2421,Invalid Foreign Key: Product_ID,OI00002420,O0002420,P00421,1,4000.0,0.05,4000.0,292.71
2499,Invalid Foreign Key: Product_ID,OI00002498,O0002498,P00499,4,17650.0,0.06,70600.0,5112.03
2577,Invalid Foreign Key: Product_ID,OI00002576,O0002576,P00577,2,13800.0,0.0,27600.0,2126.03
2614,Invalid Foreign Key: Product_ID,OI00002613,O0002613,P00614,4,2775.0,0.02,11100.0,837.93
2751,Invalid Foreign Key: Order_ID,OI00002750,O0002750,P00751,1,9250.0,0.06,9250.0,669.78
2842,Invalid Foreign Key: Product_ID,OI00002841,O0002841,P00842,2,7675.0,0.06,15350.0,1111.47
2921,Invalid Foreign Key: Product_ID,OI00002920,O0002920,P00921,1,4000.0,0.01,4000.0,305.04
2991,Invalid Foreign Key: Order_ID,OI00002990,O0002990,P00991,1,16250.0,0.01,16250.0,1239.22
2998,Invalid Foreign Key: Product_ID,OI00002997,O0002997,P00998,3,17475.0,0.01,52425.0,3997.93
3148,Invalid Foreign Key: Order_ID,OI00003147,O0003147,P00148,3,8725.0,0.04,26175.0,1935.62
3204,Invalid Foreign Key: Product_ID,OI00003203,O0003203,P99999,4,1025.0,0.04,4100.0,303.19
3251,Invalid Foreign Key: Order_ID,OI00003250,O0003250,P00251,1,9250.0,0.02,9250.0,698.28
3307,Invalid Foreign Key: Product_ID,OI00003306,O0003306,P00307,2,1550.0,0.02,3100.0,234.02
3332,Invalid Foreign Key: Order_ID,OI00003331,O0003331,P00332,2,5925.0,0.06,11850.0,858.04
3421,Invalid Foreign Key: Product_ID,OI00003420,O0003420,P00421,1,4000.0,0.04,4000.0,295.8
3499,Invalid Foreign Key: Product_ID,OI00003498,O0003498,P00499,4,17650.0,0.05,70600.0,5166.42
3555,Invalid Foreign Key: Order_ID,OI00003554,O0003554,P00555,5,9950.0,0.05,49750.0,3640.64
3577,Invalid Foreign Key: Product_ID,OI00003576,O0003576,P00577,2,13800.0,0.06,27600.0,1998.47
3614,Invalid Foreign Key: Product_ID,OI00003613,O0003613,P00614,4,2775.0,0.01,11100.0,846.49
3751,Invalid Foreign Key: Order_ID,OI00003750,O0003750,P00751,1,9250.0,0.05,9250.0,676.9
3842,Invalid Foreign Key: Product_ID,OI00003841,O0003841,P00842,2,7675.0,0.05,15350.0,1123.29
3921,Invalid Foreign Key: Product_ID,OI00003920,O0003920,P00921,1,4000.0,0.0,4000.0,308.12
3935,Invalid Foreign Key: Order_ID,OI00003934,O0003934,P00935,5,6450.0,0.0,32250.0,2484.23
3988,Invalid Foreign Key: Order_ID,OI00003987,O0003987,P00988,3,15725.0,0.04,47175.0,3488.55
3998,Invalid Foreign Key: Product_ID,OI00003997,O0003997,P00998,3,17475.0,0.0,52425.0,4038.31
4002,Negative Value: Quantity; Negative Value: Gross_Amount; Negative Value: Net_Amount,OI00004001,O0004001,P00002,-2,675.0,0.04,-1350.0,-99.83
4251,Invalid Foreign Key: Order_ID,OI00004250,O0004250,P00251,1,9250.0,0.01,9250.0,705.4
4307,Invalid Foreign Key: Product_ID,OI00004306,O0004306,P00307,2,1550.0,0.01,3100.0,236.41
4403,Invalid Foreign Key: Order_ID,OI00004402,O0004402,P00403,3,850.0,0.06,2550.0,184.64
4421,Invalid Foreign Key: Product_ID,OI00004420,O0004420,P00421,1,4000.0,0.03,4000.0,298.88
4499,Invalid Foreign Key: Product_ID,OI00004498,O0004498,P00499,4,17650.0,0.04,70600.0,5220.8
4577,Invalid Foreign Key: Product_ID,OI00004576,O0004576,P00577,2,13800.0,0.05,27600.0,2019.73
4614,Invalid Foreign Key: Product_ID,OI00004613,O0004613,P00614,4,2775.0,0.0,11100.0,855.04
4722,Invalid Foreign Key: Order_ID,OI00004721,O0004721,P00722,2,4175.0,0.03,8350.0,623.91
4751,Invalid Foreign Key: Order_ID,OI00004750,O0004750,P00751,1,9250.0,0.04,9250.0,684.03
4842,Invalid Foreign Key: Product_ID,OI00004841,O0004841,P00842,2,7675.0,0.04,15350.0,1135.12
4921,Invalid Foreign Key: Product_ID,OI00004920,O0004920,P00921,1,4000.0,0.06,4000.0,289.63
4985,Invalid Foreign Key: Order_ID,OI00004984,O0004984,P00985,5,15200.0,0.0,76000.0,5854.3
4998,Invalid Foreign Key: Product_ID,OI00004997,O0004997,P00998,3,17475.0,0.06,52425.0,3796.01
5004,Invalid Foreign Key: Order_ID,OI00005003,O9999999,P00004,4,1025.0,0.05,4100.0,300.03
5251,Invalid Foreign Key: Order_ID,OI00005250,O0005250,P00251,1,9250.0,0.0,9250.0,712.53
5307,Invalid Foreign Key: Product_ID,OI00005306,O0005306,P00307,2,1550.0,0.0,3100.0,238.79
5332,Invalid Foreign Key: Order_ID,OI00005331,O0005331,P00332,2,5925.0,0.04,11850.0,876.3
5421,Invalid Foreign Key: Product_ID,OI00005420,O0005420,P00421,1,4000.0,0.02,4000.0,301.96
5499,Invalid Foreign Key: Product_ID,OI00005498,O0005498,P00499,4,17650.0,0.03,70600.0,5275.18
5509,Invalid Foreign Key: Order_ID,OI00005508,O0005508,P00509,4,1900.0,0.06,7600.0,550.3
5577,Invalid Foreign Key: Product_ID,OI00005576,O0005576,P00577,2,13800.0,0.04,27600.0,2040.99
5614,Invalid Foreign Key: Product_ID,OI00005613,O0005613,P00614,4,2775.0,0.06,11100.0,803.73
5751,Invalid Foreign Key: Order_ID,OI00005750,O0005750,P00751,1,9250.0,0.03,9250.0,691.15
5842,Invalid Foreign Key: Product_ID,OI00005841,O0005841,P00842,2,7675.0,0.03,15350.0,1146.94
5921,Invalid Foreign Key: Product_ID,OI00005920,O0005920,P00921,1,4000.0,0.05,4000.0,292.71
5982,Invalid Foreign Key: Order_ID,OI00005981,O0005981,P00982,2,14675.0,0.03,29350.0,2193.01
5998,Invalid Foreign Key: Product_ID,OI00005997,O0005997,P00998,3,17475.0,0.05,52425.0,3836.39
6251,Invalid Foreign Key: Order_ID,OI00006250,O0006250,P00251,1,9250.0,0.06,9250.0,669.78
6296,Invalid Foreign Key: Order_ID,OI00006295,O0006295,P00296,1,17125.0,0.02,17125.0,1292.76
6307,Invalid Foreign Key: Product_ID,OI00006306,O0006306,P00307,2,1550.0,0.06,3100.0,224.47
6407,Invalid Foreign Key: Product_ID,OI00006406,O0006406,P99999,2,1550.0,0.01,3100.0,236.41
6421,Invalid Foreign Key: Product_ID,OI00006420,O0006420,P00421,1,4000.0,0.01,4000.0,305.04
6499,Invalid Foreign Key: Product_ID,OI00006498,O0006498,P00499,4,17650.0,0.02,70600.0,5329.57
6577,Invalid Foreign Key: Product_ID,OI00006576,O0006576,P00577,2,13800.0,0.03,27600.0,2062.25
6604,Invalid Foreign Key: Order_ID,OI00006603,O0006603,P00604,4,1025.0,0.02,4100.0,309.51
6614,Invalid Foreign Key: Product_ID,OI00006613,O0006613,P00614,4,2775.0,0.05,11100.0,812.28
6663,Invalid Foreign Key: Order_ID,OI00006662,O0006662,P00663,3,11350.0,0.05,34050.0,2491.74
6751,Invalid Foreign Key: Order_ID,OI00006750,O0006750,P00751,1,9250.0,0.02,9250.0,698.28
6842,Invalid Foreign Key: Product_ID,OI00006841,O0006841,P00842,2,7675.0,0.02,15350.0,1158.77
6921,Invalid Foreign Key: Product_ID,OI00006920,O0006920,P00921,1,4000.0,0.04,4000.0,295.8
6979,Invalid Foreign Key: Order_ID,OI00006978,O0006978,P00979,4,14150.0,0.06,56600.0,4098.32
6998,Invalid Foreign Key: Product_ID,OI00006997,O0006997,P00998,3,17475.0,0.04,52425.0,3876.78
7002,Negative Value: Unit_Price; Negative Value: Gross_Amount; Negative Value: Net_Amount,OI00007001,O0007001,P00002,2,-500.0,0.01,-1000.0,-76.26
7083,Invalid Foreign Key: Order_ID,OI00007082,O0007082,P00083,3,14850.0,0.05,44550.0,3260.11
7109,Invalid Foreign Key: Order_ID,OI00007108,O0007108,P00109,4,1900.0,0.03,7600.0,567.87
7251,Invalid Foreign Key: Order_ID,OI00007250,O0007250,P00251,1,9250.0,0.05,9250.0,676.9
7307,Invalid Foreign Key: Product_ID,OI00007306,O0007306,P00307,2,1550.0,0.05,3100.0,226.85
7421,Invalid Foreign Key: Product_ID,OI00007420,O0007420,P00421,1,4000.0,0.0,4000.0,308.12
7499,Invalid Foreign Key: Product_ID,OI00007498,O0007498,P00499,4,17650.0,0.01,70600.0,5383.95
7577,Invalid Foreign Key: Product_ID,OI00007576,O0007576,P00577,2,13800.0,0.02,27600.0,2083.51
7614,Invalid Foreign Key: Product_ID,OI00007613,O0007613,P00614,4,2775.0,0.04,11100.0,820.83
7751,Invalid Foreign Key: Order_ID,OI00007750,O0007750,P00751,1,9250.0,0.01,9250.0,705.4
7842,Invalid Foreign Key: Product_ID,OI00007841,O0007841,P00842,2,7675.0,0.01,15350.0,1170.59
7870,Invalid Foreign Key: Order_ID,OI00007869,O0007869,P00870,5,12575.0,0.01,62875.0,4794.84
7921,Invalid Foreign Key: Product_ID,OI00007920,O0007920,P00921,1,4000.0,0.03,4000.0,298.88
7976,Invalid Foreign Key: Order_ID,OI00007975,O0007975,P00976,1,13625.0,0.02,13625.0,1028.55
7998,Invalid Foreign Key: Product_ID,OI00007997,O0007997,P00998,3,17475.0,0.03,52425.0,3917.16
8003,Negative Value: Quantity; Negative Value: Gross_Amount; Negative Value: Net_Amount,OI00008002,O0008002,P00003,-2,850.0,0.01,-1700.0,-129.64
8251,Invalid Foreign Key: Order_ID,OI00008250,O0008250,P00251,1,9250.0,0.04,9250.0,684.03
8307,Invalid Foreign Key: Product_ID,OI00008306,O0008306,P00307,2,1550.0,0.04,3100.0,229.24
8421,Invalid Foreign Key: Product_ID,OI00008420,O0008420,P00421,1,4000.0,0.06,4000.0,289.63
8499,Invalid Foreign Key: Product_ID,OI00008498,O0008498,P00499,4,17650.0,0.0,70600.0,5438.33
8577,Invalid Foreign Key: Product_ID,OI00008576,O0008576,P00577,2,13800.0,0.01,27600.0,2104.77
8614,Invalid Foreign Key: Product_ID,OI00008613,O0008613,P00614,4,2775.0,0.03,11100.0,829.38
8657,Invalid Foreign Key: Order_ID,OI00008656,O0008656,P00657,2,10300.0,0.04,20600.0,1523.35
8751,Invalid Foreign Key: Order_ID,OI00008750,O0008750,P00751,1,9250.0,0.0,9250.0,712.53
8805,Invalid Foreign Key: Order_ID,OI00008804,O0008804,P00805,5,1200.0,0.05,6000.0,439.07
8842,Invalid Foreign Key: Product_ID,OI00008841,O0008841,P00842,2,7675.0,0.0,15350.0,1182.41
8886,Invalid Foreign Key: Order_ID,OI00008885,O0008885,P00886,1,15375.0,0.02,15375.0,1160.65
8921,Invalid Foreign Key: Product_ID,OI00008920,O0008920,P00921,1,4000.0,0.02,4000.0,301.96
8973,Invalid Foreign Key: Order_ID,OI00008972,O0008972,P00973,3,13100.0,0.05,39300.0,2875.92
8998,Invalid Foreign Key: Product_ID,OI00008997,O0008997,P00998,3,17475.0,0.02,52425.0,3957.54
9251,Invalid Foreign Key: Order_ID,OI00009250,O0009250,P00251,1,9250.0,0.03,9250.0,691.15
9307,Invalid Foreign Key: Product_ID,OI00009306,O0009306,P00307,2,1550.0,0.03,3100.0,231.63
9421,Invalid Foreign Key: Product_ID,OI00009420,O0009420,P00421,1,4000.0,0.05,4000.0,292.71
9444,Invalid Foreign Key: Order_ID,OI00009443,O0009443,P00444,4,8025.0,0.0,32100.0,2472.67
9499,Invalid Foreign Key: Product_ID,OI00009498,O0009498,P00499,4,17650.0,0.06,70600.0,5112.03
9577,Invalid Foreign Key: Product_ID,OI00009576,O0009576,P00577,2,13800.0,0.0,27600.0,2126.03
9610,Invalid Foreign Key: Product_ID,OI00009609,O0009609,P99999,5,2075.0,0.05,10375.0,759.23
9614,Invalid Foreign Key: Product_ID,OI00009613,O0009613,P00614,4,2775.0,0.02,11100.0,837.93
9751,Invalid Foreign Key: Order_ID,OI00009750,O0009750,P00751,1,9250.0,0.06,9250.0,669.78
9842,Invalid Foreign Key: Product_ID,OI00009841,O0009841,P00842,2,7675.0,0.06,15350.0,1111.47
9921,Invalid Foreign Key: Product_ID,OI00009920,O0009920,P00921,1,4000.0,0.01,4000.0,305.04
9970,Invalid Foreign Key: Order_ID,OI00009969,O0009969,P00970,5,12575.0,0.01,62875.0,4794.84
9994,Invalid Foreign Key: Order_ID,OI00009993,O0009993,P00994,4,16775.0,0.04,67100.0,4961.98
9998,Invalid Foreign Key: Product_ID,OI00009997,O0009997,P00998,3,17475.0,0.01,52425.0,3997.93
10007,Invalid Foreign Key: Order_ID,OI00010006,O9999999,P00007,2,1550.0,0.03,3100.0,231.63
10008,Invalid Foreign Key: Order_ID,OI00010007,O0010007,P00008,3,1725.0,0.04,5175.0,382.69
10231,Invalid Foreign Key: Order_ID,OI00010230,O0010230,P00231,1,5750.0,0.03,5750.0,429.64
10251,Invalid Foreign Key: Order_ID,OI00010250,O0010250,P00251,1,9250.0,0.02,9250.0,698.28
10307,Invalid Foreign Key: Product_ID,OI00010306,O0010306,P00307,2,1550.0,0.02,3100.0,234.02
10421,Invalid Foreign Key: Product_ID,OI00010420,O0010420,P00421,1,4000.0,0.04,4000.0,295.8
10499,Invalid Foreign Key: Product_ID,OI00010498,O0010498,P00499,4,17650.0,0.05,70600.0,5166.42
10577,Invalid Foreign Key: Product_ID,OI00010576,O0010576,P00577,2,13800.0,0.06,27600.0,1998.47
10614,Invalid Foreign Key: Product_ID,OI00010613,O0010613,P00614,4,2775.0,0.01,11100.0,846.49
10663,Invalid Foreign Key: Order_ID,OI00010662,O0010662,P00663,3,11350.0,0.01,34050.0,2596.65
10751,Invalid Foreign Key: Order_ID,OI00010750,O0010750,P00751,1,9250.0,0.05,9250.0,676.9
10842,Invalid Foreign Key: Product_ID,OI00010841,O0010841,P00842,2,7675.0,0.05,15350.0,1123.29
10921,Invalid Foreign Key: Product_ID,OI00010920,O0010920,P00921,1,4000.0,0.0,4000.0,308.12
10967,Invalid Foreign Key: Order_ID,OI00010966,O0010966,P00967,2,12050.0,0.04,24100.0,1782.17
10998,Invalid Foreign Key: Product_ID,OI00010997,O0010997,P00998,3,17475.0,0.0,52425.0,4038.31
11006,Invalid Foreign Key: Order_ID,OI00011005,O0011005,P00006,1,1375.0,0.01,1375.0,104.86
11018,Invalid Foreign Key: Order_ID,OI00011017,O0011017,P00018,3,3475.0,0.06,10425.0,754.86
11251,Invalid Foreign Key: Order_ID,OI00011250,O0011250,P00251,1,9250.0,0.01,9250.0,705.4
11307,Invalid Foreign Key: Product_ID,OI00011306,O0011306,P00307,2,1550.0,0.01,3100.0,236.41
11421,Invalid Foreign Key: Product_ID,OI00011420,O0011420,P00421,1,4000.0,0.03,4000.0,298.88
11499,Invalid Foreign Key: Product_ID,OI00011498,O0011498,P00499,4,17650.0,0.04,70600.0,5220.8
11577,Invalid Foreign Key: Product_ID,OI00011576,O0011576,P00577,2,13800.0,0.05,27600.0,2019.73
11614,Invalid Foreign Key: Product_ID,OI00011613,O0011613,P00614,4,2775.0,0.0,11100.0,855.04
11751,Invalid Foreign Key: Order_ID,OI00011750,O0011750,P00751,1,9250.0,0.04,9250.0,684.03
11805,Invalid Foreign Key: Order_ID,OI00011804,O0011804,P00805,5,1200.0,0.02,6000.0,452.94
11842,Invalid Foreign Key: Product_ID,OI00011841,O0011841,P00842,2,7675.0,0.04,15350.0,1135.12
11921,Invalid Foreign Key: Product_ID,OI00011920,O0011920,P00921,1,4000.0,0.06,4000.0,289.63
11964,Invalid Foreign Key: Order_ID,OI00011963,O0011963,P00964,4,11525.0,0.0,46100.0,3551.09
11998,Invalid Foreign Key: Product_ID,OI00011997,O0011997,P00998,3,17475.0,0.06,52425.0,3796.01
12004,Negative Value: Quantity; Negative Value: Gross_Amount; Negative Value: Net_Amount,OI00012003,O0012003,P00004,-2,1025.0,0.05,-2050.0,-150.02
12251,Invalid Foreign Key: Order_ID,OI00012250,O0012250,P00251,1,9250.0,0.0,9250.0,712.53
12307,Invalid Foreign Key: Product_ID,OI00012306,O0012306,P00307,2,1550.0,0.0,3100.0,238.79
12421,Invalid Foreign Key: Product_ID,OI00012420,O0012420,P00421,1,4000.0,0.02,4000.0,301.96
12440,Invalid Foreign Key: Order_ID,OI00012439,O0012439,P00440,5,7325.0,0.0,36625.0,2821.23
12499,Invalid Foreign Key: Product_ID,OI00012498,O0012498,P00499,4,17650.0,0.03,70600.0,5275.18
12577,Invalid Foreign Key: Product_ID,OI00012576,O0012576,P00577,2,13800.0,0.04,27600.0,2040.99
12592,Invalid Foreign Key: Order_ID,OI00012591,O0012591,P00592,2,16425.0,0.05,32850.0,2403.92
12614,Invalid Foreign Key: Product_ID,OI00012613,O0012613,P00614,4,2775.0,0.06,11100.0,803.73
12751,Invalid Foreign Key: Order_ID,OI00012750,O0012750,P00751,1,9250.0,0.03,9250.0,691.15
12813,Invalid Foreign Key: Product_ID,OI00012812,O0012812,P99999,3,2600.0,0.02,7800.0,588.82
12842,Invalid Foreign Key: Product_ID,OI00012841,O0012841,P00842,2,7675.0,0.03,15350.0,1146.94
12921,Invalid Foreign Key: Product_ID,OI00012920,O0012920,P00921,1,4000.0,0.05,4000.0,292.71
12961,Invalid Foreign Key: Order_ID,OI00012960,O0012960,P00961,1,11000.0,0.03,11000.0,821.91
12998,Invalid Foreign Key: Product_ID,OI00012997,O0012997,P00998,3,17475.0,0.05,52425.0,3836.39
13207,Invalid Foreign Key: Order_ID,OI00013206,O0013206,P00207,2,1550.0,0.04,3100.0,229.24
13251,Invalid Foreign Key: Order_ID,OI00013250,O0013250,P00251,1,9250.0,0.06,9250.0,669.78
13307,Invalid Foreign Key: Product_ID,OI00013306,O0013306,P00307,2,1550.0,0.06,3100.0,224.47
13325,Invalid Foreign Key: Order_ID,OI00013324,O0013324,P00325,5,4700.0,0.03,23500.0,1755.9
13379,Invalid Foreign Key: Order_ID,OI00013378,O0013378,P00379,4,14150.0,0.01,56600.0,4316.31
13421,Invalid Foreign Key: Product_ID,OI00013420,O0013420,P00421,1,4000.0,0.01,4000.0,305.04
13499,Invalid Foreign Key: Product_ID,OI00013498,O0013498,P00499,4,17650.0,0.02,70600.0,5329.57
13577,Invalid Foreign Key: Product_ID,OI00013576,O0013576,P00577,2,13800.0,0.03,27600.0,2062.25
13614,Invalid Foreign Key: Product_ID,OI00013613,O0013613,P00614,4,2775.0,0.05,11100.0,812.28
13751,Invalid Foreign Key: Order_ID,OI00013750,O0013750,P00751,1,9250.0,0.02,9250.0,698.28
13842,Invalid Foreign Key: Product_ID,OI00013841,O0013841,P00842,2,7675.0,0.02,15350.0,1158.77
13921,Invalid Foreign Key: Product_ID,OI00013920,O0013920,P00921,1,4000.0,0.04,4000.0,295.8
13958,Invalid Foreign Key: Order_ID,OI00013957,O0013957,P00958,3,10475.0,0.06,31425.0,2275.43
13998,Invalid Foreign Key: Product_ID,OI00013997,O0013997,P00998,3,17475.0,0.04,52425.0,3876.78
14003,Negative Value: Unit_Price; Negative Value: Gross_Amount; Negative Value: Net_Amount,OI00014002,O0014002,P00003,3,-500.0,0.02,-1500.0,-113.23
14166,Invalid Foreign Key: Order_ID,OI00014165,O0014165,P00166,1,11875.0,0.04,11875.0,878.14
14217,Invalid Foreign Key: Order_ID,OI00014216,O0014216,P00217,2,3300.0,0.06,6600.0,477.9
14251,Invalid Foreign Key: Order_ID,OI00014250,O0014250,P00251,1,9250.0,0.05,9250.0,676.9
14307,Invalid Foreign Key: Product_ID,OI00014306,O0014306,P00307,2,1550.0,0.05,3100.0,226.85
14421,Invalid Foreign Key: Product_ID,OI00014420,O0014420,P00421,1,4000.0,0.0,4000.0,308.12
14499,Invalid Foreign Key: Product_ID,OI00014498,O0014498,P00499,4,17650.0,0.01,70600.0,5383.95
14577,Invalid Foreign Key: Product_ID,OI00014576,O0014576,P00577,2,13800.0,0.02,27600.0,2083.51
14614,Invalid Foreign Key: Product_ID,OI00014613,O0014613,P00614,4,2775.0,0.04,11100.0,820.83
14751,Invalid Foreign Key: Order_ID,OI00014750,O0014750,P00751,1,9250.0,0.01,9250.0,705.4
14842,Invalid Foreign Key: Product_ID,OI00014841,O0014841,P00842,2,7675.0,0.01,15350.0,1170.59
14921,Invalid Foreign Key: Product_ID,OI00014920,O0014920,P00921,1,4000.0,0.03,4000.0,298.88
14953,Invalid Foreign Key: Order_ID,OI00014952,O0014952,P00953,3,9600.0,0.0,28800.0,2218.47
14955,Invalid Foreign Key: Order_ID,OI00014954,O0014954,P00955,5,9950.0,0.02,49750.0,3755.61
14998,Invalid Foreign Key: Product_ID,OI00014997,O0014997,P00998,3,17475.0,0.03,52425.0,3917.16
15010,Invalid Foreign Key: Order_ID,OI00015009,O9999999,P00010,5,2075.0,0.01,10375.0,791.2
15251,Invalid Foreign Key: Order_ID,OI00015250,O0015250,P00251,1,9250.0,0.04,9250.0,684.03
15307,Invalid Foreign Key: Product_ID,OI00015306,O0015306,P00307,2,1550.0,0.04,3100.0,229.24
15408,Invalid Foreign Key: Order_ID,OI00015407,O0015407,P00408,3,1725.0,0.0,5175.0,398.63
15421,Invalid Foreign Key: Product_ID,OI00015420,O0015420,P00421,1,4000.0,0.06,4000.0,289.63
15499,Invalid Foreign Key: Product_ID,OI00015498,O0015498,P00499,4,17650.0,0.0,70600.0,5438.33
15577,Invalid Foreign Key: Product_ID,OI00015576,O0015576,P00577,2,13800.0,0.01,27600.0,2104.77
15614,Invalid Foreign Key: Product_ID,OI00015613,O0015613,P00614,4,2775.0,0.03,11100.0,829.38
15740,Invalid Foreign Key: Order_ID,OI00015739,O0015739,P00740,5,7325.0,0.03,36625.0,2736.6
15751,Invalid Foreign Key: Order_ID,OI00015750,O0015750,P00751,1,9250.0,0.0,9250.0,712.53
15842,Invalid Foreign Key: Product_ID,OI00015841,O0015841,P00842,2,7675.0,0.0,15350.0,1182.41
15921,Invalid Foreign Key: Product_ID,OI00015920,O0015920,P00921,1,4000.0,0.02,4000.0,301.96
15952,Invalid Foreign Key: Order_ID,OI00015951,O0015951,P00952,2,9425.0,0.05,18850.0,1379.42
15994,Invalid Foreign Key: Order_ID,OI00015993,O0015993,P00994,4,16775.0,0.05,67100.0,4910.29
15998,Invalid Foreign Key: Product_ID,OI00015997,O0015997,P00998,3,17475.0,0.02,52425.0,3957.54
16005,Negative Value: Quantity; Negative Value: Gross_Amount; Negative Value: Net_Amount,OI00016004,O0016004,P00005,-2,1200.0,0.02,-2400.0,-181.18
16016,Invalid Foreign Key: Product_ID,OI00016015,O0016015,P99999,1,3125.0,0.06,3125.0,226.28
16251,Invalid Foreign Key: Order_ID,OI00016250,O0016250,P00251,1,9250.0,0.03,9250.0,691.15
16307,Invalid Foreign Key: Product_ID,OI00016306,O0016306,P00307,2,1550.0,0.03,3100.0,231.63
16421,Invalid Foreign Key: Product_ID,OI00016420,O0016420,P00421,1,4000.0,0.05,4000.0,292.71
16499,Invalid Foreign Key: Product_ID,OI00016498,O0016498,P00499,4,17650.0,0.06,70600.0,5112.03
16527,Invalid Foreign Key: Order_ID,OI00016526,O0016526,P00527,2,5050.0,0.06,10100.0,731.33
16577,Invalid Foreign Key: Product_ID,OI00016576,O0016576,P00577,2,13800.0,0.0,27600.0,2126.03
16614,Invalid Foreign Key: Product_ID,OI00016613,O0016613,P00614,4,2775.0,0.02,11100.0,837.93
16656,Invalid Foreign Key: Order_ID,OI00016655,O0016655,P00656,1,10125.0,0.02,10125.0,764.33
16751,Invalid Foreign Key: Order_ID,OI00016750,O0016750,P00751,1,9250.0,0.06,9250.0,669.78
16842,Invalid Foreign Key: Product_ID,OI00016841,O0016841,P00842,2,7675.0,0.06,15350.0,1111.47
16921,Invalid Foreign Key: Product_ID,OI00016920,O0016920,P00921,1,4000.0,0.01,4000.0,305.04
16949,Invalid Foreign Key: Order_ID,OI00016948,O0016948,P00949,4,8900.0,0.01,35600.0,2714.85
16998,Invalid Foreign Key: Product_ID,OI00016997,O0016997,P00998,3,17475.0,0.01,52425.0,3997.93
17251,Invalid Foreign Key: Order_ID,OI00017250,O0017250,P00251,1,9250.0,0.02,9250.0,698.28
17307,Invalid Foreign Key: Product_ID,OI00017306,O0017306,P00307,2,1550.0,0.02,3100.0,234.02
17314,Invalid Foreign Key: Order_ID,OI00017313,O0017313,P00314,4,2775.0,0.02,11100.0,837.93
17421,Invalid Foreign Key: Product_ID,OI00017420,O0017420,P00421,1,4000.0,0.04,4000.0,295.8
17499,Invalid Foreign Key: Product_ID,OI00017498,O0017498,P00499,4,17650.0,0.05,70600.0,5166.42
17577,Invalid Foreign Key: Product_ID,OI00017576,O0017576,P00577,2,13800.0,0.06,27600.0,1998.47
17609,Invalid Foreign Key: Order_ID,OI00017608,O0017608,P00609,4,1900.0,0.03,7600.0,567.87
17614,Invalid Foreign Key: Product_ID,OI00017613,O0017613,P00614,4,2775.0,0.01,11100.0,846.49
17751,Invalid Foreign Key: Order_ID,OI00017750,O0017750,P00751,1,9250.0,0.05,9250.0,676.9
17771,Invalid Foreign Key: Order_ID,OI00017770,O0017770,P00771,1,12750.0,0.04,12750.0,942.85
17842,Invalid Foreign Key: Product_ID,OI00017841,O0017841,P00842,2,7675.0,0.05,15350.0,1123.29
17921,Invalid Foreign Key: Product_ID,OI00017920,O0017920,P00921,1,4000.0,0.0,4000.0,308.12
17946,Invalid Foreign Key: Order_ID,OI00017945,O0017945,P00946,1,8375.0,0.04,8375.0,619.32
17998,Invalid Foreign Key: Product_ID,OI00017997,O0017997,P00998,3,17475.0,0.0,52425.0,4038.31
18101,Invalid Foreign Key: Order_ID,OI00018100,O0018100,P00101,1,500.0,0.05,500.0,36.59
18251,Invalid Foreign Key: Order_ID,OI00018250,O0018250,P00251,1,9250.0,0.01,9250.0,705.4
18307,Invalid Foreign Key: Product_ID,OI00018306,O0018306,P00307,2,1550.0,0.01,3100.0,236.41
18421,Invalid Foreign Key: Product_ID,OI00018420,O0018420,P00421,1,4000.0,0.03,4000.0,298.88
18499,Invalid Foreign Key: Product_ID,OI00018498,O0018498,P00499,4,17650.0,0.04,70600.0,5220.8
18577,Invalid Foreign Key: Product_ID,OI00018576,O0018576,P00577,2,13800.0,0.05,27600.0,2019.73
18614,Invalid Foreign Key: Product_ID,OI00018613,O0018613,P00614,4,2775.0,0.0,11100.0,855.04
18751,Invalid Foreign Key: Order_ID,OI00018750,O0018750,P00751,1,9250.0,0.04,9250.0,684.03
18842,Invalid Foreign Key: Product_ID,OI00018841,O0018841,P00842,2,7675.0,0.04,15350.0,1135.12
18888,Invalid Foreign Key: Order_ID,OI00018887,O0018887,P00888,3,15725.0,0.01,47175.0,3597.56
18921,Invalid Foreign Key: Product_ID,OI00018920,O0018920,P00921,1,4000.0,0.06,4000.0,289.63
18943,Invalid Foreign Key: Order_ID,OI00018942,O0018942,P00943,3,7850.0,0.0,23550.0,1814.06
18998,Invalid Foreign Key: Product_ID,OI00018997,O0018997,P00998,3,17475.0,0.06,52425.0,3796.01
19219,Invalid Foreign Key: Product_ID,OI00019218,O0019218,P99999,4,3650.0,0.03,14600.0,1090.9
19251,Invalid Foreign Key: Order_ID,OI00019250,O0019250,P00251,1,9250.0,0.0,9250.0,712.53
19307,Invalid Foreign Key: Product_ID,OI00019306,O0019306,P00307,2,1550.0,0.0,3100.0,238.79
19421,Invalid Foreign Key: Product_ID,OI00019420,O0019420,P00421,1,4000.0,0.02,4000.0,301.96
19499,Invalid Foreign Key: Product_ID,OI00019498,O0019498,P00499,4,17650.0,0.03,70600.0,5275.18
19548,Invalid Foreign Key: Order_ID,OI00019547,O0019547,P00548,3,8725.0,0.03,26175.0,1955.78
19577,Invalid Foreign Key: Product_ID,OI00019576,O0019576,P00577,2,13800.0,0.04,27600.0,2040.99
19614,Invalid Foreign Key: Product_ID,OI00019613,O0019613,P00614,4,2775.0,0.06,11100.0,803.73
19675,Invalid Foreign Key: Order_ID,OI00019674,O0019674,P00675,5,13450.0,0.04,67250.0,4973.07
19751,Invalid Foreign Key: Order_ID,OI00019750,O0019750,P00751,1,9250.0,0.03,9250.0,691.15
19810,Invalid Foreign Key: Order_ID,OI00019809,O0019809,P00810,5,2075.0,0.06,10375.0,751.24
19842,Invalid Foreign Key: Product_ID,OI00019841,O0019841,P00842,2,7675.0,0.03,15350.0,1146.94
19921,Invalid Foreign Key: Product_ID,OI00019920,O0019920,P00921,1,4000.0,0.05,4000.0,292.71
19940,Invalid Foreign Key: Order_ID,OI00019939,O0019939,P00940,5,7325.0,0.03,36625.0,2736.6
19987,Invalid Foreign Key: Order_ID,OI00019986,O0019986,P00987,2,15550.0,0.01,31100.0,2371.68
19998,Invalid Foreign Key: Product_ID,OI00019997,O0019997,P00998,3,17475.0,0.05,52425.0,3836.39
20006,Negative Value: Quantity; Negative Value: Gross_Amount; Negative Value: Net_Amount,OI00020005,O0020005,P00006,-2,1375.0,0.06,-2750.0,-199.12
20013,Invalid Foreign Key: Order_ID,OI00020012,O9999999,P00013,3,2600.0,0.06,7800.0,564.79
20015,Invalid Foreign Key: Order_ID,OI00020014,O0020014,P00015,5,2950.0,0.01,14750.0,1124.83
20251,Invalid Foreign Key: Order_ID,OI00020250,O0020250,P00251,1,9250.0,0.06,9250.0,669.78
20307,Invalid Foreign Key: Product_ID,OI00020306,O0020306,P00307,2,1550.0,0.06,3100.0,224.47
20421,Invalid Foreign Key: Product_ID,OI00020420,O0020420,P00421,1,4000.0,0.01,4000.0,305.04
20499,Invalid Foreign Key: Product_ID,OI00020498,O0020498,P00499,4,17650.0,0.02,70600.0,5329.57
20577,Invalid Foreign Key: Product_ID,OI00020576,O0020576,P00577,2,13800.0,0.03,27600.0,2062.25
20614,Invalid Foreign Key: Product_ID,OI00020613,O0020613,P00614,4,2775.0,0.05,11100.0,812.28
20751,Invalid Foreign Key: Order_ID,OI00020750,O0020750,P00751,1,9250.0,0.02,9250.0,698.28
20787,Invalid Foreign Key: Order_ID,OI00020786,O0020786,P00787,2,15550.0,0.03,31100.0,2323.77
20842,Invalid Foreign Key: Product_ID,OI00020841,O0020841,P00842,2,7675.0,0.02,15350.0,1158.77
20921,Invalid Foreign Key: Product_ID,OI00020920,O0020920,P00921,1,4000.0,0.04,4000.0,295.8
20997,Invalid Foreign Key: Order_ID,OI00020996,O0020996,P00997,2,17300.0,0.03,34600.0,2585.29
20998,Invalid Foreign Key: Product_ID,OI00020997,O0020997,P00998,3,17475.0,0.04,52425.0,3876.78
21004,Negative Value: Unit_Price; Negative Value: Gross_Amount; Negative Value: Net_Amount,OI00021003,O0021003,P00004,4,-500.0,0.03,-2000.0,-149.44
21251,Invalid Foreign Key: Order_ID,OI00021250,O0021250,P00251,1,9250.0,0.05,9250.0,676.9
21307,Invalid Foreign Key: Product_ID,OI00021306,O0021306,P00307,2,1550.0,0.05,3100.0,226.85
21325,Invalid Foreign Key: Order_ID,OI00021324,O0021324,P00325,5,4700.0,0.02,23500.0,1774.01
21421,Invalid Foreign Key: Product_ID,OI00021420,O0021420,P00421,1,4000.0,0.0,4000.0,308.12
21499,Invalid Foreign Key: Product_ID,OI00021498,O0021498,P00499,4,17650.0,0.01,70600.0,5383.95
21574,Invalid Foreign Key: Order_ID,OI00021573,O0021573,P00574,4,13275.0,0.06,53100.0,3844.89
21577,Invalid Foreign Key: Product_ID,OI00021576,O0021576,P00577,2,13800.0,0.02,27600.0,2083.51
21614,Invalid Foreign Key: Product_ID,OI00021613,O0021613,P00614,4,2775.0,0.04,11100.0,820.83
21751,Invalid Foreign Key: Order_ID,OI00021750,O0021750,P00751,1,9250.0,0.01,9250.0,705.4
21842,Invalid Foreign Key: Product_ID,OI00021841,O0021841,P00842,2,7675.0,0.01,15350.0,1170.59
21921,Invalid Foreign Key: Product_ID,OI00021920,O0021920,P00921,1,4000.0,0.03,4000.0,298.88
21994,Invalid Foreign Key: Order_ID,OI00021993,O0021993,P00994,4,16775.0,0.06,67100.0,4858.6
21998,Invalid Foreign Key: Product_ID,OI00021997,O0021997,P00998,3,17475.0,0.03,52425.0,3917.16
22011,Invalid Foreign Key: Order_ID,OI00022010,O0022010,P00011,1,2250.0,0.02,2250.0,169.85
22251,Invalid Foreign Key: Order_ID,OI00022250,O0022250,P00251,1,9250.0,0.04,9250.0,684.03
22307,Invalid Foreign Key: Product_ID,OI00022306,O0022306,P00307,2,1550.0,0.04,3100.0,229.24
22361,Invalid Foreign Key: Order_ID,OI00022360,O0022360,P00361,1,11000.0,0.02,11000.0,830.39
22421,Invalid Foreign Key: Product_ID,OI00022420,O0022420,P00421,1,4000.0,0.06,4000.0,289.63
22422,Invalid Foreign Key: Product_ID,OI00022421,O0022421,P99999,2,4175.0,0.0,8350.0,643.2
22499,Invalid Foreign Key: Product_ID,OI00022498,O0022498,P00499,4,17650.0,0.0,70600.0,5438.33
22577,Invalid Foreign Key: Product_ID,OI00022576,O0022576,P00577,2,13800.0,0.01,27600.0,2104.77
22614,Invalid Foreign Key: Product_ID,OI00022613,O0022613,P00614,4,2775.0,0.03,11100.0,829.38
22751,Invalid Foreign Key: Order_ID,OI00022750,O0022750,P00751,1,9250.0,0.0,9250.0,712.53
22842,Invalid Foreign Key: Product_ID,OI00022841,O0022841,P00842,2,7675.0,0.0,15350.0,1182.41
22921,Invalid Foreign Key: Product_ID,OI00022920,O0022920,P00921,1,4000.0,0.02,4000.0,301.96
22991,Invalid Foreign Key: Order_ID,OI00022990,O0022990,P00991,1,16250.0,0.02,16250.0,1226.71
22998,Invalid Foreign Key: Product_ID,OI00022997,O0022997,P00998,3,17475.0,0.02,52425.0,3957.54
23102,Invalid Foreign Key: Order_ID,OI00023101,O0023101,P00102,2,675.0,0.01,1350.0,102.95
23148,Invalid Foreign Key: Order_ID,OI00023147,O0023147,P00148,3,8725.0,0.05,26175.0,1915.45
23251,Invalid Foreign Key: Order_ID,OI00023250,O0023250,P00251,1,9250.0,0.03,9250.0,691.15
23307,Invalid Foreign Key: Product_ID,OI00023306,O0023306,P00307,2,1550.0,0.03,3100.0,231.63
23318,Invalid Foreign Key: Order_ID,OI00023317,O0023317,P00318,3,3475.0,0.0,10425.0,803.04
23421,Invalid Foreign Key: Product_ID,OI00023420,O0023420,P00421,1,4000.0,0.05,4000.0,292.71
23499,Invalid Foreign Key: Product_ID,OI00023498,O0023498,P00499,4,17650.0,0.06,70600.0,5112.03
23577,Invalid Foreign Key: Product_ID,OI00023576,O0023576,P00577,2,13800.0,0.0,27600.0,2126.03
23614,Invalid Foreign Key: Product_ID,OI00023613,O0023613,P00614,4,2775.0,0.02,11100.0,837.93
23751,Invalid Foreign Key: Order_ID,OI00023750,O0023750,P00751,1,9250.0,0.06,9250.0,669.78
23842,Invalid Foreign Key: Product_ID,OI00023841,O0023841,P00842,2,7675.0,0.06,15350.0,1111.47
23921,Invalid Foreign Key: Product_ID,OI00023920,O0023920,P00921,1,4000.0,0.01,4000.0,305.04
23935,Invalid Foreign Key: Order_ID,OI00023934,O0023934,P00935,5,6450.0,0.01,32250.0,2459.38
23988,Invalid Foreign Key: Order_ID,OI00023987,O0023987,P00988,3,15725.0,0.05,47175.0,3452.21
23998,Invalid Foreign Key: Product_ID,OI00023997,O0023997,P00998,3,17475.0,0.01,52425.0,3997.93
24007,Negative Value: Quantity; Negative Value: Gross_Amount; Negative Value: Net_Amount,OI00024006,O0024006,P00007,-2,1550.0,0.03,-3100.0,-231.63
24212,Invalid Foreign Key: Order_ID,OI00024211,O0024211,P00212,2,2425.0,0.05,4850.0,354.92
24251,Invalid Foreign Key: Order_ID,OI00024250,O0024250,P00251,1,9250.0,0.02,9250.0,698.28
24307,Invalid Foreign Key: Product_ID,OI00024306,O0024306,P00307,2,1550.0,0.02,3100.0,234.02
24421,Invalid Foreign Key: Product_ID,OI00024420,O0024420,P00421,1,4000.0,0.04,4000.0,295.8
24499,Invalid Foreign Key: Product_ID,OI00024498,O0024498,P00499,4,17650.0,0.05,70600.0,5166.42
24577,Invalid Foreign Key: Product_ID,OI00024576,O0024576,P00577,2,13800.0,0.06,27600.0,1998.47
24614,Invalid Foreign Key: Product_ID,OI00024613,O0024613,P00614,4,2775.0,0.01,11100.0,846.49
24722,Invalid Foreign Key: Order_ID,OI00024721,O0024721,P00722,2,4175.0,0.04,8350.0,617.47
24751,Invalid Foreign Key: Order_ID,OI00024750,O0024750,P00751,1,9250.0,0.05,9250.0,676.9
24842,Invalid Foreign Key: Product_ID,OI00024841,O0024841,P00842,2,7675.0,0.05,15350.0,1123.29
24879,Invalid Foreign Key: Order_ID,OI00024878,O0024878,P00879,4,14150.0,0.0,56600.0,4359.91
24921,Invalid Foreign Key: Product_ID,OI00024920,O0024920,P00921,1,4000.0,0.0,4000.0,308.12
24985,Invalid Foreign Key: Order_ID,OI00024984,O0024984,P00985,5,15200.0,0.01,76000.0,5795.75
24998,Invalid Foreign Key: Product_ID,OI00024997,O0024997,P00998,3,17475.0,0.0,52425.0,4038.31
25016,Invalid Foreign Key: Order_ID,OI00025015,O9999999,P00016,1,3125.0,0.04,3125.0,231.09
25251,Invalid Foreign Key: Order_ID,OI00025250,O0025250,P00251,1,9250.0,0.01,9250.0,705.4
25307,Invalid Foreign Key: Product_ID,OI00025306,O0025306,P00307,2,1550.0,0.01,3100.0,236.41
25421,Invalid Foreign Key: Product_ID,OI00025420,O0025420,P00421,1,4000.0,0.03,4000.0,298.88
25499,Invalid Foreign Key: Product_ID,OI00025498,O0025498,P00499,4,17650.0,0.04,70600.0,5220.8
25509,Invalid Foreign Key: Order_ID,OI00025508,O0025508,P00509,4,1900.0,0.0,7600.0,585.43
25577,Invalid Foreign Key: Product_ID,OI00025576,O0025576,P00577,2,13800.0,0.05,27600.0,2019.73
25614,Invalid Foreign Key: Product_ID,OI00025613,O0025613,P00614,4,2775.0,0.0,11100.0,855.04
25625,Invalid Foreign Key: Product_ID,OI00025624,O0025624,P99999,5,4700.0,0.04,23500.0,1737.8
25751,Invalid Foreign Key: Order_ID,OI00025750,O0025750,P00751,1,9250.0,0.04,9250.0,684.03
25842,Invalid Foreign Key: Product_ID,OI00025841,O0025841,P00842,2,7675.0,0.04,15350.0,1135.12
25921,Invalid Foreign Key: Product_ID,OI00025920,O0025920,P00921,1,4000.0,0.06,4000.0,289.63
25982,Invalid Foreign Key: Order_ID,OI00025981,O0025981,P00982,2,14675.0,0.04,29350.0,2170.4
25998,Invalid Foreign Key: Product_ID,OI00025997,O0025997,P00998,3,17475.0,0.06,52425.0,3796.01
26251,Invalid Foreign Key: Order_ID,OI00026250,O0026250,P00251,1,9250.0,0.0,9250.0,712.53
26296,Invalid Foreign Key: Order_ID,OI00026295,O0026295,P00296,1,17125.0,0.03,17125.0,1279.57
26307,Invalid Foreign Key: Product_ID,OI00026306,O0026306,P00307,2,1550.0,0.0,3100.0,238.79
26413,Invalid Foreign Key: Order_ID,OI00026412,O0026412,P00413,3,2600.0,0.01,7800.0,594.83
26421,Invalid Foreign Key: Product_ID,OI00026420,O0026420,P00421,1,4000.0,0.02,4000.0,301.96
26499,Invalid Foreign Key: Product_ID,OI00026498,O0026498,P00499,4,17650.0,0.03,70600.0,5275.18
26577,Invalid Foreign Key: Product_ID,OI00026576,O0026576,P00577,2,13800.0,0.04,27600.0,2040.99
26614,Invalid Foreign Key: Product_ID,OI00026613,O0026613,P00614,4,2775.0,0.06,11100.0,803.73
26649,Invalid Foreign Key: Order_ID,OI00026648,O0026648,P00649,4,8900.0,0.06,35600.0,2577.74
26656,Invalid Foreign Key: Order_ID,OI00026655,O0026655,P00656,1,10125.0,0.06,10125.0,733.14
26751,Invalid Foreign Key: Order_ID,OI00026750,O0026750,P00751,1,9250.0,0.03,9250.0,691.15
26842,Invalid Foreign Key: Product_ID,OI00026841,O0026841,P00842,2,7675.0,0.03,15350.0,1146.94
26921,Invalid Foreign Key: Product_ID,OI00026920,O0026920,P00921,1,4000.0,0.05,4000.0,292.71
26979,Invalid Foreign Key: Order_ID,OI00026978,O0026978,P00979,4,14150.0,0.0,56600.0,4359.91
26998,Invalid Foreign Key: Product_ID,OI00026997,O0026997,P00998,3,17475.0,0.05,52425.0,3836.39
27083,Invalid Foreign Key: Order_ID,OI00027082,O0027082,P00083,3,14850.0,0.06,44550.0,3225.8
27251,Invalid Foreign Key: Order_ID,OI00027250,O0027250,P00251,1,9250.0,0.06,9250.0,669.78
27307,Invalid Foreign Key: Product_ID,OI00027306,O0027306,P00307,2,1550.0,0.06,3100.0,224.47
27421,Invalid Foreign Key: Product_ID,OI00027420,O0027420,P00421,1,4000.0,0.01,4000.0,305.04
27499,Invalid Foreign Key: Product_ID,OI00027498,O0027498,P00499,4,17650.0,0.02,70600.0,5329.57
27577,Invalid Foreign Key: Product_ID,OI00027576,O0027576,P00577,2,13800.0,0.03,27600.0,2062.25
27614,Invalid Foreign Key: Product_ID,OI00027613,O0027613,P00614,4,2775.0,0.05,11100.0,812.28
27751,Invalid Foreign Key: Order_ID,OI00027750,O0027750,P00751,1,9250.0,0.02,9250.0,698.28
27842,Invalid Foreign Key: Product_ID,OI00027841,O0027841,P00842,2,7675.0,0.02,15350.0,1158.77
27870,Invalid Foreign Key: Order_ID,OI00027869,O0027869,P00870,5,12575.0,0.02,62875.0,4746.41
27921,Invalid Foreign Key: Product_ID,OI00027920,O0027920,P00921,1,4000.0,0.04,4000.0,295.8
27976,Invalid Foreign Key: Order_ID,OI00027975,O0027975,P00976,1,13625.0,0.03,13625.0,1018.05
27998,Invalid Foreign Key: Product_ID,OI00027997,O0027997,P00998,3,17475.0,0.04,52425.0,3876.78
28005,Negative Value: Unit_Price; Negative Value: Gross_Amount; Negative Value: Net_Amount,OI00028004,O0028004,P00005,5,-500.0,0.04,-2500.0,-184.87
28008,Negative Value: Quantity; Negative Value: Gross_Amount; Negative Value: Net_Amount,OI00028007,O0028007,P00008,-2,1725.0,0.0,-3450.0,-265.75
28251,Invalid Foreign Key: Order_ID,OI00028250,O0028250,P00251,1,9250.0,0.05,9250.0,676.9
28307,Invalid Foreign Key: Product_ID,OI00028306,O0028306,P00307,2,1550.0,0.05,3100.0,226.85
28421,Invalid Foreign Key: Product_ID,OI00028420,O0028420,P00421,1,4000.0,0.0,4000.0,308.12
28433,Invalid Foreign Key: Order_ID,OI00028432,O0028432,P00433,3,6100.0,0.05,18300.0,1339.17
28499,Invalid Foreign Key: Product_ID,OI00028498,O0028498,P00499,4,17650.0,0.01,70600.0,5383.95
28577,Invalid Foreign Key: Product_ID,OI00028576,O0028576,P00577,2,13800.0,0.02,27600.0,2083.51
28614,Invalid Foreign Key: Order_ID; Invalid Foreign Key: Product_ID,OI00028613,O0028613,P00614,4,2775.0,0.04,11100.0,820.83
28657,Invalid Foreign Key: Order_ID,OI00028656,O0028656,P00657,2,10300.0,0.05,20600.0,1507.48
28751,Invalid Foreign Key: Order_ID,OI00028750,O0028750,P00751,1,9250.0,0.01,9250.0,705.4
28828,Invalid Foreign Key: Product_ID,OI00028827,O0028827,P99999,3,5225.0,0.01,15675.0,1195.37
28842,Invalid Foreign Key: Product_ID,OI00028841,O0028841,P00842,2,7675.0,0.01,15350.0,1170.59
28921,Invalid Foreign Key: Product_ID,OI00028920,O0028920,P00921,1,4000.0,0.03,4000.0,298.88
28973,Invalid Foreign Key: Order_ID,OI00028972,O0028972,P00973,3,13100.0,0.06,39300.0,2845.65
28998,Invalid Foreign Key: Product_ID,OI00028997,O0028997,P00998,3,17475.0,0.03,52425.0,3917.16
29251,Invalid Foreign Key: Order_ID,OI00029250,O0029250,P00251,1,9250.0,0.04,9250.0,684.03
29307,Invalid Foreign Key: Product_ID,OI00029306,O0029306,P00307,2,1550.0,0.04,3100.0,229.24
29421,Invalid Foreign Key: Product_ID,OI00029420,O0029420,P00421,1,4000.0,0.06,4000.0,289.63
29444,Invalid Foreign Key: Order_ID,OI00029443,O0029443,P00444,4,8025.0,0.01,32100.0,2447.94
29499,Invalid Foreign Key: Product_ID,OI00029498,O0029498,P00499,4,17650.0,0.0,70600.0,5438.33
29577,Invalid Foreign Key: Product_ID,OI00029576,O0029576,P00577,2,13800.0,0.01,27600.0,2104.77
29614,Invalid Foreign Key: Product_ID,OI00029613,O0029613,P00614,4,2775.0,0.03,11100.0,829.38
29751,Invalid Foreign Key: Order_ID,OI00029750,O0029750,P00751,1,9250.0,0.0,9250.0,712.53
29842,Invalid Foreign Key: Product_ID,OI00029841,O0029841,P00842,2,7675.0,0.0,15350.0,1182.41
29921,Invalid Foreign Key: Product_ID,OI00029920,O0029920,P00921,1,4000.0,0.02,4000.0,301.96
29970,Invalid Foreign Key: Order_ID,OI00029969,O0029969,P00970,5,12575.0,0.02,62875.0,4746.41
29980,Invalid Foreign Key: Order_ID,OI00029979,O0029979,P00980,5,14325.0,0.05,71625.0,5241.43
29998,Invalid Foreign Key: Product_ID,OI00029997,O0029997,P00998,3,17475.0,0.02,52425.0,3957.54
30019,Invalid Foreign Key: Order_ID,OI00030018,O9999999,P00019,4,3650.0,0.02,14600.0,1102.15
30022,Invalid Foreign Key: Order_ID,OI00030021,O0030021,P00022,2,4175.0,0.05,8350.0,611.04
30210,Invalid Foreign Key: Order_ID,OI00030209,O0030209,P00210,5,2075.0,0.04,10375.0,767.22
30231,Invalid Foreign Key: Order_ID,OI00030230,O0030230,P00231,1,5750.0,0.04,5750.0,425.21
30251,Invalid Foreign Key: Order_ID,OI00030250,O0030250,P00251,1,9250.0,0.03,9250.0,691.15
30307,Invalid Foreign Key: Product_ID,OI00030306,O0030306,P00307,2,1550.0,0.03,3100.0,231.63
30421,Invalid Foreign Key: Product_ID,OI00030420,O0030420,P00421,1,4000.0,0.05,4000.0,292.71
30499,Invalid Foreign Key: Product_ID,OI00030498,O0030498,P00499,4,17650.0,0.06,70600.0,5112.03
30577,Invalid Foreign Key: Product_ID,OI00030576,O0030576,P00577,2,13800.0,0.0,27600.0,2126.03
30614,Invalid Foreign Key: Product_ID,OI00030613,O0030613,P00614,4,2775.0,0.02,11100.0,837.93
30751,Invalid Foreign Key: Order_ID,OI00030750,O0030750,P00751,1,9250.0,0.06,9250.0,669.78
30815,Invalid Foreign Key: Order_ID,OI00030814,O0030814,P00815,5,2950.0,0.0,14750.0,1136.2
30842,Invalid Foreign Key: Product_ID,OI00030841,O0030841,P00842,2,7675.0,0.06,15350.0,1111.47
30921,Invalid Foreign Key: Product_ID,OI00030920,O0030920,P00921,1,4000.0,0.01,4000.0,305.04
30967,Invalid Foreign Key: Order_ID,OI00030966,O0030966,P00967,2,12050.0,0.05,24100.0,1763.61
30998,Invalid Foreign Key: Product_ID,OI00030997,O0030997,P00998,3,17475.0,0.01,52425.0,3997.93
31018,Invalid Foreign Key: Order_ID,OI00031017,O0031017,P00018,3,3475.0,0.0,10425.0,803.04
31251,Invalid Foreign Key: Order_ID,OI00031250,O0031250,P00251,1,9250.0,0.02,9250.0,698.28
31307,Invalid Foreign Key: Product_ID,OI00031306,O0031306,P00307,2,1550.0,0.02,3100.0,234.02
31421,Invalid Foreign Key: Product_ID,OI00031420,O0031420,P00421,1,4000.0,0.04,4000.0,295.8
31499,Invalid Foreign Key: Product_ID,OI00031498,O0031498,P00499,4,17650.0,0.05,70600.0,5166.42
31577,Invalid Foreign Key: Product_ID,OI00031576,O0031576,P00577,2,13800.0,0.06,27600.0,1998.47
31614,Invalid Foreign Key: Product_ID,OI00031613,O0031613,P00614,4,2775.0,0.01,11100.0,846.49
31751,Invalid Foreign Key: Order_ID,OI00031750,O0031750,P00751,1,9250.0,0.05,9250.0,676.9
31805,Invalid Foreign Key: Order_ID,OI00031804,O0031804,P00805,5,1200.0,0.03,6000.0,448.32
31842,Invalid Foreign Key: Product_ID,OI00031841,O0031841,P00842,2,7675.0,0.05,15350.0,1123.29
31921,Invalid Foreign Key: Product_ID,OI00031920,O0031920,P00921,1,4000.0,0.0,4000.0,308.12
31964,Invalid Foreign Key: Order_ID,OI00031963,O0031963,P00964,4,11525.0,0.01,46100.0,3515.58
31987,Invalid Foreign Key: Order_ID,OI00031986,O0031986,P00987,2,15550.0,0.03,31100.0,2323.77
31998,Invalid Foreign Key: Product_ID,OI00031997,O0031997,P00998,3,17475.0,0.0,52425.0,4038.31
32009,Negative Value: Quantity; Negative Value: Gross_Amount; Negative Value: Net_Amount,OI00032008,O0032008,P00009,-2,1900.0,0.04,-3800.0,-281.01
32031,Invalid Foreign Key: Product_ID,OI00032030,O0032030,P99999,1,5750.0,0.05,5750.0,420.78
32251,Invalid Foreign Key: Order_ID,OI00032250,O0032250,P00251,1,9250.0,0.01,9250.0,705.4
32307,Invalid Foreign Key: Product_ID,OI00032306,O0032306,P00307,2,1550.0,0.01,3100.0,236.41
32421,Invalid Foreign Key: Product_ID,OI00032420,O0032420,P00421,1,4000.0,0.03,4000.0,298.88
32499,Invalid Foreign Key: Product_ID,OI00032498,O0032498,P00499,4,17650.0,0.04,70600.0,5220.8
32577,Invalid Foreign Key: Product_ID,OI00032576,O0032576,P00577,2,13800.0,0.05,27600.0,2019.73
32592,Invalid Foreign Key: Order_ID,OI00032591,O0032591,P00592,2,16425.0,0.06,32850.0,2378.62
32614,Invalid Foreign Key: Product_ID,OI00032613,O0032613,P00614,4,2775.0,0.0,11100.0,855.04
32751,Invalid Foreign Key: Order_ID,OI00032750,O0032750,P00751,1,9250.0,0.04,9250.0,684.03
32842,Invalid Foreign Key: Product_ID,OI00032841,O0032841,P00842,2,7675.0,0.04,15350.0,1135.12
32921,Invalid Foreign Key: Product_ID,OI00032920,O0032920,P00921,1,4000.0,0.06,4000.0,289.63
32961,Invalid Foreign Key: Order_ID,OI00032960,O0032960,P00961,1,11000.0,0.04,11000.0,813.44
32998,Invalid Foreign Key: Product_ID,OI00032997,O0032997,P00998,3,17475.0,0.06,52425.0,3796.01
33016,Invalid Foreign Key: Order_ID,OI00033015,O0033015,P00016,1,3125.0,0.03,3125.0,233.5
33251,Invalid Foreign Key: Order_ID,OI00033250,O0033250,P00251,1,9250.0,0.0,9250.0,712.53
33307,Invalid Foreign Key: Product_ID,OI00033306,O0033306,P00307,2,1550.0,0.0,3100.0,238.79
33311,Invalid Foreign Key: Order_ID,OI00033310,O0033310,P00311,1,2250.0,0.04,2250.0,166.39
33379,Invalid Foreign Key: Order_ID,OI00033378,O0033378,P00379,4,14150.0,0.02,56600.0,4272.71
33421,Invalid Foreign Key: Product_ID,OI00033420,O0033420,P00421,1,4000.0,0.02,4000.0,301.96
33499,Invalid Foreign Key: Product_ID,OI00033498,O0033498,P00499,4,17650.0,0.03,70600.0,5275.18
33577,Invalid Foreign Key: Product_ID,OI00033576,O0033576,P00577,2,13800.0,0.04,27600.0,2040.99
33614,Invalid Foreign Key: Product_ID,OI00033613,O0033613,P00614,4,2775.0,0.06,11100.0,803.73
33751,Invalid Foreign Key: Order_ID,OI00033750,O0033750,P00751,1,9250.0,0.03,9250.0,691.15
33764,Invalid Foreign Key: Order_ID,OI00033763,O0033763,P00764,4,11525.0,0.02,46100.0,3480.07
33842,Invalid Foreign Key: Product_ID,OI00033841,O0033841,P00842,2,7675.0,0.03,15350.0,1146.94
33921,Invalid Foreign Key: Product_ID,OI00033920,O0033920,P00921,1,4000.0,0.05,4000.0,292.71
33958,Invalid Foreign Key: Order_ID,OI00033957,O0033957,P00958,3,10475.0,0.0,31425.0,2420.68
33998,Invalid Foreign Key: Product_ID,OI00033997,O0033997,P00998,3,17475.0,0.05,52425.0,3836.39
34166,Invalid Foreign Key: Order_ID,OI00034165,O0034165,P00166,1,11875.0,0.05,11875.0,869.0
34251,Invalid Foreign Key: Order_ID,OI00034250,O0034250,P00251,1,9250.0,0.06,9250.0,669.78
34307,Invalid Foreign Key: Product_ID,OI00034306,O0034306,P00307,2,1550.0,0.06,3100.0,224.47
34421,Invalid Foreign Key: Product_ID,OI00034420,O0034420,P00421,1,4000.0,0.01,4000.0,305.04
34499,Invalid Foreign Key: Product_ID,OI00034498,O0034498,P00499,4,17650.0,0.02,70600.0,5329.57
34577,Invalid Foreign Key: Product_ID,OI00034576,O0034576,P00577,2,13800.0,0.03,27600.0,2062.25
34614,Invalid Foreign Key: Product_ID,OI00034613,O0034613,P00614,4,2775.0,0.05,11100.0,812.28
34751,Invalid Foreign Key: Order_ID,OI00034750,O0034750,P00751,1,9250.0,0.02,9250.0,698.28
34842,Invalid Foreign Key: Product_ID,OI00034841,O0034841,P00842,2,7675.0,0.02,15350.0,1158.77
34921,Invalid Foreign Key: Product_ID,OI00034920,O0034920,P00921,1,4000.0,0.04,4000.0,295.8
34953,Invalid Foreign Key: Order_ID,OI00034952,O0034952,P00953,3,9600.0,0.01,28800.0,2196.29
34955,Invalid Foreign Key: Order_ID,OI00034954,O0034954,P00955,5,9950.0,0.03,49750.0,3717.29
34998,Invalid Foreign Key: Product_ID,OI00034997,O0034997,P00998,3,17475.0,0.04,52425.0,3876.78
35006,Negative Value: Unit_Price; Negative Value: Gross_Amount; Negative Value: Net_Amount,OI00035005,O0035005,P00006,1,-500.0,0.05,-500.0,-36.59
35022,Invalid Foreign Key: Order_ID,OI00035021,O9999999,P00022,2,4175.0,0.0,8350.0,643.2
35217,Invalid Foreign Key: Order_ID,OI00035216,O0035216,P00217,2,3300.0,0.06,6600.0,477.9
35234,Invalid Foreign Key: Product_ID,OI00035233,O0035233,P99999,4,6275.0,0.02,25100.0,1894.79
35251,Invalid Foreign Key: Order_ID,OI00035250,O0035250,P00251,1,9250.0,0.05,9250.0,676.9
35307,Invalid Foreign Key: Product_ID,OI00035306,O0035306,P00307,2,1550.0,0.05,3100.0,226.85
35421,Invalid Foreign Key: Product_ID,OI00035420,O0035420,P00421,1,4000.0,0.0,4000.0,308.12
35499,Invalid Foreign Key: Product_ID,OI00035498,O0035498,P00499,4,17650.0,0.01,70600.0,5383.95
35541,Invalid Foreign Key: Order_ID,OI00035540,O0035540,P00541,1,7500.0,0.01,7500.0,571.95
35577,Invalid Foreign Key: Product_ID,OI00035576,O0035576,P00577,2,13800.0,0.02,27600.0,2083.51
35614,Invalid Foreign Key: Product_ID,OI00035613,O0035613,P00614,4,2775.0,0.04,11100.0,820.83
35740,Invalid Foreign Key: Order_ID,OI00035739,O0035739,P00740,5,7325.0,0.04,36625.0,2708.38
35751,Invalid Foreign Key: Order_ID,OI00035750,O0035750,P00751,1,9250.0,0.01,9250.0,705.4
35842,Invalid Foreign Key: Product_ID,OI00035841,O0035841,P00842,2,7675.0,0.01,15350.0,1170.59
35921,Invalid Foreign Key: Product_ID,OI00035920,O0035920,P00921,1,4000.0,0.03,4000.0,298.88
35952,Invalid Foreign Key: Order_ID,OI00035951,O0035951,P00952,2,9425.0,0.06,18850.0,1364.9
35998,Invalid Foreign Key: Product_ID,OI00035997,O0035997,P00998,3,17475.0,0.03,52425.0,3917.16
36010,Negative Value: Quantity; Negative Value: Gross_Amount; Negative Value: Net_Amount,OI00036009,O0036009,P00010,-2,2075.0,0.01,-4150.0,-316.48
36251,Invalid Foreign Key: Order_ID,OI00036250,O0036250,P00251,1,9250.0,0.04,9250.0,684.03
36307,Invalid Foreign Key: Product_ID,OI00036306,O0036306,P00307,2,1550.0,0.04,3100.0,229.24
36421,Invalid Foreign Key: Product_ID,OI00036420,O0036420,P00421,1,4000.0,0.06,4000.0,289.63
36499,Invalid Foreign Key: Product_ID,OI00036498,O0036498,P00499,4,17650.0,0.0,70600.0,5438.33
36527,Invalid Foreign Key: Order_ID,OI00036526,O0036526,P00527,2,5050.0,0.0,10100.0,778.01
36577,Invalid Foreign Key: Product_ID,OI00036576,O0036576,P00577,2,13800.0,0.01,27600.0,2104.77
36614,Invalid Foreign Key: Product_ID,OI00036613,O0036613,P00614,4,2775.0,0.03,11100.0,829.38
36642,Invalid Foreign Key: Order_ID,OI00036641,O0036641,P00642,2,7675.0,0.03,15350.0,1146.94
36751,Invalid Foreign Key: Order_ID,OI00036750,O0036750,P00751,1,9250.0,0.0,9250.0,712.53
36842,Invalid Foreign Key: Product_ID,OI00036841,O0036841,P00842,2,7675.0,0.0,15350.0,1182.41
36921,Invalid Foreign Key: Product_ID,OI00036920,O0036920,P00921,1,4000.0,0.02,4000.0,301.96
36949,Invalid Foreign Key: Order_ID,OI00036948,O0036948,P00949,4,8900.0,0.02,35600.0,2687.43
36998,Invalid Foreign Key: Product_ID,OI00036997,O0036997,P00998,3,17475.0,0.02,52425.0,3957.54
37251,Invalid Foreign Key: Order_ID,OI00037250,O0037250,P00251,1,9250.0,0.03,9250.0,691.15
37307,Invalid Foreign Key: Product_ID,OI00037306,O0037306,P00307,2,1550.0,0.03,3100.0,231.63
37314,Invalid Foreign Key: Order_ID,OI00037313,O0037313,P00314,4,2775.0,0.03,11100.0,829.38
37318,Invalid Foreign Key: Order_ID,OI00037317,O0037317,P00318,3,3475.0,0.0,10425.0,803.04
37418,Invalid Foreign Key: Order_ID,OI00037417,O0037417,P00418,3,3475.0,0.02,10425.0,786.98
37421,Invalid Foreign Key: Product_ID,OI00037420,O0037420,P00421,1,4000.0,0.05,4000.0,292.71
37499,Invalid Foreign Key: Product_ID,OI00037498,O0037498,P00499,4,17650.0,0.06,70600.0,5112.03
37577,Invalid Foreign Key: Product_ID,OI00037576,O0037576,P00577,2,13800.0,0.0,27600.0,2126.03
37614,Invalid Foreign Key: Product_ID,OI00037613,O0037613,P00614,4,2775.0,0.02,11100.0,837.93
37751,Invalid Foreign Key: Order_ID,OI00037750,O0037750,P00751,1,9250.0,0.06,9250.0,669.78
37842,Invalid Foreign Key: Product_ID,OI00037841,O0037841,P00842,2,7675.0,0.06,15350.0,1111.47
37921,Invalid Foreign Key: Product_ID,OI00037920,O0037920,P00921,1,4000.0,0.01,4000.0,305.04
37946,Invalid Foreign Key: Order_ID,OI00037945,O0037945,P00946,1,8375.0,0.05,8375.0,612.87
37998,Invalid Foreign Key: Product_ID,OI00037997,O0037997,P00998,3,17475.0,0.01,52425.0,3997.93
38101,Invalid Foreign Key: Order_ID,OI00038100,O0038100,P00101,1,500.0,0.06,500.0,36.2
38251,Invalid Foreign Key: Order_ID,OI00038250,O0038250,P00251,1,9250.0,0.02,9250.0,698.28
38307,Invalid Foreign Key: Product_ID,OI00038306,O0038306,P00307,2,1550.0,0.02,3100.0,234.02
38421,Invalid Foreign Key: Product_ID,OI00038420,O0038420,P00421,1,4000.0,0.04,4000.0,295.8
38437,Invalid Foreign Key: Product_ID,OI00038436,O0038436,P99999,2,6800.0,0.06,13600.0,984.75
38499,Invalid Foreign Key: Product_ID,OI00038498,O0038498,P00499,4,17650.0,0.05,70600.0,5166.42
38577,Invalid Foreign Key: Product_ID,OI00038576,O0038576,P00577,2,13800.0,0.06,27600.0,1998.47
38614,Invalid Foreign Key: Product_ID,OI00038613,O0038613,P00614,4,2775.0,0.01,11100.0,846.49
38751,Invalid Foreign Key: Order_ID,OI00038750,O0038750,P00751,1,9250.0,0.05,9250.0,676.9
38842,Invalid Foreign Key: Product_ID,OI00038841,O0038841,P00842,2,7675.0,0.05,15350.0,1123.29
38888,Invalid Foreign Key: Order_ID,OI00038887,O0038887,P00888,3,15725.0,0.02,47175.0,3561.22
38921,Invalid Foreign Key: Product_ID,OI00038920,O0038920,P00921,1,4000.0,0.0,4000.0,308.12
38943,Invalid Foreign Key: Order_ID,OI00038942,O0038942,P00943,3,7850.0,0.01,23550.0,1795.92
38998,Invalid Foreign Key: Product_ID,OI00038997,O0038997,P00998,3,17475.0,0.0,52425.0,4038.31
39095,Invalid Foreign Key: Order_ID,OI00039094,O0039094,P00095,5,16950.0,0.06,84750.0,6136.61
39251,Invalid Foreign Key: Order_ID,OI00039250,O0039250,P00251,1,9250.0,0.01,9250.0,705.4
39307,Invalid Foreign Key: Product_ID,OI00039306,O0039306,P00307,2,1550.0,0.01,3100.0,236.41
39421,Invalid Foreign Key: Product_ID,OI00039420,O0039420,P00421,1,4000.0,0.03,4000.0,298.88
39499,Invalid Foreign Key: Product_ID,OI00039498,O0039498,P00499,4,17650.0,0.04,70600.0,5220.8
39577,Invalid Foreign Key: Product_ID,OI00039576,O0039576,P00577,2,13800.0,0.05,27600.0,2019.73
39614,Invalid Foreign Key: Product_ID,OI00039613,O0039613,P00614,4,2775.0,0.0,11100.0,855.04
39619,Invalid Foreign Key: Order_ID,OI00039618,O0039618,P00619,4,3650.0,0.05,14600.0,1068.41
39675,Invalid Foreign Key: Order_ID,OI00039674,O0039674,P00675,5,13450.0,0.05,67250.0,4921.27
39751,Invalid Foreign Key: Order_ID,OI00039750,O0039750,P00751,1,9250.0,0.04,9250.0,684.03
39842,Invalid Foreign Key: Product_ID,OI00039841,O0039841,P00842,2,7675.0,0.04,15350.0,1135.12
39921,Invalid Foreign Key: Product_ID,OI00039920,O0039920,P00921,1,4000.0,0.06,4000.0,289.63
39940,Invalid Foreign Key: Order_ID,OI00039939,O0039939,P00940,5,7325.0,0.04,36625.0,2708.38
39973,Invalid Foreign Key: Order_ID,OI00039972,O0039972,P00973,3,13100.0,0.02,39300.0,2966.74
39998,Invalid Foreign Key: Product_ID,OI00039997,O0039997,P00998,3,17475.0,0.06,52425.0,3796.01
40011,Negative Value: Quantity; Negative Value: Gross_Amount; Negative Value: Net_Amount,OI00040010,O0040010,P00011,-2,2250.0,0.05,-4500.0,-329.3
40025,Invalid Foreign Key: Order_ID,OI00040024,O9999999,P00025,5,4700.0,0.05,23500.0,1719.7
40029,Invalid Foreign Key: Order_ID,OI00040028,O0040028,P00029,4,5400.0,0.02,21600.0,1630.58
40251,Invalid Foreign Key: Order_ID,OI00040250,O0040250,P00251,1,9250.0,0.0,9250.0,712.53
40307,Invalid Foreign Key: Product_ID,OI00040306,O0040306,P00307,2,1550.0,0.0,3100.0,238.79
40421,Invalid Foreign Key: Product_ID,OI00040420,O0040420,P00421,1,4000.0,0.02,4000.0,301.96
40499,Invalid Foreign Key: Product_ID,OI00040498,O0040498,P00499,4,17650.0,0.03,70600.0,5275.18
40577,Invalid Foreign Key: Product_ID,OI00040576,O0040576,P00577,2,13800.0,0.04,27600.0,2040.99
40614,Invalid Foreign Key: Product_ID,OI00040613,O0040613,P00614,4,2775.0,0.06,11100.0,803.73
40751,Invalid Foreign Key: Order_ID,OI00040750,O0040750,P00751,1,9250.0,0.03,9250.0,691.15
40787,Invalid Foreign Key: Order_ID,OI00040786,O0040786,P00787,2,15550.0,0.04,31100.0,2299.81
40842,Invalid Foreign Key: Product_ID,OI00040841,O0040841,P00842,2,7675.0,0.03,15350.0,1146.94
40872,Invalid Foreign Key: Order_ID,OI00040871,O0040871,P00872,2,12925.0,0.05,25850.0,1891.67
40921,Invalid Foreign Key: Product_ID,OI00040920,O0040920,P00921,1,4000.0,0.05,4000.0,292.71
40997,Invalid Foreign Key: Order_ID,OI00040996,O0040996,P00997,2,17300.0,0.04,34600.0,2558.64
40998,Invalid Foreign Key: Product_ID,OI00040997,O0040997,P00998,3,17475.0,0.05,52425.0,3836.39
41251,Invalid Foreign Key: Order_ID,OI00041250,O0041250,P00251,1,9250.0,0.06,9250.0,669.78
41307,Invalid Foreign Key: Product_ID,OI00041306,O0041306,P00307,2,1550.0,0.06,3100.0,224.47
41421,Invalid Foreign Key: Product_ID,OI00041420,O0041420,P00421,1,4000.0,0.01,4000.0,305.04
41499,Invalid Foreign Key: Product_ID,OI00041498,O0041498,P00499,4,17650.0,0.02,70600.0,5329.57
41574,Invalid Foreign Key: Order_ID,OI00041573,O0041573,P00574,4,13275.0,0.0,53100.0,4090.31
41577,Invalid Foreign Key: Product_ID,OI00041576,O0041576,P00577,2,13800.0,0.03,27600.0,2062.25
41614,Invalid Foreign Key: Product_ID,OI00041613,O0041613,P00614,4,2775.0,0.05,11100.0,812.28
41640,Invalid Foreign Key: Product_ID,OI00041639,O0041639,P99999,5,7325.0,0.03,36625.0,2736.6
41751,Invalid Foreign Key: Order_ID,OI00041750,O0041750,P00751,1,9250.0,0.02,9250.0,698.28
41820,Invalid Foreign Key: Order_ID,OI00041819,O0041819,P00820,5,3825.0,0.01,19125.0,1458.47
41842,Invalid Foreign Key: Product_ID,OI00041841,O0041841,P00842,2,7675.0,0.02,15350.0,1158.77
41921,Invalid Foreign Key: Product_ID,OI00041920,O0041920,P00921,1,4000.0,0.04,4000.0,295.8
41994,Invalid Foreign Key: Order_ID,OI00041993,O0041993,P00994,4,16775.0,0.0,67100.0,5168.73
41998,Invalid Foreign Key: Product_ID,OI00041997,O0041997,P00998,3,17475.0,0.04,52425.0,3876.78
42007,Negative Value: Unit_Price; Negative Value: Gross_Amount; Negative Value: Net_Amount,OI00042006,O0042006,P00007,2,-500.0,0.06,-1000.0,-72.41
42251,Invalid Foreign Key: Order_ID,OI00042250,O0042250,P00251,1,9250.0,0.05,9250.0,676.9
42307,Invalid Foreign Key: Product_ID,OI00042306,O0042306,P00307,2,1550.0,0.05,3100.0,226.85
42361,Invalid Foreign Key: Order_ID,OI00042360,O0042360,P00361,1,11000.0,0.03,11000.0,821.91
42421,Invalid Foreign Key: Product_ID,OI00042420,O0042420,P00421,1,4000.0,0.0,4000.0,308.12
42499,Invalid Foreign Key: Product_ID,OI00042498,O0042498,P00499,4,17650.0,0.01,70600.0,5383.95
42577,Invalid Foreign Key: Product_ID,OI00042576,O0042576,P00577,2,13800.0,0.02,27600.0,2083.51
42614,Invalid Foreign Key: Product_ID,OI00042613,O0042613,P00614,4,2775.0,0.04,11100.0,820.83
42649,Invalid Foreign Key: Order_ID,OI00042648,O0042648,P00649,4,8900.0,0.04,35600.0,2632.59
42751,Invalid Foreign Key: Order_ID,OI00042750,O0042750,P00751,1,9250.0,0.01,9250.0,705.4
42842,Invalid Foreign Key: Product_ID,OI00042841,O0042841,P00842,2,7675.0,0.01,15350.0,1170.59
42921,Invalid Foreign Key: Product_ID,OI00042920,O0042920,P00921,1,4000.0,0.03,4000.0,298.88
42991,Invalid Foreign Key: Order_ID,OI00042990,O0042990,P00991,1,16250.0,0.03,16250.0,1214.19
42998,Invalid Foreign Key: Product_ID,OI00042997,O0042997,P00998,3,17475.0,0.03,52425.0,3917.16
43148,Invalid Foreign Key: Order_ID,OI00043147,O0043147,P00148,3,8725.0,0.06,26175.0,1895.29
43251,Invalid Foreign Key: Order_ID,OI00043250,O0043250,P00251,1,9250.0,0.04,9250.0,684.03
43304,Invalid Foreign Key: Order_ID,OI00043303,O0043303,P00304,4,1025.0,0.01,4100.0,312.67
43307,Invalid Foreign Key: Product_ID,OI00043306,O0043306,P00307,2,1550.0,0.04,3100.0,229.24
43421,Invalid Foreign Key: Product_ID,OI00043420,O0043420,P00421,1,4000.0,0.06,4000.0,289.63
43499,Invalid Foreign Key: Product_ID,OI00043498,O0043498,P00499,4,17650.0,0.0,70600.0,5438.33
43577,Invalid Foreign Key: Product_ID,OI00043576,O0043576,P00577,2,13800.0,0.01,27600.0,2104.77
43614,Invalid Foreign Key: Product_ID,OI00043613,O0043613,P00614,4,2775.0,0.03,11100.0,829.38
43751,Invalid Foreign Key: Order_ID,OI00043750,O0043750,P00751,1,9250.0,0.0,9250.0,712.53
43842,Invalid Foreign Key: Product_ID,OI00043841,O0043841,P00842,2,7675.0,0.0,15350.0,1182.41
43921,Invalid Foreign Key: Product_ID,OI00043920,O0043920,P00921,1,4000.0,0.02,4000.0,301.96
43935,Invalid Foreign Key: Order_ID,OI00043934,O0043934,P00935,5,6450.0,0.02,32250.0,2434.54
43988,Invalid Foreign Key: Order_ID,OI00043987,O0043987,P00988,3,15725.0,0.06,47175.0,3415.87
43998,Invalid Foreign Key: Product_ID,OI00043997,O0043997,P00998,3,17475.0,0.02,52425.0,3957.54
44012,Negative Value: Quantity; Negative Value: Gross_Amount; Negative Value: Net_Amount,OI00044011,O0044011,P00012,-2,2425.0,0.02,-4850.0,-366.12
44021,Invalid Foreign Key: Order_ID,OI00044020,O0044020,P00021,1,4000.0,0.04,4000.0,295.8
44251,Invalid Foreign Key: Order_ID,OI00044250,O0044250,P00251,1,9250.0,0.03,9250.0,691.15
44307,Invalid Foreign Key: Product_ID,OI00044306,O0044306,P00307,2,1550.0,0.03,3100.0,231.63
44421,Invalid Foreign Key: Product_ID,OI00044420,O0044420,P00421,1,4000.0,0.05,4000.0,292.71
44426,Invalid Foreign Key: Order_ID,OI00044425,O0044425,P00426,1,4875.0,0.03,4875.0,364.26
44499,Invalid Foreign Key: Product_ID,OI00044498,O0044498,P00499,4,17650.0,0.06,70600.0,5112.03
44577,Invalid Foreign Key: Product_ID,OI00044576,O0044576,P00577,2,13800.0,0.0,27600.0,2126.03
44614,Invalid Foreign Key: Product_ID,OI00044613,O0044613,P00614,4,2775.0,0.02,11100.0,837.93
44722,Invalid Foreign Key: Order_ID,OI00044721,O0044721,P00722,2,4175.0,0.05,8350.0,611.04
44751,Invalid Foreign Key: Order_ID,OI00044750,O0044750,P00751,1,9250.0,0.06,9250.0,669.78
44842,Invalid Foreign Key: Product_ID,OI00044841,O0044841,P00842,2,7675.0,0.06,15350.0,1111.47
44843,Invalid Foreign Key: Product_ID,OI00044842,O0044842,P99999,3,7850.0,0.0,23550.0,1814.06
44921,Invalid Foreign Key: Product_ID,OI00044920,O0044920,P00921,1,4000.0,0.01,4000.0,305.04
44985,Invalid Foreign Key: Order_ID,OI00044984,O0044984,P00985,5,15200.0,0.02,76000.0,5737.21
44998,Invalid Foreign Key: Product_ID,OI00044997,O0044997,P00998,3,17475.0,0.01,52425.0,3997.93
45028,Invalid Foreign Key: Order_ID,OI00045027,O9999999,P00028,3,5225.0,0.03,15675.0,1171.23
45251,Invalid Foreign Key: Order_ID,OI00045250,O0045250,P00251,1,9250.0,0.02,9250.0,698.28
45307,Invalid Foreign Key: Product_ID,OI00045306,O0045306,P00307,2,1550.0,0.02,3100.0,234.02
45421,Invalid Foreign Key: Product_ID,OI00045420,O0045420,P00421,1,4000.0,0.04,4000.0,295.8
45499,Invalid Foreign Key: Product_ID,OI00045498,O0045498,P00499,4,17650.0,0.05,70600.0,5166.42
45509,Invalid Foreign Key: Order_ID,OI00045508,O0045508,P00509,4,1900.0,0.01,7600.0,579.58
45577,Invalid Foreign Key: Product_ID,OI00045576,O0045576,P00577,2,13800.0,0.06,27600.0,1998.47
45614,Invalid Foreign Key: Product_ID,OI00045613,O0045613,P00614,4,2775.0,0.01,11100.0,846.49
45751,Invalid Foreign Key: Order_ID,OI00045750,O0045750,P00751,1,9250.0,0.05,9250.0,676.9
45842,Invalid Foreign Key: Product_ID,OI00045841,O0045841,P00842,2,7675.0,0.05,15350.0,1123.29
45921,Invalid Foreign Key: Product_ID,OI00045920,O0045920,P00921,1,4000.0,0.0,4000.0,308.12
45982,Invalid Foreign Key: Order_ID,OI00045981,O0045981,P00982,2,14675.0,0.05,29350.0,2147.8
45998,Invalid Foreign Key: Product_ID,OI00045997,O0045997,P00998,3,17475.0,0.0,52425.0,4038.31
46203,Invalid Foreign Key: Order_ID,OI00046202,O0046202,P00203,3,850.0,0.02,2550.0,192.5
46222,Invalid Foreign Key: Order_ID,OI00046221,O0046221,P00222,2,4175.0,0.0,8350.0,643.2
46251,Invalid Foreign Key: Order_ID,OI00046250,O0046250,P00251,1,9250.0,0.01,9250.0,705.4
46296,Invalid Foreign Key: Order_ID,OI00046295,O0046295,P00296,1,17125.0,0.04,17125.0,1266.38
46307,Invalid Foreign Key: Product_ID,OI00046306,O0046306,P00307,2,1550.0,0.01,3100.0,236.41
46421,Invalid Foreign Key: Product_ID,OI00046420,O0046420,P00421,1,4000.0,0.03,4000.0,298.88
46499,Invalid Foreign Key: Product_ID,OI00046498,O0046498,P00499,4,17650.0,0.04,70600.0,5220.8
46577,Invalid Foreign Key: Product_ID,OI00046576,O0046576,P00577,2,13800.0,0.05,27600.0,2019.73
46614,Invalid Foreign Key: Product_ID,OI00046613,O0046613,P00614,4,2775.0,0.0,11100.0,855.04
46635,Invalid Foreign Key: Order_ID,OI00046634,O0046634,P00635,5,6450.0,0.0,32250.0,2484.23
46751,Invalid Foreign Key: Order_ID,OI00046750,O0046750,P00751,1,9250.0,0.04,9250.0,684.03
46842,Invalid Foreign Key: Product_ID,OI00046841,O0046841,P00842,2,7675.0,0.04,15350.0,1135.12
46921,Invalid Foreign Key: Product_ID,OI00046920,O0046920,P00921,1,4000.0,0.06,4000.0,289.63
46979,Invalid Foreign Key: Order_ID,OI00046978,O0046978,P00979,4,14150.0,0.01,56600.0,4316.31
46998,Invalid Foreign Key: Product_ID,OI00046997,O0046997,P00998,3,17475.0,0.06,52425.0,3796.01
47083,Invalid Foreign Key: Order_ID,OI00047082,O0047082,P00083,3,14850.0,0.0,44550.0,3431.7
47251,Invalid Foreign Key: Order_ID,OI00047250,O0047250,P00251,1,9250.0,0.0,9250.0,712.53
47307,Invalid Foreign Key: Product_ID,OI00047306,O0047306,P00307,2,1550.0,0.0,3100.0,238.79
47421,Invalid Foreign Key: Product_ID,OI00047420,O0047420,P00421,1,4000.0,0.02,4000.0,301.96
47499,Invalid Foreign Key: Product_ID,OI00047498,O0047498,P00499,4,17650.0,0.03,70600.0,5275.18
47577,Invalid Foreign Key: Product_ID,OI00047576,O0047576,P00577,2,13800.0,0.04,27600.0,2040.99
47614,Invalid Foreign Key: Product_ID,OI00047613,O0047613,P00614,4,2775.0,0.06,11100.0,803.73
47751,Invalid Foreign Key: Order_ID,OI00047750,O0047750,P00751,1,9250.0,0.03,9250.0,691.15
47842,Invalid Foreign Key: Product_ID,OI00047841,O0047841,P00842,2,7675.0,0.03,15350.0,1146.94
47870,Invalid Foreign Key: Order_ID,OI00047869,O0047869,P00870,5,12575.0,0.03,62875.0,4697.98
47921,Invalid Foreign Key: Product_ID,OI00047920,O0047920,P00921,1,4000.0,0.05,4000.0,292.71
47976,Invalid Foreign Key: Order_ID,OI00047975,O0047975,P00976,1,13625.0,0.04,13625.0,1007.56
47980,Invalid Foreign Key: Order_ID,OI00047979,O0047979,P00980,5,14325.0,0.01,71625.0,5462.12
47998,Invalid Foreign Key: Product_ID,OI00047997,O0047997,P00998,3,17475.0,0.05,52425.0,3836.39
48013,Negative Value: Quantity; Negative Value: Gross_Amount; Negative Value: Net_Amount,OI00048012,O0048012,P00013,-2,2600.0,0.06,-5200.0,-376.52
48046,Invalid Foreign Key: Product_ID,OI00048045,O0048045,P99999,1,8375.0,0.04,8375.0,619.32
48251,Invalid Foreign Key: Order_ID,OI00048250,O0048250,P00251,1,9250.0,0.06,9250.0,669.78
48307,Invalid Foreign Key: Product_ID,OI00048306,O0048306,P00307,2,1550.0,0.06,3100.0,224.47
48421,Invalid Foreign Key: Product_ID,OI00048420,O0048420,P00421,1,4000.0,0.01,4000.0,305.04
48423,Invalid Foreign Key: Order_ID,OI00048422,O0048422,P00423,3,4350.0,0.03,13050.0,975.09
48499,Invalid Foreign Key: Product_ID,OI00048498,O0048498,P00499,4,17650.0,0.02,70600.0,5329.57
48577,Invalid Foreign Key: Product_ID,OI00048576,O0048576,P00577,2,13800.0,0.03,27600.0,2062.25
48614,Invalid Foreign Key: Product_ID,OI00048613,O0048613,P00614,4,2775.0,0.05,11100.0,812.28
48657,Invalid Foreign Key: Order_ID,OI00048656,O0048656,P00657,2,10300.0,0.06,20600.0,1491.61
48751,Invalid Foreign Key: Order_ID,OI00048750,O0048750,P00751,1,9250.0,0.02,9250.0,698.28
48842,Invalid Foreign Key: Product_ID,OI00048841,O0048841,P00842,2,7675.0,0.02,15350.0,1158.77
48921,Invalid Foreign Key: Product_ID,OI00048920,O0048920,P00921,1,4000.0,0.04,4000.0,295.8
48973,Invalid Foreign Key: Order_ID,OI00048972,O0048972,P00973,3,13100.0,0.0,39300.0,3027.29
48998,Invalid Foreign Key: Product_ID,OI00048997,O0048997,P00998,3,17475.0,0.04,52425.0,3876.78
49008,Negative Value: Unit_Price; Negative Value: Gross_Amount; Negative Value: Net_Amount,OI00049007,O0049007,P00008,3,-500.0,0.0,-1500.0,-115.55
49251,Invalid Foreign Key: Order_ID,OI00049250,O0049250,P00251,1,9250.0,0.05,9250.0,676.9
49307,Invalid Foreign Key: Product_ID,OI00049306,O0049306,P00307,2,1550.0,0.05,3100.0,226.85
49421,Invalid Foreign Key: Product_ID,OI00049420,O0049420,P00421,1,4000.0,0.0,4000.0,308.12
49444,Invalid Foreign Key: Order_ID,OI00049443,O0049443,P00444,4,8025.0,0.02,32100.0,2423.22
49499,Invalid Foreign Key: Product_ID,OI00049498,O0049498,P00499,4,17650.0,0.01,70600.0,5383.95
49577,Invalid Foreign Key: Product_ID,OI00049576,O0049576,P00577,2,13800.0,0.02,27600.0,2083.51
49614,Invalid Foreign Key: Product_ID,OI00049613,O0049613,P00614,4,2775.0,0.04,11100.0,820.83
49751,Invalid Foreign Key: Order_ID,OI00049750,O0049750,P00751,1,9250.0,0.01,9250.0,705.4
49757,Invalid Foreign Key: Order_ID,OI00049756,O0049756,P00757,2,10300.0,0.0,20600.0,1586.82
49842,Invalid Foreign Key: Product_ID,OI00049841,O0049841,P00842,2,7675.0,0.01,15350.0,1170.59
49921,Invalid Foreign Key: Product_ID,OI00049920,O0049920,P00921,1,4000.0,0.03,4000.0,298.88
49966,Invalid Foreign Key: Order_ID,OI00049965,O0049965,P00966,1,11875.0,0.06,11875.0,859.85
49970,Invalid Foreign Key: Order_ID,OI00049969,O0049969,P00970,5,12575.0,0.03,62875.0,4697.98
49998,Invalid Foreign Key: Product_ID,OI00049997,O0049997,P00998,3,17475.0,0.03,52425.0,3917.16
50031,Invalid Foreign Key: Order_ID,OI00050030,O9999999,P00031,1,5750.0,0.01,5750.0,438.49
50036,Invalid Foreign Key: Order_ID,OI00050035,O0050035,P00036,1,6625.0,0.06,6625.0,479.71
50231,Invalid Foreign Key: Order_ID,OI00050230,O0050230,P00231,1,5750.0,0.05,5750.0,420.78
50251,Invalid Foreign Key: Order_ID,OI00050250,O0050250,P00251,1,9250.0,0.04,9250.0,684.03
50307,Invalid Foreign Key: Product_ID,OI00050306,O0050306,P00307,2,1550.0,0.04,3100.0,229.24
50421,Invalid Foreign Key: Product_ID,OI00050420,O0050420,P00421,1,4000.0,0.06,4000.0,289.63
50499,Invalid Foreign Key: Product_ID,OI00050498,O0050498,P00499,4,17650.0,0.0,70600.0,5438.33
50577,Invalid Foreign Key: Product_ID,OI00050576,O0050576,P00577,2,13800.0,0.01,27600.0,2104.77
50614,Invalid Foreign Key: Product_ID,OI00050613,O0050613,P00614,4,2775.0,0.03,11100.0,829.38
50624,Invalid Foreign Key: Order_ID,OI00050623,O0050623,P00624,4,4525.0,0.06,18100.0,1310.59
50751,Invalid Foreign Key: Order_ID,OI00050750,O0050750,P00751,1,9250.0,0.0,9250.0,712.53
50842,Invalid Foreign Key: Product_ID,OI00050841,O0050841,P00842,2,7675.0,0.0,15350.0,1182.41
50921,Invalid Foreign Key: Product_ID,OI00050920,O0050920,P00921,1,4000.0,0.02,4000.0,301.96
50967,Invalid Foreign Key: Order_ID,OI00050966,O0050966,P00967,2,12050.0,0.06,24100.0,1745.04
50998,Invalid Foreign Key: Product_ID,OI00050997,O0050997,P00998,3,17475.0,0.02,52425.0,3957.54
51018,Invalid Foreign Key: Order_ID,OI00051017,O0051017,P00018,3,3475.0,0.01,10425.0,795.01
51249,Invalid Foreign Key: Product_ID,OI00051248,O0051248,P99999,4,8900.0,0.01,35600.0,2714.85
51251,Invalid Foreign Key: Order_ID,OI00051250,O0051250,P00251,1,9250.0,0.03,9250.0,691.15
51307,Invalid Foreign Key: Product_ID,OI00051306,O0051306,P00307,2,1550.0,0.03,3100.0,231.63
51421,Invalid Foreign Key: Product_ID,OI00051420,O0051420,P00421,1,4000.0,0.05,4000.0,292.71
51499,Invalid Foreign Key: Product_ID,OI00051498,O0051498,P00499,4,17650.0,0.06,70600.0,5112.03
51534,Invalid Foreign Key: Order_ID,OI00051533,O0051533,P00534,4,6275.0,0.06,25100.0,1817.45
51577,Invalid Foreign Key: Product_ID,OI00051576,O0051576,P00577,2,13800.0,0.0,27600.0,2126.03
51614,Invalid Foreign Key: Product_ID,OI00051613,O0051613,P00614,4,2775.0,0.02,11100.0,837.93
51751,Invalid Foreign Key: Order_ID,OI00051750,O0051750,P00751,1,9250.0,0.06,9250.0,669.78
51805,Invalid Foreign Key: Order_ID,OI00051804,O0051804,P00805,5,1200.0,0.04,6000.0,443.69
51842,Invalid Foreign Key: Product_ID,OI00051841,O0051841,P00842,2,7675.0,0.06,15350.0,1111.47
51921,Invalid Foreign Key: Product_ID,OI00051920,O0051920,P00921,1,4000.0,0.01,4000.0,305.04
51964,Invalid Foreign Key: Order_ID,OI00051963,O0051963,P00964,4,11525.0,0.02,46100.0,3480.07
51998,Invalid Foreign Key: Product_ID,OI00051997,O0051997,P00998,3,17475.0,0.01,52425.0,3997.93
52014,Negative Value: Quantity; Negative Value: Gross_Amount; Negative Value: Net_Amount,OI00052013,O0052013,P00014,-2,2775.0,0.03,-5550.0,-414.69
52251,Invalid Foreign Key: Order_ID,OI00052250,O0052250,P00251,1,9250.0,0.02,9250.0,698.28
52307,Invalid Foreign Key: Product_ID,OI00052306,O0052306,P00307,2,1550.0,0.02,3100.0,234.02
52421,Invalid Foreign Key: Product_ID,OI00052420,O0052420,P00421,1,4000.0,0.04,4000.0,295.8
52499,Invalid Foreign Key: Product_ID,OI00052498,O0052498,P00499,4,17650.0,0.05,70600.0,5166.42
52577,Invalid Foreign Key: Product_ID,OI00052576,O0052576,P00577,2,13800.0,0.06,27600.0,1998.47
52592,Invalid Foreign Key: Order_ID,OI00052591,O0052591,P00592,2,16425.0,0.0,32850.0,2530.44
52614,Invalid Foreign Key: Product_ID,OI00052613,O0052613,P00614,4,2775.0,0.01,11100.0,846.49
52751,Invalid Foreign Key: Order_ID,OI00052750,O0052750,P00751,1,9250.0,0.05,9250.0,676.9
52825,Invalid Foreign Key: Order_ID,OI00052824,O0052824,P00825,5,4700.0,0.02,23500.0,1774.01
52842,Invalid Foreign Key: Product_ID,OI00052841,O0052841,P00842,2,7675.0,0.05,15350.0,1123.29
52921,Invalid Foreign Key: Product_ID,OI00052920,O0052920,P00921,1,4000.0,0.0,4000.0,308.12
52961,Invalid Foreign Key: Order_ID,OI00052960,O0052960,P00961,1,11000.0,0.05,11000.0,804.97
52998,Invalid Foreign Key: Product_ID,OI00052997,O0052997,P00998,3,17475.0,0.0,52425.0,4038.31
53251,Invalid Foreign Key: Order_ID,OI00053250,O0053250,P00251,1,9250.0,0.01,9250.0,705.4
53297,Invalid Foreign Key: Order_ID,OI00053296,O0053296,P00297,2,17300.0,0.05,34600.0,2531.98
53307,Invalid Foreign Key: Product_ID,OI00053306,O0053306,P00307,2,1550.0,0.01,3100.0,236.41
53311,Invalid Foreign Key: Order_ID,OI00053310,O0053310,P00311,1,2250.0,0.05,2250.0,164.65
53379,Invalid Foreign Key: Order_ID,OI00053378,O0053378,P00379,4,14150.0,0.03,56600.0,4229.11
53421,Invalid Foreign Key: Product_ID,OI00053420,O0053420,P00421,1,4000.0,0.03,4000.0,298.88
53499,Invalid Foreign Key: Product_ID,OI00053498,O0053498,P00499,4,17650.0,0.04,70600.0,5220.8
53577,Invalid Foreign Key: Product_ID,OI00053576,O0053576,P00577,2,13800.0,0.05,27600.0,2019.73
53614,Invalid Foreign Key: Product_ID,OI00053613,O0053613,P00614,4,2775.0,0.0,11100.0,855.04
53751,Invalid Foreign Key: Order_ID,OI00053750,O0053750,P00751,1,9250.0,0.04,9250.0,684.03
53842,Invalid Foreign Key: Product_ID,OI00053841,O0053841,P00842,2,7675.0,0.04,15350.0,1135.12
53921,Invalid Foreign Key: Product_ID,OI00053920,O0053920,P00921,1,4000.0,0.06,4000.0,289.63
53958,Invalid Foreign Key: Order_ID,OI00053957,O0053957,P00958,3,10475.0,0.01,31425.0,2396.47
53998,Invalid Foreign Key: Product_ID,OI00053997,O0053997,P00998,3,17475.0,0.06,52425.0,3796.01
54166,Invalid Foreign Key: Order_ID,OI00054165,O0054165,P00166,1,11875.0,0.06,11875.0,859.85
54251,Invalid Foreign Key: Order_ID,OI00054250,O0054250,P00251,1,9250.0,0.0,9250.0,712.53
54307,Invalid Foreign Key: Product_ID,OI00054306,O0054306,P00307,2,1550.0,0.0,3100.0,238.79
54421,Invalid Foreign Key: Product_ID,OI00054420,O0054420,P00421,1,4000.0,0.02,4000.0,301.96
54452,Invalid Foreign Key: Product_ID,OI00054451,O0054451,P99999,2,9425.0,0.05,18850.0,1379.42
54499,Invalid Foreign Key: Product_ID,OI00054498,O0054498,P00499,4,17650.0,0.03,70600.0,5275.18
54577,Invalid Foreign Key: Product_ID,OI00054576,O0054576,P00577,2,13800.0,0.04,27600.0,2040.99
54614,Invalid Foreign Key: Product_ID,OI00054613,O0054613,P00614,4,2775.0,0.06,11100.0,803.73
54751,Invalid Foreign Key: Order_ID,OI00054750,O0054750,P00751,1,9250.0,0.03,9250.0,691.15
54842,Invalid Foreign Key: Product_ID,OI00054841,O0054841,P00842,2,7675.0,0.03,15350.0,1146.94
54921,Invalid Foreign Key: Product_ID,OI00054920,O0054920,P00921,1,4000.0,0.05,4000.0,292.71
54953,Invalid Foreign Key: Order_ID,OI00054952,O0054952,P00953,3,9600.0,0.02,28800.0,2174.1
54955,Invalid Foreign Key: Order_ID,OI00054954,O0054954,P00955,5,9950.0,0.04,49750.0,3678.96
54998,Invalid Foreign Key: Product_ID,OI00054997,O0054997,P00998,3,17475.0,0.05,52425.0,3836.39
55026,Invalid Foreign Key: Order_ID,OI00055025,O0055025,P00026,1,4875.0,0.05,4875.0,356.75
55034,Invalid Foreign Key: Order_ID,OI00055033,O9999999,P00034,4,6275.0,0.06,25100.0,1817.45
55088,Invalid Foreign Key: Order_ID,OI00055087,O0055087,P00088,3,15725.0,0.04,47175.0,3488.55
55251,Invalid Foreign Key: Order_ID,OI00055250,O0055250,P00251,1,9250.0,0.06,9250.0,669.78
55307,Invalid Foreign Key: Product_ID,OI00055306,O0055306,P00307,2,1550.0,0.06,3100.0,224.47
55421,Invalid Foreign Key: Product_ID,OI00055420,O0055420,P00421,1,4000.0,0.01,4000.0,305.04
55499,Invalid Foreign Key: Product_ID,OI00055498,O0055498,P00499,4,17650.0,0.02,70600.0,5329.57
55577,Invalid Foreign Key: Product_ID,OI00055576,O0055576,P00577,2,13800.0,0.03,27600.0,2062.25
55614,Invalid Foreign Key: Product_ID,OI00055613,O0055613,P00614,4,2775.0,0.05,11100.0,812.28
55740,Invalid Foreign Key: Order_ID,OI00055739,O0055739,P00740,5,7325.0,0.05,36625.0,2680.17
55751,Invalid Foreign Key: Order_ID,OI00055750,O0055750,P00751,1,9250.0,0.02,9250.0,698.28
55842,Invalid Foreign Key: Product_ID,OI00055841,O0055841,P00842,2,7675.0,0.02,15350.0,1158.77
55921,Invalid Foreign Key: Product_ID,OI00055920,O0055920,P00921,1,4000.0,0.04,4000.0,295.8
55952,Invalid Foreign Key: Order_ID,OI00055951,O0055951,P00952,2,9425.0,0.0,18850.0,1452.02
55998,Invalid Foreign Key: Product_ID,OI00055997,O0055997,P00998,3,17475.0,0.04,52425.0,3876.78
56009,Negative Value: Unit_Price; Negative Value: Gross_Amount; Negative Value: Net_Amount,OI00056008,O0056008,P00009,4,-500.0,0.01,-2000.0,-152.52
56015,Negative Value: Quantity; Negative Value: Gross_Amount; Negative Value: Net_Amount,OI00056014,O0056014,P00015,-2,2950.0,0.0,-5900.0,-454.48
56251,Invalid Foreign Key: Order_ID,OI00056250,O0056250,P00251,1,9250.0,0.05,9250.0,676.9
56307,Invalid Foreign Key: Product_ID,OI00056306,O0056306,P00307,2,1550.0,0.05,3100.0,226.85
56421,Invalid Foreign Key: Product_ID,OI00056420,O0056420,P00421,1,4000.0,0.0,4000.0,308.12
56499,Invalid Foreign Key: Product_ID,OI00056498,O0056498,P00499,4,17650.0,0.01,70600.0,5383.95
56527,Invalid Foreign Key: Order_ID,OI00056526,O0056526,P00527,2,5050.0,0.01,10100.0,770.23
56577,Invalid Foreign Key: Product_ID,OI00056576,O0056576,P00577,2,13800.0,0.02,27600.0,2083.51
56614,Invalid Foreign Key: Product_ID,OI00056613,O0056613,P00614,4,2775.0,0.04,11100.0,820.83
56628,Invalid Foreign Key: Order_ID,OI00056627,O0056627,P00628,3,5225.0,0.04,15675.0,1159.15
56751,Invalid Foreign Key: Order_ID,OI00056750,O0056750,P00751,1,9250.0,0.01,9250.0,705.4
56842,Invalid Foreign Key: Product_ID,OI00056841,O0056841,P00842,2,7675.0,0.01,15350.0,1170.59
56865,Invalid Foreign Key: Order_ID,OI00056864,O0056864,P00865,5,11700.0,0.03,58500.0,4371.08
56921,Invalid Foreign Key: Product_ID,OI00056920,O0056920,P00921,1,4000.0,0.03,4000.0,298.88
56949,Invalid Foreign Key: Order_ID,OI00056948,O0056948,P00949,4,8900.0,0.03,35600.0,2660.01
56998,Invalid Foreign Key: Product_ID,OI00056997,O0056997,P00998,3,17475.0,0.03,52425.0,3917.16
57227,Invalid Foreign Key: Order_ID,OI00057226,O0057226,P00227,2,5050.0,0.01,10100.0,770.23
57251,Invalid Foreign Key: Order_ID,OI00057250,O0057250,P00251,1,9250.0,0.04,9250.0,684.03
57307,Invalid Foreign Key: Product_ID,OI00057306,O0057306,P00307,2,1550.0,0.04,3100.0,229.24
57314,Invalid Foreign Key: Order_ID,OI00057313,O0057313,P00314,4,2775.0,0.04,11100.0,820.83
57421,Invalid Foreign Key: Product_ID,OI00057420,O0057420,P00421,1,4000.0,0.06,4000.0,289.63
57499,Invalid Foreign Key: Product_ID,OI00057498,O0057498,P00499,4,17650.0,0.0,70600.0,5438.33
57577,Invalid Foreign Key: Product_ID,OI00057576,O0057576,P00577,2,13800.0,0.01,27600.0,2104.77
57614,Invalid Foreign Key: Product_ID,OI00057613,O0057613,P00614,4,2775.0,0.03,11100.0,829.38
57655,Invalid Foreign Key: Product_ID,OI00057654,O0057654,P99999,5,9950.0,0.02,49750.0,3755.61
57751,Invalid Foreign Key: Order_ID,OI00057750,O0057750,P00751,1,9250.0,0.0,9250.0,712.53
57842,Invalid Foreign Key: Product_ID,OI00057841,O0057841,P00842,2,7675.0,0.0,15350.0,1182.41
57921,Invalid Foreign Key: Product_ID,OI00057920,O0057920,P00921,1,4000.0,0.02,4000.0,301.96
57946,Invalid Foreign Key: Order_ID,OI00057945,O0057945,P00946,1,8375.0,0.06,8375.0,606.42
57998,Invalid Foreign Key: Product_ID,OI00057997,O0057997,P00998,3,17475.0,0.02,52425.0,3957.54
58101,Invalid Foreign Key: Order_ID,OI00058100,O0058100,P00101,1,500.0,0.0,500.0,38.52
58251,Invalid Foreign Key: Order_ID,OI00058250,O0058250,P00251,1,9250.0,0.03,9250.0,691.15
58307,Invalid Foreign Key: Product_ID,OI00058306,O0058306,P00307,2,1550.0,0.03,3100.0,231.63
58421,Invalid Foreign Key: Product_ID,OI00058420,O0058420,P00421,1,4000.0,0.05,4000.0,292.71
58499,Invalid Foreign Key: Product_ID,OI00058498,O0058498,P00499,4,17650.0,0.06,70600.0,5112.03
58577,Invalid Foreign Key: Product_ID,OI00058576,O0058576,P00577,2,13800.0,0.0,27600.0,2126.03
58614,Invalid Foreign Key: Product_ID,OI00058613,O0058613,P00614,4,2775.0,0.02,11100.0,837.93
58642,Invalid Foreign Key: Order_ID,OI00058641,O0058641,P00642,2,7675.0,0.02,15350.0,1158.77
58751,Invalid Foreign Key: Order_ID,OI00058750,O0058750,P00751,1,9250.0,0.06,9250.0,669.78
58842,Invalid Foreign Key: Product_ID,OI00058841,O0058841,P00842,2,7675.0,0.06,15350.0,1111.47
58888,Invalid Foreign Key: Order_ID,OI00058887,O0058887,P00888,3,15725.0,0.03,47175.0,3524.88
58921,Invalid Foreign Key: Product_ID,OI00058920,O0058920,P00921,1,4000.0,0.01,4000.0,305.04
58943,Invalid Foreign Key: Order_ID,OI00058942,O0058942,P00943,3,7850.0,0.02,23550.0,1777.78
58998,Invalid Foreign Key: Product_ID,OI00058997,O0058997,P00998,3,17475.0,0.01,52425.0,3997.93
59251,Invalid Foreign Key: Order_ID,OI00059250,O0059250,P00251,1,9250.0,0.02,9250.0,698.28
59307,Invalid Foreign Key: Product_ID,OI00059306,O0059306,P00307,2,1550.0,0.02,3100.0,234.02
59421,Invalid Foreign Key: Product_ID,OI00059420,O0059420,P00421,1,4000.0,0.04,4000.0,295.8
59428,Invalid Foreign Key: Order_ID,OI00059427,O0059427,P00428,3,5225.0,0.04,15675.0,1159.15
59499,Invalid Foreign Key: Product_ID,OI00059498,O0059498,P00499,4,17650.0,0.05,70600.0,5166.42
59577,Invalid Foreign Key: Product_ID,OI00059576,O0059576,P00577,2,13800.0,0.06,27600.0,1998.47
59614,Invalid Foreign Key: Product_ID,OI00059613,O0059613,P00614,4,2775.0,0.01,11100.0,846.49
59675,Invalid Foreign Key: Order_ID,OI00059674,O0059674,P00675,5,13450.0,0.06,67250.0,4869.47
59751,Invalid Foreign Key: Order_ID,OI00059750,O0059750,P00751,1,9250.0,0.05,9250.0,676.9
59842,Invalid Foreign Key: Product_ID,OI00059841,O0059841,P00842,2,7675.0,0.05,15350.0,1123.29
59921,Invalid Foreign Key: Product_ID,OI00059920,O0059920,P00921,1,4000.0,0.0,4000.0,308.12
59940,Invalid Foreign Key: Order_ID,OI00059939,O0059939,P00940,5,7325.0,0.05,36625.0,2680.17
59959,Invalid Foreign Key: Order_ID,OI00059958,O0059958,P00959,4,10650.0,0.03,42600.0,3183.04
59998,Invalid Foreign Key: Product_ID,OI00059997,O0059997,P00998,3,17475.0,0.0,52425.0,4038.31
60016,Negative Value: Quantity; Negative Value: Gross_Amount; Negative Value: Net_Amount,OI00060015,O0060015,P00016,-2,3125.0,0.04,-6250.0,-462.18
60037,Invalid Foreign Key: Order_ID,OI00060036,O9999999,P00037,2,6800.0,0.04,13600.0,1005.71
60043,Invalid Foreign Key: Order_ID,OI00060042,O0060042,P00043,3,7850.0,0.03,23550.0,1759.64
60251,Invalid Foreign Key: Order_ID,OI00060250,O0060250,P00251,1,9250.0,0.01,9250.0,705.4
60307,Invalid Foreign Key: Product_ID,OI00060306,O0060306,P00307,2,1550.0,0.01,3100.0,236.41
60419,Invalid Foreign Key: Order_ID,OI00060418,O0060418,P00419,4,3650.0,0.01,14600.0,1113.39
60421,Invalid Foreign Key: Product_ID,OI00060420,O0060420,P00421,1,4000.0,0.03,4000.0,298.88
60499,Invalid Foreign Key: Product_ID,OI00060498,O0060498,P00499,4,17650.0,0.04,70600.0,5220.8
60577,Invalid Foreign Key: Product_ID,OI00060576,O0060576,P00577,2,13800.0,0.05,27600.0,2019.73
60614,Invalid Foreign Key: Product_ID,OI00060613,O0060613,P00614,4,2775.0,0.0,11100.0,855.04
60751,Invalid Foreign Key: Order_ID,OI00060750,O0060750,P00751,1,9250.0,0.04,9250.0,684.03
60787,Invalid Foreign Key: Order_ID,OI00060786,O0060786,P00787,2,15550.0,0.05,31100.0,2275.86
60842,Invalid Foreign Key: Product_ID,OI00060841,O0060841,P00842,2,7675.0,0.04,15350.0,1135.12
60858,Invalid Foreign Key: Product_ID,OI00060857,O0060857,P99999,3,10475.0,0.06,31425.0,2275.43
60921,Invalid Foreign Key: Product_ID,OI00060920,O0060920,P00921,1,4000.0,0.06,4000.0,289.63
60997,Invalid Foreign Key: Order_ID,OI00060996,O0060996,P00997,2,17300.0,0.05,34600.0,2531.98
60998,Invalid Foreign Key: Product_ID,OI00060997,O0060997,P00998,3,17475.0,0.06,52425.0,3796.01
61251,Invalid Foreign Key: Order_ID,OI00061250,O0061250,P00251,1,9250.0,0.0,9250.0,712.53
61307,Invalid Foreign Key: Product_ID,OI00061306,O0061306,P00307,2,1550.0,0.0,3100.0,238.79
61421,Invalid Foreign Key: Product_ID,OI00061420,O0061420,P00421,1,4000.0,0.02,4000.0,301.96
61499,Invalid Foreign Key: Product_ID,OI00061498,O0061498,P00499,4,17650.0,0.03,70600.0,5275.18
61574,Invalid Foreign Key: Order_ID,OI00061573,O0061573,P00574,4,13275.0,0.01,53100.0,4049.4
61577,Invalid Foreign Key: Product_ID,OI00061576,O0061576,P00577,2,13800.0,0.04,27600.0,2040.99
61614,Invalid Foreign Key: Product_ID,OI00061613,O0061613,P00614,4,2775.0,0.06,11100.0,803.73
61629,Invalid Foreign Key: Order_ID,OI00061628,O0061628,P00629,4,5400.0,0.0,21600.0,1663.85
61751,Invalid Foreign Key: Order_ID,OI00061750,O0061750,P00751,1,9250.0,0.03,9250.0,691.15
61842,Invalid Foreign Key: Product_ID,OI00061841,O0061841,P00842,2,7675.0,0.03,15350.0,1146.94
61921,Invalid Foreign Key: Product_ID,OI00061920,O0061920,P00921,1,4000.0,0.05,4000.0,292.71
61994,Invalid Foreign Key: Order_ID,OI00061993,O0061993,P00994,4,16775.0,0.01,67100.0,5117.04
61998,Invalid Foreign Key: Product_ID,OI00061997,O0061997,P00998,3,17475.0,0.05,52425.0,3836.39
62196,Invalid Foreign Key: Order_ID,OI00062195,O0062195,P00196,1,17125.0,0.0,17125.0,1319.14
62251,Invalid Foreign Key: Order_ID,OI00062250,O0062250,P00251,1,9250.0,0.06,9250.0,669.78
62307,Invalid Foreign Key: Product_ID,OI00062306,O0062306,P00307,2,1550.0,0.06,3100.0,224.47
62361,Invalid Foreign Key: Order_ID,OI00062360,O0062360,P00361,1,11000.0,0.04,11000.0,813.44
62421,Invalid Foreign Key: Product_ID,OI00062420,O0062420,P00421,1,4000.0,0.01,4000.0,305.04
62499,Invalid Foreign Key: Product_ID,OI00062498,O0062498,P00499,4,17650.0,0.02,70600.0,5329.57
62577,Invalid Foreign Key: Product_ID,OI00062576,O0062576,P00577,2,13800.0,0.03,27600.0,2062.25
62614,Invalid Foreign Key: Product_ID,OI00062613,O0062613,P00614,4,2775.0,0.05,11100.0,812.28
62751,Invalid Foreign Key: Order_ID,OI00062750,O0062750,P00751,1,9250.0,0.02,9250.0,698.28
62842,Invalid Foreign Key: Product_ID,OI00062841,O0062841,P00842,2,7675.0,0.02,15350.0,1158.77
62921,Invalid Foreign Key: Product_ID,OI00062920,O0062920,P00921,1,4000.0,0.04,4000.0,295.8
62991,Invalid Foreign Key: Order_ID,OI00062990,O0062990,P00991,1,16250.0,0.04,16250.0,1201.67
62998,Invalid Foreign Key: Product_ID,OI00062997,O0062997,P00998,3,17475.0,0.04,52425.0,3876.78
63010,Negative Value: Unit_Price; Negative Value: Gross_Amount; Negative Value: Net_Amount,OI00063009,O0063009,P00010,5,-500.0,0.02,-2500.0,-188.72
63148,Invalid Foreign Key: Order_ID,OI00063147,O0063147,P00148,3,8725.0,0.0,26175.0,2016.27
63251,Invalid Foreign Key: Order_ID,OI00063250,O0063250,P00251,1,9250.0,0.05,9250.0,676.9
63290,Invalid Foreign Key: Order_ID,OI00063289,O0063289,P00290,5,16075.0,0.02,80375.0,6067.48
63307,Invalid Foreign Key: Product_ID,OI00063306,O0063306,P00307,2,1550.0,0.05,3100.0,226.85
63421,Invalid Foreign Key: Product_ID,OI00063420,O0063420,P00421,1,4000.0,0.0,4000.0,308.12
63499,Invalid Foreign Key: Product_ID,OI00063498,O0063498,P00499,4,17650.0,0.01,70600.0,5383.95
63577,Invalid Foreign Key: Product_ID,OI00063576,O0063576,P00577,2,13800.0,0.02,27600.0,2083.51
63614,Invalid Foreign Key: Product_ID,OI00063613,O0063613,P00614,4,2775.0,0.04,11100.0,820.83
63751,Invalid Foreign Key: Order_ID,OI00063750,O0063750,P00751,1,9250.0,0.01,9250.0,705.4
63830,Invalid Foreign Key: Order_ID,OI00063829,O0063829,P00830,5,5575.0,0.03,27875.0,2082.8
63842,Invalid Foreign Key: Product_ID,OI00063841,O0063841,P00842,2,7675.0,0.01,15350.0,1170.59
63921,Invalid Foreign Key: Product_ID,OI00063920,O0063920,P00921,1,4000.0,0.03,4000.0,298.88
63935,Invalid Foreign Key: Order_ID,OI00063934,O0063934,P00935,5,6450.0,0.03,32250.0,2409.7
63973,Invalid Foreign Key: Order_ID,OI00063972,O0063972,P00973,3,13100.0,0.06,39300.0,2845.65
63988,Invalid Foreign Key: Order_ID,OI00063987,O0063987,P00988,3,15725.0,0.0,47175.0,3633.9
63998,Invalid Foreign Key: Product_ID,OI00063997,O0063997,P00998,3,17475.0,0.03,52425.0,3917.16
64017,Negative Value: Quantity; Negative Value: Gross_Amount; Negative Value: Net_Amount,OI00064016,O0064016,P00017,-2,3300.0,0.01,-6600.0,-503.32
64061,Invalid Foreign Key: Product_ID,OI00064060,O0064060,P99999,1,11000.0,0.03,11000.0,821.91
64251,Invalid Foreign Key: Order_ID,OI00064250,O0064250,P00251,1,9250.0,0.04,9250.0,684.03
64307,Invalid Foreign Key: Product_ID,OI00064306,O0064306,P00307,2,1550.0,0.04,3100.0,229.24
64421,Invalid Foreign Key: Product_ID,OI00064420,O0064420,P00421,1,4000.0,0.06,4000.0,289.63
64499,Invalid Foreign Key: Product_ID,OI00064498,O0064498,P00499,4,17650.0,0.0,70600.0,5438.33
64577,Invalid Foreign Key: Product_ID,OI00064576,O0064576,P00577,2,13800.0,0.01,27600.0,2104.77
64614,Invalid Foreign Key: Product_ID,OI00064613,O0064613,P00614,4,2775.0,0.03,11100.0,829.38
64722,Invalid Foreign Key: Order_ID,OI00064721,O0064721,P00722,2,4175.0,0.06,8350.0,604.61
64751,Invalid Foreign Key: Order_ID,OI00064750,O0064750,P00751,1,9250.0,0.0,9250.0,712.53
64842,Invalid Foreign Key: Product_ID,OI00064841,O0064841,P00842,2,7675.0,0.0,15350.0,1182.41
64921,Invalid Foreign Key: Product_ID,OI00064920,O0064920,P00921,1,4000.0,0.02,4000.0,301.96
64985,Invalid Foreign Key: Order_ID,OI00064984,O0064984,P00985,5,15200.0,0.03,76000.0,5678.67
64998,Invalid Foreign Key: Product_ID,OI00064997,O0064997,P00998,3,17475.0,0.02,52425.0,3957.54
65040,Invalid Foreign Key: Order_ID,OI00065039,O9999999,P00040,5,7325.0,0.02,36625.0,2764.81
65251,Invalid Foreign Key: Order_ID,OI00065250,O0065250,P00251,1,9250.0,0.03,9250.0,691.15
65307,Invalid Foreign Key: Product_ID,OI00065306,O0065306,P00307,2,1550.0,0.03,3100.0,231.63
65421,Invalid Foreign Key: Product_ID,OI00065420,O0065420,P00421,1,4000.0,0.05,4000.0,292.71
65499,Invalid Foreign Key: Product_ID,OI00065498,O0065498,P00499,4,17650.0,0.06,70600.0,5112.03
65509,Invalid Foreign Key: Order_ID,OI00065508,O0065508,P00509,4,1900.0,0.02,7600.0,573.72
65577,Invalid Foreign Key: Product_ID,OI00065576,O0065576,P00577,2,13800.0,0.0,27600.0,2126.03
65614,Invalid Foreign Key: Product_ID,OI00065613,O0065613,P00614,4,2775.0,0.02,11100.0,837.93
65750,Invalid Foreign Key: Order_ID,OI00065749,O0065749,P00750,5,9075.0,0.05,45375.0,3320.48
65751,Invalid Foreign Key: Order_ID,OI00065750,O0065750,P00751,1,9250.0,0.06,9250.0,669.78
65842,Invalid Foreign Key: Product_ID,OI00065841,O0065841,P00842,2,7675.0,0.06,15350.0,1111.47
65921,Invalid Foreign Key: Product_ID,OI00065920,O0065920,P00921,1,4000.0,0.01,4000.0,305.04
65982,Invalid Foreign Key: Order_ID,OI00065981,O0065981,P00982,2,14675.0,0.06,29350.0,2125.19
65998,Invalid Foreign Key: Product_ID,OI00065997,O0065997,P00998,3,17475.0,0.01,52425.0,3997.93
66031,Invalid Foreign Key: Order_ID,OI00066030,O0066030,P00031,1,5750.0,0.06,5750.0,416.35
66251,Invalid Foreign Key: Order_ID,OI00066250,O0066250,P00251,1,9250.0,0.02,9250.0,698.28
66296,Invalid Foreign Key: Order_ID,OI00066295,O0066295,P00296,1,17125.0,0.05,17125.0,1253.19
66307,Invalid Foreign Key: Product_ID,OI00066306,O0066306,P00307,2,1550.0,0.02,3100.0,234.02
66421,Invalid Foreign Key: Product_ID,OI00066420,O0066420,P00421,1,4000.0,0.04,4000.0,295.8
66499,Invalid Foreign Key: Product_ID,OI00066498,O0066498,P00499,4,17650.0,0.05,70600.0,5166.42
66577,Invalid Foreign Key: Product_ID,OI00066576,O0066576,P00577,2,13800.0,0.06,27600.0,1998.47
66614,Invalid Foreign Key: Product_ID,OI00066613,O0066613,P00614,4,2775.0,0.01,11100.0,846.49
66621,Invalid Foreign Key: Order_ID,OI00066620,O0066620,P00621,1,4000.0,0.01,4000.0,305.04
66751,Invalid Foreign Key: Order_ID,OI00066750,O0066750,P00751,1,9250.0,0.05,9250.0,676.9
66842,Invalid Foreign Key: Product_ID,OI00066841,O0066841,P00842,2,7675.0,0.05,15350.0,1123.29
66921,Invalid Foreign Key: Product_ID,OI00066920,O0066920,P00921,1,4000.0,0.0,4000.0,308.12
66979,Invalid Foreign Key: Order_ID,OI00066978,O0066978,P00979,4,14150.0,0.02,56600.0,4272.71
66998,Invalid Foreign Key: Product_ID,OI00066997,O0066997,P00998,3,17475.0,0.0,52425.0,4038.31
67083,Invalid Foreign Key: Order_ID,OI00067082,O0067082,P00083,3,14850.0,0.01,44550.0,3397.38
67251,Invalid Foreign Key: Order_ID,OI00067250,O0067250,P00251,1,9250.0,0.01,9250.0,705.4
67264,Invalid Foreign Key: Product_ID,OI00067263,O0067263,P99999,4,11525.0,0.0,46100.0,3551.09
67307,Invalid Foreign Key: Product_ID,OI00067306,O0067306,P00307,2,1550.0,0.01,3100.0,236.41
67421,Invalid Foreign Key: Product_ID,OI00067420,O0067420,P00421,1,4000.0,0.03,4000.0,298.88
67499,Invalid Foreign Key: Product_ID,OI00067498,O0067498,P00499,4,17650.0,0.04,70600.0,5220.8
67527,Invalid Foreign Key: Order_ID,OI00067526,O0067526,P00527,2,5050.0,0.04,10100.0,746.89
67577,Invalid Foreign Key: Product_ID,OI00067576,O0067576,P00577,2,13800.0,0.05,27600.0,2019.73
67614,Invalid Foreign Key: Product_ID,OI00067613,O0067613,P00614,4,2775.0,0.0,11100.0,855.04
67751,Invalid Foreign Key: Order_ID,OI00067750,O0067750,P00751,1,9250.0,0.04,9250.0,684.03
67842,Invalid Foreign Key: Product_ID,OI00067841,O0067841,P00842,2,7675.0,0.04,15350.0,1135.12
67870,Invalid Foreign Key: Order_ID,OI00067869,O0067869,P00870,5,12575.0,0.04,62875.0,4649.54
67921,Invalid Foreign Key: Product_ID,OI00067920,O0067920,P00921,1,4000.0,0.06,4000.0,289.63
67976,Invalid Foreign Key: Order_ID,OI00067975,O0067975,P00976,1,13625.0,0.05,13625.0,997.06
67998,Invalid Foreign Key: Product_ID,OI00067997,O0067997,P00998,3,17475.0,0.06,52425.0,3796.01
68018,Negative Value: Quantity; Negative Value: Gross_Amount; Negative Value: Net_Amount,OI00068017,O0068017,P00018,-2,3475.0,0.05,-6950.0,-508.59
68232,Invalid Foreign Key: Order_ID,OI00068231,O0068231,P00232,2,5925.0,0.02,11850.0,894.55
68251,Invalid Foreign Key: Order_ID,OI00068250,O0068250,P00251,1,9250.0,0.0,9250.0,712.53
68307,Invalid Foreign Key: Product_ID,OI00068306,O0068306,P00307,2,1550.0,0.0,3100.0,238.79
68421,Invalid Foreign Key: Product_ID,OI00068420,O0068420,P00421,1,4000.0,0.02,4000.0,301.96
68499,Invalid Foreign Key: Product_ID,OI00068498,O0068498,P00499,4,17650.0,0.03,70600.0,5275.18
68577,Invalid Foreign Key: Product_ID,OI00068576,O0068576,P00577,2,13800.0,0.04,27600.0,2040.99
68614,Invalid Foreign Key: Product_ID,OI00068613,O0068613,P00614,4,2775.0,0.06,11100.0,803.73
68657,Invalid Foreign Key: Order_ID,OI00068656,O0068656,P00657,2,10300.0,0.0,20600.0,1586.82
68751,Invalid Foreign Key: Order_ID,OI00068750,O0068750,P00751,1,9250.0,0.03,9250.0,691.15
68842,Invalid Foreign Key: Product_ID,OI00068841,O0068841,P00842,2,7675.0,0.03,15350.0,1146.94
68921,Invalid Foreign Key: Product_ID,OI00068920,O0068920,P00921,1,4000.0,0.05,4000.0,292.71
68973,Invalid Foreign Key: Order_ID,OI00068972,O0068972,P00973,3,13100.0,0.01,39300.0,2997.02
68998,Invalid Foreign Key: Product_ID,OI00068997,O0068997,P00998,3,17475.0,0.05,52425.0,3836.39
69251,Invalid Foreign Key: Order_ID,OI00069250,O0069250,P00251,1,9250.0,0.06,9250.0,669.78
69304,Invalid Foreign Key: Order_ID,OI00069303,O0069303,P00304,4,1025.0,0.03,4100.0,306.35
69307,Invalid Foreign Key: Product_ID,OI00069306,O0069306,P00307,2,1550.0,0.06,3100.0,224.47
69421,Invalid Foreign Key: Product_ID,OI00069420,O0069420,P00421,1,4000.0,0.01,4000.0,305.04
69444,Invalid Foreign Key: Order_ID,OI00069443,O0069443,P00444,4,8025.0,0.03,32100.0,2398.49
69499,Invalid Foreign Key: Product_ID,OI00069498,O0069498,P00499,4,17650.0,0.02,70600.0,5329.57
69577,Invalid Foreign Key: Product_ID,OI00069576,O0069576,P00577,2,13800.0,0.03,27600.0,2062.25
69614,Invalid Foreign Key: Product_ID,OI00069613,O0069613,P00614,4,2775.0,0.05,11100.0,812.28
69751,Invalid Foreign Key: Order_ID,OI00069750,O0069750,P00751,1,9250.0,0.02,9250.0,698.28
69842,Invalid Foreign Key: Product_ID,OI00069841,O0069841,P00842,2,7675.0,0.02,15350.0,1158.77
69921,Invalid Foreign Key: Product_ID,OI00069920,O0069920,P00921,1,4000.0,0.04,4000.0,295.8
69952,Invalid Foreign Key: Order_ID,OI00069951,O0069951,P00952,2,9425.0,0.0,18850.0,1452.02
69970,Invalid Foreign Key: Order_ID,OI00069969,O0069969,P00970,5,12575.0,0.04,62875.0,4649.54
69998,Invalid Foreign Key: Product_ID,OI00069997,O0069997,P00998,3,17475.0,0.04,52425.0,3876.78
70011,Negative Value: Unit_Price; Negative Value: Gross_Amount; Negative Value: Net_Amount,OI00070010,O0070010,P00011,1,-500.0,0.03,-500.0,-37.36
70043,Invalid Foreign Key: Order_ID,OI00070042,O9999999,P00043,3,7850.0,0.0,23550.0,1814.06
70050,Invalid Foreign Key: Order_ID,OI00070049,O0070049,P00050,5,9075.0,0.0,45375.0,3495.25
70231,Invalid Foreign Key: Order_ID,OI00070230,O0070230,P00231,1,5750.0,0.06,5750.0,416.35
70251,Invalid Foreign Key: Order_ID,OI00070250,O0070250,P00251,1,9250.0,0.05,9250.0,676.9
70307,Invalid Foreign Key: Product_ID,OI00070306,O0070306,P00307,2,1550.0,0.05,3100.0,226.85
70421,Invalid Foreign Key: Product_ID,OI00070420,O0070420,P00421,1,4000.0,0.0,4000.0,308.12
70433,Invalid Foreign Key: Order_ID,OI00070432,O0070432,P00433,3,6100.0,0.05,18300.0,1339.17
70467,Invalid Foreign Key: Product_ID,OI00070466,O0070466,P99999,2,12050.0,0.04,24100.0,1782.17
70499,Invalid Foreign Key: Product_ID,OI00070498,O0070498,P00499,4,17650.0,0.01,70600.0,5383.95
70577,Invalid Foreign Key: Product_ID,OI00070576,O0070576,P00577,2,13800.0,0.02,27600.0,2083.51
70614,Invalid Foreign Key: Product_ID,OI00070613,O0070613,P00614,4,2775.0,0.04,11100.0,820.83
70751,Invalid Foreign Key: Order_ID,OI00070750,O0070750,P00751,1,9250.0,0.01,9250.0,705.4
70842,Invalid Foreign Key: Product_ID,OI00070841,O0070841,P00842,2,7675.0,0.01,15350.0,1170.59
70921,Invalid Foreign Key: Product_ID,OI00070920,O0070920,P00921,1,4000.0,0.03,4000.0,298.88
70967,Invalid Foreign Key: Order_ID,OI00070966,O0070966,P00967,2,12050.0,0.0,24100.0,1856.43
70998,Invalid Foreign Key: Product_ID,OI00070997,O0070997,P00998,3,17475.0,0.03,52425.0,3917.16
71018,Invalid Foreign Key: Order_ID,OI00071017,O0071017,P00018,3,3475.0,0.02,10425.0,786.98
71081,Invalid Foreign Key: Order_ID,OI00071080,O0071080,P00081,1,14500.0,0.02,14500.0,1094.6
71251,Invalid Foreign Key: Order_ID,OI00071250,O0071250,P00251,1,9250.0,0.04,9250.0,684.03
71307,Invalid Foreign Key: Product_ID,OI00071306,O0071306,P00307,2,1550.0,0.04,3100.0,229.24
71421,Invalid Foreign Key: Product_ID,OI00071420,O0071420,P00421,1,4000.0,0.06,4000.0,289.63
71499,Invalid Foreign Key: Product_ID,OI00071498,O0071498,P00499,4,17650.0,0.0,70600.0,5438.33
71577,Invalid Foreign Key: Product_ID,OI00071576,O0071576,P00577,2,13800.0,0.01,27600.0,2104.77
71614,Invalid Foreign Key: Product_ID,OI00071613,O0071613,P00614,4,2775.0,0.03,11100.0,829.38
71751,Invalid Foreign Key: Order_ID,OI00071750,O0071750,P00751,1,9250.0,0.0,9250.0,712.53
71805,Invalid Foreign Key: Order_ID,OI00071804,O0071804,P00805,5,1200.0,0.05,6000.0,439.07
71842,Invalid Foreign Key: Product_ID,OI00071841,O0071841,P00842,2,7675.0,0.0,15350.0,1182.41
71921,Invalid Foreign Key: Product_ID,OI00071920,O0071920,P00921,1,4000.0,0.02,4000.0,301.96
71964,Invalid Foreign Key: Order_ID,OI00071963,O0071963,P00964,4,11525.0,0.03,46100.0,3444.56
71998,Invalid Foreign Key: Product_ID,OI00071997,O0071997,P00998,3,17475.0,0.02,52425.0,3957.54
72019,Negative Value: Quantity; Negative Value: Gross_Amount; Negative Value: Net_Amount,OI00072018,O0072018,P00019,-2,3650.0,0.02,-7300.0,-551.07
72251,Invalid Foreign Key: Order_ID,OI00072250,O0072250,P00251,1,9250.0,0.03,9250.0,691.15
72307,Invalid Foreign Key: Product_ID,OI00072306,O0072306,P00307,2,1550.0,0.03,3100.0,231.63
72421,Invalid Foreign Key: Product_ID,OI00072420,O0072420,P00421,1,4000.0,0.05,4000.0,292.71
72499,Invalid Foreign Key: Product_ID,OI00072498,O0072498,P00499,4,17650.0,0.06,70600.0,5112.03
72577,Invalid Foreign Key: Product_ID,OI00072576,O0072576,P00577,2,13800.0,0.0,27600.0,2126.03
72592,Invalid Foreign Key: Order_ID,OI00072591,O0072591,P00592,2,16425.0,0.01,32850.0,2505.14
72614,Invalid Foreign Key: Product_ID,OI00072613,O0072613,P00614,4,2775.0,0.02,11100.0,837.93
72634,Invalid Foreign Key: Order_ID,OI00072633,O0072633,P00634,4,6275.0,0.01,25100.0,1914.12
72751,Invalid Foreign Key: Order_ID,OI00072750,O0072750,P00751,1,9250.0,0.06,9250.0,669.78
72842,Invalid Foreign Key: Product_ID,OI00072841,O0072841,P00842,2,7675.0,0.06,15350.0,1111.47
72858,Invalid Foreign Key: Order_ID,OI00072857,O0072857,P00858,3,10475.0,0.01,31425.0,2396.47
72921,Invalid Foreign Key: Product_ID,OI00072920,O0072920,P00921,1,4000.0,0.01,4000.0,305.04
72961,Invalid Foreign Key: Order_ID,OI00072960,O0072960,P00961,1,11000.0,0.06,11000.0,796.49
72998,Invalid Foreign Key: Product_ID,OI00072997,O0072997,P00998,3,17475.0,0.01,52425.0,3997.93
73251,Invalid Foreign Key: Order_ID,OI00073250,O0073250,P00251,1,9250.0,0.02,9250.0,698.28
73283,Invalid Foreign Key: Order_ID,OI00073282,O0073282,P00283,3,14850.0,0.06,44550.0,3225.8
73307,Invalid Foreign Key: Product_ID,OI00073306,O0073306,P00307,2,1550.0,0.02,3100.0,234.02
73379,Invalid Foreign Key: Order_ID,OI00073378,O0073378,P00379,4,14150.0,0.04,56600.0,4185.51
73421,Invalid Foreign Key: Product_ID,OI00073420,O0073420,P00421,1,4000.0,0.04,4000.0,295.8
73499,Invalid Foreign Key: Product_ID,OI00073498,O0073498,P00499,4,17650.0,0.05,70600.0,5166.42
73577,Invalid Foreign Key: Product_ID,OI00073576,O0073576,P00577,2,13800.0,0.06,27600.0,1998.47
73614,Invalid Foreign Key: Product_ID,OI00073613,O0073613,P00614,4,2775.0,0.01,11100.0,846.49
73670,Invalid Foreign Key: Product_ID,OI00073669,O0073669,P99999,5,12575.0,0.01,62875.0,4794.84
73751,Invalid Foreign Key: Order_ID,OI00073750,O0073750,P00751,1,9250.0,0.05,9250.0,676.9
73842,Invalid Foreign Key: Product_ID,OI00073841,O0073841,P00842,2,7675.0,0.05,15350.0,1123.29
73921,Invalid Foreign Key: Product_ID,OI00073920,O0073920,P00921,1,4000.0,0.0,4000.0,308.12
73958,Invalid Foreign Key: Order_ID,OI00073957,O0073957,P00958,3,10475.0,0.02,31425.0,2372.26
73998,Invalid Foreign Key: Product_ID,OI00073997,O0073997,P00998,3,17475.0,0.0,52425.0,4038.31
74166,Invalid Foreign Key: Order_ID,OI00074165,O0074165,P00166,1,11875.0,0.0,11875.0,914.73
74251,Invalid Foreign Key: Order_ID,OI00074250,O0074250,P00251,1,9250.0,0.01,9250.0,705.4
74307,Invalid Foreign Key: Product_ID,OI00074306,O0074306,P00307,2,1550.0,0.01,3100.0,236.41
74421,Invalid Foreign Key: Product_ID,OI00074420,O0074420,P00421,1,4000.0,0.03,4000.0,298.88
74499,Invalid Foreign Key: Product_ID,OI00074498,O0074498,P00499,4,17650.0,0.04,70600.0,5220.8
74577,Invalid Foreign Key: Product_ID,OI00074576,O0074576,P00577,2,13800.0,0.05,27600.0,2019.73
74614,Invalid Foreign Key: Product_ID,OI00074613,O0074613,P00614,4,2775.0,0.0,11100.0,855.04
74635,Invalid Foreign Key: Order_ID,OI00074634,O0074634,P00635,5,6450.0,0.0,32250.0,2484.23
74751,Invalid Foreign Key: Order_ID,OI00074750,O0074750,P00751,1,9250.0,0.04,9250.0,684.03
74835,Invalid Foreign Key: Order_ID,OI00074834,O0074834,P00835,5,6450.0,0.04,32250.0,2384.86
74842,Invalid Foreign Key: Product_ID,OI00074841,O0074841,P00842,2,7675.0,0.04,15350.0,1135.12
74921,Invalid Foreign Key: Product_ID,OI00074920,O0074920,P00921,1,4000.0,0.06,4000.0,289.63
74953,Invalid Foreign Key: Order_ID,OI00074952,O0074952,P00953,3,9600.0,0.03,28800.0,2151.92
74955,Invalid Foreign Key: Order_ID,OI00074954,O0074954,P00955,5,9950.0,0.05,49750.0,3640.64
74998,Invalid Foreign Key: Product_ID,OI00074997,O0074997,P00998,3,17475.0,0.06,52425.0,3796.01
75046,Invalid Foreign Key: Order_ID,OI00075045,O9999999,P00046,1,8375.0,0.05,8375.0,612.87
75251,Invalid Foreign Key: Order_ID,OI00075250,O0075250,P00251,1,9250.0,0.0,9250.0,712.53
75307,Invalid Foreign Key: Product_ID,OI00075306,O0075306,P00307,2,1550.0,0.0,3100.0,238.79
75421,Invalid Foreign Key: Product_ID,OI00075420,O0075420,P00421,1,4000.0,0.02,4000.0,301.96
75499,Invalid Foreign Key: Product_ID,OI00075498,O0075498,P00499,4,17650.0,0.03,70600.0,5275.18
75577,Invalid Foreign Key: Product_ID,OI00075576,O0075576,P00577,2,13800.0,0.04,27600.0,2040.99
75614,Invalid Foreign Key: Product_ID,OI00075613,O0075613,P00614,4,2775.0,0.06,11100.0,803.73
75740,Invalid Foreign Key: Order_ID,OI00075739,O0075739,P00740,5,7325.0,0.06,36625.0,2651.96
75751,Invalid Foreign Key: Order_ID,OI00075750,O0075750,P00751,1,9250.0,0.03,9250.0,691.15
75842,Invalid Foreign Key: Product_ID,OI00075841,O0075841,P00842,2,7675.0,0.03,15350.0,1146.94
75921,Invalid Foreign Key: Product_ID,OI00075920,O0075920,P00921,1,4000.0,0.05,4000.0,292.71
75952,Invalid Foreign Key: Order_ID,OI00075951,O0075951,P00952,2,9425.0,0.01,18850.0,1437.5
75998,Invalid Foreign Key: Product_ID,OI00075997,O0075997,P00998,3,17475.0,0.05,52425.0,3836.39
76020,Negative Value: Quantity; Negative Value: Gross_Amount; Negative Value: Net_Amount,OI00076019,O0076019,P00020,-2,3825.0,0.06,-7650.0,-553.92
76251,Invalid Foreign Key: Order_ID,OI00076250,O0076250,P00251,1,9250.0,0.06,9250.0,669.78
76307,Invalid Foreign Key: Product_ID,OI00076306,O0076306,P00307,2,1550.0,0.06,3100.0,224.47
76412,Invalid Foreign Key: Order_ID,OI00076411,O0076411,P00412,2,2425.0,0.06,4850.0,351.18
76421,Invalid Foreign Key: Product_ID,OI00076420,O0076420,P00421,1,4000.0,0.01,4000.0,305.04
76499,Invalid Foreign Key: Product_ID,OI00076498,O0076498,P00499,4,17650.0,0.02,70600.0,5329.57
76527,Invalid Foreign Key: Order_ID,OI00076526,O0076526,P00527,2,5050.0,0.02,10100.0,762.45
76577,Invalid Foreign Key: Product_ID,OI00076576,O0076576,P00577,2,13800.0,0.03,27600.0,2062.25
76614,Invalid Foreign Key: Order_ID; Invalid Foreign Key: Product_ID,OI00076613,O0076613,P00614,4,2775.0,0.05,11100.0,812.28
76751,Invalid Foreign Key: Order_ID,OI00076750,O0076750,P00751,1,9250.0,0.02,9250.0,698.28
76842,Invalid Foreign Key: Product_ID,OI00076841,O0076841,P00842,2,7675.0,0.02,15350.0,1158.77
76873,Invalid Foreign Key: Product_ID,OI00076872,O0076872,P99999,3,13100.0,0.05,39300.0,2875.92
76921,Invalid Foreign Key: Product_ID,OI00076920,O0076920,P00921,1,4000.0,0.04,4000.0,295.8
76949,Invalid Foreign Key: Order_ID,OI00076948,O0076948,P00949,4,8900.0,0.04,35600.0,2632.59
76998,Invalid Foreign Key: Product_ID,OI00076997,O0076997,P00998,3,17475.0,0.04,52425.0,3876.78
77012,Negative Value: Unit_Price; Negative Value: Gross_Amount; Negative Value: Net_Amount,OI00077011,O0077011,P00012,2,-500.0,0.04,-1000.0,-73.95
77036,Invalid Foreign Key: Order_ID,OI00077035,O0077035,P00036,1,6625.0,0.0,6625.0,510.33
77251,Invalid Foreign Key: Order_ID,OI00077250,O0077250,P00251,1,9250.0,0.05,9250.0,676.9
77307,Invalid Foreign Key: Product_ID,OI00077306,O0077306,P00307,2,1550.0,0.05,3100.0,226.85
77314,Invalid Foreign Key: Order_ID,OI00077313,O0077313,P00314,4,2775.0,0.05,11100.0,812.28
77421,Invalid Foreign Key: Product_ID,OI00077420,O0077420,P00421,1,4000.0,0.0,4000.0,308.12
77499,Invalid Foreign Key: Product_ID,OI00077498,O0077498,P00499,4,17650.0,0.01,70600.0,5383.95
77577,Invalid Foreign Key: Product_ID,OI00077576,O0077576,P00577,2,13800.0,0.02,27600.0,2083.51
77614,Invalid Foreign Key: Product_ID,OI00077613,O0077613,P00614,4,2775.0,0.04,11100.0,820.83
77751,Invalid Foreign Key: Order_ID,OI00077750,O0077750,P00751,1,9250.0,0.01,9250.0,705.4
77842,Invalid Foreign Key: Product_ID,OI00077841,O0077841,P00842,2,7675.0,0.01,15350.0,1170.59
77921,Invalid Foreign Key: Product_ID,OI00077920,O0077920,P00921,1,4000.0,0.03,4000.0,298.88
77946,Invalid Foreign Key: Order_ID,OI00077945,O0077945,P00946,1,8375.0,0.0,8375.0,645.13
77998,Invalid Foreign Key: Product_ID,OI00077997,O0077997,P00998,3,17475.0,0.03,52425.0,3917.16
78101,Invalid Foreign Key: Order_ID,OI00078100,O0078100,P00101,1,500.0,0.01,500.0,38.13
78189,Invalid Foreign Key: Order_ID,OI00078188,O0078188,P00189,4,15900.0,0.05,63600.0,4654.17
78251,Invalid Foreign Key: Order_ID,OI00078250,O0078250,P00251,1,9250.0,0.04,9250.0,684.03
78307,Invalid Foreign Key: Product_ID,OI00078306,O0078306,P00307,2,1550.0,0.04,3100.0,229.24
78421,Invalid Foreign Key: Product_ID,OI00078420,O0078420,P00421,1,4000.0,0.06,4000.0,289.63
78499,Invalid Foreign Key: Product_ID,OI00078498,O0078498,P00499,4,17650.0,0.0,70600.0,5438.33
78577,Invalid Foreign Key: Product_ID,OI00078576,O0078576,P00577,2,13800.0,0.01,27600.0,2104.77
78614,Invalid Foreign Key: Product_ID,OI00078613,O0078613,P00614,4,2775.0,0.03,11100.0,829.38
78751,Invalid Foreign Key: Order_ID,OI00078750,O0078750,P00751,1,9250.0,0.0,9250.0,712.53
78842,Invalid Foreign Key: Product_ID,OI00078841,O0078841,P00842,2,7675.0,0.0,15350.0,1182.41
78888,Invalid Foreign Key: Order_ID,OI00078887,O0078887,P00888,3,15725.0,0.04,47175.0,3488.55
78921,Invalid Foreign Key: Product_ID,OI00078920,O0078920,P00921,1,4000.0,0.02,4000.0,301.96
78943,Invalid Foreign Key: Order_ID,OI00078942,O0078942,P00943,3,7850.0,0.03,23550.0,1759.64
78998,Invalid Foreign Key: Product_ID,OI00078997,O0078997,P00998,3,17475.0,0.02,52425.0,3957.54
79237,Invalid Foreign Key: Order_ID,OI00079236,O0079236,P00237,2,6800.0,0.03,13600.0,1016.18
79251,Invalid Foreign Key: Order_ID,OI00079250,O0079250,P00251,1,9250.0,0.03,9250.0,691.15
79307,Invalid Foreign Key: Product_ID,OI00079306,O0079306,P00307,2,1550.0,0.03,3100.0,231.63
79421,Invalid Foreign Key: Product_ID,OI00079420,O0079420,P00421,1,4000.0,0.05,4000.0,292.71
79499,Invalid Foreign Key: Product_ID,OI00079498,O0079498,P00499,4,17650.0,0.06,70600.0,5112.03
79577,Invalid Foreign Key: Product_ID,OI00079576,O0079576,P00577,2,13800.0,0.0,27600.0,2126.03
79614,Invalid Foreign Key: Product_ID,OI00079613,O0079613,P00614,4,2775.0,0.02,11100.0,837.93
79675,Invalid Foreign Key: Order_ID,OI00079674,O0079674,P00675,5,13450.0,0.0,67250.0,5180.28
79751,Invalid Foreign Key: Order_ID,OI00079750,O0079750,P00751,1,9250.0,0.06,9250.0,669.78
79842,Invalid Foreign Key: Product_ID,OI00079841,O0079841,P00842,2,7675.0,0.06,15350.0,1111.47
79921,Invalid Foreign Key: Product_ID,OI00079920,O0079920,P00921,1,4000.0,0.01,4000.0,305.04
79940,Invalid Foreign Key: Order_ID,OI00079939,O0079939,P00940,5,7325.0,0.06,36625.0,2651.96
79945,Invalid Foreign Key: Order_ID,OI00079944,O0079944,P00945,5,8200.0,0.04,41000.0,3031.91
79966,Invalid Foreign Key: Order_ID,OI00079965,O0079965,P00966,1,11875.0,0.04,11875.0,878.14
79998,Invalid Foreign Key: Product_ID,OI00079997,O0079997,P00998,3,17475.0,0.01,52425.0,3997.93
80021,Negative Value: Quantity; Negative Value: Gross_Amount; Negative Value: Net_Amount,OI00080020,O0080020,P00021,-2,4000.0,0.03,-8000.0,-597.75
80049,Invalid Foreign Key: Order_ID,OI00080048,O9999999,P00049,4,8900.0,0.03,35600.0,2660.01
80057,Invalid Foreign Key: Order_ID,OI00080056,O0080056,P00057,2,10300.0,0.04,20600.0,1523.35
80076,Invalid Foreign Key: Product_ID,OI00080075,O0080075,P99999,1,13625.0,0.02,13625.0,1028.55
80251,Invalid Foreign Key: Order_ID,OI00080250,O0080250,P00251,1,9250.0,0.02,9250.0,698.28
80307,Invalid Foreign Key: Product_ID,OI00080306,O0080306,P00307,2,1550.0,0.02,3100.0,234.02
80421,Invalid Foreign Key: Product_ID,OI00080420,O0080420,P00421,1,4000.0,0.04,4000.0,295.8
80499,Invalid Foreign Key: Product_ID,OI00080498,O0080498,P00499,4,17650.0,0.05,70600.0,5166.42
80577,Invalid Foreign Key: Product_ID,OI00080576,O0080576,P00577,2,13800.0,0.06,27600.0,1998.47
80614,Invalid Foreign Key: Product_ID,OI00080613,O0080613,P00614,4,2775.0,0.01,11100.0,846.49
80751,Invalid Foreign Key: Order_ID,OI00080750,O0080750,P00751,1,9250.0,0.05,9250.0,676.9
80787,Invalid Foreign Key: Order_ID,OI00080786,O0080786,P00787,2,15550.0,0.06,31100.0,2251.9
80842,Invalid Foreign Key: Product_ID,OI00080841,O0080841,P00842,2,7675.0,0.05,15350.0,1123.29
80921,Invalid Foreign Key: Product_ID,OI00080920,O0080920,P00921,1,4000.0,0.0,4000.0,308.12
80997,Invalid Foreign Key: Order_ID,OI00080996,O0080996,P00997,2,17300.0,0.06,34600.0,2505.33
80998,Invalid Foreign Key: Product_ID,OI00080997,O0080997,P00998,3,17475.0,0.0,52425.0,4038.31
81251,Invalid Foreign Key: Order_ID,OI00081250,O0081250,P00251,1,9250.0,0.01,9250.0,705.4
81307,Invalid Foreign Key: Product_ID,OI00081306,O0081306,P00307,2,1550.0,0.01,3100.0,236.41
81421,Invalid Foreign Key: Product_ID,OI00081420,O0081420,P00421,1,4000.0,0.03,4000.0,298.88
81438,Invalid Foreign Key: Order_ID,OI00081437,O0081437,P00438,3,6975.0,0.06,20925.0,1515.15
81499,Invalid Foreign Key: Product_ID,OI00081498,O0081498,P00499,4,17650.0,0.04,70600.0,5220.8
81574,Invalid Foreign Key: Order_ID,OI00081573,O0081573,P00574,4,13275.0,0.02,53100.0,4008.5
81577,Invalid Foreign Key: Product_ID,OI00081576,O0081576,P00577,2,13800.0,0.05,27600.0,2019.73
81614,Invalid Foreign Key: Product_ID,OI00081613,O0081613,P00614,4,2775.0,0.0,11100.0,855.04
81743,Invalid Foreign Key: Order_ID,OI00081742,O0081742,P00743,3,7850.0,0.03,23550.0,1759.64
81751,Invalid Foreign Key: Order_ID,OI00081750,O0081750,P00751,1,9250.0,0.04,9250.0,684.03
81842,Invalid Foreign Key: Product_ID,OI00081841,O0081841,P00842,2,7675.0,0.04,15350.0,1135.12
81921,Invalid Foreign Key: Product_ID,OI00081920,O0081920,P00921,1,4000.0,0.06,4000.0,289.63
81994,Invalid Foreign Key: Order_ID,OI00081993,O0081993,P00994,4,16775.0,0.02,67100.0,5065.35
81998,Invalid Foreign Key: Product_ID,OI00081997,O0081997,P00998,3,17475.0,0.06,52425.0,3796.01
82251,Invalid Foreign Key: Order_ID,OI00082250,O0082250,P00251,1,9250.0,0.0,9250.0,712.53
82307,Invalid Foreign Key: Product_ID,OI00082306,O0082306,P00307,2,1550.0,0.0,3100.0,238.79
82361,Invalid Foreign Key: Order_ID,OI00082360,O0082360,P00361,1,11000.0,0.05,11000.0,804.97
82421,Invalid Foreign Key: Product_ID,OI00082420,O0082420,P00421,1,4000.0,0.02,4000.0,301.96
82499,Invalid Foreign Key: Product_ID,OI00082498,O0082498,P00499,4,17650.0,0.03,70600.0,5275.18
82577,Invalid Foreign Key: Product_ID,OI00082576,O0082576,P00577,2,13800.0,0.04,27600.0,2040.99
82614,Invalid Foreign Key: Product_ID,OI00082613,O0082613,P00614,4,2775.0,0.06,11100.0,803.73
82751,Invalid Foreign Key: Order_ID,OI00082750,O0082750,P00751,1,9250.0,0.03,9250.0,691.15
82842,Invalid Foreign Key: Product_ID,OI00082841,O0082841,P00842,2,7675.0,0.03,15350.0,1146.94
82921,Invalid Foreign Key: Product_ID,OI00082920,O0082920,P00921,1,4000.0,0.05,4000.0,292.71
82991,Invalid Foreign Key: Order_ID,OI00082990,O0082990,P00991,1,16250.0,0.05,16250.0,1189.15
82998,Invalid Foreign Key: Product_ID,OI00082997,O0082997,P00998,3,17475.0,0.05,52425.0,3836.39
83148,Invalid Foreign Key: Order_ID,OI00083147,O0083147,P00148,3,8725.0,0.01,26175.0,1996.1
83251,Invalid Foreign Key: Order_ID,OI00083250,O0083250,P00251,1,9250.0,0.06,9250.0,669.78
83276,Invalid Foreign Key: Order_ID,OI00083275,O0083275,P00276,1,13625.0,0.03,13625.0,1018.05
83279,Invalid Foreign Key: Product_ID,OI00083278,O0083278,P99999,4,14150.0,0.06,56600.0,4098.32
83307,Invalid Foreign Key: Product_ID,OI00083306,O0083306,P00307,2,1550.0,0.06,3100.0,224.47
83421,Invalid Foreign Key: Product_ID,OI00083420,O0083420,P00421,1,4000.0,0.01,4000.0,305.04
83499,Invalid Foreign Key: Product_ID,OI00083498,O0083498,P00499,4,17650.0,0.02,70600.0,5329.57
83520,Invalid Foreign Key: Order_ID,OI00083519,O0083519,P00520,5,3825.0,0.02,19125.0,1443.74
83577,Invalid Foreign Key: Product_ID,OI00083576,O0083576,P00577,2,13800.0,0.03,27600.0,2062.25
83614,Invalid Foreign Key: Product_ID,OI00083613,O0083613,P00614,4,2775.0,0.05,11100.0,812.28
83639,Invalid Foreign Key: Order_ID,OI00083638,O0083638,P00639,4,7150.0,0.02,28600.0,2159.0
83751,Invalid Foreign Key: Order_ID,OI00083750,O0083750,P00751,1,9250.0,0.02,9250.0,698.28
83842,Invalid Foreign Key: Product_ID,OI00083841,O0083841,P00842,2,7675.0,0.02,15350.0,1158.77
83921,Invalid Foreign Key: Product_ID,OI00083920,O0083920,P00921,1,4000.0,0.04,4000.0,295.8
83935,Invalid Foreign Key: Order_ID,OI00083934,O0083934,P00935,5,6450.0,0.04,32250.0,2384.86
83988,Invalid Foreign Key: Order_ID,OI00083987,O0083987,P00988,3,15725.0,0.01,47175.0,3597.56
83998,Invalid Foreign Key: Product_ID,OI00083997,O0083997,P00998,3,17475.0,0.04,52425.0,3876.78
84013,Negative Value: Unit_Price; Negative Value: Gross_Amount; Negative Value: Net_Amount,OI00084012,O0084012,P00013,3,-500.0,0.05,-1500.0,-109.77
84022,Negative Value: Quantity; Negative Value: Gross_Amount; Negative Value: Net_Amount,OI00084021,O0084021,P00022,-2,4175.0,0.0,-8350.0,-643.2
84251,Invalid Foreign Key: Order_ID,OI00084250,O0084250,P00251,1,9250.0,0.05,9250.0,676.9
84307,Invalid Foreign Key: Product_ID,OI00084306,O0084306,P00307,2,1550.0,0.05,3100.0,226.85
84421,Invalid Foreign Key: Product_ID,OI00084420,O0084420,P00421,1,4000.0,0.0,4000.0,308.12
84499,Invalid Foreign Key: Product_ID,OI00084498,O0084498,P00499,4,17650.0,0.01,70600.0,5383.95
84577,Invalid Foreign Key: Product_ID,OI00084576,O0084576,P00577,2,13800.0,0.02,27600.0,2083.51
84614,Invalid Foreign Key: Product_ID,OI00084613,O0084613,P00614,4,2775.0,0.04,11100.0,820.83
84722,Invalid Foreign Key: Order_ID,OI00084721,O0084721,P00722,2,4175.0,0.0,8350.0,643.2
84751,Invalid Foreign Key: Order_ID,OI00084750,O0084750,P00751,1,9250.0,0.01,9250.0,705.4
84842,Invalid Foreign Key: Product_ID,OI00084841,O0084841,P00842,2,7675.0,0.01,15350.0,1170.59
84921,Invalid Foreign Key: Product_ID,OI00084920,O0084920,P00921,1,4000.0,0.03,4000.0,298.88
84985,Invalid Foreign Key: Order_ID,OI00084984,O0084984,P00985,5,15200.0,0.04,76000.0,5620.13
84998,Invalid Foreign Key: Product_ID,OI00084997,O0084997,P00998,3,17475.0,0.03,52425.0,3917.16
85052,Invalid Foreign Key: Order_ID,OI00085051,O9999999,P00052,2,9425.0,0.01,18850.0,1437.5
85251,Invalid Foreign Key: Order_ID,OI00085250,O0085250,P00251,1,9250.0,0.04,9250.0,684.03
85297,Invalid Foreign Key: Order_ID,OI00085296,O0085296,P00297,2,17300.0,0.01,34600.0,2638.59
85307,Invalid Foreign Key: Product_ID,OI00085306,O0085306,P00307,2,1550.0,0.04,3100.0,229.24
85421,Invalid Foreign Key: Product_ID,OI00085420,O0085420,P00421,1,4000.0,0.06,4000.0,289.63
85499,Invalid Foreign Key: Product_ID,OI00085498,O0085498,P00499,4,17650.0,0.0,70600.0,5438.33
85509,Invalid Foreign Key: Order_ID,OI00085508,O0085508,P00509,4,1900.0,0.03,7600.0,567.87
85577,Invalid Foreign Key: Product_ID,OI00085576,O0085576,P00577,2,13800.0,0.01,27600.0,2104.77
85614,Invalid Foreign Key: Product_ID,OI00085613,O0085613,P00614,4,2775.0,0.03,11100.0,829.38
85751,Invalid Foreign Key: Order_ID,OI00085750,O0085750,P00751,1,9250.0,0.0,9250.0,712.53
85840,Invalid Foreign Key: Order_ID,OI00085839,O0085839,P00840,5,7325.0,0.05,36625.0,2680.17
85842,Invalid Foreign Key: Product_ID,OI00085841,O0085841,P00842,2,7675.0,0.0,15350.0,1182.41
85921,Invalid Foreign Key: Product_ID,OI00085920,O0085920,P00921,1,4000.0,0.02,4000.0,301.96
85982,Invalid Foreign Key: Order_ID,OI00085981,O0085981,P00982,2,14675.0,0.0,29350.0,2260.84
85998,Invalid Foreign Key: Product_ID,OI00085997,O0085997,P00998,3,17475.0,0.02,52425.0,3957.54
86251,Invalid Foreign Key: Order_ID,OI00086250,O0086250,P00251,1,9250.0,0.03,9250.0,691.15
86296,Invalid Foreign Key: Order_ID,OI00086295,O0086295,P00296,1,17125.0,0.06,17125.0,1239.99
86307,Invalid Foreign Key: Product_ID,OI00086306,O0086306,P00307,2,1550.0,0.03,3100.0,231.63
86421,Invalid Foreign Key: Product_ID,OI00086420,O0086420,P00421,1,4000.0,0.05,4000.0,292.71
86482,Invalid Foreign Key: Product_ID,OI00086481,O0086481,P99999,2,14675.0,0.03,29350.0,2193.01
86499,Invalid Foreign Key: Product_ID,OI00086498,O0086498,P00499,4,17650.0,0.06,70600.0,5112.03
86577,Invalid Foreign Key: Product_ID,OI00086576,O0086576,P00577,2,13800.0,0.0,27600.0,2126.03
86607,Invalid Foreign Key: Order_ID,OI00086606,O0086606,P00607,2,1550.0,0.02,3100.0,234.02
86614,Invalid Foreign Key: Product_ID,OI00086613,O0086613,P00614,4,2775.0,0.02,11100.0,837.93
86751,Invalid Foreign Key: Order_ID,OI00086750,O0086750,P00751,1,9250.0,0.06,9250.0,669.78
86842,Invalid Foreign Key: Product_ID,OI00086841,O0086841,P00842,2,7675.0,0.06,15350.0,1111.47
86921,Invalid Foreign Key: Product_ID,OI00086920,O0086920,P00921,1,4000.0,0.01,4000.0,305.04
86979,Invalid Foreign Key: Order_ID,OI00086978,O0086978,P00979,4,14150.0,0.03,56600.0,4229.11
86998,Invalid Foreign Key: Product_ID,OI00086997,O0086997,P00998,3,17475.0,0.01,52425.0,3997.93
87074,Invalid Foreign Key: Order_ID,OI00087073,O0087073,P00074,4,13275.0,0.0,53100.0,4090.31
87083,Invalid Foreign Key: Order_ID,OI00087082,O0087082,P00083,3,14850.0,0.02,44550.0,3363.06
87251,Invalid Foreign Key: Order_ID,OI00087250,O0087250,P00251,1,9250.0,0.02,9250.0,698.28
87307,Invalid Foreign Key: Product_ID,OI00087306,O0087306,P00307,2,1550.0,0.02,3100.0,234.02
87421,Invalid Foreign Key: Product_ID,OI00087420,O0087420,P00421,1,4000.0,0.04,4000.0,295.8
87499,Invalid Foreign Key: Product_ID,OI00087498,O0087498,P00499,4,17650.0,0.05,70600.0,5166.42
87577,Invalid Foreign Key: Product_ID,OI00087576,O0087576,P00577,2,13800.0,0.06,27600.0,1998.47
87614,Invalid Foreign Key: Product_ID,OI00087613,O0087613,P00614,4,2775.0,0.01,11100.0,846.49
87751,Invalid Foreign Key: Order_ID,OI00087750,O0087750,P00751,1,9250.0,0.05,9250.0,676.9
87842,Invalid Foreign Key: Product_ID,OI00087841,O0087841,P00842,2,7675.0,0.05,15350.0,1123.29
87870,Invalid Foreign Key: Order_ID,OI00087869,O0087869,P00870,5,12575.0,0.05,62875.0,4601.11
87921,Invalid Foreign Key: Product_ID,OI00087920,O0087920,P00921,1,4000.0,0.0,4000.0,308.12
87976,Invalid Foreign Key: Order_ID,OI00087975,O0087975,P00976,1,13625.0,0.06,13625.0,986.56
87998,Invalid Foreign Key: Product_ID,OI00087997,O0087997,P00998,3,17475.0,0.0,52425.0,4038.31
88023,Negative Value: Quantity; Negative Value: Gross_Amount; Negative Value: Net_Amount,OI00088022,O0088022,P00023,-2,4350.0,0.04,-8700.0,-643.36
88041,Invalid Foreign Key: Order_ID,OI00088040,O0088040,P00041,1,7500.0,0.01,7500.0,571.95
88251,Invalid Foreign Key: Order_ID,OI00088250,O0088250,P00251,1,9250.0,0.01,9250.0,705.4
88307,Invalid Foreign Key: Product_ID,OI00088306,O0088306,P00307,2,1550.0,0.01,3100.0,236.41
88421,Invalid Foreign Key: Product_ID,OI00088420,O0088420,P00421,1,4000.0,0.03,4000.0,298.88
88499,Invalid Foreign Key: Product_ID,OI00088498,O0088498,P00499,4,17650.0,0.04,70600.0,5220.8
88577,Invalid Foreign Key: Product_ID,OI00088576,O0088576,P00577,2,13800.0,0.05,27600.0,2019.73
88614,Invalid Foreign Key: Product_ID,OI00088613,O0088613,P00614,4,2775.0,0.0,11100.0,855.04
88657,Invalid Foreign Key: Order_ID,OI00088656,O0088656,P00657,2,10300.0,0.01,20600.0,1570.95
88751,Invalid Foreign Key: Order_ID,OI00088750,O0088750,P00751,1,9250.0,0.04,9250.0,684.03
88842,Invalid Foreign Key: Product_ID,OI00088841,O0088841,P00842,2,7675.0,0.04,15350.0,1135.12
88851,Invalid Foreign Key: Order_ID,OI00088850,O0088850,P00851,1,9250.0,0.06,9250.0,669.78
88921,Invalid Foreign Key: Product_ID,OI00088920,O0088920,P00921,1,4000.0,0.06,4000.0,289.63
88973,Invalid Foreign Key: Order_ID,OI00088972,O0088972,P00973,3,13100.0,0.02,39300.0,2966.74
88998,Invalid Foreign Key: Product_ID,OI00088997,O0088997,P00998,3,17475.0,0.06,52425.0,3796.01
89251,Invalid Foreign Key: Order_ID,OI00089250,O0089250,P00251,1,9250.0,0.0,9250.0,712.53
89307,Invalid Foreign Key: Product_ID,OI00089306,O0089306,P00307,2,1550.0,0.0,3100.0,238.79
89421,Invalid Foreign Key: Product_ID,OI00089420,O0089420,P00421,1,4000.0,0.02,4000.0,301.96
89444,Invalid Foreign Key: Order_ID,OI00089443,O0089443,P00444,4,8025.0,0.04,32100.0,2373.76
89499,Invalid Foreign Key: Product_ID,OI00089498,O0089498,P00499,4,17650.0,0.03,70600.0,5275.18
89577,Invalid Foreign Key: Product_ID,OI00089576,O0089576,P00577,2,13800.0,0.04,27600.0,2040.99
89614,Invalid Foreign Key: Product_ID,OI00089613,O0089613,P00614,4,2775.0,0.06,11100.0,803.73
89685,Invalid Foreign Key: Product_ID,OI00089684,O0089684,P99999,5,15200.0,0.0,76000.0,5854.3
89751,Invalid Foreign Key: Order_ID,OI00089750,O0089750,P00751,1,9250.0,0.03,9250.0,691.15
89842,Invalid Foreign Key: Product_ID,OI00089841,O0089841,P00842,2,7675.0,0.03,15350.0,1146.94
89921,Invalid Foreign Key: Product_ID,OI00089920,O0089920,P00921,1,4000.0,0.05,4000.0,292.71
89938,Invalid Foreign Key: Order_ID,OI00089937,O0089937,P00938,3,6975.0,0.01,20925.0,1595.74
89970,Invalid Foreign Key: Order_ID,OI00089969,O0089969,P00970,5,12575.0,0.05,62875.0,4601.11
89998,Invalid Foreign Key: Product_ID,OI00089997,O0089997,P00998,3,17475.0,0.05,52425.0,3836.39
90055,Invalid Foreign Key: Order_ID,OI00090054,O9999999,P00055,5,9950.0,0.06,49750.0,3602.32
90064,Invalid Foreign Key: Order_ID,OI00090063,O0090063,P00064,4,11525.0,0.01,46100.0,3515.58
90231,Invalid Foreign Key: Order_ID,OI00090230,O0090230,P00231,1,5750.0,0.0,5750.0,442.92
90242,Invalid Foreign Key: Order_ID,OI00090241,O0090241,P00242,2,7675.0,0.04,15350.0,1135.12
90251,Invalid Foreign Key: Order_ID,OI00090250,O0090250,P00251,1,9250.0,0.06,9250.0,669.78
90307,Invalid Foreign Key: Product_ID,OI00090306,O0090306,P00307,2,1550.0,0.06,3100.0,224.47
90421,Invalid Foreign Key: Product_ID,OI00090420,O0090420,P00421,1,4000.0,0.01,4000.0,305.04
90499,Invalid Foreign Key: Product_ID,OI00090498,O0090498,P00499,4,17650.0,0.02,70600.0,5329.57
90577,Invalid Foreign Key: Product_ID,OI00090576,O0090576,P00577,2,13800.0,0.03,27600.0,2062.25
90614,Invalid Foreign Key: Product_ID,OI00090613,O0090613,P00614,4,2775.0,0.05,11100.0,812.28
90628,Invalid Foreign Key: Order_ID,OI00090627,O0090627,P00628,3,5225.0,0.05,15675.0,1147.08
90751,Invalid Foreign Key: Order_ID,OI00090750,O0090750,P00751,1,9250.0,0.02,9250.0,698.28
90842,Invalid Foreign Key: Product_ID,OI00090841,O0090841,P00842,2,7675.0,0.02,15350.0,1158.77
90921,Invalid Foreign Key: Product_ID,OI00090920,O0090920,P00921,1,4000.0,0.04,4000.0,295.8
90967,Invalid Foreign Key: Order_ID,OI00090966,O0090966,P00967,2,12050.0,0.01,24100.0,1837.86
90998,Invalid Foreign Key: Product_ID,OI00090997,O0090997,P00998,3,17475.0,0.04,52425.0,3876.78
91014,Negative Value: Unit_Price; Negative Value: Gross_Amount; Negative Value: Net_Amount,OI00091013,O0091013,P00014,4,-500.0,0.06,-2000.0,-144.82
91018,Invalid Foreign Key: Order_ID,OI00091017,O0091017,P00018,3,3475.0,0.03,10425.0,778.95
91251,Invalid Foreign Key: Order_ID,OI00091250,O0091250,P00251,1,9250.0,0.05,9250.0,676.9
91307,Invalid Foreign Key: Product_ID,OI00091306,O0091306,P00307,2,1550.0,0.05,3100.0,226.85
91421,Invalid Foreign Key: Product_ID,OI00091420,O0091420,P00421,1,4000.0,0.0,4000.0,308.12
91499,Invalid Foreign Key: Product_ID,OI00091498,O0091498,P00499,4,17650.0,0.01,70600.0,5383.95
91577,Invalid Foreign Key: Product_ID,OI00091576,O0091576,P00577,2,13800.0,0.02,27600.0,2083.51
91614,Invalid Foreign Key: Product_ID,OI00091613,O0091613,P00614,4,2775.0,0.04,11100.0,820.83
91751,Invalid Foreign Key: Order_ID,OI00091750,O0091750,P00751,1,9250.0,0.01,9250.0,705.4
91805,Invalid Foreign Key: Order_ID,OI00091804,O0091804,P00805,5,1200.0,0.06,6000.0,434.45
91842,Invalid Foreign Key: Product_ID,OI00091841,O0091841,P00842,2,7675.0,0.01,15350.0,1170.59
91921,Invalid Foreign Key: Product_ID,OI00091920,O0091920,P00921,1,4000.0,0.03,4000.0,298.88
91964,Invalid Foreign Key: Order_ID,OI00091963,O0091963,P00964,4,11525.0,0.04,46100.0,3409.05
91998,Invalid Foreign Key: Product_ID,OI00091997,O0091997,P00998,3,17475.0,0.03,52425.0,3917.16
92024,Negative Value: Quantity; Negative Value: Gross_Amount; Negative Value: Net_Amount,OI00092023,O0092023,P00024,-2,4525.0,0.01,-9050.0,-690.15
92251,Invalid Foreign Key: Order_ID,OI00092250,O0092250,P00251,1,9250.0,0.04,9250.0,684.03
92307,Invalid Foreign Key: Product_ID,OI00092306,O0092306,P00307,2,1550.0,0.04,3100.0,229.24
92405,Invalid Foreign Key: Order_ID,OI00092404,O0092404,P00405,5,1200.0,0.04,6000.0,443.69
92421,Invalid Foreign Key: Product_ID,OI00092420,O0092420,P00421,1,4000.0,0.06,4000.0,289.63
92443,Invalid Foreign Key: Order_ID,OI00092442,O0092442,P00443,3,7850.0,0.0,23550.0,1814.06
92499,Invalid Foreign Key: Product_ID,OI00092498,O0092498,P00499,4,17650.0,0.0,70600.0,5438.33
92577,Invalid Foreign Key: Product_ID,OI00092576,O0092576,P00577,2,13800.0,0.01,27600.0,2104.77
92592,Invalid Foreign Key: Order_ID,OI00092591,O0092591,P00592,2,16425.0,0.02,32850.0,2479.83
92614,Invalid Foreign Key: Product_ID,OI00092613,O0092613,P00614,4,2775.0,0.03,11100.0,829.38
92751,Invalid Foreign Key: Order_ID,OI00092750,O0092750,P00751,1,9250.0,0.0,9250.0,712.53
92842,Invalid Foreign Key: Product_ID,OI00092841,O0092841,P00842,2,7675.0,0.0,15350.0,1182.41
92888,Invalid Foreign Key: Product_ID,OI00092887,O0092887,P99999,3,15725.0,0.04,47175.0,3488.55
92921,Invalid Foreign Key: Product_ID,OI00092920,O0092920,P00921,1,4000.0,0.02,4000.0,301.96
92961,Invalid Foreign Key: Order_ID,OI00092960,O0092960,P00961,1,11000.0,0.0,11000.0,847.33
92998,Invalid Foreign Key: Product_ID,OI00092997,O0092997,P00998,3,17475.0,0.02,52425.0,3957.54
93251,Invalid Foreign Key: Order_ID,OI00093250,O0093250,P00251,1,9250.0,0.03,9250.0,691.15
93269,Invalid Foreign Key: Order_ID,OI00093268,O0093268,P00269,4,12400.0,0.0,49600.0,3820.7
93307,Invalid Foreign Key: Product_ID,OI00093306,O0093306,P00307,2,1550.0,0.03,3100.0,231.63
93379,Invalid Foreign Key: Order_ID,OI00093378,O0093378,P00379,4,14150.0,0.05,56600.0,4141.92
93421,Invalid Foreign Key: Product_ID,OI00093420,O0093420,P00421,1,4000.0,0.05,4000.0,292.71
93499,Invalid Foreign Key: Product_ID,OI00093498,O0093498,P00499,4,17650.0,0.06,70600.0,5112.03
93577,Invalid Foreign Key: Product_ID,OI00093576,O0093576,P00577,2,13800.0,0.0,27600.0,2126.03
93614,Invalid Foreign Key: Product_ID,OI00093613,O0093613,P00614,4,2775.0,0.02,11100.0,837.93
93751,Invalid Foreign Key: Order_ID,OI00093750,O0093750,P00751,1,9250.0,0.06,9250.0,669.78
93842,Invalid Foreign Key: Product_ID,OI00093841,O0093841,P00842,2,7675.0,0.06,15350.0,1111.47
93921,Invalid Foreign Key: Product_ID,OI00093920,O0093920,P00921,1,4000.0,0.01,4000.0,305.04
93958,Invalid Foreign Key: Order_ID,OI00093957,O0093957,P00958,3,10475.0,0.03,31425.0,2348.05
93998,Invalid Foreign Key: Product_ID,OI00093997,O0093997,P00998,3,17475.0,0.01,52425.0,3997.93
94166,Invalid Foreign Key: Order_ID,OI00094165,O0094165,P00166,1,11875.0,0.01,11875.0,905.59
94182,Invalid Foreign Key: Order_ID,OI00094181,O0094181,P00182,2,14675.0,0.03,29350.0,2193.01
94251,Invalid Foreign Key: Order_ID,OI00094250,O0094250,P00251,1,9250.0,0.02,9250.0,698.28
94307,Invalid Foreign Key: Product_ID,OI00094306,O0094306,P00307,2,1550.0,0.02,3100.0,234.02
94421,Invalid Foreign Key: Product_ID,OI00094420,O0094420,P00421,1,4000.0,0.04,4000.0,295.8
94499,Invalid Foreign Key: Product_ID,OI00094498,O0094498,P00499,4,17650.0,0.05,70600.0,5166.42
94577,Invalid Foreign Key: Product_ID,OI00094576,O0094576,P00577,2,13800.0,0.06,27600.0,1998.47
94614,Invalid Foreign Key: Product_ID,OI00094613,O0094613,P00614,4,2775.0,0.01,11100.0,846.49
94644,Invalid Foreign Key: Order_ID,OI00094643,O0094643,P00644,4,8025.0,0.03,32100.0,2398.49
94751,Invalid Foreign Key: Order_ID,OI00094750,O0094750,P00751,1,9250.0,0.05,9250.0,676.9
94842,Invalid Foreign Key: Product_ID,OI00094841,O0094841,P00842,2,7675.0,0.05,15350.0,1123.29
94921,Invalid Foreign Key: Product_ID,OI00094920,O0094920,P00921,1,4000.0,0.0,4000.0,308.12
94953,Invalid Foreign Key: Order_ID,OI00094952,O0094952,P00953,3,9600.0,0.04,28800.0,2129.73
94955,Invalid Foreign Key: Order_ID,OI00094954,O0094954,P00955,5,9950.0,0.06,49750.0,3602.32
94998,Invalid Foreign Key: Product_ID,OI00094997,O0094997,P00998,3,17475.0,0.0,52425.0,4038.31
95058,Invalid Foreign Key: Order_ID,OI00095057,O9999999,P00058,3,10475.0,0.04,31425.0,2323.85
95251,Invalid Foreign Key: Order_ID,OI00095250,O0095250,P00251,1,9250.0,0.01,9250.0,705.4
95307,Invalid Foreign Key: Product_ID,OI00095306,O0095306,P00307,2,1550.0,0.01,3100.0,236.41
95421,Invalid Foreign Key: Product_ID,OI00095420,O0095420,P00421,1,4000.0,0.03,4000.0,298.88
95499,Invalid Foreign Key: Product_ID,OI00095498,O0095498,P00499,4,17650.0,0.04,70600.0,5220.8
95577,Invalid Foreign Key: Product_ID,OI00095576,O0095576,P00577,2,13800.0,0.05,27600.0,2019.73
95614,Invalid Foreign Key: Product_ID,OI00095613,O0095613,P00614,4,2775.0,0.0,11100.0,855.04
95740,Invalid Foreign Key: Order_ID,OI00095739,O0095739,P00740,5,7325.0,0.0,36625.0,2821.23
95751,Invalid Foreign Key: Order_ID,OI00095750,O0095750,P00751,1,9250.0,0.04,9250.0,684.03
95842,Invalid Foreign Key: Product_ID,OI00095841,O0095841,P00842,2,7675.0,0.04,15350.0,1135.12
95921,Invalid Foreign Key: Product_ID,OI00095920,O0095920,P00921,1,4000.0,0.06,4000.0,289.63
95952,Invalid Foreign Key: Order_ID,OI00095951,O0095951,P00952,2,9425.0,0.02,18850.0,1422.98
95959,Invalid Foreign Key: Order_ID,OI00095958,O0095958,P00959,4,10650.0,0.02,42600.0,3215.86
95998,Invalid Foreign Key: Product_ID,OI00095997,O0095997,P00998,3,17475.0,0.06,52425.0,3796.01
96025,Negative Value: Quantity; Negative Value: Gross_Amount; Negative Value: Net_Amount,OI00096024,O0096024,P00025,-2,4700.0,0.05,-9400.0,-687.88
96091,Invalid Foreign Key: Product_ID,OI00096090,O0096090,P99999,1,16250.0,0.01,16250.0,1239.22
96251,Invalid Foreign Key: Order_ID,OI00096250,O0096250,P00251,1,9250.0,0.0,9250.0,712.53
96307,Invalid Foreign Key: Product_ID,OI00096306,O0096306,P00307,2,1550.0,0.0,3100.0,238.79
96421,Invalid Foreign Key: Product_ID,OI00096420,O0096420,P00421,1,4000.0,0.02,4000.0,301.96
96499,Invalid Foreign Key: Product_ID,OI00096498,O0096498,P00499,4,17650.0,0.03,70600.0,5275.18
96527,Invalid Foreign Key: Order_ID,OI00096526,O0096526,P00527,2,5050.0,0.03,10100.0,754.67
96577,Invalid Foreign Key: Product_ID,OI00096576,O0096576,P00577,2,13800.0,0.04,27600.0,2040.99
96600,Invalid Foreign Key: Order_ID,OI00096599,O0096599,P00600,5,17825.0,0.06,89125.0,6453.4
96614,Invalid Foreign Key: Product_ID,OI00096613,O0096613,P00614,4,2775.0,0.06,11100.0,803.73
96751,Invalid Foreign Key: Order_ID,OI00096750,O0096750,P00751,1,9250.0,0.03,9250.0,691.15
96842,Invalid Foreign Key: Product_ID,OI00096841,O0096841,P00842,2,7675.0,0.03,15350.0,1146.94
96845,Invalid Foreign Key: Order_ID,OI00096844,O0096844,P00845,5,8200.0,0.06,41000.0,2968.75
96921,Invalid Foreign Key: Product_ID,OI00096920,O0096920,P00921,1,4000.0,0.05,4000.0,292.71
96949,Invalid Foreign Key: Order_ID,OI00096948,O0096948,P00949,4,8900.0,0.05,35600.0,2605.16
96998,Invalid Foreign Key: Product_ID,OI00096997,O0096997,P00998,3,17475.0,0.05,52425.0,3836.39
97251,Invalid Foreign Key: Order_ID,OI00097250,O0097250,P00251,1,9250.0,0.06,9250.0,669.78
97307,Invalid Foreign Key: Product_ID,OI00097306,O0097306,P00307,2,1550.0,0.06,3100.0,224.47
97314,Invalid Foreign Key: Order_ID,OI00097313,O0097313,P00314,4,2775.0,0.06,11100.0,803.73
97421,Invalid Foreign Key: Product_ID,OI00097420,O0097420,P00421,1,4000.0,0.01,4000.0,305.04
97499,Invalid Foreign Key: Product_ID,OI00097498,O0097498,P00499,4,17650.0,0.02,70600.0,5329.57
97577,Invalid Foreign Key: Product_ID,OI00097576,O0097576,P00577,2,13800.0,0.03,27600.0,2062.25
97614,Invalid Foreign Key: Product_ID,OI00097613,O0097613,P00614,4,2775.0,0.05,11100.0,812.28
97736,Invalid Foreign Key: Order_ID,OI00097735,O0097735,P00736,1,6625.0,0.01,6625.0,505.22
97751,Invalid Foreign Key: Order_ID,OI00097750,O0097750,P00751,1,9250.0,0.02,9250.0,698.28
97842,Invalid Foreign Key: Product_ID,OI00097841,O0097841,P00842,2,7675.0,0.02,15350.0,1158.77
97921,Invalid Foreign Key: Product_ID,OI00097920,O0097920,P00921,1,4000.0,0.04,4000.0,295.8
97946,Invalid Foreign Key: Order_ID,OI00097945,O0097945,P00946,1,8375.0,0.01,8375.0,638.68
97998,Invalid Foreign Key: Product_ID,OI00097997,O0097997,P00998,3,17475.0,0.04,52425.0,3876.78
98015,Negative Value: Unit_Price; Negative Value: Gross_Amount; Negative Value: Net_Amount,OI00098014,O0098014,P00015,5,-500.0,0.0,-2500.0,-192.58
98101,Invalid Foreign Key: Order_ID,OI00098100,O0098100,P00101,1,500.0,0.02,500.0,37.74
98251,Invalid Foreign Key: Order_ID,OI00098250,O0098250,P00251,1,9250.0,0.05,9250.0,676.9
98307,Invalid Foreign Key: Product_ID,OI00098306,O0098306,P00307,2,1550.0,0.05,3100.0,226.85
98421,Invalid Foreign Key: Product_ID,OI00098420,O0098420,P00421,1,4000.0,0.0,4000.0,308.12
98499,Invalid Foreign Key: Product_ID,OI00098498,O0098498,P00499,4,17650.0,0.01,70600.0,5383.95
98577,Invalid Foreign Key: Product_ID,OI00098576,O0098576,P00577,2,13800.0,0.02,27600.0,2083.51
98614,Invalid Foreign Key: Product_ID,OI00098613,O0098613,P00614,4,2775.0,0.04,11100.0,820.83
98751,Invalid Foreign Key: Order_ID,OI00098750,O0098750,P00751,1,9250.0,0.01,9250.0,705.4
98842,Invalid Foreign Key: Product_ID,OI00098841,O0098841,P00842,2,7675.0,0.01,15350.0,1170.59
98888,Invalid Foreign Key: Order_ID,OI00098887,O0098887,P00888,3,15725.0,0.05,47175.0,3452.21
98921,Invalid Foreign Key: Product_ID,OI00098920,O0098920,P00921,1,4000.0,0.03,4000.0,298.88
98943,Invalid Foreign Key: Order_ID,OI00098942,O0098942,P00943,3,7850.0,0.04,23550.0,1741.5
98998,Invalid Foreign Key: Product_ID,OI00098997,O0098997,P00998,3,17475.0,0.03,52425.0,3917.16
99046,Invalid Foreign Key: Order_ID,OI00099045,O0099045,P00046,1,8375.0,0.02,8375.0,632.23
99251,Invalid Foreign Key: Order_ID,OI00099250,O0099250,P00251,1,9250.0,0.04,9250.0,684.03
99294,Invalid Foreign Key: Product_ID,OI00099293,O0099293,P99999,4,16775.0,0.05,67100.0,4910.29
99307,Invalid Foreign Key: Product_ID,OI00099306,O0099306,P00307,2,1550.0,0.04,3100.0,229.24
99421,Invalid Foreign Key: Product_ID,OI00099420,O0099420,P00421,1,4000.0,0.06,4000.0,289.63
99499,Invalid Foreign Key: Product_ID,OI00099498,O0099498,P00499,4,17650.0,0.0,70600.0,5438.33
99513,Invalid Foreign Key: Order_ID,OI00099512,O0099512,P00513,3,2600.0,0.0,7800.0,600.84
99577,Invalid Foreign Key: Product_ID,OI00099576,O0099576,P00577,2,13800.0,0.01,27600.0,2104.77
99614,Invalid Foreign Key: Product_ID,OI00099613,O0099613,P00614,4,2775.0,0.03,11100.0,829.38
99675,Invalid Foreign Key: Order_ID,OI00099674,O0099674,P00675,5,13450.0,0.01,67250.0,5128.48
99751,Invalid Foreign Key: Order_ID,OI00099750,O0099750,P00751,1,9250.0,0.0,9250.0,712.53
99842,Invalid Foreign Key: Product_ID,OI00099841,O0099841,P00842,2,7675.0,0.0,15350.0,1182.41
99921,Invalid Foreign Key: Product_ID,OI00099920,O0099920,P00921,1,4000.0,0.02,4000.0,301.96
99931,Invalid Foreign Key: Order_ID,OI00099930,O0099930,P00931,1,5750.0,0.05,5750.0,420.78
99940,Invalid Foreign Key: Order_ID,OI00099939,O0099939,P00940,5,7325.0,0.0,36625.0,2821.23
99998,Invalid Foreign Key: Product_ID,OI00099997,O0099997,P00998,3,17475.0,0.02,52425.0,3957.54
100026,Negative Value: Quantity; Negative Value: Gross_Amount; Negative Value: Net_Amount,OI00100025,O0000025,P00026,-2,4875.0,0.02,-9750.0,-736.02
100061,Invalid Foreign Key: Order_ID,OI00100060,O9999999,P00061,1,11000.0,0.02,11000.0,830.39
100251,Invalid Foreign Key: Order_ID,OI00100250,O0000250,P00251,1,9250.0,0.03,9250.0,691.15
100307,Invalid Foreign Key: Product_ID,OI00100306,O0000306,P00307,2,1550.0,0.03,3100.0,231.63
100421,Invalid Foreign Key: Product_ID,OI00100420,O0000420,P00421,1,4000.0,0.05,4000.0,292.71
100499,Invalid Foreign Key: Product_ID,OI00100498,O0000498,P00499,4,17650.0,0.06,70600.0,5112.03
100577,Invalid Foreign Key: Product_ID,OI00100576,O0000576,P00577,2,13800.0,0.0,27600.0,2126.03
100614,Invalid Foreign Key: Product_ID,OI00100613,O0000613,P00614,4,2775.0,0.02,11100.0,837.93
100751,Invalid Foreign Key: Order_ID,OI00100750,O0000750,P00751,1,9250.0,0.06,9250.0,669.78
100787,Invalid Foreign Key: Order_ID,OI00100786,O0000786,P00787,2,15550.0,0.0,31100.0,2395.64
100842,Invalid Foreign Key: Product_ID,OI00100841,O0000841,P00842,2,7675.0,0.06,15350.0,1111.47
100921,Invalid Foreign Key: Product_ID,OI00100920,O0000920,P00921,1,4000.0,0.01,4000.0,305.04
100997,Invalid Foreign Key: Order_ID,OI00100996,O0000996,P00997,2,17300.0,0.0,34600.0,2665.25
100998,Invalid Foreign Key: Product_ID,OI00100997,O0000997,P00998,3,17475.0,0.01,52425.0,3997.93
101251,Invalid Foreign Key: Order_ID,OI00101250,O0001250,P00251,1,9250.0,0.02,9250.0,698.28
101307,Invalid Foreign Key: Product_ID,OI00101306,O0001306,P00307,2,1550.0,0.02,3100.0,234.02
101421,Invalid Foreign Key: Product_ID,OI00101420,O0001420,P00421,1,4000.0,0.04,4000.0,295.8
101499,Invalid Foreign Key: Product_ID,OI00101498,O0001498,P00499,4,17650.0,0.05,70600.0,5166.42
101574,Invalid Foreign Key: Order_ID,OI00101573,O0001573,P00574,4,13275.0,0.03,53100.0,3967.6
101577,Invalid Foreign Key: Product_ID,OI00101576,O0001576,P00577,2,13800.0,0.06,27600.0,1998.47
101614,Invalid Foreign Key: Product_ID,OI00101613,O0001613,P00614,4,2775.0,0.01,11100.0,846.49
101751,Invalid Foreign Key: Order_ID,OI00101750,O0001750,P00751,1,9250.0,0.05,9250.0,676.9
101778,Invalid Foreign Key: Order_ID,OI00101777,O0001777,P00778,3,13975.0,0.04,41925.0,3100.31
101842,Invalid Foreign Key: Product_ID,OI00101841,O0001841,P00842,2,7675.0,0.05,15350.0,1123.29
101921,Invalid Foreign Key: Product_ID,OI00101920,O0001920,P00921,1,4000.0,0.0,4000.0,308.12
101994,Invalid Foreign Key: Order_ID,OI00101993,O0001993,P00994,4,16775.0,0.03,67100.0,5013.67
101998,Invalid Foreign Key: Product_ID,OI00101997,O0001997,P00998,3,17475.0,0.0,52425.0,4038.31
102202,Invalid Foreign Key: Order_ID,OI00102201,O0002201,P00202,2,675.0,0.01,1350.0,102.95
102251,Invalid Foreign Key: Order_ID,OI00102250,O0002250,P00251,1,9250.0,0.01,9250.0,705.4
102307,Invalid Foreign Key: Product_ID,OI00102306,O0002306,P00307,2,1550.0,0.01,3100.0,236.41
102361,Invalid Foreign Key: Order_ID,OI00102360,O0002360,P00361,1,11000.0,0.06,11000.0,796.49
102421,Invalid Foreign Key: Product_ID,OI00102420,O0002420,P00421,1,4000.0,0.03,4000.0,298.88
102497,Invalid Foreign Key: Product_ID,OI00102496,O0002496,P99999,2,17300.0,0.02,34600.0,2611.94
102499,Invalid Foreign Key: Product_ID,OI00102498,O0002498,P00499,4,17650.0,0.04,70600.0,5220.8
102577,Invalid Foreign Key: Product_ID,OI00102576,O0002576,P00577,2,13800.0,0.05,27600.0,2019.73
102614,Invalid Foreign Key: Product_ID,OI00102613,O0002613,P00614,4,2775.0,0.0,11100.0,855.04
102751,Invalid Foreign Key: Order_ID,OI00102750,O0002750,P00751,1,9250.0,0.04,9250.0,684.03
102842,Invalid Foreign Key: Product_ID,OI00102841,O0002841,P00842,2,7675.0,0.04,15350.0,1135.12
102921,Invalid Foreign Key: Product_ID,OI00102920,O0002920,P00921,1,4000.0,0.06,4000.0,289.63
102991,Invalid Foreign Key: Order_ID,OI00102990,O0002990,P00991,1,16250.0,0.06,16250.0,1176.64
102998,Invalid Foreign Key: Product_ID,OI00102997,O0002997,P00998,3,17475.0,0.06,52425.0,3796.01
103148,Invalid Foreign Key: Order_ID,OI00103147,O0003147,P00148,3,8725.0,0.02,26175.0,1975.94
103251,Invalid Foreign Key: Order_ID,OI00103250,O0003250,P00251,1,9250.0,0.0,9250.0,712.53
103307,Invalid Foreign Key: Product_ID,OI00103306,O0003306,P00307,2,1550.0,0.0,3100.0,238.79
103332,Invalid Foreign Key: Order_ID,OI00103331,O0003331,P00332,2,5925.0,0.04,11850.0,876.3
103421,Invalid Foreign Key: Product_ID,OI00103420,O0003420,P00421,1,4000.0,0.02,4000.0,301.96
103499,Invalid Foreign Key: Product_ID,OI00103498,O0003498,P00499,4,17650.0,0.03,70600.0,5275.18
103555,Invalid Foreign Key: Order_ID,OI00103554,O0003554,P00555,5,9950.0,0.03,49750.0,3717.29
103577,Invalid Foreign Key: Product_ID,OI00103576,O0003576,P00577,2,13800.0,0.04,27600.0,2040.99
103614,Invalid Foreign Key: Product_ID,OI00103613,O0003613,P00614,4,2775.0,0.06,11100.0,803.73
103751,Invalid Foreign Key: Order_ID,OI00103750,O0003750,P00751,1,9250.0,0.03,9250.0,691.15
103842,Invalid Foreign Key: Product_ID,OI00103841,O0003841,P00842,2,7675.0,0.03,15350.0,1146.94
103921,Invalid Foreign Key: Product_ID,OI00103920,O0003920,P00921,1,4000.0,0.05,4000.0,292.71
103935,Invalid Foreign Key: Order_ID,OI00103934,O0003934,P00935,5,6450.0,0.05,32250.0,2360.01
103988,Invalid Foreign Key: Order_ID,OI00103987,O0003987,P00988,3,15725.0,0.02,47175.0,3561.22
103998,Invalid Foreign Key: Product_ID,OI00103997,O0003997,P00998,3,17475.0,0.05,52425.0,3836.39
104027,Negative Value: Quantity; Negative Value: Gross_Amount; Negative Value: Net_Amount,OI00104026,O0004026,P00027,-2,5050.0,0.06,-10100.0,-731.33
104251,Invalid Foreign Key: Order_ID,OI00104250,O0004250,P00251,1,9250.0,0.06,9250.0,669.78
104307,Invalid Foreign Key: Product_ID,OI00104306,O0004306,P00307,2,1550.0,0.06,3100.0,224.47
104403,Invalid Foreign Key: Order_ID,OI00104402,O0004402,P00403,3,850.0,0.04,2550.0,188.57
104421,Invalid Foreign Key: Product_ID,OI00104420,O0004420,P00421,1,4000.0,0.01,4000.0,305.04
104499,Invalid Foreign Key: Product_ID,OI00104498,O0004498,P00499,4,17650.0,0.02,70600.0,5329.57
104577,Invalid Foreign Key: Product_ID,OI00104576,O0004576,P00577,2,13800.0,0.03,27600.0,2062.25
104614,Invalid Foreign Key: Product_ID,OI00104613,O0004613,P00614,4,2775.0,0.05,11100.0,812.28
104722,Invalid Foreign Key: Order_ID,OI00104721,O0004721,P00722,2,4175.0,0.01,8350.0,636.77
104751,Invalid Foreign Key: Order_ID,OI00104750,O0004750,P00751,1,9250.0,0.02,9250.0,698.28
104842,Invalid Foreign Key: Product_ID,OI00104841,O0004841,P00842,2,7675.0,0.02,15350.0,1158.77
104921,Invalid Foreign Key: Product_ID,OI00104920,O0004920,P00921,1,4000.0,0.04,4000.0,295.8
104985,Invalid Foreign Key: Order_ID,OI00104984,O0004984,P00985,5,15200.0,0.05,76000.0,5561.58
104998,Invalid Foreign Key: Product_ID,OI00104997,O0004997,P00998,3,17475.0,0.04,52425.0,3876.78
105016,Negative Value: Unit_Price; Negative Value: Gross_Amount; Negative Value: Net_Amount,OI00105015,O0005015,P00016,1,-500.0,0.01,-500.0,-38.13
105064,Invalid Foreign Key: Order_ID,OI00105063,O9999999,P00064,4,11525.0,0.0,46100.0,3551.09
105251,Invalid Foreign Key: Order_ID,OI00105250,O0005250,P00251,1,9250.0,0.05,9250.0,676.9
105307,Invalid Foreign Key: Product_ID,OI00105306,O0005306,P00307,2,1550.0,0.05,3100.0,226.85
105332,Invalid Foreign Key: Order_ID,OI00105331,O0005331,P00332,2,5925.0,0.02,11850.0,894.55
105421,Invalid Foreign Key: Product_ID,OI00105420,O0005420,P00421,1,4000.0,0.0,4000.0,308.12
105499,Invalid Foreign Key: Product_ID,OI00105498,O0005498,P00499,4,17650.0,0.01,70600.0,5383.95
105509,Invalid Foreign Key: Order_ID,OI00105508,O0005508,P00509,4,1900.0,0.04,7600.0,562.01
105577,Invalid Foreign Key: Product_ID,OI00105576,O0005576,P00577,2,13800.0,0.02,27600.0,2083.51
105614,Invalid Foreign Key: Product_ID,OI00105613,O0005613,P00614,4,2775.0,0.04,11100.0,820.83
105700,Invalid Foreign Key: Product_ID,OI00105699,O0005699,P99999,5,17825.0,0.06,89125.0,6453.4
105751,Invalid Foreign Key: Order_ID,OI00105750,O0005750,P00751,1,9250.0,0.01,9250.0,705.4
105842,Invalid Foreign Key: Product_ID,OI00105841,O0005841,P00842,2,7675.0,0.01,15350.0,1170.59
105921,Invalid Foreign Key: Product_ID,OI00105920,O0005920,P00921,1,4000.0,0.03,4000.0,298.88
105982,Invalid Foreign Key: Order_ID,OI00105981,O0005981,P00982,2,14675.0,0.01,29350.0,2238.23
105998,Invalid Foreign Key: Product_ID,OI00105997,O0005997,P00998,3,17475.0,0.03,52425.0,3917.16
106251,Invalid Foreign Key: Order_ID,OI00106250,O0006250,P00251,1,9250.0,0.04,9250.0,684.03
106296,Invalid Foreign Key: Order_ID,OI00106295,O0006295,P00296,1,17125.0,0.0,17125.0,1319.14
106307,Invalid Foreign Key: Product_ID,OI00106306,O0006306,P00307,2,1550.0,0.04,3100.0,229.24
106421,Invalid Foreign Key: Product_ID,OI00106420,O0006420,P00421,1,4000.0,0.06,4000.0,289.63
106499,Invalid Foreign Key: Product_ID,OI00106498,O0006498,P00499,4,17650.0,0.0,70600.0,5438.33
106577,Invalid Foreign Key: Product_ID,OI00106576,O0006576,P00577,2,13800.0,0.01,27600.0,2104.77
106604,Invalid Foreign Key: Order_ID,OI00106603,O0006603,P00604,4,1025.0,0.0,4100.0,315.82
106614,Invalid Foreign Key: Product_ID,OI00106613,O0006613,P00614,4,2775.0,0.03,11100.0,829.38
106663,Invalid Foreign Key: Order_ID,OI00106662,O0006662,P00663,3,11350.0,0.03,34050.0,2544.19
106751,Invalid Foreign Key: Order_ID,OI00106750,O0006750,P00751,1,9250.0,0.0,9250.0,712.53
106842,Invalid Foreign Key: Product_ID,OI00106841,O0006841,P00842,2,7675.0,0.0,15350.0,1182.41
106921,Invalid Foreign Key: Product_ID,OI00106920,O0006920,P00921,1,4000.0,0.02,4000.0,301.96
106979,Invalid Foreign Key: Order_ID,OI00106978,O0006978,P00979,4,14150.0,0.04,56600.0,4185.51
106998,Invalid Foreign Key: Product_ID,OI00106997,O0006997,P00998,3,17475.0,0.02,52425.0,3957.54
107083,Invalid Foreign Key: Order_ID,OI00107082,O0007082,P00083,3,14850.0,0.03,44550.0,3328.75
107109,Invalid Foreign Key: Order_ID,OI00107108,O0007108,P00109,4,1900.0,0.01,7600.0,579.58
107251,Invalid Foreign Key: Order_ID,OI00107250,O0007250,P00251,1,9250.0,0.03,9250.0,691.15
107307,Invalid Foreign Key: Product_ID,OI00107306,O0007306,P00307,2,1550.0,0.03,3100.0,231.63
107421,Invalid Foreign Key: Product_ID,OI00107420,O0007420,P00421,1,4000.0,0.05,4000.0,292.71
107499,Invalid Foreign Key: Product_ID,OI00107498,O0007498,P00499,4,17650.0,0.06,70600.0,5112.03
107577,Invalid Foreign Key: Product_ID,OI00107576,O0007576,P00577,2,13800.0,0.0,27600.0,2126.03
107614,Invalid Foreign Key: Product_ID,OI00107613,O0007613,P00614,4,2775.0,0.02,11100.0,837.93
107751,Invalid Foreign Key: Order_ID,OI00107750,O0007750,P00751,1,9250.0,0.06,9250.0,669.78
107842,Invalid Foreign Key: Product_ID,OI00107841,O0007841,P00842,2,7675.0,0.06,15350.0,1111.47
107870,Invalid Foreign Key: Order_ID,OI00107869,O0007869,P00870,5,12575.0,0.06,62875.0,4552.68
107921,Invalid Foreign Key: Product_ID,OI00107920,O0007920,P00921,1,4000.0,0.01,4000.0,305.04
107976,Invalid Foreign Key: Order_ID,OI00107975,O0007975,P00976,1,13625.0,0.0,13625.0,1049.54
107998,Invalid Foreign Key: Product_ID,OI00107997,O0007997,P00998,3,17475.0,0.01,52425.0,3997.93
108028,Negative Value: Quantity; Negative Value: Gross_Amount; Negative Value: Net_Amount,OI00108027,O0008027,P00028,-2,5225.0,0.03,-10450.0,-780.82
108251,Invalid Foreign Key: Order_ID,OI00108250,O0008250,P00251,1,9250.0,0.02,9250.0,698.28
108307,Invalid Foreign Key: Product_ID,OI00108306,O0008306,P00307,2,1550.0,0.02,3100.0,234.02
108421,Invalid Foreign Key: Product_ID,OI00108420,O0008420,P00421,1,4000.0,0.04,4000.0,295.8
108499,Invalid Foreign Key: Product_ID,OI00108498,O0008498,P00499,4,17650.0,0.05,70600.0,5166.42
108577,Invalid Foreign Key: Product_ID,OI00108576,O0008576,P00577,2,13800.0,0.06,27600.0,1998.47
108614,Invalid Foreign Key: Product_ID,OI00108613,O0008613,P00614,4,2775.0,0.01,11100.0,846.49
108657,Invalid Foreign Key: Order_ID,OI00108656,O0008656,P00657,2,10300.0,0.02,20600.0,1555.09
108751,Invalid Foreign Key: Order_ID,OI00108750,O0008750,P00751,1,9250.0,0.05,9250.0,676.9
108805,Invalid Foreign Key: Order_ID,OI00108804,O0008804,P00805,5,1200.0,0.03,6000.0,448.32
108842,Invalid Foreign Key: Product_ID,OI00108841,O0008841,P00842,2,7675.0,0.05,15350.0,1123.29
108886,Invalid Foreign Key: Order_ID,OI00108885,O0008885,P00886,1,15375.0,0.0,15375.0,1184.34
108903,Invalid Foreign Key: Product_ID,OI00108902,O0008902,P99999,3,850.0,0.03,2550.0,190.53
108921,Invalid Foreign Key: Product_ID,OI00108920,O0008920,P00921,1,4000.0,0.0,4000.0,308.12
108973,Invalid Foreign Key: Order_ID,OI00108972,O0008972,P00973,3,13100.0,0.03,39300.0,2936.47
108998,Invalid Foreign Key: Product_ID,OI00108997,O0008997,P00998,3,17475.0,0.0,52425.0,4038.31
109251,Invalid Foreign Key: Order_ID,OI00109250,O0009250,P00251,1,9250.0,0.01,9250.0,705.4
109307,Invalid Foreign Key: Product_ID,OI00109306,O0009306,P00307,2,1550.0,0.01,3100.0,236.41
109421,Invalid Foreign Key: Product_ID,OI00109420,O0009420,P00421,1,4000.0,0.03,4000.0,298.88
109444,Invalid Foreign Key: Order_ID,OI00109443,O0009443,P00444,4,8025.0,0.05,32100.0,2349.04
109499,Invalid Foreign Key: Product_ID,OI00109498,O0009498,P00499,4,17650.0,0.04,70600.0,5220.8
109577,Invalid Foreign Key: Product_ID,OI00109576,O0009576,P00577,2,13800.0,0.05,27600.0,2019.73
109614,Invalid Foreign Key: Product_ID,OI00109613,O0009613,P00614,4,2775.0,0.0,11100.0,855.04
109751,Invalid Foreign Key: Order_ID,OI00109750,O0009750,P00751,1,9250.0,0.04,9250.0,684.03
109842,Invalid Foreign Key: Product_ID,OI00109841,O0009841,P00842,2,7675.0,0.04,15350.0,1135.12
109921,Invalid Foreign Key: Product_ID,OI00109920,O0009920,P00921,1,4000.0,0.06,4000.0,289.63
109970,Invalid Foreign Key: Order_ID,OI00109969,O0009969,P00970,5,12575.0,0.06,62875.0,4552.68
109994,Invalid Foreign Key: Order_ID,OI00109993,O0009993,P00994,4,16775.0,0.02,67100.0,5065.35
109998,Invalid Foreign Key: Product_ID,OI00109997,O0009997,P00998,3,17475.0,0.06,52425.0,3796.01
110008,Invalid Foreign Key: Order_ID,OI00110007,O0010007,P00008,3,1725.0,0.02,5175.0,390.66
110067,Invalid Foreign Key: Order_ID,OI00110066,O9999999,P00067,2,12050.0,0.05,24100.0,1763.61
110231,Invalid Foreign Key: Order_ID,OI00110230,O0010230,P00231,1,5750.0,0.01,5750.0,438.49
110251,Invalid Foreign Key: Order_ID,OI00110250,O0010250,P00251,1,9250.0,0.0,9250.0,712.53
110307,Invalid Foreign Key: Product_ID,OI00110306,O0010306,P00307,2,1550.0,0.0,3100.0,238.79
110421,Invalid Foreign Key: Product_ID,OI00110420,O0010420,P00421,1,4000.0,0.02,4000.0,301.96
110499,Invalid Foreign Key: Product_ID,OI00110498,O0010498,P00499,4,17650.0,0.03,70600.0,5275.18
110577,Invalid Foreign Key: Product_ID,OI00110576,O0010576,P00577,2,13800.0,0.04,27600.0,2040.99
110614,Invalid Foreign Key: Product_ID,OI00110613,O0010613,P00614,4,2775.0,0.06,11100.0,803.73
110663,Invalid Foreign Key: Order_ID,OI00110662,O0010662,P00663,3,11350.0,0.06,34050.0,2465.51
110751,Invalid Foreign Key: Order_ID,OI00110750,O0010750,P00751,1,9250.0,0.03,9250.0,691.15
110842,Invalid Foreign Key: Product_ID,OI00110841,O0010841,P00842,2,7675.0,0.03,15350.0,1146.94
110921,Invalid Foreign Key: Product_ID,OI00110920,O0010920,P00921,1,4000.0,0.05,4000.0,292.71
110967,Invalid Foreign Key: Order_ID,OI00110966,O0010966,P00967,2,12050.0,0.02,24100.0,1819.3
110998,Invalid Foreign Key: Product_ID,OI00110997,O0010997,P00998,3,17475.0,0.05,52425.0,3836.39
111006,Invalid Foreign Key: Order_ID,OI00111005,O0011005,P00006,1,1375.0,0.06,1375.0,99.56
111018,Invalid Foreign Key: Order_ID,OI00111017,O0011017,P00018,3,3475.0,0.04,10425.0,770.92
111251,Invalid Foreign Key: Order_ID,OI00111250,O0011250,P00251,1,9250.0,0.06,9250.0,669.78
111307,Invalid Foreign Key: Product_ID,OI00111306,O0011306,P00307,2,1550.0,0.06,3100.0,224.47
111421,Invalid Foreign Key: Product_ID,OI00111420,O0011420,P00421,1,4000.0,0.01,4000.0,305.04
111499,Invalid Foreign Key: Product_ID,OI00111498,O0011498,P00499,4,17650.0,0.02,70600.0,5329.57
111577,Invalid Foreign Key: Product_ID,OI00111576,O0011576,P00577,2,13800.0,0.03,27600.0,2062.25
111614,Invalid Foreign Key: Product_ID,OI00111613,O0011613,P00614,4,2775.0,0.05,11100.0,812.28
111751,Invalid Foreign Key: Order_ID,OI00111750,O0011750,P00751,1,9250.0,0.02,9250.0,698.28
111805,Invalid Foreign Key: Order_ID,OI00111804,O0011804,P00805,5,1200.0,0.0,6000.0,462.18
111842,Invalid Foreign Key: Product_ID,OI00111841,O0011841,P00842,2,7675.0,0.02,15350.0,1158.77
111921,Invalid Foreign Key: Product_ID,OI00111920,O0011920,P00921,1,4000.0,0.04,4000.0,295.8
111964,Invalid Foreign Key: Order_ID,OI00111963,O0011963,P00964,4,11525.0,0.05,46100.0,3373.54
111998,Invalid Foreign Key: Product_ID,OI00111997,O0011997,P00998,3,17475.0,0.04,52425.0,3876.78
112017,Negative Value: Unit_Price; Negative Value: Gross_Amount; Negative Value: Net_Amount,OI00112016,O0012016,P00017,2,-500.0,0.02,-1000.0,-75.49
112029,Negative Value: Quantity; Negative Value: Gross_Amount; Negative Value: Net_Amount,OI00112028,O0012028,P00029,-2,5400.0,0.0,-10800.0,-831.93
112106,Invalid Foreign Key: Product_ID,OI00112105,O0012105,P99999,1,1375.0,0.0,1375.0,105.92
112251,Invalid Foreign Key: Order_ID,OI00112250,O0012250,P00251,1,9250.0,0.05,9250.0,676.9
112307,Invalid Foreign Key: Product_ID,OI00112306,O0012306,P00307,2,1550.0,0.05,3100.0,226.85
112421,Invalid Foreign Key: Product_ID,OI00112420,O0012420,P00421,1,4000.0,0.0,4000.0,308.12
112440,Invalid Foreign Key: Order_ID,OI00112439,O0012439,P00440,5,7325.0,0.05,36625.0,2680.17
112499,Invalid Foreign Key: Product_ID,OI00112498,O0012498,P00499,4,17650.0,0.01,70600.0,5383.95
112577,Invalid Foreign Key: Product_ID,OI00112576,O0012576,P00577,2,13800.0,0.02,27600.0,2083.51
112592,Invalid Foreign Key: Order_ID,OI00112591,O0012591,P00592,2,16425.0,0.03,32850.0,2454.53
112614,Invalid Foreign Key: Product_ID,OI00112613,O0012613,P00614,4,2775.0,0.04,11100.0,820.83
112751,Invalid Foreign Key: Order_ID,OI00112750,O0012750,P00751,1,9250.0,0.01,9250.0,705.4
112842,Invalid Foreign Key: Product_ID,OI00112841,O0012841,P00842,2,7675.0,0.01,15350.0,1170.59
112921,Invalid Foreign Key: Product_ID,OI00112920,O0012920,P00921,1,4000.0,0.03,4000.0,298.88
112961,Invalid Foreign Key: Order_ID,OI00112960,O0012960,P00961,1,11000.0,0.01,11000.0,838.86
112998,Invalid Foreign Key: Product_ID,OI00112997,O0012997,P00998,3,17475.0,0.03,52425.0,3917.16
113207,Invalid Foreign Key: Order_ID,OI00113206,O0013206,P00207,2,1550.0,0.02,3100.0,234.02
113251,Invalid Foreign Key: Order_ID,OI00113250,O0013250,P00251,1,9250.0,0.04,9250.0,684.03
113307,Invalid Foreign Key: Product_ID,OI00113306,O0013306,P00307,2,1550.0,0.04,3100.0,229.24
113325,Invalid Foreign Key: Order_ID,OI00113324,O0013324,P00325,5,4700.0,0.01,23500.0,1792.11
113379,Invalid Foreign Key: Order_ID,OI00113378,O0013378,P00379,4,14150.0,0.06,56600.0,4098.32
113421,Invalid Foreign Key: Product_ID,OI00113420,O0013420,P00421,1,4000.0,0.06,4000.0,289.63
113499,Invalid Foreign Key: Product_ID,OI00113498,O0013498,P00499,4,17650.0,0.0,70600.0,5438.33
113577,Invalid Foreign Key: Product_ID,OI00113576,O0013576,P00577,2,13800.0,0.01,27600.0,2104.77
113614,Invalid Foreign Key: Product_ID,OI00113613,O0013613,P00614,4,2775.0,0.03,11100.0,829.38
113751,Invalid Foreign Key: Order_ID,OI00113750,O0013750,P00751,1,9250.0,0.0,9250.0,712.53
113842,Invalid Foreign Key: Product_ID,OI00113841,O0013841,P00842,2,7675.0,0.0,15350.0,1182.41
113921,Invalid Foreign Key: Product_ID,OI00113920,O0013920,P00921,1,4000.0,0.02,4000.0,301.96
113958,Invalid Foreign Key: Order_ID,OI00113957,O0013957,P00958,3,10475.0,0.04,31425.0,2323.85
113998,Invalid Foreign Key: Product_ID,OI00113997,O0013997,P00998,3,17475.0,0.02,52425.0,3957.54
114166,Invalid Foreign Key: Order_ID,OI00114165,O0014165,P00166,1,11875.0,0.02,11875.0,896.44
114217,Invalid Foreign Key: Order_ID,OI00114216,O0014216,P00217,2,3300.0,0.04,6600.0,488.06
114251,Invalid Foreign Key: Order_ID,OI00114250,O0014250,P00251,1,9250.0,0.03,9250.0,691.15
114307,Invalid Foreign Key: Product_ID,OI00114306,O0014306,P00307,2,1550.0,0.03,3100.0,231.63
114421,Invalid Foreign Key: Product_ID,OI00114420,O0014420,P00421,1,4000.0,0.05,4000.0,292.71
114499,Invalid Foreign Key: Product_ID,OI00114498,O0014498,P00499,4,17650.0,0.06,70600.0,5112.03
114577,Invalid Foreign Key: Product_ID,OI00114576,O0014576,P00577,2,13800.0,0.0,27600.0,2126.03
114614,Invalid Foreign Key: Product_ID,OI00114613,O0014613,P00614,4,2775.0,0.02,11100.0,837.93
114751,Invalid Foreign Key: Order_ID,OI00114750,O0014750,P00751,1,9250.0,0.06,9250.0,669.78
114842,Invalid Foreign Key: Product_ID,OI00114841,O0014841,P00842,2,7675.0,0.06,15350.0,1111.47
114921,Invalid Foreign Key: Product_ID,OI00114920,O0014920,P00921,1,4000.0,0.01,4000.0,305.04
114953,Invalid Foreign Key: Order_ID,OI00114952,O0014952,P00953,3,9600.0,0.05,28800.0,2107.55
114955,Invalid Foreign Key: Order_ID,OI00114954,O0014954,P00955,5,9950.0,0.0,49750.0,3832.25
114998,Invalid Foreign Key: Product_ID,OI00114997,O0014997,P00998,3,17475.0,0.01,52425.0,3997.93
115070,Invalid Foreign Key: Order_ID,OI00115069,O9999999,P00070,5,12575.0,0.03,62875.0,4697.98
115251,Invalid Foreign Key: Order_ID,OI00115250,O0015250,P00251,1,9250.0,0.02,9250.0,698.28
115307,Invalid Foreign Key: Product_ID,OI00115306,O0015306,P00307,2,1550.0,0.02,3100.0,234.02
115309,Invalid Foreign Key: Product_ID,OI00115308,O0015308,P99999,4,1900.0,0.04,7600.0,562.01
115408,Invalid Foreign Key: Order_ID,OI00115407,O0015407,P00408,3,1725.0,0.05,5175.0,378.7
115421,Invalid Foreign Key: Product_ID,OI00115420,O0015420,P00421,1,4000.0,0.04,4000.0,295.8
115499,Invalid Foreign Key: Product_ID,OI00115498,O0015498,P00499,4,17650.0,0.05,70600.0,5166.42
115577,Invalid Foreign Key: Product_ID,OI00115576,O0015576,P00577,2,13800.0,0.06,27600.0,1998.47
115614,Invalid Foreign Key: Product_ID,OI00115613,O0015613,P00614,4,2775.0,0.01,11100.0,846.49
115740,Invalid Foreign Key: Order_ID,OI00115739,O0015739,P00740,5,7325.0,0.01,36625.0,2793.02
115751,Invalid Foreign Key: Order_ID,OI00115750,O0015750,P00751,1,9250.0,0.05,9250.0,676.9
115842,Invalid Foreign Key: Product_ID,OI00115841,O0015841,P00842,2,7675.0,0.05,15350.0,1123.29
115921,Invalid Foreign Key: Product_ID,OI00115920,O0015920,P00921,1,4000.0,0.0,4000.0,308.12
115952,Invalid Foreign Key: Order_ID,OI00115951,O0015951,P00952,2,9425.0,0.03,18850.0,1408.46
115994,Invalid Foreign Key: Order_ID,OI00115993,O0015993,P00994,4,16775.0,0.03,67100.0,5013.67
115998,Invalid Foreign Key: Product_ID,OI00115997,O0015997,P00998,3,17475.0,0.0,52425.0,4038.31
116030,Negative Value: Quantity; Negative Value: Gross_Amount; Negative Value: Net_Amount,OI00116029,O0016029,P00030,-2,5575.0,0.04,-11150.0,-824.53
116251,Invalid Foreign Key: Order_ID,OI00116250,O0016250,P00251,1,9250.0,0.01,9250.0,705.4
116307,Invalid Foreign Key: Product_ID,OI00116306,O0016306,P00307,2,1550.0,0.01,3100.0,236.41
116421,Invalid Foreign Key: Product_ID,OI00116420,O0016420,P00421,1,4000.0,0.03,4000.0,298.88
116499,Invalid Foreign Key: Product_ID,OI00116498,O0016498,P00499,4,17650.0,0.04,70600.0,5220.8
116527,Invalid Foreign Key: Order_ID,OI00116526,O0016526,P00527,2,5050.0,0.04,10100.0,746.89
116577,Invalid Foreign Key: Product_ID,OI00116576,O0016576,P00577,2,13800.0,0.05,27600.0,2019.73
116614,Invalid Foreign Key: Product_ID,OI00116613,O0016613,P00614,4,2775.0,0.0,11100.0,855.04
116656,Invalid Foreign Key: Order_ID,OI00116655,O0016655,P00656,1,10125.0,0.0,10125.0,779.93
116751,Invalid Foreign Key: Order_ID,OI00116750,O0016750,P00751,1,9250.0,0.04,9250.0,684.03
116842,Invalid Foreign Key: Product_ID,OI00116841,O0016841,P00842,2,7675.0,0.04,15350.0,1135.12
116921,Invalid Foreign Key: Product_ID,OI00116920,O0016920,P00921,1,4000.0,0.06,4000.0,289.63
116949,Invalid Foreign Key: Order_ID,OI00116948,O0016948,P00949,4,8900.0,0.06,35600.0,2577.74
116998,Invalid Foreign Key: Product_ID,OI00116997,O0016997,P00998,3,17475.0,0.06,52425.0,3796.01
117251,Invalid Foreign Key: Order_ID,OI00117250,O0017250,P00251,1,9250.0,0.0,9250.0,712.53
117307,Invalid Foreign Key: Product_ID,OI00117306,O0017306,P00307,2,1550.0,0.0,3100.0,238.79
117314,Invalid Foreign Key: Order_ID,OI00117313,O0017313,P00314,4,2775.0,0.0,11100.0,855.04
117421,Invalid Foreign Key: Product_ID,OI00117420,O0017420,P00421,1,4000.0,0.02,4000.0,301.96
117499,Invalid Foreign Key: Product_ID,OI00117498,O0017498,P00499,4,17650.0,0.03,70600.0,5275.18
117577,Invalid Foreign Key: Product_ID,OI00117576,O0017576,P00577,2,13800.0,0.04,27600.0,2040.99
117609,Invalid Foreign Key: Order_ID,OI00117608,O0017608,P00609,4,1900.0,0.01,7600.0,579.58
117614,Invalid Foreign Key: Product_ID,OI00117613,O0017613,P00614,4,2775.0,0.06,11100.0,803.73
117751,Invalid Foreign Key: Order_ID,OI00117750,O0017750,P00751,1,9250.0,0.03,9250.0,691.15
117771,Invalid Foreign Key: Order_ID,OI00117770,O0017770,P00771,1,12750.0,0.02,12750.0,962.49
117842,Invalid Foreign Key: Product_ID,OI00117841,O0017841,P00842,2,7675.0,0.03,15350.0,1146.94
117921,Invalid Foreign Key: Product_ID,OI00117920,O0017920,P00921,1,4000.0,0.05,4000.0,292.71
117946,Invalid Foreign Key: Order_ID,OI00117945,O0017945,P00946,1,8375.0,0.02,8375.0,632.23
117998,Invalid Foreign Key: Product_ID,OI00117997,O0017997,P00998,3,17475.0,0.05,52425.0,3836.39
118101,Invalid Foreign Key: Order_ID,OI00118100,O0018100,P00101,1,500.0,0.03,500.0,37.36
118251,Invalid Foreign Key: Order_ID,OI00118250,O0018250,P00251,1,9250.0,0.06,9250.0,669.78
118307,Invalid Foreign Key: Product_ID,OI00118306,O0018306,P00307,2,1550.0,0.06,3100.0,224.47
118421,Invalid Foreign Key: Product_ID,OI00118420,O0018420,P00421,1,4000.0,0.01,4000.0,305.04
118499,Invalid Foreign Key: Product_ID,OI00118498,O0018498,P00499,4,17650.0,0.02,70600.0,5329.57
118512,Invalid Foreign Key: Product_ID,OI00118511,O0018511,P99999,2,2425.0,0.01,4850.0,369.86
118577,Invalid Foreign Key: Product_ID,OI00118576,O0018576,P00577,2,13800.0,0.03,27600.0,2062.25
118614,Invalid Foreign Key: Product_ID,OI00118613,O0018613,P00614,4,2775.0,0.05,11100.0,812.28
118751,Invalid Foreign Key: Order_ID,OI00118750,O0018750,P00751,1,9250.0,0.02,9250.0,698.28
118842,Invalid Foreign Key: Product_ID,OI00118841,O0018841,P00842,2,7675.0,0.02,15350.0,1158.77
118888,Invalid Foreign Key: Order_ID,OI00118887,O0018887,P00888,3,15725.0,0.06,47175.0,3415.87
118921,Invalid Foreign Key: Product_ID,OI00118920,O0018920,P00921,1,4000.0,0.04,4000.0,295.8
118943,Invalid Foreign Key: Order_ID,OI00118942,O0018942,P00943,3,7850.0,0.05,23550.0,1723.36
118998,Invalid Foreign Key: Product_ID,OI00118997,O0018997,P00998,3,17475.0,0.04,52425.0,3876.78
119018,Negative Value: Unit_Price; Negative Value: Gross_Amount; Negative Value: Net_Amount,OI00119017,O0019017,P00018,3,-500.0,0.03,-1500.0,-112.08
119251,Invalid Foreign Key: Order_ID,OI00119250,O0019250,P00251,1,9250.0,0.05,9250.0,676.9
119307,Invalid Foreign Key: Product_ID,OI00119306,O0019306,P00307,2,1550.0,0.05,3100.0,226.85
119421,Invalid Foreign Key: Product_ID,OI00119420,O0019420,P00421,1,4000.0,0.0,4000.0,308.12
119499,Invalid Foreign Key: Product_ID,OI00119498,O0019498,P00499,4,17650.0,0.01,70600.0,5383.95
119548,Invalid Foreign Key: Order_ID,OI00119547,O0019547,P00548,3,8725.0,0.01,26175.0,1996.1
119577,Invalid Foreign Key: Product_ID,OI00119576,O0019576,P00577,2,13800.0,0.02,27600.0,2083.51
119614,Invalid Foreign Key: Product_ID,OI00119613,O0019613,P00614,4,2775.0,0.04,11100.0,820.83
119675,Invalid Foreign Key: Order_ID,OI00119674,O0019674,P00675,5,13450.0,0.02,67250.0,5076.68
119751,Invalid Foreign Key: Order_ID,OI00119750,O0019750,P00751,1,9250.0,0.01,9250.0,705.4
119810,Invalid Foreign Key: Order_ID,OI00119809,O0019809,P00810,5,2075.0,0.04,10375.0,767.22
119842,Invalid Foreign Key: Product_ID,OI00119841,O0019841,P00842,2,7675.0,0.01,15350.0,1170.59
119921,Invalid Foreign Key: Product_ID,OI00119920,O0019920,P00921,1,4000.0,0.03,4000.0,298.88
119940,Invalid Foreign Key: Order_ID,OI00119939,O0019939,P00940,5,7325.0,0.01,36625.0,2793.02
119987,Invalid Foreign Key: Order_ID,OI00119986,O0019986,P00987,2,15550.0,0.06,31100.0,2251.9
119998,Invalid Foreign Key: Product_ID,OI00119997,O0019997,P00998,3,17475.0,0.03,52425.0,3917.16
120015,Invalid Foreign Key: Order_ID,OI00120014,O0020014,P00015,5,2950.0,0.06,14750.0,1068.02
120031,Negative Value: Quantity; Negative Value: Gross_Amount; Negative Value: Net_Amount,OI00120030,O0020030,P00031,-2,5750.0,0.01,-11500.0,-876.99
120073,Invalid Foreign Key: Order_ID,OI00120072,O9999999,P00073,3,13100.0,0.01,39300.0,2997.02
120251,Invalid Foreign Key: Order_ID,OI00120250,O0020250,P00251,1,9250.0,0.04,9250.0,684.03
120307,Invalid Foreign Key: Product_ID,OI00120306,O0020306,P00307,2,1550.0,0.04,3100.0,229.24
120421,Invalid Foreign Key: Product_ID,OI00120420,O0020420,P00421,1,4000.0,0.06,4000.0,289.63
120499,Invalid Foreign Key: Product_ID,OI00120498,O0020498,P00499,4,17650.0,0.0,70600.0,5438.33
120577,Invalid Foreign Key: Product_ID,OI00120576,O0020576,P00577,2,13800.0,0.01,27600.0,2104.77
120614,Invalid Foreign Key: Product_ID,OI00120613,O0020613,P00614,4,2775.0,0.03,11100.0,829.38
120751,Invalid Foreign Key: Order_ID,OI00120750,O0020750,P00751,1,9250.0,0.0,9250.0,712.53
120787,Invalid Foreign Key: Order_ID,OI00120786,O0020786,P00787,2,15550.0,0.01,31100.0,2371.68
120842,Invalid Foreign Key: Product_ID,OI00120841,O0020841,P00842,2,7675.0,0.0,15350.0,1182.41
120921,Invalid Foreign Key: Product_ID,OI00120920,O0020920,P00921,1,4000.0,0.02,4000.0,301.96
120997,Invalid Foreign Key: Order_ID,OI00120996,O0020996,P00997,2,17300.0,0.01,34600.0,2638.59
120998,Invalid Foreign Key: Product_ID,OI00120997,O0020997,P00998,3,17475.0,0.02,52425.0,3957.54
121251,Invalid Foreign Key: Order_ID,OI00121250,O0021250,P00251,1,9250.0,0.03,9250.0,691.15
121307,Invalid Foreign Key: Product_ID,OI00121306,O0021306,P00307,2,1550.0,0.03,3100.0,231.63
121325,Invalid Foreign Key: Order_ID,OI00121324,O0021324,P00325,5,4700.0,0.0,23500.0,1810.21
121421,Invalid Foreign Key: Product_ID,OI00121420,O0021420,P00421,1,4000.0,0.05,4000.0,292.71
121499,Invalid Foreign Key: Product_ID,OI00121498,O0021498,P00499,4,17650.0,0.06,70600.0,5112.03
121574,Invalid Foreign Key: Order_ID,OI00121573,O0021573,P00574,4,13275.0,0.04,53100.0,3926.69
121577,Invalid Foreign Key: Product_ID,OI00121576,O0021576,P00577,2,13800.0,0.0,27600.0,2126.03
121614,Invalid Foreign Key: Product_ID,OI00121613,O0021613,P00614,4,2775.0,0.02,11100.0,837.93
121715,Invalid Foreign Key: Product_ID,OI00121714,O0021714,P99999,5,2950.0,0.05,14750.0,1079.39
121751,Invalid Foreign Key: Order_ID,OI00121750,O0021750,P00751,1,9250.0,0.06,9250.0,669.78
121842,Invalid Foreign Key: Product_ID,OI00121841,O0021841,P00842,2,7675.0,0.06,15350.0,1111.47
121921,Invalid Foreign Key: Product_ID,OI00121920,O0021920,P00921,1,4000.0,0.01,4000.0,305.04
121994,Invalid Foreign Key: Order_ID,OI00121993,O0021993,P00994,4,16775.0,0.04,67100.0,4961.98
121998,Invalid Foreign Key: Product_ID,OI00121997,O0021997,P00998,3,17475.0,0.01,52425.0,3997.93
122011,Invalid Foreign Key: Order_ID,OI00122010,O0022010,P00011,1,2250.0,0.0,2250.0,173.32
122251,Invalid Foreign Key: Order_ID,OI00122250,O0022250,P00251,1,9250.0,0.02,9250.0,698.28
122307,Invalid Foreign Key: Product_ID,OI00122306,O0022306,P00307,2,1550.0,0.02,3100.0,234.02
122361,Invalid Foreign Key: Order_ID,OI00122360,O0022360,P00361,1,11000.0,0.0,11000.0,847.33
122421,Invalid Foreign Key: Product_ID,OI00122420,O0022420,P00421,1,4000.0,0.04,4000.0,295.8
122499,Invalid Foreign Key: Product_ID,OI00122498,O0022498,P00499,4,17650.0,0.05,70600.0,5166.42
122577,Invalid Foreign Key: Product_ID,OI00122576,O0022576,P00577,2,13800.0,0.06,27600.0,1998.47
122614,Invalid Foreign Key: Product_ID,OI00122613,O0022613,P00614,4,2775.0,0.01,11100.0,846.49
122751,Invalid Foreign Key: Order_ID,OI00122750,O0022750,P00751,1,9250.0,0.05,9250.0,676.9
122842,Invalid Foreign Key: Product_ID,OI00122841,O0022841,P00842,2,7675.0,0.05,15350.0,1123.29
122921,Invalid Foreign Key: Product_ID,OI00122920,O0022920,P00921,1,4000.0,0.0,4000.0,308.12
122991,Invalid Foreign Key: Order_ID,OI00122990,O0022990,P00991,1,16250.0,0.0,16250.0,1251.74
122998,Invalid Foreign Key: Product_ID,OI00122997,O0022997,P00998,3,17475.0,0.0,52425.0,4038.31
123102,Invalid Foreign Key: Order_ID,OI00123101,O0023101,P00102,2,675.0,0.06,1350.0,97.75
123148,Invalid Foreign Key: Order_ID,OI00123147,O0023147,P00148,3,8725.0,0.03,26175.0,1955.78
123251,Invalid Foreign Key: Order_ID,OI00123250,O0023250,P00251,1,9250.0,0.01,9250.0,705.4
123307,Invalid Foreign Key: Product_ID,OI00123306,O0023306,P00307,2,1550.0,0.01,3100.0,236.41
123318,Invalid Foreign Key: Order_ID,OI00123317,O0023317,P00318,3,3475.0,0.05,10425.0,762.89
123421,Invalid Foreign Key: Product_ID,OI00123420,O0023420,P00421,1,4000.0,0.03,4000.0,298.88
123499,Invalid Foreign Key: Product_ID,OI00123498,O0023498,P00499,4,17650.0,0.04,70600.0,5220.8
123577,Invalid Foreign Key: Product_ID,OI00123576,O0023576,P00577,2,13800.0,0.05,27600.0,2019.73
123614,Invalid Foreign Key: Product_ID,OI00123613,O0023613,P00614,4,2775.0,0.0,11100.0,855.04
123751,Invalid Foreign Key: Order_ID,OI00123750,O0023750,P00751,1,9250.0,0.04,9250.0,684.03
123842,Invalid Foreign Key: Product_ID,OI00123841,O0023841,P00842,2,7675.0,0.04,15350.0,1135.12
123921,Invalid Foreign Key: Product_ID,OI00123920,O0023920,P00921,1,4000.0,0.06,4000.0,289.63
123935,Invalid Foreign Key: Order_ID,OI00123934,O0023934,P00935,5,6450.0,0.06,32250.0,2335.17
123988,Invalid Foreign Key: Order_ID,OI00123987,O0023987,P00988,3,15725.0,0.03,47175.0,3524.88
123998,Invalid Foreign Key: Product_ID,OI00123997,O0023997,P00998,3,17475.0,0.06,52425.0,3796.01
124032,Negative Value: Quantity; Negative Value: Gross_Amount; Negative Value: Net_Amount,OI00124031,O0024031,P00032,-2,5925.0,0.05,-11850.0,-867.17
124212,Invalid Foreign Key: Order_ID,OI00124211,O0024211,P00212,2,2425.0,0.03,4850.0,362.39
124251,Invalid Foreign Key: Order_ID,OI00124250,O0024250,P00251,1,9250.0,0.0,9250.0,712.53
124307,Invalid Foreign Key: Product_ID,OI00124306,O0024306,P00307,2,1550.0,0.0,3100.0,238.79
124421,Invalid Foreign Key: Product_ID,OI00124420,O0024420,P00421,1,4000.0,0.02,4000.0,301.96
124499,Invalid Foreign Key: Product_ID,OI00124498,O0024498,P00499,4,17650.0,0.03,70600.0,5275.18
124577,Invalid Foreign Key: Product_ID,OI00124576,O0024576,P00577,2,13800.0,0.04,27600.0,2040.99
124614,Invalid Foreign Key: Product_ID,OI00124613,O0024613,P00614,4,2775.0,0.06,11100.0,803.73
124722,Invalid Foreign Key: Order_ID,OI00124721,O0024721,P00722,2,4175.0,0.02,8350.0,630.34
124751,Invalid Foreign Key: Order_ID,OI00124750,O0024750,P00751,1,9250.0,0.03,9250.0,691.15
124842,Invalid Foreign Key: Product_ID,OI00124841,O0024841,P00842,2,7675.0,0.03,15350.0,1146.94
124879,Invalid Foreign Key: Order_ID,OI00124878,O0024878,P00879,4,14150.0,0.05,56600.0,4141.92
124918,Invalid Foreign Key: Product_ID,OI00124917,O0024917,P99999,3,3475.0,0.02,10425.0,786.98
124921,Invalid Foreign Key: Product_ID,OI00124920,O0024920,P00921,1,4000.0,0.05,4000.0,292.71
124985,Invalid Foreign Key: Order_ID,OI00124984,O0024984,P00985,5,15200.0,0.06,76000.0,5503.04
124998,Invalid Foreign Key: Product_ID,OI00124997,O0024997,P00998,3,17475.0,0.05,52425.0,3836.39
125076,Invalid Foreign Key: Order_ID,OI00125075,O9999999,P00076,1,13625.0,0.06,13625.0,986.56
125251,Invalid Foreign Key: Order_ID,OI00125250,O0025250,P00251,1,9250.0,0.06,9250.0,669.78
125307,Invalid Foreign Key: Product_ID,OI00125306,O0025306,P00307,2,1550.0,0.06,3100.0,224.47
125421,Invalid Foreign Key: Product_ID,OI00125420,O0025420,P00421,1,4000.0,0.01,4000.0,305.04
125499,Invalid Foreign Key: Product_ID,OI00125498,O0025498,P00499,4,17650.0,0.02,70600.0,5329.57
125509,Invalid Foreign Key: Order_ID,OI00125508,O0025508,P00509,4,1900.0,0.05,7600.0,556.16
125577,Invalid Foreign Key: Product_ID,OI00125576,O0025576,P00577,2,13800.0,0.03,27600.0,2062.25
125614,Invalid Foreign Key: Product_ID,OI00125613,O0025613,P00614,4,2775.0,0.05,11100.0,812.28
125751,Invalid Foreign Key: Order_ID,OI00125750,O0025750,P00751,1,9250.0,0.02,9250.0,698.28
125842,Invalid Foreign Key: Product_ID,OI00125841,O0025841,P00842,2,7675.0,0.02,15350.0,1158.77
125921,Invalid Foreign Key: Product_ID,OI00125920,O0025920,P00921,1,4000.0,0.04,4000.0,295.8
125982,Invalid Foreign Key: Order_ID,OI00125981,O0025981,P00982,2,14675.0,0.02,29350.0,2215.62
125998,Invalid Foreign Key: Product_ID,OI00125997,O0025997,P00998,3,17475.0,0.04,52425.0,3876.78
126019,Negative Value: Unit_Price; Negative Value: Gross_Amount; Negative Value: Net_Amount,OI00126018,O0026018,P00019,4,-500.0,0.04,-2000.0,-147.9
126251,Invalid Foreign Key: Order_ID,OI00126250,O0026250,P00251,1,9250.0,0.05,9250.0,676.9
126296,Invalid Foreign Key: Order_ID,OI00126295,O0026295,P00296,1,17125.0,0.01,17125.0,1305.95
126307,Invalid Foreign Key: Product_ID,OI00126306,O0026306,P00307,2,1550.0,0.05,3100.0,226.85
126413,Invalid Foreign Key: Order_ID,OI00126412,O0026412,P00413,3,2600.0,0.06,7800.0,564.79
126421,Invalid Foreign Key: Product_ID,OI00126420,O0026420,P00421,1,4000.0,0.0,4000.0,308.12
126499,Invalid Foreign Key: Product_ID,OI00126498,O0026498,P00499,4,17650.0,0.01,70600.0,5383.95
126577,Invalid Foreign Key: Product_ID,OI00126576,O0026576,P00577,2,13800.0,0.02,27600.0,2083.51
126614,Invalid Foreign Key: Product_ID,OI00126613,O0026613,P00614,4,2775.0,0.04,11100.0,820.83
126649,Invalid Foreign Key: Order_ID,OI00126648,O0026648,P00649,4,8900.0,0.04,35600.0,2632.59
126656,Invalid Foreign Key: Order_ID,OI00126655,O0026655,P00656,1,10125.0,0.04,10125.0,748.73
126751,Invalid Foreign Key: Order_ID,OI00126750,O0026750,P00751,1,9250.0,0.01,9250.0,705.4
126842,Invalid Foreign Key: Product_ID,OI00126841,O0026841,P00842,2,7675.0,0.01,15350.0,1170.59
126921,Invalid Foreign Key: Product_ID,OI00126920,O0026920,P00921,1,4000.0,0.03,4000.0,298.88
126979,Invalid Foreign Key: Order_ID,OI00126978,O0026978,P00979,4,14150.0,0.05,56600.0,4141.92
126998,Invalid Foreign Key: Product_ID,OI00126997,O0026997,P00998,3,17475.0,0.03,52425.0,3917.16
127083,Invalid Foreign Key: Order_ID,OI00127082,O0027082,P00083,3,14850.0,0.04,44550.0,3294.43
127251,Invalid Foreign Key: Order_ID,OI00127250,O0027250,P00251,1,9250.0,0.04,9250.0,684.03
127307,Invalid Foreign Key: Product_ID,OI00127306,O0027306,P00307,2,1550.0,0.04,3100.0,229.24
127421,Invalid Foreign Key: Product_ID,OI00127420,O0027420,P00421,1,4000.0,0.06,4000.0,289.63
127499,Invalid Foreign Key: Product_ID,OI00127498,O0027498,P00499,4,17650.0,0.0,70600.0,5438.33
127577,Invalid Foreign Key: Product_ID,OI00127576,O0027576,P00577,2,13800.0,0.01,27600.0,2104.77
127614,Invalid Foreign Key: Product_ID,OI00127613,O0027613,P00614,4,2775.0,0.03,11100.0,829.38
127751,Invalid Foreign Key: Order_ID,OI00127750,O0027750,P00751,1,9250.0,0.0,9250.0,712.53
127842,Invalid Foreign Key: Product_ID,OI00127841,O0027841,P00842,2,7675.0,0.0,15350.0,1182.41
127870,Invalid Foreign Key: Order_ID,OI00127869,O0027869,P00870,5,12575.0,0.0,62875.0,4843.28
127921,Invalid Foreign Key: Product_ID,OI00127920,O0027920,P00921,1,4000.0,0.02,4000.0,301.96
127976,Invalid Foreign Key: Order_ID,OI00127975,O0027975,P00976,1,13625.0,0.01,13625.0,1039.04
127998,Invalid Foreign Key: Product_ID,OI00127997,O0027997,P00998,3,17475.0,0.02,52425.0,3957.54
128033,Negative Value: Quantity; Negative Value: Gross_Amount; Negative Value: Net_Amount,OI00128032,O0028032,P00033,-2,6100.0,0.02,-12200.0,-920.97
128121,Invalid Foreign Key: Product_ID,OI00128120,O0028120,P99999,1,4000.0,0.06,4000.0,289.63
128251,Invalid Foreign Key: Order_ID,OI00128250,O0028250,P00251,1,9250.0,0.03,9250.0,691.15
128307,Invalid Foreign Key: Product_ID,OI00128306,O0028306,P00307,2,1550.0,0.03,3100.0,231.63
128421,Invalid Foreign Key: Product_ID,OI00128420,O0028420,P00421,1,4000.0,0.05,4000.0,292.71
128433,Invalid Foreign Key: Order_ID,OI00128432,O0028432,P00433,3,6100.0,0.03,18300.0,1367.36
128499,Invalid Foreign Key: Product_ID,OI00128498,O0028498,P00499,4,17650.0,0.06,70600.0,5112.03
128577,Invalid Foreign Key: Product_ID,OI00128576,O0028576,P00577,2,13800.0,0.0,27600.0,2126.03
128614,Invalid Foreign Key: Order_ID; Invalid Foreign Key: Product_ID,OI00128613,O0028613,P00614,4,2775.0,0.02,11100.0,837.93
128657,Invalid Foreign Key: Order_ID,OI00128656,O0028656,P00657,2,10300.0,0.03,20600.0,1539.22
128751,Invalid Foreign Key: Order_ID,OI00128750,O0028750,P00751,1,9250.0,0.06,9250.0,669.78
128842,Invalid Foreign Key: Product_ID,OI00128841,O0028841,P00842,2,7675.0,0.06,15350.0,1111.47
128921,Invalid Foreign Key: Product_ID,OI00128920,O0028920,P00921,1,4000.0,0.01,4000.0,305.04
128973,Invalid Foreign Key: Order_ID,OI00128972,O0028972,P00973,3,13100.0,0.04,39300.0,2906.2
128998,Invalid Foreign Key: Product_ID,OI00128997,O0028997,P00998,3,17475.0,0.01,52425.0,3997.93
129251,Invalid Foreign Key: Order_ID,OI00129250,O0029250,P00251,1,9250.0,0.02,9250.0,698.28
129307,Invalid Foreign Key: Product_ID,OI00129306,O0029306,P00307,2,1550.0,0.02,3100.0,234.02
129421,Invalid Foreign Key: Product_ID,OI00129420,O0029420,P00421,1,4000.0,0.04,4000.0,295.8
129444,Invalid Foreign Key: Order_ID,OI00129443,O0029443,P00444,4,8025.0,0.06,32100.0,2324.31
129499,Invalid Foreign Key: Product_ID,OI00129498,O0029498,P00499,4,17650.0,0.05,70600.0,5166.42
129577,Invalid Foreign Key: Product_ID,OI00129576,O0029576,P00577,2,13800.0,0.06,27600.0,1998.47
129614,Invalid Foreign Key: Product_ID,OI00129613,O0029613,P00614,4,2775.0,0.01,11100.0,846.49
129751,Invalid Foreign Key: Order_ID,OI00129750,O0029750,P00751,1,9250.0,0.05,9250.0,676.9
129842,Invalid Foreign Key: Product_ID,OI00129841,O0029841,P00842,2,7675.0,0.05,15350.0,1123.29
129921,Invalid Foreign Key: Product_ID,OI00129920,O0029920,P00921,1,4000.0,0.0,4000.0,308.12
129970,Invalid Foreign Key: Order_ID,OI00129969,O0029969,P00970,5,12575.0,0.0,62875.0,4843.28
129980,Invalid Foreign Key: Order_ID,OI00129979,O0029979,P00980,5,14325.0,0.03,71625.0,5351.77
129998,Invalid Foreign Key: Product_ID,OI00129997,O0029997,P00998,3,17475.0,0.0,52425.0,4038.31
130022,Invalid Foreign Key: Order_ID,OI00130021,O0030021,P00022,2,4175.0,0.03,8350.0,623.91
130079,Invalid Foreign Key: Order_ID,OI00130078,O9999999,P00079,4,14150.0,0.04,56600.0,4185.51
130210,Invalid Foreign Key: Order_ID,OI00130209,O0030209,P00210,5,2075.0,0.02,10375.0,783.2
130231,Invalid Foreign Key: Order_ID,OI00130230,O0030230,P00231,1,5750.0,0.02,5750.0,434.07
130251,Invalid Foreign Key: Order_ID,OI00130250,O0030250,P00251,1,9250.0,0.01,9250.0,705.4
130307,Invalid Foreign Key: Product_ID,OI00130306,O0030306,P00307,2,1550.0,0.01,3100.0,236.41
130421,Invalid Foreign Key: Product_ID,OI00130420,O0030420,P00421,1,4000.0,0.03,4000.0,298.88
130499,Invalid Foreign Key: Product_ID,OI00130498,O0030498,P00499,4,17650.0,0.04,70600.0,5220.8
130577,Invalid Foreign Key: Product_ID,OI00130576,O0030576,P00577,2,13800.0,0.05,27600.0,2019.73
130614,Invalid Foreign Key: Product_ID,OI00130613,O0030613,P00614,4,2775.0,0.0,11100.0,855.04
130751,Invalid Foreign Key: Order_ID,OI00130750,O0030750,P00751,1,9250.0,0.04,9250.0,684.03
130815,Invalid Foreign Key: Order_ID,OI00130814,O0030814,P00815,5,2950.0,0.05,14750.0,1079.39
130842,Invalid Foreign Key: Product_ID,OI00130841,O0030841,P00842,2,7675.0,0.04,15350.0,1135.12
130921,Invalid Foreign Key: Product_ID,OI00130920,O0030920,P00921,1,4000.0,0.06,4000.0,289.63
130967,Invalid Foreign Key: Order_ID,OI00130966,O0030966,P00967,2,12050.0,0.03,24100.0,1800.74
130998,Invalid Foreign Key: Product_ID,OI00130997,O0030997,P00998,3,17475.0,0.06,52425.0,3796.01
131018,Invalid Foreign Key: Order_ID,OI00131017,O0031017,P00018,3,3475.0,0.05,10425.0,762.89
131251,Invalid Foreign Key: Order_ID,OI00131250,O0031250,P00251,1,9250.0,0.0,9250.0,712.53
131307,Invalid Foreign Key: Product_ID,OI00131306,O0031306,P00307,2,1550.0,0.0,3100.0,238.79
131324,Invalid Foreign Key: Product_ID,OI00131323,O0031323,P99999,4,4525.0,0.03,18100.0,1352.42
131421,Invalid Foreign Key: Product_ID,OI00131420,O0031420,P00421,1,4000.0,0.02,4000.0,301.96
131499,Invalid Foreign Key: Product_ID,OI00131498,O0031498,P00499,4,17650.0,0.03,70600.0,5275.18
131577,Invalid Foreign Key: Product_ID,OI00131576,O0031576,P00577,2,13800.0,0.04,27600.0,2040.99
131614,Invalid Foreign Key: Product_ID,OI00131613,O0031613,P00614,4,2775.0,0.06,11100.0,803.73
131751,Invalid Foreign Key: Order_ID,OI00131750,O0031750,P00751,1,9250.0,0.03,9250.0,691.15
131805,Invalid Foreign Key: Order_ID,OI00131804,O0031804,P00805,5,1200.0,0.01,6000.0,457.56
131842,Invalid Foreign Key: Product_ID,OI00131841,O0031841,P00842,2,7675.0,0.03,15350.0,1146.94
131921,Invalid Foreign Key: Product_ID,OI00131920,O0031920,P00921,1,4000.0,0.05,4000.0,292.71
131964,Invalid Foreign Key: Order_ID,OI00131963,O0031963,P00964,4,11525.0,0.06,46100.0,3338.03
131987,Invalid Foreign Key: Order_ID,OI00131986,O0031986,P00987,2,15550.0,0.01,31100.0,2371.68
131998,Invalid Foreign Key: Product_ID,OI00131997,O0031997,P00998,3,17475.0,0.05,52425.0,3836.39
132034,Negative Value: Quantity; Negative Value: Gross_Amount; Negative Value: Net_Amount,OI00132033,O0032033,P00034,-2,6275.0,0.06,-12550.0,-908.73
132251,Invalid Foreign Key: Order_ID,OI00132250,O0032250,P00251,1,9250.0,0.06,9250.0,669.78
132307,Invalid Foreign Key: Product_ID,OI00132306,O0032306,P00307,2,1550.0,0.06,3100.0,224.47
132421,Invalid Foreign Key: Product_ID,OI00132420,O0032420,P00421,1,4000.0,0.01,4000.0,305.04
132499,Invalid Foreign Key: Product_ID,OI00132498,O0032498,P00499,4,17650.0,0.02,70600.0,5329.57
132577,Invalid Foreign Key: Product_ID,OI00132576,O0032576,P00577,2,13800.0,0.03,27600.0,2062.25
132592,Invalid Foreign Key: Order_ID,OI00132591,O0032591,P00592,2,16425.0,0.04,32850.0,2429.23
132614,Invalid Foreign Key: Product_ID,OI00132613,O0032613,P00614,4,2775.0,0.05,11100.0,812.28
132751,Invalid Foreign Key: Order_ID,OI00132750,O0032750,P00751,1,9250.0,0.02,9250.0,698.28
132842,Invalid Foreign Key: Product_ID,OI00132841,O0032841,P00842,2,7675.0,0.02,15350.0,1158.77
132921,Invalid Foreign Key: Product_ID,OI00132920,O0032920,P00921,1,4000.0,0.04,4000.0,295.8
132961,Invalid Foreign Key: Order_ID,OI00132960,O0032960,P00961,1,11000.0,0.02,11000.0,830.39
132998,Invalid Foreign Key: Product_ID,OI00132997,O0032997,P00998,3,17475.0,0.04,52425.0,3876.78
133016,Invalid Foreign Key: Order_ID,OI00133015,O0033015,P00016,1,3125.0,0.01,3125.0,238.31
133020,Negative Value: Unit_Price; Negative Value: Gross_Amount; Negative Value: Net_Amount,OI00133019,O0033019,P00020,5,-500.0,0.05,-2500.0,-182.95
133251,Invalid Foreign Key: Order_ID,OI00133250,O0033250,P00251,1,9250.0,0.05,9250.0,676.9
133307,Invalid Foreign Key: Product_ID,OI00133306,O0033306,P00307,2,1550.0,0.05,3100.0,226.85
133311,Invalid Foreign Key: Order_ID,OI00133310,O0033310,P00311,1,2250.0,0.02,2250.0,169.85
133379,Invalid Foreign Key: Order_ID,OI00133378,O0033378,P00379,4,14150.0,0.0,56600.0,4359.91
133421,Invalid Foreign Key: Product_ID,OI00133420,O0033420,P00421,1,4000.0,0.0,4000.0,308.12
133499,Invalid Foreign Key: Product_ID,OI00133498,O0033498,P00499,4,17650.0,0.01,70600.0,5383.95
133577,Invalid Foreign Key: Product_ID,OI00133576,O0033576,P00577,2,13800.0,0.02,27600.0,2083.51
133614,Invalid Foreign Key: Product_ID,OI00133613,O0033613,P00614,4,2775.0,0.04,11100.0,820.83
133751,Invalid Foreign Key: Order_ID,OI00133750,O0033750,P00751,1,9250.0,0.01,9250.0,705.4
133764,Invalid Foreign Key: Order_ID,OI00133763,O0033763,P00764,4,11525.0,0.0,46100.0,3551.09
133842,Invalid Foreign Key: Product_ID,OI00133841,O0033841,P00842,2,7675.0,0.01,15350.0,1170.59
133921,Invalid Foreign Key: Product_ID,OI00133920,O0033920,P00921,1,4000.0,0.03,4000.0,298.88
133958,Invalid Foreign Key: Order_ID,OI00133957,O0033957,P00958,3,10475.0,0.05,31425.0,2299.64
133998,Invalid Foreign Key: Product_ID,OI00133997,O0033997,P00998,3,17475.0,0.03,52425.0,3917.16
134166,Invalid Foreign Key: Order_ID,OI00134165,O0034165,P00166,1,11875.0,0.03,11875.0,887.29
134251,Invalid Foreign Key: Order_ID,OI00134250,O0034250,P00251,1,9250.0,0.04,9250.0,684.03
134307,Invalid Foreign Key: Product_ID,OI00134306,O0034306,P00307,2,1550.0,0.04,3100.0,229.24
134421,Invalid Foreign Key: Product_ID,OI00134420,O0034420,P00421,1,4000.0,0.06,4000.0,289.63
134499,Invalid Foreign Key: Product_ID,OI00134498,O0034498,P00499,4,17650.0,0.0,70600.0,5438.33
134527,Invalid Foreign Key: Product_ID,OI00134526,O0034526,P99999,2,5050.0,0.0,10100.0,778.01
134577,Invalid Foreign Key: Product_ID,OI00134576,O0034576,P00577,2,13800.0,0.01,27600.0,2104.77
134614,Invalid Foreign Key: Product_ID,OI00134613,O0034613,P00614,4,2775.0,0.03,11100.0,829.38
134751,Invalid Foreign Key: Order_ID,OI00134750,O0034750,P00751,1,9250.0,0.0,9250.0,712.53
134842,Invalid Foreign Key: Product_ID,OI00134841,O0034841,P00842,2,7675.0,0.0,15350.0,1182.41
134921,Invalid Foreign Key: Product_ID,OI00134920,O0034920,P00921,1,4000.0,0.02,4000.0,301.96
134953,Invalid Foreign Key: Order_ID,OI00134952,O0034952,P00953,3,9600.0,0.06,28800.0,2085.36
134955,Invalid Foreign Key: Order_ID,OI00134954,O0034954,P00955,5,9950.0,0.01,49750.0,3793.93
134998,Invalid Foreign Key: Product_ID,OI00134997,O0034997,P00998,3,17475.0,0.02,52425.0,3957.54
135082,Invalid Foreign Key: Order_ID,OI00135081,O9999999,P00082,2,14675.0,0.02,29350.0,2215.62
135217,Invalid Foreign Key: Order_ID,OI00135216,O0035216,P00217,2,3300.0,0.04,6600.0,488.06
135251,Invalid Foreign Key: Order_ID,OI00135250,O0035250,P00251,1,9250.0,0.03,9250.0,691.15
135307,Invalid Foreign Key: Product_ID,OI00135306,O0035306,P00307,2,1550.0,0.03,3100.0,231.63
135421,Invalid Foreign Key: Product_ID,OI00135420,O0035420,P00421,1,4000.0,0.05,4000.0,292.71
135499,Invalid Foreign Key: Product_ID,OI00135498,O0035498,P00499,4,17650.0,0.06,70600.0,5112.03
135541,Invalid Foreign Key: Order_ID,OI00135540,O0035540,P00541,1,7500.0,0.06,7500.0,543.06
135577,Invalid Foreign Key: Product_ID,OI00135576,O0035576,P00577,2,13800.0,0.0,27600.0,2126.03
135614,Invalid Foreign Key: Product_ID,OI00135613,O0035613,P00614,4,2775.0,0.02,11100.0,837.93
135740,Invalid Foreign Key: Order_ID,OI00135739,O0035739,P00740,5,7325.0,0.02,36625.0,2764.81
135751,Invalid Foreign Key: Order_ID,OI00135750,O0035750,P00751,1,9250.0,0.06,9250.0,669.78
135842,Invalid Foreign Key: Product_ID,OI00135841,O0035841,P00842,2,7675.0,0.06,15350.0,1111.47
135921,Invalid Foreign Key: Product_ID,OI00135920,O0035920,P00921,1,4000.0,0.01,4000.0,305.04
135952,Invalid Foreign Key: Order_ID,OI00135951,O0035951,P00952,2,9425.0,0.04,18850.0,1393.94
135998,Invalid Foreign Key: Product_ID,OI00135997,O0035997,P00998,3,17475.0,0.01,52425.0,3997.93
136035,Negative Value: Quantity; Negative Value: Gross_Amount; Negative Value: Net_Amount,OI00136034,O0036034,P00035,-2,6450.0,0.03,-12900.0,-963.88
136251,Invalid Foreign Key: Order_ID,OI00136250,O0036250,P00251,1,9250.0,0.02,9250.0,698.28
136307,Invalid Foreign Key: Product_ID,OI00136306,O0036306,P00307,2,1550.0,0.02,3100.0,234.02
136421,Invalid Foreign Key: Product_ID,OI00136420,O0036420,P00421,1,4000.0,0.04,4000.0,295.8
136499,Invalid Foreign Key: Product_ID,OI00136498,O0036498,P00499,4,17650.0,0.05,70600.0,5166.42
136527,Invalid Foreign Key: Order_ID,OI00136526,O0036526,P00527,2,5050.0,0.05,10100.0,739.11
136577,Invalid Foreign Key: Product_ID,OI00136576,O0036576,P00577,2,13800.0,0.06,27600.0,1998.47
136614,Invalid Foreign Key: Product_ID,OI00136613,O0036613,P00614,4,2775.0,0.01,11100.0,846.49
136642,Invalid Foreign Key: Order_ID,OI00136641,O0036641,P00642,2,7675.0,0.01,15350.0,1170.59
136751,Invalid Foreign Key: Order_ID,OI00136750,O0036750,P00751,1,9250.0,0.05,9250.0,676.9
136842,Invalid Foreign Key: Product_ID,OI00136841,O0036841,P00842,2,7675.0,0.05,15350.0,1123.29
136921,Invalid Foreign Key: Product_ID,OI00136920,O0036920,P00921,1,4000.0,0.0,4000.0,308.12
136949,Invalid Foreign Key: Order_ID,OI00136948,O0036948,P00949,4,8900.0,0.0,35600.0,2742.28
136998,Invalid Foreign Key: Product_ID,OI00136997,O0036997,P00998,3,17475.0,0.0,52425.0,4038.31
137251,Invalid Foreign Key: Order_ID,OI00137250,O0037250,P00251,1,9250.0,0.01,9250.0,705.4
137307,Invalid Foreign Key: Product_ID,OI00137306,O0037306,P00307,2,1550.0,0.01,3100.0,236.41
137314,Invalid Foreign Key: Order_ID,OI00137313,O0037313,P00314,4,2775.0,0.01,11100.0,846.49
137318,Invalid Foreign Key: Order_ID,OI00137317,O0037317,P00318,3,3475.0,0.05,10425.0,762.89
137418,Invalid Foreign Key: Order_ID,OI00137417,O0037417,P00418,3,3475.0,0.0,10425.0,803.04
137421,Invalid Foreign Key: Product_ID,OI00137420,O0037420,P00421,1,4000.0,0.03,4000.0,298.88
137499,Invalid Foreign Key: Product_ID,OI00137498,O0037498,P00499,4,17650.0,0.04,70600.0,5220.8
137577,Invalid Foreign Key: Product_ID,OI00137576,O0037576,P00577,2,13800.0,0.05,27600.0,2019.73
137614,Invalid Foreign Key: Product_ID,OI00137613,O0037613,P00614,4,2775.0,0.0,11100.0,855.04
137730,Invalid Foreign Key: Product_ID,OI00137729,O0037729,P99999,5,5575.0,0.04,27875.0,2061.33
137751,Invalid Foreign Key: Order_ID,OI00137750,O0037750,P00751,1,9250.0,0.04,9250.0,684.03
137842,Invalid Foreign Key: Product_ID,OI00137841,O0037841,P00842,2,7675.0,0.04,15350.0,1135.12
137921,Invalid Foreign Key: Product_ID,OI00137920,O0037920,P00921,1,4000.0,0.06,4000.0,289.63
137946,Invalid Foreign Key: Order_ID,OI00137945,O0037945,P00946,1,8375.0,0.03,8375.0,625.77
137998,Invalid Foreign Key: Product_ID,OI00137997,O0037997,P00998,3,17475.0,0.06,52425.0,3796.01
138101,Invalid Foreign Key: Order_ID,OI00138100,O0038100,P00101,1,500.0,0.04,500.0,36.97
138251,Invalid Foreign Key: Order_ID,OI00138250,O0038250,P00251,1,9250.0,0.0,9250.0,712.53
138307,Invalid Foreign Key: Product_ID,OI00138306,O0038306,P00307,2,1550.0,0.0,3100.0,238.79
138421,Invalid Foreign Key: Product_ID,OI00138420,O0038420,P00421,1,4000.0,0.02,4000.0,301.96
138499,Invalid Foreign Key: Product_ID,OI00138498,O0038498,P00499,4,17650.0,0.03,70600.0,5275.18
138577,Invalid Foreign Key: Product_ID,OI00138576,O0038576,P00577,2,13800.0,0.04,27600.0,2040.99
138614,Invalid Foreign Key: Product_ID,OI00138613,O0038613,P00614,4,2775.0,0.06,11100.0,803.73
138751,Invalid Foreign Key: Order_ID,OI00138750,O0038750,P00751,1,9250.0,0.03,9250.0,691.15
138842,Invalid Foreign Key: Product_ID,OI00138841,O0038841,P00842,2,7675.0,0.03,15350.0,1146.94
138888,Invalid Foreign Key: Order_ID,OI00138887,O0038887,P00888,3,15725.0,0.0,47175.0,3633.9
138921,Invalid Foreign Key: Product_ID,OI00138920,O0038920,P00921,1,4000.0,0.05,4000.0,292.71
138943,Invalid Foreign Key: Order_ID,OI00138942,O0038942,P00943,3,7850.0,0.06,23550.0,1705.22
138998,Invalid Foreign Key: Product_ID,OI00138997,O0038997,P00998,3,17475.0,0.05,52425.0,3836.39
139095,Invalid Foreign Key: Order_ID,OI00139094,O0039094,P00095,5,16950.0,0.04,84750.0,6267.18
139251,Invalid Foreign Key: Order_ID,OI00139250,O0039250,P00251,1,9250.0,0.06,9250.0,669.78
139307,Invalid Foreign Key: Product_ID,OI00139306,O0039306,P00307,2,1550.0,0.06,3100.0,224.47
139421,Invalid Foreign Key: Product_ID,OI00139420,O0039420,P00421,1,4000.0,0.01,4000.0,305.04
139499,Invalid Foreign Key: Product_ID,OI00139498,O0039498,P00499,4,17650.0,0.02,70600.0,5329.57
139577,Invalid Foreign Key: Product_ID,OI00139576,O0039576,P00577,2,13800.0,0.03,27600.0,2062.25
139614,Invalid Foreign Key: Product_ID,OI00139613,O0039613,P00614,4,2775.0,0.05,11100.0,812.28
139619,Invalid Foreign Key: Order_ID,OI00139618,O0039618,P00619,4,3650.0,0.03,14600.0,1090.9
139675,Invalid Foreign Key: Order_ID,OI00139674,O0039674,P00675,5,13450.0,0.03,67250.0,5024.87
139751,Invalid Foreign Key: Order_ID,OI00139750,O0039750,P00751,1,9250.0,0.02,9250.0,698.28
139842,Invalid Foreign Key: Product_ID,OI00139841,O0039841,P00842,2,7675.0,0.02,15350.0,1158.77
139921,Invalid Foreign Key: Product_ID,OI00139920,O0039920,P00921,1,4000.0,0.04,4000.0,295.8
139940,Invalid Foreign Key: Order_ID,OI00139939,O0039939,P00940,5,7325.0,0.02,36625.0,2764.81
139973,Invalid Foreign Key: Order_ID,OI00139972,O0039972,P00973,3,13100.0,0.0,39300.0,3027.29
139998,Invalid Foreign Key: Product_ID,OI00139997,O0039997,P00998,3,17475.0,0.04,52425.0,3876.78
140021,Negative Value: Unit_Price; Negative Value: Gross_Amount; Negative Value: Net_Amount,OI00140020,O0040020,P00021,1,-500.0,0.06,-500.0,-36.2
140029,Invalid Foreign Key: Order_ID,OI00140028,O0040028,P00029,4,5400.0,0.0,21600.0,1663.85
140036,Negative Value: Quantity; Negative Value: Gross_Amount; Negative Value: Net_Amount,OI00140035,O0040035,P00036,-2,6625.0,0.0,-13250.0,-1020.65
140085,Invalid Foreign Key: Order_ID,OI00140084,O9999999,P00085,5,15200.0,0.0,76000.0,5854.3
140251,Invalid Foreign Key: Order_ID,OI00140250,O0040250,P00251,1,9250.0,0.05,9250.0,676.9
140307,Invalid Foreign Key: Product_ID,OI00140306,O0040306,P00307,2,1550.0,0.05,3100.0,226.85
140421,Invalid Foreign Key: Product_ID,OI00140420,O0040420,P00421,1,4000.0,0.0,4000.0,308.12
140499,Invalid Foreign Key: Product_ID,OI00140498,O0040498,P00499,4,17650.0,0.01,70600.0,5383.95
140577,Invalid Foreign Key: Product_ID,OI00140576,O0040576,P00577,2,13800.0,0.02,27600.0,2083.51
140614,Invalid Foreign Key: Product_ID,OI00140613,O0040613,P00614,4,2775.0,0.04,11100.0,820.83
140751,Invalid Foreign Key: Order_ID,OI00140750,O0040750,P00751,1,9250.0,0.01,9250.0,705.4
140787,Invalid Foreign Key: Order_ID,OI00140786,O0040786,P00787,2,15550.0,0.02,31100.0,2347.73
140842,Invalid Foreign Key: Product_ID,OI00140841,O0040841,P00842,2,7675.0,0.01,15350.0,1170.59
140872,Invalid Foreign Key: Order_ID,OI00140871,O0040871,P00872,2,12925.0,0.03,25850.0,1931.49
140921,Invalid Foreign Key: Product_ID,OI00140920,O0040920,P00921,1,4000.0,0.03,4000.0,298.88
140933,Invalid Foreign Key: Product_ID,OI00140932,O0040932,P99999,3,6100.0,0.01,18300.0,1395.56
140997,Invalid Foreign Key: Order_ID,OI00140996,O0040996,P00997,2,17300.0,0.02,34600.0,2611.94
140998,Invalid Foreign Key: Product_ID,OI00140997,O0040997,P00998,3,17475.0,0.03,52425.0,3917.16
141251,Invalid Foreign Key: Order_ID,OI00141250,O0041250,P00251,1,9250.0,0.04,9250.0,684.03
141307,Invalid Foreign Key: Product_ID,OI00141306,O0041306,P00307,2,1550.0,0.04,3100.0,229.24
141421,Invalid Foreign Key: Product_ID,OI00141420,O0041420,P00421,1,4000.0,0.06,4000.0,289.63
141499,Invalid Foreign Key: Product_ID,OI00141498,O0041498,P00499,4,17650.0,0.0,70600.0,5438.33
141574,Invalid Foreign Key: Order_ID,OI00141573,O0041573,P00574,4,13275.0,0.05,53100.0,3885.79
141577,Invalid Foreign Key: Product_ID,OI00141576,O0041576,P00577,2,13800.0,0.01,27600.0,2104.77
141614,Invalid Foreign Key: Product_ID,OI00141613,O0041613,P00614,4,2775.0,0.03,11100.0,829.38
141751,Invalid Foreign Key: Order_ID,OI00141750,O0041750,P00751,1,9250.0,0.0,9250.0,712.53
141820,Invalid Foreign Key: Order_ID,OI00141819,O0041819,P00820,5,3825.0,0.06,19125.0,1384.81
141842,Invalid Foreign Key: Product_ID,OI00141841,O0041841,P00842,2,7675.0,0.0,15350.0,1182.41
141921,Invalid Foreign Key: Product_ID,OI00141920,O0041920,P00921,1,4000.0,0.02,4000.0,301.96
141994,Invalid Foreign Key: Order_ID,OI00141993,O0041993,P00994,4,16775.0,0.05,67100.0,4910.29
141998,Invalid Foreign Key: Product_ID,OI00141997,O0041997,P00998,3,17475.0,0.02,52425.0,3957.54
142251,Invalid Foreign Key: Order_ID,OI00142250,O0042250,P00251,1,9250.0,0.03,9250.0,691.15
142307,Invalid Foreign Key: Product_ID,OI00142306,O0042306,P00307,2,1550.0,0.03,3100.0,231.63
142361,Invalid Foreign Key: Order_ID,OI00142360,O0042360,P00361,1,11000.0,0.01,11000.0,838.86
142421,Invalid Foreign Key: Product_ID,OI00142420,O0042420,P00421,1,4000.0,0.05,4000.0,292.71
142499,Invalid Foreign Key: Product_ID,OI00142498,O0042498,P00499,4,17650.0,0.06,70600.0,5112.03
142577,Invalid Foreign Key: Product_ID,OI00142576,O0042576,P00577,2,13800.0,0.0,27600.0,2126.03
142614,Invalid Foreign Key: Product_ID,OI00142613,O0042613,P00614,4,2775.0,0.02,11100.0,837.93
142649,Invalid Foreign Key: Order_ID,OI00142648,O0042648,P00649,4,8900.0,0.02,35600.0,2687.43
142751,Invalid Foreign Key: Order_ID,OI00142750,O0042750,P00751,1,9250.0,0.06,9250.0,669.78
142842,Invalid Foreign Key: Product_ID,OI00142841,O0042841,P00842,2,7675.0,0.06,15350.0,1111.47
142921,Invalid Foreign Key: Product_ID,OI00142920,O0042920,P00921,1,4000.0,0.01,4000.0,305.04
142991,Invalid Foreign Key: Order_ID,OI00142990,O0042990,P00991,1,16250.0,0.01,16250.0,1239.22
142998,Invalid Foreign Key: Product_ID,OI00142997,O0042997,P00998,3,17475.0,0.01,52425.0,3997.93
143148,Invalid Foreign Key: Order_ID,OI00143147,O0043147,P00148,3,8725.0,0.04,26175.0,1935.62
143251,Invalid Foreign Key: Order_ID,OI00143250,O0043250,P00251,1,9250.0,0.02,9250.0,698.28
143304,Invalid Foreign Key: Order_ID,OI00143303,O0043303,P00304,4,1025.0,0.06,4100.0,296.87
143307,Invalid Foreign Key: Product_ID,OI00143306,O0043306,P00307,2,1550.0,0.02,3100.0,234.02
143421,Invalid Foreign Key: Product_ID,OI00143420,O0043420,P00421,1,4000.0,0.04,4000.0,295.8
143499,Invalid Foreign Key: Product_ID,OI00143498,O0043498,P00499,4,17650.0,0.05,70600.0,5166.42
143577,Invalid Foreign Key: Product_ID,OI00143576,O0043576,P00577,2,13800.0,0.06,27600.0,1998.47
143614,Invalid Foreign Key: Product_ID,OI00143613,O0043613,P00614,4,2775.0,0.01,11100.0,846.49
143751,Invalid Foreign Key: Order_ID,OI00143750,O0043750,P00751,1,9250.0,0.05,9250.0,676.9
143842,Invalid Foreign Key: Product_ID,OI00143841,O0043841,P00842,2,7675.0,0.05,15350.0,1123.29
143921,Invalid Foreign Key: Product_ID,OI00143920,O0043920,P00921,1,4000.0,0.0,4000.0,308.12
143935,Invalid Foreign Key: Order_ID,OI00143934,O0043934,P00935,5,6450.0,0.0,32250.0,2484.23
143988,Invalid Foreign Key: Order_ID,OI00143987,O0043987,P00988,3,15725.0,0.04,47175.0,3488.55
143998,Invalid Foreign Key: Product_ID,OI00143997,O0043997,P00998,3,17475.0,0.0,52425.0,4038.31
144021,Invalid Foreign Key: Order_ID,OI00144020,O0044020,P00021,1,4000.0,0.02,4000.0,301.96
144037,Negative Value: Quantity; Negative Value: Gross_Amount; Negative Value: Net_Amount,OI00144036,O0044036,P00037,-2,6800.0,0.04,-13600.0,-1005.71
144136,Invalid Foreign Key: Product_ID,OI00144135,O0044135,P99999,1,6625.0,0.05,6625.0,484.81
144251,Invalid Foreign Key: Order_ID,OI00144250,O0044250,P00251,1,9250.0,0.01,9250.0,705.4
144307,Invalid Foreign Key: Product_ID,OI00144306,O0044306,P00307,2,1550.0,0.01,3100.0,236.41
144421,Invalid Foreign Key: Product_ID,OI00144420,O0044420,P00421,1,4000.0,0.03,4000.0,298.88
144426,Invalid Foreign Key: Order_ID,OI00144425,O0044425,P00426,1,4875.0,0.01,4875.0,371.77
144499,Invalid Foreign Key: Product_ID,OI00144498,O0044498,P00499,4,17650.0,0.04,70600.0,5220.8
144577,Invalid Foreign Key: Product_ID,OI00144576,O0044576,P00577,2,13800.0,0.05,27600.0,2019.73
144614,Invalid Foreign Key: Product_ID,OI00144613,O0044613,P00614,4,2775.0,0.0,11100.0,855.04
144722,Invalid Foreign Key: Order_ID,OI00144721,O0044721,P00722,2,4175.0,0.03,8350.0,623.91
144751,Invalid Foreign Key: Order_ID,OI00144750,O0044750,P00751,1,9250.0,0.04,9250.0,684.03
144842,Invalid Foreign Key: Product_ID,OI00144841,O0044841,P00842,2,7675.0,0.04,15350.0,1135.12
144921,Invalid Foreign Key: Product_ID,OI00144920,O0044920,P00921,1,4000.0,0.06,4000.0,289.63
144985,Invalid Foreign Key: Order_ID,OI00144984,O0044984,P00985,5,15200.0,0.0,76000.0,5854.3
144998,Invalid Foreign Key: Product_ID,OI00144997,O0044997,P00998,3,17475.0,0.06,52425.0,3796.01
145088,Invalid Foreign Key: Order_ID,OI00145087,O9999999,P00088,3,15725.0,0.05,47175.0,3452.21
145251,Invalid Foreign Key: Order_ID,OI00145250,O0045250,P00251,1,9250.0,0.0,9250.0,712.53
145307,Invalid Foreign Key: Product_ID,OI00145306,O0045306,P00307,2,1550.0,0.0,3100.0,238.79
145421,Invalid Foreign Key: Product_ID,OI00145420,O0045420,P00421,1,4000.0,0.02,4000.0,301.96
145499,Invalid Foreign Key: Product_ID,OI00145498,O0045498,P00499,4,17650.0,0.03,70600.0,5275.18
145509,Invalid Foreign Key: Order_ID,OI00145508,O0045508,P00509,4,1900.0,0.06,7600.0,550.3
145577,Invalid Foreign Key: Product_ID,OI00145576,O0045576,P00577,2,13800.0,0.04,27600.0,2040.99
145614,Invalid Foreign Key: Product_ID,OI00145613,O0045613,P00614,4,2775.0,0.06,11100.0,803.73
145751,Invalid Foreign Key: Order_ID,OI00145750,O0045750,P00751,1,9250.0,0.03,9250.0,691.15
145842,Invalid Foreign Key: Product_ID,OI00145841,O0045841,P00842,2,7675.0,0.03,15350.0,1146.94
145921,Invalid Foreign Key: Product_ID,OI00145920,O0045920,P00921,1,4000.0,0.05,4000.0,292.71
145982,Invalid Foreign Key: Order_ID,OI00145981,O0045981,P00982,2,14675.0,0.03,29350.0,2193.01
145998,Invalid Foreign Key: Product_ID,OI00145997,O0045997,P00998,3,17475.0,0.05,52425.0,3836.39
146203,Invalid Foreign Key: Order_ID,OI00146202,O0046202,P00203,3,850.0,0.0,2550.0,196.43
146222,Invalid Foreign Key: Order_ID,OI00146221,O0046221,P00222,2,4175.0,0.05,8350.0,611.04
146251,Invalid Foreign Key: Order_ID,OI00146250,O0046250,P00251,1,9250.0,0.06,9250.0,669.78
146296,Invalid Foreign Key: Order_ID,OI00146295,O0046295,P00296,1,17125.0,0.02,17125.0,1292.76
146307,Invalid Foreign Key: Product_ID,OI00146306,O0046306,P00307,2,1550.0,0.06,3100.0,224.47
146421,Invalid Foreign Key: Product_ID,OI00146420,O0046420,P00421,1,4000.0,0.01,4000.0,305.04
146499,Invalid Foreign Key: Product_ID,OI00146498,O0046498,P00499,4,17650.0,0.02,70600.0,5329.57
146577,Invalid Foreign Key: Product_ID,OI00146576,O0046576,P00577,2,13800.0,0.03,27600.0,2062.25
146614,Invalid Foreign Key: Product_ID,OI00146613,O0046613,P00614,4,2775.0,0.05,11100.0,812.28
146635,Invalid Foreign Key: Order_ID,OI00146634,O0046634,P00635,5,6450.0,0.05,32250.0,2360.01
146751,Invalid Foreign Key: Order_ID,OI00146750,O0046750,P00751,1,9250.0,0.02,9250.0,698.28
146842,Invalid Foreign Key: Product_ID,OI00146841,O0046841,P00842,2,7675.0,0.02,15350.0,1158.77
146921,Invalid Foreign Key: Product_ID,OI00146920,O0046920,P00921,1,4000.0,0.04,4000.0,295.8
146979,Invalid Foreign Key: Order_ID,OI00146978,O0046978,P00979,4,14150.0,0.06,56600.0,4098.32
146998,Invalid Foreign Key: Product_ID,OI00146997,O0046997,P00998,3,17475.0,0.04,52425.0,3876.78
147022,Negative Value: Unit_Price; Negative Value: Gross_Amount; Negative Value: Net_Amount,OI00147021,O0047021,P00022,2,-500.0,0.0,-1000.0,-77.03
147083,Invalid Foreign Key: Order_ID,OI00147082,O0047082,P00083,3,14850.0,0.05,44550.0,3260.11
147251,Invalid Foreign Key: Order_ID,OI00147250,O0047250,P00251,1,9250.0,0.05,9250.0,676.9
147307,Invalid Foreign Key: Product_ID,OI00147306,O0047306,P00307,2,1550.0,0.05,3100.0,226.85
147339,Invalid Foreign Key: Product_ID,OI00147338,O0047338,P99999,4,7150.0,0.02,28600.0,2159.0
147421,Invalid Foreign Key: Product_ID,OI00147420,O0047420,P00421,1,4000.0,0.0,4000.0,308.12
147499,Invalid Foreign Key: Product_ID,OI00147498,O0047498,P00499,4,17650.0,0.01,70600.0,5383.95
147577,Invalid Foreign Key: Product_ID,OI00147576,O0047576,P00577,2,13800.0,0.02,27600.0,2083.51
147614,Invalid Foreign Key: Product_ID,OI00147613,O0047613,P00614,4,2775.0,0.04,11100.0,820.83
147751,Invalid Foreign Key: Order_ID,OI00147750,O0047750,P00751,1,9250.0,0.01,9250.0,705.4
147842,Invalid Foreign Key: Product_ID,OI00147841,O0047841,P00842,2,7675.0,0.01,15350.0,1170.59
147870,Invalid Foreign Key: Order_ID,OI00147869,O0047869,P00870,5,12575.0,0.01,62875.0,4794.84
147921,Invalid Foreign Key: Product_ID,OI00147920,O0047920,P00921,1,4000.0,0.03,4000.0,298.88
147976,Invalid Foreign Key: Order_ID,OI00147975,O0047975,P00976,1,13625.0,0.02,13625.0,1028.55
147980,Invalid Foreign Key: Order_ID,OI00147979,O0047979,P00980,5,14325.0,0.06,71625.0,5186.25
147998,Invalid Foreign Key: Product_ID,OI00147997,O0047997,P00998,3,17475.0,0.03,52425.0,3917.16
148038,Negative Value: Quantity; Negative Value: Gross_Amount; Negative Value: Net_Amount,OI00148037,O0048037,P00038,-2,6975.0,0.01,-13950.0,-1063.83
148251,Invalid Foreign Key: Order_ID,OI00148250,O0048250,P00251,1,9250.0,0.04,9250.0,684.03
148307,Invalid Foreign Key: Product_ID,OI00148306,O0048306,P00307,2,1550.0,0.04,3100.0,229.24
148421,Invalid Foreign Key: Product_ID,OI00148420,O0048420,P00421,1,4000.0,0.06,4000.0,289.63
148423,Invalid Foreign Key: Order_ID,OI00148422,O0048422,P00423,3,4350.0,0.01,13050.0,995.19
148499,Invalid Foreign Key: Product_ID,OI00148498,O0048498,P00499,4,17650.0,0.0,70600.0,5438.33
148577,Invalid Foreign Key: Product_ID,OI00148576,O0048576,P00577,2,13800.0,0.01,27600.0,2104.77
148614,Invalid Foreign Key: Product_ID,OI00148613,O0048613,P00614,4,2775.0,0.03,11100.0,829.38
148657,Invalid Foreign Key: Order_ID,OI00148656,O0048656,P00657,2,10300.0,0.04,20600.0,1523.35
148751,Invalid Foreign Key: Order_ID,OI00148750,O0048750,P00751,1,9250.0,0.0,9250.0,712.53
148842,Invalid Foreign Key: Product_ID,OI00148841,O0048841,P00842,2,7675.0,0.0,15350.0,1182.41
148921,Invalid Foreign Key: Product_ID,OI00148920,O0048920,P00921,1,4000.0,0.02,4000.0,301.96
148973,Invalid Foreign Key: Order_ID,OI00148972,O0048972,P00973,3,13100.0,0.05,39300.0,2875.92
148998,Invalid Foreign Key: Product_ID,OI00148997,O0048997,P00998,3,17475.0,0.02,52425.0,3957.54
149251,Invalid Foreign Key: Order_ID,OI00149250,O0049250,P00251,1,9250.0,0.03,9250.0,691.15
149307,Invalid Foreign Key: Product_ID,OI00149306,O0049306,P00307,2,1550.0,0.03,3100.0,231.63
149421,Invalid Foreign Key: Product_ID,OI00149420,O0049420,P00421,1,4000.0,0.05,4000.0,292.71
149444,Invalid Foreign Key: Order_ID,OI00149443,O0049443,P00444,4,8025.0,0.0,32100.0,2472.67
149499,Invalid Foreign Key: Product_ID,OI00149498,O0049498,P00499,4,17650.0,0.06,70600.0,5112.03
149577,Invalid Foreign Key: Product_ID,OI00149576,O0049576,P00577,2,13800.0,0.0,27600.0,2126.03
149614,Invalid Foreign Key: Product_ID,OI00149613,O0049613,P00614,4,2775.0,0.02,11100.0,837.93
149751,Invalid Foreign Key: Order_ID,OI00149750,O0049750,P00751,1,9250.0,0.06,9250.0,669.78
149757,Invalid Foreign Key: Order_ID,OI00149756,O0049756,P00757,2,10300.0,0.05,20600.0,1507.48
149842,Invalid Foreign Key: Product_ID,OI00149841,O0049841,P00842,2,7675.0,0.06,15350.0,1111.47
149921,Invalid Foreign Key: Product_ID,OI00149920,O0049920,P00921,1,4000.0,0.01,4000.0,305.04
149966,Invalid Foreign Key: Order_ID,OI00149965,O0049965,P00966,1,11875.0,0.04,11875.0,878.14
149970,Invalid Foreign Key: Order_ID,OI00149969,O0049969,P00970,5,12575.0,0.01,62875.0,4794.84
149998,Invalid Foreign Key: Product_ID,OI00149997,O0049997,P00998,3,17475.0,0.01,52425.0,3997.93
150036,Invalid Foreign Key: Order_ID,OI00150035,O0050035,P00036,1,6625.0,0.04,6625.0,489.91
150091,Invalid Foreign Key: Order_ID,OI00150090,O9999999,P00091,1,16250.0,0.03,16250.0,1214.19
150231,Invalid Foreign Key: Order_ID,OI00150230,O0050230,P00231,1,5750.0,0.03,5750.0,429.64
150251,Invalid Foreign Key: Order_ID,OI00150250,O0050250,P00251,1,9250.0,0.02,9250.0,698.28
150307,Invalid Foreign Key: Product_ID,OI00150306,O0050306,P00307,2,1550.0,0.02,3100.0,234.02
150421,Invalid Foreign Key: Product_ID,OI00150420,O0050420,P00421,1,4000.0,0.04,4000.0,295.8
150499,Invalid Foreign Key: Product_ID,OI00150498,O0050498,P00499,4,17650.0,0.05,70600.0,5166.42
150542,Invalid Foreign Key: Product_ID,OI00150541,O0050541,P99999,2,7675.0,0.06,15350.0,1111.47
150577,Invalid Foreign Key: Product_ID,OI00150576,O0050576,P00577,2,13800.0,0.06,27600.0,1998.47
150614,Invalid Foreign Key: Product_ID,OI00150613,O0050613,P00614,4,2775.0,0.01,11100.0,846.49
150624,Invalid Foreign Key: Order_ID,OI00150623,O0050623,P00624,4,4525.0,0.04,18100.0,1338.48
150751,Invalid Foreign Key: Order_ID,OI00150750,O0050750,P00751,1,9250.0,0.05,9250.0,676.9
150842,Invalid Foreign Key: Product_ID,OI00150841,O0050841,P00842,2,7675.0,0.05,15350.0,1123.29
150921,Invalid Foreign Key: Product_ID,OI00150920,O0050920,P00921,1,4000.0,0.0,4000.0,308.12
150967,Invalid Foreign Key: Order_ID,OI00150966,O0050966,P00967,2,12050.0,0.04,24100.0,1782.17
150998,Invalid Foreign Key: Product_ID,OI00150997,O0050997,P00998,3,17475.0,0.0,52425.0,4038.31
151018,Invalid Foreign Key: Order_ID,OI00151017,O0051017,P00018,3,3475.0,0.06,10425.0,754.86
151251,Invalid Foreign Key: Order_ID,OI00151250,O0051250,P00251,1,9250.0,0.01,9250.0,705.4
151307,Invalid Foreign Key: Product_ID,OI00151306,O0051306,P00307,2,1550.0,0.01,3100.0,236.41
151421,Invalid Foreign Key: Product_ID,OI00151420,O0051420,P00421,1,4000.0,0.03,4000.0,298.88
151499,Invalid Foreign Key: Product_ID,OI00151498,O0051498,P00499,4,17650.0,0.04,70600.0,5220.8
151534,Invalid Foreign Key: Order_ID,OI00151533,O0051533,P00534,4,6275.0,0.04,25100.0,1856.12
151577,Invalid Foreign Key: Product_ID,OI00151576,O0051576,P00577,2,13800.0,0.05,27600.0,2019.73
151614,Invalid Foreign Key: Product_ID,OI00151613,O0051613,P00614,4,2775.0,0.0,11100.0,855.04
151751,Invalid Foreign Key: Order_ID,OI00151750,O0051750,P00751,1,9250.0,0.04,9250.0,684.03
151805,Invalid Foreign Key: Order_ID,OI00151804,O0051804,P00805,5,1200.0,0.02,6000.0,452.94
151842,Invalid Foreign Key: Product_ID,OI00151841,O0051841,P00842,2,7675.0,0.04,15350.0,1135.12
151921,Invalid Foreign Key: Product_ID,OI00151920,O0051920,P00921,1,4000.0,0.06,4000.0,289.63
151964,Invalid Foreign Key: Order_ID,OI00151963,O0051963,P00964,4,11525.0,0.0,46100.0,3551.09
151998,Invalid Foreign Key: Product_ID,OI00151997,O0051997,P00998,3,17475.0,0.06,52425.0,3796.01
152039,Negative Value: Quantity; Negative Value: Gross_Amount; Negative Value: Net_Amount,OI00152038,O0052038,P00039,-2,7150.0,0.05,-14300.0,-1046.46
152251,Invalid Foreign Key: Order_ID,OI00152250,O0052250,P00251,1,9250.0,0.0,9250.0,712.53
152307,Invalid Foreign Key: Product_ID,OI00152306,O0052306,P00307,2,1550.0,0.0,3100.0,238.79
152421,Invalid Foreign Key: Product_ID,OI00152420,O0052420,P00421,1,4000.0,0.02,4000.0,301.96
152499,Invalid Foreign Key: Product_ID,OI00152498,O0052498,P00499,4,17650.0,0.03,70600.0,5275.18
152577,Invalid Foreign Key: Product_ID,OI00152576,O0052576,P00577,2,13800.0,0.04,27600.0,2040.99
152592,Invalid Foreign Key: Order_ID,OI00152591,O0052591,P00592,2,16425.0,0.05,32850.0,2403.92
152614,Invalid Foreign Key: Product_ID,OI00152613,O0052613,P00614,4,2775.0,0.06,11100.0,803.73
152751,Invalid Foreign Key: Order_ID,OI00152750,O0052750,P00751,1,9250.0,0.03,9250.0,691.15
152825,Invalid Foreign Key: Order_ID,OI00152824,O0052824,P00825,5,4700.0,0.0,23500.0,1810.21
152842,Invalid Foreign Key: Product_ID,OI00152841,O0052841,P00842,2,7675.0,0.03,15350.0,1146.94
152921,Invalid Foreign Key: Product_ID,OI00152920,O0052920,P00921,1,4000.0,0.05,4000.0,292.71
152961,Invalid Foreign Key: Order_ID,OI00152960,O0052960,P00961,1,11000.0,0.03,11000.0,821.91
152998,Invalid Foreign Key: Product_ID,OI00152997,O0052997,P00998,3,17475.0,0.05,52425.0,3836.39
153251,Invalid Foreign Key: Order_ID,OI00153250,O0053250,P00251,1,9250.0,0.06,9250.0,669.78
153297,Invalid Foreign Key: Order_ID,OI00153296,O0053296,P00297,2,17300.0,0.03,34600.0,2585.29
153307,Invalid Foreign Key: Product_ID,OI00153306,O0053306,P00307,2,1550.0,0.06,3100.0,224.47
153311,Invalid Foreign Key: Order_ID,OI00153310,O0053310,P00311,1,2250.0,0.03,2250.0,168.12
153379,Invalid Foreign Key: Order_ID,OI00153378,O0053378,P00379,4,14150.0,0.01,56600.0,4316.31
153421,Invalid Foreign Key: Product_ID,OI00153420,O0053420,P00421,1,4000.0,0.01,4000.0,305.04
153499,Invalid Foreign Key: Product_ID,OI00153498,O0053498,P00499,4,17650.0,0.02,70600.0,5329.57
153577,Invalid Foreign Key: Product_ID,OI00153576,O0053576,P00577,2,13800.0,0.03,27600.0,2062.25
153614,Invalid Foreign Key: Product_ID,OI00153613,O0053613,P00614,4,2775.0,0.05,11100.0,812.28
153745,Invalid Foreign Key: Product_ID,OI00153744,O0053744,P99999,5,8200.0,0.03,41000.0,3063.49
153751,Invalid Foreign Key: Order_ID,OI00153750,O0053750,P00751,1,9250.0,0.02,9250.0,698.28
153842,Invalid Foreign Key: Product_ID,OI00153841,O0053841,P00842,2,7675.0,0.02,15350.0,1158.77
153921,Invalid Foreign Key: Product_ID,OI00153920,O0053920,P00921,1,4000.0,0.04,4000.0,295.8
153958,Invalid Foreign Key: Order_ID,OI00153957,O0053957,P00958,3,10475.0,0.06,31425.0,2275.43
153998,Invalid Foreign Key: Product_ID,OI00153997,O0053997,P00998,3,17475.0,0.04,52425.0,3876.78
154023,Negative Value: Unit_Price; Negative Value: Gross_Amount; Negative Value: Net_Amount,OI00154022,O0054022,P00023,3,-500.0,0.01,-1500.0,-114.39
154166,Invalid Foreign Key: Order_ID,OI00154165,O0054165,P00166,1,11875.0,0.04,11875.0,878.14
154251,Invalid Foreign Key: Order_ID,OI00154250,O0054250,P00251,1,9250.0,0.05,9250.0,676.9
154307,Invalid Foreign Key: Product_ID,OI00154306,O0054306,P00307,2,1550.0,0.05,3100.0,226.85
154421,Invalid Foreign Key: Product_ID,OI00154420,O0054420,P00421,1,4000.0,0.0,4000.0,308.12
154499,Invalid Foreign Key: Product_ID,OI00154498,O0054498,P00499,4,17650.0,0.01,70600.0,5383.95
154577,Invalid Foreign Key: Product_ID,OI00154576,O0054576,P00577,2,13800.0,0.02,27600.0,2083.51
154614,Invalid Foreign Key: Product_ID,OI00154613,O0054613,P00614,4,2775.0,0.04,11100.0,820.83
154751,Invalid Foreign Key: Order_ID,OI00154750,O0054750,P00751,1,9250.0,0.01,9250.0,705.4
154842,Invalid Foreign Key: Product_ID,OI00154841,O0054841,P00842,2,7675.0,0.01,15350.0,1170.59
154921,Invalid Foreign Key: Product_ID,OI00154920,O0054920,P00921,1,4000.0,0.03,4000.0,298.88
154953,Invalid Foreign Key: Order_ID,OI00154952,O0054952,P00953,3,9600.0,0.0,28800.0,2218.47
154955,Invalid Foreign Key: Order_ID,OI00154954,O0054954,P00955,5,9950.0,0.02,49750.0,3755.61
154998,Invalid Foreign Key: Product_ID,OI00154997,O0054997,P00998,3,17475.0,0.03,52425.0,3917.16
155026,Invalid Foreign Key: Order_ID,OI00155025,O0055025,P00026,1,4875.0,0.03,4875.0,364.26
155088,Invalid Foreign Key: Order_ID,OI00155087,O0055087,P00088,3,15725.0,0.02,47175.0,3561.22
155094,Invalid Foreign Key: Order_ID,OI00155093,O9999999,P00094,4,16775.0,0.01,67100.0,5117.04
155251,Invalid Foreign Key: Order_ID,OI00155250,O0055250,P00251,1,9250.0,0.04,9250.0,684.03
155307,Invalid Foreign Key: Product_ID,OI00155306,O0055306,P00307,2,1550.0,0.04,3100.0,229.24
155421,Invalid Foreign Key: Product_ID,OI00155420,O0055420,P00421,1,4000.0,0.06,4000.0,289.63
155499,Invalid Foreign Key: Product_ID,OI00155498,O0055498,P00499,4,17650.0,0.0,70600.0,5438.33
155577,Invalid Foreign Key: Product_ID,OI00155576,O0055576,P00577,2,13800.0,0.01,27600.0,2104.77
155614,Invalid Foreign Key: Product_ID,OI00155613,O0055613,P00614,4,2775.0,0.03,11100.0,829.38
155740,Invalid Foreign Key: Order_ID,OI00155739,O0055739,P00740,5,7325.0,0.03,36625.0,2736.6
155751,Invalid Foreign Key: Order_ID,OI00155750,O0055750,P00751,1,9250.0,0.0,9250.0,712.53
155842,Invalid Foreign Key: Product_ID,OI00155841,O0055841,P00842,2,7675.0,0.0,15350.0,1182.41
155921,Invalid Foreign Key: Product_ID,OI00155920,O0055920,P00921,1,4000.0,0.02,4000.0,301.96
155952,Invalid Foreign Key: Order_ID,OI00155951,O0055951,P00952,2,9425.0,0.05,18850.0,1379.42
155998,Invalid Foreign Key: Product_ID,OI00155997,O0055997,P00998,3,17475.0,0.02,52425.0,3957.54
156040,Negative Value: Quantity; Negative Value: Gross_Amount; Negative Value: Net_Amount,OI00156039,O0056039,P00040,-2,7325.0,0.02,-14650.0,-1105.92
156251,Invalid Foreign Key: Order_ID,OI00156250,O0056250,P00251,1,9250.0,0.03,9250.0,691.15
156307,Invalid Foreign Key: Product_ID,OI00156306,O0056306,P00307,2,1550.0,0.03,3100.0,231.63
156421,Invalid Foreign Key: Product_ID,OI00156420,O0056420,P00421,1,4000.0,0.05,4000.0,292.71
156499,Invalid Foreign Key: Product_ID,OI00156498,O0056498,P00499,4,17650.0,0.06,70600.0,5112.03
156527,Invalid Foreign Key: Order_ID,OI00156526,O0056526,P00527,2,5050.0,0.06,10100.0,731.33
156577,Invalid Foreign Key: Product_ID,OI00156576,O0056576,P00577,2,13800.0,0.0,27600.0,2126.03
156614,Invalid Foreign Key: Product_ID,OI00156613,O0056613,P00614,4,2775.0,0.02,11100.0,837.93
156628,Invalid Foreign Key: Order_ID,OI00156627,O0056627,P00628,3,5225.0,0.02,15675.0,1183.3
156751,Invalid Foreign Key: Order_ID,OI00156750,O0056750,P00751,1,9250.0,0.06,9250.0,669.78
156842,Invalid Foreign Key: Product_ID,OI00156841,O0056841,P00842,2,7675.0,0.06,15350.0,1111.47
156865,Invalid Foreign Key: Order_ID,OI00156864,O0056864,P00865,5,11700.0,0.01,58500.0,4461.21
156921,Invalid Foreign Key: Product_ID,OI00156920,O0056920,P00921,1,4000.0,0.01,4000.0,305.04
156948,Invalid Foreign Key: Product_ID,OI00156947,O0056947,P99999,3,8725.0,0.0,26175.0,2016.27
156949,Invalid Foreign Key: Order_ID,OI00156948,O0056948,P00949,4,8900.0,0.01,35600.0,2714.85
156998,Invalid Foreign Key: Product_ID,OI00156997,O0056997,P00998,3,17475.0,0.01,52425.0,3997.93
157227,Invalid Foreign Key: Order_ID,OI00157226,O0057226,P00227,2,5050.0,0.06,10100.0,731.33
157251,Invalid Foreign Key: Order_ID,OI00157250,O0057250,P00251,1,9250.0,0.02,9250.0,698.28
157307,Invalid Foreign Key: Product_ID,OI00157306,O0057306,P00307,2,1550.0,0.02,3100.0,234.02
157314,Invalid Foreign Key: Order_ID,OI00157313,O0057313,P00314,4,2775.0,0.02,11100.0,837.93
157421,Invalid Foreign Key: Product_ID,OI00157420,O0057420,P00421,1,4000.0,0.04,4000.0,295.8
157499,Invalid Foreign Key: Product_ID,OI00157498,O0057498,P00499,4,17650.0,0.05,70600.0,5166.42
157577,Invalid Foreign Key: Product_ID,OI00157576,O0057576,P00577,2,13800.0,0.06,27600.0,1998.47
157614,Invalid Foreign Key: Product_ID,OI00157613,O0057613,P00614,4,2775.0,0.01,11100.0,846.49
157751,Invalid Foreign Key: Order_ID,OI00157750,O0057750,P00751,1,9250.0,0.05,9250.0,676.9
157842,Invalid Foreign Key: Product_ID,OI00157841,O0057841,P00842,2,7675.0,0.05,15350.0,1123.29
157921,Invalid Foreign Key: Product_ID,OI00157920,O0057920,P00921,1,4000.0,0.0,4000.0,308.12
157946,Invalid Foreign Key: Order_ID,OI00157945,O0057945,P00946,1,8375.0,0.04,8375.0,619.32
157998,Invalid Foreign Key: Product_ID,OI00157997,O0057997,P00998,3,17475.0,0.0,52425.0,4038.31
158101,Invalid Foreign Key: Order_ID,OI00158100,O0058100,P00101,1,500.0,0.05,500.0,36.59
158251,Invalid Foreign Key: Order_ID,OI00158250,O0058250,P00251,1,9250.0,0.01,9250.0,705.4
158307,Invalid Foreign Key: Product_ID,OI00158306,O0058306,P00307,2,1550.0,0.01,3100.0,236.41
158421,Invalid Foreign Key: Product_ID,OI00158420,O0058420,P00421,1,4000.0,0.03,4000.0,298.88
158499,Invalid Foreign Key: Product_ID,OI00158498,O0058498,P00499,4,17650.0,0.04,70600.0,5220.8
158577,Invalid Foreign Key: Product_ID,OI00158576,O0058576,P00577,2,13800.0,0.05,27600.0,2019.73
158614,Invalid Foreign Key: Product_ID,OI00158613,O0058613,P00614,4,2775.0,0.0,11100.0,855.04
158642,Invalid Foreign Key: Order_ID,OI00158641,O0058641,P00642,2,7675.0,0.0,15350.0,1182.41
158751,Invalid Foreign Key: Order_ID,OI00158750,O0058750,P00751,1,9250.0,0.04,9250.0,684.03
158842,Invalid Foreign Key: Product_ID,OI00158841,O0058841,P00842,2,7675.0,0.04,15350.0,1135.12
158888,Invalid Foreign Key: Order_ID,OI00158887,O0058887,P00888,3,15725.0,0.01,47175.0,3597.56
158921,Invalid Foreign Key: Product_ID,OI00158920,O0058920,P00921,1,4000.0,0.06,4000.0,289.63
158943,Invalid Foreign Key: Order_ID,OI00158942,O0058942,P00943,3,7850.0,0.0,23550.0,1814.06
158998,Invalid Foreign Key: Product_ID,OI00158997,O0058997,P00998,3,17475.0,0.06,52425.0,3796.01
159251,Invalid Foreign Key: Order_ID,OI00159250,O0059250,P00251,1,9250.0,0.0,9250.0,712.53
159307,Invalid Foreign Key: Product_ID,OI00159306,O0059306,P00307,2,1550.0,0.0,3100.0,238.79
159421,Invalid Foreign Key: Product_ID,OI00159420,O0059420,P00421,1,4000.0,0.02,4000.0,301.96
159428,Invalid Foreign Key: Order_ID,OI00159427,O0059427,P00428,3,5225.0,0.02,15675.0,1183.3
159499,Invalid Foreign Key: Product_ID,OI00159498,O0059498,P00499,4,17650.0,0.03,70600.0,5275.18
159577,Invalid Foreign Key: Product_ID,OI00159576,O0059576,P00577,2,13800.0,0.04,27600.0,2040.99
159614,Invalid Foreign Key: Product_ID,OI00159613,O0059613,P00614,4,2775.0,0.06,11100.0,803.73
159675,Invalid Foreign Key: Order_ID,OI00159674,O0059674,P00675,5,13450.0,0.04,67250.0,4973.07
159751,Invalid Foreign Key: Order_ID,OI00159750,O0059750,P00751,1,9250.0,0.03,9250.0,691.15
159842,Invalid Foreign Key: Product_ID,OI00159841,O0059841,P00842,2,7675.0,0.03,15350.0,1146.94
159921,Invalid Foreign Key: Product_ID,OI00159920,O0059920,P00921,1,4000.0,0.05,4000.0,292.71
159940,Invalid Foreign Key: Order_ID,OI00159939,O0059939,P00940,5,7325.0,0.03,36625.0,2736.6
159959,Invalid Foreign Key: Order_ID,OI00159958,O0059958,P00959,4,10650.0,0.01,42600.0,3248.67
159998,Invalid Foreign Key: Product_ID,OI00159997,O0059997,P00998,3,17475.0,0.05,52425.0,3836.39
160041,Negative Value: Quantity; Negative Value: Gross_Amount; Negative Value: Net_Amount,OI00160040,O0060040,P00041,-2,7500.0,0.06,-15000.0,-1086.13
160043,Invalid Foreign Key: Order_ID,OI00160042,O0060042,P00043,3,7850.0,0.01,23550.0,1795.92
160097,Invalid Foreign Key: Order_ID,OI00160096,O9999999,P00097,2,17300.0,0.06,34600.0,2505.33
160151,Invalid Foreign Key: Product_ID,OI00160150,O0060150,P99999,1,9250.0,0.04,9250.0,684.03
160251,Invalid Foreign Key: Order_ID,OI00160250,O0060250,P00251,1,9250.0,0.06,9250.0,669.78
160307,Invalid Foreign Key: Product_ID,OI00160306,O0060306,P00307,2,1550.0,0.06,3100.0,224.47
160419,Invalid Foreign Key: Order_ID,OI00160418,O0060418,P00419,4,3650.0,0.06,14600.0,1057.16
160421,Invalid Foreign Key: Product_ID,OI00160420,O0060420,P00421,1,4000.0,0.01,4000.0,305.04
160499,Invalid Foreign Key: Product_ID,OI00160498,O0060498,P00499,4,17650.0,0.02,70600.0,5329.57
160577,Invalid Foreign Key: Product_ID,OI00160576,O0060576,P00577,2,13800.0,0.03,27600.0,2062.25
160614,Invalid Foreign Key: Product_ID,OI00160613,O0060613,P00614,4,2775.0,0.05,11100.0,812.28
160751,Invalid Foreign Key: Order_ID,OI00160750,O0060750,P00751,1,9250.0,0.02,9250.0,698.28
160787,Invalid Foreign Key: Order_ID,OI00160786,O0060786,P00787,2,15550.0,0.03,31100.0,2323.77
160842,Invalid Foreign Key: Product_ID,OI00160841,O0060841,P00842,2,7675.0,0.02,15350.0,1158.77
160921,Invalid Foreign Key: Product_ID,OI00160920,O0060920,P00921,1,4000.0,0.04,4000.0,295.8
160997,Invalid Foreign Key: Order_ID,OI00160996,O0060996,P00997,2,17300.0,0.03,34600.0,2585.29
160998,Invalid Foreign Key: Product_ID,OI00160997,O0060997,P00998,3,17475.0,0.04,52425.0,3876.78
161024,Negative Value: Unit_Price; Negative Value: Gross_Amount; Negative Value: Net_Amount,OI00161023,O0061023,P00024,4,-500.0,0.02,-2000.0,-150.98
161251,Invalid Foreign Key: Order_ID,OI00161250,O0061250,P00251,1,9250.0,0.05,9250.0,676.9
161307,Invalid Foreign Key: Product_ID,OI00161306,O0061306,P00307,2,1550.0,0.05,3100.0,226.85
161421,Invalid Foreign Key: Product_ID,OI00161420,O0061420,P00421,1,4000.0,0.0,4000.0,308.12
161499,Invalid Foreign Key: Product_ID,OI00161498,O0061498,P00499,4,17650.0,0.01,70600.0,5383.95
161574,Invalid Foreign Key: Order_ID,OI00161573,O0061573,P00574,4,13275.0,0.06,53100.0,3844.89
161577,Invalid Foreign Key: Product_ID,OI00161576,O0061576,P00577,2,13800.0,0.02,27600.0,2083.51
161614,Invalid Foreign Key: Product_ID,OI00161613,O0061613,P00614,4,2775.0,0.04,11100.0,820.83
161629,Invalid Foreign Key: Order_ID,OI00161628,O0061628,P00629,4,5400.0,0.05,21600.0,1580.66
161751,Invalid Foreign Key: Order_ID,OI00161750,O0061750,P00751,1,9250.0,0.01,9250.0,705.4
161842,Invalid Foreign Key: Product_ID,OI00161841,O0061841,P00842,2,7675.0,0.01,15350.0,1170.59
161921,Invalid Foreign Key: Product_ID,OI00161920,O0061920,P00921,1,4000.0,0.03,4000.0,298.88
161994,Invalid Foreign Key: Order_ID,OI00161993,O0061993,P00994,4,16775.0,0.06,67100.0,4858.6
161998,Invalid Foreign Key: Product_ID,OI00161997,O0061997,P00998,3,17475.0,0.03,52425.0,3917.16
162196,Invalid Foreign Key: Order_ID,OI00162195,O0062195,P00196,1,17125.0,0.05,17125.0,1253.19
162251,Invalid Foreign Key: Order_ID,OI00162250,O0062250,P00251,1,9250.0,0.04,9250.0,684.03
162307,Invalid Foreign Key: Product_ID,OI00162306,O0062306,P00307,2,1550.0,0.04,3100.0,229.24
162361,Invalid Foreign Key: Order_ID,OI00162360,O0062360,P00361,1,11000.0,0.02,11000.0,830.39
162421,Invalid Foreign Key: Product_ID,OI00162420,O0062420,P00421,1,4000.0,0.06,4000.0,289.63
162499,Invalid Foreign Key: Product_ID,OI00162498,O0062498,P00499,4,17650.0,0.0,70600.0,5438.33
162577,Invalid Foreign Key: Product_ID,OI00162576,O0062576,P00577,2,13800.0,0.01,27600.0,2104.77
162614,Invalid Foreign Key: Product_ID,OI00162613,O0062613,P00614,4,2775.0,0.03,11100.0,829.38
162751,Invalid Foreign Key: Order_ID,OI00162750,O0062750,P00751,1,9250.0,0.0,9250.0,712.53
162842,Invalid Foreign Key: Product_ID,OI00162841,O0062841,P00842,2,7675.0,0.0,15350.0,1182.41
162921,Invalid Foreign Key: Product_ID,OI00162920,O0062920,P00921,1,4000.0,0.02,4000.0,301.96
162991,Invalid Foreign Key: Order_ID,OI00162990,O0062990,P00991,1,16250.0,0.02,16250.0,1226.71
162998,Invalid Foreign Key: Product_ID,OI00162997,O0062997,P00998,3,17475.0,0.02,52425.0,3957.54
163148,Invalid Foreign Key: Order_ID,OI00163147,O0063147,P00148,3,8725.0,0.05,26175.0,1915.45
163251,Invalid Foreign Key: Order_ID,OI00163250,O0063250,P00251,1,9250.0,0.03,9250.0,691.15
163290,Invalid Foreign Key: Order_ID,OI00163289,O0063289,P00290,5,16075.0,0.0,80375.0,6191.31
163307,Invalid Foreign Key: Product_ID,OI00163306,O0063306,P00307,2,1550.0,0.03,3100.0,231.63
163354,Invalid Foreign Key: Product_ID,OI00163353,O0063353,P99999,4,9775.0,0.01,39100.0,2981.76
163421,Invalid Foreign Key: Product_ID,OI00163420,O0063420,P00421,1,4000.0,0.05,4000.0,292.71
163499,Invalid Foreign Key: Product_ID,OI00163498,O0063498,P00499,4,17650.0,0.06,70600.0,5112.03
163577,Invalid Foreign Key: Product_ID,OI00163576,O0063576,P00577,2,13800.0,0.0,27600.0,2126.03
163614,Invalid Foreign Key: Product_ID,OI00163613,O0063613,P00614,4,2775.0,0.02,11100.0,837.93
163751,Invalid Foreign Key: Order_ID,OI00163750,O0063750,P00751,1,9250.0,0.06,9250.0,669.78
163830,Invalid Foreign Key: Order_ID,OI00163829,O0063829,P00830,5,5575.0,0.01,27875.0,2125.75
163842,Invalid Foreign Key: Product_ID,OI00163841,O0063841,P00842,2,7675.0,0.06,15350.0,1111.47
163921,Invalid Foreign Key: Product_ID,OI00163920,O0063920,P00921,1,4000.0,0.01,4000.0,305.04
163935,Invalid Foreign Key: Order_ID,OI00163934,O0063934,P00935,5,6450.0,0.01,32250.0,2459.38
163973,Invalid Foreign Key: Order_ID,OI00163972,O0063972,P00973,3,13100.0,0.04,39300.0,2906.2
163988,Invalid Foreign Key: Order_ID,OI00163987,O0063987,P00988,3,15725.0,0.05,47175.0,3452.21
163998,Invalid Foreign Key: Product_ID,OI00163997,O0063997,P00998,3,17475.0,0.01,52425.0,3997.93
164042,Negative Value: Quantity; Negative Value: Gross_Amount; Negative Value: Net_Amount,OI00164041,O0064041,P00042,-2,7675.0,0.03,-15350.0,-1146.94
164251,Invalid Foreign Key: Order_ID,OI00164250,O0064250,P00251,1,9250.0,0.02,9250.0,698.28
164307,Invalid Foreign Key: Product_ID,OI00164306,O0064306,P00307,2,1550.0,0.02,3100.0,234.02
164421,Invalid Foreign Key: Product_ID,OI00164420,O0064420,P00421,1,4000.0,0.04,4000.0,295.8
164499,Invalid Foreign Key: Product_ID,OI00164498,O0064498,P00499,4,17650.0,0.05,70600.0,5166.42
164577,Invalid Foreign Key: Product_ID,OI00164576,O0064576,P00577,2,13800.0,0.06,27600.0,1998.47
164614,Invalid Foreign Key: Product_ID,OI00164613,O0064613,P00614,4,2775.0,0.01,11100.0,846.49
164722,Invalid Foreign Key: Order_ID,OI00164721,O0064721,P00722,2,4175.0,0.04,8350.0,617.47
164751,Invalid Foreign Key: Order_ID,OI00164750,O0064750,P00751,1,9250.0,0.05,9250.0,676.9
164842,Invalid Foreign Key: Product_ID,OI00164841,O0064841,P00842,2,7675.0,0.05,15350.0,1123.29
164921,Invalid Foreign Key: Product_ID,OI00164920,O0064920,P00921,1,4000.0,0.0,4000.0,308.12
164985,Invalid Foreign Key: Order_ID,OI00164984,O0064984,P00985,5,15200.0,0.01,76000.0,5795.75
164998,Invalid Foreign Key: Product_ID,OI00164997,O0064997,P00998,3,17475.0,0.0,52425.0,4038.31
165100,Invalid Foreign Key: Order_ID,OI00165099,O9999999,P00100,5,17825.0,0.04,89125.0,6590.71
165251,Invalid Foreign Key: Order_ID,OI00165250,O0065250,P00251,1,9250.0,0.01,9250.0,705.4
165307,Invalid Foreign Key: Product_ID,OI00165306,O0065306,P00307,2,1550.0,0.01,3100.0,236.41
165421,Invalid Foreign Key: Product_ID,OI00165420,O0065420,P00421,1,4000.0,0.03,4000.0,298.88
165499,Invalid Foreign Key: Product_ID,OI00165498,O0065498,P00499,4,17650.0,0.04,70600.0,5220.8
165509,Invalid Foreign Key: Order_ID,OI00165508,O0065508,P00509,4,1900.0,0.0,7600.0,585.43
165577,Invalid Foreign Key: Product_ID,OI00165576,O0065576,P00577,2,13800.0,0.05,27600.0,2019.73
165614,Invalid Foreign Key: Product_ID,OI00165613,O0065613,P00614,4,2775.0,0.0,11100.0,855.04
165750,Invalid Foreign Key: Order_ID,OI00165749,O0065749,P00750,5,9075.0,0.03,45375.0,3390.39
165751,Invalid Foreign Key: Order_ID,OI00165750,O0065750,P00751,1,9250.0,0.04,9250.0,684.03
165842,Invalid Foreign Key: Product_ID,OI00165841,O0065841,P00842,2,7675.0,0.04,15350.0,1135.12
165921,Invalid Foreign Key: Product_ID,OI00165920,O0065920,P00921,1,4000.0,0.06,4000.0,289.63
165982,Invalid Foreign Key: Order_ID,OI00165981,O0065981,P00982,2,14675.0,0.04,29350.0,2170.4
165998,Invalid Foreign Key: Product_ID,OI00165997,O0065997,P00998,3,17475.0,0.06,52425.0,3796.01
166031,Invalid Foreign Key: Order_ID,OI00166030,O0066030,P00031,1,5750.0,0.04,5750.0,425.21
166251,Invalid Foreign Key: Order_ID,OI00166250,O0066250,P00251,1,9250.0,0.0,9250.0,712.53
166296,Invalid Foreign Key: Order_ID,OI00166295,O0066295,P00296,1,17125.0,0.03,17125.0,1279.57
166307,Invalid Foreign Key: Product_ID,OI00166306,O0066306,P00307,2,1550.0,0.0,3100.0,238.79
166421,Invalid Foreign Key: Product_ID,OI00166420,O0066420,P00421,1,4000.0,0.02,4000.0,301.96
166499,Invalid Foreign Key: Product_ID,OI00166498,O0066498,P00499,4,17650.0,0.03,70600.0,5275.18
166557,Invalid Foreign Key: Product_ID,OI00166556,O0066556,P99999,2,10300.0,0.05,20600.0,1507.48
166577,Invalid Foreign Key: Product_ID,OI00166576,O0066576,P00577,2,13800.0,0.04,27600.0,2040.99
166614,Invalid Foreign Key: Product_ID,OI00166613,O0066613,P00614,4,2775.0,0.06,11100.0,803.73
166621,Invalid Foreign Key: Order_ID,OI00166620,O0066620,P00621,1,4000.0,0.06,4000.0,289.63
166751,Invalid Foreign Key: Order_ID,OI00166750,O0066750,P00751,1,9250.0,0.03,9250.0,691.15
166842,Invalid Foreign Key: Product_ID,OI00166841,O0066841,P00842,2,7675.0,0.03,15350.0,1146.94
166921,Invalid Foreign Key: Product_ID,OI00166920,O0066920,P00921,1,4000.0,0.05,4000.0,292.71
166979,Invalid Foreign Key: Order_ID,OI00166978,O0066978,P00979,4,14150.0,0.0,56600.0,4359.91
166998,Invalid Foreign Key: Product_ID,OI00166997,O0066997,P00998,3,17475.0,0.05,52425.0,3836.39
167083,Invalid Foreign Key: Order_ID,OI00167082,O0067082,P00083,3,14850.0,0.06,44550.0,3225.8
167251,Invalid Foreign Key: Order_ID,OI00167250,O0067250,P00251,1,9250.0,0.06,9250.0,669.78
167307,Invalid Foreign Key: Product_ID,OI00167306,O0067306,P00307,2,1550.0,0.06,3100.0,224.47
167421,Invalid Foreign Key: Product_ID,OI00167420,O0067420,P00421,1,4000.0,0.01,4000.0,305.04
167499,Invalid Foreign Key: Product_ID,OI00167498,O0067498,P00499,4,17650.0,0.02,70600.0,5329.57
167527,Invalid Foreign Key: Order_ID,OI00167526,O0067526,P00527,2,5050.0,0.02,10100.0,762.45
167577,Invalid Foreign Key: Product_ID,OI00167576,O0067576,P00577,2,13800.0,0.03,27600.0,2062.25
167614,Invalid Foreign Key: Product_ID,OI00167613,O0067613,P00614,4,2775.0,0.05,11100.0,812.28
167751,Invalid Foreign Key: Order_ID,OI00167750,O0067750,P00751,1,9250.0,0.02,9250.0,698.28
167842,Invalid Foreign Key: Product_ID,OI00167841,O0067841,P00842,2,7675.0,0.02,15350.0,1158.77
167870,Invalid Foreign Key: Order_ID,OI00167869,O0067869,P00870,5,12575.0,0.02,62875.0,4746.41
167921,Invalid Foreign Key: Product_ID,OI00167920,O0067920,P00921,1,4000.0,0.04,4000.0,295.8
167976,Invalid Foreign Key: Order_ID,OI00167975,O0067975,P00976,1,13625.0,0.03,13625.0,1018.05
167998,Invalid Foreign Key: Product_ID,OI00167997,O0067997,P00998,3,17475.0,0.04,52425.0,3876.78
168025,Negative Value: Unit_Price; Negative Value: Gross_Amount; Negative Value: Net_Amount,OI00168024,O0068024,P00025,5,-500.0,0.03,-2500.0,-186.8
168043,Negative Value: Quantity; Negative Value: Gross_Amount; Negative Value: Net_Amount,OI00168042,O0068042,P00043,-2,7850.0,0.0,-15700.0,-1209.37
168232,Invalid Foreign Key: Order_ID,OI00168231,O0068231,P00232,2,5925.0,0.0,11850.0,912.81
168251,Invalid Foreign Key: Order_ID,OI00168250,O0068250,P00251,1,9250.0,0.05,9250.0,676.9
168307,Invalid Foreign Key: Product_ID,OI00168306,O0068306,P00307,2,1550.0,0.05,3100.0,226.85
168421,Invalid Foreign Key: Product_ID,OI00168420,O0068420,P00421,1,4000.0,0.0,4000.0,308.12
168499,Invalid Foreign Key: Product_ID,OI00168498,O0068498,P00499,4,17650.0,0.01,70600.0,5383.95
168577,Invalid Foreign Key: Product_ID,OI00168576,O0068576,P00577,2,13800.0,0.02,27600.0,2083.51
168614,Invalid Foreign Key: Product_ID,OI00168613,O0068613,P00614,4,2775.0,0.04,11100.0,820.83
168657,Invalid Foreign Key: Order_ID,OI00168656,O0068656,P00657,2,10300.0,0.05,20600.0,1507.48
168751,Invalid Foreign Key: Order_ID,OI00168750,O0068750,P00751,1,9250.0,0.01,9250.0,705.4
168842,Invalid Foreign Key: Product_ID,OI00168841,O0068841,P00842,2,7675.0,0.01,15350.0,1170.59
168921,Invalid Foreign Key: Product_ID,OI00168920,O0068920,P00921,1,4000.0,0.03,4000.0,298.88
168973,Invalid Foreign Key: Order_ID,OI00168972,O0068972,P00973,3,13100.0,0.06,39300.0,2845.65
168998,Invalid Foreign Key: Product_ID,OI00168997,O0068997,P00998,3,17475.0,0.03,52425.0,3917.16
169251,Invalid Foreign Key: Order_ID,OI00169250,O0069250,P00251,1,9250.0,0.04,9250.0,684.03
169304,Invalid Foreign Key: Order_ID,OI00169303,O0069303,P00304,4,1025.0,0.01,4100.0,312.67
169307,Invalid Foreign Key: Product_ID,OI00169306,O0069306,P00307,2,1550.0,0.04,3100.0,229.24
169421,Invalid Foreign Key: Product_ID,OI00169420,O0069420,P00421,1,4000.0,0.06,4000.0,289.63
169444,Invalid Foreign Key: Order_ID,OI00169443,O0069443,P00444,4,8025.0,0.01,32100.0,2447.94
169499,Invalid Foreign Key: Product_ID,OI00169498,O0069498,P00499,4,17650.0,0.0,70600.0,5438.33
169577,Invalid Foreign Key: Product_ID,OI00169576,O0069576,P00577,2,13800.0,0.01,27600.0,2104.77
169614,Invalid Foreign Key: Product_ID,OI00169613,O0069613,P00614,4,2775.0,0.03,11100.0,829.38
169751,Invalid Foreign Key: Order_ID,OI00169750,O0069750,P00751,1,9250.0,0.0,9250.0,712.53
169760,Invalid Foreign Key: Product_ID,OI00169759,O0069759,P99999,5,10825.0,0.02,54125.0,4085.88
169842,Invalid Foreign Key: Product_ID,OI00169841,O0069841,P00842,2,7675.0,0.0,15350.0,1182.41
169921,Invalid Foreign Key: Product_ID,OI00169920,O0069920,P00921,1,4000.0,0.02,4000.0,301.96
169952,Invalid Foreign Key: Order_ID,OI00169951,O0069951,P00952,2,9425.0,0.05,18850.0,1379.42
169970,Invalid Foreign Key: Order_ID,OI00169969,O0069969,P00970,5,12575.0,0.02,62875.0,4746.41
169998,Invalid Foreign Key: Product_ID,OI00169997,O0069997,P00998,3,17475.0,0.02,52425.0,3957.54
170050,Invalid Foreign Key: Order_ID,OI00170049,O0070049,P00050,5,9075.0,0.05,45375.0,3320.48
170103,Invalid Foreign Key: Order_ID,OI00170102,O9999999,P00103,3,850.0,0.02,2550.0,192.5
170231,Invalid Foreign Key: Order_ID,OI00170230,O0070230,P00231,1,5750.0,0.04,5750.0,425.21
170251,Invalid Foreign Key: Order_ID,OI00170250,O0070250,P00251,1,9250.0,0.03,9250.0,691.15
170307,Invalid Foreign Key: Product_ID,OI00170306,O0070306,P00307,2,1550.0,0.03,3100.0,231.63
170421,Invalid Foreign Key: Product_ID,OI00170420,O0070420,P00421,1,4000.0,0.05,4000.0,292.71
170433,Invalid Foreign Key: Order_ID,OI00170432,O0070432,P00433,3,6100.0,0.03,18300.0,1367.36
170499,Invalid Foreign Key: Product_ID,OI00170498,O0070498,P00499,4,17650.0,0.06,70600.0,5112.03
170577,Invalid Foreign Key: Product_ID,OI00170576,O0070576,P00577,2,13800.0,0.0,27600.0,2126.03
170614,Invalid Foreign Key: Product_ID,OI00170613,O0070613,P00614,4,2775.0,0.02,11100.0,837.93
170751,Invalid Foreign Key: Order_ID,OI00170750,O0070750,P00751,1,9250.0,0.06,9250.0,669.78
170842,Invalid Foreign Key: Product_ID,OI00170841,O0070841,P00842,2,7675.0,0.06,15350.0,1111.47
170921,Invalid Foreign Key: Product_ID,OI00170920,O0070920,P00921,1,4000.0,0.01,4000.0,305.04
170967,Invalid Foreign Key: Order_ID,OI00170966,O0070966,P00967,2,12050.0,0.05,24100.0,1763.61
170998,Invalid Foreign Key: Product_ID,OI00170997,O0070997,P00998,3,17475.0,0.01,52425.0,3997.93
171018,Invalid Foreign Key: Order_ID,OI00171017,O0071017,P00018,3,3475.0,0.0,10425.0,803.04
171081,Invalid Foreign Key: Order_ID,OI00171080,O0071080,P00081,1,14500.0,0.0,14500.0,1116.94
171251,Invalid Foreign Key: Order_ID,OI00171250,O0071250,P00251,1,9250.0,0.02,9250.0,698.28
171307,Invalid Foreign Key: Product_ID,OI00171306,O0071306,P00307,2,1550.0,0.02,3100.0,234.02
171421,Invalid Foreign Key: Product_ID,OI00171420,O0071420,P00421,1,4000.0,0.04,4000.0,295.8
171499,Invalid Foreign Key: Product_ID,OI00171498,O0071498,P00499,4,17650.0,0.05,70600.0,5166.42
171577,Invalid Foreign Key: Product_ID,OI00171576,O0071576,P00577,2,13800.0,0.06,27600.0,1998.47
171614,Invalid Foreign Key: Product_ID,OI00171613,O0071613,P00614,4,2775.0,0.01,11100.0,846.49
171751,Invalid Foreign Key: Order_ID,OI00171750,O0071750,P00751,1,9250.0,0.05,9250.0,676.9
171805,Invalid Foreign Key: Order_ID,OI00171804,O0071804,P00805,5,1200.0,0.03,6000.0,448.32
171842,Invalid Foreign Key: Product_ID,OI00171841,O0071841,P00842,2,7675.0,0.05,15350.0,1123.29
171921,Invalid Foreign Key: Product_ID,OI00171920,O0071920,P00921,1,4000.0,0.0,4000.0,308.12
171964,Invalid Foreign Key: Order_ID,OI00171963,O0071963,P00964,4,11525.0,0.01,46100.0,3515.58
171998,Invalid Foreign Key: Product_ID,OI00171997,O0071997,P00998,3,17475.0,0.0,52425.0,4038.31
172044,Negative Value: Quantity; Negative Value: Gross_Amount; Negative Value: Net_Amount,OI00172043,O0072043,P00044,-2,8025.0,0.04,-16050.0,-1186.88
172251,Invalid Foreign Key: Order_ID,OI00172250,O0072250,P00251,1,9250.0,0.01,9250.0,705.4
172307,Invalid Foreign Key: Product_ID,OI00172306,O0072306,P00307,2,1550.0,0.01,3100.0,236.41
172421,Invalid Foreign Key: Product_ID,OI00172420,O0072420,P00421,1,4000.0,0.03,4000.0,298.88
172499,Invalid Foreign Key: Product_ID,OI00172498,O0072498,P00499,4,17650.0,0.04,70600.0,5220.8
172577,Invalid Foreign Key: Product_ID,OI00172576,O0072576,P00577,2,13800.0,0.05,27600.0,2019.73
172592,Invalid Foreign Key: Order_ID,OI00172591,O0072591,P00592,2,16425.0,0.06,32850.0,2378.62
172614,Invalid Foreign Key: Product_ID,OI00172613,O0072613,P00614,4,2775.0,0.0,11100.0,855.04
172634,Invalid Foreign Key: Order_ID,OI00172633,O0072633,P00634,4,6275.0,0.06,25100.0,1817.45
172751,Invalid Foreign Key: Order_ID,OI00172750,O0072750,P00751,1,9250.0,0.04,9250.0,684.03
172842,Invalid Foreign Key: Product_ID,OI00172841,O0072841,P00842,2,7675.0,0.04,15350.0,1135.12
172858,Invalid Foreign Key: Order_ID,OI00172857,O0072857,P00858,3,10475.0,0.06,31425.0,2275.43
172921,Invalid Foreign Key: Product_ID,OI00172920,O0072920,P00921,1,4000.0,0.06,4000.0,289.63
172961,Invalid Foreign Key: Order_ID,OI00172960,O0072960,P00961,1,11000.0,0.04,11000.0,813.44
172963,Invalid Foreign Key: Product_ID,OI00172962,O0072962,P99999,3,11350.0,0.06,34050.0,2465.51
172998,Invalid Foreign Key: Product_ID,OI00172997,O0072997,P00998,3,17475.0,0.06,52425.0,3796.01
173251,Invalid Foreign Key: Order_ID,OI00173250,O0073250,P00251,1,9250.0,0.0,9250.0,712.53
173283,Invalid Foreign Key: Order_ID,OI00173282,O0073282,P00283,3,14850.0,0.04,44550.0,3294.43
173307,Invalid Foreign Key: Product_ID,OI00173306,O0073306,P00307,2,1550.0,0.0,3100.0,238.79
173379,Invalid Foreign Key: Order_ID,OI00173378,O0073378,P00379,4,14150.0,0.02,56600.0,4272.71
173421,Invalid Foreign Key: Product_ID,OI00173420,O0073420,P00421,1,4000.0,0.02,4000.0,301.96
173499,Invalid Foreign Key: Product_ID,OI00173498,O0073498,P00499,4,17650.0,0.03,70600.0,5275.18
173577,Invalid Foreign Key: Product_ID,OI00173576,O0073576,P00577,2,13800.0,0.04,27600.0,2040.99
173614,Invalid Foreign Key: Product_ID,OI00173613,O0073613,P00614,4,2775.0,0.06,11100.0,803.73
173751,Invalid Foreign Key: Order_ID,OI00173750,O0073750,P00751,1,9250.0,0.03,9250.0,691.15
173842,Invalid Foreign Key: Product_ID,OI00173841,O0073841,P00842,2,7675.0,0.03,15350.0,1146.94
173921,Invalid Foreign Key: Product_ID,OI00173920,O0073920,P00921,1,4000.0,0.05,4000.0,292.71
173958,Invalid Foreign Key: Order_ID,OI00173957,O0073957,P00958,3,10475.0,0.0,31425.0,2420.68
173998,Invalid Foreign Key: Product_ID,OI00173997,O0073997,P00998,3,17475.0,0.05,52425.0,3836.39
174166,Invalid Foreign Key: Order_ID,OI00174165,O0074165,P00166,1,11875.0,0.05,11875.0,869.0
174251,Invalid Foreign Key: Order_ID,OI00174250,O0074250,P00251,1,9250.0,0.06,9250.0,669.78
174307,Invalid Foreign Key: Product_ID,OI00174306,O0074306,P00307,2,1550.0,0.06,3100.0,224.47
174421,Invalid Foreign Key: Product_ID,OI00174420,O0074420,P00421,1,4000.0,0.01,4000.0,305.04
174499,Invalid Foreign Key: Product_ID,OI00174498,O0074498,P00499,4,17650.0,0.02,70600.0,5329.57
174577,Invalid Foreign Key: Product_ID,OI00174576,O0074576,P00577,2,13800.0,0.03,27600.0,2062.25
174614,Invalid Foreign Key: Product_ID,OI00174613,O0074613,P00614,4,2775.0,0.05,11100.0,812.28
174635,Invalid Foreign Key: Order_ID,OI00174634,O0074634,P00635,5,6450.0,0.05,32250.0,2360.01
174751,Invalid Foreign Key: Order_ID,OI00174750,O0074750,P00751,1,9250.0,0.02,9250.0,698.28
174835,Invalid Foreign Key: Order_ID,OI00174834,O0074834,P00835,5,6450.0,0.02,32250.0,2434.54
174842,Invalid Foreign Key: Product_ID,OI00174841,O0074841,P00842,2,7675.0,0.02,15350.0,1158.77
174921,Invalid Foreign Key: Product_ID,OI00174920,O0074920,P00921,1,4000.0,0.04,4000.0,295.8
174953,Invalid Foreign Key: Order_ID,OI00174952,O0074952,P00953,3,9600.0,0.01,28800.0,2196.29
174955,Invalid Foreign Key: Order_ID,OI00174954,O0074954,P00955,5,9950.0,0.03,49750.0,3717.29
174998,Invalid Foreign Key: Product_ID,OI00174997,O0074997,P00998,3,17475.0,0.04,52425.0,3876.78
175026,Negative Value: Unit_Price; Negative Value: Gross_Amount; Negative Value: Net_Amount,OI00175025,O0075025,P00026,1,-500.0,0.04,-500.0,-36.97
175106,Invalid Foreign Key: Order_ID,OI00175105,O9999999,P00106,1,1375.0,0.0,1375.0,105.92
175251,Invalid Foreign Key: Order_ID,OI00175250,O0075250,P00251,1,9250.0,0.05,9250.0,676.9
175307,Invalid Foreign Key: Product_ID,OI00175306,O0075306,P00307,2,1550.0,0.05,3100.0,226.85
175421,Invalid Foreign Key: Product_ID,OI00175420,O0075420,P00421,1,4000.0,0.0,4000.0,308.12
175499,Invalid Foreign Key: Product_ID,OI00175498,O0075498,P00499,4,17650.0,0.01,70600.0,5383.95
175577,Invalid Foreign Key: Product_ID,OI00175576,O0075576,P00577,2,13800.0,0.02,27600.0,2083.51
175614,Invalid Foreign Key: Product_ID,OI00175613,O0075613,P00614,4,2775.0,0.04,11100.0,820.83
175740,Invalid Foreign Key: Order_ID,OI00175739,O0075739,P00740,5,7325.0,0.04,36625.0,2708.38
175751,Invalid Foreign Key: Order_ID,OI00175750,O0075750,P00751,1,9250.0,0.01,9250.0,705.4
175842,Invalid Foreign Key: Product_ID,OI00175841,O0075841,P00842,2,7675.0,0.01,15350.0,1170.59
175921,Invalid Foreign Key: Product_ID,OI00175920,O0075920,P00921,1,4000.0,0.03,4000.0,298.88
175952,Invalid Foreign Key: Order_ID,OI00175951,O0075951,P00952,2,9425.0,0.06,18850.0,1364.9
175998,Invalid Foreign Key: Product_ID,OI00175997,O0075997,P00998,3,17475.0,0.03,52425.0,3917.16
176045,Negative Value: Quantity; Negative Value: Gross_Amount; Negative Value: Net_Amount,OI00176044,O0076044,P00045,-2,8200.0,0.01,-16400.0,-1250.66
176166,Invalid Foreign Key: Product_ID,OI00176165,O0076165,P99999,1,11875.0,0.03,11875.0,887.29
176251,Invalid Foreign Key: Order_ID,OI00176250,O0076250,P00251,1,9250.0,0.04,9250.0,684.03
176307,Invalid Foreign Key: Product_ID,OI00176306,O0076306,P00307,2,1550.0,0.04,3100.0,229.24
176412,Invalid Foreign Key: Order_ID,OI00176411,O0076411,P00412,2,2425.0,0.04,4850.0,358.65
176421,Invalid Foreign Key: Product_ID,OI00176420,O0076420,P00421,1,4000.0,0.06,4000.0,289.63
176499,Invalid Foreign Key: Product_ID,OI00176498,O0076498,P00499,4,17650.0,0.0,70600.0,5438.33
176527,Invalid Foreign Key: Order_ID,OI00176526,O0076526,P00527,2,5050.0,0.0,10100.0,778.01
176577,Invalid Foreign Key: Product_ID,OI00176576,O0076576,P00577,2,13800.0,0.01,27600.0,2104.77
176614,Invalid Foreign Key: Order_ID; Invalid Foreign Key: Product_ID,OI00176613,O0076613,P00614,4,2775.0,0.03,11100.0,829.38
176751,Invalid Foreign Key: Order_ID,OI00176750,O0076750,P00751,1,9250.0,0.0,9250.0,712.53
176842,Invalid Foreign Key: Product_ID,OI00176841,O0076841,P00842,2,7675.0,0.0,15350.0,1182.41
176921,Invalid Foreign Key: Product_ID,OI00176920,O0076920,P00921,1,4000.0,0.02,4000.0,301.96
176949,Invalid Foreign Key: Order_ID,OI00176948,O0076948,P00949,4,8900.0,0.02,35600.0,2687.43
176998,Invalid Foreign Key: Product_ID,OI00176997,O0076997,P00998,3,17475.0,0.02,52425.0,3957.54
177036,Invalid Foreign Key: Order_ID,OI00177035,O0077035,P00036,1,6625.0,0.05,6625.0,484.81
177251,Invalid Foreign Key: Order_ID,OI00177250,O0077250,P00251,1,9250.0,0.03,9250.0,691.15
177307,Invalid Foreign Key: Product_ID,OI00177306,O0077306,P00307,2,1550.0,0.03,3100.0,231.63
177314,Invalid Foreign Key: Order_ID,OI00177313,O0077313,P00314,4,2775.0,0.03,11100.0,829.38
177421,Invalid Foreign Key: Product_ID,OI00177420,O0077420,P00421,1,4000.0,0.05,4000.0,292.71
177499,Invalid Foreign Key: Product_ID,OI00177498,O0077498,P00499,4,17650.0,0.06,70600.0,5112.03
177577,Invalid Foreign Key: Product_ID,OI00177576,O0077576,P00577,2,13800.0,0.0,27600.0,2126.03
177614,Invalid Foreign Key: Product_ID,OI00177613,O0077613,P00614,4,2775.0,0.02,11100.0,837.93
177751,Invalid Foreign Key: Order_ID,OI00177750,O0077750,P00751,1,9250.0,0.06,9250.0,669.78
177842,Invalid Foreign Key: Product_ID,OI00177841,O0077841,P00842,2,7675.0,0.06,15350.0,1111.47
177921,Invalid Foreign Key: Product_ID,OI00177920,O0077920,P00921,1,4000.0,0.01,4000.0,305.04
177946,Invalid Foreign Key: Order_ID,OI00177945,O0077945,P00946,1,8375.0,0.05,8375.0,612.87
177998,Invalid Foreign Key: Product_ID,OI00177997,O0077997,P00998,3,17475.0,0.01,52425.0,3997.93
178101,Invalid Foreign Key: Order_ID,OI00178100,O0078100,P00101,1,500.0,0.06,500.0,36.2
178189,Invalid Foreign Key: Order_ID,OI00178188,O0078188,P00189,4,15900.0,0.03,63600.0,4752.15
178251,Invalid Foreign Key: Order_ID,OI00178250,O0078250,P00251,1,9250.0,0.02,9250.0,698.28
178307,Invalid Foreign Key: Product_ID,OI00178306,O0078306,P00307,2,1550.0,0.02,3100.0,234.02
178421,Invalid Foreign Key: Product_ID,OI00178420,O0078420,P00421,1,4000.0,0.04,4000.0,295.8
178499,Invalid Foreign Key: Product_ID,OI00178498,O0078498,P00499,4,17650.0,0.05,70600.0,5166.42
178577,Invalid Foreign Key: Product_ID,OI00178576,O0078576,P00577,2,13800.0,0.06,27600.0,1998.47
178614,Invalid Foreign Key: Product_ID,OI00178613,O0078613,P00614,4,2775.0,0.01,11100.0,846.49
178751,Invalid Foreign Key: Order_ID,OI00178750,O0078750,P00751,1,9250.0,0.05,9250.0,676.9
178842,Invalid Foreign Key: Product_ID,OI00178841,O0078841,P00842,2,7675.0,0.05,15350.0,1123.29
178888,Invalid Foreign Key: Order_ID,OI00178887,O0078887,P00888,3,15725.0,0.02,47175.0,3561.22
178921,Invalid Foreign Key: Product_ID,OI00178920,O0078920,P00921,1,4000.0,0.0,4000.0,308.12
178943,Invalid Foreign Key: Order_ID,OI00178942,O0078942,P00943,3,7850.0,0.01,23550.0,1795.92
178998,Invalid Foreign Key: Product_ID,OI00178997,O0078997,P00998,3,17475.0,0.0,52425.0,4038.31
179237,Invalid Foreign Key: Order_ID,OI00179236,O0079236,P00237,2,6800.0,0.01,13600.0,1037.14
179251,Invalid Foreign Key: Order_ID,OI00179250,O0079250,P00251,1,9250.0,0.01,9250.0,705.4
179307,Invalid Foreign Key: Product_ID,OI00179306,O0079306,P00307,2,1550.0,0.01,3100.0,236.41
179369,Invalid Foreign Key: Product_ID,OI00179368,O0079368,P99999,4,12400.0,0.0,49600.0,3820.7
179421,Invalid Foreign Key: Product_ID,OI00179420,O0079420,P00421,1,4000.0,0.03,4000.0,298.88
179499,Invalid Foreign Key: Product_ID,OI00179498,O0079498,P00499,4,17650.0,0.04,70600.0,5220.8
179577,Invalid Foreign Key: Product_ID,OI00179576,O0079576,P00577,2,13800.0,0.05,27600.0,2019.73
179614,Invalid Foreign Key: Product_ID,OI00179613,O0079613,P00614,4,2775.0,0.0,11100.0,855.04
179675,Invalid Foreign Key: Order_ID,OI00179674,O0079674,P00675,5,13450.0,0.05,67250.0,4921.27
179751,Invalid Foreign Key: Order_ID,OI00179750,O0079750,P00751,1,9250.0,0.04,9250.0,684.03
179842,Invalid Foreign Key: Product_ID,OI00179841,O0079841,P00842,2,7675.0,0.04,15350.0,1135.12
179921,Invalid Foreign Key: Product_ID,OI00179920,O0079920,P00921,1,4000.0,0.06,4000.0,289.63
179940,Invalid Foreign Key: Order_ID,OI00179939,O0079939,P00940,5,7325.0,0.04,36625.0,2708.38
179945,Invalid Foreign Key: Order_ID,OI00179944,O0079944,P00945,5,8200.0,0.02,41000.0,3095.07
179966,Invalid Foreign Key: Order_ID,OI00179965,O0079965,P00966,1,11875.0,0.02,11875.0,896.44
179998,Invalid Foreign Key: Product_ID,OI00179997,O0079997,P00998,3,17475.0,0.06,52425.0,3796.01
180046,Negative Value: Quantity; Negative Value: Gross_Amount; Negative Value: Net_Amount,OI00180045,O0080045,P00046,-2,8375.0,0.05,-16750.0,-1225.74
180057,Invalid Foreign Key: Order_ID,OI00180056,O0080056,P00057,2,10300.0,0.02,20600.0,1555.09
180109,Invalid Foreign Key: Order_ID,OI00180108,O9999999,P00109,4,1900.0,0.05,7600.0,556.16
180251,Invalid Foreign Key: Order_ID,OI00180250,O0080250,P00251,1,9250.0,0.0,9250.0,712.53
180307,Invalid Foreign Key: Product_ID,OI00180306,O0080306,P00307,2,1550.0,0.0,3100.0,238.79
180421,Invalid Foreign Key: Product_ID,OI00180420,O0080420,P00421,1,4000.0,0.02,4000.0,301.96
180499,Invalid Foreign Key: Product_ID,OI00180498,O0080498,P00499,4,17650.0,0.03,70600.0,5275.18
180577,Invalid Foreign Key: Product_ID,OI00180576,O0080576,P00577,2,13800.0,0.04,27600.0,2040.99
180614,Invalid Foreign Key: Product_ID,OI00180613,O0080613,P00614,4,2775.0,0.06,11100.0,803.73
180751,Invalid Foreign Key: Order_ID,OI00180750,O0080750,P00751,1,9250.0,0.03,9250.0,691.15
180787,Invalid Foreign Key: Order_ID,OI00180786,O0080786,P00787,2,15550.0,0.04,31100.0,2299.81
180842,Invalid Foreign Key: Product_ID,OI00180841,O0080841,P00842,2,7675.0,0.03,15350.0,1146.94
180921,Invalid Foreign Key: Product_ID,OI00180920,O0080920,P00921,1,4000.0,0.05,4000.0,292.71
180997,Invalid Foreign Key: Order_ID,OI00180996,O0080996,P00997,2,17300.0,0.04,34600.0,2558.64
180998,Invalid Foreign Key: Product_ID,OI00180997,O0080997,P00998,3,17475.0,0.05,52425.0,3836.39
181251,Invalid Foreign Key: Order_ID,OI00181250,O0081250,P00251,1,9250.0,0.06,9250.0,669.78
181307,Invalid Foreign Key: Product_ID,OI00181306,O0081306,P00307,2,1550.0,0.06,3100.0,224.47
181421,Invalid Foreign Key: Product_ID,OI00181420,O0081420,P00421,1,4000.0,0.01,4000.0,305.04
181438,Invalid Foreign Key: Order_ID,OI00181437,O0081437,P00438,3,6975.0,0.04,20925.0,1547.38
181499,Invalid Foreign Key: Product_ID,OI00181498,O0081498,P00499,4,17650.0,0.02,70600.0,5329.57
181574,Invalid Foreign Key: Order_ID,OI00181573,O0081573,P00574,4,13275.0,0.0,53100.0,4090.31
181577,Invalid Foreign Key: Product_ID,OI00181576,O0081576,P00577,2,13800.0,0.03,27600.0,2062.25
181614,Invalid Foreign Key: Product_ID,OI00181613,O0081613,P00614,4,2775.0,0.05,11100.0,812.28
181743,Invalid Foreign Key: Order_ID,OI00181742,O0081742,P00743,3,7850.0,0.01,23550.0,1795.92
181751,Invalid Foreign Key: Order_ID,OI00181750,O0081750,P00751,1,9250.0,0.02,9250.0,698.28
181842,Invalid Foreign Key: Product_ID,OI00181841,O0081841,P00842,2,7675.0,0.02,15350.0,1158.77
181921,Invalid Foreign Key: Product_ID,OI00181920,O0081920,P00921,1,4000.0,0.04,4000.0,295.8
181994,Invalid Foreign Key: Order_ID,OI00181993,O0081993,P00994,4,16775.0,0.0,67100.0,5168.73
181998,Invalid Foreign Key: Product_ID,OI00181997,O0081997,P00998,3,17475.0,0.04,52425.0,3876.78
182027,Negative Value: Unit_Price; Negative Value: Gross_Amount; Negative Value: Net_Amount,OI00182026,O0082026,P00027,2,-500.0,0.05,-1000.0,-73.18
182251,Invalid Foreign Key: Order_ID,OI00182250,O0082250,P00251,1,9250.0,0.05,9250.0,676.9
182307,Invalid Foreign Key: Product_ID,OI00182306,O0082306,P00307,2,1550.0,0.05,3100.0,226.85
182361,Invalid Foreign Key: Order_ID,OI00182360,O0082360,P00361,1,11000.0,0.03,11000.0,821.91
182421,Invalid Foreign Key: Product_ID,OI00182420,O0082420,P00421,1,4000.0,0.0,4000.0,308.12
182499,Invalid Foreign Key: Product_ID,OI00182498,O0082498,P00499,4,17650.0,0.01,70600.0,5383.95
182572,Invalid Foreign Key: Product_ID,OI00182571,O0082571,P99999,2,12925.0,0.04,25850.0,1911.58
182577,Invalid Foreign Key: Product_ID,OI00182576,O0082576,P00577,2,13800.0,0.02,27600.0,2083.51
182614,Invalid Foreign Key: Product_ID,OI00182613,O0082613,P00614,4,2775.0,0.04,11100.0,820.83
182751,Invalid Foreign Key: Order_ID,OI00182750,O0082750,P00751,1,9250.0,0.01,9250.0,705.4
182842,Invalid Foreign Key: Product_ID,OI00182841,O0082841,P00842,2,7675.0,0.01,15350.0,1170.59
182921,Invalid Foreign Key: Product_ID,OI00182920,O0082920,P00921,1,4000.0,0.03,4000.0,298.88
182991,Invalid Foreign Key: Order_ID,OI00182990,O0082990,P00991,1,16250.0,0.03,16250.0,1214.19
182998,Invalid Foreign Key: Product_ID,OI00182997,O0082997,P00998,3,17475.0,0.03,52425.0,3917.16
183148,Invalid Foreign Key: Order_ID,OI00183147,O0083147,P00148,3,8725.0,0.06,26175.0,1895.29
183251,Invalid Foreign Key: Order_ID,OI00183250,O0083250,P00251,1,9250.0,0.04,9250.0,684.03
183276,Invalid Foreign Key: Order_ID,OI00183275,O0083275,P00276,1,13625.0,0.01,13625.0,1039.04
183307,Invalid Foreign Key: Product_ID,OI00183306,O0083306,P00307,2,1550.0,0.04,3100.0,229.24
183421,Invalid Foreign Key: Product_ID,OI00183420,O0083420,P00421,1,4000.0,0.06,4000.0,289.63
183499,Invalid Foreign Key: Product_ID,OI00183498,O0083498,P00499,4,17650.0,0.0,70600.0,5438.33
183520,Invalid Foreign Key: Order_ID,OI00183519,O0083519,P00520,5,3825.0,0.0,19125.0,1473.2
183577,Invalid Foreign Key: Product_ID,OI00183576,O0083576,P00577,2,13800.0,0.01,27600.0,2104.77
183614,Invalid Foreign Key: Product_ID,OI00183613,O0083613,P00614,4,2775.0,0.03,11100.0,829.38
183639,Invalid Foreign Key: Order_ID,OI00183638,O0083638,P00639,4,7150.0,0.0,28600.0,2203.06
183751,Invalid Foreign Key: Order_ID,OI00183750,O0083750,P00751,1,9250.0,0.0,9250.0,712.53
183842,Invalid Foreign Key: Product_ID,OI00183841,O0083841,P00842,2,7675.0,0.0,15350.0,1182.41
183921,Invalid Foreign Key: Product_ID,OI00183920,O0083920,P00921,1,4000.0,0.02,4000.0,301.96
183935,Invalid Foreign Key: Order_ID,OI00183934,O0083934,P00935,5,6450.0,0.02,32250.0,2434.54
183988,Invalid Foreign Key: Order_ID,OI00183987,O0083987,P00988,3,15725.0,0.06,47175.0,3415.87
183998,Invalid Foreign Key: Product_ID,OI00183997,O0083997,P00998,3,17475.0,0.02,52425.0,3957.54
184047,Negative Value: Quantity; Negative Value: Gross_Amount; Negative Value: Net_Amount,OI00184046,O0084046,P00047,-2,8550.0,0.02,-17100.0,-1290.87
184251,Invalid Foreign Key: Order_ID,OI00184250,O0084250,P00251,1,9250.0,0.03,9250.0,691.15
184307,Invalid Foreign Key: Product_ID,OI00184306,O0084306,P00307,2,1550.0,0.03,3100.0,231.63
184421,Invalid Foreign Key: Product_ID,OI00184420,O0084420,P00421,1,4000.0,0.05,4000.0,292.71
184499,Invalid Foreign Key: Product_ID,OI00184498,O0084498,P00499,4,17650.0,0.06,70600.0,5112.03
184577,Invalid Foreign Key: Product_ID,OI00184576,O0084576,P00577,2,13800.0,0.0,27600.0,2126.03
184614,Invalid Foreign Key: Product_ID,OI00184613,O0084613,P00614,4,2775.0,0.02,11100.0,837.93
184722,Invalid Foreign Key: Order_ID,OI00184721,O0084721,P00722,2,4175.0,0.05,8350.0,611.04
184751,Invalid Foreign Key: Order_ID,OI00184750,O0084750,P00751,1,9250.0,0.06,9250.0,669.78
184842,Invalid Foreign Key: Product_ID,OI00184841,O0084841,P00842,2,7675.0,0.06,15350.0,1111.47
184921,Invalid Foreign Key: Product_ID,OI00184920,O0084920,P00921,1,4000.0,0.01,4000.0,305.04
184985,Invalid Foreign Key: Order_ID,OI00184984,O0084984,P00985,5,15200.0,0.02,76000.0,5737.21
184998,Invalid Foreign Key: Product_ID,OI00184997,O0084997,P00998,3,17475.0,0.01,52425.0,3997.93
185112,Invalid Foreign Key: Order_ID,OI00185111,O9999999,P00112,2,2425.0,0.03,4850.0,362.39
185251,Invalid Foreign Key: Order_ID,OI00185250,O0085250,P00251,1,9250.0,0.02,9250.0,698.28
185297,Invalid Foreign Key: Order_ID,OI00185296,O0085296,P00297,2,17300.0,0.06,34600.0,2505.33
185307,Invalid Foreign Key: Product_ID,OI00185306,O0085306,P00307,2,1550.0,0.02,3100.0,234.02
185421,Invalid Foreign Key: Product_ID,OI00185420,O0085420,P00421,1,4000.0,0.04,4000.0,295.8
185499,Invalid Foreign Key: Product_ID,OI00185498,O0085498,P00499,4,17650.0,0.05,70600.0,5166.42
185509,Invalid Foreign Key: Order_ID,OI00185508,O0085508,P00509,4,1900.0,0.01,7600.0,579.58
185577,Invalid Foreign Key: Product_ID,OI00185576,O0085576,P00577,2,13800.0,0.06,27600.0,1998.47
185614,Invalid Foreign Key: Product_ID,OI00185613,O0085613,P00614,4,2775.0,0.01,11100.0,846.49
185751,Invalid Foreign Key: Order_ID,OI00185750,O0085750,P00751,1,9250.0,0.05,9250.0,676.9
185775,Invalid Foreign Key: Product_ID,OI00185774,O0085774,P99999,5,13450.0,0.01,67250.0,5128.48
185840,Invalid Foreign Key: Order_ID,OI00185839,O0085839,P00840,5,7325.0,0.03,36625.0,2736.6
185842,Invalid Foreign Key: Product_ID,OI00185841,O0085841,P00842,2,7675.0,0.05,15350.0,1123.29
185921,Invalid Foreign Key: Product_ID,OI00185920,O0085920,P00921,1,4000.0,0.0,4000.0,308.12
185982,Invalid Foreign Key: Order_ID,OI00185981,O0085981,P00982,2,14675.0,0.05,29350.0,2147.8
185998,Invalid Foreign Key: Product_ID,OI00185997,O0085997,P00998,3,17475.0,0.0,52425.0,4038.31
186251,Invalid Foreign Key: Order_ID,OI00186250,O0086250,P00251,1,9250.0,0.01,9250.0,705.4
186296,Invalid Foreign Key: Order_ID,OI00186295,O0086295,P00296,1,17125.0,0.04,17125.0,1266.38
186307,Invalid Foreign Key: Product_ID,OI00186306,O0086306,P00307,2,1550.0,0.01,3100.0,236.41
186421,Invalid Foreign Key: Product_ID,OI00186420,O0086420,P00421,1,4000.0,0.03,4000.0,298.88
186499,Invalid Foreign Key: Product_ID,OI00186498,O0086498,P00499,4,17650.0,0.04,70600.0,5220.8
186577,Invalid Foreign Key: Product_ID,OI00186576,O0086576,P00577,2,13800.0,0.05,27600.0,2019.73
186607,Invalid Foreign Key: Order_ID,OI00186606,O0086606,P00607,2,1550.0,0.0,3100.0,238.79
186614,Invalid Foreign Key: Product_ID,OI00186613,O0086613,P00614,4,2775.0,0.0,11100.0,855.04
186751,Invalid Foreign Key: Order_ID,OI00186750,O0086750,P00751,1,9250.0,0.04,9250.0,684.03
186842,Invalid Foreign Key: Product_ID,OI00186841,O0086841,P00842,2,7675.0,0.04,15350.0,1135.12
186921,Invalid Foreign Key: Product_ID,OI00186920,O0086920,P00921,1,4000.0,0.06,4000.0,289.63
186979,Invalid Foreign Key: Order_ID,OI00186978,O0086978,P00979,4,14150.0,0.01,56600.0,4316.31
186998,Invalid Foreign Key: Product_ID,OI00186997,O0086997,P00998,3,17475.0,0.06,52425.0,3796.01
187074,Invalid Foreign Key: Order_ID,OI00187073,O0087073,P00074,4,13275.0,0.05,53100.0,3885.79
187083,Invalid Foreign Key: Order_ID,OI00187082,O0087082,P00083,3,14850.0,0.0,44550.0,3431.7
187251,Invalid Foreign Key: Order_ID,OI00187250,O0087250,P00251,1,9250.0,0.0,9250.0,712.53
187307,Invalid Foreign Key: Product_ID,OI00187306,O0087306,P00307,2,1550.0,0.0,3100.0,238.79
187421,Invalid Foreign Key: Product_ID,OI00187420,O0087420,P00421,1,4000.0,0.02,4000.0,301.96
187499,Invalid Foreign Key: Product_ID,OI00187498,O0087498,P00499,4,17650.0,0.03,70600.0,5275.18
187577,Invalid Foreign Key: Product_ID,OI00187576,O0087576,P00577,2,13800.0,0.04,27600.0,2040.99
187614,Invalid Foreign Key: Product_ID,OI00187613,O0087613,P00614,4,2775.0,0.06,11100.0,803.73
187751,Invalid Foreign Key: Order_ID,OI00187750,O0087750,P00751,1,9250.0,0.03,9250.0,691.15
187842,Invalid Foreign Key: Product_ID,OI00187841,O0087841,P00842,2,7675.0,0.03,15350.0,1146.94
187870,Invalid Foreign Key: Order_ID,OI00187869,O0087869,P00870,5,12575.0,0.03,62875.0,4697.98
187921,Invalid Foreign Key: Product_ID,OI00187920,O0087920,P00921,1,4000.0,0.05,4000.0,292.71
187976,Invalid Foreign Key: Order_ID,OI00187975,O0087975,P00976,1,13625.0,0.04,13625.0,1007.56
187998,Invalid Foreign Key: Product_ID,OI00187997,O0087997,P00998,3,17475.0,0.05,52425.0,3836.39
188041,Invalid Foreign Key: Order_ID,OI00188040,O0088040,P00041,1,7500.0,0.06,7500.0,543.06
188048,Negative Value: Quantity; Negative Value: Gross_Amount; Negative Value: Net_Amount,OI00188047,O0088047,P00048,-2,8725.0,0.06,-17450.0,-1263.53
188251,Invalid Foreign Key: Order_ID,OI00188250,O0088250,P00251,1,9250.0,0.06,9250.0,669.78
188307,Invalid Foreign Key: Product_ID,OI00188306,O0088306,P00307,2,1550.0,0.06,3100.0,224.47
188421,Invalid Foreign Key: Product_ID,OI00188420,O0088420,P00421,1,4000.0,0.01,4000.0,305.04
188499,Invalid Foreign Key: Product_ID,OI00188498,O0088498,P00499,4,17650.0,0.02,70600.0,5329.57
188577,Invalid Foreign Key: Product_ID,OI00188576,O0088576,P00577,2,13800.0,0.03,27600.0,2062.25
188614,Invalid Foreign Key: Product_ID,OI00188613,O0088613,P00614,4,2775.0,0.05,11100.0,812.28
188657,Invalid Foreign Key: Order_ID,OI00188656,O0088656,P00657,2,10300.0,0.06,20600.0,1491.61
188751,Invalid Foreign Key: Order_ID,OI00188750,O0088750,P00751,1,9250.0,0.02,9250.0,698.28
188842,Invalid Foreign Key: Product_ID,OI00188841,O0088841,P00842,2,7675.0,0.02,15350.0,1158.77
188851,Invalid Foreign Key: Order_ID,OI00188850,O0088850,P00851,1,9250.0,0.04,9250.0,684.03
188921,Invalid Foreign Key: Product_ID,OI00188920,O0088920,P00921,1,4000.0,0.04,4000.0,295.8
188973,Invalid Foreign Key: Order_ID,OI00188972,O0088972,P00973,3,13100.0,0.0,39300.0,3027.29
188978,Invalid Foreign Key: Product_ID,OI00188977,O0088977,P99999,3,13975.0,0.05,41925.0,3068.02
188998,Invalid Foreign Key: Product_ID,OI00188997,O0088997,P00998,3,17475.0,0.04,52425.0,3876.78
189028,Negative Value: Unit_Price; Negative Value: Gross_Amount; Negative Value: Net_Amount,OI00189027,O0089027,P00028,3,-500.0,0.06,-1500.0,-108.61
189251,Invalid Foreign Key: Order_ID,OI00189250,O0089250,P00251,1,9250.0,0.05,9250.0,676.9
189307,Invalid Foreign Key: Product_ID,OI00189306,O0089306,P00307,2,1550.0,0.05,3100.0,226.85
189421,Invalid Foreign Key: Product_ID,OI00189420,O0089420,P00421,1,4000.0,0.0,4000.0,308.12
189444,Invalid Foreign Key: Order_ID,OI00189443,O0089443,P00444,4,8025.0,0.02,32100.0,2423.22
189499,Invalid Foreign Key: Product_ID,OI00189498,O0089498,P00499,4,17650.0,0.01,70600.0,5383.95
189577,Invalid Foreign Key: Product_ID,OI00189576,O0089576,P00577,2,13800.0,0.02,27600.0,2083.51
189614,Invalid Foreign Key: Product_ID,OI00189613,O0089613,P00614,4,2775.0,0.04,11100.0,820.83
189751,Invalid Foreign Key: Order_ID,OI00189750,O0089750,P00751,1,9250.0,0.01,9250.0,705.4
189842,Invalid Foreign Key: Product_ID,OI00189841,O0089841,P00842,2,7675.0,0.01,15350.0,1170.59
189921,Invalid Foreign Key: Product_ID,OI00189920,O0089920,P00921,1,4000.0,0.03,4000.0,298.88
189938,Invalid Foreign Key: Order_ID,OI00189937,O0089937,P00938,3,6975.0,0.06,20925.0,1515.15
189970,Invalid Foreign Key: Order_ID,OI00189969,O0089969,P00970,5,12575.0,0.03,62875.0,4697.98
189998,Invalid Foreign Key: Product_ID,OI00189997,O0089997,P00998,3,17475.0,0.03,52425.0,3917.16
190064,Invalid Foreign Key: Order_ID,OI00190063,O0090063,P00064,4,11525.0,0.06,46100.0,3338.03
190115,Invalid Foreign Key: Order_ID,OI00190114,O9999999,P00115,5,2950.0,0.01,14750.0,1124.83
190231,Invalid Foreign Key: Order_ID,OI00190230,O0090230,P00231,1,5750.0,0.05,5750.0,420.78
190242,Invalid Foreign Key: Order_ID,OI00190241,O0090241,P00242,2,7675.0,0.02,15350.0,1158.77
190251,Invalid Foreign Key: Order_ID,OI00190250,O0090250,P00251,1,9250.0,0.04,9250.0,684.03
190307,Invalid Foreign Key: Product_ID,OI00190306,O0090306,P00307,2,1550.0,0.04,3100.0,229.24
190421,Invalid Foreign Key: Product_ID,OI00190420,O0090420,P00421,1,4000.0,0.06,4000.0,289.63
190499,Invalid Foreign Key: Product_ID,OI00190498,O0090498,P00499,4,17650.0,0.0,70600.0,5438.33
190577,Invalid Foreign Key: Product_ID,OI00190576,O0090576,P00577,2,13800.0,0.01,27600.0,2104.77
190614,Invalid Foreign Key: Product_ID,OI00190613,O0090613,P00614,4,2775.0,0.03,11100.0,829.38
190628,Invalid Foreign Key: Order_ID,OI00190627,O0090627,P00628,3,5225.0,0.03,15675.0,1171.23
190751,Invalid Foreign Key: Order_ID,OI00190750,O0090750,P00751,1,9250.0,0.0,9250.0,712.53
190842,Invalid Foreign Key: Product_ID,OI00190841,O0090841,P00842,2,7675.0,0.0,15350.0,1182.41
190921,Invalid Foreign Key: Product_ID,OI00190920,O0090920,P00921,1,4000.0,0.02,4000.0,301.96
190967,Invalid Foreign Key: Order_ID,OI00190966,O0090966,P00967,2,12050.0,0.06,24100.0,1745.04
190998,Invalid Foreign Key: Product_ID,OI00190997,O0090997,P00998,3,17475.0,0.02,52425.0,3957.54
191018,Invalid Foreign Key: Order_ID,OI00191017,O0091017,P00018,3,3475.0,0.01,10425.0,795.01
191251,Invalid Foreign Key: Order_ID,OI00191250,O0091250,P00251,1,9250.0,0.03,9250.0,691.15
191307,Invalid Foreign Key: Product_ID,OI00191306,O0091306,P00307,2,1550.0,0.03,3100.0,231.63
191421,Invalid Foreign Key: Product_ID,OI00191420,O0091420,P00421,1,4000.0,0.05,4000.0,292.71
191499,Invalid Foreign Key: Product_ID,OI00191498,O0091498,P00499,4,17650.0,0.06,70600.0,5112.03
191577,Invalid Foreign Key: Product_ID,OI00191576,O0091576,P00577,2,13800.0,0.0,27600.0,2126.03
191614,Invalid Foreign Key: Product_ID,OI00191613,O0091613,P00614,4,2775.0,0.02,11100.0,837.93
191751,Invalid Foreign Key: Order_ID,OI00191750,O0091750,P00751,1,9250.0,0.06,9250.0,669.78
191805,Invalid Foreign Key: Order_ID,OI00191804,O0091804,P00805,5,1200.0,0.04,6000.0,443.69
191842,Invalid Foreign Key: Product_ID,OI00191841,O0091841,P00842,2,7675.0,0.06,15350.0,1111.47
191921,Invalid Foreign Key: Product_ID,OI00191920,O0091920,P00921,1,4000.0,0.01,4000.0,305.04
191964,Invalid Foreign Key: Order_ID,OI00191963,O0091963,P00964,4,11525.0,0.02,46100.0,3480.07
191998,Invalid Foreign Key: Product_ID,OI00191997,O0091997,P00998,3,17475.0,0.01,52425.0,3997.93
192049,Negative Value: Quantity; Negative Value: Gross_Amount; Negative Value: Net_Amount,OI00192048,O0092048,P00049,-2,8900.0,0.03,-17800.0,-1330.0
192181,Invalid Foreign Key: Product_ID,OI00192180,O0092180,P99999,1,14500.0,0.02,14500.0,1094.6
192251,Invalid Foreign Key: Order_ID,OI00192250,O0092250,P00251,1,9250.0,0.02,9250.0,698.28
192307,Invalid Foreign Key: Product_ID,OI00192306,O0092306,P00307,2,1550.0,0.02,3100.0,234.02
192405,Invalid Foreign Key: Order_ID,OI00192404,O0092404,P00405,5,1200.0,0.02,6000.0,452.94
192421,Invalid Foreign Key: Product_ID,OI00192420,O0092420,P00421,1,4000.0,0.04,4000.0,295.8
192443,Invalid Foreign Key: Order_ID,OI00192442,O0092442,P00443,3,7850.0,0.05,23550.0,1723.36
192499,Invalid Foreign Key: Product_ID,OI00192498,O0092498,P00499,4,17650.0,0.05,70600.0,5166.42
192577,Invalid Foreign Key: Product_ID,OI00192576,O0092576,P00577,2,13800.0,0.06,27600.0,1998.47
192592,Invalid Foreign Key: Order_ID,OI00192591,O0092591,P00592,2,16425.0,0.0,32850.0,2530.44
192614,Invalid Foreign Key: Product_ID,OI00192613,O0092613,P00614,4,2775.0,0.01,11100.0,846.49
192751,Invalid Foreign Key: Order_ID,OI00192750,O0092750,P00751,1,9250.0,0.05,9250.0,676.9
192842,Invalid Foreign Key: Product_ID,OI00192841,O0092841,P00842,2,7675.0,0.05,15350.0,1123.29
192921,Invalid Foreign Key: Product_ID,OI00192920,O0092920,P00921,1,4000.0,0.0,4000.0,308.12
192961,Invalid Foreign Key: Order_ID,OI00192960,O0092960,P00961,1,11000.0,0.05,11000.0,804.97
192998,Invalid Foreign Key: Product_ID,OI00192997,O0092997,P00998,3,17475.0,0.0,52425.0,4038.31
193251,Invalid Foreign Key: Order_ID,OI00193250,O0093250,P00251,1,9250.0,0.01,9250.0,705.4
193269,Invalid Foreign Key: Order_ID,OI00193268,O0093268,P00269,4,12400.0,0.05,49600.0,3629.66
193307,Invalid Foreign Key: Product_ID,OI00193306,O0093306,P00307,2,1550.0,0.01,3100.0,236.41
193379,Invalid Foreign Key: Order_ID,OI00193378,O0093378,P00379,4,14150.0,0.03,56600.0,4229.11
193421,Invalid Foreign Key: Product_ID,OI00193420,O0093420,P00421,1,4000.0,0.03,4000.0,298.88
193499,Invalid Foreign Key: Product_ID,OI00193498,O0093498,P00499,4,17650.0,0.04,70600.0,5220.8
193577,Invalid Foreign Key: Product_ID,OI00193576,O0093576,P00577,2,13800.0,0.05,27600.0,2019.73
193614,Invalid Foreign Key: Product_ID,OI00193613,O0093613,P00614,4,2775.0,0.0,11100.0,855.04
193751,Invalid Foreign Key: Order_ID,OI00193750,O0093750,P00751,1,9250.0,0.04,9250.0,684.03
193842,Invalid Foreign Key: Product_ID,OI00193841,O0093841,P00842,2,7675.0,0.04,15350.0,1135.12
193921,Invalid Foreign Key: Product_ID,OI00193920,O0093920,P00921,1,4000.0,0.06,4000.0,289.63
193958,Invalid Foreign Key: Order_ID,OI00193957,O0093957,P00958,3,10475.0,0.01,31425.0,2396.47
193998,Invalid Foreign Key: Product_ID,OI00193997,O0093997,P00998,3,17475.0,0.06,52425.0,3796.01
194166,Invalid Foreign Key: Order_ID,OI00194165,O0094165,P00166,1,11875.0,0.06,11875.0,859.85
194182,Invalid Foreign Key: Order_ID,OI00194181,O0094181,P00182,2,14675.0,0.01,29350.0,2238.23
194251,Invalid Foreign Key: Order_ID,OI00194250,O0094250,P00251,1,9250.0,0.0,9250.0,712.53
194307,Invalid Foreign Key: Product_ID,OI00194306,O0094306,P00307,2,1550.0,0.0,3100.0,238.79
194421,Invalid Foreign Key: Product_ID,OI00194420,O0094420,P00421,1,4000.0,0.02,4000.0,301.96
194499,Invalid Foreign Key: Product_ID,OI00194498,O0094498,P00499,4,17650.0,0.03,70600.0,5275.18
194577,Invalid Foreign Key: Product_ID,OI00194576,O0094576,P00577,2,13800.0,0.04,27600.0,2040.99
194614,Invalid Foreign Key: Product_ID,OI00194613,O0094613,P00614,4,2775.0,0.06,11100.0,803.73
194644,Invalid Foreign Key: Order_ID,OI00194643,O0094643,P00644,4,8025.0,0.01,32100.0,2447.94
194751,Invalid Foreign Key: Order_ID,OI00194750,O0094750,P00751,1,9250.0,0.03,9250.0,691.15
194842,Invalid Foreign Key: Product_ID,OI00194841,O0094841,P00842,2,7675.0,0.03,15350.0,1146.94
194921,Invalid Foreign Key: Product_ID,OI00194920,O0094920,P00921,1,4000.0,0.05,4000.0,292.71
194953,Invalid Foreign Key: Order_ID,OI00194952,O0094952,P00953,3,9600.0,0.02,28800.0,2174.1
194955,Invalid Foreign Key: Order_ID,OI00194954,O0094954,P00955,5,9950.0,0.04,49750.0,3678.96
194998,Invalid Foreign Key: Product_ID,OI00194997,O0094997,P00998,3,17475.0,0.05,52425.0,3836.39
195118,Invalid Foreign Key: Order_ID,OI00195117,O9999999,P00118,3,3475.0,0.06,10425.0,754.86
195251,Invalid Foreign Key: Order_ID,OI00195250,O0095250,P00251,1,9250.0,0.06,9250.0,669.78
195307,Invalid Foreign Key: Product_ID,OI00195306,O0095306,P00307,2,1550.0,0.06,3100.0,224.47
195384,Invalid Foreign Key: Product_ID,OI00195383,O0095383,P99999,4,15025.0,0.06,60100.0,4351.75
195421,Invalid Foreign Key: Product_ID,OI00195420,O0095420,P00421,1,4000.0,0.01,4000.0,305.04
195499,Invalid Foreign Key: Product_ID,OI00195498,O0095498,P00499,4,17650.0,0.02,70600.0,5329.57
195577,Invalid Foreign Key: Product_ID,OI00195576,O0095576,P00577,2,13800.0,0.03,27600.0,2062.25
195614,Invalid Foreign Key: Product_ID,OI00195613,O0095613,P00614,4,2775.0,0.05,11100.0,812.28
195740,Invalid Foreign Key: Order_ID,OI00195739,O0095739,P00740,5,7325.0,0.05,36625.0,2680.17
195751,Invalid Foreign Key: Order_ID,OI00195750,O0095750,P00751,1,9250.0,0.02,9250.0,698.28
195842,Invalid Foreign Key: Product_ID,OI00195841,O0095841,P00842,2,7675.0,0.02,15350.0,1158.77
195921,Invalid Foreign Key: Product_ID,OI00195920,O0095920,P00921,1,4000.0,0.04,4000.0,295.8
195952,Invalid Foreign Key: Order_ID,OI00195951,O0095951,P00952,2,9425.0,0.0,18850.0,1452.02
195959,Invalid Foreign Key: Order_ID,OI00195958,O0095958,P00959,4,10650.0,0.0,42600.0,3281.49
195998,Invalid Foreign Key: Product_ID,OI00195997,O0095997,P00998,3,17475.0,0.04,52425.0,3876.78
196029,Negative Value: Unit_Price; Negative Value: Gross_Amount; Negative Value: Net_Amount,OI00196028,O0096028,P00029,4,-500.0,0.0,-2000.0,-154.06
196050,Negative Value: Quantity; Negative Value: Gross_Amount; Negative Value: Net_Amount,OI00196049,O0096049,P00050,-2,9075.0,0.0,-18150.0,-1398.1
196251,Invalid Foreign Key: Order_ID,OI00196250,O0096250,P00251,1,9250.0,0.05,9250.0,676.9
196307,Invalid Foreign Key: Product_ID,OI00196306,O0096306,P00307,2,1550.0,0.05,3100.0,226.85
196421,Invalid Foreign Key: Product_ID,OI00196420,O0096420,P00421,1,4000.0,0.0,4000.0,308.12
196499,Invalid Foreign Key: Product_ID,OI00196498,O0096498,P00499,4,17650.0,0.01,70600.0,5383.95
196527,Invalid Foreign Key: Order_ID,OI00196526,O0096526,P00527,2,5050.0,0.01,10100.0,770.23
196577,Invalid Foreign Key: Product_ID,OI00196576,O0096576,P00577,2,13800.0,0.02,27600.0,2083.51
196600,Invalid Foreign Key: Order_ID,OI00196599,O0096599,P00600,5,17825.0,0.04,89125.0,6590.71
196614,Invalid Foreign Key: Product_ID,OI00196613,O0096613,P00614,4,2775.0,0.04,11100.0,820.83
196751,Invalid Foreign Key: Order_ID,OI00196750,O0096750,P00751,1,9250.0,0.01,9250.0,705.4
196842,Invalid Foreign Key: Product_ID,OI00196841,O0096841,P00842,2,7675.0,0.01,15350.0,1170.59
196845,Invalid Foreign Key: Order_ID,OI00196844,O0096844,P00845,5,8200.0,0.04,41000.0,3031.91
196921,Invalid Foreign Key: Product_ID,OI00196920,O0096920,P00921,1,4000.0,0.03,4000.0,298.88
196949,Invalid Foreign Key: Order_ID,OI00196948,O0096948,P00949,4,8900.0,0.03,35600.0,2660.01
196998,Invalid Foreign Key: Product_ID,OI00196997,O0096997,P00998,3,17475.0,0.03,52425.0,3917.16
197251,Invalid Foreign Key: Order_ID,OI00197250,O0097250,P00251,1,9250.0,0.04,9250.0,684.03
197307,Invalid Foreign Key: Product_ID,OI00197306,O0097306,P00307,2,1550.0,0.04,3100.0,229.24
197314,Invalid Foreign Key: Order_ID,OI00197313,O0097313,P00314,4,2775.0,0.04,11100.0,820.83
197421,Invalid Foreign Key: Product_ID,OI00197420,O0097420,P00421,1,4000.0,0.06,4000.0,289.63
197499,Invalid Foreign Key: Product_ID,OI00197498,O0097498,P00499,4,17650.0,0.0,70600.0,5438.33
197577,Invalid Foreign Key: Product_ID,OI00197576,O0097576,P00577,2,13800.0,0.01,27600.0,2104.77
197614,Invalid Foreign Key: Product_ID,OI00197613,O0097613,P00614,4,2775.0,0.03,11100.0,829.38
197736,Invalid Foreign Key: Order_ID,OI00197735,O0097735,P00736,1,6625.0,0.06,6625.0,479.71
197751,Invalid Foreign Key: Order_ID,OI00197750,O0097750,P00751,1,9250.0,0.0,9250.0,712.53
197842,Invalid Foreign Key: Product_ID,OI00197841,O0097841,P00842,2,7675.0,0.0,15350.0,1182.41
197921,Invalid Foreign Key: Product_ID,OI00197920,O0097920,P00921,1,4000.0,0.02,4000.0,301.96
197946,Invalid Foreign Key: Order_ID,OI00197945,O0097945,P00946,1,8375.0,0.06,8375.0,606.42
197998,Invalid Foreign Key: Product_ID,OI00197997,O0097997,P00998,3,17475.0,0.02,52425.0,3957.54
198101,Invalid Foreign Key: Order_ID,OI00198100,O0098100,P00101,1,500.0,0.0,500.0,38.52
198251,Invalid Foreign Key: Order_ID,OI00198250,O0098250,P00251,1,9250.0,0.03,9250.0,691.15
198307,Invalid Foreign Key: Product_ID,OI00198306,O0098306,P00307,2,1550.0,0.03,3100.0,231.63
198421,Invalid Foreign Key: Product_ID,OI00198420,O0098420,P00421,1,4000.0,0.05,4000.0,292.71
198499,Invalid Foreign Key: Product_ID,OI00198498,O0098498,P00499,4,17650.0,0.06,70600.0,5112.03
198577,Invalid Foreign Key: Product_ID,OI00198576,O0098576,P00577,2,13800.0,0.0,27600.0,2126.03
198587,Invalid Foreign Key: Product_ID,OI00198586,O0098586,P99999,2,15550.0,0.03,31100.0,2323.77
198614,Invalid Foreign Key: Product_ID,OI00198613,O0098613,P00614,4,2775.0,0.02,11100.0,837.93
198751,Invalid Foreign Key: Order_ID,OI00198750,O0098750,P00751,1,9250.0,0.06,9250.0,669.78
198842,Invalid Foreign Key: Product_ID,OI00198841,O0098841,P00842,2,7675.0,0.06,15350.0,1111.47
198888,Invalid Foreign Key: Order_ID,OI00198887,O0098887,P00888,3,15725.0,0.03,47175.0,3524.88
198921,Invalid Foreign Key: Product_ID,OI00198920,O0098920,P00921,1,4000.0,0.01,4000.0,305.04
198943,Invalid Foreign Key: Order_ID,OI00198942,O0098942,P00943,3,7850.0,0.02,23550.0,1777.78
198998,Invalid Foreign Key: Product_ID,OI00198997,O0098997,P00998,3,17475.0,0.01,52425.0,3997.93
199046,Invalid Foreign Key: Order_ID,OI00199045,O0099045,P00046,1,8375.0,0.0,8375.0,645.13
199251,Invalid Foreign Key: Order_ID,OI00199250,O0099250,P00251,1,9250.0,0.02,9250.0,698.28
199307,Invalid Foreign Key: Product_ID,OI00199306,O0099306,P00307,2,1550.0,0.02,3100.0,234.02
199421,Invalid Foreign Key: Product_ID,OI00199420,O0099420,P00421,1,4000.0,0.04,4000.0,295.8
199499,Invalid Foreign Key: Product_ID,OI00199498,O0099498,P00499,4,17650.0,0.05,70600.0,5166.42
199513,Invalid Foreign Key: Order_ID,OI00199512,O0099512,P00513,3,2600.0,0.05,7800.0,570.79
199577,Invalid Foreign Key: Product_ID,OI00199576,O0099576,P00577,2,13800.0,0.06,27600.0,1998.47
199614,Invalid Foreign Key: Product_ID,OI00199613,O0099613,P00614,4,2775.0,0.01,11100.0,846.49
199675,Invalid Foreign Key: Order_ID,OI00199674,O0099674,P00675,5,13450.0,0.06,67250.0,4869.47
199751,Invalid Foreign Key: Order_ID,OI00199750,O0099750,P00751,1,9250.0,0.05,9250.0,676.9
199842,Invalid Foreign Key: Product_ID,OI00199841,O0099841,P00842,2,7675.0,0.05,15350.0,1123.29
199921,Invalid Foreign Key: Product_ID,OI00199920,O0099920,P00921,1,4000.0,0.0,4000.0,308.12
199931,Invalid Foreign Key: Order_ID,OI00199930,O0099930,P00931,1,5750.0,0.03,5750.0,429.64
199940,Invalid Foreign Key: Order_ID,OI00199939,O0099939,P00940,5,7325.0,0.05,36625.0,2680.17
199998,Invalid Foreign Key: Product_ID,OI00199997,O0099997,P00998,3,17475.0,0.0,52425.0,4038.31
200051,Negative Value: Quantity; Negative Value: Gross_Amount; Negative Value: Net_Amount,OI00200050,O0000050,P00051,-2,9250.0,0.04,-18500.0,-1368.06
200121,Invalid Foreign Key: Order_ID,OI00200120,O9999999,P00121,1,4000.0,0.04,4000.0,295.8
200251,Invalid Foreign Key: Order_ID,OI00200250,O0000250,P00251,1,9250.0,0.01,9250.0,705.4
200307,Invalid Foreign Key: Product_ID,OI00200306,O0000306,P00307,2,1550.0,0.01,3100.0,236.41
200421,Invalid Foreign Key: Product_ID,OI00200420,O0000420,P00421,1,4000.0,0.03,4000.0,298.88
200499,Invalid Foreign Key: Product_ID,OI00200498,O0000498,P00499,4,17650.0,0.04,70600.0,5220.8
200577,Invalid Foreign Key: Product_ID,OI00200576,O0000576,P00577,2,13800.0,0.05,27600.0,2019.73
200614,Invalid Foreign Key: Product_ID,OI00200613,O0000613,P00614,4,2775.0,0.0,11100.0,855.04
200751,Invalid Foreign Key: Order_ID,OI00200750,O0000750,P00751,1,9250.0,0.04,9250.0,684.03
200787,Invalid Foreign Key: Order_ID,OI00200786,O0000786,P00787,2,15550.0,0.05,31100.0,2275.86
200842,Invalid Foreign Key: Product_ID,OI00200841,O0000841,P00842,2,7675.0,0.04,15350.0,1135.12
200921,Invalid Foreign Key: Product_ID,OI00200920,O0000920,P00921,1,4000.0,0.06,4000.0,289.63
200997,Invalid Foreign Key: Order_ID,OI00200996,O0000996,P00997,2,17300.0,0.05,34600.0,2531.98
200998,Invalid Foreign Key: Product_ID,OI00200997,O0000997,P00998,3,17475.0,0.06,52425.0,3796.01
201251,Invalid Foreign Key: Order_ID,OI00201250,O0001250,P00251,1,9250.0,0.0,9250.0,712.53
201307,Invalid Foreign Key: Product_ID,OI00201306,O0001306,P00307,2,1550.0,0.0,3100.0,238.79
201421,Invalid Foreign Key: Product_ID,OI00201420,O0001420,P00421,1,4000.0,0.02,4000.0,301.96
201499,Invalid Foreign Key: Product_ID,OI00201498,O0001498,P00499,4,17650.0,0.03,70600.0,5275.18
201574,Invalid Foreign Key: Order_ID,OI00201573,O0001573,P00574,4,13275.0,0.01,53100.0,4049.4
201577,Invalid Foreign Key: Product_ID,OI00201576,O0001576,P00577,2,13800.0,0.04,27600.0,2040.99
201614,Invalid Foreign Key: Product_ID,OI00201613,O0001613,P00614,4,2775.0,0.06,11100.0,803.73
201751,Invalid Foreign Key: Order_ID,OI00201750,O0001750,P00751,1,9250.0,0.03,9250.0,691.15
201778,Invalid Foreign Key: Order_ID,OI00201777,O0001777,P00778,3,13975.0,0.02,41925.0,3164.9
201790,Invalid Foreign Key: Product_ID,OI00201789,O0001789,P99999,5,16075.0,0.0,80375.0,6191.31
201842,Invalid Foreign Key: Product_ID,OI00201841,O0001841,P00842,2,7675.0,0.03,15350.0,1146.94
201921,Invalid Foreign Key: Product_ID,OI00201920,O0001920,P00921,1,4000.0,0.05,4000.0,292.71
201994,Invalid Foreign Key: Order_ID,OI00201993,O0001993,P00994,4,16775.0,0.01,67100.0,5117.04
201998,Invalid Foreign Key: Product_ID,OI00201997,O0001997,P00998,3,17475.0,0.05,52425.0,3836.39
202202,Invalid Foreign Key: Order_ID,OI00202201,O0002201,P00202,2,675.0,0.06,1350.0,97.75
202251,Invalid Foreign Key: Order_ID,OI00202250,O0002250,P00251,1,9250.0,0.06,9250.0,669.78
202307,Invalid Foreign Key: Product_ID,OI00202306,O0002306,P00307,2,1550.0,0.06,3100.0,224.47
202361,Invalid Foreign Key: Order_ID,OI00202360,O0002360,P00361,1,11000.0,0.04,11000.0,813.44
202421,Invalid Foreign Key: Product_ID,OI00202420,O0002420,P00421,1,4000.0,0.01,4000.0,305.04
202499,Invalid Foreign Key: Product_ID,OI00202498,O0002498,P00499,4,17650.0,0.02,70600.0,5329.57
202577,Invalid Foreign Key: Product_ID,OI00202576,O0002576,P00577,2,13800.0,0.03,27600.0,2062.25
202614,Invalid Foreign Key: Product_ID,OI00202613,O0002613,P00614,4,2775.0,0.05,11100.0,812.28
202751,Invalid Foreign Key: Order_ID,OI00202750,O0002750,P00751,1,9250.0,0.02,9250.0,698.28
202842,Invalid Foreign Key: Product_ID,OI00202841,O0002841,P00842,2,7675.0,0.02,15350.0,1158.77
202921,Invalid Foreign Key: Product_ID,OI00202920,O0002920,P00921,1,4000.0,0.04,4000.0,295.8
202991,Invalid Foreign Key: Order_ID,OI00202990,O0002990,P00991,1,16250.0,0.04,16250.0,1201.67
202998,Invalid Foreign Key: Product_ID,OI00202997,O0002997,P00998,3,17475.0,0.04,52425.0,3876.78
203030,Negative Value: Unit_Price; Negative Value: Gross_Amount; Negative Value: Net_Amount,OI00203029,O0003029,P00030,5,-500.0,0.01,-2500.0,-190.65
203148,Invalid Foreign Key: Order_ID,OI00203147,O0003147,P00148,3,8725.0,0.0,26175.0,2016.27
203251,Invalid Foreign Key: Order_ID,OI00203250,O0003250,P00251,1,9250.0,0.05,9250.0,676.9
203307,Invalid Foreign Key: Product_ID,OI00203306,O0003306,P00307,2,1550.0,0.05,3100.0,226.85
203332,Invalid Foreign Key: Order_ID,OI00203331,O0003331,P00332,2,5925.0,0.02,11850.0,894.55
203421,Invalid Foreign Key: Product_ID,OI00203420,O0003420,P00421,1,4000.0,0.0,4000.0,308.12
203499,Invalid Foreign Key: Product_ID,OI00203498,O0003498,P00499,4,17650.0,0.01,70600.0,5383.95
203555,Invalid Foreign Key: Order_ID,OI00203554,O0003554,P00555,5,9950.0,0.01,49750.0,3793.93
203577,Invalid Foreign Key: Product_ID,OI00203576,O0003576,P00577,2,13800.0,0.02,27600.0,2083.51
203614,Invalid Foreign Key: Product_ID,OI00203613,O0003613,P00614,4,2775.0,0.04,11100.0,820.83
203751,Invalid Foreign Key: Order_ID,OI00203750,O0003750,P00751,1,9250.0,0.01,9250.0,705.4
203842,Invalid Foreign Key: Product_ID,OI00203841,O0003841,P00842,2,7675.0,0.01,15350.0,1170.59
203921,Invalid Foreign Key: Product_ID,OI00203920,O0003920,P00921,1,4000.0,0.03,4000.0,298.88
203935,Invalid Foreign Key: Order_ID,OI00203934,O0003934,P00935,5,6450.0,0.03,32250.0,2409.7
203988,Invalid Foreign Key: Order_ID,OI00203987,O0003987,P00988,3,15725.0,0.0,47175.0,3633.9
203998,Invalid Foreign Key: Product_ID,OI00203997,O0003997,P00998,3,17475.0,0.03,52425.0,3917.16
204052,Negative Value: Quantity; Negative Value: Gross_Amount; Negative Value: Net_Amount,OI00204051,O0004051,P00052,-2,9425.0,0.01,-18850.0,-1437.5
204251,Invalid Foreign Key: Order_ID,OI00204250,O0004250,P00251,1,9250.0,0.04,9250.0,684.03
204307,Invalid Foreign Key: Product_ID,OI00204306,O0004306,P00307,2,1550.0,0.04,3100.0,229.24
204403,Invalid Foreign Key: Order_ID,OI00204402,O0004402,P00403,3,850.0,0.02,2550.0,192.5
204421,Invalid Foreign Key: Product_ID,OI00204420,O0004420,P00421,1,4000.0,0.06,4000.0,289.63
204499,Invalid Foreign Key: Product_ID,OI00204498,O0004498,P00499,4,17650.0,0.0,70600.0,5438.33
204577,Invalid Foreign Key: Product_ID,OI00204576,O0004576,P00577,2,13800.0,0.01,27600.0,2104.77
204614,Invalid Foreign Key: Product_ID,OI00204613,O0004613,P00614,4,2775.0,0.03,11100.0,829.38
204722,Invalid Foreign Key: Order_ID,OI00204721,O0004721,P00722,2,4175.0,0.06,8350.0,604.61
204751,Invalid Foreign Key: Order_ID,OI00204750,O0004750,P00751,1,9250.0,0.0,9250.0,712.53
204842,Invalid Foreign Key: Product_ID,OI00204841,O0004841,P00842,2,7675.0,0.0,15350.0,1182.41
204921,Invalid Foreign Key: Product_ID,OI00204920,O0004920,P00921,1,4000.0,0.02,4000.0,301.96
204985,Invalid Foreign Key: Order_ID,OI00204984,O0004984,P00985,5,15200.0,0.03,76000.0,5678.67
204993,Invalid Foreign Key: Product_ID,OI00204992,O0004992,P99999,3,16600.0,0.04,49800.0,3682.66
204998,Invalid Foreign Key: Product_ID,OI00204997,O0004997,P00998,3,17475.0,0.02,52425.0,3957.54
205124,Invalid Foreign Key: Order_ID,OI00205123,O9999999,P00124,4,4525.0,0.02,18100.0,1366.36
205251,Invalid Foreign Key: Order_ID,OI00205250,O0005250,P00251,1,9250.0,0.03,9250.0,691.15
205307,Invalid Foreign Key: Product_ID,OI00205306,O0005306,P00307,2,1550.0,0.03,3100.0,231.63
205332,Invalid Foreign Key: Order_ID,OI00205331,O0005331,P00332,2,5925.0,0.0,11850.0,912.81
205421,Invalid Foreign Key: Product_ID,OI00205420,O0005420,P00421,1,4000.0,0.05,4000.0,292.71
205499,Invalid Foreign Key: Product_ID,OI00205498,O0005498,P00499,4,17650.0,0.06,70600.0,5112.03
205509,Invalid Foreign Key: Order_ID,OI00205508,O0005508,P00509,4,1900.0,0.02,7600.0,573.72
205577,Invalid Foreign Key: Product_ID,OI00205576,O0005576,P00577,2,13800.0,0.0,27600.0,2126.03
205614,Invalid Foreign Key: Product_ID,OI00205613,O0005613,P00614,4,2775.0,0.02,11100.0,837.93
205751,Invalid Foreign Key: Order_ID,OI00205750,O0005750,P00751,1,9250.0,0.06,9250.0,669.78
205842,Invalid Foreign Key: Product_ID,OI00205841,O0005841,P00842,2,7675.0,0.06,15350.0,1111.47
205921,Invalid Foreign Key: Product_ID,OI00205920,O0005920,P00921,1,4000.0,0.01,4000.0,305.04
205982,Invalid Foreign Key: Order_ID,OI00205981,O0005981,P00982,2,14675.0,0.06,29350.0,2125.19
205998,Invalid Foreign Key: Product_ID,OI00205997,O0005997,P00998,3,17475.0,0.01,52425.0,3997.93
206251,Invalid Foreign Key: Order_ID,OI00206250,O0006250,P00251,1,9250.0,0.02,9250.0,698.28
206296,Invalid Foreign Key: Order_ID,OI00206295,O0006295,P00296,1,17125.0,0.05,17125.0,1253.19
206307,Invalid Foreign Key: Product_ID,OI00206306,O0006306,P00307,2,1550.0,0.02,3100.0,234.02
206421,Invalid Foreign Key: Product_ID,OI00206420,O0006420,P00421,1,4000.0,0.04,4000.0,295.8
206499,Invalid Foreign Key: Product_ID,OI00206498,O0006498,P00499,4,17650.0,0.05,70600.0,5166.42
206577,Invalid Foreign Key: Product_ID,OI00206576,O0006576,P00577,2,13800.0,0.06,27600.0,1998.47
206604,Invalid Foreign Key: Order_ID,OI00206603,O0006603,P00604,4,1025.0,0.05,4100.0,300.03
206614,Invalid Foreign Key: Product_ID,OI00206613,O0006613,P00614,4,2775.0,0.01,11100.0,846.49
206663,Invalid Foreign Key: Order_ID,OI00206662,O0006662,P00663,3,11350.0,0.01,34050.0,2596.65
206751,Invalid Foreign Key: Order_ID,OI00206750,O0006750,P00751,1,9250.0,0.05,9250.0,676.9
206842,Invalid Foreign Key: Product_ID,OI00206841,O0006841,P00842,2,7675.0,0.05,15350.0,1123.29
206921,Invalid Foreign Key: Product_ID,OI00206920,O0006920,P00921,1,4000.0,0.0,4000.0,308.12
206979,Invalid Foreign Key: Order_ID,OI00206978,O0006978,P00979,4,14150.0,0.02,56600.0,4272.71
206998,Invalid Foreign Key: Product_ID,OI00206997,O0006997,P00998,3,17475.0,0.0,52425.0,4038.31
207083,Invalid Foreign Key: Order_ID,OI00207082,O0007082,P00083,3,14850.0,0.01,44550.0,3397.38
207109,Invalid Foreign Key: Order_ID,OI00207108,O0007108,P00109,4,1900.0,0.06,7600.0,550.3
207251,Invalid Foreign Key: Order_ID,OI00207250,O0007250,P00251,1,9250.0,0.01,9250.0,705.4
207307,Invalid Foreign Key: Product_ID,OI00207306,O0007306,P00307,2,1550.0,0.01,3100.0,236.41
207421,Invalid Foreign Key: Product_ID,OI00207420,O0007420,P00421,1,4000.0,0.03,4000.0,298.88
207499,Invalid Foreign Key: Product_ID,OI00207498,O0007498,P00499,4,17650.0,0.04,70600.0,5220.8
207577,Invalid Foreign Key: Product_ID,OI00207576,O0007576,P00577,2,13800.0,0.05,27600.0,2019.73
207614,Invalid Foreign Key: Product_ID,OI00207613,O0007613,P00614,4,2775.0,0.0,11100.0,855.04
207751,Invalid Foreign Key: Order_ID,OI00207750,O0007750,P00751,1,9250.0,0.04,9250.0,684.03
207842,Invalid Foreign Key: Product_ID,OI00207841,O0007841,P00842,2,7675.0,0.04,15350.0,1135.12
207870,Invalid Foreign Key: Order_ID,OI00207869,O0007869,P00870,5,12575.0,0.04,62875.0,4649.54
207921,Invalid Foreign Key: Product_ID,OI00207920,O0007920,P00921,1,4000.0,0.06,4000.0,289.63
207976,Invalid Foreign Key: Order_ID,OI00207975,O0007975,P00976,1,13625.0,0.05,13625.0,997.06
207998,Invalid Foreign Key: Product_ID,OI00207997,O0007997,P00998,3,17475.0,0.06,52425.0,3796.01
208053,Negative Value: Quantity; Negative Value: Gross_Amount; Negative Value: Net_Amount,OI00208052,O0008052,P00053,-2,9600.0,0.05,-19200.0,-1405.03
208196,Invalid Foreign Key: Product_ID,OI00208195,O0008195,P99999,1,17125.0,0.01,17125.0,1305.95
208251,Invalid Foreign Key: Order_ID,OI00208250,O0008250,P00251,1,9250.0,0.0,9250.0,712.53
208307,Invalid Foreign Key: Product_ID,OI00208306,O0008306,P00307,2,1550.0,0.0,3100.0,238.79
208421,Invalid Foreign Key: Product_ID,OI00208420,O0008420,P00421,1,4000.0,0.02,4000.0,301.96
208499,Invalid Foreign Key: Product_ID,OI00208498,O0008498,P00499,4,17650.0,0.03,70600.0,5275.18
208577,Invalid Foreign Key: Product_ID,OI00208576,O0008576,P00577,2,13800.0,0.04,27600.0,2040.99
208614,Invalid Foreign Key: Product_ID,OI00208613,O0008613,P00614,4,2775.0,0.06,11100.0,803.73
208657,Invalid Foreign Key: Order_ID,OI00208656,O0008656,P00657,2,10300.0,0.0,20600.0,1586.82
208751,Invalid Foreign Key: Order_ID,OI00208750,O0008750,P00751,1,9250.0,0.03,9250.0,691.15
208805,Invalid Foreign Key: Order_ID,OI00208804,O0008804,P00805,5,1200.0,0.01,6000.0,457.56
208842,Invalid Foreign Key: Product_ID,OI00208841,O0008841,P00842,2,7675.0,0.03,15350.0,1146.94
208886,Invalid Foreign Key: Order_ID,OI00208885,O0008885,P00886,1,15375.0,0.05,15375.0,1125.12
208921,Invalid Foreign Key: Product_ID,OI00208920,O0008920,P00921,1,4000.0,0.05,4000.0,292.71
208973,Invalid Foreign Key: Order_ID,OI00208972,O0008972,P00973,3,13100.0,0.01,39300.0,2997.02
208998,Invalid Foreign Key: Product_ID,OI00208997,O0008997,P00998,3,17475.0,0.05,52425.0,3836.39
209251,Invalid Foreign Key: Order_ID,OI00209250,O0009250,P00251,1,9250.0,0.06,9250.0,669.78
209307,Invalid Foreign Key: Product_ID,OI00209306,O0009306,P00307,2,1550.0,0.06,3100.0,224.47
209421,Invalid Foreign Key: Product_ID,OI00209420,O0009420,P00421,1,4000.0,0.01,4000.0,305.04
209444,Invalid Foreign Key: Order_ID,OI00209443,O0009443,P00444,4,8025.0,0.03,32100.0,2398.49
209499,Invalid Foreign Key: Product_ID,OI00209498,O0009498,P00499,4,17650.0,0.02,70600.0,5329.57
209577,Invalid Foreign Key: Product_ID,OI00209576,O0009576,P00577,2,13800.0,0.03,27600.0,2062.25
209614,Invalid Foreign Key: Product_ID,OI00209613,O0009613,P00614,4,2775.0,0.05,11100.0,812.28
209751,Invalid Foreign Key: Order_ID,OI00209750,O0009750,P00751,1,9250.0,0.02,9250.0,698.28
209842,Invalid Foreign Key: Product_ID,OI00209841,O0009841,P00842,2,7675.0,0.02,15350.0,1158.77
209921,Invalid Foreign Key: Product_ID,OI00209920,O0009920,P00921,1,4000.0,0.04,4000.0,295.8
209970,Invalid Foreign Key: Order_ID,OI00209969,O0009969,P00970,5,12575.0,0.04,62875.0,4649.54
209994,Invalid Foreign Key: Order_ID,OI00209993,O0009993,P00994,4,16775.0,0.0,67100.0,5168.73
209998,Invalid Foreign Key: Product_ID,OI00209997,O0009997,P00998,3,17475.0,0.04,52425.0,3876.78
210008,Invalid Foreign Key: Order_ID,OI00210007,O0010007,P00008,3,1725.0,0.0,5175.0,398.63
210031,Negative Value: Unit_Price; Negative Value: Gross_Amount; Negative Value: Net_Amount,OI00210030,O0010030,P00031,1,-500.0,0.02,-500.0,-37.74
210127,Invalid Foreign Key: Order_ID,OI00210126,O9999999,P00127,2,5050.0,0.0,10100.0,778.01
210231,Invalid Foreign Key: Order_ID,OI00210230,O0010230,P00231,1,5750.0,0.06,5750.0,416.35
210251,Invalid Foreign Key: Order_ID,OI00210250,O0010250,P00251,1,9250.0,0.05,9250.0,676.9
210307,Invalid Foreign Key: Product_ID,OI00210306,O0010306,P00307,2,1550.0,0.05,3100.0,226.85
210421,Invalid Foreign Key: Product_ID,OI00210420,O0010420,P00421,1,4000.0,0.0,4000.0,308.12
210499,Invalid Foreign Key: Product_ID,OI00210498,O0010498,P00499,4,17650.0,0.01,70600.0,5383.95
210577,Invalid Foreign Key: Product_ID,OI00210576,O0010576,P00577,2,13800.0,0.02,27600.0,2083.51
210614,Invalid Foreign Key: Product_ID,OI00210613,O0010613,P00614,4,2775.0,0.04,11100.0,820.83
210663,Invalid Foreign Key: Order_ID,OI00210662,O0010662,P00663,3,11350.0,0.04,34050.0,2517.96
210751,Invalid Foreign Key: Order_ID,OI00210750,O0010750,P00751,1,9250.0,0.01,9250.0,705.4
210842,Invalid Foreign Key: Product_ID,OI00210841,O0010841,P00842,2,7675.0,0.01,15350.0,1170.59
210921,Invalid Foreign Key: Product_ID,OI00210920,O0010920,P00921,1,4000.0,0.03,4000.0,298.88
210967,Invalid Foreign Key: Order_ID,OI00210966,O0010966,P00967,2,12050.0,0.0,24100.0,1856.43
210998,Invalid Foreign Key: Product_ID,OI00210997,O0010997,P00998,3,17475.0,0.03,52425.0,3917.16
211006,Invalid Foreign Key: Order_ID,OI00211005,O0011005,P00006,1,1375.0,0.04,1375.0,101.68
211018,Invalid Foreign Key: Order_ID,OI00211017,O0011017,P00018,3,3475.0,0.02,10425.0,786.98
211251,Invalid Foreign Key: Order_ID,OI00211250,O0011250,P00251,1,9250.0,0.04,9250.0,684.03
211307,Invalid Foreign Key: Product_ID,OI00211306,O0011306,P00307,2,1550.0,0.04,3100.0,229.24
211399,Invalid Foreign Key: Product_ID,OI00211398,O0011398,P99999,4,17650.0,0.05,70600.0,5166.42
211421,Invalid Foreign Key: Product_ID,OI00211420,O0011420,P00421,1,4000.0,0.06,4000.0,289.63
211499,Invalid Foreign Key: Product_ID,OI00211498,O0011498,P00499,4,17650.0,0.0,70600.0,5438.33
211577,Invalid Foreign Key: Product_ID,OI00211576,O0011576,P00577,2,13800.0,0.01,27600.0,2104.77
211614,Invalid Foreign Key: Product_ID,OI00211613,O0011613,P00614,4,2775.0,0.03,11100.0,829.38
211751,Invalid Foreign Key: Order_ID,OI00211750,O0011750,P00751,1,9250.0,0.0,9250.0,712.53
211805,Invalid Foreign Key: Order_ID,OI00211804,O0011804,P00805,5,1200.0,0.05,6000.0,439.07
211842,Invalid Foreign Key: Product_ID,OI00211841,O0011841,P00842,2,7675.0,0.0,15350.0,1182.41
211921,Invalid Foreign Key: Product_ID,OI00211920,O0011920,P00921,1,4000.0,0.02,4000.0,301.96
211964,Invalid Foreign Key: Order_ID,OI00211963,O0011963,P00964,4,11525.0,0.03,46100.0,3444.56
211998,Invalid Foreign Key: Product_ID,OI00211997,O0011997,P00998,3,17475.0,0.02,52425.0,3957.54
212054,Negative Value: Quantity; Negative Value: Gross_Amount; Negative Value: Net_Amount,OI00212053,O0012053,P00054,-2,9775.0,0.02,-19550.0,-1475.82
212251,Invalid Foreign Key: Order_ID,OI00212250,O0012250,P00251,1,9250.0,0.03,9250.0,691.15
212307,Invalid Foreign Key: Product_ID,OI00212306,O0012306,P00307,2,1550.0,0.03,3100.0,231.63
212421,Invalid Foreign Key: Product_ID,OI00212420,O0012420,P00421,1,4000.0,0.05,4000.0,292.71
212440,Invalid Foreign Key: Order_ID,OI00212439,O0012439,P00440,5,7325.0,0.03,36625.0,2736.6
212499,Invalid Foreign Key: Product_ID,OI00212498,O0012498,P00499,4,17650.0,0.06,70600.0,5112.03
212577,Invalid Foreign Key: Product_ID,OI00212576,O0012576,P00577,2,13800.0,0.0,27600.0,2126.03
212592,Invalid Foreign Key: Order_ID,OI00212591,O0012591,P00592,2,16425.0,0.01,32850.0,2505.14
212614,Invalid Foreign Key: Product_ID,OI00212613,O0012613,P00614,4,2775.0,0.02,11100.0,837.93
212751,Invalid Foreign Key: Order_ID,OI00212750,O0012750,P00751,1,9250.0,0.06,9250.0,669.78
212842,Invalid Foreign Key: Product_ID,OI00212841,O0012841,P00842,2,7675.0,0.06,15350.0,1111.47
212921,Invalid Foreign Key: Product_ID,OI00212920,O0012920,P00921,1,4000.0,0.01,4000.0,305.04
212961,Invalid Foreign Key: Order_ID,OI00212960,O0012960,P00961,1,11000.0,0.06,11000.0,796.49
212998,Invalid Foreign Key: Product_ID,OI00212997,O0012997,P00998,3,17475.0,0.01,52425.0,3997.93
213207,Invalid Foreign Key: Order_ID,OI00213206,O0013206,P00207,2,1550.0,0.0,3100.0,238.79
213251,Invalid Foreign Key: Order_ID,OI00213250,O0013250,P00251,1,9250.0,0.02,9250.0,698.28
213307,Invalid Foreign Key: Product_ID,OI00213306,O0013306,P00307,2,1550.0,0.02,3100.0,234.02
213325,Invalid Foreign Key: Order_ID,OI00213324,O0013324,P00325,5,4700.0,0.06,23500.0,1701.6
213379,Invalid Foreign Key: Order_ID,OI00213378,O0013378,P00379,4,14150.0,0.04,56600.0,4185.51
213421,Invalid Foreign Key: Product_ID,OI00213420,O0013420,P00421,1,4000.0,0.04,4000.0,295.8
213499,Invalid Foreign Key: Product_ID,OI00213498,O0013498,P00499,4,17650.0,0.05,70600.0,5166.42
213577,Invalid Foreign Key: Product_ID,OI00213576,O0013576,P00577,2,13800.0,0.06,27600.0,1998.47
213614,Invalid Foreign Key: Product_ID,OI00213613,O0013613,P00614,4,2775.0,0.01,11100.0,846.49
213751,Invalid Foreign Key: Order_ID,OI00213750,O0013750,P00751,1,9250.0,0.05,9250.0,676.9
213842,Invalid Foreign Key: Product_ID,OI00213841,O0013841,P00842,2,7675.0,0.05,15350.0,1123.29
213921,Invalid Foreign Key: Product_ID,OI00213920,O0013920,P00921,1,4000.0,0.0,4000.0,308.12
213958,Invalid Foreign Key: Order_ID,OI00213957,O0013957,P00958,3,10475.0,0.02,31425.0,2372.26
213998,Invalid Foreign Key: Product_ID,OI00213997,O0013997,P00998,3,17475.0,0.0,52425.0,4038.31
214166,Invalid Foreign Key: Order_ID,OI00214165,O0014165,P00166,1,11875.0,0.0,11875.0,914.73
214217,Invalid Foreign Key: Order_ID,OI00214216,O0014216,P00217,2,3300.0,0.02,6600.0,498.23
214251,Invalid Foreign Key: Order_ID,OI00214250,O0014250,P00251,1,9250.0,0.01,9250.0,705.4
214307,Invalid Foreign Key: Product_ID,OI00214306,O0014306,P00307,2,1550.0,0.01,3100.0,236.41
214421,Invalid Foreign Key: Product_ID,OI00214420,O0014420,P00421,1,4000.0,0.03,4000.0,298.88
214499,Invalid Foreign Key: Product_ID,OI00214498,O0014498,P00499,4,17650.0,0.04,70600.0,5220.8
214577,Invalid Foreign Key: Product_ID,OI00214576,O0014576,P00577,2,13800.0,0.05,27600.0,2019.73
214602,Invalid Foreign Key: Product_ID,OI00214601,O0014601,P99999,2,675.0,0.02,1350.0,101.91
214614,Invalid Foreign Key: Product_ID,OI00214613,O0014613,P00614,4,2775.0,0.0,11100.0,855.04
214751,Invalid Foreign Key: Order_ID,OI00214750,O0014750,P00751,1,9250.0,0.04,9250.0,684.03
214842,Invalid Foreign Key: Product_ID,OI00214841,O0014841,P00842,2,7675.0,0.04,15350.0,1135.12
214921,Invalid Foreign Key: Product_ID,OI00214920,O0014920,P00921,1,4000.0,0.06,4000.0,289.63
214953,Invalid Foreign Key: Order_ID,OI00214952,O0014952,P00953,3,9600.0,0.03,28800.0,2151.92
214955,Invalid Foreign Key: Order_ID,OI00214954,O0014954,P00955,5,9950.0,0.05,49750.0,3640.64
214998,Invalid Foreign Key: Product_ID,OI00214997,O0014997,P00998,3,17475.0,0.06,52425.0,3796.01
215130,Invalid Foreign Key: Order_ID,OI00215129,O9999999,P00130,5,5575.0,0.05,27875.0,2039.86
215251,Invalid Foreign Key: Order_ID,OI00215250,O0015250,P00251,1,9250.0,0.0,9250.0,712.53
215307,Invalid Foreign Key: Product_ID,OI00215306,O0015306,P00307,2,1550.0,0.0,3100.0,238.79
215408,Invalid Foreign Key: Order_ID,OI00215407,O0015407,P00408,3,1725.0,0.03,5175.0,386.67
215421,Invalid Foreign Key: Product_ID,OI00215420,O0015420,P00421,1,4000.0,0.02,4000.0,301.96
215499,Invalid Foreign Key: Product_ID,OI00215498,O0015498,P00499,4,17650.0,0.03,70600.0,5275.18
215577,Invalid Foreign Key: Product_ID,OI00215576,O0015576,P00577,2,13800.0,0.04,27600.0,2040.99
215614,Invalid Foreign Key: Product_ID,OI00215613,O0015613,P00614,4,2775.0,0.06,11100.0,803.73
215740,Invalid Foreign Key: Order_ID,OI00215739,O0015739,P00740,5,7325.0,0.06,36625.0,2651.96
215751,Invalid Foreign Key: Order_ID,OI00215750,O0015750,P00751,1,9250.0,0.03,9250.0,691.15
215842,Invalid Foreign Key: Product_ID,OI00215841,O0015841,P00842,2,7675.0,0.03,15350.0,1146.94
215921,Invalid Foreign Key: Product_ID,OI00215920,O0015920,P00921,1,4000.0,0.05,4000.0,292.71
215952,Invalid Foreign Key: Order_ID,OI00215951,O0015951,P00952,2,9425.0,0.01,18850.0,1437.5
215994,Invalid Foreign Key: Order_ID,OI00215993,O0015993,P00994,4,16775.0,0.01,67100.0,5117.04
215998,Invalid Foreign Key: Product_ID,OI00215997,O0015997,P00998,3,17475.0,0.05,52425.0,3836.39
216055,Negative Value: Quantity; Negative Value: Gross_Amount; Negative Value: Net_Amount,OI00216054,O0016054,P00055,-2,9950.0,0.06,-19900.0,-1440.93
216251,Invalid Foreign Key: Order_ID,OI00216250,O0016250,P00251,1,9250.0,0.06,9250.0,669.78
216307,Invalid Foreign Key: Product_ID,OI00216306,O0016306,P00307,2,1550.0,0.06,3100.0,224.47
216421,Invalid Foreign Key: Product_ID,OI00216420,O0016420,P00421,1,4000.0,0.01,4000.0,305.04
216499,Invalid Foreign Key: Product_ID,OI00216498,O0016498,P00499,4,17650.0,0.02,70600.0,5329.57
216527,Invalid Foreign Key: Order_ID,OI00216526,O0016526,P00527,2,5050.0,0.02,10100.0,762.45
216577,Invalid Foreign Key: Product_ID,OI00216576,O0016576,P00577,2,13800.0,0.03,27600.0,2062.25
216614,Invalid Foreign Key: Product_ID,OI00216613,O0016613,P00614,4,2775.0,0.05,11100.0,812.28
216656,Invalid Foreign Key: Order_ID,OI00216655,O0016655,P00656,1,10125.0,0.05,10125.0,740.93
216751,Invalid Foreign Key: Order_ID,OI00216750,O0016750,P00751,1,9250.0,0.02,9250.0,698.28
216842,Invalid Foreign Key: Product_ID,OI00216841,O0016841,P00842,2,7675.0,0.02,15350.0,1158.77
216921,Invalid Foreign Key: Product_ID,OI00216920,O0016920,P00921,1,4000.0,0.04,4000.0,295.8
216949,Invalid Foreign Key: Order_ID,OI00216948,O0016948,P00949,4,8900.0,0.04,35600.0,2632.59
216998,Invalid Foreign Key: Product_ID,OI00216997,O0016997,P00998,3,17475.0,0.04,52425.0,3876.78
217032,Negative Value: Unit_Price; Negative Value: Gross_Amount; Negative Value: Net_Amount,OI00217031,O0017031,P00032,2,-500.0,0.03,-1000.0,-74.72
217251,Invalid Foreign Key: Order_ID,OI00217250,O0017250,P00251,1,9250.0,0.05,9250.0,676.9
217307,Invalid Foreign Key: Product_ID,OI00217306,O0017306,P00307,2,1550.0,0.05,3100.0,226.85
217314,Invalid Foreign Key: Order_ID,OI00217313,O0017313,P00314,4,2775.0,0.05,11100.0,812.28
217421,Invalid Foreign Key: Product_ID,OI00217420,O0017420,P00421,1,4000.0,0.0,4000.0,308.12
217499,Invalid Foreign Key: Product_ID,OI00217498,O0017498,P00499,4,17650.0,0.01,70600.0,5383.95
217577,Invalid Foreign Key: Product_ID,OI00217576,O0017576,P00577,2,13800.0,0.02,27600.0,2083.51
217609,Invalid Foreign Key: Order_ID,OI00217608,O0017608,P00609,4,1900.0,0.06,7600.0,550.3
217614,Invalid Foreign Key: Product_ID,OI00217613,O0017613,P00614,4,2775.0,0.04,11100.0,820.83
217751,Invalid Foreign Key: Order_ID,OI00217750,O0017750,P00751,1,9250.0,0.01,9250.0,705.4
217771,Invalid Foreign Key: Order_ID,OI00217770,O0017770,P00771,1,12750.0,0.0,12750.0,982.14
217805,Invalid Foreign Key: Product_ID,OI00217804,O0017804,P99999,5,1200.0,0.06,6000.0,434.45
217842,Invalid Foreign Key: Product_ID,OI00217841,O0017841,P00842,2,7675.0,0.01,15350.0,1170.59
217921,Invalid Foreign Key: Product_ID,OI00217920,O0017920,P00921,1,4000.0,0.03,4000.0,298.88
217946,Invalid Foreign Key: Order_ID,OI00217945,O0017945,P00946,1,8375.0,0.0,8375.0,645.13
217998,Invalid Foreign Key: Product_ID,OI00217997,O0017997,P00998,3,17475.0,0.03,52425.0,3917.16
218101,Invalid Foreign Key: Order_ID,OI00218100,O0018100,P00101,1,500.0,0.01,500.0,38.13
218251,Invalid Foreign Key: Order_ID,OI00218250,O0018250,P00251,1,9250.0,0.04,9250.0,684.03
218307,Invalid Foreign Key: Product_ID,OI00218306,O0018306,P00307,2,1550.0,0.04,3100.0,229.24
218421,Invalid Foreign Key: Product_ID,OI00218420,O0018420,P00421,1,4000.0,0.06,4000.0,289.63
218499,Invalid Foreign Key: Product_ID,OI00218498,O0018498,P00499,4,17650.0,0.0,70600.0,5438.33
218577,Invalid Foreign Key: Product_ID,OI00218576,O0018576,P00577,2,13800.0,0.01,27600.0,2104.77
218614,Invalid Foreign Key: Product_ID,OI00218613,O0018613,P00614,4,2775.0,0.03,11100.0,829.38
218751,Invalid Foreign Key: Order_ID,OI00218750,O0018750,P00751,1,9250.0,0.0,9250.0,712.53
218842,Invalid Foreign Key: Product_ID,OI00218841,O0018841,P00842,2,7675.0,0.0,15350.0,1182.41
218888,Invalid Foreign Key: Order_ID,OI00218887,O0018887,P00888,3,15725.0,0.04,47175.0,3488.55
218921,Invalid Foreign Key: Product_ID,OI00218920,O0018920,P00921,1,4000.0,0.02,4000.0,301.96
218943,Invalid Foreign Key: Order_ID,OI00218942,O0018942,P00943,3,7850.0,0.03,23550.0,1759.64
218998,Invalid Foreign Key: Product_ID,OI00218997,O0018997,P00998,3,17475.0,0.02,52425.0,3957.54
219251,Invalid Foreign Key: Order_ID,OI00219250,O0019250,P00251,1,9250.0,0.03,9250.0,691.15
219307,Invalid Foreign Key: Product_ID,OI00219306,O0019306,P00307,2,1550.0,0.03,3100.0,231.63
219421,Invalid Foreign Key: Product_ID,OI00219420,O0019420,P00421,1,4000.0,0.05,4000.0,292.71
219499,Invalid Foreign Key: Product_ID,OI00219498,O0019498,P00499,4,17650.0,0.06,70600.0,5112.03
219548,Invalid Foreign Key: Order_ID,OI00219547,O0019547,P00548,3,8725.0,0.06,26175.0,1895.29
219577,Invalid Foreign Key: Product_ID,OI00219576,O0019576,P00577,2,13800.0,0.0,27600.0,2126.03
219614,Invalid Foreign Key: Product_ID,OI00219613,O0019613,P00614,4,2775.0,0.02,11100.0,837.93
219675,Invalid Foreign Key: Order_ID,OI00219674,O0019674,P00675,5,13450.0,0.0,67250.0,5180.28
219751,Invalid Foreign Key: Order_ID,OI00219750,O0019750,P00751,1,9250.0,0.06,9250.0,669.78
219810,Invalid Foreign Key: Order_ID,OI00219809,O0019809,P00810,5,2075.0,0.02,10375.0,783.2
219842,Invalid Foreign Key: Product_ID,OI00219841,O0019841,P00842,2,7675.0,0.06,15350.0,1111.47
219921,Invalid Foreign Key: Product_ID,OI00219920,O0019920,P00921,1,4000.0,0.01,4000.0,305.04
219940,Invalid Foreign Key: Order_ID,OI00219939,O0019939,P00940,5,7325.0,0.06,36625.0,2651.96
219987,Invalid Foreign Key: Order_ID,OI00219986,O0019986,P00987,2,15550.0,0.04,31100.0,2299.81
219998,Invalid Foreign Key: Product_ID,OI00219997,O0019997,P00998,3,17475.0,0.01,52425.0,3997.93
220015,Invalid Foreign Key: Order_ID,OI00220014,O0020014,P00015,5,2950.0,0.04,14750.0,1090.75
220056,Negative Value: Quantity; Negative Value: Gross_Amount; Negative Value: Net_Amount,OI00220055,O0020055,P00056,-2,10125.0,0.03,-20250.0,-1513.07
220133,Invalid Foreign Key: Order_ID,OI00220132,O9999999,P00133,3,6100.0,0.03,18300.0,1367.36
220251,Invalid Foreign Key: Order_ID,OI00220250,O0020250,P00251,1,9250.0,0.02,9250.0,698.28
220307,Invalid Foreign Key: Product_ID,OI00220306,O0020306,P00307,2,1550.0,0.02,3100.0,234.02
220421,Invalid Foreign Key: Product_ID,OI00220420,O0020420,P00421,1,4000.0,0.04,4000.0,295.8
220499,Invalid Foreign Key: Product_ID,OI00220498,O0020498,P00499,4,17650.0,0.05,70600.0,5166.42
220577,Invalid Foreign Key: Product_ID,OI00220576,O0020576,P00577,2,13800.0,0.06,27600.0,1998.47
220614,Invalid Foreign Key: Product_ID,OI00220613,O0020613,P00614,4,2775.0,0.01,11100.0,846.49
220751,Invalid Foreign Key: Order_ID,OI00220750,O0020750,P00751,1,9250.0,0.05,9250.0,676.9
220787,Invalid Foreign Key: Order_ID,OI00220786,O0020786,P00787,2,15550.0,0.06,31100.0,2251.9
220842,Invalid Foreign Key: Product_ID,OI00220841,O0020841,P00842,2,7675.0,0.05,15350.0,1123.29
220921,Invalid Foreign Key: Product_ID,OI00220920,O0020920,P00921,1,4000.0,0.0,4000.0,308.12
220997,Invalid Foreign Key: Order_ID,OI00220996,O0020996,P00997,2,17300.0,0.06,34600.0,2505.33
220998,Invalid Foreign Key: Product_ID,OI00220997,O0020997,P00998,3,17475.0,0.0,52425.0,4038.31
221008,Invalid Foreign Key: Product_ID,OI00221007,O0021007,P99999,3,1725.0,0.03,5175.0,386.67
221251,Invalid Foreign Key: Order_ID,OI00221250,O0021250,P00251,1,9250.0,0.01,9250.0,705.4
221307,Invalid Foreign Key: Product_ID,OI00221306,O0021306,P00307,2,1550.0,0.01,3100.0,236.41
221325,Invalid Foreign Key: Order_ID,OI00221324,O0021324,P00325,5,4700.0,0.05,23500.0,1719.7
221421,Invalid Foreign Key: Product_ID,OI00221420,O0021420,P00421,1,4000.0,0.03,4000.0,298.88
221499,Invalid Foreign Key: Product_ID,OI00221498,O0021498,P00499,4,17650.0,0.04,70600.0,5220.8
221574,Invalid Foreign Key: Order_ID,OI00221573,O0021573,P00574,4,13275.0,0.02,53100.0,4008.5
221577,Invalid Foreign Key: Product_ID,OI00221576,O0021576,P00577,2,13800.0,0.05,27600.0,2019.73
221614,Invalid Foreign Key: Product_ID,OI00221613,O0021613,P00614,4,2775.0,0.0,11100.0,855.04
221751,Invalid Foreign Key: Order_ID,OI00221750,O0021750,P00751,1,9250.0,0.04,9250.0,684.03
221842,Invalid Foreign Key: Product_ID,OI00221841,O0021841,P00842,2,7675.0,0.04,15350.0,1135.12
221921,Invalid Foreign Key: Product_ID,OI00221920,O0021920,P00921,1,4000.0,0.06,4000.0,289.63
221994,Invalid Foreign Key: Order_ID,OI00221993,O0021993,P00994,4,16775.0,0.02,67100.0,5065.35
221998,Invalid Foreign Key: Product_ID,OI00221997,O0021997,P00998,3,17475.0,0.06,52425.0,3796.01
222011,Invalid Foreign Key: Order_ID,OI00222010,O0022010,P00011,1,2250.0,0.05,2250.0,164.65
222251,Invalid Foreign Key: Order_ID,OI00222250,O0022250,P00251,1,9250.0,0.0,9250.0,712.53
222307,Invalid Foreign Key: Product_ID,OI00222306,O0022306,P00307,2,1550.0,0.0,3100.0,238.79
222361,Invalid Foreign Key: Order_ID,OI00222360,O0022360,P00361,1,11000.0,0.05,11000.0,804.97
222421,Invalid Foreign Key: Product_ID,OI00222420,O0022420,P00421,1,4000.0,0.02,4000.0,301.96
222499,Invalid Foreign Key: Product_ID,OI00222498,O0022498,P00499,4,17650.0,0.03,70600.0,5275.18
222577,Invalid Foreign Key: Product_ID,OI00222576,O0022576,P00577,2,13800.0,0.04,27600.0,2040.99
222614,Invalid Foreign Key: Product_ID,OI00222613,O0022613,P00614,4,2775.0,0.06,11100.0,803.73
222751,Invalid Foreign Key: Order_ID,OI00222750,O0022750,P00751,1,9250.0,0.03,9250.0,691.15
222842,Invalid Foreign Key: Product_ID,OI00222841,O0022841,P00842,2,7675.0,0.03,15350.0,1146.94
222921,Invalid Foreign Key: Product_ID,OI00222920,O0022920,P00921,1,4000.0,0.05,4000.0,292.71
222991,Invalid Foreign Key: Order_ID,OI00222990,O0022990,P00991,1,16250.0,0.05,16250.0,1189.15
222998,Invalid Foreign Key: Product_ID,OI00222997,O0022997,P00998,3,17475.0,0.05,52425.0,3836.39
223102,Invalid Foreign Key: Order_ID,OI00223101,O0023101,P00102,2,675.0,0.04,1350.0,99.83
223148,Invalid Foreign Key: Order_ID,OI00223147,O0023147,P00148,3,8725.0,0.01,26175.0,1996.1
223251,Invalid Foreign Key: Order_ID,OI00223250,O0023250,P00251,1,9250.0,0.06,9250.0,669.78
223307,Invalid Foreign Key: Product_ID,OI00223306,O0023306,P00307,2,1550.0,0.06,3100.0,224.47
223318,Invalid Foreign Key: Order_ID,OI00223317,O0023317,P00318,3,3475.0,0.03,10425.0,778.95
223421,Invalid Foreign Key: Product_ID,OI00223420,O0023420,P00421,1,4000.0,0.01,4000.0,305.04
223499,Invalid Foreign Key: Product_ID,OI00223498,O0023498,P00499,4,17650.0,0.02,70600.0,5329.57
223577,Invalid Foreign Key: Product_ID,OI00223576,O0023576,P00577,2,13800.0,0.03,27600.0,2062.25
223614,Invalid Foreign Key: Product_ID,OI00223613,O0023613,P00614,4,2775.0,0.05,11100.0,812.28
223751,Invalid Foreign Key: Order_ID,OI00223750,O0023750,P00751,1,9250.0,0.02,9250.0,698.28
223842,Invalid Foreign Key: Product_ID,OI00223841,O0023841,P00842,2,7675.0,0.02,15350.0,1158.77
223921,Invalid Foreign Key: Product_ID,OI00223920,O0023920,P00921,1,4000.0,0.04,4000.0,295.8
223935,Invalid Foreign Key: Order_ID,OI00223934,O0023934,P00935,5,6450.0,0.04,32250.0,2384.86
223988,Invalid Foreign Key: Order_ID,OI00223987,O0023987,P00988,3,15725.0,0.01,47175.0,3597.56
223998,Invalid Foreign Key: Product_ID,OI00223997,O0023997,P00998,3,17475.0,0.04,52425.0,3876.78
224033,Negative Value: Unit_Price; Negative Value: Gross_Amount; Negative Value: Net_Amount,OI00224032,O0024032,P00033,3,-500.0,0.04,-1500.0,-110.92
224057,Negative Value: Quantity; Negative Value: Gross_Amount; Negative Value: Net_Amount,OI00224056,O0024056,P00057,-2,10300.0,0.0,-20600.0,-1586.82
224211,Invalid Foreign Key: Product_ID,OI00224210,O0024210,P99999,1,2250.0,0.0,2250.0,173.32
224212,Invalid Foreign Key: Order_ID,OI00224211,O0024211,P00212,2,2425.0,0.01,4850.0,369.86
224251,Invalid Foreign Key: Order_ID,OI00224250,O0024250,P00251,1,9250.0,0.05,9250.0,676.9
224307,Invalid Foreign Key: Product_ID,OI00224306,O0024306,P00307,2,1550.0,0.05,3100.0,226.85
224421,Invalid Foreign Key: Product_ID,OI00224420,O0024420,P00421,1,4000.0,0.0,4000.0,308.12
224499,Invalid Foreign Key: Product_ID,OI00224498,O0024498,P00499,4,17650.0,0.01,70600.0,5383.95
224577,Invalid Foreign Key: Product_ID,OI00224576,O0024576,P00577,2,13800.0,0.02,27600.0,2083.51
224614,Invalid Foreign Key: Product_ID,OI00224613,O0024613,P00614,4,2775.0,0.04,11100.0,820.83
224722,Invalid Foreign Key: Order_ID,OI00224721,O0024721,P00722,2,4175.0,0.0,8350.0,643.2
224751,Invalid Foreign Key: Order_ID,OI00224750,O0024750,P00751,1,9250.0,0.01,9250.0,705.4
224842,Invalid Foreign Key: Product_ID,OI00224841,O0024841,P00842,2,7675.0,0.01,15350.0,1170.59
224879,Invalid Foreign Key: Order_ID,OI00224878,O0024878,P00879,4,14150.0,0.03,56600.0,4229.11
224921,Invalid Foreign Key: Product_ID,OI00224920,O0024920,P00921,1,4000.0,0.03,4000.0,298.88
224985,Invalid Foreign Key: Order_ID,OI00224984,O0024984,P00985,5,15200.0,0.04,76000.0,5620.13
224998,Invalid Foreign Key: Product_ID,OI00224997,O0024997,P00998,3,17475.0,0.03,52425.0,3917.16
225136,Invalid Foreign Key: Order_ID,OI00225135,O9999999,P00136,1,6625.0,0.01,6625.0,505.22
225251,Invalid Foreign Key: Order_ID,OI00225250,O0025250,P00251,1,9250.0,0.04,9250.0,684.03
225307,Invalid Foreign Key: Product_ID,OI00225306,O0025306,P00307,2,1550.0,0.04,3100.0,229.24
225421,Invalid Foreign Key: Product_ID,OI00225420,O0025420,P00421,1,4000.0,0.06,4000.0,289.63
225499,Invalid Foreign Key: Product_ID,OI00225498,O0025498,P00499,4,17650.0,0.0,70600.0,5438.33
225509,Invalid Foreign Key: Order_ID,OI00225508,O0025508,P00509,4,1900.0,0.03,7600.0,567.87
225577,Invalid Foreign Key: Product_ID,OI00225576,O0025576,P00577,2,13800.0,0.01,27600.0,2104.77
225614,Invalid Foreign Key: Product_ID,OI00225613,O0025613,P00614,4,2775.0,0.03,11100.0,829.38
225751,Invalid Foreign Key: Order_ID,OI00225750,O0025750,P00751,1,9250.0,0.0,9250.0,712.53
225842,Invalid Foreign Key: Product_ID,OI00225841,O0025841,P00842,2,7675.0,0.0,15350.0,1182.41
225921,Invalid Foreign Key: Product_ID,OI00225920,O0025920,P00921,1,4000.0,0.02,4000.0,301.96
225982,Invalid Foreign Key: Order_ID,OI00225981,O0025981,P00982,2,14675.0,0.0,29350.0,2260.84
225998,Invalid Foreign Key: Product_ID,OI00225997,O0025997,P00998,3,17475.0,0.02,52425.0,3957.54
226251,Invalid Foreign Key: Order_ID,OI00226250,O0026250,P00251,1,9250.0,0.03,9250.0,691.15
226296,Invalid Foreign Key: Order_ID,OI00226295,O0026295,P00296,1,17125.0,0.06,17125.0,1239.99
226307,Invalid Foreign Key: Product_ID,OI00226306,O0026306,P00307,2,1550.0,0.03,3100.0,231.63
226413,Invalid Foreign Key: Order_ID,OI00226412,O0026412,P00413,3,2600.0,0.04,7800.0,576.8
226421,Invalid Foreign Key: Product_ID,OI00226420,O0026420,P00421,1,4000.0,0.05,4000.0,292.71
226499,Invalid Foreign Key: Product_ID,OI00226498,O0026498,P00499,4,17650.0,0.06,70600.0,5112.03
226577,Invalid Foreign Key: Product_ID,OI00226576,O0026576,P00577,2,13800.0,0.0,27600.0,2126.03
226614,Invalid Foreign Key: Product_ID,OI00226613,O0026613,P00614,4,2775.0,0.02,11100.0,837.93
226649,Invalid Foreign Key: Order_ID,OI00226648,O0026648,P00649,4,8900.0,0.02,35600.0,2687.43
226656,Invalid Foreign Key: Order_ID,OI00226655,O0026655,P00656,1,10125.0,0.02,10125.0,764.33
226751,Invalid Foreign Key: Order_ID,OI00226750,O0026750,P00751,1,9250.0,0.06,9250.0,669.78
226842,Invalid Foreign Key: Product_ID,OI00226841,O0026841,P00842,2,7675.0,0.06,15350.0,1111.47
226921,Invalid Foreign Key: Product_ID,OI00226920,O0026920,P00921,1,4000.0,0.01,4000.0,305.04
226979,Invalid Foreign Key: Order_ID,OI00226978,O0026978,P00979,4,14150.0,0.03,56600.0,4229.11
226998,Invalid Foreign Key: Product_ID,OI00226997,O0026997,P00998,3,17475.0,0.01,52425.0,3997.93
227083,Invalid Foreign Key: Order_ID,OI00227082,O0027082,P00083,3,14850.0,0.02,44550.0,3363.06
227251,Invalid Foreign Key: Order_ID,OI00227250,O0027250,P00251,1,9250.0,0.02,9250.0,698.28
227307,Invalid Foreign Key: Product_ID,OI00227306,O0027306,P00307,2,1550.0,0.02,3100.0,234.02
227414,Invalid Foreign Key: Product_ID,OI00227413,O0027413,P99999,4,2775.0,0.04,11100.0,820.83
227421,Invalid Foreign Key: Product_ID,OI00227420,O0027420,P00421,1,4000.0,0.04,4000.0,295.8
227499,Invalid Foreign Key: Product_ID,OI00227498,O0027498,P00499,4,17650.0,0.05,70600.0,5166.42
227577,Invalid Foreign Key: Product_ID,OI00227576,O0027576,P00577,2,13800.0,0.06,27600.0,1998.47
227614,Invalid Foreign Key: Product_ID,OI00227613,O0027613,P00614,4,2775.0,0.01,11100.0,846.49
227751,Invalid Foreign Key: Order_ID,OI00227750,O0027750,P00751,1,9250.0,0.05,9250.0,676.9
227842,Invalid Foreign Key: Product_ID,OI00227841,O0027841,P00842,2,7675.0,0.05,15350.0,1123.29
227870,Invalid Foreign Key: Order_ID,OI00227869,O0027869,P00870,5,12575.0,0.05,62875.0,4601.11
227921,Invalid Foreign Key: Product_ID,OI00227920,O0027920,P00921,1,4000.0,0.0,4000.0,308.12
227976,Invalid Foreign Key: Order_ID,OI00227975,O0027975,P00976,1,13625.0,0.06,13625.0,986.56
227998,Invalid Foreign Key: Product_ID,OI00227997,O0027997,P00998,3,17475.0,0.0,52425.0,4038.31
228058,Negative Value: Quantity; Negative Value: Gross_Amount; Negative Value: Net_Amount,OI00228057,O0028057,P00058,-2,10475.0,0.04,-20950.0,-1549.23
228251,Invalid Foreign Key: Order_ID,OI00228250,O0028250,P00251,1,9250.0,0.01,9250.0,705.4
228307,Invalid Foreign Key: Product_ID,OI00228306,O0028306,P00307,2,1550.0,0.01,3100.0,236.41
228421,Invalid Foreign Key: Product_ID,OI00228420,O0028420,P00421,1,4000.0,0.03,4000.0,298.88
228433,Invalid Foreign Key: Order_ID,OI00228432,O0028432,P00433,3,6100.0,0.01,18300.0,1395.56
228499,Invalid Foreign Key: Product_ID,OI00228498,O0028498,P00499,4,17650.0,0.04,70600.0,5220.8
228577,Invalid Foreign Key: Product_ID,OI00228576,O0028576,P00577,2,13800.0,0.05,27600.0,2019.73
228614,Invalid Foreign Key: Order_ID; Invalid Foreign Key: Product_ID,OI00228613,O0028613,P00614,4,2775.0,0.0,11100.0,855.04
228657,Invalid Foreign Key: Order_ID,OI00228656,O0028656,P00657,2,10300.0,0.01,20600.0,1570.95
228751,Invalid Foreign Key: Order_ID,OI00228750,O0028750,P00751,1,9250.0,0.04,9250.0,684.03
228842,Invalid Foreign Key: Product_ID,OI00228841,O0028841,P00842,2,7675.0,0.04,15350.0,1135.12
228921,Invalid Foreign Key: Product_ID,OI00228920,O0028920,P00921,1,4000.0,0.06,4000.0,289.63
228973,Invalid Foreign Key: Order_ID,OI00228972,O0028972,P00973,3,13100.0,0.02,39300.0,2966.74
228998,Invalid Foreign Key: Product_ID,OI00228997,O0028997,P00998,3,17475.0,0.06,52425.0,3796.01
229251,Invalid Foreign Key: Order_ID,OI00229250,O0029250,P00251,1,9250.0,0.0,9250.0,712.53
229307,Invalid Foreign Key: Product_ID,OI00229306,O0029306,P00307,2,1550.0,0.0,3100.0,238.79
229421,Invalid Foreign Key: Product_ID,OI00229420,O0029420,P00421,1,4000.0,0.02,4000.0,301.96
229444,Invalid Foreign Key: Order_ID,OI00229443,O0029443,P00444,4,8025.0,0.04,32100.0,2373.76
229499,Invalid Foreign Key: Product_ID,OI00229498,O0029498,P00499,4,17650.0,0.03,70600.0,5275.18
229577,Invalid Foreign Key: Product_ID,OI00229576,O0029576,P00577,2,13800.0,0.04,27600.0,2040.99
229614,Invalid Foreign Key: Product_ID,OI00229613,O0029613,P00614,4,2775.0,0.06,11100.0,803.73
229751,Invalid Foreign Key: Order_ID,OI00229750,O0029750,P00751,1,9250.0,0.03,9250.0,691.15
229842,Invalid Foreign Key: Product_ID,OI00229841,O0029841,P00842,2,7675.0,0.03,15350.0,1146.94
229921,Invalid Foreign Key: Product_ID,OI00229920,O0029920,P00921,1,4000.0,0.05,4000.0,292.71
229970,Invalid Foreign Key: Order_ID,OI00229969,O0029969,P00970,5,12575.0,0.05,62875.0,4601.11
229980,Invalid Foreign Key: Order_ID,OI00229979,O0029979,P00980,5,14325.0,0.01,71625.0,5462.12
229998,Invalid Foreign Key: Product_ID,OI00229997,O0029997,P00998,3,17475.0,0.05,52425.0,3836.39
230022,Invalid Foreign Key: Order_ID,OI00230021,O0030021,P00022,2,4175.0,0.01,8350.0,636.77
230139,Invalid Foreign Key: Order_ID,OI00230138,O9999999,P00139,4,7150.0,0.06,28600.0,2070.88
230210,Invalid Foreign Key: Order_ID,OI00230209,O0030209,P00210,5,2075.0,0.0,10375.0,799.19
230231,Invalid Foreign Key: Order_ID,OI00230230,O0030230,P00231,1,5750.0,0.0,5750.0,442.92
230251,Invalid Foreign Key: Order_ID,OI00230250,O0030250,P00251,1,9250.0,0.06,9250.0,669.78
230307,Invalid Foreign Key: Product_ID,OI00230306,O0030306,P00307,2,1550.0,0.06,3100.0,224.47
230421,Invalid Foreign Key: Product_ID,OI00230420,O0030420,P00421,1,4000.0,0.01,4000.0,305.04
230499,Invalid Foreign Key: Product_ID,OI00230498,O0030498,P00499,4,17650.0,0.02,70600.0,5329.57
230577,Invalid Foreign Key: Product_ID,OI00230576,O0030576,P00577,2,13800.0,0.03,27600.0,2062.25
230614,Invalid Foreign Key: Product_ID,OI00230613,O0030613,P00614,4,2775.0,0.05,11100.0,812.28
230617,Invalid Foreign Key: Product_ID,OI00230616,O0030616,P99999,2,3300.0,0.01,6600.0,503.32
230751,Invalid Foreign Key: Order_ID,OI00230750,O0030750,P00751,1,9250.0,0.02,9250.0,698.28
230815,Invalid Foreign Key: Order_ID,OI00230814,O0030814,P00815,5,2950.0,0.03,14750.0,1102.11
230842,Invalid Foreign Key: Product_ID,OI00230841,O0030841,P00842,2,7675.0,0.02,15350.0,1158.77
230921,Invalid Foreign Key: Product_ID,OI00230920,O0030920,P00921,1,4000.0,0.04,4000.0,295.8
230967,Invalid Foreign Key: Order_ID,OI00230966,O0030966,P00967,2,12050.0,0.01,24100.0,1837.86
230998,Invalid Foreign Key: Product_ID,OI00230997,O0030997,P00998,3,17475.0,0.04,52425.0,3876.78
231018,Invalid Foreign Key: Order_ID,OI00231017,O0031017,P00018,3,3475.0,0.03,10425.0,778.95
231034,Negative Value: Unit_Price; Negative Value: Gross_Amount; Negative Value: Net_Amount,OI00231033,O0031033,P00034,4,-500.0,0.05,-2000.0,-146.36
231251,Invalid Foreign Key: Order_ID,OI00231250,O0031250,P00251,1,9250.0,0.05,9250.0,676.9
231307,Invalid Foreign Key: Product_ID,OI00231306,O0031306,P00307,2,1550.0,0.05,3100.0,226.85
231421,Invalid Foreign Key: Product_ID,OI00231420,O0031420,P00421,1,4000.0,0.0,4000.0,308.12
231499,Invalid Foreign Key: Product_ID,OI00231498,O0031498,P00499,4,17650.0,0.01,70600.0,5383.95
231577,Invalid Foreign Key: Product_ID,OI00231576,O0031576,P00577,2,13800.0,0.02,27600.0,2083.51
231614,Invalid Foreign Key: Product_ID,OI00231613,O0031613,P00614,4,2775.0,0.04,11100.0,820.83
231751,Invalid Foreign Key: Order_ID,OI00231750,O0031750,P00751,1,9250.0,0.01,9250.0,705.4
231805,Invalid Foreign Key: Order_ID,OI00231804,O0031804,P00805,5,1200.0,0.06,6000.0,434.45
231842,Invalid Foreign Key: Product_ID,OI00231841,O0031841,P00842,2,7675.0,0.01,15350.0,1170.59
231921,Invalid Foreign Key: Product_ID,OI00231920,O0031920,P00921,1,4000.0,0.03,4000.0,298.88
231964,Invalid Foreign Key: Order_ID,OI00231963,O0031963,P00964,4,11525.0,0.04,46100.0,3409.05
231987,Invalid Foreign Key: Order_ID,OI00231986,O0031986,P00987,2,15550.0,0.06,31100.0,2251.9
231998,Invalid Foreign Key: Product_ID,OI00231997,O0031997,P00998,3,17475.0,0.03,52425.0,3917.16
232059,Negative Value: Quantity; Negative Value: Gross_Amount; Negative Value: Net_Amount,OI00232058,O0032058,P00059,-2,10650.0,0.01,-21300.0,-1624.34
232251,Invalid Foreign Key: Order_ID,OI00232250,O0032250,P00251,1,9250.0,0.04,9250.0,684.03
232307,Invalid Foreign Key: Product_ID,OI00232306,O0032306,P00307,2,1550.0,0.04,3100.0,229.24
232421,Invalid Foreign Key: Product_ID,OI00232420,O0032420,P00421,1,4000.0,0.06,4000.0,289.63
232499,Invalid Foreign Key: Product_ID,OI00232498,O0032498,P00499,4,17650.0,0.0,70600.0,5438.33
232577,Invalid Foreign Key: Product_ID,OI00232576,O0032576,P00577,2,13800.0,0.01,27600.0,2104.77
232592,Invalid Foreign Key: Order_ID,OI00232591,O0032591,P00592,2,16425.0,0.02,32850.0,2479.83
232614,Invalid Foreign Key: Product_ID,OI00232613,O0032613,P00614,4,2775.0,0.03,11100.0,829.38
232751,Invalid Foreign Key: Order_ID,OI00232750,O0032750,P00751,1,9250.0,0.0,9250.0,712.53
232842,Invalid Foreign Key: Product_ID,OI00232841,O0032841,P00842,2,7675.0,0.0,15350.0,1182.41
232921,Invalid Foreign Key: Product_ID,OI00232920,O0032920,P00921,1,4000.0,0.02,4000.0,301.96
232961,Invalid Foreign Key: Order_ID,OI00232960,O0032960,P00961,1,11000.0,0.0,11000.0,847.33
232998,Invalid Foreign Key: Product_ID,OI00232997,O0032997,P00998,3,17475.0,0.02,52425.0,3957.54
233016,Invalid Foreign Key: Order_ID,OI00233015,O0033015,P00016,1,3125.0,0.06,3125.0,226.28
233251,Invalid Foreign Key: Order_ID,OI00233250,O0033250,P00251,1,9250.0,0.03,9250.0,691.15
233307,Invalid Foreign Key: Product_ID,OI00233306,O0033306,P00307,2,1550.0,0.03,3100.0,231.63
233311,Invalid Foreign Key: Order_ID,OI00233310,O0033310,P00311,1,2250.0,0.0,2250.0,173.32
233379,Invalid Foreign Key: Order_ID,OI00233378,O0033378,P00379,4,14150.0,0.05,56600.0,4141.92
233421,Invalid Foreign Key: Product_ID,OI00233420,O0033420,P00421,1,4000.0,0.05,4000.0,292.71
233499,Invalid Foreign Key: Product_ID,OI00233498,O0033498,P00499,4,17650.0,0.06,70600.0,5112.03
233577,Invalid Foreign Key: Product_ID,OI00233576,O0033576,P00577,2,13800.0,0.0,27600.0,2126.03
233614,Invalid Foreign Key: Product_ID,OI00233613,O0033613,P00614,4,2775.0,0.02,11100.0,837.93
233751,Invalid Foreign Key: Order_ID,OI00233750,O0033750,P00751,1,9250.0,0.06,9250.0,669.78
233764,Invalid Foreign Key: Order_ID,OI00233763,O0033763,P00764,4,11525.0,0.05,46100.0,3373.54
233820,Invalid Foreign Key: Product_ID,OI00233819,O0033819,P99999,5,3825.0,0.05,19125.0,1399.54
233842,Invalid Foreign Key: Product_ID,OI00233841,O0033841,P00842,2,7675.0,0.06,15350.0,1111.47
233921,Invalid Foreign Key: Product_ID,OI00233920,O0033920,P00921,1,4000.0,0.01,4000.0,305.04
233958,Invalid Foreign Key: Order_ID,OI00233957,O0033957,P00958,3,10475.0,0.03,31425.0,2348.05
233998,Invalid Foreign Key: Product_ID,OI00233997,O0033997,P00998,3,17475.0,0.01,52425.0,3997.93
234166,Invalid Foreign Key: Order_ID,OI00234165,O0034165,P00166,1,11875.0,0.01,11875.0,905.59
234251,Invalid Foreign Key: Order_ID,OI00234250,O0034250,P00251,1,9250.0,0.02,9250.0,698.28
234307,Invalid Foreign Key: Product_ID,OI00234306,O0034306,P00307,2,1550.0,0.02,3100.0,234.02
234421,Invalid Foreign Key: Product_ID,OI00234420,O0034420,P00421,1,4000.0,0.04,4000.0,295.8
234499,Invalid Foreign Key: Product_ID,OI00234498,O0034498,P00499,4,17650.0,0.05,70600.0,5166.42
234577,Invalid Foreign Key: Product_ID,OI00234576,O0034576,P00577,2,13800.0,0.06,27600.0,1998.47
234614,Invalid Foreign Key: Product_ID,OI00234613,O0034613,P00614,4,2775.0,0.01,11100.0,846.49
234751,Invalid Foreign Key: Order_ID,OI00234750,O0034750,P00751,1,9250.0,0.05,9250.0,676.9
234842,Invalid Foreign Key: Product_ID,OI00234841,O0034841,P00842,2,7675.0,0.05,15350.0,1123.29
234921,Invalid Foreign Key: Product_ID,OI00234920,O0034920,P00921,1,4000.0,0.0,4000.0,308.12
234953,Invalid Foreign Key: Order_ID,OI00234952,O0034952,P00953,3,9600.0,0.04,28800.0,2129.73
234955,Invalid Foreign Key: Order_ID,OI00234954,O0034954,P00955,5,9950.0,0.06,49750.0,3602.32
234998,Invalid Foreign Key: Product_ID,OI00234997,O0034997,P00998,3,17475.0,0.0,52425.0,4038.31
235142,Invalid Foreign Key: Order_ID,OI00235141,O9999999,P00142,2,7675.0,0.04,15350.0,1135.12
235217,Invalid Foreign Key: Order_ID,OI00235216,O0035216,P00217,2,3300.0,0.02,6600.0,498.23
235251,Invalid Foreign Key: Order_ID,OI00235250,O0035250,P00251,1,9250.0,0.01,9250.0,705.4
235307,Invalid Foreign Key: Product_ID,OI00235306,O0035306,P00307,2,1550.0,0.01,3100.0,236.41
235421,Invalid Foreign Key: Product_ID,OI00235420,O0035420,P00421,1,4000.0,0.03,4000.0,298.88
235499,Invalid Foreign Key: Product_ID,OI00235498,O0035498,P00499,4,17650.0,0.04,70600.0,5220.8
235541,Invalid Foreign Key: Order_ID,OI00235540,O0035540,P00541,1,7500.0,0.04,7500.0,554.62
235577,Invalid Foreign Key: Product_ID,OI00235576,O0035576,P00577,2,13800.0,0.05,27600.0,2019.73
235614,Invalid Foreign Key: Product_ID,OI00235613,O0035613,P00614,4,2775.0,0.0,11100.0,855.04
235740,Invalid Foreign Key: Order_ID,OI00235739,O0035739,P00740,5,7325.0,0.0,36625.0,2821.23
235751,Invalid Foreign Key: Order_ID,OI00235750,O0035750,P00751,1,9250.0,0.04,9250.0,684.03
235842,Invalid Foreign Key: Product_ID,OI00235841,O0035841,P00842,2,7675.0,0.04,15350.0,1135.12
235921,Invalid Foreign Key: Product_ID,OI00235920,O0035920,P00921,1,4000.0,0.06,4000.0,289.63
235952,Invalid Foreign Key: Order_ID,OI00235951,O0035951,P00952,2,9425.0,0.02,18850.0,1422.98
235998,Invalid Foreign Key: Product_ID,OI00235997,O0035997,P00998,3,17475.0,0.06,52425.0,3796.01
236060,Negative Value: Quantity; Negative Value: Gross_Amount; Negative Value: Net_Amount,OI00236059,O0036059,P00060,-2,10825.0,0.05,-21650.0,-1584.32
236251,Invalid Foreign Key: Order_ID,OI00236250,O0036250,P00251,1,9250.0,0.0,9250.0,712.53
236307,Invalid Foreign Key: Product_ID,OI00236306,O0036306,P00307,2,1550.0,0.0,3100.0,238.79
236421,Invalid Foreign Key: Product_ID,OI00236420,O0036420,P00421,1,4000.0,0.02,4000.0,301.96
236499,Invalid Foreign Key: Product_ID,OI00236498,O0036498,P00499,4,17650.0,0.03,70600.0,5275.18
236527,Invalid Foreign Key: Order_ID,OI00236526,O0036526,P00527,2,5050.0,0.03,10100.0,754.67
236577,Invalid Foreign Key: Product_ID,OI00236576,O0036576,P00577,2,13800.0,0.04,27600.0,2040.99
236614,Invalid Foreign Key: Product_ID,OI00236613,O0036613,P00614,4,2775.0,0.06,11100.0,803.73
236642,Invalid Foreign Key: Order_ID,OI00236641,O0036641,P00642,2,7675.0,0.06,15350.0,1111.47
236751,Invalid Foreign Key: Order_ID,OI00236750,O0036750,P00751,1,9250.0,0.03,9250.0,691.15
236842,Invalid Foreign Key: Product_ID,OI00236841,O0036841,P00842,2,7675.0,0.03,15350.0,1146.94
236921,Invalid Foreign Key: Product_ID,OI00236920,O0036920,P00921,1,4000.0,0.05,4000.0,292.71
236949,Invalid Foreign Key: Order_ID,OI00236948,O0036948,P00949,4,8900.0,0.05,35600.0,2605.16
236998,Invalid Foreign Key: Product_ID,OI00236997,O0036997,P00998,3,17475.0,0.05,52425.0,3836.39
237023,Invalid Foreign Key: Product_ID,OI00237022,O0037022,P99999,3,4350.0,0.02,13050.0,985.14
237251,Invalid Foreign Key: Order_ID,OI00237250,O0037250,P00251,1,9250.0,0.06,9250.0,669.78
237307,Invalid Foreign Key: Product_ID,OI00237306,O0037306,P00307,2,1550.0,0.06,3100.0,224.47
237314,Invalid Foreign Key: Order_ID,OI00237313,O0037313,P00314,4,2775.0,0.06,11100.0,803.73
237318,Invalid Foreign Key: Order_ID,OI00237317,O0037317,P00318,3,3475.0,0.03,10425.0,778.95
237418,Invalid Foreign Key: Order_ID,OI00237417,O0037417,P00418,3,3475.0,0.05,10425.0,762.89
237421,Invalid Foreign Key: Product_ID,OI00237420,O0037420,P00421,1,4000.0,0.01,4000.0,305.04
237499,Invalid Foreign Key: Product_ID,OI00237498,O0037498,P00499,4,17650.0,0.02,70600.0,5329.57
237577,Invalid Foreign Key: Product_ID,OI00237576,O0037576,P00577,2,13800.0,0.03,27600.0,2062.25
237614,Invalid Foreign Key: Product_ID,OI00237613,O0037613,P00614,4,2775.0,0.05,11100.0,812.28
237751,Invalid Foreign Key: Order_ID,OI00237750,O0037750,P00751,1,9250.0,0.02,9250.0,698.28
237842,Invalid Foreign Key: Product_ID,OI00237841,O0037841,P00842,2,7675.0,0.02,15350.0,1158.77
237921,Invalid Foreign Key: Product_ID,OI00237920,O0037920,P00921,1,4000.0,0.04,4000.0,295.8
237946,Invalid Foreign Key: Order_ID,OI00237945,O0037945,P00946,1,8375.0,0.01,8375.0,638.68
237998,Invalid Foreign Key: Product_ID,OI00237997,O0037997,P00998,3,17475.0,0.04,52425.0,3876.78
238035,Negative Value: Unit_Price; Negative Value: Gross_Amount; Negative Value: Net_Amount,OI00238034,O0038034,P00035,5,-500.0,0.06,-2500.0,-181.02
238101,Invalid Foreign Key: Order_ID,OI00238100,O0038100,P00101,1,500.0,0.02,500.0,37.74
238251,Invalid Foreign Key: Order_ID,OI00238250,O0038250,P00251,1,9250.0,0.05,9250.0,676.9
238307,Invalid Foreign Key: Product_ID,OI00238306,O0038306,P00307,2,1550.0,0.05,3100.0,226.85
238421,Invalid Foreign Key: Product_ID,OI00238420,O0038420,P00421,1,4000.0,0.0,4000.0,308.12
238499,Invalid Foreign Key: Product_ID,OI00238498,O0038498,P00499,4,17650.0,0.01,70600.0,5383.95
238577,Invalid Foreign Key: Product_ID,OI00238576,O0038576,P00577,2,13800.0,0.02,27600.0,2083.51
238614,Invalid Foreign Key: Product_ID,OI00238613,O0038613,P00614,4,2775.0,0.04,11100.0,820.83
238751,Invalid Foreign Key: Order_ID,OI00238750,O0038750,P00751,1,9250.0,0.01,9250.0,705.4
238842,Invalid Foreign Key: Product_ID,OI00238841,O0038841,P00842,2,7675.0,0.01,15350.0,1170.59
238888,Invalid Foreign Key: Order_ID,OI00238887,O0038887,P00888,3,15725.0,0.05,47175.0,3452.21
238921,Invalid Foreign Key: Product_ID,OI00238920,O0038920,P00921,1,4000.0,0.03,4000.0,298.88
238943,Invalid Foreign Key: Order_ID,OI00238942,O0038942,P00943,3,7850.0,0.04,23550.0,1741.5
238998,Invalid Foreign Key: Product_ID,OI00238997,O0038997,P00998,3,17475.0,0.03,52425.0,3917.16
239095,Invalid Foreign Key: Order_ID,OI00239094,O0039094,P00095,5,16950.0,0.02,84750.0,6397.75
239251,Invalid Foreign Key: Order_ID,OI00239250,O0039250,P00251,1,9250.0,0.04,9250.0,684.03
239307,Invalid Foreign Key: Product_ID,OI00239306,O0039306,P00307,2,1550.0,0.04,3100.0,229.24
239421,Invalid Foreign Key: Product_ID,OI00239420,O0039420,P00421,1,4000.0,0.06,4000.0,289.63
239499,Invalid Foreign Key: Product_ID,OI00239498,O0039498,P00499,4,17650.0,0.0,70600.0,5438.33
239577,Invalid Foreign Key: Product_ID,OI00239576,O0039576,P00577,2,13800.0,0.01,27600.0,2104.77
239614,Invalid Foreign Key: Product_ID,OI00239613,O0039613,P00614,4,2775.0,0.03,11100.0,829.38
239619,Invalid Foreign Key: Order_ID,OI00239618,O0039618,P00619,4,3650.0,0.01,14600.0,1113.39
239675,Invalid Foreign Key: Order_ID,OI00239674,O0039674,P00675,5,13450.0,0.01,67250.0,5128.48
239751,Invalid Foreign Key: Order_ID,OI00239750,O0039750,P00751,1,9250.0,0.0,9250.0,712.53
239842,Invalid Foreign Key: Product_ID,OI00239841,O0039841,P00842,2,7675.0,0.0,15350.0,1182.41
239921,Invalid Foreign Key: Product_ID,OI00239920,O0039920,P00921,1,4000.0,0.02,4000.0,301.96
239940,Invalid Foreign Key: Order_ID,OI00239939,O0039939,P00940,5,7325.0,0.0,36625.0,2821.23
239973,Invalid Foreign Key: Order_ID,OI00239972,O0039972,P00973,3,13100.0,0.05,39300.0,2875.92
239998,Invalid Foreign Key: Product_ID,OI00239997,O0039997,P00998,3,17475.0,0.02,52425.0,3957.54
240029,Invalid Foreign Key: Order_ID,OI00240028,O0040028,P00029,4,5400.0,0.05,21600.0,1580.66
240061,Negative Value: Quantity; Negative Value: Gross_Amount; Negative Value: Net_Amount,OI00240060,O0040060,P00061,-2,11000.0,0.02,-22000.0,-1660.77
240145,Invalid Foreign Key: Order_ID,OI00240144,O9999999,P00145,5,8200.0,0.02,41000.0,3095.07
240226,Invalid Foreign Key: Product_ID,OI00240225,O0040225,P99999,1,4875.0,0.06,4875.0,352.99
240251,Invalid Foreign Key: Order_ID,OI00240250,O0040250,P00251,1,9250.0,0.03,9250.0,691.15
240307,Invalid Foreign Key: Product_ID,OI00240306,O0040306,P00307,2,1550.0,0.03,3100.0,231.63
240421,Invalid Foreign Key: Product_ID,OI00240420,O0040420,P00421,1,4000.0,0.05,4000.0,292.71
240499,Invalid Foreign Key: Product_ID,OI00240498,O0040498,P00499,4,17650.0,0.06,70600.0,5112.03
240577,Invalid Foreign Key: Product_ID,OI00240576,O0040576,P00577,2,13800.0,0.0,27600.0,2126.03
240614,Invalid Foreign Key: Product_ID,OI00240613,O0040613,P00614,4,2775.0,0.02,11100.0,837.93
240751,Invalid Foreign Key: Order_ID,OI00240750,O0040750,P00751,1,9250.0,0.06,9250.0,669.78
240787,Invalid Foreign Key: Order_ID,OI00240786,O0040786,P00787,2,15550.0,0.0,31100.0,2395.64
240842,Invalid Foreign Key: Product_ID,OI00240841,O0040841,P00842,2,7675.0,0.06,15350.0,1111.47
240872,Invalid Foreign Key: Order_ID,OI00240871,O0040871,P00872,2,12925.0,0.01,25850.0,1971.32
240921,Invalid Foreign Key: Product_ID,OI00240920,O0040920,P00921,1,4000.0,0.01,4000.0,305.04
240997,Invalid Foreign Key: Order_ID,OI00240996,O0040996,P00997,2,17300.0,0.0,34600.0,2665.25
240998,Invalid Foreign Key: Product_ID,OI00240997,O0040997,P00998,3,17475.0,0.01,52425.0,3997.93
241251,Invalid Foreign Key: Order_ID,OI00241250,O0041250,P00251,1,9250.0,0.02,9250.0,698.28
241307,Invalid Foreign Key: Product_ID,OI00241306,O0041306,P00307,2,1550.0,0.02,3100.0,234.02
241421,Invalid Foreign Key: Product_ID,OI00241420,O0041420,P00421,1,4000.0,0.04,4000.0,295.8
241499,Invalid Foreign Key: Product_ID,OI00241498,O0041498,P00499,4,17650.0,0.05,70600.0,5166.42
241574,Invalid Foreign Key: Order_ID,OI00241573,O0041573,P00574,4,13275.0,0.03,53100.0,3967.6
241577,Invalid Foreign Key: Product_ID,OI00241576,O0041576,P00577,2,13800.0,0.06,27600.0,1998.47
241614,Invalid Foreign Key: Product_ID,OI00241613,O0041613,P00614,4,2775.0,0.01,11100.0,846.49
241751,Invalid Foreign Key: Order_ID,OI00241750,O0041750,P00751,1,9250.0,0.05,9250.0,676.9
241820,Invalid Foreign Key: Order_ID,OI00241819,O0041819,P00820,5,3825.0,0.04,19125.0,1414.28
241842,Invalid Foreign Key: Product_ID,OI00241841,O0041841,P00842,2,7675.0,0.05,15350.0,1123.29
241921,Invalid Foreign Key: Product_ID,OI00241920,O0041920,P00921,1,4000.0,0.0,4000.0,308.12
241994,Invalid Foreign Key: Order_ID,OI00241993,O0041993,P00994,4,16775.0,0.03,67100.0,5013.67
241998,Invalid Foreign Key: Product_ID,OI00241997,O0041997,P00998,3,17475.0,0.0,52425.0,4038.31
242251,Invalid Foreign Key: Order_ID,OI00242250,O0042250,P00251,1,9250.0,0.01,9250.0,705.4
242307,Invalid Foreign Key: Product_ID,OI00242306,O0042306,P00307,2,1550.0,0.01,3100.0,236.41
242361,Invalid Foreign Key: Order_ID,OI00242360,O0042360,P00361,1,11000.0,0.06,11000.0,796.49
242421,Invalid Foreign Key: Product_ID,OI00242420,O0042420,P00421,1,4000.0,0.03,4000.0,298.88
242499,Invalid Foreign Key: Product_ID,OI00242498,O0042498,P00499,4,17650.0,0.04,70600.0,5220.8
242577,Invalid Foreign Key: Product_ID,OI00242576,O0042576,P00577,2,13800.0,0.05,27600.0,2019.73
242614,Invalid Foreign Key: Product_ID,OI00242613,O0042613,P00614,4,2775.0,0.0,11100.0,855.04
242649,Invalid Foreign Key: Order_ID,OI00242648,O0042648,P00649,4,8900.0,0.0,35600.0,2742.28
242751,Invalid Foreign Key: Order_ID,OI00242750,O0042750,P00751,1,9250.0,0.04,9250.0,684.03
242842,Invalid Foreign Key: Product_ID,OI00242841,O0042841,P00842,2,7675.0,0.04,15350.0,1135.12
242921,Invalid Foreign Key: Product_ID,OI00242920,O0042920,P00921,1,4000.0,0.06,4000.0,289.63
242991,Invalid Foreign Key: Order_ID,OI00242990,O0042990,P00991,1,16250.0,0.06,16250.0,1176.64
242998,Invalid Foreign Key: Product_ID,OI00242997,O0042997,P00998,3,17475.0,0.06,52425.0,3796.01
243148,Invalid Foreign Key: Order_ID,OI00243147,O0043147,P00148,3,8725.0,0.02,26175.0,1975.94
243251,Invalid Foreign Key: Order_ID,OI00243250,O0043250,P00251,1,9250.0,0.0,9250.0,712.53
243304,Invalid Foreign Key: Order_ID,OI00243303,O0043303,P00304,4,1025.0,0.04,4100.0,303.19
243307,Invalid Foreign Key: Product_ID,OI00243306,O0043306,P00307,2,1550.0,0.0,3100.0,238.79
243421,Invalid Foreign Key: Product_ID,OI00243420,O0043420,P00421,1,4000.0,0.02,4000.0,301.96
243429,Invalid Foreign Key: Product_ID,OI00243428,O0043428,P99999,4,5400.0,0.03,21600.0,1613.94
243499,Invalid Foreign Key: Product_ID,OI00243498,O0043498,P00499,4,17650.0,0.03,70600.0,5275.18
243577,Invalid Foreign Key: Product_ID,OI00243576,O0043576,P00577,2,13800.0,0.04,27600.0,2040.99
243614,Invalid Foreign Key: Product_ID,OI00243613,O0043613,P00614,4,2775.0,0.06,11100.0,803.73
243751,Invalid Foreign Key: Order_ID,OI00243750,O0043750,P00751,1,9250.0,0.03,9250.0,691.15
243842,Invalid Foreign Key: Product_ID,OI00243841,O0043841,P00842,2,7675.0,0.03,15350.0,1146.94
243921,Invalid Foreign Key: Product_ID,OI00243920,O0043920,P00921,1,4000.0,0.05,4000.0,292.71
243935,Invalid Foreign Key: Order_ID,OI00243934,O0043934,P00935,5,6450.0,0.05,32250.0,2360.01
243988,Invalid Foreign Key: Order_ID,OI00243987,O0043987,P00988,3,15725.0,0.02,47175.0,3561.22
243998,Invalid Foreign Key: Product_ID,OI00243997,O0043997,P00998,3,17475.0,0.05,52425.0,3836.39
244021,Invalid Foreign Key: Order_ID,OI00244020,O0044020,P00021,1,4000.0,0.0,4000.0,308.12
244062,Negative Value: Quantity; Negative Value: Gross_Amount; Negative Value: Net_Amount,OI00244061,O0044061,P00062,-2,11175.0,0.06,-22350.0,-1618.33
244251,Invalid Foreign Key: Order_ID,OI00244250,O0044250,P00251,1,9250.0,0.06,9250.0,669.78
244307,Invalid Foreign Key: Product_ID,OI00244306,O0044306,P00307,2,1550.0,0.06,3100.0,224.47
244421,Invalid Foreign Key: Product_ID,OI00244420,O0044420,P00421,1,4000.0,0.01,4000.0,305.04
244426,Invalid Foreign Key: Order_ID,OI00244425,O0044425,P00426,1,4875.0,0.06,4875.0,352.99
244499,Invalid Foreign Key: Product_ID,OI00244498,O0044498,P00499,4,17650.0,0.02,70600.0,5329.57
244577,Invalid Foreign Key: Product_ID,OI00244576,O0044576,P00577,2,13800.0,0.03,27600.0,2062.25
244614,Invalid Foreign Key: Product_ID,OI00244613,O0044613,P00614,4,2775.0,0.05,11100.0,812.28
244722,Invalid Foreign Key: Order_ID,OI00244721,O0044721,P00722,2,4175.0,0.01,8350.0,636.77
244751,Invalid Foreign Key: Order_ID,OI00244750,O0044750,P00751,1,9250.0,0.02,9250.0,698.28
244842,Invalid Foreign Key: Product_ID,OI00244841,O0044841,P00842,2,7675.0,0.02,15350.0,1158.77
244921,Invalid Foreign Key: Product_ID,OI00244920,O0044920,P00921,1,4000.0,0.04,4000.0,295.8
244985,Invalid Foreign Key: Order_ID,OI00244984,O0044984,P00985,5,15200.0,0.05,76000.0,5561.58
244998,Invalid Foreign Key: Product_ID,OI00244997,O0044997,P00998,3,17475.0,0.04,52425.0,3876.78
245036,Negative Value: Unit_Price; Negative Value: Gross_Amount; Negative Value: Net_Amount,OI00245035,O0045035,P00036,1,-500.0,0.0,-500.0,-38.52
245148,Invalid Foreign Key: Order_ID,OI00245147,O9999999,P00148,3,8725.0,0.0,26175.0,2016.27
245251,Invalid Foreign Key: Order_ID,OI00245250,O0045250,P00251,1,9250.0,0.05,9250.0,676.9
245307,Invalid Foreign Key: Product_ID,OI00245306,O0045306,P00307,2,1550.0,0.05,3100.0,226.85
245421,Invalid Foreign Key: Product_ID,OI00245420,O0045420,P00421,1,4000.0,0.0,4000.0,308.12
245499,Invalid Foreign Key: Product_ID,OI00245498,O0045498,P00499,4,17650.0,0.01,70600.0,5383.95
245509,Invalid Foreign Key: Order_ID,OI00245508,O0045508,P00509,4,1900.0,0.04,7600.0,562.01
245577,Invalid Foreign Key: Product_ID,OI00245576,O0045576,P00577,2,13800.0,0.02,27600.0,2083.51
245614,Invalid Foreign Key: Product_ID,OI00245613,O0045613,P00614,4,2775.0,0.04,11100.0,820.83
245751,Invalid Foreign Key: Order_ID,OI00245750,O0045750,P00751,1,9250.0,0.01,9250.0,705.4
245842,Invalid Foreign Key: Product_ID,OI00245841,O0045841,P00842,2,7675.0,0.01,15350.0,1170.59
245921,Invalid Foreign Key: Product_ID,OI00245920,O0045920,P00921,1,4000.0,0.03,4000.0,298.88
245982,Invalid Foreign Key: Order_ID,OI00245981,O0045981,P00982,2,14675.0,0.01,29350.0,2238.23
245998,Invalid Foreign Key: Product_ID,OI00245997,O0045997,P00998,3,17475.0,0.03,52425.0,3917.16
246203,Invalid Foreign Key: Order_ID,OI00246202,O0046202,P00203,3,850.0,0.05,2550.0,186.61
246222,Invalid Foreign Key: Order_ID,OI00246221,O0046221,P00222,2,4175.0,0.03,8350.0,623.91
246251,Invalid Foreign Key: Order_ID,OI00246250,O0046250,P00251,1,9250.0,0.04,9250.0,684.03
246296,Invalid Foreign Key: Order_ID,OI00246295,O0046295,P00296,1,17125.0,0.0,17125.0,1319.14
246307,Invalid Foreign Key: Product_ID,OI00246306,O0046306,P00307,2,1550.0,0.04,3100.0,229.24
246421,Invalid Foreign Key: Product_ID,OI00246420,O0046420,P00421,1,4000.0,0.06,4000.0,289.63
246499,Invalid Foreign Key: Product_ID,OI00246498,O0046498,P00499,4,17650.0,0.0,70600.0,5438.33
246577,Invalid Foreign Key: Product_ID,OI00246576,O0046576,P00577,2,13800.0,0.01,27600.0,2104.77
246614,Invalid Foreign Key: Product_ID,OI00246613,O0046613,P00614,4,2775.0,0.03,11100.0,829.38
246632,Invalid Foreign Key: Product_ID,OI00246631,O0046631,P99999,2,5925.0,0.0,11850.0,912.81
246635,Invalid Foreign Key: Order_ID,OI00246634,O0046634,P00635,5,6450.0,0.03,32250.0,2409.7
246751,Invalid Foreign Key: Order_ID,OI00246750,O0046750,P00751,1,9250.0,0.0,9250.0,712.53
246842,Invalid Foreign Key: Product_ID,OI00246841,O0046841,P00842,2,7675.0,0.0,15350.0,1182.41
246921,Invalid Foreign Key: Product_ID,OI00246920,O0046920,P00921,1,4000.0,0.02,4000.0,301.96
246979,Invalid Foreign Key: Order_ID,OI00246978,O0046978,P00979,4,14150.0,0.04,56600.0,4185.51
246998,Invalid Foreign Key: Product_ID,OI00246997,O0046997,P00998,3,17475.0,0.02,52425.0,3957.54
247083,Invalid Foreign Key: Order_ID,OI00247082,O0047082,P00083,3,14850.0,0.03,44550.0,3328.75
247251,Invalid Foreign Key: Order_ID,OI00247250,O0047250,P00251,1,9250.0,0.03,9250.0,691.15
247307,Invalid Foreign Key: Product_ID,OI00247306,O0047306,P00307,2,1550.0,0.03,3100.0,231.63
247421,Invalid Foreign Key: Product_ID,OI00247420,O0047420,P00421,1,4000.0,0.05,4000.0,292.71
247499,Invalid Foreign Key: Product_ID,OI00247498,O0047498,P00499,4,17650.0,0.06,70600.0,5112.03
247577,Invalid Foreign Key: Product_ID,OI00247576,O0047576,P00577,2,13800.0,0.0,27600.0,2126.03
247614,Invalid Foreign Key: Product_ID,OI00247613,O0047613,P00614,4,2775.0,0.02,11100.0,837.93
247751,Invalid Foreign Key: Order_ID,OI00247750,O0047750,P00751,1,9250.0,0.06,9250.0,669.78
247842,Invalid Foreign Key: Product_ID,OI00247841,O0047841,P00842,2,7675.0,0.06,15350.0,1111.47
247870,Invalid Foreign Key: Order_ID,OI00247869,O0047869,P00870,5,12575.0,0.06,62875.0,4552.68
247921,Invalid Foreign Key: Product_ID,OI00247920,O0047920,P00921,1,4000.0,0.01,4000.0,305.04
247976,Invalid Foreign Key: Order_ID,OI00247975,O0047975,P00976,1,13625.0,0.0,13625.0,1049.54
247980,Invalid Foreign Key: Order_ID,OI00247979,O0047979,P00980,5,14325.0,0.04,71625.0,5296.6
247998,Invalid Foreign Key: Product_ID,OI00247997,O0047997,P00998,3,17475.0,0.01,52425.0,3997.93
248063,Negative Value: Quantity; Negative Value: Gross_Amount; Negative Value: Net_Amount,OI00248062,O0048062,P00063,-2,11350.0,0.03,-22700.0,-1696.13
248251,Invalid Foreign Key: Order_ID,OI00248250,O0048250,P00251,1,9250.0,0.02,9250.0,698.28
248307,Invalid Foreign Key: Product_ID,OI00248306,O0048306,P00307,2,1550.0,0.02,3100.0,234.02
248421,Invalid Foreign Key: Product_ID,OI00248420,O0048420,P00421,1,4000.0,0.04,4000.0,295.8
248423,Invalid Foreign Key: Order_ID,OI00248422,O0048422,P00423,3,4350.0,0.06,13050.0,944.93
248499,Invalid Foreign Key: Product_ID,OI00248498,O0048498,P00499,4,17650.0,0.05,70600.0,5166.42
248577,Invalid Foreign Key: Product_ID,OI00248576,O0048576,P00577,2,13800.0,0.06,27600.0,1998.47
248614,Invalid Foreign Key: Product_ID,OI00248613,O0048613,P00614,4,2775.0,0.01,11100.0,846.49
248657,Invalid Foreign Key: Order_ID,OI00248656,O0048656,P00657,2,10300.0,0.02,20600.0,1555.09
248751,Invalid Foreign Key: Order_ID,OI00248750,O0048750,P00751,1,9250.0,0.05,9250.0,676.9
248842,Invalid Foreign Key: Product_ID,OI00248841,O0048841,P00842,2,7675.0,0.05,15350.0,1123.29
248921,Invalid Foreign Key: Product_ID,OI00248920,O0048920,P00921,1,4000.0,0.0,4000.0,308.12
248973,Invalid Foreign Key: Order_ID,OI00248972,O0048972,P00973,3,13100.0,0.03,39300.0,2936.47
248998,Invalid Foreign Key: Product_ID,OI00248997,O0048997,P00998,3,17475.0,0.0,52425.0,4038.31
249251,Invalid Foreign Key: Order_ID,OI00249250,O0049250,P00251,1,9250.0,0.01,9250.0,705.4
249307,Invalid Foreign Key: Product_ID,OI00249306,O0049306,P00307,2,1550.0,0.01,3100.0,236.41
249421,Invalid Foreign Key: Product_ID,OI00249420,O0049420,P00421,1,4000.0,0.03,4000.0,298.88
249444,Invalid Foreign Key: Order_ID,OI00249443,O0049443,P00444,4,8025.0,0.05,32100.0,2349.04
249499,Invalid Foreign Key: Product_ID,OI00249498,O0049498,P00499,4,17650.0,0.04,70600.0,5220.8
249577,Invalid Foreign Key: Product_ID,OI00249576,O0049576,P00577,2,13800.0,0.05,27600.0,2019.73
249614,Invalid Foreign Key: Product_ID,OI00249613,O0049613,P00614,4,2775.0,0.0,11100.0,855.04
249751,Invalid Foreign Key: Order_ID,OI00249750,O0049750,P00751,1,9250.0,0.04,9250.0,684.03
249757,Invalid Foreign Key: Order_ID,OI00249756,O0049756,P00757,2,10300.0,0.03,20600.0,1539.22
249835,Invalid Foreign Key: Product_ID,OI00249834,O0049834,P99999,5,6450.0,0.04,32250.0,2384.86
249842,Invalid Foreign Key: Product_ID,OI00249841,O0049841,P00842,2,7675.0,0.04,15350.0,1135.12
249921,Invalid Foreign Key: Product_ID,OI00249920,O0049920,P00921,1,4000.0,0.06,4000.0,289.63
249966,Invalid Foreign Key: Order_ID,OI00249965,O0049965,P00966,1,11875.0,0.02,11875.0,896.44
249970,Invalid Foreign Key: Order_ID,OI00249969,O0049969,P00970,5,12575.0,0.06,62875.0,4552.68
249998,Invalid Foreign Key: Product_ID,OI00249997,O0049997,P00998,3,17475.0,0.06,52425.0,3796.01
