Source_Row,Reject_Reasons,Sale_ID,Order_ID,Order_Item_ID,Sale_Date,Customer_ID,Product_ID,Employee_ID,Region_ID,Quantity,Gross_Sales,Discount,Net_Sales,Product_Cost,Shipping_Cost,Payment_Fee
251,Invalid Foreign Key: Order_ID; Invalid Foreign Key: Order_Item_ID; Invalid Foreign Key: Employee_ID,SA00000250,O0000250,OI00000250,2026-05-09,C000251,P00251,E00251,R011,1,671.42,33.57,637.85,421.0,35.0,11.48
307,Invalid Foreign Key: Order_Item_ID; Invalid Foreign Key: Product_ID,SA00000306,O0000306,OI00000306,2026-07-04,C000307,P00307,E00307,R007,2,225.02,11.25,213.77,139.37,91.0,3.85
421,Invalid Foreign Key: Order_Item_ID; Invalid Foreign Key: Product_ID,SA00000420,O0000420,OI00000420,2025-10-26,C000421,P00421,E00421,R001,1,290.34,0.0,290.34,181.47,45.0,5.23
499,Invalid Foreign Key: Order_Item_ID; Invalid Foreign Key: Product_ID,SA00000498,O0000498,OI00000498,2026-01-12,C000499,P00499,E00499,R019,4,5124.58,51.25,5073.34,3217.02,43.0,91.32
577,Invalid Foreign Key: Order_Item_ID; Invalid Foreign Key: Product_ID,SA00000576,O0000576,OI00000576,2026-03-31,C000577,P00577,E00077,R017,2,2003.38,40.07,1963.31,1257.19,41.0,35.34
614,Invalid Foreign Key: Order_Item_ID; Invalid Foreign Key: Product_ID,SA00000613,O0000613,OI00000613,2026-05-07,C000614,P00614,E00114,R014,4,805.71,32.23,773.48,502.3,78.0,13.92
751,Invalid Foreign Key: Order_ID; Invalid Foreign Key: Order_Item_ID; Invalid Foreign Key: Employee_ID,SA00000750,O0000750,OI00000750,2025-09-21,C000751,P00751,E00251,R011,1,671.42,6.71,664.71,421.0,55.0,11.96
787,Invalid Foreign Key: Order_ID; Invalid Foreign Key: Order_Item_ID; Invalid Foreign Key: Customer_ID,SA00000786,O0000786,OI00000786,2025-10-27,C000787,P00787,E00287,R007,2,2257.43,45.15,2212.28,1416.88,91.0,39.82
842,Invalid Foreign Key: Order_Item_ID; Invalid Foreign Key: Product_ID,SA00000841,O0000841,OI00000841,2025-12-21,C000842,P00842,E00342,R002,2,1114.2,11.14,1103.06,698.28,66.0,19.86
921,Invalid Foreign Key: Order_Item_ID; Invalid Foreign Key: Product_ID,SA00000920,O0000920,OI00000920,2026-03-10,C000921,P00921,E00421,R001,1,290.34,8.71,281.63,181.47,65.0,5.07
997,Invalid Foreign Key: Order_ID; Invalid Foreign Key: Order_Item_ID; Invalid Foreign Key: Customer_ID,SA00000996,O0000996,OI00000996,2026-05-25,C000997,P00997,E00497,R017,2,2511.48,50.23,2461.25,1576.57,61.0,44.3
998,Invalid Foreign Key: Order_Item_ID; Invalid Foreign Key: Product_ID,SA00000997,O0000997,OI00000997,2026-05-26,C000998,P00998,E00498,R018,3,3805.33,114.16,3691.17,2388.81,62.0,66.44
1251,Invalid Foreign Key: Order_ID; Invalid Foreign Key: Order_Item_ID; Invalid Foreign Key: Employee_ID,SA00001250,O0001250,OI00001250,2026-02-03,C001251,P00251,E00251,R011,1,671.42,26.86,644.57,421.0,75.0,11.6
1307,Invalid Foreign Key: Order_Item_ID; Invalid Foreign Key: Product_ID,SA00001306,O0001306,OI00001306,2026-03-31,C001307,P00307,E00307,R007,2,225.02,9.0,216.02,139.37,51.0,3.89
1421,Invalid Foreign Key: Order_Item_ID; Invalid Foreign Key: Product_ID,SA00001420,O0001420,OI00001420,2026-07-23,C001421,P00421,E00421,R001,1,290.34,17.42,272.92,181.47,85.0,4.91
1499,Invalid Foreign Key: Order_Item_ID; Invalid Foreign Key: Product_ID,SA00001498,O0001498,OI00001498,2025-10-09,C001499,P00499,E00499,R019,4,5124.58,0.0,5124.58,3217.02,83.0,92.24
1574,Invalid Foreign Key: Order_ID; Invalid Foreign Key: Order_Item_ID; Invalid Foreign Key: Customer_ID,SA00001573,O0001573,OI00001573,2025-12-23,C001574,P00574,E00074,R014,4,3854.33,192.72,3661.61,2418.57,78.0,65.91
1577,Invalid Foreign Key: Order_Item_ID; Invalid Foreign Key: Product_ID,SA00001576,O0001576,OI00001576,2025-12-26,C001577,P00577,E00077,R017,2,2003.38,20.03,1983.34,1257.19,81.0,35.7
1614,Invalid Foreign Key: Order_Item_ID; Invalid Foreign Key: Product_ID,SA00001613,O0001613,OI00001613,2026-02-01,C001614,P00614,E00114,R014,4,805.71,24.17,781.54,502.3,38.0,14.07
1751,Invalid Foreign Key: Order_ID; Invalid Foreign Key: Order_Item_ID; Invalid Foreign Key: Employee_ID,SA00001750,O0001750,OI00001750,2026-06-18,C001751,P00751,E00251,R011,1,671.42,0.0,671.42,421.0,95.0,12.09
1778,Invalid Foreign Key: Order_ID; Invalid Foreign Key: Order_Item_ID,SA00001777,O0001777,OI00001777,2026-07-15,C001778,P00778,E00278,R018,3,3043.18,182.59,2860.59,1909.74,42.0,51.49
1842,Invalid Foreign Key: Order_Item_ID; Invalid Foreign Key: Product_ID,SA00001841,O0001841,OI00001841,2025-09-17,C001842,P00842,E00342,R002,2,1114.2,0.0,1114.2,698.28,26.0,20.06
1921,Invalid Foreign Key: Order_Item_ID; Invalid Foreign Key: Product_ID,SA00001920,O0001920,OI00001920,2025-12-05,C001921,P00921,E00421,R001,1,290.34,5.81,284.54,181.47,25.0,5.12
1994,Invalid Foreign Key: Order_ID; Invalid Foreign Key: Order_Item_ID; Invalid Foreign Key: Customer_ID,SA00001993,O0001993,OI00001993,2026-02-16,C001994,P00994,E00494,R014,4,4870.53,243.53,4627.01,3057.33,98.0,83.29
1998,Invalid Foreign Key: Order_Item_ID; Invalid Foreign Key: Product_ID,SA00001997,O0001997,OI00001997,2026-02-20,C001998,P00998,E00498,R018,3,3805.33,76.11,3729.22,2388.81,102.0,67.13
2202,Invalid Foreign Key: Order_ID; Invalid Foreign Key: Order_Item_ID,SA00002201,O0002201,OI00002201,2025-09-12,C002202,P00202,E00202,R002,2,97.99,2.94,95.05,59.52,66.0,1.71
2251,Invalid Foreign Key: Order_ID; Invalid Foreign Key: Order_Item_ID; Invalid Foreign Key: Employee_ID,SA00002250,O0002250,OI00002250,2025-10-31,C002251,P00251,E00251,R011,1,671.42,20.14,651.28,421.0,35.0,11.72
2307,Invalid Foreign Key: Order_Item_ID; Invalid Foreign Key: Product_ID,SA00002306,O0002306,OI00002306,2025-12-26,C002307,P00307,E00307,R007,2,225.02,6.75,218.27,139.37,91.0,3.93
2361,Invalid Foreign Key: Order_ID; Invalid Foreign Key: Order_Item_ID; Invalid Foreign Key: Customer_ID,SA00002360,O0002360,OI00002360,2026-02-18,C002361,P00361,E00361,R001,1,798.45,7.98,790.46,500.84,65.0,14.23
2421,Invalid Foreign Key: Order_Item_ID; Invalid Foreign Key: Product_ID,SA00002420,O0002420,OI00002420,2026-04-19,C002421,P00421,E00421,R001,1,290.34,14.52,275.83,181.47,45.0,4.96
2499,Invalid Foreign Key: Order_Item_ID; Invalid Foreign Key: Product_ID,SA00002498,O0002498,OI00002498,2026-07-06,C002499,P00499,E00499,R019,4,5124.58,307.48,4817.11,3217.02,43.0,86.71
2577,Invalid Foreign Key: Order_Item_ID; Invalid Foreign Key: Product_ID,SA00002576,O0002576,OI00002576,2025-09-22,C002577,P00577,E00077,R017,2,2003.38,0.0,2003.38,1257.19,41.0,36.06
2614,Invalid Foreign Key: Order_Item_ID; Invalid Foreign Key: Product_ID,SA00002613,O0002613,OI00002613,2025-10-29,C002614,P00614,E00114,R014,4,805.71,16.11,789.59,502.3,78.0,14.21
2751,Invalid Foreign Key: Order_ID; Invalid Foreign Key: Order_Item_ID; Invalid Foreign Key: Employee_ID,SA00002750,O0002750,OI00002750,2026-03-15,C002751,P00751,E00251,R011,1,671.42,40.29,631.14,421.0,55.0,11.36
2842,Invalid Foreign Key: Order_Item_ID; Invalid Foreign Key: Product_ID,SA00002841,O0002841,OI00002841,2026-06-14,C002842,P00842,E00342,R002,2,1114.2,66.85,1047.35,698.28,66.0,18.85
2921,Invalid Foreign Key: Order_Item_ID; Invalid Foreign Key: Product_ID,SA00002920,O0002920,OI00002920,2025-09-01,C002921,P00921,E00421,R001,1,290.34,2.9,287.44,181.47,65.0,5.17
2991,Invalid Foreign Key: Order_ID; Invalid Foreign Key: Order_Item_ID; Invalid Foreign Key: Customer_ID,SA00002990,O0002990,OI00002990,2025-11-10,C002991,P00991,E00491,R011,1,1179.53,11.8,1167.73,740.38,55.0,21.02
2998,Invalid Foreign Key: Order_Item_ID; Invalid Foreign Key: Product_ID,SA00002997,O0002997,OI00002997,2025-11-17,C002998,P00998,E00498,R018,3,3805.33,38.05,3767.28,2388.81,62.0,67.81
3148,Invalid Foreign Key: Order_ID; Invalid Foreign Key: Order_Item_ID; Invalid Foreign Key: Customer_ID,SA00003147,O0003147,OI00003147,2026-04-16,C003148,P00148,E00148,R008,3,1899.94,76.0,1823.95,1191.14,52.0,32.83
3204,Invalid Foreign Key: Order_Item_ID,SA00003203,O0003203,OI00003203,2026-06-11,C003204,P00204,E00204,R004,4,297.6,11.9,285.7,182.92,28.0,5.14
3251,Invalid Foreign Key: Order_ID; Invalid Foreign Key: Order_Item_ID; Invalid Foreign Key: Employee_ID,SA00003250,O0003250,OI00003250,2026-07-28,C003251,P00251,E00251,R011,1,671.42,13.43,657.99,421.0,75.0,11.84
3307,Invalid Foreign Key: Order_Item_ID; Invalid Foreign Key: Product_ID,SA00003306,O0003306,OI00003306,2025-09-22,C003307,P00307,E00307,R007,2,225.02,4.5,220.52,139.37,51.0,3.97
3332,Invalid Foreign Key: Order_ID; Invalid Foreign Key: Order_Item_ID,SA00003331,O0003331,OI00003331,2025-10-17,C003332,P00332,E00332,R012,2,860.15,51.61,808.54,538.59,76.0,14.55
3421,Invalid Foreign Key: Order_Item_ID; Invalid Foreign Key: Product_ID,SA00003420,O0003420,OI00003420,2026-01-14,C003421,P00421,E00421,R001,1,290.34,11.61,278.73,181.47,85.0,5.02
3499,Invalid Foreign Key: Order_Item_ID; Invalid Foreign Key: Product_ID,SA00003498,O0003498,OI00003498,2026-04-02,C003499,P00499,E00499,R019,4,5124.58,256.23,4868.36,3217.02,83.0,87.63
3555,Invalid Foreign Key: Order_ID; Invalid Foreign Key: Order_Item_ID,SA00003554,O0003554,OI00003554,2026-05-28,C003555,P00555,E00055,R015,5,3611.16,180.56,3430.6,2264.69,59.0,61.75
3577,Invalid Foreign Key: Order_Item_ID; Invalid Foreign Key: Product_ID,SA00003576,O0003576,OI00003576,2026-06-19,C003577,P00577,E00077,R017,2,2003.38,120.2,1883.18,1257.19,81.0,33.9
3614,Invalid Foreign Key: Order_Item_ID; Invalid Foreign Key: Product_ID,SA00003613,O0003613,OI00003613,2026-07-26,C003614,P00614,E00114,R014,4,805.71,8.06,797.65,502.3,38.0,14.36
3751,Invalid Foreign Key: Order_ID; Invalid Foreign Key: Order_Item_ID; Invalid Foreign Key: Employee_ID,SA00003750,O0003750,OI00003750,2025-12-10,C003751,P00751,E00251,R011,1,671.42,33.57,637.85,421.0,95.0,11.48
3842,Invalid Foreign Key: Order_Item_ID; Invalid Foreign Key: Product_ID,SA00003841,O0003841,OI00003841,2026-03-11,C003842,P00842,E00342,R002,2,1114.2,55.71,1058.49,698.28,26.0,19.05
3921,Invalid Foreign Key: Order_Item_ID; Invalid Foreign Key: Product_ID,SA00003920,O0003920,OI00003920,2026-05-29,C003921,P00921,E00421,R001,1,290.34,0.0,290.34,181.47,25.0,5.23
3935,Invalid Foreign Key: Order_ID; Invalid Foreign Key: Order_Item_ID; Invalid Foreign Key: Customer_ID,SA00003934,O0003934,OI00003934,2026-06-12,C003935,P00935,E00435,R015,5,2340.9,0.0,2340.9,1466.24,39.0,42.14
3988,Invalid Foreign Key: Order_ID; Invalid Foreign Key: Order_Item_ID; Invalid Foreign Key: Customer_ID,SA00003987,O0003987,OI00003987,2026-08-04,C003988,P00988,E00488,R008,3,3424.25,136.97,3287.28,2149.28,92.0,59.17
3998,Invalid Foreign Key: Order_Item_ID; Invalid Foreign Key: Product_ID,SA00003997,O0003997,OI00003997,2026-08-14,C003998,P00998,E00498,R018,3,3805.33,0.0,3805.33,2388.81,102.0,68.5
4002,Negative Value: Quantity; Negative Value: Gross_Sales; Negative Value: Net_Sales; Invalid Foreign Key: Order_Item_ID,SA00004001,O0004001,OI00004001,2026-08-18,C004002,P00002,E00002,R002,-2,-97.99,-3.92,-94.07,59.52,26.0,0.0
4251,Invalid Foreign Key: Order_ID; Invalid Foreign Key: Order_Item_ID; Invalid Foreign Key: Employee_ID,SA00004250,O0004250,OI00004250,2026-04-24,C004251,P00251,E00251,R011,1,671.42,6.71,664.71,421.0,35.0,11.96
4307,Invalid Foreign Key: Order_Item_ID; Invalid Foreign Key: Product_ID,SA00004306,O0004306,OI00004306,2026-06-19,C004307,P00307,E00307,R007,2,225.02,2.25,222.77,139.37,91.0,4.01
4403,Invalid Foreign Key: Order_ID; Invalid Foreign Key: Order_Item_ID,SA00004402,O0004402,OI00004402,2025-09-23,C004403,P00403,E00403,R003,3,185.09,11.11,173.99,113.23,27.0,3.13
4421,Invalid Foreign Key: Order_Item_ID; Invalid Foreign Key: Product_ID,SA00004420,O0004420,OI00004420,2025-10-11,C004421,P00421,E00421,R001,1,290.34,8.71,281.63,181.47,45.0,5.07
4499,Invalid Foreign Key: Order_Item_ID; Invalid Foreign Key: Product_ID,SA00004498,O0004498,OI00004498,2025-12-28,C004499,P00499,E00499,R019,4,5124.58,204.98,4919.6,3217.02,43.0,88.55
4577,Invalid Foreign Key: Order_Item_ID; Invalid Foreign Key: Product_ID,SA00004576,O0004576,OI00004576,2026-03-16,C004577,P00577,E00077,R017,2,2003.38,100.17,1903.21,1257.19,41.0,34.26
4614,Invalid Foreign Key: Order_Item_ID; Invalid Foreign Key: Product_ID,SA00004613,O0004613,OI00004613,2026-04-22,C004614,P00614,E00114,R014,4,805.71,0.0,805.71,502.3,78.0,14.5
4722,Invalid Foreign Key: Order_ID; Invalid Foreign Key: Order_Item_ID; Invalid Foreign Key: Customer_ID,SA00004721,O0004721,OI00004721,2026-08-08,C004722,P00722,E00222,R002,2,606.09,18.18,587.91,378.9,26.0,10.58
4751,Invalid Foreign Key: Order_ID; Invalid Foreign Key: Order_Item_ID; Invalid Foreign Key: Employee_ID,SA00004750,O0004750,OI00004750,2025-09-06,C004751,P00751,E00251,R011,1,671.42,26.86,644.57,421.0,55.0,11.6
4842,Invalid Foreign Key: Order_Item_ID; Invalid Foreign Key: Product_ID,SA00004841,O0004841,OI00004841,2025-12-06,C004842,P00842,E00342,R002,2,1114.2,44.57,1069.63,698.28,66.0,19.25
4921,Invalid Foreign Key: Order_Item_ID; Invalid Foreign Key: Product_ID,SA00004920,O0004920,OI00004920,2026-02-23,C004921,P00921,E00421,R001,1,290.34,17.42,272.92,181.47,65.0,4.91
4985,Invalid Foreign Key: Order_ID; Invalid Foreign Key: Order_Item_ID; Invalid Foreign Key: Customer_ID,SA00004984,O0004984,OI00004984,2026-04-28,C004985,P00985,E00485,R005,5,5516.55,0.0,5516.55,3462.36,49.0,99.3
4998,Invalid Foreign Key: Order_Item_ID; Invalid Foreign Key: Product_ID,SA00004997,O0004997,OI00004997,2026-05-11,C004998,P00998,E00498,R018,3,3805.33,228.32,3577.01,2388.81,62.0,64.39
5004,Invalid Foreign Key: Order_Item_ID,SA00005003,O0005003,OI00005003,2026-05-17,C005004,P00004,E00004,R004,4,297.6,14.88,282.72,182.92,68.0,5.09
5251,Invalid Foreign Key: Order_ID; Invalid Foreign Key: Order_Item_ID; Invalid Foreign Key: Employee_ID,SA00005250,O0005250,OI00005250,2026-01-19,C005251,P00251,E00251,R011,1,671.42,0.0,671.42,421.0,75.0,12.09
5307,Invalid Foreign Key: Order_Item_ID; Invalid Foreign Key: Product_ID,SA00005306,O0005306,OI00005306,2026-03-16,C005307,P00307,E00307,R007,2,225.02,0.0,225.02,139.37,51.0,4.05
5332,Invalid Foreign Key: Order_ID; Invalid Foreign Key: Order_Item_ID,SA00005331,O0005331,OI00005331,2026-04-10,C005332,P00332,E00332,R012,2,860.15,34.41,825.74,538.59,76.0,14.86
5421,Invalid Foreign Key: Order_Item_ID; Invalid Foreign Key: Product_ID,SA00005420,O0005420,OI00005420,2026-07-08,C005421,P00421,E00421,R001,1,290.34,5.81,284.54,181.47,85.0,5.12
5499,Invalid Foreign Key: Order_Item_ID; Invalid Foreign Key: Product_ID,SA00005498,O0005498,OI00005498,2025-09-24,C005499,P00499,E00499,R019,4,5124.58,153.74,4970.85,3217.02,83.0,89.48
5509,Invalid Foreign Key: Order_ID; Invalid Foreign Key: Order_Item_ID; Invalid Foreign Key: Customer_ID,SA00005508,O0005508,OI00005508,2025-10-04,C005509,P00509,E00009,R009,4,551.65,33.1,518.56,342.61,93.0,9.33
5577,Invalid Foreign Key: Order_Item_ID; Invalid Foreign Key: Product_ID,SA00005576,O0005576,OI00005576,2025-12-11,C005577,P00577,E00077,R017,2,2003.38,80.14,1923.24,1257.19,81.0,34.62
5614,Invalid Foreign Key: Order_Item_ID; Invalid Foreign Key: Product_ID,SA00005613,O0005613,OI00005613,2026-01-17,C005614,P00614,E00114,R014,4,805.71,48.34,757.36,502.3,38.0,13.63
5751,Invalid Foreign Key: Order_ID; Invalid Foreign Key: Order_Item_ID; Invalid Foreign Key: Employee_ID,SA00005750,O0005750,OI00005750,2026-06-03,C005751,P00751,E00251,R011,1,671.42,20.14,651.28,421.0,95.0,11.72
5842,Invalid Foreign Key: Order_Item_ID; Invalid Foreign Key: Product_ID,SA00005841,O0005841,OI00005841,2025-09-02,C005842,P00842,E00342,R002,2,1114.2,33.43,1080.77,698.28,26.0,19.45
5921,Invalid Foreign Key: Order_Item_ID; Invalid Foreign Key: Product_ID,SA00005920,O0005920,OI00005920,2025-11-20,C005921,P00921,E00421,R001,1,290.34,14.52,275.83,181.47,25.0,4.96
5982,Invalid Foreign Key: Order_ID; Invalid Foreign Key: Order_Item_ID; Invalid Foreign Key: Customer_ID,SA00005981,O0005981,OI00005981,2026-01-20,C005982,P00982,E00482,R002,2,2130.4,63.91,2066.49,1337.04,86.0,37.2
5998,Invalid Foreign Key: Order_Item_ID; Invalid Foreign Key: Product_ID,SA00005997,O0005997,OI00005997,2026-02-05,C005998,P00998,E00498,R018,3,3805.33,190.27,3615.06,2388.81,102.0,65.07
6251,Invalid Foreign Key: Order_ID; Invalid Foreign Key: Order_Item_ID; Invalid Foreign Key: Employee_ID,SA00006250,O0006250,OI00006250,2025-10-16,C006251,P00251,E00251,R011,1,671.42,40.29,631.14,421.0,35.0,11.36
6296,Invalid Foreign Key: Order_ID; Invalid Foreign Key: Order_Item_ID; Invalid Foreign Key: Customer_ID,SA00006295,O0006295,OI00006295,2025-11-30,C006296,P00296,E00296,R016,1,1243.04,24.86,1218.18,780.3,80.0,21.93
6307,Invalid Foreign Key: Order_Item_ID; Invalid Foreign Key: Product_ID,SA00006306,O0006306,OI00006306,2025-12-11,C006307,P00307,E00307,R007,2,225.02,13.5,211.52,139.37,91.0,3.81
6407,Invalid Foreign Key: Order_Item_ID,SA00006406,O0006406,OI00006406,2026-03-21,C006407,P00407,E00407,R007,2,225.02,2.25,222.77,139.37,31.0,4.01
6421,Invalid Foreign Key: Order_Item_ID; Invalid Foreign Key: Product_ID,SA00006420,O0006420,OI00006420,2026-04-04,C006421,P00421,E00421,R001,1,290.34,2.9,287.44,181.47,45.0,5.17
6499,Invalid Foreign Key: Order_Item_ID; Invalid Foreign Key: Product_ID,SA00006498,O0006498,OI00006498,2026-06-21,C006499,P00499,E00499,R019,4,5124.58,102.49,5022.09,3217.02,43.0,90.4
6577,Invalid Foreign Key: Order_Item_ID; Invalid Foreign Key: Product_ID,SA00006576,O0006576,OI00006576,2025-09-07,C006577,P00577,E00077,R017,2,2003.38,60.1,1943.28,2388.67,41.0,34.98
6604,Invalid Foreign Key: Order_ID; Invalid Foreign Key: Order_Item_ID,SA00006603,O0006603,OI00006603,2025-10-04,C006604,P00604,E00104,R004,4,297.6,5.95,291.65,182.92,68.0,5.25
6614,Invalid Foreign Key: Order_Item_ID; Invalid Foreign Key: Product_ID,SA00006613,O0006613,OI00006613,2025-10-14,C006614,P00614,E00114,R014,4,805.71,40.29,765.42,502.3,78.0,13.78
6663,Invalid Foreign Key: Order_ID; Invalid Foreign Key: Order_Item_ID,SA00006662,O0006662,OI00006662,2025-12-02,C006663,P00663,E00163,R003,3,2471.56,123.58,2347.98,1550.44,47.0,42.26
6751,Invalid Foreign Key: Order_ID; Invalid Foreign Key: Order_Item_ID; Invalid Foreign Key: Employee_ID,SA00006750,O0006750,OI00006750,2026-02-28,C006751,P00751,E00251,R011,1,671.42,13.43,657.99,421.0,55.0,11.84
6842,Invalid Foreign Key: Order_Item_ID; Invalid Foreign Key: Product_ID,SA00006841,O0006841,OI00006841,2026-05-30,C006842,P00842,E00342,R002,2,1114.2,22.28,1091.91,698.28,66.0,19.65
6921,Invalid Foreign Key: Order_Item_ID; Invalid Foreign Key: Product_ID,SA00006920,O0006920,OI00006920,2026-08-17,C006921,P00921,E00421,R001,1,290.34,11.61,278.73,181.47,65.0,5.02
6979,Invalid Foreign Key: Order_ID; Invalid Foreign Key: Order_Item_ID; Invalid Foreign Key: Customer_ID,SA00006978,O0006978,OI00006978,2025-10-14,C006979,P00979,E00479,R019,4,4108.38,246.5,3861.88,2578.26,43.0,69.51
6998,Invalid Foreign Key: Order_Item_ID; Invalid Foreign Key: Product_ID,SA00006997,O0006997,OI00006997,2025-11-02,C006998,P00998,E00498,R018,3,3805.33,152.21,3653.12,2388.81,62.0,65.76
7002,Invalid Foreign Key: Order_Item_ID,SA00007001,O0007001,OI00007001,2025-11-06,C007002,P00002,E00002,R002,2,97.99,0.98,97.01,59.52,66.0,1.75
7083,Invalid Foreign Key: Order_ID; Invalid Foreign Key: Order_Item_ID; Invalid Foreign Key: Customer_ID,SA00007082,O0007082,OI00007082,2026-01-26,C007083,P00083,E00083,R003,3,3233.71,161.69,3072.03,2029.51,67.0,55.3
7109,Invalid Foreign Key: Order_ID; Invalid Foreign Key: Order_Item_ID,SA00007108,O0007108,OI00007108,2026-02-21,C007109,P00109,E00109,R009,4,551.65,16.55,535.11,342.61,93.0,9.63
7251,Invalid Foreign Key: Order_ID; Invalid Foreign Key: Order_Item_ID; Invalid Foreign Key: Employee_ID,SA00007250,O0007250,OI00007250,2026-07-13,C007251,P00251,E00251,R011,1,671.42,33.57,637.85,421.0,75.0,11.48
7307,Invalid Foreign Key: Order_Item_ID; Invalid Foreign Key: Product_ID,SA00007306,O0007306,OI00007306,2025-09-07,C007307,P00307,E00307,R007,2,225.02,11.25,213.77,139.37,51.0,3.85
7421,Invalid Foreign Key: Order_Item_ID; Invalid Foreign Key: Product_ID,SA00007420,O0007420,OI00007420,2025-12-30,C007421,P00421,E00421,R001,1,290.34,0.0,290.34,181.47,85.0,5.23
7499,Invalid Foreign Key: Order_Item_ID; Invalid Foreign Key: Product_ID,SA00007498,O0007498,OI00007498,2026-03-18,C007499,P00499,E00499,R019,4,5124.58,51.25,5073.34,3217.02,83.0,91.32
7577,Invalid Foreign Key: Order_Item_ID; Invalid Foreign Key: Product_ID,SA00007576,O0007576,OI00007576,2026-06-04,C007577,P00577,E00077,R017,2,2003.38,40.07,1963.31,1257.19,81.0,35.34
7614,Invalid Foreign Key: Order_Item_ID; Invalid Foreign Key: Product_ID,SA00007613,O0007613,OI00007613,2026-07-11,C007614,P00614,E00114,R014,4,805.71,32.23,773.48,502.3,38.0,13.92
7751,Invalid Foreign Key: Order_ID; Invalid Foreign Key: Order_Item_ID; Invalid Foreign Key: Employee_ID,SA00007750,O0007750,OI00007750,2025-11-25,C007751,P00751,E00251,R011,1,671.42,6.71,664.71,421.0,95.0,11.96
7842,Invalid Foreign Key: Order_Item_ID; Invalid Foreign Key: Product_ID,SA00007841,O0007841,OI00007841,2026-02-24,C007842,P00842,E00342,R002,2,1114.2,11.14,1103.06,698.28,26.0,19.86
7870,Invalid Foreign Key: Order_ID; Invalid Foreign Key: Order_Item_ID; Invalid Foreign Key: Customer_ID,SA00007869,O0007869,OI00007869,2026-03-24,C007870,P00870,E00370,R010,5,4563.86,45.64,4518.22,2863.52,54.0,81.33
7921,Invalid Foreign Key: Order_Item_ID; Invalid Foreign Key: Product_ID,SA00007920,O0007920,OI00007920,2026-05-14,C007921,P00921,E00421,R001,1,290.34,8.71,281.63,181.47,25.0,5.07
7976,Invalid Foreign Key: Order_ID; Invalid Foreign Key: Order_Item_ID; Invalid Foreign Key: Customer_ID,SA00007975,O0007975,OI00007975,2026-07-08,C007976,P00976,E00476,R016,1,988.99,19.78,969.21,620.61,80.0,17.45
7998,Invalid Foreign Key: Order_Item_ID; Invalid Foreign Key: Product_ID,SA00007997,O0007997,OI00007997,2026-07-30,C007998,P00998,E00498,R018,3,3805.33,114.16,3691.17,2388.81,102.0,66.44
8003,Negative Value: Quantity; Negative Value: Gross_Sales; Negative Value: Net_Sales; Invalid Foreign Key: Order_Item_ID,SA00008002,O0008002,OI00008002,2026-08-04,C008003,P00003,E00003,R003,-2,-123.4,-1.23,-122.16,75.49,27.0,0.0
8251,Invalid Foreign Key: Order_ID; Invalid Foreign Key: Order_Item_ID; Invalid Foreign Key: Employee_ID,SA00008250,O0008250,OI00008250,2026-04-09,C008251,P00251,E00251,R011,1,671.42,26.86,644.57,421.0,35.0,11.6
8307,Invalid Foreign Key: Order_Item_ID; Invalid Foreign Key: Product_ID,SA00008306,O0008306,OI00008306,2026-06-04,C008307,P00307,E00307,R007,2,225.02,9.0,216.02,139.37,91.0,3.89
8421,Invalid Foreign Key: Order_Item_ID; Invalid Foreign Key: Product_ID,SA00008420,O0008420,OI00008420,2025-09-26,C008421,P00421,E00421,R001,1,290.34,17.42,272.92,181.47,45.0,4.91
8499,Invalid Foreign Key: Order_Item_ID; Invalid Foreign Key: Product_ID,SA00008498,O0008498,OI00008498,2025-12-13,C008499,P00499,E00499,R019,4,5124.58,0.0,5124.58,3217.02,43.0,92.24
8577,Invalid Foreign Key: Order_Item_ID; Invalid Foreign Key: Product_ID,SA00008576,O0008576,OI00008576,2026-03-01,C008577,P00577,E00077,R017,2,2003.38,20.03,1983.34,1257.19,41.0,35.7
8614,Invalid Foreign Key: Order_Item_ID; Invalid Foreign Key: Product_ID,SA00008613,O0008613,OI00008613,2026-04-07,C008614,P00614,E00114,R014,4,805.71,24.17,781.54,502.3,78.0,14.07
8657,Invalid Foreign Key: Order_ID; Invalid Foreign Key: Order_Item_ID; Invalid Foreign Key: Customer_ID,SA00008656,O0008656,OI00008656,2026-05-20,C008657,P00657,E00157,R017,2,1495.28,59.81,1435.46,937.81,41.0,25.84
8751,Invalid Foreign Key: Order_ID; Invalid Foreign Key: Order_Item_ID; Invalid Foreign Key: Employee_ID,SA00008750,O0008750,OI00008750,2026-08-22,C008751,P00751,E00251,R011,1,671.42,0.0,671.42,421.0,55.0,12.09
8805,Invalid Foreign Key: Order_ID; Invalid Foreign Key: Order_Item_ID,SA00008804,O0008804,OI00008804,2025-10-15,C008805,P00805,E00305,R005,5,435.52,21.78,413.74,268.57,29.0,7.45
8842,Invalid Foreign Key: Order_Item_ID; Invalid Foreign Key: Product_ID,SA00008841,O0008841,OI00008841,2025-11-21,C008842,P00842,E00342,R002,2,1114.2,0.0,1114.2,698.28,66.0,20.06
8886,Invalid Foreign Key: Order_ID; Invalid Foreign Key: Order_Item_ID,SA00008885,O0008885,OI00008885,2026-01-04,C008886,P00886,E00386,R006,1,1116.01,22.32,1093.69,700.46,30.0,19.69
8921,Invalid Foreign Key: Order_Item_ID; Invalid Foreign Key: Product_ID,SA00008920,O0008920,OI00008920,2026-02-08,C008921,P00921,E00421,R001,1,290.34,5.81,284.54,181.47,65.0,5.12
8973,Invalid Foreign Key: Order_ID; Invalid Foreign Key: Order_Item_ID; Invalid Foreign Key: Customer_ID,SA00008972,O0008972,OI00008972,2026-04-01,C008973,P00973,E00473,R013,3,2852.64,142.63,2710.01,1789.98,37.0,48.78
8998,Invalid Foreign Key: Order_Item_ID; Invalid Foreign Key: Product_ID,SA00008997,O0008997,OI00008997,2026-04-26,C008998,P00998,E00498,R018,3,3805.33,76.11,3729.22,2388.81,62.0,67.13
9251,Invalid Foreign Key: Order_ID; Invalid Foreign Key: Order_Item_ID; Invalid Foreign Key: Employee_ID,SA00009250,O0009250,OI00009250,2026-01-04,C009251,P00251,E00251,R011,1,671.42,20.14,651.28,421.0,75.0,11.72
9307,Invalid Foreign Key: Order_Item_ID; Invalid Foreign Key: Product_ID,SA00009306,O0009306,OI00009306,2026-03-01,C009307,P00307,E00307,R007,2,225.02,6.75,218.27,139.37,51.0,3.93
9421,Invalid Foreign Key: Order_Item_ID; Invalid Foreign Key: Product_ID,SA00009420,O0009420,OI00009420,2026-06-23,C009421,P00421,E00421,R001,1,290.34,14.52,275.83,181.47,85.0,4.96
9444,Invalid Foreign Key: Order_ID; Invalid Foreign Key: Order_Item_ID; Invalid Foreign Key: Customer_ID,SA00009443,O0009443,OI00009443,2026-07-16,C009444,P00444,E00444,R004,4,2330.02,0.0,2330.02,1460.43,28.0,41.94
9499,Invalid Foreign Key: Order_Item_ID; Invalid Foreign Key: Product_ID,SA00009498,O0009498,OI00009498,2025-09-09,C009499,P00499,E00499,R019,4,5124.58,307.48,4817.11,3217.02,83.0,86.71
9577,Invalid Foreign Key: Order_Item_ID; Invalid Foreign Key: Product_ID,SA00009576,O0009576,OI00009576,2025-11-26,C009577,P00577,E00077,R017,2,2003.38,0.0,2003.38,1257.19,81.0,36.06
9610,Invalid Foreign Key: Order_Item_ID,SA00009609,O0009609,OI00009609,2025-12-29,C009610,P00610,E00110,R010,5,753.08,37.65,715.43,468.18,34.0,12.88
9614,Invalid Foreign Key: Order_Item_ID; Invalid Foreign Key: Product_ID,SA00009613,O0009613,OI00009613,2026-01-02,C009614,P00614,E00114,R014,4,805.71,16.11,789.59,502.3,38.0,14.21
9751,Invalid Foreign Key: Order_ID; Invalid Foreign Key: Order_Item_ID; Invalid Foreign Key: Employee_ID,SA00009750,O0009750,OI00009750,2026-05-19,C009751,P00751,E00251,R011,1,671.42,40.29,631.14,421.0,95.0,11.36
9842,Invalid Foreign Key: Order_Item_ID; Invalid Foreign Key: Product_ID,SA00009841,O0009841,OI00009841,2026-08-18,C009842,P00842,E00342,R002,2,1114.2,66.85,1047.35,698.28,26.0,18.85
9921,Invalid Foreign Key: Order_Item_ID; Invalid Foreign Key: Product_ID,SA00009920,O0009920,OI00009920,2025-11-05,C009921,P00921,E00421,R001,1,290.34,2.9,287.44,181.47,25.0,5.17
9970,Invalid Foreign Key: Order_ID; Invalid Foreign Key: Order_Item_ID; Invalid Foreign Key: Customer_ID,SA00009969,O0009969,OI00009969,2025-12-24,C009970,P00970,E00470,R010,5,4563.86,45.64,4518.22,2863.52,74.0,81.33
9994,Invalid Foreign Key: Order_ID; Invalid Foreign Key: Order_Item_ID,SA00009993,O0009993,OI00009993,2026-01-17,C009994,P00994,E00494,R014,4,4870.53,194.82,4675.71,3057.33,98.0,84.16
9998,Invalid Foreign Key: Order_Item_ID; Invalid Foreign Key: Product_ID,SA00009997,O0009997,OI00009997,2026-01-21,C009998,P00998,E00498,R018,3,3805.33,38.05,3767.28,2388.81,102.0,67.81
10007,Invalid Foreign Key: Order_Item_ID,SA00010006,O0010006,OI00010006,2026-01-30,C010007,P00007,E00007,R007,2,225.02,6.75,218.27,139.37,31.0,3.93
10008,Invalid Foreign Key: Order_ID; Invalid Foreign Key: Order_Item_ID,SA00010007,O0010007,OI00010007,2026-01-31,C010008,P00008,E00008,R008,3,375.63,15.03,360.61,233.0,32.0,6.49
10231,Invalid Foreign Key: Order_ID; Invalid Foreign Key: Order_Item_ID; Invalid Foreign Key: Customer_ID,SA00010230,O0010230,OI00010230,2025-09-11,C010231,P00231,E00231,R011,1,417.37,12.52,404.85,261.31,95.0,7.29
10251,Invalid Foreign Key: Order_ID; Invalid Foreign Key: Order_Item_ID; Invalid Foreign Key: Employee_ID,SA00010250,O0010250,OI00010250,2025-10-01,C010251,P00251,E00251,R011,1,671.42,13.43,657.99,421.0,35.0,11.84
10307,Invalid Foreign Key: Order_Item_ID; Invalid Foreign Key: Product_ID,SA00010306,O0010306,OI00010306,2025-11-26,C010307,P00307,E00307,R007,2,225.02,4.5,220.52,139.37,91.0,3.97
10421,Invalid Foreign Key: Order_Item_ID; Invalid Foreign Key: Product_ID,SA00010420,O0010420,OI00010420,2026-03-20,C010421,P00421,E00421,R001,1,290.34,11.61,278.73,181.47,45.0,5.02
10499,Invalid Foreign Key: Order_Item_ID; Invalid Foreign Key: Product_ID,SA00010498,O0010498,OI00010498,2026-06-06,C010499,P00499,E00499,R019,4,5124.58,256.23,4868.36,3217.02,43.0,87.63
10577,Invalid Foreign Key: Order_Item_ID; Invalid Foreign Key: Product_ID,SA00010576,O0010576,OI00010576,2026-08-23,C010577,P00577,E00077,R017,2,2003.38,120.2,1883.18,1257.19,41.0,33.9
10614,Invalid Foreign Key: Order_Item_ID; Invalid Foreign Key: Product_ID,SA00010613,O0010613,OI00010613,2025-09-29,C010614,P00614,E00114,R014,4,805.71,8.06,797.65,502.3,78.0,14.36
10663,Invalid Foreign Key: Order_ID; Invalid Foreign Key: Order_Item_ID,SA00010662,O0010662,OI00010662,2025-11-17,C010663,P00663,E00163,R003,3,2471.56,24.72,2446.84,1550.44,47.0,44.04
10751,Invalid Foreign Key: Order_ID; Invalid Foreign Key: Order_Item_ID; Invalid Foreign Key: Employee_ID,SA00010750,O0010750,OI00010750,2026-02-13,C010751,P00751,E00251,R011,1,671.42,33.57,637.85,421.0,55.0,11.48
10842,Invalid Foreign Key: Order_Item_ID; Invalid Foreign Key: Product_ID,SA00010841,O0010841,OI00010841,2026-05-15,C010842,P00842,E00342,R002,2,1114.2,55.71,1058.49,698.28,66.0,19.05
10921,Invalid Foreign Key: Order_Item_ID; Invalid Foreign Key: Product_ID,SA00010920,O0010920,OI00010920,2026-08-02,C010921,P00921,E00421,R001,1,290.34,0.0,290.34,181.47,65.0,5.23
10967,Invalid Foreign Key: Order_ID; Invalid Foreign Key: Order_Item_ID; Invalid Foreign Key: Customer_ID,SA00010966,O0010966,OI00010966,2025-09-17,C010967,P00967,E00467,R007,2,1749.33,69.97,1679.35,1097.5,31.0,30.23
10998,Invalid Foreign Key: Order_Item_ID; Invalid Foreign Key: Product_ID,SA00010997,O0010997,OI00010997,2025-10-18,C010998,P00998,E00498,R018,3,3805.33,0.0,3805.33,2388.81,62.0,68.5
11006,Invalid Foreign Key: Order_ID; Invalid Foreign Key: Order_Item_ID,SA00011005,O0011005,OI00011005,2025-10-26,C011006,P00006,E00006,R006,1,99.81,1.0,98.81,61.7,70.0,1.78
11018,Invalid Foreign Key: Order_ID; Invalid Foreign Key: Order_Item_ID; Invalid Foreign Key: Customer_ID,SA00011017,O0011017,OI00011017,2025-11-07,C011018,P00018,E00018,R018,3,756.71,45.4,711.31,472.54,82.0,12.8
11251,Invalid Foreign Key: Order_ID; Invalid Foreign Key: Order_Item_ID; Invalid Foreign Key: Employee_ID,SA00011250,O0011250,OI00011250,2026-06-28,C011251,P00251,E00251,R011,1,671.42,6.71,664.71,421.0,75.0,11.96
11307,Invalid Foreign Key: Order_Item_ID; Invalid Foreign Key: Product_ID,SA00011306,O0011306,OI00011306,2026-08-23,C011307,P00307,E00307,R007,2,225.02,2.25,222.77,139.37,51.0,4.01
11421,Invalid Foreign Key: Order_Item_ID; Invalid Foreign Key: Product_ID,SA00011420,O0011420,OI00011420,2025-12-15,C011421,P00421,E00421,R001,1,290.34,8.71,281.63,181.47,85.0,5.07
11499,Invalid Foreign Key: Order_Item_ID; Invalid Foreign Key: Product_ID,SA00011498,O0011498,OI00011498,2026-03-03,C011499,P00499,E00499,R019,4,5124.58,204.98,4919.6,3217.02,83.0,88.55
11577,Invalid Foreign Key: Order_Item_ID; Invalid Foreign Key: Product_ID,SA00011576,O0011576,OI00011576,2026-05-20,C011577,P00577,E00077,R017,2,2003.38,100.17,1903.21,1257.19,81.0,34.26
11614,Invalid Foreign Key: Order_Item_ID; Invalid Foreign Key: Product_ID,SA00011613,O0011613,OI00011613,2026-06-26,C011614,P00614,E00114,R014,4,805.71,0.0,805.71,502.3,38.0,14.5
11751,Invalid Foreign Key: Order_ID; Invalid Foreign Key: Order_Item_ID; Invalid Foreign Key: Employee_ID,SA00011750,O0011750,OI00011750,2025-11-10,C011751,P00751,E00251,R011,1,671.42,26.86,644.57,421.0,95.0,11.6
11805,Invalid Foreign Key: Order_ID; Invalid Foreign Key: Order_Item_ID; Invalid Foreign Key: Customer_ID,SA00011804,O0011804,OI00011804,2026-01-03,C011805,P00805,E00305,R005,5,435.52,8.71,426.81,268.57,69.0,7.68
11842,Invalid Foreign Key: Order_Item_ID; Invalid Foreign Key: Product_ID,SA00011841,O0011841,OI00011841,2026-02-09,C011842,P00842,E00342,R002,2,1114.2,44.57,1069.63,698.28,26.0,19.25
11921,Invalid Foreign Key: Order_Item_ID; Invalid Foreign Key: Product_ID,SA00011920,O0011920,OI00011920,2026-04-29,C011921,P00921,E00421,R001,1,290.34,17.42,272.92,181.47,25.0,4.91
11964,Invalid Foreign Key: Order_ID; Invalid Foreign Key: Order_Item_ID; Invalid Foreign Key: Customer_ID,SA00011963,O0011963,OI00011963,2026-06-11,C011964,P00964,E00464,R004,4,3346.22,0.0,3346.22,2099.19,68.0,60.23
11998,Invalid Foreign Key: Order_Item_ID; Invalid Foreign Key: Product_ID,SA00011997,O0011997,OI00011997,2026-07-15,C011998,P00998,E00498,R018,3,3805.33,228.32,3577.01,2388.81,102.0,64.39
12004,Negative Value: Quantity; Negative Value: Gross_Sales; Negative Value: Net_Sales; Invalid Foreign Key: Order_Item_ID,SA00012003,O0012003,OI00012003,2026-07-21,C012004,P00004,E00004,R004,-2,-148.8,-7.44,-141.36,91.46,28.0,0.0
12251,Invalid Foreign Key: Order_ID; Invalid Foreign Key: Order_Item_ID; Invalid Foreign Key: Employee_ID,SA00012250,O0012250,OI00012250,2026-03-25,C012251,P00251,E00251,R011,1,671.42,0.0,671.42,421.0,35.0,12.09
12307,Invalid Foreign Key: Order_Item_ID; Invalid Foreign Key: Product_ID,SA00012306,O0012306,OI00012306,2026-05-20,C012307,P00307,E00307,R007,2,225.02,0.0,225.02,139.37,91.0,4.05
12421,Invalid Foreign Key: Order_Item_ID; Invalid Foreign Key: Product_ID,SA00012420,O0012420,OI00012420,2025-09-11,C012421,P00421,E00421,R001,1,290.34,5.81,284.54,181.47,45.0,5.12
12440,Invalid Foreign Key: Order_ID; Invalid Foreign Key: Order_Item_ID,SA00012439,O0012439,OI00012439,2025-09-30,C012440,P00440,E00440,R020,5,2658.47,0.0,2658.47,1665.85,64.0,47.85
12499,Invalid Foreign Key: Order_Item_ID; Invalid Foreign Key: Product_ID,SA00012498,O0012498,OI00012498,2025-11-28,C012499,P00499,E00499,R019,4,5124.58,153.74,4970.85,3217.02,43.0,89.48
12577,Invalid Foreign Key: Order_Item_ID; Invalid Foreign Key: Product_ID,SA00012576,O0012576,OI00012576,2026-02-14,C012577,P00577,E00077,R017,2,2003.38,80.14,1923.24,1257.19,41.0,34.62
12592,Invalid Foreign Key: Order_ID; Invalid Foreign Key: Order_Item_ID; Invalid Foreign Key: Customer_ID,SA00012591,O0012591,OI00012591,2026-03-01,C012592,P00592,E00092,R012,2,2384.46,119.22,2265.23,1496.73,56.0,40.77
12614,Invalid Foreign Key: Order_Item_ID; Invalid Foreign Key: Product_ID,SA00012613,O0012613,OI00012613,2026-03-23,C012614,P00614,E00114,R014,4,805.71,48.34,757.36,502.3,78.0,13.63
12751,Invalid Foreign Key: Order_ID; Invalid Foreign Key: Order_Item_ID; Invalid Foreign Key: Employee_ID,SA00012750,O0012750,OI00012750,2026-08-07,C012751,P00751,E00251,R011,1,671.42,20.14,651.28,421.0,55.0,11.72
12813,Invalid Foreign Key: Order_Item_ID,SA00012812,O0012812,OI00012812,2025-10-08,C012813,P00813,E00313,R013,3,566.17,11.32,554.85,352.77,37.0,9.99
12842,Invalid Foreign Key: Order_Item_ID; Invalid Foreign Key: Product_ID,SA00012841,O0012841,OI00012841,2025-11-06,C012842,P00842,E00342,R002,2,1114.2,33.43,1080.77,698.28,66.0,19.45
12921,Invalid Foreign Key: Order_Item_ID; Invalid Foreign Key: Product_ID,SA00012920,O0012920,OI00012920,2026-01-24,C012921,P00921,E00421,R001,1,290.34,14.52,275.83,181.47,65.0,4.96
12961,Invalid Foreign Key: Order_ID; Invalid Foreign Key: Order_Item_ID; Invalid Foreign Key: Customer_ID,SA00012960,O0012960,OI00012960,2026-03-05,C012961,P00961,E00461,R001,1,798.45,23.95,774.49,500.84,25.0,13.94
12998,Invalid Foreign Key: Order_Item_ID; Invalid Foreign Key: Product_ID,SA00012997,O0012997,OI00012997,2026-04-11,C012998,P00998,E00498,R018,3,3805.33,190.27,3615.06,2388.81,62.0,65.07
13207,Invalid Foreign Key: Order_ID; Invalid Foreign Key: Order_Item_ID,SA00013206,O0013206,OI00013206,2025-11-06,C013207,P00207,E00207,R007,2,225.02,9.0,216.02,139.37,31.0,3.89
13251,Invalid Foreign Key: Order_ID; Invalid Foreign Key: Order_Item_ID; Invalid Foreign Key: Employee_ID,SA00013250,O0013250,OI00013250,2025-12-20,C013251,P00251,E00251,R011,1,671.42,40.29,631.14,421.0,75.0,11.36
13307,Invalid Foreign Key: Order_Item_ID; Invalid Foreign Key: Product_ID,SA00013306,O0013306,OI00013306,2026-02-14,C013307,P00307,E00307,R007,2,225.02,13.5,211.52,139.37,51.0,3.81
13325,Invalid Foreign Key: Order_ID; Invalid Foreign Key: Order_Item_ID,SA00013324,O0013324,OI00013324,2026-03-04,C013325,P00325,E00325,R005,5,1705.78,51.17,1654.6,1067.02,69.0,29.78
13379,Invalid Foreign Key: Order_ID; Invalid Foreign Key: Order_Item_ID; Invalid Foreign Key: Customer_ID,SA00013378,O0013378,OI00013378,2026-04-27,C013379,P00379,E00379,R019,4,4108.38,41.08,4067.29,2578.26,43.0,73.21
13421,Invalid Foreign Key: Order_Item_ID; Invalid Foreign Key: Product_ID,SA00013420,O0013420,OI00013420,2026-06-08,C013421,P00421,E00421,R001,1,290.34,2.9,287.44,181.47,85.0,5.17
13499,Invalid Foreign Key: Order_Item_ID; Invalid Foreign Key: Product_ID,SA00013498,O0013498,OI00013498,2026-08-25,C013499,P00499,E00499,R019,4,5124.58,102.49,5022.09,3217.02,83.0,90.4
13577,Invalid Foreign Key: Order_Item_ID; Invalid Foreign Key: Product_ID,SA00013576,O0013576,OI00013576,2025-11-11,C013577,P00577,E00077,R017,2,2003.38,60.1,1943.28,1257.19,81.0,34.98
13614,Invalid Foreign Key: Order_Item_ID; Invalid Foreign Key: Product_ID,SA00013613,O0013613,OI00013613,2025-12-18,C013614,P00614,E00114,R014,4,805.71,40.29,765.42,502.3,38.0,13.78
13751,Invalid Foreign Key: Order_ID; Invalid Foreign Key: Order_Item_ID; Invalid Foreign Key: Employee_ID,SA00013750,O0013750,OI00013750,2026-05-04,C013751,P00751,E00251,R011,1,671.42,13.43,657.99,421.0,95.0,11.84
13842,Invalid Foreign Key: Order_Item_ID; Invalid Foreign Key: Product_ID,SA00013841,O0013841,OI00013841,2026-08-03,C013842,P00842,E00342,R002,2,1114.2,22.28,1091.91,698.28,26.0,19.65
13921,Invalid Foreign Key: Order_Item_ID; Invalid Foreign Key: Product_ID,SA00013920,O0013920,OI00013920,2025-10-21,C013921,P00921,E00421,R001,1,290.34,11.61,278.73,181.47,25.0,5.02
13958,Invalid Foreign Key: Order_ID; Invalid Foreign Key: Order_Item_ID; Invalid Foreign Key: Customer_ID,SA00013957,O0013957,OI00013957,2025-11-27,C013958,P00958,E00458,R018,3,2281.02,136.86,2144.16,1430.67,62.0,38.59
13998,Invalid Foreign Key: Order_Item_ID; Invalid Foreign Key: Product_ID,SA00013997,O0013997,OI00013997,2026-01-06,C013998,P00998,E00498,R018,3,3805.33,152.21,3653.12,2388.81,102.0,65.76
14003,Invalid Foreign Key: Order_Item_ID,SA00014002,O0014002,OI00014002,2026-01-11,C014003,P00003,E00003,R003,3,185.09,3.7,181.39,113.23,27.0,3.27
14166,Invalid Foreign Key: Order_ID; Invalid Foreign Key: Order_Item_ID; Invalid Foreign Key: Customer_ID,SA00014165,O0014165,OI00014165,2026-06-23,C014166,P00166,E00166,R006,1,861.96,34.48,827.48,540.77,30.0,14.89
14217,Invalid Foreign Key: Order_ID; Invalid Foreign Key: Order_Item_ID,SA00014216,O0014216,OI00014216,2026-08-13,C014217,P00217,E00217,R017,2,479.07,28.74,450.32,299.06,81.0,8.11
14251,Invalid Foreign Key: Order_ID; Invalid Foreign Key: Order_Item_ID; Invalid Foreign Key: Employee_ID,SA00014250,O0014250,OI00014250,2025-09-16,C014251,P00251,E00251,R011,1,671.42,33.57,637.85,421.0,35.0,11.48
14307,Invalid Foreign Key: Order_Item_ID; Invalid Foreign Key: Product_ID,SA00014306,O0014306,OI00014306,2025-11-11,C014307,P00307,E00307,R007,2,225.02,11.25,213.77,139.37,91.0,3.85
14421,Invalid Foreign Key: Order_Item_ID; Invalid Foreign Key: Product_ID,SA00014420,O0014420,OI00014420,2026-03-05,C014421,P00421,E00421,R001,1,290.34,0.0,290.34,181.47,45.0,5.23
14499,Invalid Foreign Key: Order_Item_ID; Invalid Foreign Key: Product_ID,SA00014498,O0014498,OI00014498,2026-05-22,C014499,P00499,E00499,R019,4,5124.58,51.25,5073.34,3217.02,43.0,91.32
14577,Invalid Foreign Key: Order_Item_ID; Invalid Foreign Key: Product_ID,SA00014576,O0014576,OI00014576,2026-08-08,C014577,P00577,E00077,R017,2,2003.38,40.07,1963.31,1257.19,41.0,35.34
14614,Invalid Foreign Key: Order_Item_ID; Invalid Foreign Key: Product_ID,SA00014613,O0014613,OI00014613,2025-09-14,C014614,P00614,E00114,R014,4,805.71,32.23,773.48,502.3,78.0,13.92
14751,Invalid Foreign Key: Order_ID; Invalid Foreign Key: Order_Item_ID; Invalid Foreign Key: Employee_ID,SA00014750,O0014750,OI00014750,2026-01-29,C014751,P00751,E00251,R011,1,671.42,6.71,664.71,421.0,55.0,11.96
14842,Invalid Foreign Key: Order_Item_ID; Invalid Foreign Key: Product_ID,SA00014841,O0014841,OI00014841,2026-04-30,C014842,P00842,E00342,R002,2,1114.2,11.14,1103.06,698.28,66.0,19.86
14921,Invalid Foreign Key: Order_Item_ID; Invalid Foreign Key: Product_ID,SA00014920,O0014920,OI00014920,2026-07-18,C014921,P00921,E00421,R001,1,290.34,8.71,281.63,181.47,65.0,5.07
14953,Invalid Foreign Key: Order_ID; Invalid Foreign Key: Order_Item_ID; Invalid Foreign Key: Customer_ID,SA00014952,O0014952,OI00014952,2026-08-19,C014953,P00953,E00453,R013,3,2090.48,0.0,2090.48,1310.91,97.0,37.63
14955,Invalid Foreign Key: Order_ID; Invalid Foreign Key: Order_Item_ID; Invalid Foreign Key: Customer_ID,SA00014954,O0014954,OI00014954,2026-08-21,C014955,P00955,E00455,R015,5,3611.16,72.22,3538.94,2264.69,99.0,63.7
14998,Invalid Foreign Key: Order_Item_ID; Invalid Foreign Key: Product_ID,SA00014997,O0014997,OI00014997,2025-10-03,C014998,P00998,E00498,R018,3,3805.33,114.16,3691.17,2388.81,62.0,66.44
15010,Invalid Foreign Key: Order_Item_ID,SA00015009,O0015009,OI00015009,2025-10-15,C015010,P00010,E00010,R010,5,753.08,7.53,745.55,468.18,74.0,13.42
15251,Invalid Foreign Key: Order_ID; Invalid Foreign Key: Order_Item_ID; Invalid Foreign Key: Employee_ID,SA00015250,O0015250,OI00015250,2026-06-13,C015251,P00251,E00251,R011,1,671.42,26.86,644.57,421.0,75.0,11.6
15307,Invalid Foreign Key: Order_Item_ID; Invalid Foreign Key: Product_ID,SA00015306,O0015306,OI00015306,2026-08-08,C015307,P00307,E00307,R007,2,225.02,9.0,216.02,139.37,51.0,3.89
15408,Invalid Foreign Key: Order_ID; Invalid Foreign Key: Order_Item_ID,SA00015407,O0015407,OI00015407,2025-11-17,C015408,P00408,E00408,R008,3,375.63,0.0,375.63,233.0,72.0,6.76
15421,Invalid Foreign Key: Order_Item_ID; Invalid Foreign Key: Product_ID,SA00015420,O0015420,OI00015420,2025-11-30,C015421,P00421,E00421,R001,1,290.34,17.42,272.92,181.47,85.0,4.91
15499,Invalid Foreign Key: Order_Item_ID; Invalid Foreign Key: Product_ID,SA00015498,O0015498,OI00015498,2026-02-16,C015499,P00499,E00499,R019,4,5124.58,0.0,5124.58,3217.02,83.0,92.24
15577,Invalid Foreign Key: Order_Item_ID; Invalid Foreign Key: Product_ID,SA00015576,O0015576,OI00015576,2026-05-05,C015577,P00577,E00077,R017,2,2003.38,20.03,1983.34,1257.19,81.0,35.7
15614,Invalid Foreign Key: Order_Item_ID; Invalid Foreign Key: Product_ID,SA00015613,O0015613,OI00015613,2026-06-11,C015614,P00614,E00114,R014,4,805.71,24.17,781.54,502.3,38.0,14.07
15740,Invalid Foreign Key: Order_ID; Invalid Foreign Key: Order_Item_ID; Invalid Foreign Key: Customer_ID,SA00015739,O0015739,OI00015739,2025-10-15,C015740,P00740,E00240,R020,5,2658.47,79.75,2578.71,1665.85,84.0,46.42
15751,Invalid Foreign Key: Order_ID; Invalid Foreign Key: Order_Item_ID; Invalid Foreign Key: Employee_ID,SA00015750,O0015750,OI00015750,2025-10-26,C015751,P00751,E00251,R011,1,671.42,0.0,671.42,421.0,95.0,12.09
15842,Invalid Foreign Key: Order_Item_ID; Invalid Foreign Key: Product_ID,SA00015841,O0015841,OI00015841,2026-01-25,C015842,P00842,E00342,R002,2,1114.2,0.0,1114.2,698.28,26.0,20.06
15921,Invalid Foreign Key: Order_Item_ID; Invalid Foreign Key: Product_ID,SA00015920,O0015920,OI00015920,2026-04-14,C015921,P00921,E00421,R001,1,290.34,5.81,284.54,181.47,25.0,5.12
15952,Invalid Foreign Key: Order_ID; Invalid Foreign Key: Order_Item_ID; Invalid Foreign Key: Customer_ID,SA00015951,O0015951,OI00015951,2026-05-15,C015952,P00952,E00452,R012,2,1368.25,68.41,1299.84,857.97,56.0,23.4
15994,Invalid Foreign Key: Order_ID; Invalid Foreign Key: Order_Item_ID,SA00015993,O0015993,OI00015993,2026-06-26,C015994,P00994,E00494,R014,4,4870.53,243.53,4627.01,3057.33,98.0,83.29
15998,Invalid Foreign Key: Order_Item_ID; Invalid Foreign Key: Product_ID,SA00015997,O0015997,OI00015997,2026-06-30,C015998,P00998,E00498,R018,3,3805.33,76.11,3729.22,2388.81,102.0,67.13
16005,Negative Value: Quantity; Negative Value: Gross_Sales; Negative Value: Net_Sales; Invalid Foreign Key: Order_Item_ID,SA00016004,O0016004,OI00016004,2026-07-07,C016005,P00005,E00005,R005,-2,-174.21,-3.48,-170.72,107.43,29.0,0.0
16016,Invalid Foreign Key: Order_Item_ID,SA00016015,O0016015,OI00016015,2026-07-18,C016016,P00016,E00016,R016,1,226.83,13.61,213.22,141.54,40.0,3.84
16251,Invalid Foreign Key: Order_ID; Invalid Foreign Key: Order_Item_ID; Invalid Foreign Key: Employee_ID,SA00016250,O0016250,OI00016250,2026-03-10,C016251,P00251,E00251,R011,1,671.42,20.14,651.28,421.0,35.0,11.72
16307,Invalid Foreign Key: Order_Item_ID; Invalid Foreign Key: Product_ID,SA00016306,O0016306,OI00016306,2026-05-05,C016307,P00307,E00307,R007,2,225.02,6.75,218.27,139.37,91.0,3.93
16421,Invalid Foreign Key: Order_Item_ID; Invalid Foreign Key: Product_ID,SA00016420,O0016420,OI00016420,2026-08-27,C016421,P00421,E00421,R001,1,290.34,14.52,275.83,181.47,45.0,4.96
16499,Invalid Foreign Key: Order_Item_ID; Invalid Foreign Key: Product_ID,SA00016498,O0016498,OI00016498,2025-11-13,C016499,P00499,E00499,R019,4,5124.58,307.48,4817.11,3217.02,43.0,86.71
16527,Invalid Foreign Key: Order_ID; Invalid Foreign Key: Order_Item_ID; Invalid Foreign Key: Customer_ID,SA00016526,O0016526,OI00016526,2025-12-11,C016527,P00527,E00027,R007,2,733.12,43.99,689.13,458.74,71.0,12.4
16577,Invalid Foreign Key: Order_Item_ID; Invalid Foreign Key: Product_ID,SA00016576,O0016576,OI00016576,2026-01-30,C016577,P00577,E00077,R017,2,2003.38,0.0,2003.38,1257.19,41.0,36.06
16614,Invalid Foreign Key: Order_Item_ID; Invalid Foreign Key: Product_ID,SA00016613,O0016613,OI00016613,2026-03-08,C016614,P00614,E00114,R014,4,805.71,16.11,789.59,502.3,78.0,14.21
16656,Invalid Foreign Key: Order_ID; Invalid Foreign Key: Order_Item_ID,SA00016655,O0016655,OI00016655,2026-04-19,C016656,P00656,E00156,R016,1,734.94,14.7,720.24,460.92,40.0,12.96
16751,Invalid Foreign Key: Order_ID; Invalid Foreign Key: Order_Item_ID; Invalid Foreign Key: Employee_ID,SA00016750,O0016750,OI00016750,2026-07-23,C016751,P00751,E00251,R011,1,671.42,40.29,631.14,421.0,55.0,11.36
16842,Invalid Foreign Key: Order_Item_ID; Invalid Foreign Key: Product_ID,SA00016841,O0016841,OI00016841,2025-10-22,C016842,P00842,E00342,R002,2,1114.2,66.85,1047.35,698.28,66.0,18.85
16921,Invalid Foreign Key: Order_Item_ID; Invalid Foreign Key: Product_ID,SA00016920,O0016920,OI00016920,2026-01-09,C016921,P00921,E00421,R001,1,290.34,2.9,287.44,181.47,65.0,5.17
16949,Invalid Foreign Key: Order_ID; Invalid Foreign Key: Order_Item_ID; Invalid Foreign Key: Customer_ID,SA00016948,O0016948,OI00016948,2026-02-06,C016949,P00949,E00449,R009,4,2584.07,25.84,2558.23,1620.12,93.0,46.05
16998,Invalid Foreign Key: Order_Item_ID; Invalid Foreign Key: Product_ID,SA00016997,O0016997,OI00016997,2026-03-27,C016998,P00998,E00498,R018,3,3805.33,38.05,3767.28,2388.81,62.0,67.81
17251,Invalid Foreign Key: Order_ID; Invalid Foreign Key: Order_Item_ID; Invalid Foreign Key: Employee_ID,SA00017250,O0017250,OI00017250,2025-12-05,C017251,P00251,E00251,R011,1,671.42,13.43,657.99,421.0,75.0,11.84
17307,Invalid Foreign Key: Order_Item_ID; Invalid Foreign Key: Product_ID,SA00017306,O0017306,OI00017306,2026-01-30,C017307,P00307,E00307,R007,2,225.02,4.5,220.52,139.37,51.0,3.97
17314,Invalid Foreign Key: Order_ID; Invalid Foreign Key: Order_Item_ID; Invalid Foreign Key: Customer_ID,SA00017313,O0017313,OI00017313,2026-02-06,C017314,P00314,E00314,R014,4,805.71,16.11,789.59,502.3,58.0,14.21
17421,Invalid Foreign Key: Order_Item_ID; Invalid Foreign Key: Product_ID,SA00017420,O0017420,OI00017420,2026-05-24,C017421,P00421,E00421,R001,1,290.34,11.61,278.73,181.47,85.0,5.02
17499,Invalid Foreign Key: Order_Item_ID; Invalid Foreign Key: Product_ID,SA00017498,O0017498,OI00017498,2026-08-10,C017499,P00499,E00499,R019,4,5124.58,256.23,4868.36,3217.02,83.0,87.63
17577,Invalid Foreign Key: Order_Item_ID; Invalid Foreign Key: Product_ID,SA00017576,O0017576,OI00017576,2025-10-27,C017577,P00577,E00077,R017,2,2003.38,120.2,1883.18,1257.19,81.0,33.9
17609,Invalid Foreign Key: Order_ID; Invalid Foreign Key: Order_Item_ID,SA00017608,O0017608,OI00017608,2025-11-28,C017609,P00609,E00109,R009,4,551.65,16.55,535.11,342.61,33.0,9.63
17614,Invalid Foreign Key: Order_Item_ID; Invalid Foreign Key: Product_ID,SA00017613,O0017613,OI00017613,2025-12-03,C017614,P00614,E00114,R014,4,805.71,8.06,797.65,502.3,38.0,14.36
17751,Invalid Foreign Key: Order_ID; Invalid Foreign Key: Order_Item_ID; Invalid Foreign Key: Employee_ID,SA00017750,O0017750,OI00017750,2026-04-19,C017751,P00751,E00251,R011,1,671.42,33.57,637.85,421.0,95.0,11.48
17771,Invalid Foreign Key: Order_ID; Invalid Foreign Key: Order_Item_ID,SA00017770,O0017770,OI00017770,2026-05-09,C017771,P00771,E00271,R011,1,925.47,37.02,888.45,580.69,35.0,15.99
17842,Invalid Foreign Key: Order_Item_ID; Invalid Foreign Key: Product_ID,SA00017841,O0017841,OI00017841,2026-07-19,C017842,P00842,E00342,R002,2,1114.2,55.71,1058.49,698.28,26.0,19.05
17921,Invalid Foreign Key: Order_Item_ID; Invalid Foreign Key: Product_ID,SA00017920,O0017920,OI00017920,2025-10-06,C017921,P00921,E00421,R001,1,290.34,0.0,290.34,181.47,25.0,5.23
17946,Invalid Foreign Key: Order_ID; Invalid Foreign Key: Order_Item_ID; Invalid Foreign Key: Customer_ID,SA00017945,O0017945,OI00017945,2025-10-31,C017946,P00946,E00446,R006,1,607.91,24.32,583.59,381.08,50.0,10.5
17998,Invalid Foreign Key: Order_Item_ID; Invalid Foreign Key: Product_ID,SA00017997,O0017997,OI00017997,2025-12-22,C017998,P00998,E00498,R018,3,3805.33,0.0,3805.33,2388.81,102.0,68.5
18101,Invalid Foreign Key: Order_ID; Invalid Foreign Key: Order_Item_ID; Invalid Foreign Key: Customer_ID,SA00018100,O0018100,OI00018100,2026-04-04,C018101,P00101,E00101,R001,1,36.29,1.81,34.48,21.78,45.0,0.62
18251,Invalid Foreign Key: Order_ID; Invalid Foreign Key: Order_Item_ID; Invalid Foreign Key: Employee_ID,SA00018250,O0018250,OI00018250,2025-09-01,C018251,P00251,E00251,R011,1,671.42,6.71,664.71,421.0,35.0,11.96
18307,Invalid Foreign Key: Order_Item_ID; Invalid Foreign Key: Product_ID,SA00018306,O0018306,OI00018306,2025-10-27,C018307,P00307,E00307,R007,2,225.02,2.25,222.77,139.37,91.0,4.01
18421,Invalid Foreign Key: Order_Item_ID; Invalid Foreign Key: Product_ID,SA00018420,O0018420,OI00018420,2026-02-18,C018421,P00421,E00421,R001,1,290.34,8.71,281.63,181.47,45.0,5.07
18499,Invalid Foreign Key: Order_Item_ID; Invalid Foreign Key: Product_ID,SA00018498,O0018498,OI00018498,2026-05-07,C018499,P00499,E00499,R019,4,5124.58,204.98,4919.6,3217.02,43.0,88.55
18577,Invalid Foreign Key: Order_Item_ID; Invalid Foreign Key: Product_ID,SA00018576,O0018576,OI00018576,2026-07-24,C018577,P00577,E00077,R017,2,2003.38,100.17,1903.21,1257.19,41.0,34.26
18614,Invalid Foreign Key: Order_Item_ID; Invalid Foreign Key: Product_ID,SA00018613,O0018613,OI00018613,2026-08-30,C018614,P00614,E00114,R014,4,805.71,0.0,805.71,502.3,78.0,14.5
18751,Invalid Foreign Key: Order_ID; Invalid Foreign Key: Order_Item_ID; Invalid Foreign Key: Employee_ID,SA00018750,O0018750,OI00018750,2026-01-14,C018751,P00751,E00251,R011,1,671.42,26.86,644.57,421.0,55.0,11.6
18842,Invalid Foreign Key: Order_Item_ID; Invalid Foreign Key: Product_ID,SA00018841,O0018841,OI00018841,2026-04-15,C018842,P00842,E00342,R002,2,1114.2,44.57,1069.63,698.28,66.0,19.25
18888,Invalid Foreign Key: Order_ID; Invalid Foreign Key: Order_Item_ID; Invalid Foreign Key: Customer_ID,SA00018887,O0018887,OI00018887,2026-05-31,C018888,P00888,E00388,R008,3,3424.25,34.24,3390.01,2149.28,32.0,61.02
18921,Invalid Foreign Key: Order_Item_ID; Invalid Foreign Key: Product_ID,SA00018920,O0018920,OI00018920,2026-07-03,C018921,P00921,E00421,R001,1,290.34,17.42,272.92,181.47,65.0,4.91
18943,Invalid Foreign Key: Order_ID; Invalid Foreign Key: Order_Item_ID; Invalid Foreign Key: Customer_ID,SA00018942,O0018942,OI00018942,2026-07-25,C018943,P00943,E00443,R003,3,1709.4,0.0,1709.4,1071.37,87.0,30.77
18998,Invalid Foreign Key: Order_Item_ID; Invalid Foreign Key: Product_ID,SA00018997,O0018997,OI00018997,2025-09-18,C018998,P00998,E00498,R018,3,3805.33,228.32,3577.01,2388.81,62.0,64.39
19219,Invalid Foreign Key: Order_Item_ID,SA00019218,O0019218,OI00019218,2026-04-27,C019219,P00219,E00219,R019,4,1059.76,31.79,1027.97,661.99,43.0,18.5
19251,Invalid Foreign Key: Order_ID; Invalid Foreign Key: Order_Item_ID; Invalid Foreign Key: Employee_ID,SA00019250,O0019250,OI00019250,2026-05-29,C019251,P00251,E00251,R011,1,671.42,0.0,671.42,421.0,75.0,12.09
19307,Invalid Foreign Key: Order_Item_ID; Invalid Foreign Key: Product_ID,SA00019306,O0019306,OI00019306,2026-07-24,C019307,P00307,E00307,R007,2,225.02,0.0,225.02,139.37,51.0,4.05
19421,Invalid Foreign Key: Order_Item_ID; Invalid Foreign Key: Product_ID,SA00019420,O0019420,OI00019420,2025-11-15,C019421,P00421,E00421,R001,1,290.34,5.81,284.54,181.47,85.0,5.12
19499,Invalid Foreign Key: Order_Item_ID; Invalid Foreign Key: Product_ID,SA00019498,O0019498,OI00019498,2026-02-01,C019499,P00499,E00499,R019,4,5124.58,153.74,4970.85,3217.02,83.0,89.48
19548,Invalid Foreign Key: Order_ID; Invalid Foreign Key: Order_Item_ID,SA00019547,O0019547,OI00019547,2026-03-22,C019548,P00548,E00048,R008,3,1899.94,57.0,1842.95,1191.14,52.0,33.17
19577,Invalid Foreign Key: Order_Item_ID; Invalid Foreign Key: Product_ID,SA00019576,O0019576,OI00019576,2026-04-20,C019577,P00577,E00077,R017,2,2003.38,80.14,1923.24,1257.19,81.0,34.62
19614,Invalid Foreign Key: Order_Item_ID; Invalid Foreign Key: Product_ID,SA00019613,O0019613,OI00019613,2026-05-27,C019614,P00614,E00114,R014,4,805.71,48.34,757.36,502.3,38.0,13.63
19675,Invalid Foreign Key: Order_ID; Invalid Foreign Key: Order_Item_ID; Invalid Foreign Key: Customer_ID,SA00019674,O0019674,OI00019674,2026-07-27,C019675,P00675,E00175,R015,5,4881.42,195.26,4686.16,3063.14,99.0,84.35
19751,Invalid Foreign Key: Order_ID; Invalid Foreign Key: Order_Item_ID; Invalid Foreign Key: Employee_ID,SA00019750,O0019750,OI00019750,2025-10-11,C019751,P00751,E00251,R011,1,671.42,20.14,651.28,421.0,95.0,11.72
19810,Invalid Foreign Key: Order_ID; Invalid Foreign Key: Order_Item_ID,SA00019809,O0019809,OI00019809,2025-12-09,C019810,P00810,E00310,R010,5,753.08,45.18,707.9,468.18,74.0,12.74
19842,Invalid Foreign Key: Order_Item_ID; Invalid Foreign Key: Product_ID,SA00019841,O0019841,OI00019841,2026-01-10,C019842,P00842,E00342,R002,2,1114.2,33.43,1080.77,698.28,26.0,19.45
19921,Invalid Foreign Key: Order_Item_ID; Invalid Foreign Key: Product_ID,SA00019920,O0019920,OI00019920,2026-03-30,C019921,P00921,E00421,R001,1,290.34,14.52,275.83,181.47,25.0,4.96
19940,Invalid Foreign Key: Order_ID; Invalid Foreign Key: Order_Item_ID; Invalid Foreign Key: Customer_ID,SA00019939,O0019939,OI00019939,2026-04-18,C019940,P00940,E00440,R020,5,2658.47,79.75,2578.71,1665.85,44.0,46.42
19987,Invalid Foreign Key: Order_ID; Invalid Foreign Key: Order_Item_ID,SA00019986,O0019986,OI00019986,2026-06-04,C019987,P00987,E00487,R007,2,2257.43,22.57,2234.86,1416.88,91.0,40.23
19998,Invalid Foreign Key: Order_Item_ID; Invalid Foreign Key: Product_ID,SA00019997,O0019997,OI00019997,2026-06-15,C019998,P00998,E00498,R018,3,3805.33,190.27,3615.06,2388.81,102.0,65.07
20006,Negative Value: Quantity; Negative Value: Gross_Sales; Negative Value: Net_Sales; Invalid Foreign Key: Order_Item_ID,SA00020005,O0020005,OI00020005,2026-06-23,C000006,P00006,E00006,R006,-2,-199.61,-11.98,-187.64,123.4,30.0,0.0
20013,Invalid Foreign Key: Order_Item_ID,SA00020012,O0020012,OI00020012,2026-06-30,C000013,P00013,E00013,R013,3,566.17,33.97,532.2,352.77,37.0,9.58
20015,Invalid Foreign Key: Order_ID; Invalid Foreign Key: Order_Item_ID,SA00020014,O0020014,OI00020014,2026-07-02,C000015,P00015,E00015,R015,5,1070.65,10.71,1059.94,667.79,39.0,19.08
20251,Invalid Foreign Key: Order_ID; Invalid Foreign Key: Order_Item_ID; Invalid Foreign Key: Employee_ID,SA00020250,O0020250,OI00020250,2026-02-23,C000251,P00251,E00251,R011,1,671.42,40.29,631.14,421.0,35.0,11.36
20307,Invalid Foreign Key: Order_Item_ID; Invalid Foreign Key: Product_ID,SA00020306,O0020306,OI00020306,2026-04-20,C000307,P00307,E00307,R007,2,225.02,13.5,211.52,139.37,91.0,3.81
20421,Invalid Foreign Key: Order_Item_ID; Invalid Foreign Key: Product_ID,SA00020420,O0020420,OI00020420,2026-08-12,C000421,P00421,E00421,R001,1,290.34,2.9,287.44,181.47,45.0,5.17
20499,Invalid Foreign Key: Order_Item_ID; Invalid Foreign Key: Product_ID,SA00020498,O0020498,OI00020498,2025-10-29,C000499,P00499,E00499,R019,4,5124.58,102.49,5022.09,3217.02,43.0,90.4
20577,Invalid Foreign Key: Order_Item_ID; Invalid Foreign Key: Product_ID,SA00020576,O0020576,OI00020576,2026-01-15,C000577,P00577,E00077,R017,2,2003.38,60.1,1943.28,1257.19,41.0,34.98
20614,Invalid Foreign Key: Order_Item_ID; Invalid Foreign Key: Product_ID,SA00020613,O0020613,OI00020613,2026-02-21,C000614,P00614,E00114,R014,4,805.71,40.29,765.42,502.3,78.0,13.78
20751,Invalid Foreign Key: Order_ID; Invalid Foreign Key: Order_Item_ID; Invalid Foreign Key: Employee_ID,SA00020750,O0020750,OI00020750,2026-07-08,C000751,P00751,E00251,R011,1,671.42,13.43,657.99,421.0,55.0,11.84
20787,Invalid Foreign Key: Order_ID; Invalid Foreign Key: Order_Item_ID; Invalid Foreign Key: Customer_ID,SA00020786,O0020786,OI00020786,2026-08-13,C000787,P00787,E00287,R007,2,2257.43,67.72,2189.71,1416.88,91.0,39.41
20842,Invalid Foreign Key: Order_Item_ID; Invalid Foreign Key: Product_ID,SA00020841,O0020841,OI00020841,2025-10-07,C000842,P00842,E00342,R002,2,1114.2,22.28,1091.91,698.28,66.0,19.65
20921,Invalid Foreign Key: Order_Item_ID; Invalid Foreign Key: Product_ID,SA00020920,O0020920,OI00020920,2025-12-25,C000921,P00921,E00421,R001,1,290.34,11.61,278.73,181.47,65.0,5.02
20997,Invalid Foreign Key: Order_ID; Invalid Foreign Key: Order_Item_ID; Invalid Foreign Key: Customer_ID,SA00020996,O0020996,OI00020996,2026-03-11,C000997,P00997,E00497,R017,2,2511.48,75.34,2436.14,1576.57,61.0,43.85
20998,Invalid Foreign Key: Order_Item_ID; Invalid Foreign Key: Product_ID,SA00020997,O0020997,OI00020997,2026-03-12,C000998,P00998,E00498,R018,3,3805.33,152.21,3653.12,2388.81,62.0,65.76
21004,Invalid Foreign Key: Order_Item_ID,SA00021003,O0021003,OI00021003,2026-03-18,C001004,P00004,E00004,R004,4,297.6,8.93,288.68,182.92,68.0,5.2
21251,Invalid Foreign Key: Order_ID; Invalid Foreign Key: Order_Item_ID; Invalid Foreign Key: Employee_ID,SA00021250,O0021250,OI00021250,2025-11-20,C001251,P00251,E00251,R011,1,671.42,33.57,637.85,421.0,75.0,11.48
21307,Invalid Foreign Key: Order_Item_ID; Invalid Foreign Key: Product_ID,SA00021306,O0021306,OI00021306,2026-01-15,C001307,P00307,E00307,R007,2,225.02,11.25,213.77,139.37,51.0,3.85
21325,Invalid Foreign Key: Order_ID; Invalid Foreign Key: Order_Item_ID,SA00021324,O0021324,OI00021324,2026-02-02,C001325,P00325,E00325,R005,5,1705.78,34.12,1671.66,1067.02,69.0,30.09
21421,Invalid Foreign Key: Order_Item_ID; Invalid Foreign Key: Product_ID,SA00021420,O0021420,OI00021420,2026-05-09,C001421,P00421,E00421,R001,1,290.34,0.0,290.34,181.47,85.0,5.23
21499,Invalid Foreign Key: Order_Item_ID; Invalid Foreign Key: Product_ID,SA00021498,O0021498,OI00021498,2026-07-26,C001499,P00499,E00499,R019,4,5124.58,51.25,5073.34,3217.02,83.0,91.32
21574,Invalid Foreign Key: Order_ID; Invalid Foreign Key: Order_Item_ID; Invalid Foreign Key: Customer_ID,SA00021573,O0021573,OI00021573,2025-10-09,C001574,P00574,E00074,R014,4,3854.33,231.26,3623.07,2418.57,78.0,65.22
21577,Invalid Foreign Key: Order_Item_ID; Invalid Foreign Key: Product_ID,SA00021576,O0021576,OI00021576,2025-10-12,C001577,P00577,E00077,R017,2,2003.38,40.07,1963.31,1257.19,81.0,35.34
21614,Invalid Foreign Key: Order_Item_ID; Invalid Foreign Key: Product_ID,SA00021613,O0021613,OI00021613,2025-11-18,C001614,P00614,E00114,R014,4,805.71,32.23,773.48,502.3,38.0,13.92
21751,Invalid Foreign Key: Order_ID; Invalid Foreign Key: Order_Item_ID; Invalid Foreign Key: Employee_ID,SA00021750,O0021750,OI00021750,2026-04-04,C001751,P00751,E00251,R011,1,671.42,6.71,664.71,421.0,95.0,11.96
21842,Invalid Foreign Key: Order_Item_ID; Invalid Foreign Key: Product_ID,SA00021841,O0021841,OI00021841,2026-07-04,C001842,P00842,E00342,R002,2,1114.2,11.14,1103.06,698.28,26.0,19.86
21921,Invalid Foreign Key: Order_Item_ID; Invalid Foreign Key: Product_ID,SA00021920,O0021920,OI00021920,2025-09-21,C001921,P00921,E00421,R001,1,290.34,8.71,281.63,344.78,25.0,5.07
21994,Invalid Foreign Key: Order_ID; Invalid Foreign Key: Order_Item_ID; Invalid Foreign Key: Customer_ID,SA00021993,O0021993,OI00021993,2025-12-03,C001994,P00994,E00494,R014,4,4870.53,292.23,4578.3,3057.33,98.0,82.41
21998,Invalid Foreign Key: Order_Item_ID; Invalid Foreign Key: Product_ID,SA00021997,O0021997,OI00021997,2025-12-07,C001998,P00998,E00498,R018,3,3805.33,114.16,3691.17,2388.81,102.0,66.44
22011,Invalid Foreign Key: Order_ID; Invalid Foreign Key: Order_Item_ID,SA00022010,O0022010,OI00022010,2025-12-20,C002011,P00011,E00011,R011,1,163.32,3.27,160.05,101.62,35.0,2.88
22251,Invalid Foreign Key: Order_ID; Invalid Foreign Key: Order_Item_ID; Invalid Foreign Key: Employee_ID,SA00022250,O0022250,OI00022250,2026-08-17,C002251,P00251,E00251,R011,1,671.42,26.86,644.57,421.0,35.0,11.6
22307,Invalid Foreign Key: Order_Item_ID; Invalid Foreign Key: Product_ID,SA00022306,O0022306,OI00022306,2025-10-12,C002307,P00307,E00307,R007,2,225.02,9.0,216.02,139.37,91.0,3.89
22361,Invalid Foreign Key: Order_ID; Invalid Foreign Key: Order_Item_ID; Invalid Foreign Key: Customer_ID,SA00022360,O0022360,OI00022360,2025-12-05,C002361,P00361,E00361,R001,1,798.45,15.97,782.48,500.84,65.0,14.08
22421,Invalid Foreign Key: Order_Item_ID; Invalid Foreign Key: Product_ID,SA00022420,O0022420,OI00022420,2026-02-03,C002421,P00421,E00421,R001,1,290.34,17.42,272.92,181.47,45.0,4.91
22422,Invalid Foreign Key: Order_Item_ID,SA00022421,O0022421,OI00022421,2026-02-04,C002422,P00422,E00422,R002,2,606.09,0.0,606.09,378.9,46.0,10.91
22499,Invalid Foreign Key: Order_Item_ID; Invalid Foreign Key: Product_ID,SA00022498,O0022498,OI00022498,2026-04-22,C002499,P00499,E00499,R019,4,5124.58,0.0,5124.58,3217.02,43.0,92.24
22577,Invalid Foreign Key: Order_Item_ID; Invalid Foreign Key: Product_ID,SA00022576,O0022576,OI00022576,2026-07-09,C002577,P00577,E00077,R017,2,2003.38,20.03,1983.34,1257.19,41.0,35.7
22614,Invalid Foreign Key: Order_Item_ID; Invalid Foreign Key: Product_ID,SA00022613,O0022613,OI00022613,2026-08-15,C002614,P00614,E00114,R014,4,805.71,24.17,781.54,502.3,78.0,14.07
22751,Invalid Foreign Key: Order_ID; Invalid Foreign Key: Order_Item_ID; Invalid Foreign Key: Employee_ID,SA00022750,O0022750,OI00022750,2025-12-30,C002751,P00751,E00251,R011,1,671.42,0.0,671.42,421.0,55.0,12.09
22842,Invalid Foreign Key: Order_Item_ID; Invalid Foreign Key: Product_ID,SA00022841,O0022841,OI00022841,2026-03-31,C002842,P00842,E00342,R002,2,1114.2,0.0,1114.2,698.28,66.0,20.06
22921,Invalid Foreign Key: Order_Item_ID; Invalid Foreign Key: Product_ID,SA00022920,O0022920,OI00022920,2026-06-18,C002921,P00921,E00421,R001,1,290.34,5.81,284.54,181.47,65.0,5.12
22991,Invalid Foreign Key: Order_ID; Invalid Foreign Key: Order_Item_ID; Invalid Foreign Key: Customer_ID,SA00022990,O0022990,OI00022990,2026-08-27,C002991,P00991,E00491,R011,1,1179.53,23.59,1155.93,740.38,55.0,20.81
22998,Invalid Foreign Key: Order_Item_ID; Invalid Foreign Key: Product_ID,SA00022997,O0022997,OI00022997,2025-09-03,C002998,P00998,E00498,R018,3,3805.33,76.11,3729.22,2388.81,62.0,67.13
23102,Invalid Foreign Key: Order_ID; Invalid Foreign Key: Order_Item_ID,SA00023101,O0023101,OI00023101,2025-12-16,C003102,P00102,E00102,R002,2,97.99,0.98,97.01,59.52,86.0,1.75
23148,Invalid Foreign Key: Order_ID; Invalid Foreign Key: Order_Item_ID; Invalid Foreign Key: Customer_ID,SA00023147,O0023147,OI00023147,2026-01-31,C003148,P00148,E00148,R008,3,1899.94,95.0,1804.95,1191.14,52.0,32.49
23251,Invalid Foreign Key: Order_ID; Invalid Foreign Key: Order_Item_ID; Invalid Foreign Key: Employee_ID,SA00023250,O0023250,OI00023250,2026-05-14,C003251,P00251,E00251,R011,1,671.42,20.14,651.28,421.0,75.0,11.72
23307,Invalid Foreign Key: Order_Item_ID; Invalid Foreign Key: Product_ID,SA00023306,O0023306,OI00023306,2026-07-09,C003307,P00307,E00307,R007,2,225.02,6.75,218.27,139.37,51.0,3.93
23318,Invalid Foreign Key: Order_ID; Invalid Foreign Key: Order_Item_ID,SA00023317,O0023317,OI00023317,2026-07-20,C003318,P00318,E00318,R018,3,756.71,0.0,756.71,472.54,62.0,13.62
23421,Invalid Foreign Key: Order_Item_ID; Invalid Foreign Key: Product_ID,SA00023420,O0023420,OI00023420,2025-10-31,C003421,P00421,E00421,R001,1,290.34,14.52,275.83,181.47,85.0,4.96
23499,Invalid Foreign Key: Order_Item_ID; Invalid Foreign Key: Product_ID,SA00023498,O0023498,OI00023498,2026-01-17,C003499,P00499,E00499,R019,4,5124.58,307.48,4817.11,3217.02,83.0,86.71
23577,Invalid Foreign Key: Order_Item_ID; Invalid Foreign Key: Product_ID,SA00023576,O0023576,OI00023576,2026-04-05,C003577,P00577,E00077,R017,2,2003.38,0.0,2003.38,1257.19,81.0,36.06
23614,Invalid Foreign Key: Order_Item_ID; Invalid Foreign Key: Product_ID,SA00023613,O0023613,OI00023613,2026-05-12,C003614,P00614,E00114,R014,4,805.71,16.11,789.59,502.3,38.0,14.21
23751,Invalid Foreign Key: Order_ID; Invalid Foreign Key: Order_Item_ID; Invalid Foreign Key: Employee_ID,SA00023750,O0023750,OI00023750,2025-09-26,C003751,P00751,E00251,R011,1,671.42,40.29,631.14,421.0,95.0,11.36
23842,Invalid Foreign Key: Order_Item_ID; Invalid Foreign Key: Product_ID,SA00023841,O0023841,OI00023841,2025-12-26,C003842,P00842,E00342,R002,2,1114.2,66.85,1047.35,698.28,26.0,18.85
23921,Invalid Foreign Key: Order_Item_ID; Invalid Foreign Key: Product_ID,SA00023920,O0023920,OI00023920,2026-03-15,C003921,P00921,E00421,R001,1,290.34,2.9,287.44,181.47,25.0,5.17
23935,Invalid Foreign Key: Order_ID; Invalid Foreign Key: Order_Item_ID; Invalid Foreign Key: Customer_ID,SA00023934,O0023934,OI00023934,2026-03-29,C003935,P00935,E00435,R015,5,2340.9,23.41,2317.5,1466.24,39.0,41.71
23988,Invalid Foreign Key: Order_ID; Invalid Foreign Key: Order_Item_ID; Invalid Foreign Key: Customer_ID,SA00023987,O0023987,OI00023987,2026-05-21,C003988,P00988,E00488,R008,3,3424.25,171.21,3253.04,2149.28,92.0,58.55
23998,Invalid Foreign Key: Order_Item_ID; Invalid Foreign Key: Product_ID,SA00023997,O0023997,OI00023997,2026-05-31,C003998,P00998,E00498,R018,3,3805.33,38.05,3767.28,2388.81,102.0,67.81
24007,Negative Value: Quantity; Negative Value: Gross_Sales; Negative Value: Net_Sales; Invalid Foreign Key: Order_Item_ID,SA00024006,O0024006,OI00024006,2026-06-09,C004007,P00007,E00007,R007,-2,-225.02,-6.75,-218.27,139.37,31.0,0.0
24212,Invalid Foreign Key: Order_ID; Invalid Foreign Key: Order_Item_ID,SA00024211,O0024211,OI00024211,2025-12-31,C004212,P00212,E00212,R012,2,352.04,17.6,334.44,219.21,76.0,6.02
24251,Invalid Foreign Key: Order_ID; Invalid Foreign Key: Order_Item_ID; Invalid Foreign Key: Employee_ID,SA00024250,O0024250,OI00024250,2026-02-08,C004251,P00251,E00251,R011,1,671.42,13.43,657.99,421.0,35.0,11.84
24307,Invalid Foreign Key: Order_Item_ID; Invalid Foreign Key: Product_ID,SA00024306,O0024306,OI00024306,2026-04-05,C004307,P00307,E00307,R007,2,225.02,4.5,220.52,139.37,91.0,3.97
24421,Invalid Foreign Key: Order_Item_ID; Invalid Foreign Key: Product_ID,SA00024420,O0024420,OI00024420,2026-07-28,C004421,P00421,E00421,R001,1,290.34,11.61,278.73,181.47,45.0,5.02
24499,Invalid Foreign Key: Order_Item_ID; Invalid Foreign Key: Product_ID,SA00024498,O0024498,OI00024498,2025-10-14,C004499,P00499,E00499,R019,4,5124.58,256.23,4868.36,3217.02,43.0,87.63
24577,Invalid Foreign Key: Order_Item_ID; Invalid Foreign Key: Product_ID,SA00024576,O0024576,OI00024576,2025-12-31,C004577,P00577,E00077,R017,2,2003.38,120.2,1883.18,1257.19,41.0,33.9
24614,Invalid Foreign Key: Order_Item_ID; Invalid Foreign Key: Product_ID,SA00024613,O0024613,OI00024613,2026-02-06,C004614,P00614,E00114,R014,4,805.71,8.06,797.65,502.3,78.0,14.36
24722,Invalid Foreign Key: Order_ID; Invalid Foreign Key: Order_Item_ID; Invalid Foreign Key: Customer_ID,SA00024721,O0024721,OI00024721,2026-05-25,C004722,P00722,E00222,R002,2,606.09,24.24,581.85,378.9,26.0,10.47
24751,Invalid Foreign Key: Order_ID; Invalid Foreign Key: Order_Item_ID; Invalid Foreign Key: Employee_ID,SA00024750,O0024750,OI00024750,2026-06-23,C004751,P00751,E00251,R011,1,671.42,33.57,637.85,421.0,55.0,11.48
24842,Invalid Foreign Key: Order_Item_ID; Invalid Foreign Key: Product_ID,SA00024841,O0024841,OI00024841,2025-09-22,C004842,P00842,E00342,R002,2,1114.2,55.71,1058.49,698.28,66.0,19.05
24879,Invalid Foreign Key: Order_ID; Invalid Foreign Key: Order_Item_ID,SA00024878,O0024878,OI00024878,2025-10-29,C004879,P00879,E00379,R019,4,4108.38,0.0,4108.38,2578.26,103.0,73.95
24921,Invalid Foreign Key: Order_Item_ID; Invalid Foreign Key: Product_ID,SA00024920,O0024920,OI00024920,2025-12-10,C004921,P00921,E00421,R001,1,290.34,0.0,290.34,181.47,65.0,5.23
24985,Invalid Foreign Key: Order_ID; Invalid Foreign Key: Order_Item_ID; Invalid Foreign Key: Customer_ID,SA00024984,O0024984,OI00024984,2026-02-12,C004985,P00985,E00485,R005,5,5516.55,55.17,5461.38,3462.36,49.0,98.3
24998,Invalid Foreign Key: Order_Item_ID; Invalid Foreign Key: Product_ID,SA00024997,O0024997,OI00024997,2026-02-25,C004998,P00998,E00498,R018,3,3805.33,0.0,3805.33,2388.81,62.0,68.5
25016,Invalid Foreign Key: Order_Item_ID,SA00025015,O0025015,OI00025015,2026-03-15,C005016,P00016,E00016,R016,1,226.83,9.07,217.76,141.54,80.0,3.92
25251,Invalid Foreign Key: Order_ID; Invalid Foreign Key: Order_Item_ID; Invalid Foreign Key: Employee_ID,SA00025250,O0025250,OI00025250,2025-11-05,C005251,P00251,E00251,R011,1,671.42,6.71,664.71,421.0,75.0,11.96
25307,Invalid Foreign Key: Order_Item_ID; Invalid Foreign Key: Product_ID,SA00025306,O0025306,OI00025306,2025-12-31,C005307,P00307,E00307,R007,2,225.02,2.25,222.77,139.37,51.0,4.01
25421,Invalid Foreign Key: Order_Item_ID; Invalid Foreign Key: Product_ID,SA00025420,O0025420,OI00025420,2026-04-24,C005421,P00421,E00421,R001,1,290.34,8.71,281.63,181.47,85.0,5.07
25499,Invalid Foreign Key: Order_Item_ID; Invalid Foreign Key: Product_ID,SA00025498,O0025498,OI00025498,2026-07-11,C005499,P00499,E00499,R019,4,5124.58,204.98,4919.6,3217.02,83.0,88.55
25509,Invalid Foreign Key: Order_ID; Invalid Foreign Key: Order_Item_ID; Invalid Foreign Key: Customer_ID,SA00025508,O0025508,OI00025508,2026-07-21,C005509,P00509,E00009,R009,4,551.65,0.0,551.65,342.61,93.0,9.93
25577,Invalid Foreign Key: Order_Item_ID; Invalid Foreign Key: Product_ID,SA00025576,O0025576,OI00025576,2025-09-27,C005577,P00577,E00077,R017,2,2003.38,100.17,1903.21,1257.19,81.0,34.26
25614,Invalid Foreign Key: Order_Item_ID; Invalid Foreign Key: Product_ID,SA00025613,O0025613,OI00025613,2025-11-03,C005614,P00614,E00114,R014,4,805.71,0.0,805.71,502.3,38.0,14.5
25625,Invalid Foreign Key: Order_Item_ID,SA00025624,O0025624,OI00025624,2025-11-14,C005625,P00625,E00125,R005,5,1705.78,68.23,1637.54,1067.02,49.0,29.48
25751,Invalid Foreign Key: Order_ID; Invalid Foreign Key: Order_Item_ID; Invalid Foreign Key: Employee_ID,SA00025750,O0025750,OI00025750,2026-03-20,C005751,P00751,E00251,R011,1,671.42,26.86,644.57,421.0,95.0,11.6
25842,Invalid Foreign Key: Order_Item_ID; Invalid Foreign Key: Product_ID,SA00025841,O0025841,OI00025841,2026-06-19,C005842,P00842,E00342,R002,2,1114.2,44.57,1069.63,698.28,26.0,19.25
25921,Invalid Foreign Key: Order_Item_ID; Invalid Foreign Key: Product_ID,SA00025920,O0025920,OI00025920,2025-09-06,C005921,P00921,E00421,R001,1,290.34,17.42,272.92,181.47,25.0,4.91
25982,Invalid Foreign Key: Order_ID; Invalid Foreign Key: Order_Item_ID; Invalid Foreign Key: Customer_ID,SA00025981,O0025981,OI00025981,2025-11-06,C005982,P00982,E00482,R002,2,2130.4,85.22,2045.19,1337.04,86.0,36.81
25998,Invalid Foreign Key: Order_Item_ID; Invalid Foreign Key: Product_ID,SA00025997,O0025997,OI00025997,2025-11-22,C005998,P00998,E00498,R018,3,3805.33,228.32,3577.01,2388.81,102.0,64.39
26251,Invalid Foreign Key: Order_ID; Invalid Foreign Key: Order_Item_ID; Invalid Foreign Key: Employee_ID,SA00026250,O0026250,OI00026250,2026-08-02,C006251,P00251,E00251,R011,1,671.42,0.0,671.42,421.0,35.0,12.09
26296,Invalid Foreign Key: Order_ID; Invalid Foreign Key: Order_Item_ID; Invalid Foreign Key: Customer_ID,SA00026295,O0026295,OI00026295,2025-09-16,C006296,P00296,E00296,R016,1,1243.04,37.29,1205.75,780.3,80.0,21.7
26307,Invalid Foreign Key: Order_Item_ID; Invalid Foreign Key: Product_ID,SA00026306,O0026306,OI00026306,2025-09-27,C006307,P00307,E00307,R007,2,225.02,0.0,225.02,139.37,91.0,4.05
26413,Invalid Foreign Key: Order_ID; Invalid Foreign Key: Order_Item_ID,SA00026412,O0026412,OI00026412,2026-01-11,C006413,P00413,E00413,R013,3,566.17,5.66,560.51,352.77,37.0,10.09
26421,Invalid Foreign Key: Order_Item_ID; Invalid Foreign Key: Product_ID,SA00026420,O0026420,OI00026420,2026-01-19,C006421,P00421,E00421,R001,1,290.34,5.81,284.54,181.47,45.0,5.12
26499,Invalid Foreign Key: Order_Item_ID; Invalid Foreign Key: Product_ID,SA00026498,O0026498,OI00026498,2026-04-07,C006499,P00499,E00499,R019,4,5124.58,153.74,4970.85,3217.02,43.0,89.48
26577,Invalid Foreign Key: Order_Item_ID; Invalid Foreign Key: Product_ID,SA00026576,O0026576,OI00026576,2026-06-24,C006577,P00577,E00077,R017,2,2003.38,80.14,1923.24,1257.19,41.0,34.62
26614,Invalid Foreign Key: Order_Item_ID; Invalid Foreign Key: Product_ID,SA00026613,O0026613,OI00026613,2026-07-31,C006614,P00614,E00114,R014,4,805.71,48.34,757.36,502.3,78.0,13.63
26649,Invalid Foreign Key: Order_ID; Invalid Foreign Key: Order_Item_ID,SA00026648,O0026648,OI00026648,2025-09-04,C006649,P00649,E00149,R009,4,2584.07,155.04,2429.02,1620.12,33.0,43.72
26656,Invalid Foreign Key: Order_ID; Invalid Foreign Key: Order_Item_ID,SA00026655,O0026655,OI00026655,2025-09-11,C006656,P00656,E00156,R016,1,734.94,44.1,690.84,460.92,40.0,12.44
26751,Invalid Foreign Key: Order_ID; Invalid Foreign Key: Order_Item_ID; Invalid Foreign Key: Employee_ID,SA00026750,O0026750,OI00026750,2025-12-15,C006751,P00751,E00251,R011,1,671.42,20.14,651.28,421.0,55.0,11.72
26842,Invalid Foreign Key: Order_Item_ID; Invalid Foreign Key: Product_ID,SA00026841,O0026841,OI00026841,2026-03-16,C006842,P00842,E00342,R002,2,1114.2,33.43,1080.77,698.28,66.0,19.45
26921,Invalid Foreign Key: Order_Item_ID; Invalid Foreign Key: Product_ID,SA00026920,O0026920,OI00026920,2026-06-03,C006921,P00921,E00421,R001,1,290.34,14.52,275.83,181.47,65.0,4.96
26979,Invalid Foreign Key: Order_ID; Invalid Foreign Key: Order_Item_ID; Invalid Foreign Key: Customer_ID,SA00026978,O0026978,OI00026978,2026-07-31,C006979,P00979,E00479,R019,4,4108.38,0.0,4108.38,2578.26,43.0,73.95
26998,Invalid Foreign Key: Order_Item_ID; Invalid Foreign Key: Product_ID,SA00026997,O0026997,OI00026997,2026-08-19,C006998,P00998,E00498,R018,3,3805.33,190.27,3615.06,2388.81,62.0,65.07
27083,Invalid Foreign Key: Order_ID; Invalid Foreign Key: Order_Item_ID; Invalid Foreign Key: Customer_ID,SA00027082,O0027082,OI00027082,2025-11-12,C007083,P00083,E00083,R003,3,3233.71,194.02,3039.69,2029.51,67.0,54.71
27251,Invalid Foreign Key: Order_ID; Invalid Foreign Key: Order_Item_ID; Invalid Foreign Key: Employee_ID,SA00027250,O0027250,OI00027250,2026-04-29,C007251,P00251,E00251,R011,1,671.42,40.29,631.14,421.0,75.0,11.36
27307,Invalid Foreign Key: Order_Item_ID; Invalid Foreign Key: Product_ID,SA00027306,O0027306,OI00027306,2026-06-24,C007307,P00307,E00307,R007,2,225.02,13.5,211.52,139.37,51.0,3.81
27421,Invalid Foreign Key: Order_Item_ID; Invalid Foreign Key: Product_ID,SA00027420,O0027420,OI00027420,2025-10-16,C007421,P00421,E00421,R001,1,290.34,2.9,287.44,181.47,85.0,5.17
27499,Invalid Foreign Key: Order_Item_ID; Invalid Foreign Key: Product_ID,SA00027498,O0027498,OI00027498,2026-01-02,C007499,P00499,E00499,R019,4,5124.58,102.49,5022.09,3217.02,83.0,90.4
27577,Invalid Foreign Key: Order_Item_ID; Invalid Foreign Key: Product_ID,SA00027576,O0027576,OI00027576,2026-03-21,C007577,P00577,E00077,R017,2,2003.38,60.1,1943.28,1257.19,81.0,34.98
27614,Invalid Foreign Key: Order_Item_ID; Invalid Foreign Key: Product_ID,SA00027613,O0027613,OI00027613,2026-04-27,C007614,P00614,E00114,R014,4,805.71,40.29,765.42,502.3,38.0,13.78
27751,Invalid Foreign Key: Order_ID; Invalid Foreign Key: Order_Item_ID; Invalid Foreign Key: Employee_ID,SA00027750,O0027750,OI00027750,2025-09-11,C007751,P00751,E00251,R011,1,671.42,13.43,657.99,421.0,95.0,11.84
27842,Invalid Foreign Key: Order_Item_ID; Invalid Foreign Key: Product_ID,SA00027841,O0027841,OI00027841,2025-12-11,C007842,P00842,E00342,R002,2,1114.2,22.28,1091.91,698.28,26.0,19.65
27870,Invalid Foreign Key: Order_ID; Invalid Foreign Key: Order_Item_ID; Invalid Foreign Key: Customer_ID,SA00027869,O0027869,OI00027869,2026-01-08,C007870,P00870,E00370,R010,5,4563.86,91.28,4472.58,2863.52,54.0,80.51
27921,Invalid Foreign Key: Order_Item_ID; Invalid Foreign Key: Product_ID,SA00027920,O0027920,OI00027920,2026-02-28,C007921,P00921,E00421,R001,1,290.34,11.61,278.73,181.47,25.0,5.02
27976,Invalid Foreign Key: Order_ID; Invalid Foreign Key: Order_Item_ID; Invalid Foreign Key: Customer_ID,SA00027975,O0027975,OI00027975,2026-04-24,C007976,P00976,E00476,R016,1,988.99,29.67,959.32,620.61,80.0,17.27
27998,Invalid Foreign Key: Order_Item_ID; Invalid Foreign Key: Product_ID,SA00027997,O0027997,OI00027997,2026-05-16,C007998,P00998,E00498,R018,3,3805.33,152.21,3653.12,2388.81,102.0,65.76
28005,Invalid Foreign Key: Order_Item_ID,SA00028004,O0028004,OI00028004,2026-05-23,C008005,P00005,E00005,R005,5,435.52,17.42,418.1,268.57,29.0,7.53
28008,Negative Value: Quantity; Negative Value: Gross_Sales; Negative Value: Net_Sales; Invalid Foreign Key: Order_Item_ID,SA00028007,O0028007,OI00028007,2026-05-26,C008008,P00008,E00008,R008,-2,-250.42,0.0,-250.42,155.33,32.0,0.0
28251,Invalid Foreign Key: Order_ID; Invalid Foreign Key: Order_Item_ID; Invalid Foreign Key: Employee_ID,SA00028250,O0028250,OI00028250,2026-01-24,C008251,P00251,E00251,R011,1,671.42,33.57,637.85,421.0,35.0,11.48
28307,Invalid Foreign Key: Order_Item_ID; Invalid Foreign Key: Product_ID,SA00028306,O0028306,OI00028306,2026-03-21,C008307,P00307,E00307,R007,2,225.02,11.25,213.77,139.37,91.0,3.85
28421,Invalid Foreign Key: Order_Item_ID; Invalid Foreign Key: Product_ID,SA00028420,O0028420,OI00028420,2026-07-13,C008421,P00421,E00421,R001,1,290.34,0.0,290.34,181.47,45.0,5.23
28433,Invalid Foreign Key: Order_ID; Invalid Foreign Key: Order_Item_ID,SA00028432,O0028432,OI00028432,2026-07-25,C008433,P00433,E00433,R013,3,1328.33,66.42,1261.91,831.84,57.0,22.71
28499,Invalid Foreign Key: Order_Item_ID; Invalid Foreign Key: Product_ID,SA00028498,O0028498,OI00028498,2025-09-29,C008499,P00499,E00499,R019,4,5124.58,51.25,5073.34,3217.02,43.0,91.32
28577,Invalid Foreign Key: Order_Item_ID; Invalid Foreign Key: Product_ID,SA00028576,O0028576,OI00028576,2025-12-16,C008577,P00577,E00077,R017,2,2003.38,40.07,1963.31,1257.19,41.0,35.34
28614,Invalid Foreign Key: Order_ID; Invalid Foreign Key: Order_Item_ID; Invalid Foreign Key: Product_ID,SA00028613,O0028613,OI00028613,2026-01-22,C008614,P00614,E00114,R014,4,805.71,32.23,773.48,502.3,78.0,13.92
28657,Invalid Foreign Key: Order_ID; Invalid Foreign Key: Order_Item_ID; Invalid Foreign Key: Customer_ID,SA00028656,O0028656,OI00028656,2026-03-06,C008657,P00657,E00157,R017,2,1495.28,74.76,1420.51,937.81,41.0,25.57
28751,Invalid Foreign Key: Order_ID; Invalid Foreign Key: Order_Item_ID; Invalid Foreign Key: Employee_ID,SA00028750,O0028750,OI00028750,2026-06-08,C008751,P00751,E00251,R011,1,671.42,6.71,664.71,421.0,55.0,11.96
28828,Invalid Foreign Key: Order_Item_ID,SA00028827,O0028827,OI00028827,2026-08-24,C008828,P00828,E00328,R008,3,1137.79,11.38,1126.41,712.07,52.0,20.28
28842,Invalid Foreign Key: Order_Item_ID; Invalid Foreign Key: Product_ID,SA00028841,O0028841,OI00028841,2025-09-07,C008842,P00842,E00342,R002,2,1114.2,11.14,1103.06,698.28,66.0,19.86
28921,Invalid Foreign Key: Order_Item_ID; Invalid Foreign Key: Product_ID,SA00028920,O0028920,OI00028920,2025-11-25,C008921,P00921,E00421,R001,1,290.34,8.71,281.63,181.47,65.0,5.07
28973,Invalid Foreign Key: Order_ID; Invalid Foreign Key: Order_Item_ID; Invalid Foreign Key: Customer_ID,SA00028972,O0028972,OI00028972,2026-01-16,C008973,P00973,E00473,R013,3,2852.64,171.16,2681.48,1789.98,37.0,48.27
28998,Invalid Foreign Key: Order_Item_ID; Invalid Foreign Key: Product_ID,SA00028997,O0028997,OI00028997,2026-02-10,C008998,P00998,E00498,R018,3,3805.33,114.16,3691.17,2388.81,62.0,66.44
29251,Invalid Foreign Key: Order_ID; Invalid Foreign Key: Order_Item_ID; Invalid Foreign Key: Employee_ID,SA00029250,O0029250,OI00029250,2025-10-21,C009251,P00251,E00251,R011,1,671.42,26.86,644.57,421.0,75.0,11.6
29307,Invalid Foreign Key: Order_Item_ID; Invalid Foreign Key: Product_ID,SA00029306,O0029306,OI00029306,2025-12-16,C009307,P00307,E00307,R007,2,225.02,9.0,216.02,139.37,51.0,3.89
29421,Invalid Foreign Key: Order_Item_ID; Invalid Foreign Key: Product_ID,SA00029420,O0029420,OI00029420,2026-04-09,C009421,P00421,E00421,R001,1,290.34,17.42,272.92,181.47,85.0,4.91
29444,Invalid Foreign Key: Order_ID; Invalid Foreign Key: Order_Item_ID; Invalid Foreign Key: Customer_ID,SA00029443,O0029443,OI00029443,2026-05-02,C009444,P00444,E00444,R004,4,2330.02,23.3,2306.72,1460.43,28.0,41.52
29499,Invalid Foreign Key: Order_Item_ID; Invalid Foreign Key: Product_ID,SA00029498,O0029498,OI00029498,2026-06-26,C009499,P00499,E00499,R019,4,5124.58,0.0,5124.58,3217.02,83.0,92.24
29577,Invalid Foreign Key: Order_Item_ID; Invalid Foreign Key: Product_ID,SA00029576,O0029576,OI00029576,2025-09-12,C009577,P00577,E00077,R017,2,2003.38,20.03,1983.34,1257.19,81.0,35.7
29614,Invalid Foreign Key: Order_Item_ID; Invalid Foreign Key: Product_ID,SA00029613,O0029613,OI00029613,2025-10-19,C009614,P00614,E00114,R014,4,805.71,24.17,781.54,502.3,38.0,14.07
29751,Invalid Foreign Key: Order_ID; Invalid Foreign Key: Order_Item_ID; Invalid Foreign Key: Employee_ID,SA00029750,O0029750,OI00029750,2026-03-05,C009751,P00751,E00251,R011,1,671.42,0.0,671.42,421.0,95.0,12.09
29842,Invalid Foreign Key: Order_Item_ID; Invalid Foreign Key: Product_ID,SA00029841,O0029841,OI00029841,2026-06-04,C009842,P00842,E00342,R002,2,1114.2,0.0,1114.2,698.28,26.0,20.06
29921,Invalid Foreign Key: Order_Item_ID; Invalid Foreign Key: Product_ID,SA00029920,O0029920,OI00029920,2026-08-22,C009921,P00921,E00421,R001,1,290.34,5.81,284.54,181.47,25.0,5.12
29970,Invalid Foreign Key: Order_ID; Invalid Foreign Key: Order_Item_ID; Invalid Foreign Key: Customer_ID,SA00029969,O0029969,OI00029969,2025-10-10,C009970,P00970,E00470,R010,5,4563.86,91.28,4472.58,2863.52,74.0,80.51
29980,Invalid Foreign Key: Order_ID; Invalid Foreign Key: Order_Item_ID,SA00029979,O0029979,OI00029979,2025-10-20,C009980,P00980,E00480,R020,5,5198.99,259.95,4939.04,3262.75,84.0,88.9
29998,Invalid Foreign Key: Order_Item_ID; Invalid Foreign Key: Product_ID,SA00029997,O0029997,OI00029997,2025-11-07,C009998,P00998,E00498,R018,3,3805.33,76.11,3729.22,2388.81,102.0,67.13
30019,Invalid Foreign Key: Order_Item_ID,SA00030018,O0030018,OI00030018,2025-11-28,C010019,P00019,E00019,R019,4,1059.76,21.2,1038.56,661.99,43.0,18.69
30022,Invalid Foreign Key: Order_ID; Invalid Foreign Key: Order_Item_ID,SA00030021,O0030021,OI00030021,2025-12-01,C010022,P00022,E00022,R002,2,606.09,30.3,575.79,378.9,46.0,10.36
30210,Invalid Foreign Key: Order_ID; Invalid Foreign Key: Order_Item_ID,SA00030209,O0030209,OI00030209,2026-06-07,C010210,P00210,E00210,R010,5,753.08,30.12,722.96,468.18,74.0,13.01
30231,Invalid Foreign Key: Order_ID; Invalid Foreign Key: Order_Item_ID; Invalid Foreign Key: Customer_ID,SA00030230,O0030230,OI00030230,2026-06-28,C010231,P00231,E00231,R011,1,417.37,16.69,400.68,261.31,95.0,7.21
30251,Invalid Foreign Key: Order_ID; Invalid Foreign Key: Order_Item_ID; Invalid Foreign Key: Employee_ID,SA00030250,O0030250,OI00030250,2026-07-18,C010251,P00251,E00251,R011,1,671.42,20.14,651.28,421.0,35.0,11.72
30307,Invalid Foreign Key: Order_Item_ID; Invalid Foreign Key: Product_ID,SA00030306,O0030306,OI00030306,2025-09-12,C010307,P00307,E00307,R007,2,225.02,6.75,218.27,139.37,91.0,3.93
30421,Invalid Foreign Key: Order_Item_ID; Invalid Foreign Key: Product_ID,SA00030420,O0030420,OI00030420,2026-01-04,C010421,P00421,E00421,R001,1,290.34,14.52,275.83,181.47,45.0,4.96
30499,Invalid Foreign Key: Order_Item_ID; Invalid Foreign Key: Product_ID,SA00030498,O0030498,OI00030498,2026-03-23,C010499,P00499,E00499,R019,4,5124.58,307.48,4817.11,3217.02,43.0,86.71
30577,Invalid Foreign Key: Order_Item_ID; Invalid Foreign Key: Product_ID,SA00030576,O0030576,OI00030576,2026-06-09,C010577,P00577,E00077,R017,2,2003.38,0.0,2003.38,1257.19,41.0,36.06
30614,Invalid Foreign Key: Order_Item_ID; Invalid Foreign Key: Product_ID,SA00030613,O0030613,OI00030613,2026-07-16,C010614,P00614,E00114,R014,4,805.71,16.11,789.59,502.3,78.0,14.21
30751,Invalid Foreign Key: Order_ID; Invalid Foreign Key: Order_Item_ID; Invalid Foreign Key: Employee_ID,SA00030750,O0030750,OI00030750,2025-11-30,C010751,P00751,E00251,R011,1,671.42,40.29,631.14,421.0,55.0,11.36
30815,Invalid Foreign Key: Order_ID; Invalid Foreign Key: Order_Item_ID,SA00030814,O0030814,OI00030814,2026-02-02,C010815,P00815,E00315,R015,5,1070.65,0.0,1070.65,667.79,39.0,19.27
30842,Invalid Foreign Key: Order_Item_ID; Invalid Foreign Key: Product_ID,SA00030841,O0030841,OI00030841,2026-03-01,C010842,P00842,E00342,R002,2,1114.2,66.85,1047.35,698.28,66.0,18.85
30921,Invalid Foreign Key: Order_Item_ID; Invalid Foreign Key: Product_ID,SA00030920,O0030920,OI00030920,2026-05-19,C010921,P00921,E00421,R001,1,290.34,2.9,287.44,181.47,65.0,5.17
30967,Invalid Foreign Key: Order_ID; Invalid Foreign Key: Order_Item_ID; Invalid Foreign Key: Customer_ID,SA00030966,O0030966,OI00030966,2026-07-04,C010967,P00967,E00467,R007,2,1749.33,87.47,1661.86,1097.5,31.0,29.91
30998,Invalid Foreign Key: Order_Item_ID; Invalid Foreign Key: Product_ID,SA00030997,O0030997,OI00030997,2026-08-04,C010998,P00998,E00498,R018,3,3805.33,38.05,3767.28,2388.81,62.0,67.81
31018,Invalid Foreign Key: Order_ID; Invalid Foreign Key: Order_Item_ID; Invalid Foreign Key: Customer_ID,SA00031017,O0031017,OI00031017,2026-08-24,C011018,P00018,E00018,R018,3,756.71,0.0,756.71,472.54,82.0,13.62
31251,Invalid Foreign Key: Order_ID; Invalid Foreign Key: Order_Item_ID; Invalid Foreign Key: Employee_ID,SA00031250,O0031250,OI00031250,2026-04-14,C011251,P00251,E00251,R011,1,671.42,13.43,657.99,421.0,75.0,11.84
31307,Invalid Foreign Key: Order_Item_ID; Invalid Foreign Key: Product_ID,SA00031306,O0031306,OI00031306,2026-06-09,C011307,P00307,E00307,R007,2,225.02,4.5,220.52,139.37,51.0,3.97
31421,Invalid Foreign Key: Order_Item_ID; Invalid Foreign Key: Product_ID,SA00031420,O0031420,OI00031420,2025-10-01,C011421,P00421,E00421,R001,1,290.34,11.61,278.73,181.47,85.0,5.02
31499,Invalid Foreign Key: Order_Item_ID; Invalid Foreign Key: Product_ID,SA00031498,O0031498,OI00031498,2025-12-18,C011499,P00499,E00499,R019,4,5124.58,256.23,4868.36,3217.02,83.0,87.63
31577,Invalid Foreign Key: Order_Item_ID; Invalid Foreign Key: Product_ID,SA00031576,O0031576,OI00031576,2026-03-06,C011577,P00577,E00077,R017,2,2003.38,120.2,1883.18,1257.19,81.0,33.9
31614,Invalid Foreign Key: Order_Item_ID; Invalid Foreign Key: Product_ID,SA00031613,O0031613,OI00031613,2026-04-12,C011614,P00614,E00114,R014,4,805.71,8.06,797.65,502.3,38.0,14.36
31751,Invalid Foreign Key: Order_ID; Invalid Foreign Key: Order_Item_ID; Invalid Foreign Key: Employee_ID,SA00031750,O0031750,OI00031750,2026-08-27,C011751,P00751,E00251,R011,1,671.42,33.57,637.85,421.0,95.0,11.48
31805,Invalid Foreign Key: Order_ID; Invalid Foreign Key: Order_Item_ID; Invalid Foreign Key: Customer_ID,SA00031804,O0031804,OI00031804,2025-10-20,C011805,P00805,E00305,R005,5,435.52,13.07,422.45,268.57,69.0,7.6
31842,Invalid Foreign Key: Order_Item_ID; Invalid Foreign Key: Product_ID,SA00031841,O0031841,OI00031841,2025-11-26,C011842,P00842,E00342,R002,2,1114.2,55.71,1058.49,698.28,26.0,19.05
31921,Invalid Foreign Key: Order_Item_ID; Invalid Foreign Key: Product_ID,SA00031920,O0031920,OI00031920,2026-02-13,C011921,P00921,E00421,R001,1,290.34,0.0,290.34,181.47,25.0,5.23
31964,Invalid Foreign Key: Order_ID; Invalid Foreign Key: Order_Item_ID; Invalid Foreign Key: Customer_ID,SA00031963,O0031963,OI00031963,2026-03-28,C011964,P00964,E00464,R004,4,3346.22,33.46,3312.76,2099.19,68.0,59.63
31987,Invalid Foreign Key: Order_ID; Invalid Foreign Key: Order_Item_ID,SA00031986,O0031986,OI00031986,2026-04-20,C011987,P00987,E00487,R007,2,2257.43,67.72,2189.71,1416.88,91.0,39.41
31998,Invalid Foreign Key: Order_Item_ID; Invalid Foreign Key: Product_ID,SA00031997,O0031997,OI00031997,2026-05-01,C011998,P00998,E00498,R018,3,3805.33,0.0,3805.33,2388.81,102.0,68.5
32009,Negative Value: Quantity; Negative Value: Gross_Sales; Negative Value: Net_Sales; Invalid Foreign Key: Order_Item_ID,SA00032008,O0032008,OI00032008,2026-05-12,C012009,P00009,E00009,R009,-2,-275.83,-11.03,-264.79,171.3,33.0,0.0
32031,Invalid Foreign Key: Order_Item_ID,SA00032030,O0032030,OI00032030,2026-06-03,C012031,P00031,E00031,R011,1,417.37,20.87,396.5,261.31,55.0,7.14
32251,Invalid Foreign Key: Order_ID; Invalid Foreign Key: Order_Item_ID; Invalid Foreign Key: Employee_ID,SA00032250,O0032250,OI00032250,2026-01-09,C012251,P00251,E00251,R011,1,671.42,6.71,664.71,421.0,35.0,11.96
32307,Invalid Foreign Key: Order_Item_ID; Invalid Foreign Key: Product_ID,SA00032306,O0032306,OI00032306,2026-03-06,C012307,P00307,E00307,R007,2,225.02,2.25,222.77,139.37,91.0,4.01
32421,Invalid Foreign Key: Order_Item_ID; Invalid Foreign Key: Product_ID,SA00032420,O0032420,OI00032420,2026-06-28,C012421,P00421,E00421,R001,1,290.34,8.71,281.63,181.47,45.0,5.07
32499,Invalid Foreign Key: Order_Item_ID; Invalid Foreign Key: Product_ID,SA00032498,O0032498,OI00032498,2025-09-14,C012499,P00499,E00499,R019,4,5124.58,204.98,4919.6,3217.02,43.0,88.55
32577,Invalid Foreign Key: Order_Item_ID; Invalid Foreign Key: Product_ID,SA00032576,O0032576,OI00032576,2025-12-01,C012577,P00577,E00077,R017,2,2003.38,100.17,1903.21,1257.19,41.0,34.26
32592,Invalid Foreign Key: Order_ID; Invalid Foreign Key: Order_Item_ID; Invalid Foreign Key: Customer_ID,SA00032591,O0032591,OI00032591,2025-12-16,C012592,P00592,E00092,R012,2,2384.46,143.07,2241.39,1496.73,56.0,40.34
32614,Invalid Foreign Key: Order_Item_ID; Invalid Foreign Key: Product_ID,SA00032613,O0032613,OI00032613,2026-01-07,C012614,P00614,E00114,R014,4,805.71,0.0,805.71,502.3,78.0,14.5
32751,Invalid Foreign Key: Order_ID; Invalid Foreign Key: Order_Item_ID; Invalid Foreign Key: Employee_ID,SA00032750,O0032750,OI00032750,2026-05-24,C012751,P00751,E00251,R011,1,671.42,26.86,644.57,421.0,55.0,11.6
32842,Invalid Foreign Key: Order_Item_ID; Invalid Foreign Key: Product_ID,SA00032841,O0032841,OI00032841,2026-08-23,C012842,P00842,E00342,R002,2,1114.2,44.57,1069.63,698.28,66.0,19.25
32921,Invalid Foreign Key: Order_Item_ID; Invalid Foreign Key: Product_ID,SA00032920,O0032920,OI00032920,2025-11-10,C012921,P00921,E00421,R001,1,290.34,17.42,272.92,181.47,65.0,4.91
32961,Invalid Foreign Key: Order_ID; Invalid Foreign Key: Order_Item_ID; Invalid Foreign Key: Customer_ID,SA00032960,O0032960,OI00032960,2025-12-20,C012961,P00961,E00461,R001,1,798.45,31.94,766.51,500.84,25.0,13.8
32998,Invalid Foreign Key: Order_Item_ID; Invalid Foreign Key: Product_ID,SA00032997,O0032997,OI00032997,2026-01-26,C012998,P00998,E00498,R018,3,3805.33,228.32,3577.01,2388.81,62.0,64.39
33016,Invalid Foreign Key: Order_ID; Invalid Foreign Key: Order_Item_ID,SA00033015,O0033015,OI00033015,2026-02-13,C013016,P00016,E00016,R016,1,226.83,6.8,220.03,141.54,80.0,3.96
33251,Invalid Foreign Key: Order_ID; Invalid Foreign Key: Order_Item_ID; Invalid Foreign Key: Employee_ID,SA00033250,O0033250,OI00033250,2025-10-06,C013251,P00251,E00251,R011,1,671.42,0.0,671.42,421.0,75.0,12.09
33307,Invalid Foreign Key: Order_Item_ID; Invalid Foreign Key: Product_ID,SA00033306,O0033306,OI00033306,2025-12-01,C013307,P00307,E00307,R007,2,225.02,0.0,225.02,139.37,51.0,4.05
33311,Invalid Foreign Key: Order_ID; Invalid Foreign Key: Order_Item_ID,SA00033310,O0033310,OI00033310,2025-12-05,C013311,P00311,E00311,R011,1,163.32,6.53,156.79,101.62,55.0,2.82
33379,Invalid Foreign Key: Order_ID; Invalid Foreign Key: Order_Item_ID; Invalid Foreign Key: Customer_ID,SA00033378,O0033378,OI00033378,2026-02-11,C013379,P00379,E00379,R019,4,4108.38,82.17,4026.21,2578.26,43.0,72.47
33421,Invalid Foreign Key: Order_Item_ID; Invalid Foreign Key: Product_ID,SA00033420,O0033420,OI00033420,2026-03-25,C013421,P00421,E00421,R001,1,290.34,5.81,284.54,181.47,85.0,5.12
33499,Invalid Foreign Key: Order_Item_ID; Invalid Foreign Key: Product_ID,SA00033498,O0033498,OI00033498,2026-06-11,C013499,P00499,E00499,R019,4,5124.58,153.74,4970.85,3217.02,83.0,89.48
33577,Invalid Foreign Key: Order_Item_ID; Invalid Foreign Key: Product_ID,SA00033576,O0033576,OI00033576,2026-08-28,C013577,P00577,E00077,R017,2,2003.38,80.14,1923.24,1257.19,81.0,34.62
33614,Invalid Foreign Key: Order_Item_ID; Invalid Foreign Key: Product_ID,SA00033613,O0033613,OI00033613,2025-10-04,C013614,P00614,E00114,R014,4,805.71,48.34,757.36,502.3,38.0,13.63
33751,Invalid Foreign Key: Order_ID; Invalid Foreign Key: Order_Item_ID; Invalid Foreign Key: Employee_ID,SA00033750,O0033750,OI00033750,2026-02-18,C013751,P00751,E00251,R011,1,671.42,20.14,651.28,421.0,95.0,11.72
33764,Invalid Foreign Key: Order_ID; Invalid Foreign Key: Order_Item_ID,SA00033763,O0033763,OI00033763,2026-03-03,C013764,P00764,E00264,R004,4,3346.22,66.92,3279.3,2099.19,28.0,59.03
33842,Invalid Foreign Key: Order_Item_ID; Invalid Foreign Key: Product_ID,SA00033841,O0033841,OI00033841,2026-05-20,C013842,P00842,E00342,R002,2,1114.2,33.43,1080.77,698.28,26.0,19.45
33921,Invalid Foreign Key: Order_Item_ID; Invalid Foreign Key: Product_ID,SA00033920,O0033920,OI00033920,2026-08-07,C013921,P00921,E00421,R001,1,290.34,14.52,275.83,181.47,25.0,4.96
33958,Invalid Foreign Key: Order_ID; Invalid Foreign Key: Order_Item_ID; Invalid Foreign Key: Customer_ID,SA00033957,O0033957,OI00033957,2025-09-13,C013958,P00958,E00458,R018,3,2281.02,0.0,2281.02,1430.67,62.0,41.06
33998,Invalid Foreign Key: Order_Item_ID; Invalid Foreign Key: Product_ID,SA00033997,O0033997,OI00033997,2025-10-23,C013998,P00998,E00498,R018,3,3805.33,190.27,3615.06,2388.81,102.0,65.07
34166,Invalid Foreign Key: Order_ID; Invalid Foreign Key: Order_Item_ID; Invalid Foreign Key: Customer_ID,SA00034165,O0034165,OI00034165,2026-04-09,C014166,P00166,E00166,R006,1,861.96,43.1,818.86,540.77,30.0,14.74
34251,Invalid Foreign Key: Order_ID; Invalid Foreign Key: Order_Item_ID; Invalid Foreign Key: Employee_ID,SA00034250,O0034250,OI00034250,2026-07-03,C014251,P00251,E00251,R011,1,671.42,40.29,631.14,799.9,35.0,11.36
34307,Invalid Foreign Key: Order_Item_ID; Invalid Foreign Key: Product_ID,SA00034306,O0034306,OI00034306,2026-08-28,C014307,P00307,E00307,R007,2,225.02,13.5,211.52,139.37,91.0,3.81
34421,Invalid Foreign Key: Order_Item_ID; Invalid Foreign Key: Product_ID,SA00034420,O0034420,OI00034420,2025-12-20,C014421,P00421,E00421,R001,1,290.34,2.9,287.44,181.47,45.0,5.17
34499,Invalid Foreign Key: Order_Item_ID; Invalid Foreign Key: Product_ID,SA00034498,O0034498,OI00034498,2026-03-08,C014499,P00499,E00499,R019,4,5124.58,102.49,5022.09,3217.02,43.0,90.4
34577,Invalid Foreign Key: Order_Item_ID; Invalid Foreign Key: Product_ID,SA00034576,O0034576,OI00034576,2026-05-25,C014577,P00577,E00077,R017,2,2003.38,60.1,1943.28,1257.19,41.0,34.98
34614,Invalid Foreign Key: Order_Item_ID; Invalid Foreign Key: Product_ID,SA00034613,O0034613,OI00034613,2026-07-01,C014614,P00614,E00114,R014,4,805.71,40.29,765.42,502.3,78.0,13.78
34751,Invalid Foreign Key: Order_ID; Invalid Foreign Key: Order_Item_ID; Invalid Foreign Key: Employee_ID,SA00034750,O0034750,OI00034750,2025-11-15,C014751,P00751,E00251,R011,1,671.42,13.43,657.99,421.0,55.0,11.84
34842,Invalid Foreign Key: Order_Item_ID; Invalid Foreign Key: Product_ID,SA00034841,O0034841,OI00034841,2026-02-14,C014842,P00842,E00342,R002,2,1114.2,22.28,1091.91,698.28,66.0,19.65
34921,Invalid Foreign Key: Order_Item_ID; Invalid Foreign Key: Product_ID,SA00034920,O0034920,OI00034920,2026-05-04,C014921,P00921,E00421,R001,1,290.34,11.61,278.73,181.47,65.0,5.02
34953,Invalid Foreign Key: Order_ID; Invalid Foreign Key: Order_Item_ID; Invalid Foreign Key: Customer_ID,SA00034952,O0034952,OI00034952,2026-06-05,C014953,P00953,E00453,R013,3,2090.48,20.9,2069.58,1310.91,97.0,37.25
34955,Invalid Foreign Key: Order_ID; Invalid Foreign Key: Order_Item_ID; Invalid Foreign Key: Customer_ID,SA00034954,O0034954,OI00034954,2026-06-07,C014955,P00955,E00455,R015,5,3611.16,108.33,3502.83,2264.69,99.0,63.05
34998,Invalid Foreign Key: Order_Item_ID; Invalid Foreign Key: Product_ID,SA00034997,O0034997,OI00034997,2026-07-20,C014998,P00998,E00498,R018,3,3805.33,152.21,3653.12,2388.81,62.0,65.76
35006,Invalid Foreign Key: Order_Item_ID,SA00035005,O0035005,OI00035005,2026-07-28,C015006,P00006,E00006,R006,1,99.81,4.99,94.82,61.7,70.0,1.71
35022,Invalid Foreign Key: Order_Item_ID,SA00035021,O0035021,OI00035021,2026-08-13,C015022,P00022,E00022,R002,2,606.09,0.0,606.09,378.9,86.0,10.91
35217,Invalid Foreign Key: Order_ID; Invalid Foreign Key: Order_Item_ID,SA00035216,O0035216,OI00035216,2026-02-24,C015217,P00217,E00217,R017,2,479.07,28.74,450.32,299.06,41.0,8.11
35234,Invalid Foreign Key: Order_Item_ID,SA00035233,O0035233,OI00035233,2026-03-13,C015234,P00234,E00234,R014,4,1821.91,36.44,1785.47,1141.05,58.0,32.14
35251,Invalid Foreign Key: Order_ID; Invalid Foreign Key: Order_Item_ID; Invalid Foreign Key: Employee_ID,SA00035250,O0035250,OI00035250,2026-03-30,C015251,P00251,E00251,R011,1,671.42,33.57,637.85,421.0,75.0,11.48
35307,Invalid Foreign Key: Order_Item_ID; Invalid Foreign Key: Product_ID,SA00035306,O0035306,OI00035306,2026-05-25,C015307,P00307,E00307,R007,2,225.02,11.25,213.77,139.37,51.0,3.85
35421,Invalid Foreign Key: Order_Item_ID; Invalid Foreign Key: Product_ID,SA00035420,O0035420,OI00035420,2025-09-16,C015421,P00421,E00421,R001,1,290.34,0.0,290.34,181.47,85.0,5.23
35499,Invalid Foreign Key: Order_Item_ID; Invalid Foreign Key: Product_ID,SA00035498,O0035498,OI00035498,2025-12-03,C015499,P00499,E00499,R019,4,5124.58,51.25,5073.34,3217.02,83.0,91.32
35541,Invalid Foreign Key: Order_ID; Invalid Foreign Key: Order_Item_ID,SA00035540,O0035540,OI00035540,2026-01-14,C015541,P00541,E00041,R001,1,544.4,5.44,538.95,341.16,45.0,9.7
35577,Invalid Foreign Key: Order_Item_ID; Invalid Foreign Key: Product_ID,SA00035576,O0035576,OI00035576,2026-02-19,C015577,P00577,E00077,R017,2,2003.38,40.07,1963.31,1257.19,81.0,35.34
35614,Invalid Foreign Key: Order_Item_ID; Invalid Foreign Key: Product_ID,SA00035613,O0035613,OI00035613,2026-03-28,C015614,P00614,E00114,R014,4,805.71,32.23,773.48,502.3,38.0,13.92
35740,Invalid Foreign Key: Order_ID; Invalid Foreign Key: Order_Item_ID; Invalid Foreign Key: Customer_ID,SA00035739,O0035739,OI00035739,2026-08-01,C015740,P00740,E00240,R020,5,2658.47,106.34,2552.13,1665.85,84.0,45.94
35751,Invalid Foreign Key: Order_ID; Invalid Foreign Key: Order_Item_ID; Invalid Foreign Key: Employee_ID,SA00035750,O0035750,OI00035750,2026-08-12,C015751,P00751,E00251,R011,1,671.42,6.71,664.71,421.0,95.0,11.96
35842,Invalid Foreign Key: Order_Item_ID; Invalid Foreign Key: Product_ID,SA00035841,O0035841,OI00035841,2025-11-11,C015842,P00842,E00342,R002,2,1114.2,11.14,1103.06,698.28,26.0,19.86
35921,Invalid Foreign Key: Order_Item_ID; Invalid Foreign Key: Product_ID,SA00035920,O0035920,OI00035920,2026-01-29,C015921,P00921,E00421,R001,1,290.34,8.71,281.63,181.47,25.0,5.07
35952,Invalid Foreign Key: Order_ID; Invalid Foreign Key: Order_Item_ID; Invalid Foreign Key: Customer_ID,SA00035951,O0035951,OI00035951,2026-03-01,C015952,P00952,E00452,R012,2,1368.25,82.09,1286.15,857.97,56.0,23.15
35998,Invalid Foreign Key: Order_Item_ID; Invalid Foreign Key: Product_ID,SA00035997,O0035997,OI00035997,2026-04-16,C015998,P00998,E00498,R018,3,3805.33,114.16,3691.17,2388.81,102.0,66.44
36010,Negative Value: Quantity; Negative Value: Gross_Sales; Negative Value: Net_Sales; Invalid Foreign Key: Order_Item_ID,SA00036009,O0036009,OI00036009,2026-04-28,C016010,P00010,E00010,R010,-2,-301.23,-3.01,-298.22,187.27,34.0,0.0
36251,Invalid Foreign Key: Order_ID; Invalid Foreign Key: Order_Item_ID; Invalid Foreign Key: Employee_ID,SA00036250,O0036250,OI00036250,2025-12-25,C016251,P00251,E00251,R011,1,671.42,26.86,644.57,421.0,35.0,11.6
36307,Invalid Foreign Key: Order_Item_ID; Invalid Foreign Key: Product_ID,SA00036306,O0036306,OI00036306,2026-02-19,C016307,P00307,E00307,R007,2,225.02,9.0,216.02,139.37,91.0,3.89
36421,Invalid Foreign Key: Order_Item_ID; Invalid Foreign Key: Product_ID,SA00036420,O0036420,OI00036420,2026-06-13,C016421,P00421,E00421,R001,1,290.34,17.42,272.92,181.47,45.0,4.91
36499,Invalid Foreign Key: Order_Item_ID; Invalid Foreign Key: Product_ID,SA00036498,O0036498,OI00036498,2026-08-30,C016499,P00499,E00499,R019,4,5124.58,0.0,5124.58,3217.02,43.0,92.24
36527,Invalid Foreign Key: Order_ID; Invalid Foreign Key: Order_Item_ID; Invalid Foreign Key: Customer_ID,SA00036526,O0036526,OI00036526,2025-09-27,C016527,P00527,E00027,R007,2,733.12,0.0,733.12,458.74,71.0,13.2
36577,Invalid Foreign Key: Order_Item_ID; Invalid Foreign Key: Product_ID,SA00036576,O0036576,OI00036576,2025-11-16,C016577,P00577,E00077,R017,2,2003.38,20.03,1983.34,1257.19,41.0,35.7
36614,Invalid Foreign Key: Order_Item_ID; Invalid Foreign Key: Product_ID,SA00036613,O0036613,OI00036613,2025-12-23,C016614,P00614,E00114,R014,4,805.71,24.17,781.54,502.3,78.0,14.07
36642,Invalid Foreign Key: Order_ID; Invalid Foreign Key: Order_Item_ID,SA00036641,O0036641,OI00036641,2026-01-20,C016642,P00642,E00142,R002,2,1114.2,33.43,1080.77,698.28,26.0,19.45
36751,Invalid Foreign Key: Order_ID; Invalid Foreign Key: Order_Item_ID; Invalid Foreign Key: Employee_ID,SA00036750,O0036750,OI00036750,2026-05-09,C016751,P00751,E00251,R011,1,671.42,0.0,671.42,421.0,55.0,12.09
36842,Invalid Foreign Key: Order_Item_ID; Invalid Foreign Key: Product_ID,SA00036841,O0036841,OI00036841,2026-08-08,C016842,P00842,E00342,R002,2,1114.2,0.0,1114.2,698.28,66.0,20.06
36921,Invalid Foreign Key: Order_Item_ID; Invalid Foreign Key: Product_ID,SA00036920,O0036920,OI00036920,2025-10-26,C016921,P00921,E00421,R001,1,290.34,5.81,284.54,181.47,65.0,5.12
36949,Invalid Foreign Key: Order_ID; Invalid Foreign Key: Order_Item_ID; Invalid Foreign Key: Customer_ID,SA00036948,O0036948,OI00036948,2025-11-23,C016949,P00949,E00449,R009,4,2584.07,51.68,2532.39,1620.12,93.0,45.58
36998,Invalid Foreign Key: Order_Item_ID; Invalid Foreign Key: Product_ID,SA00036997,O0036997,OI00036997,2026-01-11,C016998,P00998,E00498,R018,3,3805.33,76.11,3729.22,2388.81,62.0,67.13
37251,Invalid Foreign Key: Order_ID; Invalid Foreign Key: Order_Item_ID; Invalid Foreign Key: Employee_ID,SA00037250,O0037250,OI00037250,2025-09-21,C017251,P00251,E00251,R011,1,671.42,20.14,651.28,421.0,75.0,11.72
37307,Invalid Foreign Key: Order_Item_ID; Invalid Foreign Key: Product_ID,SA00037306,O0037306,OI00037306,2025-11-16,C017307,P00307,E00307,R007,2,225.02,6.75,218.27,139.37,51.0,3.93
37314,Invalid Foreign Key: Order_ID; Invalid Foreign Key: Order_Item_ID; Invalid Foreign Key: Customer_ID,SA00037313,O0037313,OI00037313,2025-11-23,C017314,P00314,E00314,R014,4,805.71,24.17,781.54,502.3,58.0,14.07
37318,Invalid Foreign Key: Order_ID; Invalid Foreign Key: Order_Item_ID,SA00037317,O0037317,OI00037317,2025-11-27,C017318,P00318,E00318,R018,3,756.71,0.0,756.71,472.54,62.0,13.62
37418,Invalid Foreign Key: Order_ID; Invalid Foreign Key: Order_Item_ID,SA00037417,O0037417,OI00037417,2026-03-07,C017418,P00418,E00418,R018,3,756.71,15.13,741.58,472.54,82.0,13.35
37421,Invalid Foreign Key: Order_Item_ID; Invalid Foreign Key: Product_ID,SA00037420,O0037420,OI00037420,2026-03-10,C017421,P00421,E00421,R001,1,290.34,14.52,275.83,181.47,85.0,4.96
37499,Invalid Foreign Key: Order_Item_ID; Invalid Foreign Key: Product_ID,SA00037498,O0037498,OI00037498,2026-05-27,C017499,P00499,E00499,R019,4,5124.58,307.48,4817.11,3217.02,83.0,86.71
37577,Invalid Foreign Key: Order_Item_ID; Invalid Foreign Key: Product_ID,SA00037576,O0037576,OI00037576,2026-08-13,C017577,P00577,E00077,R017,2,2003.38,0.0,2003.38,1257.19,81.0,36.06
37614,Invalid Foreign Key: Order_Item_ID; Invalid Foreign Key: Product_ID,SA00037613,O0037613,OI00037613,2025-09-19,C017614,P00614,E00114,R014,4,805.71,16.11,789.59,502.3,38.0,14.21
37751,Invalid Foreign Key: Order_ID; Invalid Foreign Key: Order_Item_ID; Invalid Foreign Key: Employee_ID,SA00037750,O0037750,OI00037750,2026-02-03,C017751,P00751,E00251,R011,1,671.42,40.29,631.14,421.0,95.0,11.36
37842,Invalid Foreign Key: Order_Item_ID; Invalid Foreign Key: Product_ID,SA00037841,O0037841,OI00037841,2026-05-05,C017842,P00842,E00342,R002,2,1114.2,66.85,1047.35,698.28,26.0,18.85
37921,Invalid Foreign Key: Order_Item_ID; Invalid Foreign Key: Product_ID,SA00037920,O0037920,OI00037920,2026-07-23,C017921,P00921,E00421,R001,1,290.34,2.9,287.44,181.47,25.0,5.17
37946,Invalid Foreign Key: Order_ID; Invalid Foreign Key: Order_Item_ID; Invalid Foreign Key: Customer_ID,SA00037945,O0037945,OI00037945,2026-08-17,C017946,P00946,E00446,R006,1,607.91,30.4,577.51,381.08,50.0,10.4
37998,Invalid Foreign Key: Order_Item_ID; Invalid Foreign Key: Product_ID,SA00037997,O0037997,OI00037997,2025-10-08,C017998,P00998,E00498,R018,3,3805.33,38.05,3767.28,2388.81,102.0,67.81
38101,Invalid Foreign Key: Order_ID; Invalid Foreign Key: Order_Item_ID; Invalid Foreign Key: Customer_ID,SA00038100,O0038100,OI00038100,2026-01-19,C018101,P00101,E00101,R001,1,36.29,2.18,34.12,21.78,45.0,0.61
38251,Invalid Foreign Key: Order_ID; Invalid Foreign Key: Order_Item_ID; Invalid Foreign Key: Employee_ID,SA00038250,O0038250,OI00038250,2026-06-18,C018251,P00251,E00251,R011,1,671.42,13.43,657.99,421.0,35.0,11.84
38307,Invalid Foreign Key: Order_Item_ID; Invalid Foreign Key: Product_ID,SA00038306,O0038306,OI00038306,2026-08-13,C018307,P00307,E00307,R007,2,225.02,4.5,220.52,139.37,91.0,3.97
38421,Invalid Foreign Key: Order_Item_ID; Invalid Foreign Key: Product_ID,SA00038420,O0038420,OI00038420,2025-12-05,C018421,P00421,E00421,R001,1,290.34,11.61,278.73,181.47,45.0,5.02
38437,Invalid Foreign Key: Order_Item_ID,SA00038436,O0038436,OI00038436,2025-12-21,C018437,P00437,E00437,R017,2,987.17,59.23,927.94,618.43,61.0,16.7
38499,Invalid Foreign Key: Order_Item_ID; Invalid Foreign Key: Product_ID,SA00038498,O0038498,OI00038498,2026-02-21,C018499,P00499,E00499,R019,4,5124.58,256.23,4868.36,3217.02,43.0,87.63
38577,Invalid Foreign Key: Order_Item_ID; Invalid Foreign Key: Product_ID,SA00038576,O0038576,OI00038576,2026-05-10,C018577,P00577,E00077,R017,2,2003.38,120.2,1883.18,1257.19,41.0,33.9
38614,Invalid Foreign Key: Order_Item_ID; Invalid Foreign Key: Product_ID,SA00038613,O0038613,OI00038613,2026-06-16,C018614,P00614,E00114,R014,4,805.71,8.06,797.65,502.3,78.0,14.36
38751,Invalid Foreign Key: Order_ID; Invalid Foreign Key: Order_Item_ID; Invalid Foreign Key: Employee_ID,SA00038750,O0038750,OI00038750,2025-10-31,C018751,P00751,E00251,R011,1,671.42,33.57,637.85,421.0,55.0,11.48
38842,Invalid Foreign Key: Order_Item_ID; Invalid Foreign Key: Product_ID,SA00038841,O0038841,OI00038841,2026-01-30,C018842,P00842,E00342,R002,2,1114.2,55.71,1058.49,698.28,66.0,19.05
38888,Invalid Foreign Key: Order_ID; Invalid Foreign Key: Order_Item_ID; Invalid Foreign Key: Customer_ID,SA00038887,O0038887,OI00038887,2026-03-17,C018888,P00888,E00388,R008,3,3424.25,68.49,3355.77,2149.28,32.0,60.4
38921,Invalid Foreign Key: Order_Item_ID; Invalid Foreign Key: Product_ID,SA00038920,O0038920,OI00038920,2026-04-19,C018921,P00921,E00421,R001,1,290.34,0.0,290.34,181.47,65.0,5.23
38943,Invalid Foreign Key: Order_ID; Invalid Foreign Key: Order_Item_ID; Invalid Foreign Key: Customer_ID,SA00038942,O0038942,OI00038942,2026-05-11,C018943,P00943,E00443,R003,3,1709.4,17.09,1692.31,1071.37,87.0,30.46
38998,Invalid Foreign Key: Order_Item_ID; Invalid Foreign Key: Product_ID,SA00038997,O0038997,OI00038997,2026-07-05,C018998,P00998,E00498,R018,3,3805.33,0.0,3805.33,2388.81,62.0,68.5
39095,Invalid Foreign Key: Order_ID; Invalid Foreign Key: Order_Item_ID,SA00039094,O0039094,OI00039094,2025-10-10,C019095,P00095,E00095,R015,5,6151.68,369.1,5782.58,3861.58,79.0,104.09
39251,Invalid Foreign Key: Order_ID; Invalid Foreign Key: Order_Item_ID; Invalid Foreign Key: Employee_ID,SA00039250,O0039250,OI00039250,2026-03-15,C019251,P00251,E00251,R011,1,671.42,6.71,664.71,421.0,75.0,11.96
39307,Invalid Foreign Key: Order_Item_ID; Invalid Foreign Key: Product_ID,SA00039306,O0039306,OI00039306,2026-05-10,C019307,P00307,E00307,R007,2,225.02,2.25,222.77,139.37,51.0,4.01
39421,Invalid Foreign Key: Order_Item_ID; Invalid Foreign Key: Product_ID,SA00039420,O0039420,OI00039420,2025-09-01,C019421,P00421,E00421,R001,1,290.34,8.71,281.63,181.47,85.0,5.07
39499,Invalid Foreign Key: Order_Item_ID; Invalid Foreign Key: Product_ID,SA00039498,O0039498,OI00039498,2025-11-18,C019499,P00499,E00499,R019,4,5124.58,204.98,4919.6,3217.02,83.0,88.55
39577,Invalid Foreign Key: Order_Item_ID; Invalid Foreign Key: Product_ID,SA00039576,O0039576,OI00039576,2026-02-04,C019577,P00577,E00077,R017,2,2003.38,100.17,1903.21,1257.19,81.0,34.26
39614,Invalid Foreign Key: Order_Item_ID; Invalid Foreign Key: Product_ID,SA00039613,O0039613,OI00039613,2026-03-13,C019614,P00614,E00114,R014,4,805.71,0.0,805.71,502.3,38.0,14.5
39619,Invalid Foreign Key: Order_ID; Invalid Foreign Key: Order_Item_ID,SA00039618,O0039618,OI00039618,2026-03-18,C019619,P00619,E00119,R019,4,1059.76,52.99,1006.77,661.99,43.0,18.12
39675,Invalid Foreign Key: Order_ID; Invalid Foreign Key: Order_Item_ID; Invalid Foreign Key: Customer_ID,SA00039674,O0039674,OI00039674,2026-05-13,C019675,P00675,E00175,R015,5,4881.42,244.07,4637.35,3063.14,99.0,83.47
39751,Invalid Foreign Key: Order_ID; Invalid Foreign Key: Order_Item_ID; Invalid Foreign Key: Employee_ID,SA00039750,O0039750,OI00039750,2026-07-28,C019751,P00751,E00251,R011,1,671.42,26.86,644.57,421.0,95.0,11.6
39842,Invalid Foreign Key: Order_Item_ID; Invalid Foreign Key: Product_ID,SA00039841,O0039841,OI00039841,2025-10-27,C019842,P00842,E00342,R002,2,1114.2,44.57,1069.63,698.28,26.0,19.25
39921,Invalid Foreign Key: Order_Item_ID; Invalid Foreign Key: Product_ID,SA00039920,O0039920,OI00039920,2026-01-14,C019921,P00921,E00421,R001,1,290.34,17.42,272.92,181.47,25.0,4.91
39940,Invalid Foreign Key: Order_ID; Invalid Foreign Key: Order_Item_ID; Invalid Foreign Key: Customer_ID,SA00039939,O0039939,OI00039939,2026-02-02,C019940,P00940,E00440,R020,5,2658.47,106.34,2552.13,1665.85,44.0,45.94
39973,Invalid Foreign Key: Order_ID; Invalid Foreign Key: Order_Item_ID,SA00039972,O0039972,OI00039972,2026-03-07,C019973,P00973,E00473,R013,3,2852.64,57.05,2795.58,1789.98,77.0,50.32
39998,Invalid Foreign Key: Order_Item_ID; Invalid Foreign Key: Product_ID,SA00039997,O0039997,OI00039997,2026-04-01,C019998,P00998,E00498,R018,3,3805.33,228.32,3577.01,2388.81,102.0,64.39
40011,Negative Value: Quantity; Negative Value: Gross_Sales; Negative Value: Net_Sales; Invalid Foreign Key: Order_Item_ID,SA00040010,O0040010,OI00040010,2026-04-14,C000011,P00011,E00011,R011,-2,-326.64,-16.33,-310.31,203.24,35.0,0.0
40025,Invalid Foreign Key: Order_Item_ID,SA00040024,O0040024,OI00040024,2026-04-28,C000025,P00025,E00025,R005,5,1705.78,85.29,1620.49,1067.02,49.0,29.17
40029,Invalid Foreign Key: Order_ID; Invalid Foreign Key: Order_Item_ID,SA00040028,O0040028,OI00040028,2026-05-02,C000029,P00029,E00029,R009,4,1567.86,31.36,1536.5,981.37,53.0,27.66
40251,Invalid Foreign Key: Order_ID; Invalid Foreign Key: Order_Item_ID; Invalid Foreign Key: Employee_ID,SA00040250,O0040250,OI00040250,2025-12-10,C000251,P00251,E00251,R011,1,671.42,0.0,671.42,421.0,35.0,12.09
40307,Invalid Foreign Key: Order_Item_ID; Invalid Foreign Key: Product_ID,SA00040306,O0040306,OI00040306,2026-02-04,C000307,P00307,E00307,R007,2,225.02,0.0,225.02,139.37,91.0,4.05
40421,Invalid Foreign Key: Order_Item_ID; Invalid Foreign Key: Product_ID,SA00040420,O0040420,OI00040420,2026-05-29,C000421,P00421,E00421,R001,1,290.34,5.81,284.54,181.47,45.0,5.12
40499,Invalid Foreign Key: Order_Item_ID; Invalid Foreign Key: Product_ID,SA00040498,O0040498,OI00040498,2026-08-15,C000499,P00499,E00499,R019,4,5124.58,153.74,4970.85,3217.02,43.0,89.48
40577,Invalid Foreign Key: Order_Item_ID; Invalid Foreign Key: Product_ID,SA00040576,O0040576,OI00040576,2025-11-01,C000577,P00577,E00077,R017,2,2003.38,80.14,1923.24,1257.19,41.0,34.62
40614,Invalid Foreign Key: Order_Item_ID; Invalid Foreign Key: Product_ID,SA00040613,O0040613,OI00040613,2025-12-08,C000614,P00614,E00114,R014,4,805.71,48.34,757.36,502.3,78.0,13.63
40751,Invalid Foreign Key: Order_ID; Invalid Foreign Key: Order_Item_ID; Invalid Foreign Key: Employee_ID,SA00040750,O0040750,OI00040750,2026-04-24,C000751,P00751,E00251,R011,1,671.42,20.14,651.28,421.0,55.0,11.72
40787,Invalid Foreign Key: Order_ID; Invalid Foreign Key: Order_Item_ID; Invalid Foreign Key: Customer_ID,SA00040786,O0040786,OI00040786,2026-05-30,C000787,P00787,E00287,R007,2,2257.43,90.3,2167.13,1416.88,91.0,39.01
40842,Invalid Foreign Key: Order_Item_ID; Invalid Foreign Key: Product_ID,SA00040841,O0040841,OI00040841,2026-07-24,C000842,P00842,E00342,R002,2,1114.2,33.43,1080.77,698.28,66.0,19.45
40872,Invalid Foreign Key: Order_ID; Invalid Foreign Key: Order_Item_ID,SA00040871,O0040871,OI00040871,2026-08-23,C000872,P00872,E00372,R012,2,1876.35,93.82,1782.54,1177.35,96.0,32.09
40921,Invalid Foreign Key: Order_Item_ID; Invalid Foreign Key: Product_ID,SA00040920,O0040920,OI00040920,2025-10-11,C000921,P00921,E00421,R001,1,290.34,14.52,275.83,181.47,65.0,4.96
40997,Invalid Foreign Key: Order_ID; Invalid Foreign Key: Order_Item_ID; Invalid Foreign Key: Customer_ID,SA00040996,O0040996,OI00040996,2025-12-26,C000997,P00997,E00497,R017,2,2511.48,100.46,2411.02,1576.57,61.0,43.4
40998,Invalid Foreign Key: Order_Item_ID; Invalid Foreign Key: Product_ID,SA00040997,O0040997,OI00040997,2025-12-27,C000998,P00998,E00498,R018,3,3805.33,190.27,3615.06,2388.81,62.0,65.07
41251,Invalid Foreign Key: Order_ID; Invalid Foreign Key: Order_Item_ID; Invalid Foreign Key: Employee_ID,SA00041250,O0041250,OI00041250,2025-09-06,C001251,P00251,E00251,R011,1,671.42,40.29,631.14,421.0,75.0,11.36
41307,Invalid Foreign Key: Order_Item_ID; Invalid Foreign Key: Product_ID,SA00041306,O0041306,OI00041306,2025-11-01,C001307,P00307,E00307,R007,2,225.02,13.5,211.52,139.37,51.0,3.81
41421,Invalid Foreign Key: Order_Item_ID; Invalid Foreign Key: Product_ID,SA00041420,O0041420,OI00041420,2026-02-23,C001421,P00421,E00421,R001,1,290.34,2.9,287.44,181.47,85.0,5.17
41499,Invalid Foreign Key: Order_Item_ID; Invalid Foreign Key: Product_ID,SA00041498,O0041498,OI00041498,2026-05-12,C001499,P00499,E00499,R019,4,5124.58,102.49,5022.09,3217.02,83.0,90.4
41574,Invalid Foreign Key: Order_ID; Invalid Foreign Key: Order_Item_ID; Invalid Foreign Key: Customer_ID,SA00041573,O0041573,OI00041573,2026-07-26,C001574,P00574,E00074,R014,4,3854.33,0.0,3854.33,2418.57,78.0,69.38
41577,Invalid Foreign Key: Order_Item_ID; Invalid Foreign Key: Product_ID,SA00041576,O0041576,OI00041576,2026-07-29,C001577,P00577,E00077,R017,2,2003.38,60.1,1943.28,1257.19,81.0,34.98
41614,Invalid Foreign Key: Order_Item_ID; Invalid Foreign Key: Product_ID,SA00041613,O0041613,OI00041613,2025-09-04,C001614,P00614,E00114,R014,4,805.71,40.29,765.42,502.3,38.0,13.78
41640,Invalid Foreign Key: Order_Item_ID,SA00041639,O0041639,OI00041639,2025-09-30,C001640,P00640,E00140,R020,5,2658.47,79.75,2578.71,1665.85,64.0,46.42
41751,Invalid Foreign Key: Order_ID; Invalid Foreign Key: Order_Item_ID; Invalid Foreign Key: Employee_ID,SA00041750,O0041750,OI00041750,2026-01-19,C001751,P00751,E00251,R011,1,671.42,13.43,657.99,421.0,95.0,11.84
41820,Invalid Foreign Key: Order_ID; Invalid Foreign Key: Order_Item_ID,SA00041819,O0041819,OI00041819,2026-03-29,C001820,P00820,E00320,R020,5,1388.21,13.88,1374.33,867.4,84.0,24.74
41842,Invalid Foreign Key: Order_Item_ID; Invalid Foreign Key: Product_ID,SA00041841,O0041841,OI00041841,2026-04-20,C001842,P00842,E00342,R002,2,1114.2,22.28,1091.91,698.28,26.0,19.65
41921,Invalid Foreign Key: Order_Item_ID; Invalid Foreign Key: Product_ID,SA00041920,O0041920,OI00041920,2026-07-08,C001921,P00921,E00421,R001,1,290.34,11.61,278.73,181.47,25.0,5.02
41994,Invalid Foreign Key: Order_ID; Invalid Foreign Key: Order_Item_ID; Invalid Foreign Key: Customer_ID,SA00041993,O0041993,OI00041993,2025-09-19,C001994,P00994,E00494,R014,4,4870.53,0.0,4870.53,3057.33,98.0,87.67
41998,Invalid Foreign Key: Order_Item_ID; Invalid Foreign Key: Product_ID,SA00041997,O0041997,OI00041997,2025-09-23,C001998,P00998,E00498,R018,3,3805.33,152.21,3653.12,2388.81,102.0,65.76
42007,Invalid Foreign Key: Order_Item_ID,SA00042006,O0042006,OI00042006,2025-10-02,C002007,P00007,E00007,R007,2,225.02,13.5,211.52,139.37,31.0,3.81
42251,Invalid Foreign Key: Order_ID; Invalid Foreign Key: Order_Item_ID; Invalid Foreign Key: Employee_ID,SA00042250,O0042250,OI00042250,2026-06-03,C002251,P00251,E00251,R011,1,671.42,33.57,637.85,421.0,35.0,11.48
42307,Invalid Foreign Key: Order_Item_ID; Invalid Foreign Key: Product_ID,SA00042306,O0042306,OI00042306,2026-07-29,C002307,P00307,E00307,R007,2,225.02,11.25,213.77,139.37,91.0,3.85
42361,Invalid Foreign Key: Order_ID; Invalid Foreign Key: Order_Item_ID; Invalid Foreign Key: Customer_ID,SA00042360,O0042360,OI00042360,2025-09-21,C002361,P00361,E00361,R001,1,798.45,23.95,774.49,500.84,65.0,13.94
42421,Invalid Foreign Key: Order_Item_ID; Invalid Foreign Key: Product_ID,SA00042420,O0042420,OI00042420,2025-11-20,C002421,P00421,E00421,R001,1,290.34,0.0,290.34,181.47,45.0,5.23
42499,Invalid Foreign Key: Order_Item_ID; Invalid Foreign Key: Product_ID,SA00042498,O0042498,OI00042498,2026-02-06,C002499,P00499,E00499,R019,4,5124.58,51.25,5073.34,3217.02,43.0,91.32
42577,Invalid Foreign Key: Order_Item_ID; Invalid Foreign Key: Product_ID,SA00042576,O0042576,OI00042576,2026-04-25,C002577,P00577,E00077,R017,2,2003.38,40.07,1963.31,1257.19,41.0,35.34
42614,Invalid Foreign Key: Order_Item_ID; Invalid Foreign Key: Product_ID,SA00042613,O0042613,OI00042613,2026-06-01,C002614,P00614,E00114,R014,4,805.71,32.23,773.48,502.3,78.0,13.92
42649,Invalid Foreign Key: Order_ID; Invalid Foreign Key: Order_Item_ID,SA00042648,O0042648,OI00042648,2026-07-06,C002649,P00649,E00149,R009,4,2584.07,103.36,2480.71,1620.12,33.0,44.65
42751,Invalid Foreign Key: Order_ID; Invalid Foreign Key: Order_Item_ID; Invalid Foreign Key: Employee_ID,SA00042750,O0042750,OI00042750,2025-10-16,C002751,P00751,E00251,R011,1,671.42,6.71,664.71,421.0,55.0,11.96
42842,Invalid Foreign Key: Order_Item_ID; Invalid Foreign Key: Product_ID,SA00042841,O0042841,OI00042841,2026-01-15,C002842,P00842,E00342,R002,2,1114.2,11.14,1103.06,698.28,66.0,19.86
42921,Invalid Foreign Key: Order_Item_ID; Invalid Foreign Key: Product_ID,SA00042920,O0042920,OI00042920,2026-04-04,C002921,P00921,E00421,R001,1,290.34,8.71,281.63,181.47,65.0,5.07
42991,Invalid Foreign Key: Order_ID; Invalid Foreign Key: Order_Item_ID; Invalid Foreign Key: Customer_ID,SA00042990,O0042990,OI00042990,2026-06-13,C002991,P00991,E00491,R011,1,1179.53,35.39,1144.14,740.38,55.0,20.59
42998,Invalid Foreign Key: Order_Item_ID; Invalid Foreign Key: Product_ID,SA00042997,O0042997,OI00042997,2026-06-20,C002998,P00998,E00498,R018,3,3805.33,114.16,3691.17,2388.81,62.0,66.44
43148,Invalid Foreign Key: Order_ID; Invalid Foreign Key: Order_Item_ID; Invalid Foreign Key: Customer_ID,SA00043147,O0043147,OI00043147,2025-11-17,C003148,P00148,E00148,R008,3,1899.94,114.0,1785.95,1191.14,52.0,32.15
43251,Invalid Foreign Key: Order_ID; Invalid Foreign Key: Order_Item_ID; Invalid Foreign Key: Employee_ID,SA00043250,O0043250,OI00043250,2026-02-28,C003251,P00251,E00251,R011,1,671.42,26.86,644.57,421.0,75.0,11.6
43304,Invalid Foreign Key: Order_ID; Invalid Foreign Key: Order_Item_ID,SA00043303,O0043303,OI00043303,2026-04-22,C003304,P00304,E00304,R004,4,297.6,2.98,294.63,182.92,48.0,5.3
43307,Invalid Foreign Key: Order_Item_ID; Invalid Foreign Key: Product_ID,SA00043306,O0043306,OI00043306,2026-04-25,C003307,P00307,E00307,R007,2,225.02,9.0,216.02,139.37,51.0,3.89
43421,Invalid Foreign Key: Order_Item_ID; Invalid Foreign Key: Product_ID,SA00043420,O0043420,OI00043420,2026-08-17,C003421,P00421,E00421,R001,1,290.34,17.42,272.92,181.47,85.0,4.91
43499,Invalid Foreign Key: Order_Item_ID; Invalid Foreign Key: Product_ID,SA00043498,O0043498,OI00043498,2025-11-03,C003499,P00499,E00499,R019,4,5124.58,0.0,5124.58,3217.02,83.0,92.24
43577,Invalid Foreign Key: Order_Item_ID; Invalid Foreign Key: Product_ID,SA00043576,O0043576,OI00043576,2026-01-20,C003577,P00577,E00077,R017,2,2003.38,20.03,1983.34,1257.19,81.0,35.7
43614,Invalid Foreign Key: Order_Item_ID; Invalid Foreign Key: Product_ID,SA00043613,O0043613,OI00043613,2026-02-26,C003614,P00614,E00114,R014,4,805.71,24.17,781.54,502.3,38.0,14.07
43751,Invalid Foreign Key: Order_ID; Invalid Foreign Key: Order_Item_ID; Invalid Foreign Key: Employee_ID,SA00043750,O0043750,OI00043750,2026-07-13,C003751,P00751,E00251,R011,1,671.42,0.0,671.42,421.0,95.0,12.09
43842,Invalid Foreign Key: Order_Item_ID; Invalid Foreign Key: Product_ID,SA00043841,O0043841,OI00043841,2025-10-12,C003842,P00842,E00342,R002,2,1114.2,0.0,1114.2,698.28,26.0,20.06
43921,Invalid Foreign Key: Order_Item_ID; Invalid Foreign Key: Product_ID,SA00043920,O0043920,OI00043920,2025-12-30,C003921,P00921,E00421,R001,1,290.34,5.81,284.54,181.47,25.0,5.12
43935,Invalid Foreign Key: Order_ID; Invalid Foreign Key: Order_Item_ID; Invalid Foreign Key: Customer_ID,SA00043934,O0043934,OI00043934,2026-01-13,C003935,P00935,E00435,R015,5,2340.9,46.82,2294.09,1466.24,39.0,41.29
43988,Invalid Foreign Key: Order_ID; Invalid Foreign Key: Order_Item_ID; Invalid Foreign Key: Customer_ID,SA00043987,O0043987,OI00043987,2026-03-07,C003988,P00988,E00488,R008,3,3424.25,205.46,3218.8,2149.28,92.0,57.94
43998,Invalid Foreign Key: Order_Item_ID; Invalid Foreign Key: Product_ID,SA00043997,O0043997,OI00043997,2026-03-17,C003998,P00998,E00498,R018,3,3805.33,76.11,3729.22,2388.81,102.0,67.13
44012,Negative Value: Quantity; Negative Value: Gross_Sales; Negative Value: Net_Sales; Invalid Foreign Key: Order_Item_ID,SA00044011,O0044011,OI00044011,2026-03-31,C004012,P00012,E00012,R012,-2,-352.04,-7.04,-345.0,219.21,36.0,0.0
44021,Invalid Foreign Key: Order_ID; Invalid Foreign Key: Order_Item_ID,SA00044020,O0044020,OI00044020,2026-04-09,C004021,P00021,E00021,R001,1,290.34,11.61,278.73,181.47,45.0,5.02
44251,Invalid Foreign Key: Order_ID; Invalid Foreign Key: Order_Item_ID; Invalid Foreign Key: Employee_ID,SA00044250,O0044250,OI00044250,2025-11-25,C004251,P00251,E00251,R011,1,671.42,20.14,651.28,421.0,35.0,11.72
44307,Invalid Foreign Key: Order_Item_ID; Invalid Foreign Key: Product_ID,SA00044306,O0044306,OI00044306,2026-01-20,C004307,P00307,E00307,R007,2,225.02,6.75,218.27,139.37,91.0,3.93
44421,Invalid Foreign Key: Order_Item_ID; Invalid Foreign Key: Product_ID,SA00044420,O0044420,OI00044420,2026-05-14,C004421,P00421,E00421,R001,1,290.34,14.52,275.83,181.47,45.0,4.96
44426,Invalid Foreign Key: Order_ID; Invalid Foreign Key: Order_Item_ID,SA00044425,O0044425,OI00044425,2026-05-19,C004426,P00426,E00426,R006,1,353.86,10.62,343.24,221.39,50.0,6.18
44499,Invalid Foreign Key: Order_Item_ID; Invalid Foreign Key: Product_ID,SA00044498,O0044498,OI00044498,2026-07-31,C004499,P00499,E00499,R019,4,5124.58,307.48,4817.11,3217.02,43.0,86.71
44577,Invalid Foreign Key: Order_Item_ID; Invalid Foreign Key: Product_ID,SA00044576,O0044576,OI00044576,2025-10-17,C004577,P00577,E00077,R017,2,2003.38,0.0,2003.38,1257.19,41.0,36.06
44614,Invalid Foreign Key: Order_Item_ID; Invalid Foreign Key: Product_ID,SA00044613,O0044613,OI00044613,2025-11-23,C004614,P00614,E00114,R014,4,805.71,16.11,789.59,502.3,78.0,14.21
44722,Invalid Foreign Key: Order_ID; Invalid Foreign Key: Order_Item_ID; Invalid Foreign Key: Customer_ID,SA00044721,O0044721,OI00044721,2026-03-11,C004722,P00722,E00222,R002,2,606.09,30.3,575.79,378.9,26.0,10.36
44751,Invalid Foreign Key: Order_ID; Invalid Foreign Key: Order_Item_ID; Invalid Foreign Key: Employee_ID,SA00044750,O0044750,OI00044750,2026-04-09,C004751,P00751,E00251,R011,1,671.42,40.29,631.14,421.0,55.0,11.36
44842,Invalid Foreign Key: Order_Item_ID; Invalid Foreign Key: Product_ID,SA00044841,O0044841,OI00044841,2026-07-09,C004842,P00842,E00342,R002,2,1114.2,66.85,1047.35,698.28,66.0,18.85
44843,Invalid Foreign Key: Order_Item_ID,SA00044842,O0044842,OI00044842,2026-07-10,C004843,P00843,E00343,R003,3,1709.4,0.0,1709.4,1071.37,67.0,30.77
44921,Invalid Foreign Key: Order_Item_ID; Invalid Foreign Key: Product_ID,SA00044920,O0044920,OI00044920,2025-09-26,C004921,P00921,E00421,R001,1,290.34,2.9,287.44,181.47,65.0,5.17
44985,Invalid Foreign Key: Order_ID; Invalid Foreign Key: Order_Item_ID; Invalid Foreign Key: Customer_ID,SA00044984,O0044984,OI00044984,2025-11-29,C004985,P00985,E00485,R005,5,5516.55,110.33,5406.22,3462.36,49.0,97.31
44998,Invalid Foreign Key: Order_Item_ID; Invalid Foreign Key: Product_ID,SA00044997,O0044997,OI00044997,2025-12-12,C004998,P00998,E00498,R018,3,3805.33,38.05,3767.28,2388.81,62.0,67.81
45028,Invalid Foreign Key: Order_Item_ID,SA00045027,O0045027,OI00045027,2026-01-11,C005028,P00028,E00028,R008,3,1137.79,34.13,1103.65,712.07,92.0,19.87
45251,Invalid Foreign Key: Order_ID; Invalid Foreign Key: Order_Item_ID; Invalid Foreign Key: Employee_ID,SA00045250,O0045250,OI00045250,2026-08-22,C005251,P00251,E00251,R011,1,671.42,13.43,657.99,421.0,75.0,11.84
45307,Invalid Foreign Key: Order_Item_ID; Invalid Foreign Key: Product_ID,SA00045306,O0045306,OI00045306,2025-10-17,C005307,P00307,E00307,R007,2,225.02,4.5,220.52,139.37,51.0,3.97
45421,Invalid Foreign Key: Order_Item_ID; Invalid Foreign Key: Product_ID,SA00045420,O0045420,OI00045420,2026-02-08,C005421,P00421,E00421,R001,1,290.34,11.61,278.73,181.47,85.0,5.02
45499,Invalid Foreign Key: Order_Item_ID; Invalid Foreign Key: Product_ID,SA00045498,O0045498,OI00045498,2026-04-27,C005499,P00499,E00499,R019,4,5124.58,256.23,4868.36,3217.02,83.0,87.63
45509,Invalid Foreign Key: Order_ID; Invalid Foreign Key: Order_Item_ID; Invalid Foreign Key: Customer_ID,SA00045508,O0045508,OI00045508,2026-05-07,C005509,P00509,E00009,R009,4,551.65,5.52,546.14,342.61,93.0,9.83
45577,Invalid Foreign Key: Order_Item_ID; Invalid Foreign Key: Product_ID,SA00045576,O0045576,OI00045576,2026-07-14,C005577,P00577,E00077,R017,2,2003.38,120.2,1883.18,1257.19,81.0,33.9
45614,Invalid Foreign Key: Order_Item_ID; Invalid Foreign Key: Product_ID,SA00045613,O0045613,OI00045613,2026-08-20,C005614,P00614,E00114,R014,4,805.71,8.06,797.65,502.3,38.0,14.36
45751,Invalid Foreign Key: Order_ID; Invalid Foreign Key: Order_Item_ID; Invalid Foreign Key: Employee_ID,SA00045750,O0045750,OI00045750,2026-01-04,C005751,P00751,E00251,R011,1,671.42,33.57,637.85,421.0,95.0,11.48
45842,Invalid Foreign Key: Order_Item_ID; Invalid Foreign Key: Product_ID,SA00045841,O0045841,OI00045841,2026-04-05,C005842,P00842,E00342,R002,2,1114.2,55.71,1058.49,698.28,26.0,19.05
45921,Invalid Foreign Key: Order_Item_ID; Invalid Foreign Key: Product_ID,SA00045920,O0045920,OI00045920,2026-06-23,C005921,P00921,E00421,R001,1,290.34,0.0,290.34,181.47,25.0,5.23
45982,Invalid Foreign Key: Order_ID; Invalid Foreign Key: Order_Item_ID; Invalid Foreign Key: Customer_ID,SA00045981,O0045981,OI00045981,2026-08-23,C005982,P00982,E00482,R002,2,2130.4,106.52,2023.88,1337.04,86.0,36.43
45998,Invalid Foreign Key: Order_Item_ID; Invalid Foreign Key: Product_ID,SA00045997,O0045997,OI00045997,2025-09-08,C005998,P00998,E00498,R018,3,3805.33,0.0,3805.33,2388.81,102.0,68.5
46203,Invalid Foreign Key: Order_ID; Invalid Foreign Key: Order_Item_ID,SA00046202,O0046202,OI00046202,2026-04-01,C006203,P00203,E00203,R003,3,185.09,3.7,181.39,113.23,67.0,3.27
46222,Invalid Foreign Key: Order_ID; Invalid Foreign Key: Order_Item_ID,SA00046221,O0046221,OI00046221,2026-04-20,C006222,P00222,E00222,R002,2,606.09,0.0,606.09,378.9,86.0,10.91
46251,Invalid Foreign Key: Order_ID; Invalid Foreign Key: Order_Item_ID; Invalid Foreign Key: Employee_ID,SA00046250,O0046250,OI00046250,2026-05-19,C006251,P00251,E00251,R011,1,671.42,6.71,664.71,421.0,35.0,11.96
46296,Invalid Foreign Key: Order_ID; Invalid Foreign Key: Order_Item_ID; Invalid Foreign Key: Customer_ID,SA00046295,O0046295,OI00046295,2026-07-03,C006296,P00296,E00296,R016,1,1243.04,49.72,1193.32,780.3,80.0,21.48
46307,Invalid Foreign Key: Order_Item_ID; Invalid Foreign Key: Product_ID,SA00046306,O0046306,OI00046306,2026-07-14,C006307,P00307,E00307,R007,2,225.02,2.25,222.77,264.79,91.0,4.01
46421,Invalid Foreign Key: Order_Item_ID; Invalid Foreign Key: Product_ID,SA00046420,O0046420,OI00046420,2025-11-05,C006421,P00421,E00421,R001,1,290.34,8.71,281.63,181.47,45.0,5.07
46499,Invalid Foreign Key: Order_Item_ID; Invalid Foreign Key: Product_ID,SA00046498,O0046498,OI00046498,2026-01-22,C006499,P00499,E00499,R019,4,5124.58,204.98,4919.6,3217.02,43.0,88.55
46577,Invalid Foreign Key: Order_Item_ID; Invalid Foreign Key: Product_ID,SA00046576,O0046576,OI00046576,2026-04-10,C006577,P00577,E00077,R017,2,2003.38,100.17,1903.21,1257.19,41.0,34.26
46614,Invalid Foreign Key: Order_Item_ID; Invalid Foreign Key: Product_ID,SA00046613,O0046613,OI00046613,2026-05-17,C006614,P00614,E00114,R014,4,805.71,0.0,805.71,502.3,78.0,14.5
46635,Invalid Foreign Key: Order_ID; Invalid Foreign Key: Order_Item_ID,SA00046634,O0046634,OI00046634,2026-06-07,C006635,P00635,E00135,R015,5,2340.9,0.0,2340.9,1466.24,99.0,42.14
46751,Invalid Foreign Key: Order_ID; Invalid Foreign Key: Order_Item_ID; Invalid Foreign Key: Employee_ID,SA00046750,O0046750,OI00046750,2025-10-01,C006751,P00751,E00251,R011,1,671.42,26.86,644.57,421.0,55.0,11.6
46842,Invalid Foreign Key: Order_Item_ID; Invalid Foreign Key: Product_ID,SA00046841,O0046841,OI00046841,2025-12-31,C006842,P00842,E00342,R002,2,1114.2,44.57,1069.63,698.28,66.0,19.25
46921,Invalid Foreign Key: Order_Item_ID; Invalid Foreign Key: Product_ID,SA00046920,O0046920,OI00046920,2026-03-20,C006921,P00921,E00421,R001,1,290.34,17.42,272.92,181.47,65.0,4.91
46979,Invalid Foreign Key: Order_ID; Invalid Foreign Key: Order_Item_ID; Invalid Foreign Key: Customer_ID,SA00046978,O0046978,OI00046978,2026-05-17,C006979,P00979,E00479,R019,4,4108.38,41.08,4067.29,2578.26,43.0,73.21
46998,Invalid Foreign Key: Order_Item_ID; Invalid Foreign Key: Product_ID,SA00046997,O0046997,OI00046997,2026-06-05,C006998,P00998,E00498,R018,3,3805.33,228.32,3577.01,2388.81,62.0,64.39
47083,Invalid Foreign Key: Order_ID; Invalid Foreign Key: Order_Item_ID; Invalid Foreign Key: Customer_ID,SA00047082,O0047082,OI00047082,2026-08-29,C007083,P00083,E00083,R003,3,3233.71,0.0,3233.71,2029.51,67.0,58.21
47251,Invalid Foreign Key: Order_ID; Invalid Foreign Key: Order_Item_ID; Invalid Foreign Key: Employee_ID,SA00047250,O0047250,OI00047250,2026-02-13,C007251,P00251,E00251,R011,1,671.42,0.0,671.42,421.0,75.0,12.09
47307,Invalid Foreign Key: Order_Item_ID; Invalid Foreign Key: Product_ID,SA00047306,O0047306,OI00047306,2026-04-10,C007307,P00307,E00307,R007,2,225.02,0.0,225.02,139.37,51.0,4.05
47421,Invalid Foreign Key: Order_Item_ID; Invalid Foreign Key: Product_ID,SA00047420,O0047420,OI00047420,2026-08-02,C007421,P00421,E00421,R001,1,290.34,5.81,284.54,181.47,85.0,5.12
47499,Invalid Foreign Key: Order_Item_ID; Invalid Foreign Key: Product_ID,SA00047498,O0047498,OI00047498,2025-10-19,C007499,P00499,E00499,R019,4,5124.58,153.74,4970.85,3217.02,83.0,89.48
47577,Invalid Foreign Key: Order_Item_ID; Invalid Foreign Key: Product_ID,SA00047576,O0047576,OI00047576,2026-01-05,C007577,P00577,E00077,R017,2,2003.38,80.14,1923.24,1257.19,81.0,34.62
47614,Invalid Foreign Key: Order_Item_ID; Invalid Foreign Key: Product_ID,SA00047613,O0047613,OI00047613,2026-02-11,C007614,P00614,E00114,R014,4,805.71,48.34,757.36,502.3,38.0,13.63
47751,Invalid Foreign Key: Order_ID; Invalid Foreign Key: Order_Item_ID; Invalid Foreign Key: Employee_ID,SA00047750,O0047750,OI00047750,2026-06-28,C007751,P00751,E00251,R011,1,671.42,20.14,651.28,421.0,95.0,11.72
47842,Invalid Foreign Key: Order_Item_ID; Invalid Foreign Key: Product_ID,SA00047841,O0047841,OI00047841,2025-09-27,C007842,P00842,E00342,R002,2,1114.2,33.43,1080.77,698.28,26.0,19.45
47870,Invalid Foreign Key: Order_ID; Invalid Foreign Key: Order_Item_ID; Invalid Foreign Key: Customer_ID,SA00047869,O0047869,OI00047869,2025-10-25,C007870,P00870,E00370,R010,5,4563.86,136.92,4426.94,2863.52,54.0,79.68
47921,Invalid Foreign Key: Order_Item_ID; Invalid Foreign Key: Product_ID,SA00047920,O0047920,OI00047920,2025-12-15,C007921,P00921,E00421,R001,1,290.34,14.52,275.83,181.47,25.0,4.96
47976,Invalid Foreign Key: Order_ID; Invalid Foreign Key: Order_Item_ID; Invalid Foreign Key: Customer_ID,SA00047975,O0047975,OI00047975,2026-02-08,C007976,P00976,E00476,R016,1,988.99,39.56,949.43,620.61,80.0,17.09
47980,Invalid Foreign Key: Order_ID; Invalid Foreign Key: Order_Item_ID,SA00047979,O0047979,OI00047979,2026-02-12,C007980,P00980,E00480,R020,5,5198.99,51.99,5147.0,3262.75,84.0,92.65
47998,Invalid Foreign Key: Order_Item_ID; Invalid Foreign Key: Product_ID,SA00047997,O0047997,OI00047997,2026-03-02,C007998,P00998,E00498,R018,3,3805.33,190.27,3615.06,2388.81,102.0,65.07
48013,Negative Value: Quantity; Negative Value: Gross_Sales; Negative Value: Net_Sales; Invalid Foreign Key: Order_Item_ID,SA00048012,O0048012,OI00048012,2026-03-17,C008013,P00013,E00013,R013,-2,-377.45,-22.65,-354.8,235.18,37.0,0.0
48046,Invalid Foreign Key: Order_Item_ID,SA00048045,O0048045,OI00048045,2026-04-19,C008046,P00046,E00046,R006,1,607.91,24.32,583.59,381.08,70.0,10.5
48251,Invalid Foreign Key: Order_ID; Invalid Foreign Key: Order_Item_ID; Invalid Foreign Key: Employee_ID,SA00048250,O0048250,OI00048250,2025-11-10,C008251,P00251,E00251,R011,1,671.42,40.29,631.14,421.0,35.0,11.36
48307,Invalid Foreign Key: Order_Item_ID; Invalid Foreign Key: Product_ID,SA00048306,O0048306,OI00048306,2026-01-05,C008307,P00307,E00307,R007,2,225.02,13.5,211.52,139.37,91.0,3.81
48421,Invalid Foreign Key: Order_Item_ID; Invalid Foreign Key: Product_ID,SA00048420,O0048420,OI00048420,2026-04-29,C008421,P00421,E00421,R001,1,290.34,2.9,287.44,181.47,45.0,5.17
48423,Invalid Foreign Key: Order_ID; Invalid Foreign Key: Order_Item_ID,SA00048422,O0048422,OI00048422,2026-05-01,C008423,P00423,E00423,R003,3,947.25,28.42,918.83,592.3,47.0,16.54
48499,Invalid Foreign Key: Order_Item_ID; Invalid Foreign Key: Product_ID,SA00048498,O0048498,OI00048498,2026-07-16,C008499,P00499,E00499,R019,4,5124.58,102.49,5022.09,6112.34,43.0,90.4
48577,Invalid Foreign Key: Order_Item_ID; Invalid Foreign Key: Product_ID,SA00048576,O0048576,OI00048576,2025-10-02,C008577,P00577,E00077,R017,2,2003.38,60.1,1943.28,1257.19,41.0,34.98
48614,Invalid Foreign Key: Order_Item_ID; Invalid Foreign Key: Product_ID,SA00048613,O0048613,OI00048613,2025-11-08,C008614,P00614,E00114,R014,4,805.71,40.29,765.42,502.3,78.0,13.78
48657,Invalid Foreign Key: Order_ID; Invalid Foreign Key: Order_Item_ID; Invalid Foreign Key: Customer_ID,SA00048656,O0048656,OI00048656,2025-12-21,C008657,P00657,E00157,R017,2,1495.28,89.72,1405.56,937.81,41.0,25.3
48751,Invalid Foreign Key: Order_ID; Invalid Foreign Key: Order_Item_ID; Invalid Foreign Key: Employee_ID,SA00048750,O0048750,OI00048750,2026-03-25,C008751,P00751,E00251,R011,1,671.42,13.43,657.99,421.0,55.0,11.84
48842,Invalid Foreign Key: Order_Item_ID; Invalid Foreign Key: Product_ID,SA00048841,O0048841,OI00048841,2026-06-24,C008842,P00842,E00342,R002,2,1114.2,22.28,1091.91,698.28,66.0,19.65
48921,Invalid Foreign Key: Order_Item_ID; Invalid Foreign Key: Product_ID,SA00048920,O0048920,OI00048920,2025-09-11,C008921,P00921,E00421,R001,1,290.34,11.61,278.73,181.47,65.0,5.02
48973,Invalid Foreign Key: Order_ID; Invalid Foreign Key: Order_Item_ID; Invalid Foreign Key: Customer_ID,SA00048972,O0048972,OI00048972,2025-11-02,C008973,P00973,E00473,R013,3,2852.64,0.0,2852.64,1789.98,37.0,51.35
48998,Invalid Foreign Key: Order_Item_ID; Invalid Foreign Key: Product_ID,SA00048997,O0048997,OI00048997,2025-11-27,C008998,P00998,E00498,R018,3,3805.33,152.21,3653.12,2388.81,62.0,65.76
49008,Invalid Foreign Key: Order_Item_ID,SA00049007,O0049007,OI00049007,2025-12-07,C009008,P00008,E00008,R008,3,375.63,0.0,375.63,233.0,72.0,6.76
49251,Invalid Foreign Key: Order_ID; Invalid Foreign Key: Order_Item_ID; Invalid Foreign Key: Employee_ID,SA00049250,O0049250,OI00049250,2026-08-07,C009251,P00251,E00251,R011,1,671.42,33.57,637.85,421.0,75.0,11.48
49307,Invalid Foreign Key: Order_Item_ID; Invalid Foreign Key: Product_ID,SA00049306,O0049306,OI00049306,2025-10-02,C009307,P00307,E00307,R007,2,225.02,11.25,213.77,139.37,51.0,3.85
49421,Invalid Foreign Key: Order_Item_ID; Invalid Foreign Key: Product_ID,SA00049420,O0049420,OI00049420,2026-01-24,C009421,P00421,E00421,R001,1,290.34,0.0,290.34,181.47,85.0,5.23
49444,Invalid Foreign Key: Order_ID; Invalid Foreign Key: Order_Item_ID; Invalid Foreign Key: Customer_ID,SA00049443,O0049443,OI00049443,2026-02-16,C009444,P00444,E00444,R004,4,2330.02,46.6,2283.42,1460.43,28.0,41.1
49499,Invalid Foreign Key: Order_Item_ID; Invalid Foreign Key: Product_ID,SA00049498,O0049498,OI00049498,2026-04-12,C009499,P00499,E00499,R019,4,5124.58,51.25,5073.34,3217.02,83.0,91.32
49577,Invalid Foreign Key: Order_Item_ID; Invalid Foreign Key: Product_ID,SA00049576,O0049576,OI00049576,2026-06-29,C009577,P00577,E00077,R017,2,2003.38,40.07,1963.31,1257.19,81.0,35.34
49614,Invalid Foreign Key: Order_Item_ID; Invalid Foreign Key: Product_ID,SA00049613,O0049613,OI00049613,2026-08-05,C009614,P00614,E00114,R014,4,805.71,32.23,773.48,502.3,38.0,13.92
49751,Invalid Foreign Key: Order_ID; Invalid Foreign Key: Order_Item_ID; Invalid Foreign Key: Employee_ID,SA00049750,O0049750,OI00049750,2025-12-20,C009751,P00751,E00251,R011,1,671.42,6.71,664.71,421.0,95.0,11.96
49757,Invalid Foreign Key: Order_ID; Invalid Foreign Key: Order_Item_ID,SA00049756,O0049756,OI00049756,2025-12-26,C009757,P00757,E00257,R017,2,1495.28,0.0,1495.28,937.81,101.0,26.91
49842,Invalid Foreign Key: Order_Item_ID; Invalid Foreign Key: Product_ID,SA00049841,O0049841,OI00049841,2026-03-21,C009842,P00842,E00342,R002,2,1114.2,11.14,1103.06,698.28,26.0,19.86
49921,Invalid Foreign Key: Order_Item_ID; Invalid Foreign Key: Product_ID,SA00049920,O0049920,OI00049920,2026-06-08,C009921,P00921,E00421,R001,1,290.34,8.71,281.63,181.47,25.0,5.07
49966,Invalid Foreign Key: Order_ID; Invalid Foreign Key: Order_Item_ID,SA00049965,O0049965,OI00049965,2026-07-23,C009966,P00966,E00466,R006,1,861.96,51.72,810.24,540.77,70.0,14.58
49970,Invalid Foreign Key: Order_ID; Invalid Foreign Key: Order_Item_ID; Invalid Foreign Key: Customer_ID,SA00049969,O0049969,OI00049969,2026-07-27,C009970,P00970,E00470,R010,5,4563.86,136.92,4426.94,2863.52,74.0,79.68
49998,Invalid Foreign Key: Order_Item_ID; Invalid Foreign Key: Product_ID,SA00049997,O0049997,OI00049997,2026-08-24,C009998,P00998,E00498,R018,3,3805.33,114.16,3691.17,2388.81,102.0,66.44
50031,Invalid Foreign Key: Order_Item_ID,SA00050030,O0050030,OI00050030,2025-09-26,C010031,P00031,E00031,R011,1,417.37,4.17,413.2,261.31,55.0,7.44
50036,Invalid Foreign Key: Order_ID; Invalid Foreign Key: Order_Item_ID,SA00050035,O0050035,OI00050035,2025-10-01,C010036,P00036,E00036,R016,1,480.88,28.85,452.03,301.23,60.0,8.14
50231,Invalid Foreign Key: Order_ID; Invalid Foreign Key: Order_Item_ID; Invalid Foreign Key: Customer_ID,SA00050230,O0050230,OI00050230,2026-04-14,C010231,P00231,E00231,R011,1,417.37,20.87,396.5,261.31,95.0,7.14
50251,Invalid Foreign Key: Order_ID; Invalid Foreign Key: Order_Item_ID; Invalid Foreign Key: Employee_ID,SA00050250,O0050250,OI00050250,2026-05-04,C010251,P00251,E00251,R011,1,671.42,26.86,644.57,421.0,35.0,11.6
50307,Invalid Foreign Key: Order_Item_ID; Invalid Foreign Key: Product_ID,SA00050306,O0050306,OI00050306,2026-06-29,C010307,P00307,E00307,R007,2,225.02,9.0,216.02,139.37,91.0,3.89
50421,Invalid Foreign Key: Order_Item_ID; Invalid Foreign Key: Product_ID,SA00050420,O0050420,OI00050420,2025-10-21,C010421,P00421,E00421,R001,1,290.34,17.42,272.92,181.47,45.0,4.91
50499,Invalid Foreign Key: Order_Item_ID; Invalid Foreign Key: Product_ID,SA00050498,O0050498,OI00050498,2026-01-07,C010499,P00499,E00499,R019,4,5124.58,0.0,5124.58,3217.02,43.0,92.24
50577,Invalid Foreign Key: Order_Item_ID; Invalid Foreign Key: Product_ID,SA00050576,O0050576,OI00050576,2026-03-26,C010577,P00577,E00077,R017,2,2003.38,20.03,1983.34,1257.19,41.0,35.7
50614,Invalid Foreign Key: Order_Item_ID; Invalid Foreign Key: Product_ID,SA00050613,O0050613,OI00050613,2026-05-02,C010614,P00614,E00114,R014,4,805.71,24.17,781.54,502.3,78.0,14.07
50624,Invalid Foreign Key: Order_ID; Invalid Foreign Key: Order_Item_ID,SA00050623,O0050623,OI00050623,2026-05-12,C010624,P00624,E00124,R004,4,1313.81,78.83,1234.98,821.68,88.0,22.23
50751,Invalid Foreign Key: Order_ID; Invalid Foreign Key: Order_Item_ID; Invalid Foreign Key: Employee_ID,SA00050750,O0050750,OI00050750,2025-09-16,C010751,P00751,E00251,R011,1,671.42,0.0,671.42,421.0,55.0,12.09
50842,Invalid Foreign Key: Order_Item_ID; Invalid Foreign Key: Product_ID,SA00050841,O0050841,OI00050841,2025-12-16,C010842,P00842,E00342,R002,2,1114.2,0.0,1114.2,698.28,66.0,20.06
50921,Invalid Foreign Key: Order_Item_ID; Invalid Foreign Key: Product_ID,SA00050920,O0050920,OI00050920,2026-03-05,C010921,P00921,E00421,R001,1,290.34,5.81,284.54,181.47,65.0,5.12
50967,Invalid Foreign Key: Order_ID; Invalid Foreign Key: Order_Item_ID; Invalid Foreign Key: Customer_ID,SA00050966,O0050966,OI00050966,2026-04-20,C010967,P00967,E00467,R007,2,1749.33,104.96,1644.37,1097.5,31.0,29.6
50998,Invalid Foreign Key: Order_Item_ID; Invalid Foreign Key: Product_ID,SA00050997,O0050997,OI00050997,2026-05-21,C010998,P00998,E00498,R018,3,3805.33,76.11,3729.22,2388.81,62.0,67.13
51018,Invalid Foreign Key: Order_ID; Invalid Foreign Key: Order_Item_ID; Invalid Foreign Key: Customer_ID,SA00051017,O0051017,OI00051017,2026-06-10,C011018,P00018,E00018,R018,3,756.71,7.57,749.14,472.54,82.0,13.48
51249,Invalid Foreign Key: Order_Item_ID,SA00051248,O0051248,OI00051248,2026-01-27,C011249,P00249,E00249,R009,4,2584.07,25.84,2558.23,1620.12,73.0,46.05
51251,Invalid Foreign Key: Order_ID; Invalid Foreign Key: Order_Item_ID; Invalid Foreign Key: Employee_ID,SA00051250,O0051250,OI00051250,2026-01-29,C011251,P00251,E00251,R011,1,671.42,20.14,651.28,421.0,75.0,11.72
51307,Invalid Foreign Key: Order_Item_ID; Invalid Foreign Key: Product_ID,SA00051306,O0051306,OI00051306,2026-03-26,C011307,P00307,E00307,R007,2,225.02,6.75,218.27,139.37,51.0,3.93
51421,Invalid Foreign Key: Order_Item_ID; Invalid Foreign Key: Product_ID,SA00051420,O0051420,OI00051420,2026-07-18,C011421,P00421,E00421,R001,1,290.34,14.52,275.83,181.47,85.0,4.96
51499,Invalid Foreign Key: Order_Item_ID; Invalid Foreign Key: Product_ID,SA00051498,O0051498,OI00051498,2025-10-04,C011499,P00499,E00499,R019,4,5124.58,307.48,4817.11,3217.02,83.0,86.71
51534,Invalid Foreign Key: Order_ID; Invalid Foreign Key: Order_Item_ID,SA00051533,O0051533,OI00051533,2025-11-08,C011534,P00534,E00034,R014,4,1821.91,109.31,1712.6,1141.05,38.0,30.83
51577,Invalid Foreign Key: Order_Item_ID; Invalid Foreign Key: Product_ID,SA00051576,O0051576,OI00051576,2025-12-21,C011577,P00577,E00077,R017,2,2003.38,0.0,2003.38,1257.19,81.0,36.06
51614,Invalid Foreign Key: Order_Item_ID; Invalid Foreign Key: Product_ID,SA00051613,O0051613,OI00051613,2026-01-27,C011614,P00614,E00114,R014,4,805.71,16.11,789.59,502.3,38.0,14.21
51751,Invalid Foreign Key: Order_ID; Invalid Foreign Key: Order_Item_ID; Invalid Foreign Key: Employee_ID,SA00051750,O0051750,OI00051750,2026-06-13,C011751,P00751,E00251,R011,1,671.42,40.29,631.14,421.0,95.0,11.36
51805,Invalid Foreign Key: Order_ID; Invalid Foreign Key: Order_Item_ID; Invalid Foreign Key: Customer_ID,SA00051804,O0051804,OI00051804,2026-08-06,C011805,P00805,E00305,R005,5,435.52,17.42,418.1,268.57,69.0,7.53
51842,Invalid Foreign Key: Order_Item_ID; Invalid Foreign Key: Product_ID,SA00051841,O0051841,OI00051841,2025-09-12,C011842,P00842,E00342,R002,2,1114.2,66.85,1047.35,698.28,26.0,18.85
51921,Invalid Foreign Key: Order_Item_ID; Invalid Foreign Key: Product_ID,SA00051920,O0051920,OI00051920,2025-11-30,C011921,P00921,E00421,R001,1,290.34,2.9,287.44,181.47,25.0,5.17
51964,Invalid Foreign Key: Order_ID; Invalid Foreign Key: Order_Item_ID; Invalid Foreign Key: Customer_ID,SA00051963,O0051963,OI00051963,2026-01-12,C011964,P00964,E00464,R004,4,3346.22,66.92,3279.3,2099.19,68.0,59.03
51998,Invalid Foreign Key: Order_Item_ID; Invalid Foreign Key: Product_ID,SA00051997,O0051997,OI00051997,2026-02-15,C011998,P00998,E00498,R018,3,3805.33,38.05,3767.28,2388.81,102.0,67.81
52014,Negative Value: Quantity; Negative Value: Gross_Sales; Negative Value: Net_Sales; Invalid Foreign Key: Order_Item_ID,SA00052013,O0052013,OI00052013,2026-03-03,C012014,P00014,E00014,R014,-2,-402.85,-12.09,-390.77,251.15,38.0,0.0
52251,Invalid Foreign Key: Order_ID; Invalid Foreign Key: Order_Item_ID; Invalid Foreign Key: Employee_ID,SA00052250,O0052250,OI00052250,2025-10-26,C012251,P00251,E00251,R011,1,671.42,13.43,657.99,421.0,35.0,11.84
52307,Invalid Foreign Key: Order_Item_ID; Invalid Foreign Key: Product_ID,SA00052306,O0052306,OI00052306,2025-12-21,C012307,P00307,E00307,R007,2,225.02,4.5,220.52,139.37,91.0,3.97
52421,Invalid Foreign Key: Order_Item_ID; Invalid Foreign Key: Product_ID,SA00052420,O0052420,OI00052420,2026-04-14,C012421,P00421,E00421,R001,1,290.34,11.61,278.73,181.47,45.0,5.02
52499,Invalid Foreign Key: Order_Item_ID; Invalid Foreign Key: Product_ID,SA00052498,O0052498,OI00052498,2026-07-01,C012499,P00499,E00499,R019,4,5124.58,256.23,4868.36,3217.02,43.0,87.63
52577,Invalid Foreign Key: Order_Item_ID; Invalid Foreign Key: Product_ID,SA00052576,O0052576,OI00052576,2025-09-17,C012577,P00577,E00077,R017,2,2003.38,120.2,1883.18,1257.19,41.0,33.9
52592,Invalid Foreign Key: Order_ID; Invalid Foreign Key: Order_Item_ID; Invalid Foreign Key: Customer_ID,SA00052591,O0052591,OI00052591,2025-10-02,C012592,P00592,E00092,R012,2,2384.46,0.0,2384.46,1496.73,56.0,42.92
52614,Invalid Foreign Key: Order_Item_ID; Invalid Foreign Key: Product_ID,SA00052613,O0052613,OI00052613,2025-10-24,C012614,P00614,E00114,R014,4,805.71,8.06,797.65,502.3,78.0,14.36
52751,Invalid Foreign Key: Order_ID; Invalid Foreign Key: Order_Item_ID; Invalid Foreign Key: Employee_ID,SA00052750,O0052750,OI00052750,2026-03-10,C012751,P00751,E00251,R011,1,671.42,33.57,637.85,421.0,55.0,11.48
52825,Invalid Foreign Key: Order_ID; Invalid Foreign Key: Order_Item_ID,SA00052824,O0052824,OI00052824,2026-05-23,C012825,P00825,E00325,R005,5,1705.78,34.12,1671.66,1067.02,49.0,30.09
52842,Invalid Foreign Key: Order_Item_ID; Invalid Foreign Key: Product_ID,SA00052841,O0052841,OI00052841,2026-06-09,C012842,P00842,E00342,R002,2,1114.2,55.71,1058.49,698.28,66.0,19.05
52921,Invalid Foreign Key: Order_Item_ID; Invalid Foreign Key: Product_ID,SA00052920,O0052920,OI00052920,2026-08-27,C012921,P00921,E00421,R001,1,290.34,0.0,290.34,181.47,65.0,5.23
52961,Invalid Foreign Key: Order_ID; Invalid Foreign Key: Order_Item_ID; Invalid Foreign Key: Customer_ID,SA00052960,O0052960,OI00052960,2025-10-06,C012961,P00961,E00461,R001,1,798.45,39.92,758.53,500.84,25.0,13.65
52998,Invalid Foreign Key: Order_Item_ID; Invalid Foreign Key: Product_ID,SA00052997,O0052997,OI00052997,2025-11-12,C012998,P00998,E00498,R018,3,3805.33,0.0,3805.33,2388.81,62.0,68.5
53251,Invalid Foreign Key: Order_ID; Invalid Foreign Key: Order_Item_ID; Invalid Foreign Key: Employee_ID,SA00053250,O0053250,OI00053250,2026-07-23,C013251,P00251,E00251,R011,1,671.42,6.71,664.71,421.0,75.0,11.96
53297,Invalid Foreign Key: Order_ID; Invalid Foreign Key: Order_Item_ID,SA00053296,O0053296,OI00053296,2025-09-07,C013297,P00297,E00297,R017,2,2511.48,125.57,2385.91,1576.57,41.0,42.95
53307,Invalid Foreign Key: Order_Item_ID; Invalid Foreign Key: Product_ID,SA00053306,O0053306,OI00053306,2025-09-17,C013307,P00307,E00307,R007,2,225.02,2.25,222.77,139.37,51.0,4.01
53311,Invalid Foreign Key: Order_ID; Invalid Foreign Key: Order_Item_ID,SA00053310,O0053310,OI00053310,2025-09-21,C013311,P00311,E00311,R011,1,163.32,8.17,155.15,101.62,55.0,2.79
53379,Invalid Foreign Key: Order_ID; Invalid Foreign Key: Order_Item_ID; Invalid Foreign Key: Customer_ID,SA00053378,O0053378,OI00053378,2025-11-28,C013379,P00379,E00379,R019,4,4108.38,123.25,3985.13,2578.26,43.0,71.73
53421,Invalid Foreign Key: Order_Item_ID; Invalid Foreign Key: Product_ID,SA00053420,O0053420,OI00053420,2026-01-09,C013421,P00421,E00421,R001,1,290.34,8.71,281.63,181.47,85.0,5.07
53499,Invalid Foreign Key: Order_Item_ID; Invalid Foreign Key: Product_ID,SA00053498,O0053498,OI00053498,2026-03-28,C013499,P00499,E00499,R019,4,5124.58,204.98,4919.6,3217.02,83.0,88.55
53577,Invalid Foreign Key: Order_Item_ID; Invalid Foreign Key: Product_ID,SA00053576,O0053576,OI00053576,2026-06-14,C013577,P00577,E00077,R017,2,2003.38,100.17,1903.21,1257.19,81.0,34.26
53614,Invalid Foreign Key: Order_Item_ID; Invalid Foreign Key: Product_ID,SA00053613,O0053613,OI00053613,2026-07-21,C013614,P00614,E00114,R014,4,805.71,0.0,805.71,502.3,38.0,14.5
53751,Invalid Foreign Key: Order_ID; Invalid Foreign Key: Order_Item_ID; Invalid Foreign Key: Employee_ID,SA00053750,O0053750,OI00053750,2025-12-05,C013751,P00751,E00251,R011,1,671.42,26.86,644.57,421.0,95.0,11.6
53842,Invalid Foreign Key: Order_Item_ID; Invalid Foreign Key: Product_ID,SA00053841,O0053841,OI00053841,2026-03-06,C013842,P00842,E00342,R002,2,1114.2,44.57,1069.63,1326.73,26.0,19.25
53921,Invalid Foreign Key: Order_Item_ID; Invalid Foreign Key: Product_ID,SA00053920,O0053920,OI00053920,2026-05-24,C013921,P00921,E00421,R001,1,290.34,17.42,272.92,181.47,25.0,4.91
53958,Invalid Foreign Key: Order_ID; Invalid Foreign Key: Order_Item_ID; Invalid Foreign Key: Customer_ID,SA00053957,O0053957,OI00053957,2026-06-30,C013958,P00958,E00458,R018,3,2281.02,22.81,2258.21,1430.67,62.0,40.65
53998,Invalid Foreign Key: Order_Item_ID; Invalid Foreign Key: Product_ID,SA00053997,O0053997,OI00053997,2026-08-09,C013998,P00998,E00498,R018,3,3805.33,228.32,3577.01,2388.81,102.0,64.39
54166,Invalid Foreign Key: Order_ID; Invalid Foreign Key: Order_Item_ID; Invalid Foreign Key: Customer_ID,SA00054165,O0054165,OI00054165,2026-01-24,C014166,P00166,E00166,R006,1,861.96,51.72,810.24,540.77,30.0,14.58
54251,Invalid Foreign Key: Order_ID; Invalid Foreign Key: Order_Item_ID; Invalid Foreign Key: Employee_ID,SA00054250,O0054250,OI00054250,2026-04-19,C014251,P00251,E00251,R011,1,671.42,0.0,671.42,421.0,35.0,12.09
54307,Invalid Foreign Key: Order_Item_ID; Invalid Foreign Key: Product_ID,SA00054306,O0054306,OI00054306,2026-06-14,C014307,P00307,E00307,R007,2,225.02,0.0,225.02,139.37,91.0,4.05
54421,Invalid Foreign Key: Order_Item_ID; Invalid Foreign Key: Product_ID,SA00054420,O0054420,OI00054420,2025-10-06,C014421,P00421,E00421,R001,1,290.34,5.81,284.54,181.47,45.0,5.12
54452,Invalid Foreign Key: Order_Item_ID,SA00054451,O0054451,OI00054451,2025-11-06,C014452,P00452,E00452,R012,2,1368.25,68.41,1299.84,857.97,76.0,23.4
54499,Invalid Foreign Key: Order_Item_ID; Invalid Foreign Key: Product_ID,SA00054498,O0054498,OI00054498,2025-12-23,C014499,P00499,E00499,R019,4,5124.58,153.74,4970.85,3217.02,43.0,89.48
54577,Invalid Foreign Key: Order_Item_ID; Invalid Foreign Key: Product_ID,SA00054576,O0054576,OI00054576,2026-03-11,C014577,P00577,E00077,R017,2,2003.38,80.14,1923.24,1257.19,41.0,34.62
54614,Invalid Foreign Key: Order_Item_ID; Invalid Foreign Key: Product_ID,SA00054613,O0054613,OI00054613,2026-04-17,C014614,P00614,E00114,R014,4,805.71,48.34,757.36,502.3,78.0,13.63
54751,Invalid Foreign Key: Order_ID; Invalid Foreign Key: Order_Item_ID; Invalid Foreign Key: Employee_ID,SA00054750,O0054750,OI00054750,2025-09-01,C014751,P00751,E00251,R011,1,671.42,20.14,651.28,421.0,55.0,11.72
54842,Invalid Foreign Key: Order_Item_ID; Invalid Foreign Key: Product_ID,SA00054841,O0054841,OI00054841,2025-12-01,C014842,P00842,E00342,R002,2,1114.2,33.43,1080.77,698.28,66.0,19.45
54921,Invalid Foreign Key: Order_Item_ID; Invalid Foreign Key: Product_ID,SA00054920,O0054920,OI00054920,2026-02-18,C014921,P00921,E00421,R001,1,290.34,14.52,275.83,181.47,65.0,4.96
54953,Invalid Foreign Key: Order_ID; Invalid Foreign Key: Order_Item_ID; Invalid Foreign Key: Customer_ID,SA00054952,O0054952,OI00054952,2026-03-22,C014953,P00953,E00453,R013,3,2090.48,41.81,2048.67,1310.91,97.0,36.88
54955,Invalid Foreign Key: Order_ID; Invalid Foreign Key: Order_Item_ID; Invalid Foreign Key: Customer_ID,SA00054954,O0054954,OI00054954,2026-03-24,C014955,P00955,E00455,R015,5,3611.16,144.45,3466.72,2264.69,99.0,62.4
54998,Invalid Foreign Key: Order_Item_ID; Invalid Foreign Key: Product_ID,SA00054997,O0054997,OI00054997,2026-05-06,C014998,P00998,E00498,R018,3,3805.33,190.27,3615.06,2388.81,62.0,65.07
55026,Invalid Foreign Key: Order_ID; Invalid Foreign Key: Order_Item_ID,SA00055025,O0055025,OI00055025,2026-06-03,C015026,P00026,E00026,R006,1,353.86,17.69,336.16,221.39,90.0,6.05
55034,Invalid Foreign Key: Order_Item_ID,SA00055033,O0055033,OI00055033,2026-06-11,C015034,P00034,E00034,R014,4,1821.91,109.31,1712.6,1141.05,98.0,30.83
55088,Invalid Foreign Key: Order_ID; Invalid Foreign Key: Order_Item_ID,SA00055087,O0055087,OI00055087,2026-08-04,C015088,P00088,E00088,R008,3,3424.25,136.97,3287.28,2149.28,72.0,59.17
55251,Invalid Foreign Key: Order_ID; Invalid Foreign Key: Order_Item_ID; Invalid Foreign Key: Employee_ID,SA00055250,O0055250,OI00055250,2026-01-14,C015251,P00251,E00251,R011,1,671.42,40.29,631.14,421.0,75.0,11.36
55307,Invalid Foreign Key: Order_Item_ID; Invalid Foreign Key: Product_ID,SA00055306,O0055306,OI00055306,2026-03-11,C015307,P00307,E00307,R007,2,225.02,13.5,211.52,139.37,51.0,3.81
55421,Invalid Foreign Key: Order_Item_ID; Invalid Foreign Key: Product_ID,SA00055420,O0055420,OI00055420,2026-07-03,C015421,P00421,E00421,R001,1,290.34,2.9,287.44,181.47,85.0,5.17
55499,Invalid Foreign Key: Order_Item_ID; Invalid Foreign Key: Product_ID,SA00055498,O0055498,OI00055498,2025-09-19,C015499,P00499,E00499,R019,4,5124.58,102.49,5022.09,3217.02,83.0,90.4
55577,Invalid Foreign Key: Order_Item_ID; Invalid Foreign Key: Product_ID,SA00055576,O0055576,OI00055576,2025-12-06,C015577,P00577,E00077,R017,2,2003.38,60.1,1943.28,1257.19,81.0,34.98
55614,Invalid Foreign Key: Order_Item_ID; Invalid Foreign Key: Product_ID,SA00055613,O0055613,OI00055613,2026-01-12,C015614,P00614,E00114,R014,4,805.71,40.29,765.42,502.3,38.0,13.78
55740,Invalid Foreign Key: Order_ID; Invalid Foreign Key: Order_Item_ID; Invalid Foreign Key: Customer_ID,SA00055739,O0055739,OI00055739,2026-05-18,C015740,P00740,E00240,R020,5,2658.47,132.92,2525.55,1665.85,84.0,45.46
55751,Invalid Foreign Key: Order_ID; Invalid Foreign Key: Order_Item_ID; Invalid Foreign Key: Employee_ID,SA00055750,O0055750,OI00055750,2026-05-29,C015751,P00751,E00251,R011,1,671.42,13.43,657.99,421.0,95.0,11.84
55842,Invalid Foreign Key: Order_Item_ID; Invalid Foreign Key: Product_ID,SA00055841,O0055841,OI00055841,2026-08-28,C015842,P00842,E00342,R002,2,1114.2,22.28,1091.91,698.28,26.0,19.65
55921,Invalid Foreign Key: Order_Item_ID; Invalid Foreign Key: Product_ID,SA00055920,O0055920,OI00055920,2025-11-15,C015921,P00921,E00421,R001,1,290.34,11.61,278.73,181.47,25.0,5.02
55952,Invalid Foreign Key: Order_ID; Invalid Foreign Key: Order_Item_ID; Invalid Foreign Key: Customer_ID,SA00055951,O0055951,OI00055951,2025-12-16,C015952,P00952,E00452,R012,2,1368.25,0.0,1368.25,857.97,56.0,24.63
55998,Invalid Foreign Key: Order_Item_ID; Invalid Foreign Key: Product_ID,SA00055997,O0055997,OI00055997,2026-01-31,C015998,P00998,E00498,R018,3,3805.33,152.21,3653.12,2388.81,102.0,65.76
56009,Invalid Foreign Key: Order_Item_ID,SA00056008,O0056008,OI00056008,2026-02-11,C016009,P00009,E00009,R009,4,551.65,5.52,546.14,342.61,33.0,9.83
56015,Negative Value: Quantity; Negative Value: Gross_Sales; Negative Value: Net_Sales; Invalid Foreign Key: Order_Item_ID,SA00056014,O0056014,OI00056014,2026-02-17,C016015,P00015,E00015,R015,-2,-428.26,0.0,-428.26,267.12,39.0,0.0
56251,Invalid Foreign Key: Order_ID; Invalid Foreign Key: Order_Item_ID; Invalid Foreign Key: Employee_ID,SA00056250,O0056250,OI00056250,2025-10-11,C016251,P00251,E00251,R011,1,671.42,33.57,637.85,421.0,35.0,11.48
56307,Invalid Foreign Key: Order_Item_ID; Invalid Foreign Key: Product_ID,SA00056306,O0056306,OI00056306,2025-12-06,C016307,P00307,E00307,R007,2,225.02,11.25,213.77,139.37,91.0,3.85
56421,Invalid Foreign Key: Order_Item_ID; Invalid Foreign Key: Product_ID,SA00056420,O0056420,OI00056420,2026-03-30,C016421,P00421,E00421,R001,1,290.34,0.0,290.34,181.47,45.0,5.23
56499,Invalid Foreign Key: Order_Item_ID; Invalid Foreign Key: Product_ID,SA00056498,O0056498,OI00056498,2026-06-16,C016499,P00499,E00499,R019,4,5124.58,51.25,5073.34,3217.02,43.0,91.32
56527,Invalid Foreign Key: Order_ID; Invalid Foreign Key: Order_Item_ID; Invalid Foreign Key: Customer_ID,SA00056526,O0056526,OI00056526,2026-07-14,C016527,P00527,E00027,R007,2,733.12,7.33,725.79,458.74,71.0,13.06
56577,Invalid Foreign Key: Order_Item_ID; Invalid Foreign Key: Product_ID,SA00056576,O0056576,OI00056576,2025-09-02,C016577,P00577,E00077,R017,2,2003.38,40.07,1963.31,1257.19,41.0,35.34
56614,Invalid Foreign Key: Order_Item_ID; Invalid Foreign Key: Product_ID,SA00056613,O0056613,OI00056613,2025-10-09,C016614,P00614,E00114,R014,4,805.71,32.23,773.48,502.3,78.0,13.92
56628,Invalid Foreign Key: Order_ID; Invalid Foreign Key: Order_Item_ID,SA00056627,O0056627,OI00056627,2025-10-23,C016628,P00628,E00128,R008,3,1137.79,45.51,1092.28,712.07,92.0,19.66
56751,Invalid Foreign Key: Order_ID; Invalid Foreign Key: Order_Item_ID; Invalid Foreign Key: Employee_ID,SA00056750,O0056750,OI00056750,2026-02-23,C016751,P00751,E00251,R011,1,671.42,6.71,664.71,421.0,55.0,11.96
56842,Invalid Foreign Key: Order_Item_ID; Invalid Foreign Key: Product_ID,SA00056841,O0056841,OI00056841,2026-05-25,C016842,P00842,E00342,R002,2,1114.2,11.14,1103.06,698.28,66.0,19.86
56865,Invalid Foreign Key: Order_ID; Invalid Foreign Key: Order_Item_ID,SA00056864,O0056864,OI00056864,2026-06-17,C016865,P00865,E00365,R005,5,4246.29,127.39,4118.9,2663.91,89.0,74.14
56921,Invalid Foreign Key: Order_Item_ID; Invalid Foreign Key: Product_ID,SA00056920,O0056920,OI00056920,2026-08-12,C016921,P00921,E00421,R001,1,290.34,8.71,281.63,181.47,65.0,5.07
56949,Invalid Foreign Key: Order_ID; Invalid Foreign Key: Order_Item_ID; Invalid Foreign Key: Customer_ID,SA00056948,O0056948,OI00056948,2025-09-09,C016949,P00949,E00449,R009,4,2584.07,77.52,2506.55,1620.12,93.0,45.12
56998,Invalid Foreign Key: Order_Item_ID; Invalid Foreign Key: Product_ID,SA00056997,O0056997,OI00056997,2025-10-28,C016998,P00998,E00498,R018,3,3805.33,114.16,3691.17,2388.81,62.0,66.44
57227,Invalid Foreign Key: Order_ID; Invalid Foreign Key: Order_Item_ID,SA00057226,O0057226,OI00057226,2026-06-14,C017227,P00227,E00227,R007,2,733.12,7.33,725.79,458.74,51.0,13.06
57251,Invalid Foreign Key: Order_ID; Invalid Foreign Key: Order_Item_ID; Invalid Foreign Key: Employee_ID,SA00057250,O0057250,OI00057250,2026-07-08,C017251,P00251,E00251,R011,1,671.42,26.86,644.57,421.0,75.0,11.6
57307,Invalid Foreign Key: Order_Item_ID; Invalid Foreign Key: Product_ID,SA00057306,O0057306,OI00057306,2025-09-02,C017307,P00307,E00307,R007,2,225.02,9.0,216.02,139.37,51.0,3.89
57314,Invalid Foreign Key: Order_ID; Invalid Foreign Key: Order_Item_ID; Invalid Foreign Key: Customer_ID,SA00057313,O0057313,OI00057313,2025-09-09,C017314,P00314,E00314,R014,4,805.71,32.23,773.48,502.3,58.0,13.92
57421,Invalid Foreign Key: Order_Item_ID; Invalid Foreign Key: Product_ID,SA00057420,O0057420,OI00057420,2025-12-25,C017421,P00421,E00421,R001,1,290.34,17.42,272.92,181.47,85.0,4.91
57499,Invalid Foreign Key: Order_Item_ID; Invalid Foreign Key: Product_ID,SA00057498,O0057498,OI00057498,2026-03-13,C017499,P00499,E00499,R019,4,5124.58,0.0,5124.58,3217.02,83.0,92.24
57577,Invalid Foreign Key: Order_Item_ID; Invalid Foreign Key: Product_ID,SA00057576,O0057576,OI00057576,2026-05-30,C017577,P00577,E00077,R017,2,2003.38,20.03,1983.34,1257.19,81.0,35.7
57614,Invalid Foreign Key: Order_Item_ID; Invalid Foreign Key: Product_ID,SA00057613,O0057613,OI00057613,2026-07-06,C017614,P00614,E00114,R014,4,805.71,24.17,781.54,502.3,38.0,14.07
57655,Invalid Foreign Key: Order_Item_ID,SA00057654,O0057654,OI00057654,2026-08-16,C017655,P00655,E00155,R015,5,3611.16,72.22,3538.94,2264.69,79.0,63.7
57751,Invalid Foreign Key: Order_ID; Invalid Foreign Key: Order_Item_ID; Invalid Foreign Key: Employee_ID,SA00057750,O0057750,OI00057750,2025-11-20,C017751,P00751,E00251,R011,1,671.42,0.0,671.42,421.0,95.0,12.09
57842,Invalid Foreign Key: Order_Item_ID; Invalid Foreign Key: Product_ID,SA00057841,O0057841,OI00057841,2026-02-19,C017842,P00842,E00342,R002,2,1114.2,0.0,1114.2,698.28,26.0,20.06
57921,Invalid Foreign Key: Order_Item_ID; Invalid Foreign Key: Product_ID,SA00057920,O0057920,OI00057920,2026-05-09,C017921,P00921,E00421,R001,1,290.34,5.81,284.54,181.47,25.0,5.12
57946,Invalid Foreign Key: Order_ID; Invalid Foreign Key: Order_Item_ID; Invalid Foreign Key: Customer_ID,SA00057945,O0057945,OI00057945,2026-06-03,C017946,P00946,E00446,R006,1,607.91,36.47,571.43,381.08,50.0,10.29
57998,Invalid Foreign Key: Order_Item_ID; Invalid Foreign Key: Product_ID,SA00057997,O0057997,OI00057997,2026-07-25,C017998,P00998,E00498,R018,3,3805.33,76.11,3729.22,2388.81,102.0,67.13
58101,Invalid Foreign Key: Order_ID; Invalid Foreign Key: Order_Item_ID; Invalid Foreign Key: Customer_ID,SA00058100,O0058100,OI00058100,2025-11-05,C018101,P00101,E00101,R001,1,36.29,0.0,36.29,21.78,45.0,0.65
58251,Invalid Foreign Key: Order_ID; Invalid Foreign Key: Order_Item_ID; Invalid Foreign Key: Employee_ID,SA00058250,O0058250,OI00058250,2026-04-04,C018251,P00251,E00251,R011,1,671.42,20.14,651.28,421.0,35.0,11.72
58307,Invalid Foreign Key: Order_Item_ID; Invalid Foreign Key: Product_ID,SA00058306,O0058306,OI00058306,2026-05-30,C018307,P00307,E00307,R007,2,225.02,6.75,218.27,139.37,91.0,3.93
58421,Invalid Foreign Key: Order_Item_ID; Invalid Foreign Key: Product_ID,SA00058420,O0058420,OI00058420,2025-09-21,C018421,P00421,E00421,R001,1,290.34,14.52,275.83,181.47,45.0,4.96
58499,Invalid Foreign Key: Order_Item_ID; Invalid Foreign Key: Product_ID,SA00058498,O0058498,OI00058498,2025-12-08,C018499,P00499,E00499,R019,4,5124.58,307.48,4817.11,3217.02,43.0,86.71
58577,Invalid Foreign Key: Order_Item_ID; Invalid Foreign Key: Product_ID,SA00058576,O0058576,OI00058576,2026-02-24,C018577,P00577,E00077,R017,2,2003.38,0.0,2003.38,1257.19,41.0,36.06
58614,Invalid Foreign Key: Order_Item_ID; Invalid Foreign Key: Product_ID,SA00058613,O0058613,OI00058613,2026-04-02,C018614,P00614,E00114,R014,4,805.71,16.11,789.59,502.3,78.0,14.21
58642,Invalid Foreign Key: Order_ID; Invalid Foreign Key: Order_Item_ID,SA00058641,O0058641,OI00058641,2026-04-30,C018642,P00642,E00142,R002,2,1114.2,22.28,1091.91,698.28,26.0,19.65
58751,Invalid Foreign Key: Order_ID; Invalid Foreign Key: Order_Item_ID; Invalid Foreign Key: Employee_ID,SA00058750,O0058750,OI00058750,2026-08-17,C018751,P00751,E00251,R011,1,671.42,40.29,631.14,421.0,55.0,11.36
58842,Invalid Foreign Key: Order_Item_ID; Invalid Foreign Key: Product_ID,SA00058841,O0058841,OI00058841,2025-11-16,C018842,P00842,E00342,R002,2,1114.2,66.85,1047.35,698.28,66.0,18.85
58888,Invalid Foreign Key: Order_ID; Invalid Foreign Key: Order_Item_ID; Invalid Foreign Key: Customer_ID,SA00058887,O0058887,OI00058887,2026-01-01,C018888,P00888,E00388,R008,3,3424.25,102.73,3321.53,2149.28,32.0,59.79
58921,Invalid Foreign Key: Order_Item_ID; Invalid Foreign Key: Product_ID,SA00058920,O0058920,OI00058920,2026-02-03,C018921,P00921,E00421,R001,1,290.34,2.9,287.44,181.47,65.0,5.17
58943,Invalid Foreign Key: Order_ID; Invalid Foreign Key: Order_Item_ID; Invalid Foreign Key: Customer_ID,SA00058942,O0058942,OI00058942,2026-02-25,C018943,P00943,E00443,R003,3,1709.4,34.19,1675.22,1071.37,87.0,30.15
58998,Invalid Foreign Key: Order_Item_ID; Invalid Foreign Key: Product_ID,SA00058997,O0058997,OI00058997,2026-04-21,C018998,P00998,E00498,R018,3,3805.33,38.05,3767.28,2388.81,62.0,67.81
59251,Invalid Foreign Key: Order_ID; Invalid Foreign Key: Order_Item_ID; Invalid Foreign Key: Employee_ID,SA00059250,O0059250,OI00059250,2025-12-30,C019251,P00251,E00251,R011,1,671.42,13.43,657.99,421.0,75.0,11.84
59307,Invalid Foreign Key: Order_Item_ID; Invalid Foreign Key: Product_ID,SA00059306,O0059306,OI00059306,2026-02-24,C019307,P00307,E00307,R007,2,225.02,4.5,220.52,139.37,51.0,3.97
59421,Invalid Foreign Key: Order_Item_ID; Invalid Foreign Key: Product_ID,SA00059420,O0059420,OI00059420,2026-06-18,C019421,P00421,E00421,R001,1,290.34,11.61,278.73,181.47,85.0,5.02
59428,Invalid Foreign Key: Order_ID; Invalid Foreign Key: Order_Item_ID,SA00059427,O0059427,OI00059427,2026-06-25,C019428,P00428,E00428,R008,3,1137.79,45.51,1092.28,712.07,92.0,19.66
59499,Invalid Foreign Key: Order_Item_ID; Invalid Foreign Key: Product_ID,SA00059498,O0059498,OI00059498,2025-09-04,C019499,P00499,E00499,R019,4,5124.58,256.23,4868.36,3217.02,83.0,87.63
59577,Invalid Foreign Key: Order_Item_ID; Invalid Foreign Key: Product_ID,SA00059576,O0059576,OI00059576,2025-11-21,C019577,P00577,E00077,R017,2,2003.38,120.2,1883.18,1257.19,81.0,33.9
59614,Invalid Foreign Key: Order_Item_ID; Invalid Foreign Key: Product_ID,SA00059613,O0059613,OI00059613,2025-12-28,C019614,P00614,E00114,R014,4,805.71,8.06,797.65,502.3,38.0,14.36
59675,Invalid Foreign Key: Order_ID; Invalid Foreign Key: Order_Item_ID; Invalid Foreign Key: Customer_ID,SA00059674,O0059674,OI00059674,2026-02-27,C019675,P00675,E00175,R015,5,4881.42,292.89,4588.54,3063.14,99.0,82.59
59751,Invalid Foreign Key: Order_ID; Invalid Foreign Key: Order_Item_ID; Invalid Foreign Key: Employee_ID,SA00059750,O0059750,OI00059750,2026-05-14,C019751,P00751,E00251,R011,1,671.42,33.57,637.85,421.0,95.0,11.48
59842,Invalid Foreign Key: Order_Item_ID; Invalid Foreign Key: Product_ID,SA00059841,O0059841,OI00059841,2026-08-13,C019842,P00842,E00342,R002,2,1114.2,55.71,1058.49,698.28,26.0,19.05
59921,Invalid Foreign Key: Order_Item_ID; Invalid Foreign Key: Product_ID,SA00059920,O0059920,OI00059920,2025-10-31,C019921,P00921,E00421,R001,1,290.34,0.0,290.34,181.47,25.0,5.23
59940,Invalid Foreign Key: Order_ID; Invalid Foreign Key: Order_Item_ID; Invalid Foreign Key: Customer_ID,SA00059939,O0059939,OI00059939,2025-11-19,C019940,P00940,E00440,R020,5,2658.47,132.92,2525.55,1665.85,44.0,45.46
59959,Invalid Foreign Key: Order_ID; Invalid Foreign Key: Order_Item_ID,SA00059958,O0059958,OI00059958,2025-12-08,C019959,P00959,E00459,R019,4,3092.17,92.77,2999.41,1939.5,63.0,53.99
59998,Invalid Foreign Key: Order_Item_ID; Invalid Foreign Key: Product_ID,SA00059997,O0059997,OI00059997,2026-01-16,C019998,P00998,E00498,R018,3,3805.33,0.0,3805.33,2388.81,102.0,68.5
60016,Negative Value: Quantity; Negative Value: Gross_Sales; Negative Value: Net_Sales; Invalid Foreign Key: Order_Item_ID,SA00060015,O0060015,OI00060015,2026-02-03,C000016,P00016,E00016,R016,-2,-453.66,-18.15,-435.52,283.09,40.0,0.0
60037,Invalid Foreign Key: Order_Item_ID,SA00060036,O0060036,OI00060036,2026-02-24,C000037,P00037,E00037,R017,2,987.17,39.49,947.69,618.43,61.0,17.06
60043,Invalid Foreign Key: Order_ID; Invalid Foreign Key: Order_Item_ID,SA00060042,O0060042,OI00060042,2026-03-02,C000043,P00043,E00043,R003,3,1709.4,51.28,1658.12,1071.37,67.0,29.85
60251,Invalid Foreign Key: Order_ID; Invalid Foreign Key: Order_Item_ID; Invalid Foreign Key: Employee_ID,SA00060250,O0060250,OI00060250,2025-09-26,C000251,P00251,E00251,R011,1,671.42,6.71,664.71,421.0,35.0,11.96
60307,Invalid Foreign Key: Order_Item_ID; Invalid Foreign Key: Product_ID,SA00060306,O0060306,OI00060306,2025-11-21,C000307,P00307,E00307,R007,2,225.02,2.25,222.77,139.37,91.0,4.01
60419,Invalid Foreign Key: Order_ID; Invalid Foreign Key: Order_Item_ID,SA00060418,O0060418,OI00060418,2026-03-13,C000419,P00419,E00419,R019,4,1059.76,10.6,1049.16,661.99,43.0,18.88
60421,Invalid Foreign Key: Order_Item_ID; Invalid Foreign Key: Product_ID,SA00060420,O0060420,OI00060420,2026-03-15,C000421,P00421,E00421,R001,1,290.34,8.71,281.63,181.47,45.0,5.07
60499,Invalid Foreign Key: Order_Item_ID; Invalid Foreign Key: Product_ID,SA00060498,O0060498,OI00060498,2026-06-01,C000499,P00499,E00499,R019,4,5124.58,204.98,4919.6,3217.02,43.0,88.55
60577,Invalid Foreign Key: Order_Item_ID; Invalid Foreign Key: Product_ID,SA00060576,O0060576,OI00060576,2026-08-18,C000577,P00577,E00077,R017,2,2003.38,100.17,1903.21,1257.19,41.0,34.26
60614,Invalid Foreign Key: Order_Item_ID; Invalid Foreign Key: Product_ID,SA00060613,O0060613,OI00060613,2025-09-24,C000614,P00614,E00114,R014,4,805.71,0.0,805.71,502.3,78.0,14.5
60751,Invalid Foreign Key: Order_ID; Invalid Foreign Key: Order_Item_ID; Invalid Foreign Key: Employee_ID,SA00060750,O0060750,OI00060750,2026-02-08,C000751,P00751,E00251,R011,1,671.42,26.86,644.57,421.0,55.0,11.6
60787,Invalid Foreign Key: Order_ID; Invalid Foreign Key: Order_Item_ID; Invalid Foreign Key: Customer_ID,SA00060786,O0060786,OI00060786,2026-03-16,C000787,P00787,E00287,R007,2,2257.43,112.87,2144.56,1416.88,91.0,38.6
60842,Invalid Foreign Key: Order_Item_ID; Invalid Foreign Key: Product_ID,SA00060841,O0060841,OI00060841,2026-05-10,C000842,P00842,E00342,R002,2,1114.2,44.57,1069.63,698.28,66.0,19.25
60858,Invalid Foreign Key: Order_Item_ID,SA00060857,O0060857,OI00060857,2026-05-26,C000858,P00858,E00358,R018,3,2281.02,136.86,2144.16,1430.67,82.0,38.59
60921,Invalid Foreign Key: Order_Item_ID; Invalid Foreign Key: Product_ID,SA00060920,O0060920,OI00060920,2026-07-28,C000921,P00921,E00421,R001,1,290.34,17.42,272.92,181.47,65.0,4.91
60997,Invalid Foreign Key: Order_ID; Invalid Foreign Key: Order_Item_ID; Invalid Foreign Key: Customer_ID,SA00060996,O0060996,OI00060996,2025-10-12,C000997,P00997,E00497,R017,2,2511.48,125.57,2385.91,1576.57,61.0,42.95
60998,Invalid Foreign Key: Order_Item_ID; Invalid Foreign Key: Product_ID,SA00060997,O0060997,OI00060997,2025-10-13,C000998,P00998,E00498,R018,3,3805.33,228.32,3577.01,2388.81,62.0,64.39
61251,Invalid Foreign Key: Order_ID; Invalid Foreign Key: Order_Item_ID; Invalid Foreign Key: Employee_ID,SA00061250,O0061250,OI00061250,2026-06-23,C001251,P00251,E00251,R011,1,671.42,0.0,671.42,421.0,75.0,12.09
61307,Invalid Foreign Key: Order_Item_ID; Invalid Foreign Key: Product_ID,SA00061306,O0061306,OI00061306,2026-08-18,C001307,P00307,E00307,R007,2,225.02,0.0,225.02,139.37,51.0,4.05
61421,Invalid Foreign Key: Order_Item_ID; Invalid Foreign Key: Product_ID,SA00061420,O0061420,OI00061420,2025-12-10,C001421,P00421,E00421,R001,1,290.34,5.81,284.54,181.47,85.0,5.12
61499,Invalid Foreign Key: Order_Item_ID; Invalid Foreign Key: Product_ID,SA00061498,O0061498,OI00061498,2026-02-26,C001499,P00499,E00499,R019,4,5124.58,153.74,4970.85,3217.02,83.0,89.48
61574,Invalid Foreign Key: Order_ID; Invalid Foreign Key: Order_Item_ID; Invalid Foreign Key: Customer_ID,SA00061573,O0061573,OI00061573,2026-05-12,C001574,P00574,E00074,R014,4,3854.33,38.54,3815.78,2418.57,78.0,68.68
61577,Invalid Foreign Key: Order_Item_ID; Invalid Foreign Key: Product_ID,SA00061576,O0061576,OI00061576,2026-05-15,C001577,P00577,E00077,R017,2,2003.38,80.14,1923.24,1257.19,81.0,34.62
61614,Invalid Foreign Key: Order_Item_ID; Invalid Foreign Key: Product_ID,SA00061613,O0061613,OI00061613,2026-06-21,C001614,P00614,E00114,R014,4,805.71,48.34,757.36,502.3,38.0,13.63
61629,Invalid Foreign Key: Order_ID; Invalid Foreign Key: Order_Item_ID,SA00061628,O0061628,OI00061628,2026-07-06,C001629,P00629,E00129,R009,4,1567.86,0.0,1567.86,981.37,53.0,28.22
61751,Invalid Foreign Key: Order_ID; Invalid Foreign Key: Order_Item_ID; Invalid Foreign Key: Employee_ID,SA00061750,O0061750,OI00061750,2025-11-05,C001751,P00751,E00251,R011,1,671.42,20.14,651.28,421.0,95.0,11.72
61842,Invalid Foreign Key: Order_Item_ID; Invalid Foreign Key: Product_ID,SA00061841,O0061841,OI00061841,2026-02-04,C001842,P00842,E00342,R002,2,1114.2,33.43,1080.77,698.28,26.0,19.45
61921,Invalid Foreign Key: Order_Item_ID; Invalid Foreign Key: Product_ID,SA00061920,O0061920,OI00061920,2026-04-24,C001921,P00921,E00421,R001,1,290.34,14.52,275.83,181.47,25.0,4.96
61994,Invalid Foreign Key: Order_ID; Invalid Foreign Key: Order_Item_ID; Invalid Foreign Key: Customer_ID,SA00061993,O0061993,OI00061993,2026-07-06,C001994,P00994,E00494,R014,4,4870.53,48.71,4821.83,3057.33,98.0,86.79
61998,Invalid Foreign Key: Order_Item_ID; Invalid Foreign Key: Product_ID,SA00061997,O0061997,OI00061997,2026-07-10,C001998,P00998,E00498,R018,3,3805.33,190.27,3615.06,2388.81,102.0,65.07
62196,Invalid Foreign Key: Order_ID; Invalid Foreign Key: Order_Item_ID,SA00062195,O0062195,OI00062195,2026-01-24,C002196,P00196,E00196,R016,1,1243.04,0.0,1243.04,780.3,60.0,22.37
62251,Invalid Foreign Key: Order_ID; Invalid Foreign Key: Order_Item_ID; Invalid Foreign Key: Employee_ID,SA00062250,O0062250,OI00062250,2026-03-20,C002251,P00251,E00251,R011,1,671.42,40.29,631.14,421.0,35.0,11.36
62307,Invalid Foreign Key: Order_Item_ID; Invalid Foreign Key: Product_ID,SA00062306,O0062306,OI00062306,2026-05-15,C002307,P00307,E00307,R007,2,225.02,13.5,211.52,139.37,91.0,3.81
62361,Invalid Foreign Key: Order_ID; Invalid Foreign Key: Order_Item_ID; Invalid Foreign Key: Customer_ID,SA00062360,O0062360,OI00062360,2026-07-08,C002361,P00361,E00361,R001,1,798.45,31.94,766.51,500.84,65.0,13.8
62421,Invalid Foreign Key: Order_Item_ID; Invalid Foreign Key: Product_ID,SA00062420,O0062420,OI00062420,2025-09-06,C002421,P00421,E00421,R001,1,290.34,2.9,287.44,181.47,45.0,5.17
62499,Invalid Foreign Key: Order_Item_ID; Invalid Foreign Key: Product_ID,SA00062498,O0062498,OI00062498,2025-11-23,C002499,P00499,E00499,R019,4,5124.58,102.49,5022.09,3217.02,43.0,90.4
62577,Invalid Foreign Key: Order_Item_ID; Invalid Foreign Key: Product_ID,SA00062576,O0062576,OI00062576,2026-02-09,C002577,P00577,E00077,R017,2,2003.38,60.1,1943.28,1257.19,41.0,34.98
62614,Invalid Foreign Key: Order_Item_ID; Invalid Foreign Key: Product_ID,SA00062613,O0062613,OI00062613,2026-03-18,C002614,P00614,E00114,R014,4,805.71,40.29,765.42,502.3,78.0,13.78
62751,Invalid Foreign Key: Order_ID; Invalid Foreign Key: Order_Item_ID; Invalid Foreign Key: Employee_ID,SA00062750,O0062750,OI00062750,2026-08-02,C002751,P00751,E00251,R011,1,671.42,13.43,657.99,421.0,55.0,11.84
62842,Invalid Foreign Key: Order_Item_ID; Invalid Foreign Key: Product_ID,SA00062841,O0062841,OI00062841,2025-11-01,C002842,P00842,E00342,R002,2,1114.2,22.28,1091.91,698.28,66.0,19.65
62921,Invalid Foreign Key: Order_Item_ID; Invalid Foreign Key: Product_ID,SA00062920,O0062920,OI00062920,2026-01-19,C002921,P00921,E00421,R001,1,290.34,11.61,278.73,181.47,65.0,5.02
62991,Invalid Foreign Key: Order_ID; Invalid Foreign Key: Order_Item_ID; Invalid Foreign Key: Customer_ID,SA00062990,O0062990,OI00062990,2026-03-30,C002991,P00991,E00491,R011,1,1179.53,47.18,1132.34,740.38,55.0,20.38
62998,Invalid Foreign Key: Order_Item_ID; Invalid Foreign Key: Product_ID,SA00062997,O0062997,OI00062997,2026-04-06,C002998,P00998,E00498,R018,3,3805.33,152.21,3653.12,2388.81,62.0,65.76
63010,Invalid Foreign Key: Order_Item_ID,SA00063009,O0063009,OI00063009,2026-04-18,C003010,P00010,E00010,R010,5,753.08,15.06,738.02,468.18,74.0,13.28
63148,Invalid Foreign Key: Order_ID; Invalid Foreign Key: Order_Item_ID; Invalid Foreign Key: Customer_ID,SA00063147,O0063147,OI00063147,2025-09-03,C003148,P00148,E00148,R008,3,1899.94,0.0,1899.94,1191.14,52.0,34.2
63251,Invalid Foreign Key: Order_ID; Invalid Foreign Key: Order_Item_ID; Invalid Foreign Key: Employee_ID,SA00063250,O0063250,OI00063250,2025-12-15,C003251,P00251,E00251,R011,1,671.42,33.57,637.85,421.0,75.0,11.48
63290,Invalid Foreign Key: Order_ID; Invalid Foreign Key: Order_Item_ID,SA00063289,O0063289,OI00063289,2026-01-23,C003290,P00290,E00290,R010,5,5834.11,116.68,5717.43,3661.97,34.0,102.91
63307,Invalid Foreign Key: Order_Item_ID; Invalid Foreign Key: Product_ID,SA00063306,O0063306,OI00063306,2026-02-09,C003307,P00307,E00307,R007,2,225.02,11.25,213.77,139.37,51.0,3.85
63421,Invalid Foreign Key: Order_Item_ID; Invalid Foreign Key: Product_ID,SA00063420,O0063420,OI00063420,2026-06-03,C003421,P00421,E00421,R001,1,290.34,0.0,290.34,181.47,85.0,5.23
63499,Invalid Foreign Key: Order_Item_ID; Invalid Foreign Key: Product_ID,SA00063498,O0063498,OI00063498,2026-08-20,C003499,P00499,E00499,R019,4,5124.58,51.25,5073.34,3217.02,83.0,91.32
63577,Invalid Foreign Key: Order_Item_ID; Invalid Foreign Key: Product_ID,SA00063576,O0063576,OI00063576,2025-11-06,C003577,P00577,E00077,R017,2,2003.38,40.07,1963.31,1257.19,81.0,35.34
63614,Invalid Foreign Key: Order_Item_ID; Invalid Foreign Key: Product_ID,SA00063613,O0063613,OI00063613,2025-12-13,C003614,P00614,E00114,R014,4,805.71,32.23,773.48,502.3,38.0,13.92
63751,Invalid Foreign Key: Order_ID; Invalid Foreign Key: Order_Item_ID; Invalid Foreign Key: Employee_ID,SA00063750,O0063750,OI00063750,2026-04-29,C003751,P00751,E00251,R011,1,671.42,6.71,664.71,421.0,95.0,11.96
63830,Invalid Foreign Key: Order_ID; Invalid Foreign Key: Order_Item_ID,SA00063829,O0063829,OI00063829,2026-07-17,C003830,P00830,E00330,R010,5,2023.34,60.7,1962.64,1266.63,94.0,35.33
63842,Invalid Foreign Key: Order_Item_ID; Invalid Foreign Key: Product_ID,SA00063841,O0063841,OI00063841,2026-07-29,C003842,P00842,E00342,R002,2,1114.2,11.14,1103.06,698.28,26.0,19.86
63921,Invalid Foreign Key: Order_Item_ID; Invalid Foreign Key: Product_ID,SA00063920,O0063920,OI00063920,2025-10-16,C003921,P00921,E00421,R001,1,290.34,8.71,281.63,181.47,25.0,5.07
63935,Invalid Foreign Key: Order_ID; Invalid Foreign Key: Order_Item_ID; Invalid Foreign Key: Customer_ID,SA00063934,O0063934,OI00063934,2025-10-30,C003935,P00935,E00435,R015,5,2340.9,70.23,2270.68,1466.24,39.0,40.87
63973,Invalid Foreign Key: Order_ID; Invalid Foreign Key: Order_Item_ID,SA00063972,O0063972,OI00063972,2025-12-07,C003973,P00973,E00473,R013,3,2852.64,171.16,2681.48,1789.98,77.0,48.27
63988,Invalid Foreign Key: Order_ID; Invalid Foreign Key: Order_Item_ID; Invalid Foreign Key: Customer_ID,SA00063987,O0063987,OI00063987,2025-12-22,C003988,P00988,E00488,R008,3,3424.25,0.0,3424.25,2149.28,92.0,61.64
63998,Invalid Foreign Key: Order_Item_ID; Invalid Foreign Key: Product_ID,SA00063997,O0063997,OI00063997,2026-01-01,C003998,P00998,E00498,R018,3,3805.33,114.16,3691.17,2388.81,102.0,66.44
64017,Negative Value: Quantity; Negative Value: Gross_Sales; Negative Value: Net_Sales; Invalid Foreign Key: Order_Item_ID,SA00064016,O0064016,OI00064016,2026-01-20,C004017,P00017,E00017,R017,-2,-479.07,-4.79,-474.28,299.06,41.0,0.0
64061,Invalid Foreign Key: Order_Item_ID,SA00064060,O0064060,OI00064060,2026-03-05,C004061,P00061,E00061,R001,1,798.45,23.95,774.49,500.84,85.0,13.94
64251,Invalid Foreign Key: Order_ID; Invalid Foreign Key: Order_Item_ID; Invalid Foreign Key: Employee_ID,SA00064250,O0064250,OI00064250,2025-09-11,C004251,P00251,E00251,R011,1,671.42,26.86,644.57,421.0,35.0,11.6
64307,Invalid Foreign Key: Order_Item_ID; Invalid Foreign Key: Product_ID,SA00064306,O0064306,OI00064306,2025-11-06,C004307,P00307,E00307,R007,2,225.02,9.0,216.02,139.37,91.0,3.89
64421,Invalid Foreign Key: Order_Item_ID; Invalid Foreign Key: Product_ID,SA00064420,O0064420,OI00064420,2026-02-28,C004421,P00421,E00421,R001,1,290.34,17.42,272.92,181.47,45.0,4.91
64499,Invalid Foreign Key: Order_Item_ID; Invalid Foreign Key: Product_ID,SA00064498,O0064498,OI00064498,2026-05-17,C004499,P00499,E00499,R019,4,5124.58,0.0,5124.58,3217.02,43.0,92.24
64577,Invalid Foreign Key: Order_Item_ID; Invalid Foreign Key: Product_ID,SA00064576,O0064576,OI00064576,2026-08-03,C004577,P00577,E00077,R017,2,2003.38,20.03,1983.34,1257.19,41.0,35.7
64614,Invalid Foreign Key: Order_Item_ID; Invalid Foreign Key: Product_ID,SA00064613,O0064613,OI00064613,2025-09-09,C004614,P00614,E00114,R014,4,805.71,24.17,781.54,502.3,78.0,14.07
64722,Invalid Foreign Key: Order_ID; Invalid Foreign Key: Order_Item_ID; Invalid Foreign Key: Customer_ID,SA00064721,O0064721,OI00064721,2025-12-26,C004722,P00722,E00222,R002,2,606.09,36.37,569.73,378.9,26.0,10.26
64751,Invalid Foreign Key: Order_ID; Invalid Foreign Key: Order_Item_ID; Invalid Foreign Key: Employee_ID,SA00064750,O0064750,OI00064750,2026-01-24,C004751,P00751,E00251,R011,1,671.42,0.0,671.42,421.0,55.0,12.09
64842,Invalid Foreign Key: Order_Item_ID; Invalid Foreign Key: Product_ID,SA00064841,O0064841,OI00064841,2026-04-25,C004842,P00842,E00342,R002,2,1114.2,0.0,1114.2,698.28,66.0,20.06
64921,Invalid Foreign Key: Order_Item_ID; Invalid Foreign Key: Product_ID,SA00064920,O0064920,OI00064920,2026-07-13,C004921,P00921,E00421,R001,1,290.34,5.81,284.54,181.47,65.0,5.12
64985,Invalid Foreign Key: Order_ID; Invalid Foreign Key: Order_Item_ID; Invalid Foreign Key: Customer_ID,SA00064984,O0064984,OI00064984,2025-09-15,C004985,P00985,E00485,R005,5,5516.55,165.5,5351.05,3462.36,49.0,96.32
64998,Invalid Foreign Key: Order_Item_ID; Invalid Foreign Key: Product_ID,SA00064997,O0064997,OI00064997,2025-09-28,C004998,P00998,E00498,R018,3,3805.33,76.11,3729.22,2388.81,62.0,67.13
65040,Invalid Foreign Key: Order_Item_ID,SA00065039,O0065039,OI00065039,2025-11-09,C005040,P00040,E00040,R020,5,2658.47,53.17,2605.3,1665.85,104.0,46.9
65251,Invalid Foreign Key: Order_ID; Invalid Foreign Key: Order_Item_ID; Invalid Foreign Key: Employee_ID,SA00065250,O0065250,OI00065250,2026-06-08,C005251,P00251,E00251,R011,1,671.42,20.14,651.28,421.0,75.0,11.72
65307,Invalid Foreign Key: Order_Item_ID; Invalid Foreign Key: Product_ID,SA00065306,O0065306,OI00065306,2026-08-03,C005307,P00307,E00307,R007,2,225.02,6.75,218.27,139.37,51.0,3.93
65421,Invalid Foreign Key: Order_Item_ID; Invalid Foreign Key: Product_ID,SA00065420,O0065420,OI00065420,2025-11-25,C005421,P00421,E00421,R001,1,290.34,14.52,275.83,181.47,85.0,4.96
65499,Invalid Foreign Key: Order_Item_ID; Invalid Foreign Key: Product_ID,SA00065498,O0065498,OI00065498,2026-02-11,C005499,P00499,E00499,R019,4,5124.58,307.48,4817.11,3217.02,83.0,86.71
65509,Invalid Foreign Key: Order_ID; Invalid Foreign Key: Order_Item_ID; Invalid Foreign Key: Customer_ID,SA00065508,O0065508,OI00065508,2026-02-21,C005509,P00509,E00009,R009,4,551.65,11.03,540.62,342.61,93.0,9.73
65577,Invalid Foreign Key: Order_Item_ID; Invalid Foreign Key: Product_ID,SA00065576,O0065576,OI00065576,2026-04-30,C005577,P00577,E00077,R017,2,2003.38,0.0,2003.38,1257.19,81.0,36.06
65614,Invalid Foreign Key: Order_Item_ID; Invalid Foreign Key: Product_ID,SA00065613,O0065613,OI00065613,2026-06-06,C005614,P00614,E00114,R014,4,805.71,16.11,789.59,502.3,38.0,14.21
65750,Invalid Foreign Key: Order_ID; Invalid Foreign Key: Order_Item_ID,SA00065749,O0065749,OI00065749,2025-10-20,C005750,P00750,E00250,R010,5,3293.6,164.68,3128.92,2065.08,94.0,56.32
65751,Invalid Foreign Key: Order_ID; Invalid Foreign Key: Order_Item_ID; Invalid Foreign Key: Employee_ID,SA00065750,O0065750,OI00065750,2025-10-21,C005751,P00751,E00251,R011,1,671.42,40.29,631.14,421.0,95.0,11.36
65842,Invalid Foreign Key: Order_Item_ID; Invalid Foreign Key: Product_ID,SA00065841,O0065841,OI00065841,2026-01-20,C005842,P00842,E00342,R002,2,1114.2,66.85,1047.35,698.28,26.0,18.85
65921,Invalid Foreign Key: Order_Item_ID; Invalid Foreign Key: Product_ID,SA00065920,O0065920,OI00065920,2026-04-09,C005921,P00921,E00421,R001,1,290.34,2.9,287.44,181.47,25.0,5.17
65982,Invalid Foreign Key: Order_ID; Invalid Foreign Key: Order_Item_ID; Invalid Foreign Key: Customer_ID,SA00065981,O0065981,OI00065981,2026-06-09,C005982,P00982,E00482,R002,2,2130.4,127.82,2002.58,1337.04,86.0,36.05
65998,Invalid Foreign Key: Order_Item_ID; Invalid Foreign Key: Product_ID,SA00065997,O0065997,OI00065997,2026-06-25,C005998,P00998,E00498,R018,3,3805.33,38.05,3767.28,2388.81,102.0,67.81
66031,Invalid Foreign Key: Order_ID; Invalid Foreign Key: Order_Item_ID,SA00066030,O0066030,OI00066030,2026-07-28,C006031,P00031,E00031,R011,1,417.37,25.04,392.33,261.31,55.0,7.06
66251,Invalid Foreign Key: Order_ID; Invalid Foreign Key: Order_Item_ID; Invalid Foreign Key: Employee_ID,SA00066250,O0066250,OI00066250,2026-03-05,C006251,P00251,E00251,R011,1,671.42,13.43,657.99,421.0,35.0,11.84
66296,Invalid Foreign Key: Order_ID; Invalid Foreign Key: Order_Item_ID; Invalid Foreign Key: Customer_ID,SA00066295,O0066295,OI00066295,2026-04-19,C006296,P00296,E00296,R016,1,1243.04,62.15,1180.89,780.3,80.0,21.26
66307,Invalid Foreign Key: Order_Item_ID; Invalid Foreign Key: Product_ID,SA00066306,O0066306,OI00066306,2026-04-30,C006307,P00307,E00307,R007,2,225.02,4.5,220.52,139.37,91.0,3.97
66421,Invalid Foreign Key: Order_Item_ID; Invalid Foreign Key: Product_ID,SA00066420,O0066420,OI00066420,2026-08-22,C006421,P00421,E00421,R001,1,290.34,11.61,278.73,181.47,45.0,5.02
66499,Invalid Foreign Key: Order_Item_ID; Invalid Foreign Key: Product_ID,SA00066498,O0066498,OI00066498,2025-11-08,C006499,P00499,E00499,R019,4,5124.58,256.23,4868.36,3217.02,43.0,87.63
66577,Invalid Foreign Key: Order_Item_ID; Invalid Foreign Key: Product_ID,SA00066576,O0066576,OI00066576,2026-01-25,C006577,P00577,E00077,R017,2,2003.38,120.2,1883.18,1257.19,41.0,33.9
66614,Invalid Foreign Key: Order_Item_ID; Invalid Foreign Key: Product_ID,SA00066613,O0066613,OI00066613,2026-03-03,C006614,P00614,E00114,R014,4,805.71,8.06,797.65,502.3,78.0,14.36
66621,Invalid Foreign Key: Order_ID; Invalid Foreign Key: Order_Item_ID,SA00066620,O0066620,OI00066620,2026-03-10,C006621,P00621,E00121,R001,1,290.34,2.9,287.44,181.47,85.0,5.17
66751,Invalid Foreign Key: Order_ID; Invalid Foreign Key: Order_Item_ID; Invalid Foreign Key: Employee_ID,SA00066750,O0066750,OI00066750,2026-07-18,C006751,P00751,E00251,R011,1,671.42,33.57,637.85,421.0,55.0,11.48
66842,Invalid Foreign Key: Order_Item_ID; Invalid Foreign Key: Product_ID,SA00066841,O0066841,OI00066841,2025-10-17,C006842,P00842,E00342,R002,2,1114.2,55.71,1058.49,698.28,66.0,19.05
66921,Invalid Foreign Key: Order_Item_ID; Invalid Foreign Key: Product_ID,SA00066920,O0066920,OI00066920,2026-01-04,C006921,P00921,E00421,R001,1,290.34,0.0,290.34,181.47,65.0,5.23
66979,Invalid Foreign Key: Order_ID; Invalid Foreign Key: Order_Item_ID; Invalid Foreign Key: Customer_ID,SA00066978,O0066978,OI00066978,2026-03-03,C006979,P00979,E00479,R019,4,4108.38,82.17,4026.21,2578.26,43.0,72.47
66998,Invalid Foreign Key: Order_Item_ID; Invalid Foreign Key: Product_ID,SA00066997,O0066997,OI00066997,2026-03-22,C006998,P00998,E00498,R018,3,3805.33,0.0,3805.33,2388.81,62.0,68.5
67083,Invalid Foreign Key: Order_ID; Invalid Foreign Key: Order_Item_ID; Invalid Foreign Key: Customer_ID,SA00067082,O0067082,OI00067082,2026-06-15,C007083,P00083,E00083,R003,3,3233.71,32.34,3201.38,2029.51,67.0,57.62
67251,Invalid Foreign Key: Order_ID; Invalid Foreign Key: Order_Item_ID; Invalid Foreign Key: Employee_ID,SA00067250,O0067250,OI00067250,2025-11-30,C007251,P00251,E00251,R011,1,671.42,6.71,664.71,421.0,75.0,11.96
67264,Invalid Foreign Key: Order_Item_ID,SA00067263,O0067263,OI00067263,2025-12-13,C007264,P00264,E00264,R004,4,3346.22,0.0,3346.22,2099.19,88.0,60.23
67307,Invalid Foreign Key: Order_Item_ID; Invalid Foreign Key: Product_ID,SA00067306,O0067306,OI00067306,2026-01-25,C007307,P00307,E00307,R007,2,225.02,2.25,222.77,139.37,51.0,4.01
67421,Invalid Foreign Key: Order_Item_ID; Invalid Foreign Key: Product_ID,SA00067420,O0067420,OI00067420,2026-05-19,C007421,P00421,E00421,R001,1,290.34,8.71,281.63,181.47,85.0,5.07
67499,Invalid Foreign Key: Order_Item_ID; Invalid Foreign Key: Product_ID,SA00067498,O0067498,OI00067498,2026-08-05,C007499,P00499,E00499,R019,4,5124.58,204.98,4919.6,3217.02,83.0,88.55
67527,Invalid Foreign Key: Order_ID; Invalid Foreign Key: Order_Item_ID,SA00067526,O0067526,OI00067526,2025-09-02,C007527,P00527,E00027,R007,2,733.12,29.32,703.8,458.74,31.0,12.67
67577,Invalid Foreign Key: Order_Item_ID; Invalid Foreign Key: Product_ID,SA00067576,O0067576,OI00067576,2025-10-22,C007577,P00577,E00077,R017,2,2003.38,100.17,1903.21,1257.19,81.0,34.26
67614,Invalid Foreign Key: Order_Item_ID; Invalid Foreign Key: Product_ID,SA00067613,O0067613,OI00067613,2025-11-28,C007614,P00614,E00114,R014,4,805.71,0.0,805.71,502.3,38.0,14.5
67751,Invalid Foreign Key: Order_ID; Invalid Foreign Key: Order_Item_ID; Invalid Foreign Key: Employee_ID,SA00067750,O0067750,OI00067750,2026-04-14,C007751,P00751,E00251,R011,1,671.42,26.86,644.57,421.0,95.0,11.6
67842,Invalid Foreign Key: Order_Item_ID; Invalid Foreign Key: Product_ID,SA00067841,O0067841,OI00067841,2026-07-14,C007842,P00842,E00342,R002,2,1114.2,44.57,1069.63,698.28,26.0,19.25
67870,Invalid Foreign Key: Order_ID; Invalid Foreign Key: Order_Item_ID; Invalid Foreign Key: Customer_ID,SA00067869,O0067869,OI00067869,2026-08-11,C007870,P00870,E00370,R010,5,4563.86,182.55,4381.3,2863.52,54.0,78.86
67921,Invalid Foreign Key: Order_Item_ID; Invalid Foreign Key: Product_ID,SA00067920,O0067920,OI00067920,2025-10-01,C007921,P00921,E00421,R001,1,290.34,17.42,272.92,181.47,25.0,4.91
67976,Invalid Foreign Key: Order_ID; Invalid Foreign Key: Order_Item_ID; Invalid Foreign Key: Customer_ID,SA00067975,O0067975,OI00067975,2025-11-25,C007976,P00976,E00476,R016,1,988.99,49.45,939.54,620.61,80.0,16.91
67998,Invalid Foreign Key: Order_Item_ID; Invalid Foreign Key: Product_ID,SA00067997,O0067997,OI00067997,2025-12-17,C007998,P00998,E00498,R018,3,3805.33,228.32,3577.01,2388.81,102.0,64.39
68018,Negative Value: Quantity; Negative Value: Gross_Sales; Negative Value: Net_Sales; Invalid Foreign Key: Order_Item_ID,SA00068017,O0068017,OI00068017,2026-01-06,C008018,P00018,E00018,R018,-2,-504.47,-25.22,-479.25,315.02,42.0,0.0
68232,Invalid Foreign Key: Order_ID; Invalid Foreign Key: Order_Item_ID,SA00068231,O0068231,OI00068231,2026-08-08,C008232,P00232,E00232,R012,2,860.15,17.2,842.94,538.59,96.0,15.17
68251,Invalid Foreign Key: Order_ID; Invalid Foreign Key: Order_Item_ID; Invalid Foreign Key: Employee_ID,SA00068250,O0068250,OI00068250,2026-08-27,C008251,P00251,E00251,R011,1,671.42,0.0,671.42,421.0,35.0,12.09
68307,Invalid Foreign Key: Order_Item_ID; Invalid Foreign Key: Product_ID,SA00068306,O0068306,OI00068306,2025-10-22,C008307,P00307,E00307,R007,2,225.02,0.0,225.02,139.37,91.0,4.05
68421,Invalid Foreign Key: Order_Item_ID; Invalid Foreign Key: Product_ID,SA00068420,O0068420,OI00068420,2026-02-13,C008421,P00421,E00421,R001,1,290.34,5.81,284.54,181.47,45.0,5.12
68499,Invalid Foreign Key: Order_Item_ID; Invalid Foreign Key: Product_ID,SA00068498,O0068498,OI00068498,2026-05-02,C008499,P00499,E00499,R019,4,5124.58,153.74,4970.85,3217.02,43.0,89.48
68577,Invalid Foreign Key: Order_Item_ID; Invalid Foreign Key: Product_ID,SA00068576,O0068576,OI00068576,2026-07-19,C008577,P00577,E00077,R017,2,2003.38,80.14,1923.24,1257.19,41.0,34.62
68614,Invalid Foreign Key: Order_Item_ID; Invalid Foreign Key: Product_ID,SA00068613,O0068613,OI00068613,2026-08-25,C008614,P00614,E00114,R014,4,805.71,48.34,757.36,502.3,78.0,13.63
68657,Invalid Foreign Key: Order_ID; Invalid Foreign Key: Order_Item_ID; Invalid Foreign Key: Customer_ID,SA00068656,O0068656,OI00068656,2025-10-07,C008657,P00657,E00157,R017,2,1495.28,0.0,1495.28,937.81,41.0,26.91
68751,Invalid Foreign Key: Order_ID; Invalid Foreign Key: Order_Item_ID; Invalid Foreign Key: Employee_ID,SA00068750,O0068750,OI00068750,2026-01-09,C008751,P00751,E00251,R011,1,671.42,20.14,651.28,421.0,55.0,11.72
68842,Invalid Foreign Key: Order_Item_ID; Invalid Foreign Key: Product_ID,SA00068841,O0068841,OI00068841,2026-04-10,C008842,P00842,E00342,R002,2,1114.2,33.43,1080.77,698.28,66.0,19.45
68921,Invalid Foreign Key: Order_Item_ID; Invalid Foreign Key: Product_ID,SA00068920,O0068920,OI00068920,2026-06-28,C008921,P00921,E00421,R001,1,290.34,14.52,275.83,181.47,65.0,4.96
68973,Invalid Foreign Key: Order_ID; Invalid Foreign Key: Order_Item_ID; Invalid Foreign Key: Customer_ID,SA00068972,O0068972,OI00068972,2026-08-19,C008973,P00973,E00473,R013,3,2852.64,28.53,2824.11,1789.98,37.0,50.83
68998,Invalid Foreign Key: Order_Item_ID; Invalid Foreign Key: Product_ID,SA00068997,O0068997,OI00068997,2025-09-13,C008998,P00998,E00498,R018,3,3805.33,190.27,3615.06,2388.81,62.0,65.07
69251,Invalid Foreign Key: Order_ID; Invalid Foreign Key: Order_Item_ID; Invalid Foreign Key: Employee_ID,SA00069250,O0069250,OI00069250,2026-05-24,C009251,P00251,E00251,R011,1,671.42,40.29,631.14,421.0,75.0,11.36
69304,Invalid Foreign Key: Order_ID; Invalid Foreign Key: Order_Item_ID,SA00069303,O0069303,OI00069303,2026-07-16,C009304,P00304,E00304,R004,4,297.6,8.93,288.68,182.92,48.0,5.2
69307,Invalid Foreign Key: Order_Item_ID; Invalid Foreign Key: Product_ID,SA00069306,O0069306,OI00069306,2026-07-19,C009307,P00307,E00307,R007,2,225.02,13.5,211.52,139.37,51.0,3.81
69421,Invalid Foreign Key: Order_Item_ID; Invalid Foreign Key: Product_ID,SA00069420,O0069420,OI00069420,2025-11-10,C009421,P00421,E00421,R001,1,290.34,2.9,287.44,181.47,85.0,5.17
69444,Invalid Foreign Key: Order_ID; Invalid Foreign Key: Order_Item_ID; Invalid Foreign Key: Customer_ID,SA00069443,O0069443,OI00069443,2025-12-03,C009444,P00444,E00444,R004,4,2330.02,69.9,2260.12,1460.43,28.0,40.68
69499,Invalid Foreign Key: Order_Item_ID; Invalid Foreign Key: Product_ID,SA00069498,O0069498,OI00069498,2026-01-27,C009499,P00499,E00499,R019,4,5124.58,102.49,5022.09,3217.02,83.0,90.4
69577,Invalid Foreign Key: Order_Item_ID; Invalid Foreign Key: Product_ID,SA00069576,O0069576,OI00069576,2026-04-15,C009577,P00577,E00077,R017,2,2003.38,60.1,1943.28,1257.19,81.0,34.98
69614,Invalid Foreign Key: Order_Item_ID; Invalid Foreign Key: Product_ID,SA00069613,O0069613,OI00069613,2026-05-22,C009614,P00614,E00114,R014,4,805.71,40.29,765.42,502.3,38.0,13.78
69751,Invalid Foreign Key: Order_ID; Invalid Foreign Key: Order_Item_ID; Invalid Foreign Key: Employee_ID,SA00069750,O0069750,OI00069750,2025-10-06,C009751,P00751,E00251,R011,1,671.42,13.43,657.99,421.0,95.0,11.84
69842,Invalid Foreign Key: Order_Item_ID; Invalid Foreign Key: Product_ID,SA00069841,O0069841,OI00069841,2026-01-05,C009842,P00842,E00342,R002,2,1114.2,22.28,1091.91,698.28,26.0,19.65
69921,Invalid Foreign Key: Order_Item_ID; Invalid Foreign Key: Product_ID,SA00069920,O0069920,OI00069920,2026-03-25,C009921,P00921,E00421,R001,1,290.34,11.61,278.73,181.47,25.0,5.02
69952,Invalid Foreign Key: Order_ID; Invalid Foreign Key: Order_Item_ID,SA00069951,O0069951,OI00069951,2026-04-25,C009952,P00952,E00452,R012,2,1368.25,0.0,1368.25,857.97,56.0,24.63
69970,Invalid Foreign Key: Order_ID; Invalid Foreign Key: Order_Item_ID; Invalid Foreign Key: Customer_ID,SA00069969,O0069969,OI00069969,2026-05-13,C009970,P00970,E00470,R010,5,4563.86,182.55,4381.3,2863.52,74.0,78.86
69998,Invalid Foreign Key: Order_Item_ID; Invalid Foreign Key: Product_ID,SA00069997,O0069997,OI00069997,2026-06-10,C009998,P00998,E00498,R018,3,3805.33,152.21,3653.12,2388.81,102.0,65.76
70011,Invalid Foreign Key: Order_Item_ID,SA00070010,O0070010,OI00070010,2026-06-23,C010011,P00011,E00011,R011,1,163.32,4.9,158.42,101.62,35.0,2.85
70043,Invalid Foreign Key: Order_Item_ID,SA00070042,O0070042,OI00070042,2026-07-25,C010043,P00043,E00043,R003,3,1709.4,0.0,1709.4,1071.37,67.0,30.77
70050,Invalid Foreign Key: Order_ID; Invalid Foreign Key: Order_Item_ID,SA00070049,O0070049,OI00070049,2026-08-01,C010050,P00050,E00050,R010,5,3293.6,0.0,3293.6,2065.08,74.0,59.28
70231,Invalid Foreign Key: Order_ID; Invalid Foreign Key: Order_Item_ID; Invalid Foreign Key: Customer_ID,SA00070230,O0070230,OI00070230,2026-01-29,C010231,P00231,E00231,R011,1,417.37,25.04,392.33,261.31,95.0,7.06
70251,Invalid Foreign Key: Order_ID; Invalid Foreign Key: Order_Item_ID; Invalid Foreign Key: Employee_ID,SA00070250,O0070250,OI00070250,2026-02-18,C010251,P00251,E00251,R011,1,671.42,33.57,637.85,421.0,35.0,11.48
70307,Invalid Foreign Key: Order_Item_ID; Invalid Foreign Key: Product_ID,SA00070306,O0070306,OI00070306,2026-04-15,C010307,P00307,E00307,R007,2,225.02,11.25,213.77,139.37,91.0,3.85
70421,Invalid Foreign Key: Order_Item_ID; Invalid Foreign Key: Product_ID,SA00070420,O0070420,OI00070420,2026-08-07,C010421,P00421,E00421,R001,1,290.34,0.0,290.34,181.47,45.0,5.23
70433,Invalid Foreign Key: Order_ID; Invalid Foreign Key: Order_Item_ID,SA00070432,O0070432,OI00070432,2026-08-19,C010433,P00433,E00433,R013,3,1328.33,66.42,1261.91,831.84,57.0,22.71
70467,Invalid Foreign Key: Order_Item_ID,SA00070466,O0070466,OI00070466,2025-09-22,C010467,P00467,E00467,R007,2,1749.33,69.97,1679.35,1097.5,91.0,30.23
70499,Invalid Foreign Key: Order_Item_ID; Invalid Foreign Key: Product_ID,SA00070498,O0070498,OI00070498,2025-10-24,C010499,P00499,E00499,R019,4,5124.58,51.25,5073.34,3217.02,43.0,91.32
70577,Invalid Foreign Key: Order_Item_ID; Invalid Foreign Key: Product_ID,SA00070576,O0070576,OI00070576,2026-01-10,C010577,P00577,E00077,R017,2,2003.38,40.07,1963.31,1257.19,41.0,35.34
70614,Invalid Foreign Key: Order_Item_ID; Invalid Foreign Key: Product_ID,SA00070613,O0070613,OI00070613,2026-02-16,C010614,P00614,E00114,R014,4,805.71,32.23,773.48,502.3,78.0,13.92
70751,Invalid Foreign Key: Order_ID; Invalid Foreign Key: Order_Item_ID; Invalid Foreign Key: Employee_ID,SA00070750,O0070750,OI00070750,2026-07-03,C010751,P00751,E00251,R011,1,671.42,6.71,664.71,421.0,55.0,11.96
70842,Invalid Foreign Key: Order_Item_ID; Invalid Foreign Key: Product_ID,SA00070841,O0070841,OI00070841,2025-10-02,C010842,P00842,E00342,R002,2,1114.2,11.14,1103.06,698.28,66.0,19.86
70921,Invalid Foreign Key: Order_Item_ID; Invalid Foreign Key: Product_ID,SA00070920,O0070920,OI00070920,2025-12-20,C010921,P00921,E00421,R001,1,290.34,8.71,281.63,181.47,65.0,5.07
70967,Invalid Foreign Key: Order_ID; Invalid Foreign Key: Order_Item_ID; Invalid Foreign Key: Customer_ID,SA00070966,O0070966,OI00070966,2026-02-04,C010967,P00967,E00467,R007,2,1749.33,0.0,1749.33,2085.26,31.0,31.49
70998,Invalid Foreign Key: Order_Item_ID; Invalid Foreign Key: Product_ID,SA00070997,O0070997,OI00070997,2026-03-07,C010998,P00998,E00498,R018,3,3805.33,114.16,3691.17,2388.81,62.0,66.44
71018,Invalid Foreign Key: Order_ID; Invalid Foreign Key: Order_Item_ID; Invalid Foreign Key: Customer_ID,SA00071017,O0071017,OI00071017,2026-03-27,C011018,P00018,E00018,R018,3,756.71,15.13,741.58,472.54,82.0,13.35
71081,Invalid Foreign Key: Order_ID; Invalid Foreign Key: Order_Item_ID,SA00071080,O0071080,OI00071080,2026-05-29,C011081,P00081,E00081,R001,1,1052.5,21.05,1031.45,660.53,65.0,18.57
71251,Invalid Foreign Key: Order_ID; Invalid Foreign Key: Order_Item_ID; Invalid Foreign Key: Employee_ID,SA00071250,O0071250,OI00071250,2025-11-15,C011251,P00251,E00251,R011,1,671.42,26.86,644.57,421.0,75.0,11.6
71307,Invalid Foreign Key: Order_Item_ID; Invalid Foreign Key: Product_ID,SA00071306,O0071306,OI00071306,2026-01-10,C011307,P00307,E00307,R007,2,225.02,9.0,216.02,139.37,51.0,3.89
71421,Invalid Foreign Key: Order_Item_ID; Invalid Foreign Key: Product_ID,SA00071420,O0071420,OI00071420,2026-05-04,C011421,P00421,E00421,R001,1,290.34,17.42,272.92,181.47,85.0,4.91
71499,Invalid Foreign Key: Order_Item_ID; Invalid Foreign Key: Product_ID,SA00071498,O0071498,OI00071498,2026-07-21,C011499,P00499,E00499,R019,4,5124.58,0.0,5124.58,3217.02,83.0,92.24
71577,Invalid Foreign Key: Order_Item_ID; Invalid Foreign Key: Product_ID,SA00071576,O0071576,OI00071576,2025-10-07,C011577,P00577,E00077,R017,2,2003.38,20.03,1983.34,1257.19,81.0,35.7
71614,Invalid Foreign Key: Order_Item_ID; Invalid Foreign Key: Product_ID,SA00071613,O0071613,OI00071613,2025-11-13,C011614,P00614,E00114,R014,4,805.71,24.17,781.54,502.3,38.0,14.07
71751,Invalid Foreign Key: Order_ID; Invalid Foreign Key: Order_Item_ID; Invalid Foreign Key: Employee_ID,SA00071750,O0071750,OI00071750,2026-03-30,C011751,P00751,E00251,R011,1,671.42,0.0,671.42,421.0,95.0,12.09
71805,Invalid Foreign Key: Order_ID; Invalid Foreign Key: Order_Item_ID; Invalid Foreign Key: Customer_ID,SA00071804,O0071804,OI00071804,2026-05-23,C011805,P00805,E00305,R005,5,435.52,21.78,413.74,268.57,69.0,7.45
71842,Invalid Foreign Key: Order_Item_ID; Invalid Foreign Key: Product_ID,SA00071841,O0071841,OI00071841,2026-06-29,C011842,P00842,E00342,R002,2,1114.2,0.0,1114.2,698.28,26.0,20.06
71921,Invalid Foreign Key: Order_Item_ID; Invalid Foreign Key: Product_ID,SA00071920,O0071920,OI00071920,2025-09-16,C011921,P00921,E00421,R001,1,290.34,5.81,284.54,181.47,25.0,5.12
71964,Invalid Foreign Key: Order_ID; Invalid Foreign Key: Order_Item_ID; Invalid Foreign Key: Customer_ID,SA00071963,O0071963,OI00071963,2025-10-29,C011964,P00964,E00464,R004,4,3346.22,100.39,3245.84,2099.19,68.0,58.43
71998,Invalid Foreign Key: Order_Item_ID; Invalid Foreign Key: Product_ID,SA00071997,O0071997,OI00071997,2025-12-02,C011998,P00998,E00498,R018,3,3805.33,76.11,3729.22,2388.81,102.0,67.13
72019,Negative Value: Quantity; Negative Value: Gross_Sales; Negative Value: Net_Sales; Invalid Foreign Key: Order_Item_ID,SA00072018,O0072018,OI00072018,2025-12-23,C012019,P00019,E00019,R019,-2,-529.88,-10.6,-519.28,330.99,43.0,0.0
72251,Invalid Foreign Key: Order_ID; Invalid Foreign Key: Order_Item_ID; Invalid Foreign Key: Employee_ID,SA00072250,O0072250,OI00072250,2026-08-12,C012251,P00251,E00251,R011,1,671.42,20.14,651.28,421.0,35.0,11.72
72307,Invalid Foreign Key: Order_Item_ID; Invalid Foreign Key: Product_ID,SA00072306,O0072306,OI00072306,2025-10-07,C012307,P00307,E00307,R007,2,225.02,6.75,218.27,139.37,91.0,3.93
72421,Invalid Foreign Key: Order_Item_ID; Invalid Foreign Key: Product_ID,SA00072420,O0072420,OI00072420,2026-01-29,C012421,P00421,E00421,R001,1,290.34,14.52,275.83,181.47,45.0,4.96
72499,Invalid Foreign Key: Order_Item_ID; Invalid Foreign Key: Product_ID,SA00072498,O0072498,OI00072498,2026-04-17,C012499,P00499,E00499,R019,4,5124.58,307.48,4817.11,3217.02,43.0,86.71
72577,Invalid Foreign Key: Order_Item_ID; Invalid Foreign Key: Product_ID,SA00072576,O0072576,OI00072576,2026-07-04,C012577,P00577,E00077,R017,2,2003.38,0.0,2003.38,1257.19,41.0,36.06
72592,Invalid Foreign Key: Order_ID; Invalid Foreign Key: Order_Item_ID; Invalid Foreign Key: Customer_ID,SA00072591,O0072591,OI00072591,2026-07-19,C012592,P00592,E00092,R012,2,2384.46,23.84,2360.61,1496.73,56.0,42.49
72614,Invalid Foreign Key: Order_Item_ID; Invalid Foreign Key: Product_ID,SA00072613,O0072613,OI00072613,2026-08-10,C012614,P00614,E00114,R014,4,805.71,16.11,789.59,502.3,78.0,14.21
72634,Invalid Foreign Key: Order_ID; Invalid Foreign Key: Order_Item_ID,SA00072633,O0072633,OI00072633,2026-08-30,C012634,P00634,E00134,R014,4,1821.91,18.22,1803.69,1141.05,98.0,32.47
72751,Invalid Foreign Key: Order_ID; Invalid Foreign Key: Order_Item_ID; Invalid Foreign Key: Employee_ID,SA00072750,O0072750,OI00072750,2025-12-25,C012751,P00751,E00251,R011,1,671.42,40.29,631.14,421.0,55.0,11.36
72842,Invalid Foreign Key: Order_Item_ID; Invalid Foreign Key: Product_ID,SA00072841,O0072841,OI00072841,2026-03-26,C012842,P00842,E00342,R002,2,1114.2,66.85,1047.35,698.28,66.0,18.85
72858,Invalid Foreign Key: Order_ID; Invalid Foreign Key: Order_Item_ID,SA00072857,O0072857,OI00072857,2026-04-11,C012858,P00858,E00358,R018,3,2281.02,22.81,2258.21,1430.67,82.0,40.65
72921,Invalid Foreign Key: Order_Item_ID; Invalid Foreign Key: Product_ID,SA00072920,O0072920,OI00072920,2026-06-13,C012921,P00921,E00421,R001,1,290.34,2.9,287.44,181.47,65.0,5.17
72961,Invalid Foreign Key: Order_ID; Invalid Foreign Key: Order_Item_ID; Invalid Foreign Key: Customer_ID,SA00072960,O0072960,OI00072960,2026-07-23,C012961,P00961,E00461,R001,1,798.45,47.91,750.54,500.84,25.0,13.51
72998,Invalid Foreign Key: Order_Item_ID; Invalid Foreign Key: Product_ID,SA00072997,O0072997,OI00072997,2026-08-29,C012998,P00998,E00498,R018,3,3805.33,38.05,3767.28,2388.81,62.0,67.81
73251,Invalid Foreign Key: Order_ID; Invalid Foreign Key: Order_Item_ID; Invalid Foreign Key: Employee_ID,SA00073250,O0073250,OI00073250,2026-05-09,C013251,P00251,E00251,R011,1,671.42,13.43,657.99,421.0,75.0,11.84
73283,Invalid Foreign Key: Order_ID; Invalid Foreign Key: Order_Item_ID,SA00073282,O0073282,OI00073282,2026-06-10,C013283,P00283,E00283,R003,3,3233.71,194.02,3039.69,2029.51,27.0,54.71
73307,Invalid Foreign Key: Order_Item_ID; Invalid Foreign Key: Product_ID,SA00073306,O0073306,OI00073306,2026-07-04,C013307,P00307,E00307,R007,2,225.02,4.5,220.52,139.37,51.0,3.97
73379,Invalid Foreign Key: Order_ID; Invalid Foreign Key: Order_Item_ID; Invalid Foreign Key: Customer_ID,SA00073378,O0073378,OI00073378,2025-09-14,C013379,P00379,E00379,R019,4,4108.38,164.34,3944.04,2578.26,43.0,70.99
73421,Invalid Foreign Key: Order_Item_ID; Invalid Foreign Key: Product_ID,SA00073420,O0073420,OI00073420,2025-10-26,C013421,P00421,E00421,R001,1,290.34,11.61,278.73,181.47,85.0,5.02
73499,Invalid Foreign Key: Order_Item_ID; Invalid Foreign Key: Product_ID,SA00073498,O0073498,OI00073498,2026-01-12,C013499,P00499,E00499,R019,4,5124.58,256.23,4868.36,3217.02,83.0,87.63
73577,Invalid Foreign Key: Order_Item_ID; Invalid Foreign Key: Product_ID,SA00073576,O0073576,OI00073576,2026-03-31,C013577,P00577,E00077,R017,2,2003.38,120.2,1883.18,1257.19,81.0,33.9
73614,Invalid Foreign Key: Order_Item_ID; Invalid Foreign Key: Product_ID,SA00073613,O0073613,OI00073613,2026-05-07,C013614,P00614,E00114,R014,4,805.71,8.06,797.65,502.3,38.0,14.36
73670,Invalid Foreign Key: Order_Item_ID,SA00073669,O0073669,OI00073669,2026-07-02,C013670,P00670,E00170,R010,5,4563.86,45.64,4518.22,2863.52,94.0,81.33
73751,Invalid Foreign Key: Order_ID; Invalid Foreign Key: Order_Item_ID; Invalid Foreign Key: Employee_ID,SA00073750,O0073750,OI00073750,2025-09-21,C013751,P00751,E00251,R011,1,671.42,33.57,637.85,421.0,95.0,11.48
73842,Invalid Foreign Key: Order_Item_ID; Invalid Foreign Key: Product_ID,SA00073841,O0073841,OI00073841,2025-12-21,C013842,P00842,E00342,R002,2,1114.2,55.71,1058.49,698.28,26.0,19.05
73921,Invalid Foreign Key: Order_Item_ID; Invalid Foreign Key: Product_ID,SA00073920,O0073920,OI00073920,2026-03-10,C013921,P00921,E00421,R001,1,290.34,0.0,290.34,181.47,25.0,5.23
73958,Invalid Foreign Key: Order_ID; Invalid Foreign Key: Order_Item_ID; Invalid Foreign Key: Customer_ID,SA00073957,O0073957,OI00073957,2026-04-16,C013958,P00958,E00458,R018,3,2281.02,45.62,2235.4,1430.67,62.0,40.24
73998,Invalid Foreign Key: Order_Item_ID; Invalid Foreign Key: Product_ID,SA00073997,O0073997,OI00073997,2026-05-26,C013998,P00998,E00498,R018,3,3805.33,0.0,3805.33,2388.81,102.0,68.5
74166,Invalid Foreign Key: Order_ID; Invalid Foreign Key: Order_Item_ID; Invalid Foreign Key: Customer_ID,SA00074165,O0074165,OI00074165,2025-11-10,C014166,P00166,E00166,R006,1,861.96,0.0,861.96,540.77,30.0,15.52
74251,Invalid Foreign Key: Order_ID; Invalid Foreign Key: Order_Item_ID; Invalid Foreign Key: Employee_ID,SA00074250,O0074250,OI00074250,2026-02-03,C014251,P00251,E00251,R011,1,671.42,6.71,664.71,421.0,35.0,11.96
74307,Invalid Foreign Key: Order_Item_ID; Invalid Foreign Key: Product_ID,SA00074306,O0074306,OI00074306,2026-03-31,C014307,P00307,E00307,R007,2,225.02,2.25,222.77,139.37,91.0,4.01
74421,Invalid Foreign Key: Order_Item_ID; Invalid Foreign Key: Product_ID,SA00074420,O0074420,OI00074420,2026-07-23,C014421,P00421,E00421,R001,1,290.34,8.71,281.63,181.47,45.0,5.07
74499,Invalid Foreign Key: Order_Item_ID; Invalid Foreign Key: Product_ID,SA00074498,O0074498,OI00074498,2025-10-09,C014499,P00499,E00499,R019,4,5124.58,204.98,4919.6,3217.02,43.0,88.55
74577,Invalid Foreign Key: Order_Item_ID; Invalid Foreign Key: Product_ID,SA00074576,O0074576,OI00074576,2025-12-26,C014577,P00577,E00077,R017,2,2003.38,100.17,1903.21,1257.19,41.0,34.26
74614,Invalid Foreign Key: Order_Item_ID; Invalid Foreign Key: Product_ID,SA00074613,O0074613,OI00074613,2026-02-01,C014614,P00614,E00114,R014,4,805.71,0.0,805.71,502.3,78.0,14.5
74635,Invalid Foreign Key: Order_ID; Invalid Foreign Key: Order_Item_ID,SA00074634,O0074634,OI00074634,2026-02-22,C014635,P00635,E00135,R015,5,2340.9,0.0,2340.9,1466.24,99.0,42.14
74751,Invalid Foreign Key: Order_ID; Invalid Foreign Key: Order_Item_ID; Invalid Foreign Key: Employee_ID,SA00074750,O0074750,OI00074750,2026-06-18,C014751,P00751,E00251,R011,1,671.42,26.86,644.57,421.0,55.0,11.6
74835,Invalid Foreign Key: Order_ID; Invalid Foreign Key: Order_Item_ID,SA00074834,O0074834,OI00074834,2025-09-10,C014835,P00835,E00335,R015,5,2340.9,93.64,2247.27,1466.24,59.0,40.45
74842,Invalid Foreign Key: Order_Item_ID; Invalid Foreign Key: Product_ID,SA00074841,O0074841,OI00074841,2025-09-17,C014842,P00842,E00342,R002,2,1114.2,44.57,1069.63,698.28,66.0,19.25
74921,Invalid Foreign Key: Order_Item_ID; Invalid Foreign Key: Product_ID,SA00074920,O0074920,OI00074920,2025-12-05,C014921,P00921,E00421,R001,1,290.34,17.42,272.92,181.47,65.0,4.91
74953,Invalid Foreign Key: Order_ID; Invalid Foreign Key: Order_Item_ID; Invalid Foreign Key: Customer_ID,SA00074952,O0074952,OI00074952,2026-01-06,C014953,P00953,E00453,R013,3,2090.48,62.71,2027.77,1310.91,97.0,36.5
74955,Invalid Foreign Key: Order_ID; Invalid Foreign Key: Order_Item_ID; Invalid Foreign Key: Customer_ID,SA00074954,O0074954,OI00074954,2026-01-08,C014955,P00955,E00455,R015,5,3611.16,180.56,3430.6,2264.69,99.0,61.75
74998,Invalid Foreign Key: Order_Item_ID; Invalid Foreign Key: Product_ID,SA00074997,O0074997,OI00074997,2026-02-20,C014998,P00998,E00498,R018,3,3805.33,228.32,3577.01,2388.81,62.0,64.39
75046,Invalid Foreign Key: Order_Item_ID,SA00075045,O0075045,OI00075045,2026-04-09,C015046,P00046,E00046,R006,1,607.91,30.4,577.51,381.08,30.0,10.4
75251,Invalid Foreign Key: Order_ID; Invalid Foreign Key: Order_Item_ID; Invalid Foreign Key: Employee_ID,SA00075250,O0075250,OI00075250,2025-10-31,C015251,P00251,E00251,R011,1,671.42,0.0,671.42,421.0,75.0,12.09
75307,Invalid Foreign Key: Order_Item_ID; Invalid Foreign Key: Product_ID,SA00075306,O0075306,OI00075306,2025-12-26,C015307,P00307,E00307,R007,2,225.02,0.0,225.02,139.37,51.0,4.05
75421,Invalid Foreign Key: Order_Item_ID; Invalid Foreign Key: Product_ID,SA00075420,O0075420,OI00075420,2026-04-19,C015421,P00421,E00421,R001,1,290.34,5.81,284.54,181.47,85.0,5.12
75499,Invalid Foreign Key: Order_Item_ID; Invalid Foreign Key: Product_ID,SA00075498,O0075498,OI00075498,2026-07-06,C015499,P00499,E00499,R019,4,5124.58,153.74,4970.85,3217.02,83.0,89.48
75577,Invalid Foreign Key: Order_Item_ID; Invalid Foreign Key: Product_ID,SA00075576,O0075576,OI00075576,2025-09-22,C015577,P00577,E00077,R017,2,2003.38,80.14,1923.24,1257.19,81.0,34.62
75614,Invalid Foreign Key: Order_Item_ID; Invalid Foreign Key: Product_ID,SA00075613,O0075613,OI00075613,2025-10-29,C015614,P00614,E00114,R014,4,805.71,48.34,757.36,502.3,38.0,13.63
75740,Invalid Foreign Key: Order_ID; Invalid Foreign Key: Order_Item_ID; Invalid Foreign Key: Customer_ID,SA00075739,O0075739,OI00075739,2026-03-04,C015740,P00740,E00240,R020,5,2658.47,159.51,2498.96,1665.85,84.0,44.98
75751,Invalid Foreign Key: Order_ID; Invalid Foreign Key: Order_Item_ID; Invalid Foreign Key: Employee_ID,SA00075750,O0075750,OI00075750,2026-03-15,C015751,P00751,E00251,R011,1,671.42,20.14,651.28,421.0,95.0,11.72
75842,Invalid Foreign Key: Order_Item_ID; Invalid Foreign Key: Product_ID,SA00075841,O0075841,OI00075841,2026-06-14,C015842,P00842,E00342,R002,2,1114.2,33.43,1080.77,698.28,26.0,19.45
75921,Invalid Foreign Key: Order_Item_ID; Invalid Foreign Key: Product_ID,SA00075920,O0075920,OI00075920,2025-09-01,C015921,P00921,E00421,R001,1,290.34,14.52,275.83,181.47,25.0,4.96
75952,Invalid Foreign Key: Order_ID; Invalid Foreign Key: Order_Item_ID; Invalid Foreign Key: Customer_ID,SA00075951,O0075951,OI00075951,2025-10-02,C015952,P00952,E00452,R012,2,1368.25,13.68,1354.57,857.97,56.0,24.38
75998,Invalid Foreign Key: Order_Item_ID; Invalid Foreign Key: Product_ID,SA00075997,O0075997,OI00075997,2025-11-17,C015998,P00998,E00498,R018,3,3805.33,190.27,3615.06,2388.81,102.0,65.07
76020,Negative Value: Quantity; Negative Value: Gross_Sales; Negative Value: Net_Sales; Invalid Foreign Key: Order_Item_ID,SA00076019,O0076019,OI00076019,2025-12-09,C016020,P00020,E00020,R020,-2,-555.28,-33.32,-521.97,346.96,44.0,0.0
76251,Invalid Foreign Key: Order_ID; Invalid Foreign Key: Order_Item_ID; Invalid Foreign Key: Employee_ID,SA00076250,O0076250,OI00076250,2026-07-28,C016251,P00251,E00251,R011,1,671.42,40.29,631.14,421.0,35.0,11.36
76307,Invalid Foreign Key: Order_Item_ID; Invalid Foreign Key: Product_ID,SA00076306,O0076306,OI00076306,2025-09-22,C016307,P00307,E00307,R007,2,225.02,13.5,211.52,139.37,91.0,3.81
76412,Invalid Foreign Key: Order_ID; Invalid Foreign Key: Order_Item_ID,SA00076411,O0076411,OI00076411,2026-01-05,C016412,P00412,E00412,R012,2,352.04,21.12,330.92,219.21,36.0,5.96
76421,Invalid Foreign Key: Order_Item_ID; Invalid Foreign Key: Product_ID,SA00076420,O0076420,OI00076420,2026-01-14,C016421,P00421,E00421,R001,1,290.34,2.9,287.44,181.47,45.0,5.17
76499,Invalid Foreign Key: Order_Item_ID; Invalid Foreign Key: Product_ID,SA00076498,O0076498,OI00076498,2026-04-02,C016499,P00499,E00499,R019,4,5124.58,102.49,5022.09,3217.02,43.0,90.4
76527,Invalid Foreign Key: Order_ID; Invalid Foreign Key: Order_Item_ID; Invalid Foreign Key: Customer_ID,SA00076526,O0076526,OI00076526,2026-04-30,C016527,P00527,E00027,R007,2,733.12,14.66,718.46,458.74,71.0,12.93
76577,Invalid Foreign Key: Order_Item_ID; Invalid Foreign Key: Product_ID,SA00076576,O0076576,OI00076576,2026-06-19,C016577,P00577,E00077,R017,2,2003.38,60.1,1943.28,1257.19,41.0,34.98
76614,Invalid Foreign Key: Order_ID; Invalid Foreign Key: Order_Item_ID; Invalid Foreign Key: Product_ID,SA00076613,O0076613,OI00076613,2026-07-26,C016614,P00614,E00114,R014,4,805.71,40.29,765.42,502.3,78.0,13.78
76751,Invalid Foreign Key: Order_ID; Invalid Foreign Key: Order_Item_ID; Invalid Foreign Key: Employee_ID,SA00076750,O0076750,OI00076750,2025-12-10,C016751,P00751,E00251,R011,1,671.42,13.43,657.99,421.0,55.0,11.84
76842,Invalid Foreign Key: Order_Item_ID; Invalid Foreign Key: Product_ID,SA00076841,O0076841,OI00076841,2026-03-11,C016842,P00842,E00342,R002,2,1114.2,22.28,1091.91,698.28,66.0,19.65
76873,Invalid Foreign Key: Order_Item_ID,SA00076872,O0076872,OI00076872,2026-04-11,C016873,P00873,E00373,R013,3,2852.64,142.63,2710.01,1789.98,97.0,48.78
76921,Invalid Foreign Key: Order_Item_ID; Invalid Foreign Key: Product_ID,SA00076920,O0076920,OI00076920,2026-05-29,C016921,P00921,E00421,R001,1,290.34,11.61,278.73,181.47,65.0,5.02
76949,Invalid Foreign Key: Order_ID; Invalid Foreign Key: Order_Item_ID; Invalid Foreign Key: Customer_ID,SA00076948,O0076948,OI00076948,2026-06-26,C016949,P00949,E00449,R009,4,2584.07,103.36,2480.71,1620.12,93.0,44.65
76998,Invalid Foreign Key: Order_Item_ID; Invalid Foreign Key: Product_ID,SA00076997,O0076997,OI00076997,2026-08-14,C016998,P00998,E00498,R018,3,3805.33,152.21,3653.12,2388.81,62.0,65.76
77012,Invalid Foreign Key: Order_Item_ID,SA00077011,O0077011,OI00077011,2026-08-28,C017012,P00012,E00012,R012,2,352.04,14.08,337.96,219.21,76.0,6.08
77036,Invalid Foreign Key: Order_ID; Invalid Foreign Key: Order_Item_ID,SA00077035,O0077035,OI00077035,2025-09-21,C017036,P00036,E00036,R016,1,480.88,0.0,480.88,301.23,100.0,8.66
77251,Invalid Foreign Key: Order_ID; Invalid Foreign Key: Order_Item_ID; Invalid Foreign Key: Employee_ID,SA00077250,O0077250,OI00077250,2026-04-24,C017251,P00251,E00251,R011,1,671.42,33.57,637.85,421.0,75.0,11.48
77307,Invalid Foreign Key: Order_Item_ID; Invalid Foreign Key: Product_ID,SA00077306,O0077306,OI00077306,2026-06-19,C017307,P00307,E00307,R007,2,225.02,11.25,213.77,139.37,51.0,3.85
77314,Invalid Foreign Key: Order_ID; Invalid Foreign Key: Order_Item_ID; Invalid Foreign Key: Customer_ID,SA00077313,O0077313,OI00077313,2026-06-26,C017314,P00314,E00314,R014,4,805.71,40.29,765.42,502.3,58.0,13.78
77421,Invalid Foreign Key: Order_Item_ID; Invalid Foreign Key: Product_ID,SA00077420,O0077420,OI00077420,2025-10-11,C017421,P00421,E00421,R001,1,290.34,0.0,290.34,181.47,85.0,5.23
77499,Invalid Foreign Key: Order_Item_ID; Invalid Foreign Key: Product_ID,SA00077498,O0077498,OI00077498,2025-12-28,C017499,P00499,E00499,R019,4,5124.58,51.25,5073.34,3217.02,83.0,91.32
77577,Invalid Foreign Key: Order_Item_ID; Invalid Foreign Key: Product_ID,SA00077576,O0077576,OI00077576,2026-03-16,C017577,P00577,E00077,R017,2,2003.38,40.07,1963.31,1257.19,81.0,35.34
77614,Invalid Foreign Key: Order_Item_ID; Invalid Foreign Key: Product_ID,SA00077613,O0077613,OI00077613,2026-04-22,C017614,P00614,E00114,R014,4,805.71,32.23,773.48,502.3,38.0,13.92
77751,Invalid Foreign Key: Order_ID; Invalid Foreign Key: Order_Item_ID; Invalid Foreign Key: Employee_ID,SA00077750,O0077750,OI00077750,2025-09-06,C017751,P00751,E00251,R011,1,671.42,6.71,664.71,421.0,95.0,11.96
77842,Invalid Foreign Key: Order_Item_ID; Invalid Foreign Key: Product_ID,SA00077841,O0077841,OI00077841,2025-12-06,C017842,P00842,E00342,R002,2,1114.2,11.14,1103.06,698.28,26.0,19.86
77921,Invalid Foreign Key: Order_Item_ID; Invalid Foreign Key: Product_ID,SA00077920,O0077920,OI00077920,2026-02-23,C017921,P00921,E00421,R001,1,290.34,8.71,281.63,181.47,25.0,5.07
77946,Invalid Foreign Key: Order_ID; Invalid Foreign Key: Order_Item_ID; Invalid Foreign Key: Customer_ID,SA00077945,O0077945,OI00077945,2026-03-20,C017946,P00946,E00446,R006,1,607.91,0.0,607.91,381.08,50.0,10.94
77998,Invalid Foreign Key: Order_Item_ID; Invalid Foreign Key: Product_ID,SA00077997,O0077997,OI00077997,2026-05-11,C017998,P00998,E00498,R018,3,3805.33,114.16,3691.17,2388.81,102.0,66.44
78101,Invalid Foreign Key: Order_ID; Invalid Foreign Key: Order_Item_ID; Invalid Foreign Key: Customer_ID,SA00078100,O0078100,OI00078100,2026-08-22,C018101,P00101,E00101,R001,1,36.29,0.36,35.93,21.78,45.0,0.65
78189,Invalid Foreign Key: Order_ID; Invalid Foreign Key: Order_Item_ID,SA00078188,O0078188,OI00078188,2025-11-18,C018189,P00189,E00189,R009,4,4616.48,230.82,4385.66,2897.64,53.0,78.94
78251,Invalid Foreign Key: Order_ID; Invalid Foreign Key: Order_Item_ID; Invalid Foreign Key: Employee_ID,SA00078250,O0078250,OI00078250,2026-01-19,C018251,P00251,E00251,R011,1,671.42,26.86,644.57,421.0,35.0,11.6
78307,Invalid Foreign Key: Order_Item_ID; Invalid Foreign Key: Product_ID,SA00078306,O0078306,OI00078306,2026-03-16,C018307,P00307,E00307,R007,2,225.02,9.0,216.02,139.37,91.0,3.89
78421,Invalid Foreign Key: Order_Item_ID; Invalid Foreign Key: Product_ID,SA00078420,O0078420,OI00078420,2026-07-08,C018421,P00421,E00421,R001,1,290.34,17.42,272.92,181.47,45.0,4.91
78499,Invalid Foreign Key: Order_Item_ID; Invalid Foreign Key: Product_ID,SA00078498,O0078498,OI00078498,2025-09-24,C018499,P00499,E00499,R019,4,5124.58,0.0,5124.58,3217.02,43.0,92.24
78577,Invalid Foreign Key: Order_Item_ID; Invalid Foreign Key: Product_ID,SA00078576,O0078576,OI00078576,2025-12-11,C018577,P00577,E00077,R017,2,2003.38,20.03,1983.34,1257.19,41.0,35.7
78614,Invalid Foreign Key: Order_Item_ID; Invalid Foreign Key: Product_ID,SA00078613,O0078613,OI00078613,2026-01-17,C018614,P00614,E00114,R014,4,805.71,24.17,781.54,502.3,78.0,14.07
78751,Invalid Foreign Key: Order_ID; Invalid Foreign Key: Order_Item_ID; Invalid Foreign Key: Employee_ID,SA00078750,O0078750,OI00078750,2026-06-03,C018751,P00751,E00251,R011,1,671.42,0.0,671.42,421.0,55.0,12.09
78842,Invalid Foreign Key: Order_Item_ID; Invalid Foreign Key: Product_ID,SA00078841,O0078841,OI00078841,2025-09-02,C018842,P00842,E00342,R002,2,1114.2,0.0,1114.2,698.28,66.0,20.06
78888,Invalid Foreign Key: Order_ID; Invalid Foreign Key: Order_Item_ID; Invalid Foreign Key: Customer_ID,SA00078887,O0078887,OI00078887,2025-10-18,C018888,P00888,E00388,R008,3,3424.25,136.97,3287.28,2149.28,32.0,59.17
78921,Invalid Foreign Key: Order_Item_ID; Invalid Foreign Key: Product_ID,SA00078920,O0078920,OI00078920,2025-11-20,C018921,P00921,E00421,R001,1,290.34,5.81,284.54,181.47,65.0,5.12
78943,Invalid Foreign Key: Order_ID; Invalid Foreign Key: Order_Item_ID; Invalid Foreign Key: Customer_ID,SA00078942,O0078942,OI00078942,2025-12-12,C018943,P00943,E00443,R003,3,1709.4,51.28,1658.12,1071.37,87.0,29.85
78998,Invalid Foreign Key: Order_Item_ID; Invalid Foreign Key: Product_ID,SA00078997,O0078997,OI00078997,2026-02-05,C018998,P00998,E00498,R018,3,3805.33,76.11,3729.22,2388.81,62.0,67.13
79237,Invalid Foreign Key: Order_ID; Invalid Foreign Key: Order_Item_ID,SA00079236,O0079236,OI00079236,2025-10-02,C019237,P00237,E00237,R017,2,987.17,29.62,957.56,618.43,61.0,17.24
79251,Invalid Foreign Key: Order_ID; Invalid Foreign Key: Order_Item_ID; Invalid Foreign Key: Employee_ID,SA00079250,O0079250,OI00079250,2025-10-16,C019251,P00251,E00251,R011,1,671.42,20.14,651.28,421.0,75.0,11.72
79307,Invalid Foreign Key: Order_Item_ID; Invalid Foreign Key: Product_ID,SA00079306,O0079306,OI00079306,2025-12-11,C019307,P00307,E00307,R007,2,225.02,6.75,218.27,139.37,51.0,3.93
79421,Invalid Foreign Key: Order_Item_ID; Invalid Foreign Key: Product_ID,SA00079420,O0079420,OI00079420,2026-04-04,C019421,P00421,E00421,R001,1,290.34,14.52,275.83,181.47,85.0,4.96
79499,Invalid Foreign Key: Order_Item_ID; Invalid Foreign Key: Product_ID,SA00079498,O0079498,OI00079498,2026-06-21,C019499,P00499,E00499,R019,4,5124.58,307.48,4817.11,3217.02,83.0,86.71
79577,Invalid Foreign Key: Order_Item_ID; Invalid Foreign Key: Product_ID,SA00079576,O0079576,OI00079576,2025-09-07,C019577,P00577,E00077,R017,2,2003.38,0.0,2003.38,1257.19,81.0,36.06
79614,Invalid Foreign Key: Order_Item_ID; Invalid Foreign Key: Product_ID,SA00079613,O0079613,OI00079613,2025-10-14,C019614,P00614,E00114,R014,4,805.71,16.11,789.59,502.3,38.0,14.21
79675,Invalid Foreign Key: Order_ID; Invalid Foreign Key: Order_Item_ID; Invalid Foreign Key: Customer_ID,SA00079674,O0079674,OI00079674,2025-12-14,C019675,P00675,E00175,R015,5,4881.42,0.0,4881.42,3063.14,99.0,87.87
79751,Invalid Foreign Key: Order_ID; Invalid Foreign Key: Order_Item_ID; Invalid Foreign Key: Employee_ID,SA00079750,O0079750,OI00079750,2026-02-28,C019751,P00751,E00251,R011,1,671.42,40.29,631.14,421.0,95.0,11.36
79842,Invalid Foreign Key: Order_Item_ID; Invalid Foreign Key: Product_ID,SA00079841,O0079841,OI00079841,2026-05-30,C019842,P00842,E00342,R002,2,1114.2,66.85,1047.35,698.28,26.0,18.85
79921,Invalid Foreign Key: Order_Item_ID; Invalid Foreign Key: Product_ID,SA00079920,O0079920,OI00079920,2026-08-17,C019921,P00921,E00421,R001,1,290.34,2.9,287.44,181.47,25.0,5.17
79940,Invalid Foreign Key: Order_ID; Invalid Foreign Key: Order_Item_ID; Invalid Foreign Key: Customer_ID,SA00079939,O0079939,OI00079939,2025-09-05,C019940,P00940,E00440,R020,5,2658.47,159.51,2498.96,1665.85,44.0,44.98
79945,Invalid Foreign Key: Order_ID; Invalid Foreign Key: Order_Item_ID,SA00079944,O0079944,OI00079944,2025-09-10,C019945,P00945,E00445,R005,5,2976.03,119.04,2856.99,1865.46,49.0,51.43
79966,Invalid Foreign Key: Order_ID; Invalid Foreign Key: Order_Item_ID,SA00079965,O0079965,OI00079965,2025-10-01,C019966,P00966,E00466,R006,1,861.96,34.48,827.48,540.77,70.0,14.89
79998,Invalid Foreign Key: Order_Item_ID; Invalid Foreign Key: Product_ID,SA00079997,O0079997,OI00079997,2025-11-02,C019998,P00998,E00498,R018,3,3805.33,38.05,3767.28,2388.81,102.0,67.81
80021,Negative Value: Quantity; Negative Value: Gross_Sales; Negative Value: Net_Sales; Invalid Foreign Key: Order_Item_ID,SA00080020,O0080020,OI00080020,2025-11-25,C000021,P00021,E00021,R001,-2,-580.69,-17.42,-563.27,362.93,45.0,0.0
80049,Invalid Foreign Key: Order_Item_ID,SA00080048,O0080048,OI00080048,2025-12-23,C000049,P00049,E00049,R009,4,2584.07,77.52,2506.55,1620.12,73.0,45.12
80057,Invalid Foreign Key: Order_ID; Invalid Foreign Key: Order_Item_ID,SA00080056,O0080056,OI00080056,2025-12-31,C000057,P00057,E00057,R017,2,1495.28,59.81,1435.46,937.81,81.0,25.84
80076,Invalid Foreign Key: Order_Item_ID,SA00080075,O0080075,OI00080075,2026-01-19,C000076,P00076,E00076,R016,1,988.99,19.78,969.21,620.61,100.0,17.45
80251,Invalid Foreign Key: Order_ID; Invalid Foreign Key: Order_Item_ID; Invalid Foreign Key: Employee_ID,SA00080250,O0080250,OI00080250,2026-07-13,C000251,P00251,E00251,R011,1,671.42,13.43,657.99,421.0,35.0,11.84
80307,Invalid Foreign Key: Order_Item_ID; Invalid Foreign Key: Product_ID,SA00080306,O0080306,OI00080306,2025-09-07,C000307,P00307,E00307,R007,2,225.02,4.5,220.52,139.37,91.0,3.97
80421,Invalid Foreign Key: Order_Item_ID; Invalid Foreign Key: Product_ID,SA00080420,O0080420,OI00080420,2025-12-30,C000421,P00421,E00421,R001,1,290.34,11.61,278.73,181.47,45.0,5.02
80499,Invalid Foreign Key: Order_Item_ID; Invalid Foreign Key: Product_ID,SA00080498,O0080498,OI00080498,2026-03-18,C000499,P00499,E00499,R019,4,5124.58,256.23,4868.36,3217.02,43.0,87.63
80577,Invalid Foreign Key: Order_Item_ID; Invalid Foreign Key: Product_ID,SA00080576,O0080576,OI00080576,2026-06-04,C000577,P00577,E00077,R017,2,2003.38,120.2,1883.18,1257.19,41.0,33.9
80614,Invalid Foreign Key: Order_Item_ID; Invalid Foreign Key: Product_ID,SA00080613,O0080613,OI00080613,2026-07-11,C000614,P00614,E00114,R014,4,805.71,8.06,797.65,502.3,78.0,14.36
80751,Invalid Foreign Key: Order_ID; Invalid Foreign Key: Order_Item_ID; Invalid Foreign Key: Employee_ID,SA00080750,O0080750,OI00080750,2025-11-25,C000751,P00751,E00251,R011,1,671.42,33.57,637.85,421.0,55.0,11.48
80787,Invalid Foreign Key: Order_ID; Invalid Foreign Key: Order_Item_ID; Invalid Foreign Key: Customer_ID,SA00080786,O0080786,OI00080786,2025-12-31,C000787,P00787,E00287,R007,2,2257.43,135.45,2121.98,1416.88,91.0,38.2
80842,Invalid Foreign Key: Order_Item_ID; Invalid Foreign Key: Product_ID,SA00080841,O0080841,OI00080841,2026-02-24,C000842,P00842,E00342,R002,2,1114.2,55.71,1058.49,698.28,66.0,19.05
80921,Invalid Foreign Key: Order_Item_ID; Invalid Foreign Key: Product_ID,SA00080920,O0080920,OI00080920,2026-05-14,C000921,P00921,E00421,R001,1,290.34,0.0,290.34,181.47,65.0,5.23
80997,Invalid Foreign Key: Order_ID; Invalid Foreign Key: Order_Item_ID; Invalid Foreign Key: Customer_ID,SA00080996,O0080996,OI00080996,2026-07-29,C000997,P00997,E00497,R017,2,2511.48,150.69,2360.79,1576.57,61.0,42.49
80998,Invalid Foreign Key: Order_Item_ID; Invalid Foreign Key: Product_ID,SA00080997,O0080997,OI00080997,2026-07-30,C000998,P00998,E00498,R018,3,3805.33,0.0,3805.33,2388.81,62.0,68.5
81251,Invalid Foreign Key: Order_ID; Invalid Foreign Key: Order_Item_ID; Invalid Foreign Key: Employee_ID,SA00081250,O0081250,OI00081250,2026-04-09,C001251,P00251,E00251,R011,1,671.42,6.71,664.71,421.0,75.0,11.96
81307,Invalid Foreign Key: Order_Item_ID; Invalid Foreign Key: Product_ID,SA00081306,O0081306,OI00081306,2026-06-04,C001307,P00307,E00307,R007,2,225.02,2.25,222.77,139.37,51.0,4.01
81421,Invalid Foreign Key: Order_Item_ID; Invalid Foreign Key: Product_ID,SA00081420,O0081420,OI00081420,2025-09-26,C001421,P00421,E00421,R001,1,290.34,8.71,281.63,181.47,85.0,5.07
81438,Invalid Foreign Key: Order_ID; Invalid Foreign Key: Order_Item_ID,SA00081437,O0081437,OI00081437,2025-10-13,C001438,P00438,E00438,R018,3,1518.87,91.13,1427.73,951.6,102.0,25.7
81499,Invalid Foreign Key: Order_Item_ID; Invalid Foreign Key: Product_ID,SA00081498,O0081498,OI00081498,2025-12-13,C001499,P00499,E00499,R019,4,5124.58,204.98,4919.6,3217.02,83.0,88.55
81574,Invalid Foreign Key: Order_ID; Invalid Foreign Key: Order_Item_ID; Invalid Foreign Key: Customer_ID,SA00081573,O0081573,OI00081573,2026-02-26,C001574,P00574,E00074,R014,4,3854.33,77.09,3777.24,2418.57,78.0,67.99
81577,Invalid Foreign Key: Order_Item_ID; Invalid Foreign Key: Product_ID,SA00081576,O0081576,OI00081576,2026-03-01,C001577,P00577,E00077,R017,2,2003.38,100.17,1903.21,1257.19,81.0,34.26
81614,Invalid Foreign Key: Order_Item_ID; Invalid Foreign Key: Product_ID,SA00081613,O0081613,OI00081613,2026-04-07,C001614,P00614,E00114,R014,4,805.71,0.0,805.71,502.3,38.0,14.5
81743,Invalid Foreign Key: Order_ID; Invalid Foreign Key: Order_Item_ID,SA00081742,O0081742,OI00081742,2026-08-14,C001743,P00743,E00243,R003,3,1709.4,51.28,1658.12,1071.37,87.0,29.85
81751,Invalid Foreign Key: Order_ID; Invalid Foreign Key: Order_Item_ID; Invalid Foreign Key: Employee_ID,SA00081750,O0081750,OI00081750,2026-08-22,C001751,P00751,E00251,R011,1,671.42,26.86,644.57,421.0,95.0,11.6
81842,Invalid Foreign Key: Order_Item_ID; Invalid Foreign Key: Product_ID,SA00081841,O0081841,OI00081841,2025-11-21,C001842,P00842,E00342,R002,2,1114.2,44.57,1069.63,698.28,26.0,19.25
81921,Invalid Foreign Key: Order_Item_ID; Invalid Foreign Key: Product_ID,SA00081920,O0081920,OI00081920,2026-02-08,C001921,P00921,E00421,R001,1,290.34,17.42,272.92,181.47,25.0,4.91
81994,Invalid Foreign Key: Order_ID; Invalid Foreign Key: Order_Item_ID; Invalid Foreign Key: Customer_ID,SA00081993,O0081993,OI00081993,2026-04-22,C001994,P00994,E00494,R014,4,4870.53,97.41,4773.12,3057.33,98.0,85.92
81998,Invalid Foreign Key: Order_Item_ID; Invalid Foreign Key: Product_ID,SA00081997,O0081997,OI00081997,2026-04-26,C001998,P00998,E00498,R018,3,3805.33,228.32,3577.01,2388.81,102.0,64.39
82251,Invalid Foreign Key: Order_ID; Invalid Foreign Key: Order_Item_ID; Invalid Foreign Key: Employee_ID,SA00082250,O0082250,OI00082250,2026-01-04,C002251,P00251,E00251,R011,1,671.42,0.0,671.42,421.0,35.0,12.09
82307,Invalid Foreign Key: Order_Item_ID; Invalid Foreign Key: Product_ID,SA00082306,O0082306,OI00082306,2026-03-01,C002307,P00307,E00307,R007,2,225.02,0.0,225.02,139.37,91.0,4.05
82361,Invalid Foreign Key: Order_ID; Invalid Foreign Key: Order_Item_ID; Invalid Foreign Key: Customer_ID,SA00082360,O0082360,OI00082360,2026-04-24,C002361,P00361,E00361,R001,1,798.45,39.92,758.53,500.84,65.0,13.65
82421,Invalid Foreign Key: Order_Item_ID; Invalid Foreign Key: Product_ID,SA00082420,O0082420,OI00082420,2026-06-23,C002421,P00421,E00421,R001,1,290.34,5.81,284.54,181.47,45.0,5.12
82499,Invalid Foreign Key: Order_Item_ID; Invalid Foreign Key: Product_ID,SA00082498,O0082498,OI00082498,2025-09-09,C002499,P00499,E00499,R019,4,5124.58,153.74,4970.85,3217.02,43.0,89.48
82577,Invalid Foreign Key: Order_Item_ID; Invalid Foreign Key: Product_ID,SA00082576,O0082576,OI00082576,2025-11-26,C002577,P00577,E00077,R017,2,2003.38,80.14,1923.24,1257.19,41.0,34.62
82614,Invalid Foreign Key: Order_Item_ID; Invalid Foreign Key: Product_ID,SA00082613,O0082613,OI00082613,2026-01-02,C002614,P00614,E00114,R014,4,805.71,48.34,757.36,502.3,78.0,13.63
82751,Invalid Foreign Key: Order_ID; Invalid Foreign Key: Order_Item_ID; Invalid Foreign Key: Employee_ID,SA00082750,O0082750,OI00082750,2026-05-19,C002751,P00751,E00251,R011,1,671.42,20.14,651.28,421.0,55.0,11.72
82842,Invalid Foreign Key: Order_Item_ID; Invalid Foreign Key: Product_ID,SA00082841,O0082841,OI00082841,2026-08-18,C002842,P00842,E00342,R002,2,1114.2,33.43,1080.77,698.28,66.0,19.45
82921,Invalid Foreign Key: Order_Item_ID; Invalid Foreign Key: Product_ID,SA00082920,O0082920,OI00082920,2025-11-05,C002921,P00921,E00421,R001,1,290.34,14.52,275.83,181.47,65.0,4.96
82991,Invalid Foreign Key: Order_ID; Invalid Foreign Key: Order_Item_ID; Invalid Foreign Key: Customer_ID,SA00082990,O0082990,OI00082990,2026-01-14,C002991,P00991,E00491,R011,1,1179.53,58.98,1120.55,740.38,55.0,20.17
82998,Invalid Foreign Key: Order_Item_ID; Invalid Foreign Key: Product_ID,SA00082997,O0082997,OI00082997,2026-01-21,C002998,P00998,E00498,R018,3,3805.33,190.27,3615.06,2388.81,62.0,65.07
83148,Invalid Foreign Key: Order_ID; Invalid Foreign Key: Order_Item_ID; Invalid Foreign Key: Customer_ID,SA00083147,O0083147,OI00083147,2026-06-20,C003148,P00148,E00148,R008,3,1899.94,19.0,1880.94,1191.14,52.0,33.86
83251,Invalid Foreign Key: Order_ID; Invalid Foreign Key: Order_Item_ID; Invalid Foreign Key: Employee_ID,SA00083250,O0083250,OI00083250,2025-10-01,C003251,P00251,E00251,R011,1,671.42,40.29,631.14,421.0,75.0,11.36
83276,Invalid Foreign Key: Order_ID; Invalid Foreign Key: Order_Item_ID,SA00083275,O0083275,OI00083275,2025-10-26,C003276,P00276,E00276,R016,1,988.99,29.67,959.32,620.61,100.0,17.27
83279,Invalid Foreign Key: Order_Item_ID,SA00083278,O0083278,OI00083278,2025-10-29,C003279,P00279,E00279,R019,4,4108.38,246.5,3861.88,2578.26,103.0,69.51
83307,Invalid Foreign Key: Order_Item_ID; Invalid Foreign Key: Product_ID,SA00083306,O0083306,OI00083306,2025-11-26,C003307,P00307,E00307,R007,2,225.02,13.5,211.52,139.37,51.0,3.81
83421,Invalid Foreign Key: Order_Item_ID; Invalid Foreign Key: Product_ID,SA00083420,O0083420,OI00083420,2026-03-20,C003421,P00421,E00421,R001,1,290.34,2.9,287.44,181.47,85.0,5.17
83499,Invalid Foreign Key: Order_Item_ID; Invalid Foreign Key: Product_ID,SA00083498,O0083498,OI00083498,2026-06-06,C003499,P00499,E00499,R019,4,5124.58,102.49,5022.09,3217.02,83.0,90.4
83520,Invalid Foreign Key: Order_ID; Invalid Foreign Key: Order_Item_ID,SA00083519,O0083519,OI00083519,2026-06-27,C003520,P00520,E00020,R020,5,1388.21,27.76,1360.45,867.4,104.0,24.49
83577,Invalid Foreign Key: Order_Item_ID; Invalid Foreign Key: Product_ID,SA00083576,O0083576,OI00083576,2026-08-23,C003577,P00577,E00077,R017,2,2003.38,60.1,1943.28,1257.19,81.0,34.98
83614,Invalid Foreign Key: Order_Item_ID; Invalid Foreign Key: Product_ID,SA00083613,O0083613,OI00083613,2025-09-29,C003614,P00614,E00114,R014,4,805.71,40.29,765.42,502.3,38.0,13.78
83639,Invalid Foreign Key: Order_ID; Invalid Foreign Key: Order_Item_ID,SA00083638,O0083638,OI00083638,2025-10-24,C003639,P00639,E00139,R019,4,2075.96,41.52,2034.45,1300.74,63.0,36.62
83751,Invalid Foreign Key: Order_ID; Invalid Foreign Key: Order_Item_ID; Invalid Foreign Key: Employee_ID,SA00083750,O0083750,OI00083750,2026-02-13,C003751,P00751,E00251,R011,1,671.42,13.43,657.99,421.0,95.0,11.84
83842,Invalid Foreign Key: Order_Item_ID; Invalid Foreign Key: Product_ID,SA00083841,O0083841,OI00083841,2026-05-15,C003842,P00842,E00342,R002,2,1114.2,22.28,1091.91,698.28,26.0,19.65
83921,Invalid Foreign Key: Order_Item_ID; Invalid Foreign Key: Product_ID,SA00083920,O0083920,OI00083920,2026-08-02,C003921,P00921,E00421,R001,1,290.34,11.61,278.73,181.47,25.0,5.02
83935,Invalid Foreign Key: Order_ID; Invalid Foreign Key: Order_Item_ID; Invalid Foreign Key: Customer_ID,SA00083934,O0083934,OI00083934,2026-08-16,C003935,P00935,E00435,R015,5,2340.9,93.64,2247.27,1466.24,39.0,40.45
83988,Invalid Foreign Key: Order_ID; Invalid Foreign Key: Order_Item_ID; Invalid Foreign Key: Customer_ID,SA00083987,O0083987,OI00083987,2025-10-08,C003988,P00988,E00488,R008,3,3424.25,34.24,3390.01,2149.28,92.0,61.02
83998,Invalid Foreign Key: Order_Item_ID; Invalid Foreign Key: Product_ID,SA00083997,O0083997,OI00083997,2025-10-18,C003998,P00998,E00498,R018,3,3805.33,152.21,3653.12,2388.81,102.0,65.76
84013,Invalid Foreign Key: Order_Item_ID,SA00084012,O0084012,OI00084012,2025-11-02,C004013,P00013,E00013,R013,3,566.17,28.31,537.86,352.77,37.0,9.68
84022,Negative Value: Quantity; Negative Value: Gross_Sales; Negative Value: Net_Sales; Invalid Foreign Key: Order_Item_ID,SA00084021,O0084021,OI00084021,2025-11-11,C004022,P00022,E00022,R002,-2,-606.09,0.0,-606.09,378.9,46.0,0.0
84251,Invalid Foreign Key: Order_ID; Invalid Foreign Key: Order_Item_ID; Invalid Foreign Key: Employee_ID,SA00084250,O0084250,OI00084250,2026-06-28,C004251,P00251,E00251,R011,1,671.42,33.57,637.85,421.0,35.0,11.48
84307,Invalid Foreign Key: Order_Item_ID; Invalid Foreign Key: Product_ID,SA00084306,O0084306,OI00084306,2026-08-23,C004307,P00307,E00307,R007,2,225.02,11.25,213.77,139.37,91.0,3.85
84421,Invalid Foreign Key: Order_Item_ID; Invalid Foreign Key: Product_ID,SA00084420,O0084420,OI00084420,2025-12-15,C004421,P00421,E00421,R001,1,290.34,0.0,290.34,181.47,45.0,5.23
84499,Invalid Foreign Key: Order_Item_ID; Invalid Foreign Key: Product_ID,SA00084498,O0084498,OI00084498,2026-03-03,C004499,P00499,E00499,R019,4,5124.58,51.25,5073.34,3217.02,43.0,91.32
84577,Invalid Foreign Key: Order_Item_ID; Invalid Foreign Key: Product_ID,SA00084576,O0084576,OI00084576,2026-05-20,C004577,P00577,E00077,R017,2,2003.38,40.07,1963.31,1257.19,41.0,35.34
84614,Invalid Foreign Key: Order_Item_ID; Invalid Foreign Key: Product_ID,SA00084613,O0084613,OI00084613,2026-06-26,C004614,P00614,E00114,R014,4,805.71,32.23,773.48,502.3,78.0,13.92
84722,Invalid Foreign Key: Order_ID; Invalid Foreign Key: Order_Item_ID; Invalid Foreign Key: Customer_ID,SA00084721,O0084721,OI00084721,2025-10-12,C004722,P00722,E00222,R002,2,606.09,0.0,606.09,378.9,26.0,10.91
84751,Invalid Foreign Key: Order_ID; Invalid Foreign Key: Order_Item_ID; Invalid Foreign Key: Employee_ID,SA00084750,O0084750,OI00084750,2025-11-10,C004751,P00751,E00251,R011,1,671.42,6.71,664.71,421.0,55.0,11.96
84842,Invalid Foreign Key: Order_Item_ID; Invalid Foreign Key: Product_ID,SA00084841,O0084841,OI00084841,2026-02-09,C004842,P00842,E00342,R002,2,1114.2,11.14,1103.06,698.28,66.0,19.86
84921,Invalid Foreign Key: Order_Item_ID; Invalid Foreign Key: Product_ID,SA00084920,O0084920,OI00084920,2026-04-29,C004921,P00921,E00421,R001,1,290.34,8.71,281.63,181.47,65.0,5.07
84985,Invalid Foreign Key: Order_ID; Invalid Foreign Key: Order_Item_ID; Invalid Foreign Key: Customer_ID,SA00084984,O0084984,OI00084984,2026-07-02,C004985,P00985,E00485,R005,5,5516.55,220.66,5295.89,3462.36,49.0,95.33
84998,Invalid Foreign Key: Order_Item_ID; Invalid Foreign Key: Product_ID,SA00084997,O0084997,OI00084997,2026-07-15,C004998,P00998,E00498,R018,3,3805.33,114.16,3691.17,2388.81,62.0,66.44
85052,Invalid Foreign Key: Order_Item_ID,SA00085051,O0085051,OI00085051,2025-09-07,C005052,P00052,E00052,R012,2,1368.25,13.68,1354.57,857.97,36.0,24.38
85251,Invalid Foreign Key: Order_ID; Invalid Foreign Key: Order_Item_ID; Invalid Foreign Key: Employee_ID,SA00085250,O0085250,OI00085250,2026-03-25,C005251,P00251,E00251,R011,1,671.42,26.86,644.57,421.0,75.0,11.6
85297,Invalid Foreign Key: Order_ID; Invalid Foreign Key: Order_Item_ID,SA00085296,O0085296,OI00085296,2026-05-10,C005297,P00297,E00297,R017,2,2511.48,25.11,2486.37,1576.57,41.0,44.75
85307,Invalid Foreign Key: Order_Item_ID; Invalid Foreign Key: Product_ID,SA00085306,O0085306,OI00085306,2026-05-20,C005307,P00307,E00307,R007,2,225.02,9.0,216.02,139.37,51.0,3.89
85421,Invalid Foreign Key: Order_Item_ID; Invalid Foreign Key: Product_ID,SA00085420,O0085420,OI00085420,2025-09-11,C005421,P00421,E00421,R001,1,290.34,17.42,272.92,181.47,85.0,4.91
85499,Invalid Foreign Key: Order_Item_ID; Invalid Foreign Key: Product_ID,SA00085498,O0085498,OI00085498,2025-11-28,C005499,P00499,E00499,R019,4,5124.58,0.0,5124.58,3217.02,83.0,92.24
85509,Invalid Foreign Key: Order_ID; Invalid Foreign Key: Order_Item_ID; Invalid Foreign Key: Customer_ID,SA00085508,O0085508,OI00085508,2025-12-08,C005509,P00509,E00009,R009,4,551.65,16.55,535.11,342.61,93.0,9.63
85577,Invalid Foreign Key: Order_Item_ID; Invalid Foreign Key: Product_ID,SA00085576,O0085576,OI00085576,2026-02-14,C005577,P00577,E00077,R017,2,2003.38,20.03,1983.34,1257.19,81.0,35.7
85614,Invalid Foreign Key: Order_Item_ID; Invalid Foreign Key: Product_ID,SA00085613,O0085613,OI00085613,2026-03-23,C005614,P00614,E00114,R014,4,805.71,24.17,781.54,502.3,38.0,14.07
85751,Invalid Foreign Key: Order_ID; Invalid Foreign Key: Order_Item_ID; Invalid Foreign Key: Employee_ID,SA00085750,O0085750,OI00085750,2026-08-07,C005751,P00751,E00251,R011,1,671.42,0.0,671.42,421.0,95.0,12.09
85840,Invalid Foreign Key: Order_ID; Invalid Foreign Key: Order_Item_ID,SA00085839,O0085839,OI00085839,2025-11-04,C005840,P00840,E00340,R020,5,2658.47,132.92,2525.55,1665.85,104.0,45.46
85842,Invalid Foreign Key: Order_Item_ID; Invalid Foreign Key: Product_ID,SA00085841,O0085841,OI00085841,2025-11-06,C005842,P00842,E00342,R002,2,1114.2,0.0,1114.2,698.28,26.0,20.06
85921,Invalid Foreign Key: Order_Item_ID; Invalid Foreign Key: Product_ID,SA00085920,O0085920,OI00085920,2026-01-24,C005921,P00921,E00421,R001,1,290.34,5.81,284.54,181.47,25.0,5.12
85982,Invalid Foreign Key: Order_ID; Invalid Foreign Key: Order_Item_ID; Invalid Foreign Key: Customer_ID,SA00085981,O0085981,OI00085981,2026-03-26,C005982,P00982,E00482,R002,2,2130.4,0.0,2130.4,1337.04,86.0,38.35
85998,Invalid Foreign Key: Order_Item_ID; Invalid Foreign Key: Product_ID,SA00085997,O0085997,OI00085997,2026-04-11,C005998,P00998,E00498,R018,3,3805.33,76.11,3729.22,2388.81,102.0,67.13
86251,Invalid Foreign Key: Order_ID; Invalid Foreign Key: Order_Item_ID; Invalid Foreign Key: Employee_ID,SA00086250,O0086250,OI00086250,2025-12-20,C006251,P00251,E00251,R011,1,671.42,20.14,651.28,421.0,35.0,11.72
86296,Invalid Foreign Key: Order_ID; Invalid Foreign Key: Order_Item_ID; Invalid Foreign Key: Customer_ID,SA00086295,O0086295,OI00086295,2026-02-03,C006296,P00296,E00296,R016,1,1243.04,74.58,1168.46,780.3,80.0,21.03
86307,Invalid Foreign Key: Order_Item_ID; Invalid Foreign Key: Product_ID,SA00086306,O0086306,OI00086306,2026-02-14,C006307,P00307,E00307,R007,2,225.02,6.75,218.27,139.37,91.0,3.93
86421,Invalid Foreign Key: Order_Item_ID; Invalid Foreign Key: Product_ID,SA00086420,O0086420,OI00086420,2026-06-08,C006421,P00421,E00421,R001,1,290.34,14.52,275.83,181.47,45.0,4.96
86482,Invalid Foreign Key: Order_Item_ID,SA00086481,O0086481,OI00086481,2026-08-08,C006482,P00482,E00482,R002,2,2130.4,63.91,2066.49,1337.04,26.0,37.2
86499,Invalid Foreign Key: Order_Item_ID; Invalid Foreign Key: Product_ID,SA00086498,O0086498,OI00086498,2026-08-25,C006499,P00499,E00499,R019,4,5124.58,307.48,4817.11,3217.02,43.0,86.71
86577,Invalid Foreign Key: Order_Item_ID; Invalid Foreign Key: Product_ID,SA00086576,O0086576,OI00086576,2025-11-11,C006577,P00577,E00077,R017,2,2003.38,0.0,2003.38,1257.19,41.0,36.06
86607,Invalid Foreign Key: Order_ID; Invalid Foreign Key: Order_Item_ID,SA00086606,O0086606,OI00086606,2025-12-11,C006607,P00607,E00107,R007,2,225.02,4.5,220.52,139.37,71.0,3.97
86614,Invalid Foreign Key: Order_Item_ID; Invalid Foreign Key: Product_ID,SA00086613,O0086613,OI00086613,2025-12-18,C006614,P00614,E00114,R014,4,805.71,16.11,789.59,502.3,78.0,14.21
86751,Invalid Foreign Key: Order_ID; Invalid Foreign Key: Order_Item_ID; Invalid Foreign Key: Employee_ID,SA00086750,O0086750,OI00086750,2026-05-04,C006751,P00751,E00251,R011,1,671.42,40.29,631.14,421.0,55.0,11.36
86842,Invalid Foreign Key: Order_Item_ID; Invalid Foreign Key: Product_ID,SA00086841,O0086841,OI00086841,2026-08-03,C006842,P00842,E00342,R002,2,1114.2,66.85,1047.35,698.28,66.0,18.85
86921,Invalid Foreign Key: Order_Item_ID; Invalid Foreign Key: Product_ID,SA00086920,O0086920,OI00086920,2025-10-21,C006921,P00921,E00421,R001,1,290.34,2.9,287.44,181.47,65.0,5.17
86979,Invalid Foreign Key: Order_ID; Invalid Foreign Key: Order_Item_ID; Invalid Foreign Key: Customer_ID,SA00086978,O0086978,OI00086978,2025-12-18,C006979,P00979,E00479,R019,4,4108.38,123.25,3985.13,2578.26,43.0,71.73
86998,Invalid Foreign Key: Order_Item_ID; Invalid Foreign Key: Product_ID,SA00086997,O0086997,OI00086997,2026-01-06,C006998,P00998,E00498,R018,3,3805.33,38.05,3767.28,2388.81,62.0,67.81
87074,Invalid Foreign Key: Order_ID; Invalid Foreign Key: Order_Item_ID,SA00087073,O0087073,OI00087073,2026-03-23,C007074,P00074,E00074,R014,4,3854.33,0.0,3854.33,2418.57,58.0,69.38
87083,Invalid Foreign Key: Order_ID; Invalid Foreign Key: Order_Item_ID; Invalid Foreign Key: Customer_ID,SA00087082,O0087082,OI00087082,2026-04-01,C007083,P00083,E00083,R003,3,3233.71,64.67,3169.04,2029.51,67.0,57.04
87251,Invalid Foreign Key: Order_ID; Invalid Foreign Key: Order_Item_ID; Invalid Foreign Key: Employee_ID,SA00087250,O0087250,OI00087250,2025-09-16,C007251,P00251,E00251,R011,1,671.42,13.43,657.99,421.0,75.0,11.84
87307,Invalid Foreign Key: Order_Item_ID; Invalid Foreign Key: Product_ID,SA00087306,O0087306,OI00087306,2025-11-11,C007307,P00307,E00307,R007,2,225.02,4.5,220.52,139.37,51.0,3.97
87421,Invalid Foreign Key: Order_Item_ID; Invalid Foreign Key: Product_ID,SA00087420,O0087420,OI00087420,2026-03-05,C007421,P00421,E00421,R001,1,290.34,11.61,278.73,181.47,85.0,5.02
87499,Invalid Foreign Key: Order_Item_ID; Invalid Foreign Key: Product_ID,SA00087498,O0087498,OI00087498,2026-05-22,C007499,P00499,E00499,R019,4,5124.58,256.23,4868.36,3217.02,83.0,87.63
87577,Invalid Foreign Key: Order_Item_ID; Invalid Foreign Key: Product_ID,SA00087576,O0087576,OI00087576,2026-08-08,C007577,P00577,E00077,R017,2,2003.38,120.2,1883.18,1257.19,81.0,33.9
87614,Invalid Foreign Key: Order_Item_ID; Invalid Foreign Key: Product_ID,SA00087613,O0087613,OI00087613,2025-09-14,C007614,P00614,E00114,R014,4,805.71,8.06,797.65,502.3,38.0,14.36
87751,Invalid Foreign Key: Order_ID; Invalid Foreign Key: Order_Item_ID; Invalid Foreign Key: Employee_ID,SA00087750,O0087750,OI00087750,2026-01-29,C007751,P00751,E00251,R011,1,671.42,33.57,637.85,421.0,95.0,11.48
87842,Invalid Foreign Key: Order_Item_ID; Invalid Foreign Key: Product_ID,SA00087841,O0087841,OI00087841,2026-04-30,C007842,P00842,E00342,R002,2,1114.2,55.71,1058.49,698.28,26.0,19.05
87870,Invalid Foreign Key: Order_ID; Invalid Foreign Key: Order_Item_ID; Invalid Foreign Key: Customer_ID,SA00087869,O0087869,OI00087869,2026-05-28,C007870,P00870,E00370,R010,5,4563.86,228.19,4335.66,2863.52,54.0,78.04
87921,Invalid Foreign Key: Order_Item_ID; Invalid Foreign Key: Product_ID,SA00087920,O0087920,OI00087920,2026-07-18,C007921,P00921,E00421,R001,1,290.34,0.0,290.34,181.47,25.0,5.23
87976,Invalid Foreign Key: Order_ID; Invalid Foreign Key: Order_Item_ID; Invalid Foreign Key: Customer_ID,SA00087975,O0087975,OI00087975,2025-09-11,C007976,P00976,E00476,R016,1,988.99,59.34,929.65,620.61,80.0,16.73
87998,Invalid Foreign Key: Order_Item_ID; Invalid Foreign Key: Product_ID,SA00087997,O0087997,OI00087997,2025-10-03,C007998,P00998,E00498,R018,3,3805.33,0.0,3805.33,2388.81,102.0,68.5
88023,Negative Value: Quantity; Negative Value: Gross_Sales; Negative Value: Net_Sales; Invalid Foreign Key: Order_Item_ID,SA00088022,O0088022,OI00088022,2025-10-28,C008023,P00023,E00023,R003,-2,-631.5,-25.26,-606.24,394.87,47.0,0.0
88041,Invalid Foreign Key: Order_ID; Invalid Foreign Key: Order_Item_ID,SA00088040,O0088040,OI00088040,2025-11-15,C008041,P00041,E00041,R001,1,544.4,5.44,538.95,341.16,65.0,9.7
88251,Invalid Foreign Key: Order_ID; Invalid Foreign Key: Order_Item_ID; Invalid Foreign Key: Employee_ID,SA00088250,O0088250,OI00088250,2026-06-13,C008251,P00251,E00251,R011,1,671.42,6.71,664.71,421.0,35.0,11.96
88307,Invalid Foreign Key: Order_Item_ID; Invalid Foreign Key: Product_ID,SA00088306,O0088306,OI00088306,2026-08-08,C008307,P00307,E00307,R007,2,225.02,2.25,222.77,139.37,91.0,4.01
88421,Invalid Foreign Key: Order_Item_ID; Invalid Foreign Key: Product_ID,SA00088420,O0088420,OI00088420,2025-11-30,C008421,P00421,E00421,R001,1,290.34,8.71,281.63,181.47,45.0,5.07
88499,Invalid Foreign Key: Order_Item_ID; Invalid Foreign Key: Product_ID,SA00088498,O0088498,OI00088498,2026-02-16,C008499,P00499,E00499,R019,4,5124.58,204.98,4919.6,3217.02,43.0,88.55
88577,Invalid Foreign Key: Order_Item_ID; Invalid Foreign Key: Product_ID,SA00088576,O0088576,OI00088576,2026-05-05,C008577,P00577,E00077,R017,2,2003.38,100.17,1903.21,1257.19,41.0,34.26
88614,Invalid Foreign Key: Order_Item_ID; Invalid Foreign Key: Product_ID,SA00088613,O0088613,OI00088613,2026-06-11,C008614,P00614,E00114,R014,4,805.71,0.0,805.71,502.3,78.0,14.5
88657,Invalid Foreign Key: Order_ID; Invalid Foreign Key: Order_Item_ID; Invalid Foreign Key: Customer_ID,SA00088656,O0088656,OI00088656,2026-07-24,C008657,P00657,E00157,R017,2,1495.28,14.95,1480.32,937.81,41.0,26.65
88751,Invalid Foreign Key: Order_ID; Invalid Foreign Key: Order_Item_ID; Invalid Foreign Key: Employee_ID,SA00088750,O0088750,OI00088750,2025-10-26,C008751,P00751,E00251,R011,1,671.42,26.86,644.57,421.0,55.0,11.6
88842,Invalid Foreign Key: Order_Item_ID; Invalid Foreign Key: Product_ID,SA00088841,O0088841,OI00088841,2026-01-25,C008842,P00842,E00342,R002,2,1114.2,44.57,1069.63,698.28,66.0,19.25
88851,Invalid Foreign Key: Order_ID; Invalid Foreign Key: Order_Item_ID,SA00088850,O0088850,OI00088850,2026-02-03,C008851,P00851,E00351,R011,1,671.42,40.29,631.14,421.0,75.0,11.36
88921,Invalid Foreign Key: Order_Item_ID; Invalid Foreign Key: Product_ID,SA00088920,O0088920,OI00088920,2026-04-14,C008921,P00921,E00421,R001,1,290.34,17.42,272.92,181.47,65.0,4.91
88973,Invalid Foreign Key: Order_ID; Invalid Foreign Key: Order_Item_ID; Invalid Foreign Key: Customer_ID,SA00088972,O0088972,OI00088972,2026-06-05,C008973,P00973,E00473,R013,3,2852.64,57.05,2795.58,1789.98,37.0,50.32
88998,Invalid Foreign Key: Order_Item_ID; Invalid Foreign Key: Product_ID,SA00088997,O0088997,OI00088997,2026-06-30,C008998,P00998,E00498,R018,3,3805.33,228.32,3577.01,2388.81,62.0,64.39
89251,Invalid Foreign Key: Order_ID; Invalid Foreign Key: Order_Item_ID; Invalid Foreign Key: Employee_ID,SA00089250,O0089250,OI00089250,2026-03-10,C009251,P00251,E00251,R011,1,671.42,0.0,671.42,421.0,75.0,12.09
89307,Invalid Foreign Key: Order_Item_ID; Invalid Foreign Key: Product_ID,SA00089306,O0089306,OI00089306,2026-05-05,C009307,P00307,E00307,R007,2,225.02,0.0,225.02,139.37,51.0,4.05
89421,Invalid Foreign Key: Order_Item_ID; Invalid Foreign Key: Product_ID,SA00089420,O0089420,OI00089420,2026-08-27,C009421,P00421,E00421,R001,1,290.34,5.81,284.54,181.47,85.0,5.12
89444,Invalid Foreign Key: Order_ID; Invalid Foreign Key: Order_Item_ID; Invalid Foreign Key: Customer_ID,SA00089443,O0089443,OI00089443,2025-09-19,C009444,P00444,E00444,R004,4,2330.02,93.2,2236.82,1460.43,28.0,40.26
89499,Invalid Foreign Key: Order_Item_ID; Invalid Foreign Key: Product_ID,SA00089498,O0089498,OI00089498,2025-11-13,C009499,P00499,E00499,R019,4,5124.58,153.74,4970.85,3217.02,83.0,89.48
89577,Invalid Foreign Key: Order_Item_ID; Invalid Foreign Key: Product_ID,SA00089576,O0089576,OI00089576,2026-01-30,C009577,P00577,E00077,R017,2,2003.38,80.14,1923.24,1257.19,81.0,34.62
89614,Invalid Foreign Key: Order_Item_ID; Invalid Foreign Key: Product_ID,SA00089613,O0089613,OI00089613,2026-03-08,C009614,P00614,E00114,R014,4,805.71,48.34,757.36,502.3,38.0,13.63
89685,Invalid Foreign Key: Order_Item_ID,SA00089684,O0089684,OI00089684,2026-05-18,C009685,P00685,E00185,R005,5,5516.55,0.0,5516.55,3462.36,29.0,99.3
89751,Invalid Foreign Key: Order_ID; Invalid Foreign Key: Order_Item_ID; Invalid Foreign Key: Employee_ID,SA00089750,O0089750,OI00089750,2026-07-23,C009751,P00751,E00251,R011,1,671.42,20.14,651.28,421.0,95.0,11.72
89842,Invalid Foreign Key: Order_Item_ID; Invalid Foreign Key: Product_ID,SA00089841,O0089841,OI00089841,2025-10-22,C009842,P00842,E00342,R002,2,1114.2,33.43,1080.77,698.28,26.0,19.45
89921,Invalid Foreign Key: Order_Item_ID; Invalid Foreign Key: Product_ID,SA00089920,O0089920,OI00089920,2026-01-09,C009921,P00921,E00421,R001,1,290.34,14.52,275.83,181.47,25.0,4.96
89938,Invalid Foreign Key: Order_ID; Invalid Foreign Key: Order_Item_ID,SA00089937,O0089937,OI00089937,2026-01-26,C009938,P00938,E00438,R018,3,1518.87,15.19,1503.68,951.6,42.0,27.07
89970,Invalid Foreign Key: Order_ID; Invalid Foreign Key: Order_Item_ID; Invalid Foreign Key: Customer_ID,SA00089969,O0089969,OI00089969,2026-02-27,C009970,P00970,E00470,R010,5,4563.86,228.19,4335.66,2863.52,74.0,78.04
89998,Invalid Foreign Key: Order_Item_ID; Invalid Foreign Key: Product_ID,SA00089997,O0089997,OI00089997,2026-03-27,C009998,P00998,E00498,R018,3,3805.33,190.27,3615.06,2388.81,102.0,65.07
90055,Invalid Foreign Key: Order_Item_ID,SA00090054,O0090054,OI00090054,2026-05-23,C010055,P00055,E00055,R015,5,3611.16,216.67,3394.49,2264.69,79.0,61.1
90064,Invalid Foreign Key: Order_ID; Invalid Foreign Key: Order_Item_ID,SA00090063,O0090063,OI00090063,2026-06-01,C010064,P00064,E00064,R004,4,3346.22,33.46,3312.76,2099.19,88.0,59.63
90231,Invalid Foreign Key: Order_ID; Invalid Foreign Key: Order_Item_ID; Invalid Foreign Key: Customer_ID,SA00090230,O0090230,OI00090230,2025-11-15,C010231,P00231,E00231,R011,1,417.37,0.0,417.37,261.31,95.0,7.51
90242,Invalid Foreign Key: Order_ID; Invalid Foreign Key: Order_Item_ID,SA00090241,O0090241,OI00090241,2025-11-26,C010242,P00242,E00242,R002,2,1114.2,44.57,1069.63,698.28,26.0,19.25
90251,Invalid Foreign Key: Order_ID; Invalid Foreign Key: Order_Item_ID; Invalid Foreign Key: Employee_ID,SA00090250,O0090250,OI00090250,2025-12-05,C010251,P00251,E00251,R011,1,671.42,40.29,631.14,421.0,35.0,11.36
90307,Invalid Foreign Key: Order_Item_ID; Invalid Foreign Key: Product_ID,SA00090306,O0090306,OI00090306,2026-01-30,C010307,P00307,E00307,R007,2,225.02,13.5,211.52,139.37,91.0,3.81
90421,Invalid Foreign Key: Order_Item_ID; Invalid Foreign Key: Product_ID,SA00090420,O0090420,OI00090420,2026-05-24,C010421,P00421,E00421,R001,1,290.34,2.9,287.44,344.78,45.0,5.17
90499,Invalid Foreign Key: Order_Item_ID; Invalid Foreign Key: Product_ID,SA00090498,O0090498,OI00090498,2026-08-10,C010499,P00499,E00499,R019,4,5124.58,102.49,5022.09,3217.02,43.0,90.4
90577,Invalid Foreign Key: Order_Item_ID; Invalid Foreign Key: Product_ID,SA00090576,O0090576,OI00090576,2025-10-27,C010577,P00577,E00077,R017,2,2003.38,60.1,1943.28,1257.19,41.0,34.98
90614,Invalid Foreign Key: Order_Item_ID; Invalid Foreign Key: Product_ID,SA00090613,O0090613,OI00090613,2025-12-03,C010614,P00614,E00114,R014,4,805.71,40.29,765.42,502.3,78.0,13.78
90628,Invalid Foreign Key: Order_ID; Invalid Foreign Key: Order_Item_ID,SA00090627,O0090627,OI00090627,2025-12-17,C010628,P00628,E00128,R008,3,1137.79,56.89,1080.9,712.07,92.0,19.46
90751,Invalid Foreign Key: Order_ID; Invalid Foreign Key: Order_Item_ID; Invalid Foreign Key: Employee_ID,SA00090750,O0090750,OI00090750,2026-04-19,C010751,P00751,E00251,R011,1,671.42,13.43,657.99,421.0,55.0,11.84
90842,Invalid Foreign Key: Order_Item_ID; Invalid Foreign Key: Product_ID,SA00090841,O0090841,OI00090841,2026-07-19,C010842,P00842,E00342,R002,2,1114.2,22.28,1091.91,698.28,66.0,19.65
90921,Invalid Foreign Key: Order_Item_ID; Invalid Foreign Key: Product_ID,SA00090920,O0090920,OI00090920,2025-10-06,C010921,P00921,E00421,R001,1,290.34,11.61,278.73,181.47,65.0,5.02
90967,Invalid Foreign Key: Order_ID; Invalid Foreign Key: Order_Item_ID; Invalid Foreign Key: Customer_ID,SA00090966,O0090966,OI00090966,2025-11-21,C010967,P00967,E00467,R007,2,1749.33,17.49,1731.83,1097.5,31.0,31.17
90998,Invalid Foreign Key: Order_Item_ID; Invalid Foreign Key: Product_ID,SA00090997,O0090997,OI00090997,2025-12-22,C010998,P00998,E00498,R018,3,3805.33,152.21,3653.12,2388.81,62.0,65.76
91014,Invalid Foreign Key: Order_Item_ID,SA00091013,O0091013,OI00091013,2026-01-07,C011014,P00014,E00014,R014,4,805.71,48.34,757.36,502.3,78.0,13.63
91018,Invalid Foreign Key: Order_ID; Invalid Foreign Key: Order_Item_ID; Invalid Foreign Key: Customer_ID,SA00091017,O0091017,OI00091017,2026-01-11,C011018,P00018,E00018,R018,3,756.71,22.7,734.01,472.54,82.0,13.21
91251,Invalid Foreign Key: Order_ID; Invalid Foreign Key: Order_Item_ID; Invalid Foreign Key: Employee_ID,SA00091250,O0091250,OI00091250,2025-09-01,C011251,P00251,E00251,R011,1,671.42,33.57,637.85,421.0,75.0,11.48
91307,Invalid Foreign Key: Order_Item_ID; Invalid Foreign Key: Product_ID,SA00091306,O0091306,OI00091306,2025-10-27,C011307,P00307,E00307,R007,2,225.02,11.25,213.77,139.37,51.0,3.85
91421,Invalid Foreign Key: Order_Item_ID; Invalid Foreign Key: Product_ID,SA00091420,O0091420,OI00091420,2026-02-18,C011421,P00421,E00421,R001,1,290.34,0.0,290.34,181.47,85.0,5.23
91499,Invalid Foreign Key: Order_Item_ID; Invalid Foreign Key: Product_ID,SA00091498,O0091498,OI00091498,2026-05-07,C011499,P00499,E00499,R019,4,5124.58,51.25,5073.34,3217.02,83.0,91.32
91577,Invalid Foreign Key: Order_Item_ID; Invalid Foreign Key: Product_ID,SA00091576,O0091576,OI00091576,2026-07-24,C011577,P00577,E00077,R017,2,2003.38,40.07,1963.31,1257.19,81.0,35.34
91614,Invalid Foreign Key: Order_Item_ID; Invalid Foreign Key: Product_ID,SA00091613,O0091613,OI00091613,2026-08-30,C011614,P00614,E00114,R014,4,805.71,32.23,773.48,502.3,38.0,13.92
91751,Invalid Foreign Key: Order_ID; Invalid Foreign Key: Order_Item_ID; Invalid Foreign Key: Employee_ID,SA00091750,O0091750,OI00091750,2026-01-14,C011751,P00751,E00251,R011,1,671.42,6.71,664.71,421.0,95.0,11.96
91805,Invalid Foreign Key: Order_ID; Invalid Foreign Key: Order_Item_ID; Invalid Foreign Key: Customer_ID,SA00091804,O0091804,OI00091804,2026-03-09,C011805,P00805,E00305,R005,5,435.52,26.13,409.39,268.57,69.0,7.37
91842,Invalid Foreign Key: Order_Item_ID; Invalid Foreign Key: Product_ID,SA00091841,O0091841,OI00091841,2026-04-15,C011842,P00842,E00342,R002,2,1114.2,11.14,1103.06,698.28,26.0,19.86
91921,Invalid Foreign Key: Order_Item_ID; Invalid Foreign Key: Product_ID,SA00091920,O0091920,OI00091920,2026-07-03,C011921,P00921,E00421,R001,1,290.34,8.71,281.63,181.47,25.0,5.07
91964,Invalid Foreign Key: Order_ID; Invalid Foreign Key: Order_Item_ID; Invalid Foreign Key: Customer_ID,SA00091963,O0091963,OI00091963,2026-08-15,C011964,P00964,E00464,R004,4,3346.22,133.85,3212.37,2099.19,68.0,57.82
91998,Invalid Foreign Key: Order_Item_ID; Invalid Foreign Key: Product_ID,SA00091997,O0091997,OI00091997,2025-09-18,C011998,P00998,E00498,R018,3,3805.33,114.16,3691.17,2388.81,102.0,66.44
92024,Negative Value: Quantity; Negative Value: Gross_Sales; Negative Value: Net_Sales; Invalid Foreign Key: Order_Item_ID,SA00092023,O0092023,OI00092023,2025-10-14,C012024,P00024,E00024,R004,-2,-656.9,-6.57,-650.34,410.84,48.0,0.0
92251,Invalid Foreign Key: Order_ID; Invalid Foreign Key: Order_Item_ID; Invalid Foreign Key: Employee_ID,SA00092250,O0092250,OI00092250,2026-05-29,C012251,P00251,E00251,R011,1,671.42,26.86,644.57,421.0,35.0,11.6
92307,Invalid Foreign Key: Order_Item_ID; Invalid Foreign Key: Product_ID,SA00092306,O0092306,OI00092306,2026-07-24,C012307,P00307,E00307,R007,2,225.02,9.0,216.02,139.37,91.0,3.89
92405,Invalid Foreign Key: Order_ID; Invalid Foreign Key: Order_Item_ID,SA00092404,O0092404,OI00092404,2025-10-30,C012405,P00405,E00405,R005,5,435.52,17.42,418.1,268.57,29.0,7.53
92421,Invalid Foreign Key: Order_Item_ID; Invalid Foreign Key: Product_ID,SA00092420,O0092420,OI00092420,2025-11-15,C012421,P00421,E00421,R001,1,290.34,17.42,272.92,181.47,45.0,4.91
92443,Invalid Foreign Key: Order_ID; Invalid Foreign Key: Order_Item_ID,SA00092442,O0092442,OI00092442,2025-12-07,C012443,P00443,E00443,R003,3,1709.4,0.0,1709.4,1071.37,67.0,30.77
92499,Invalid Foreign Key: Order_Item_ID; Invalid Foreign Key: Product_ID,SA00092498,O0092498,OI00092498,2026-02-01,C012499,P00499,E00499,R019,4,5124.58,0.0,5124.58,3217.02,43.0,92.24
92577,Invalid Foreign Key: Order_Item_ID; Invalid Foreign Key: Product_ID,SA00092576,O0092576,OI00092576,2026-04-20,C012577,P00577,E00077,R017,2,2003.38,20.03,1983.34,1257.19,41.0,35.7
92592,Invalid Foreign Key: Order_ID; Invalid Foreign Key: Order_Item_ID; Invalid Foreign Key: Customer_ID,SA00092591,O0092591,OI00092591,2026-05-05,C012592,P00592,E00092,R012,2,2384.46,47.69,2336.77,1496.73,56.0,42.06
92614,Invalid Foreign Key: Order_Item_ID; Invalid Foreign Key: Product_ID,SA00092613,O0092613,OI00092613,2026-05-27,C012614,P00614,E00114,R014,4,805.71,24.17,781.54,502.3,78.0,14.07
92751,Invalid Foreign Key: Order_ID; Invalid Foreign Key: Order_Item_ID; Invalid Foreign Key: Employee_ID,SA00092750,O0092750,OI00092750,2025-10-11,C012751,P00751,E00251,R011,1,671.42,0.0,671.42,421.0,55.0,12.09
92842,Invalid Foreign Key: Order_Item_ID; Invalid Foreign Key: Product_ID,SA00092841,O0092841,OI00092841,2026-01-10,C012842,P00842,E00342,R002,2,1114.2,0.0,1114.2,698.28,66.0,20.06
92888,Invalid Foreign Key: Order_Item_ID,SA00092887,O0092887,OI00092887,2026-02-25,C012888,P00888,E00388,R008,3,3424.25,136.97,3287.28,2149.28,32.0,59.17
92921,Invalid Foreign Key: Order_Item_ID; Invalid Foreign Key: Product_ID,SA00092920,O0092920,OI00092920,2026-03-30,C012921,P00921,E00421,R001,1,290.34,5.81,284.54,181.47,65.0,5.12
92961,Invalid Foreign Key: Order_ID; Invalid Foreign Key: Order_Item_ID; Invalid Foreign Key: Customer_ID,SA00092960,O0092960,OI00092960,2026-05-09,C012961,P00961,E00461,R001,1,798.45,0.0,798.45,500.84,25.0,14.37
92998,Invalid Foreign Key: Order_Item_ID; Invalid Foreign Key: Product_ID,SA00092997,O0092997,OI00092997,2026-06-15,C012998,P00998,E00498,R018,3,3805.33,76.11,3729.22,2388.81,62.0,67.13
93251,Invalid Foreign Key: Order_ID; Invalid Foreign Key: Order_Item_ID; Invalid Foreign Key: Employee_ID,SA00093250,O0093250,OI00093250,2026-02-23,C013251,P00251,E00251,R011,1,671.42,20.14,651.28,421.0,75.0,11.72
93269,Invalid Foreign Key: Order_ID; Invalid Foreign Key: Order_Item_ID,SA00093268,O0093268,OI00093268,2026-03-13,C013269,P00269,E00269,R009,4,3600.27,0.0,3600.27,2258.88,93.0,64.8
93307,Invalid Foreign Key: Order_Item_ID; Invalid Foreign Key: Product_ID,SA00093306,O0093306,OI00093306,2026-04-20,C013307,P00307,E00307,R007,2,225.02,6.75,218.27,139.37,51.0,3.93
93379,Invalid Foreign Key: Order_ID; Invalid Foreign Key: Order_Item_ID; Invalid Foreign Key: Customer_ID,SA00093378,O0093378,OI00093378,2026-07-01,C013379,P00379,E00379,R019,4,4108.38,205.42,3902.96,2578.26,43.0,70.25
93421,Invalid Foreign Key: Order_Item_ID; Invalid Foreign Key: Product_ID,SA00093420,O0093420,OI00093420,2026-08-12,C013421,P00421,E00421,R001,1,290.34,14.52,275.83,181.47,85.0,4.96
93499,Invalid Foreign Key: Order_Item_ID; Invalid Foreign Key: Product_ID,SA00093498,O0093498,OI00093498,2025-10-29,C013499,P00499,E00499,R019,4,5124.58,307.48,4817.11,3217.02,83.0,86.71
93577,Invalid Foreign Key: Order_Item_ID; Invalid Foreign Key: Product_ID,SA00093576,O0093576,OI00093576,2026-01-15,C013577,P00577,E00077,R017,2,2003.38,0.0,2003.38,1257.19,81.0,36.06
93614,Invalid Foreign Key: Order_Item_ID; Invalid Foreign Key: Product_ID,SA00093613,O0093613,OI00093613,2026-02-21,C013614,P00614,E00114,R014,4,805.71,16.11,789.59,502.3,38.0,14.21
93751,Invalid Foreign Key: Order_ID; Invalid Foreign Key: Order_Item_ID; Invalid Foreign Key: Employee_ID,SA00093750,O0093750,OI00093750,2026-07-08,C013751,P00751,E00251,R011,1,671.42,40.29,631.14,421.0,95.0,11.36
93842,Invalid Foreign Key: Order_Item_ID; Invalid Foreign Key: Product_ID,SA00093841,O0093841,OI00093841,2025-10-07,C013842,P00842,E00342,R002,2,1114.2,66.85,1047.35,698.28,26.0,18.85
93921,Invalid Foreign Key: Order_Item_ID; Invalid Foreign Key: Product_ID,SA00093920,O0093920,OI00093920,2025-12-25,C013921,P00921,E00421,R001,1,290.34,2.9,287.44,181.47,25.0,5.17
93958,Invalid Foreign Key: Order_ID; Invalid Foreign Key: Order_Item_ID; Invalid Foreign Key: Customer_ID,SA00093957,O0093957,OI00093957,2026-01-31,C013958,P00958,E00458,R018,3,2281.02,68.43,2212.59,1430.67,62.0,39.83
93998,Invalid Foreign Key: Order_Item_ID; Invalid Foreign Key: Product_ID,SA00093997,O0093997,OI00093997,2026-03-12,C013998,P00998,E00498,R018,3,3805.33,38.05,3767.28,2388.81,102.0,67.81
94166,Invalid Foreign Key: Order_ID; Invalid Foreign Key: Order_Item_ID; Invalid Foreign Key: Customer_ID,SA00094165,O0094165,OI00094165,2026-08-27,C014166,P00166,E00166,R006,1,861.96,8.62,853.34,540.77,30.0,15.36
94182,Invalid Foreign Key: Order_ID; Invalid Foreign Key: Order_Item_ID,SA00094181,O0094181,OI00094181,2025-09-12,C014182,P00182,E00182,R002,2,2130.4,63.91,2066.49,1337.04,46.0,37.2
94251,Invalid Foreign Key: Order_ID; Invalid Foreign Key: Order_Item_ID; Invalid Foreign Key: Employee_ID,SA00094250,O0094250,OI00094250,2025-11-20,C014251,P00251,E00251,R011,1,671.42,13.43,657.99,421.0,35.0,11.84
94307,Invalid Foreign Key: Order_Item_ID; Invalid Foreign Key: Product_ID,SA00094306,O0094306,OI00094306,2026-01-15,C014307,P00307,E00307,R007,2,225.02,4.5,220.52,139.37,91.0,3.97
94421,Invalid Foreign Key: Order_Item_ID; Invalid Foreign Key: Product_ID,SA00094420,O0094420,OI00094420,2026-05-09,C014421,P00421,E00421,R001,1,290.34,11.61,278.73,181.47,45.0,5.02
94499,Invalid Foreign Key: Order_Item_ID; Invalid Foreign Key: Product_ID,SA00094498,O0094498,OI00094498,2026-07-26,C014499,P00499,E00499,R019,4,5124.58,256.23,4868.36,3217.02,43.0,87.63
94577,Invalid Foreign Key: Order_Item_ID; Invalid Foreign Key: Product_ID,SA00094576,O0094576,OI00094576,2025-10-12,C014577,P00577,E00077,R017,2,2003.38,120.2,1883.18,1257.19,41.0,33.9
94614,Invalid Foreign Key: Order_Item_ID; Invalid Foreign Key: Product_ID,SA00094613,O0094613,OI00094613,2025-11-18,C014614,P00614,E00114,R014,4,805.71,8.06,797.65,502.3,78.0,14.36
94644,Invalid Foreign Key: Order_ID; Invalid Foreign Key: Order_Item_ID,SA00094643,O0094643,OI00094643,2025-12-18,C014644,P00644,E00144,R004,4,2330.02,69.9,2260.12,1460.43,28.0,40.68
94751,Invalid Foreign Key: Order_ID; Invalid Foreign Key: Order_Item_ID; Invalid Foreign Key: Employee_ID,SA00094750,O0094750,OI00094750,2026-04-04,C014751,P00751,E00251,R011,1,671.42,33.57,637.85,421.0,55.0,11.48
94842,Invalid Foreign Key: Order_Item_ID; Invalid Foreign Key: Product_ID,SA00094841,O0094841,OI00094841,2026-07-04,C014842,P00842,E00342,R002,2,1114.2,55.71,1058.49,698.28,66.0,19.05
94921,Invalid Foreign Key: Order_Item_ID; Invalid Foreign Key: Product_ID,SA00094920,O0094920,OI00094920,2025-09-21,C014921,P00921,E00421,R001,1,290.34,0.0,290.34,181.47,65.0,5.23
94953,Invalid Foreign Key: Order_ID; Invalid Foreign Key: Order_Item_ID; Invalid Foreign Key: Customer_ID,SA00094952,O0094952,OI00094952,2025-10-23,C014953,P00953,E00453,R013,3,2090.48,83.62,2006.86,1310.91,97.0,36.12
94955,Invalid Foreign Key: Order_ID; Invalid Foreign Key: Order_Item_ID; Invalid Foreign Key: Customer_ID,SA00094954,O0094954,OI00094954,2025-10-25,C014955,P00955,E00455,R015,5,3611.16,216.67,3394.49,2264.69,99.0,61.1
94998,Invalid Foreign Key: Order_Item_ID; Invalid Foreign Key: Product_ID,SA00094997,O0094997,OI00094997,2025-12-07,C014998,P00998,E00498,R018,3,3805.33,0.0,3805.33,2388.81,62.0,68.5
95058,Invalid Foreign Key: Order_Item_ID,SA00095057,O0095057,OI00095057,2026-02-05,C015058,P00058,E00058,R018,3,2281.02,91.24,2189.78,1430.67,42.0,39.42
95251,Invalid Foreign Key: Order_ID; Invalid Foreign Key: Order_Item_ID; Invalid Foreign Key: Employee_ID,SA00095250,O0095250,OI00095250,2026-08-17,C015251,P00251,E00251,R011,1,671.42,6.71,664.71,421.0,75.0,11.96
95307,Invalid Foreign Key: Order_Item_ID; Invalid Foreign Key: Product_ID,SA00095306,O0095306,OI00095306,2025-10-12,C015307,P00307,E00307,R007,2,225.02,2.25,222.77,139.37,51.0,4.01
95421,Invalid Foreign Key: Order_Item_ID; Invalid Foreign Key: Product_ID,SA00095420,O0095420,OI00095420,2026-02-03,C015421,P00421,E00421,R001,1,290.34,8.71,281.63,181.47,85.0,5.07
95499,Invalid Foreign Key: Order_Item_ID; Invalid Foreign Key: Product_ID,SA00095498,O0095498,OI00095498,2026-04-22,C015499,P00499,E00499,R019,4,5124.58,204.98,4919.6,3217.02,83.0,88.55
95577,Invalid Foreign Key: Order_Item_ID; Invalid Foreign Key: Product_ID,SA00095576,O0095576,OI00095576,2026-07-09,C015577,P00577,E00077,R017,2,2003.38,100.17,1903.21,1257.19,81.0,34.26
95614,Invalid Foreign Key: Order_Item_ID; Invalid Foreign Key: Product_ID,SA00095613,O0095613,OI00095613,2026-08-15,C015614,P00614,E00114,R014,4,805.71,0.0,805.71,502.3,38.0,14.5
95740,Invalid Foreign Key: Order_ID; Invalid Foreign Key: Order_Item_ID; Invalid Foreign Key: Customer_ID,SA00095739,O0095739,OI00095739,2025-12-19,C015740,P00740,E00240,R020,5,2658.47,0.0,2658.47,1665.85,84.0,47.85
95751,Invalid Foreign Key: Order_ID; Invalid Foreign Key: Order_Item_ID; Invalid Foreign Key: Employee_ID,SA00095750,O0095750,OI00095750,2025-12-30,C015751,P00751,E00251,R011,1,671.42,26.86,644.57,421.0,95.0,11.6
95842,Invalid Foreign Key: Order_Item_ID; Invalid Foreign Key: Product_ID,SA00095841,O0095841,OI00095841,2026-03-31,C015842,P00842,E00342,R002,2,1114.2,44.57,1069.63,698.28,26.0,19.25
95921,Invalid Foreign Key: Order_Item_ID; Invalid Foreign Key: Product_ID,SA00095920,O0095920,OI00095920,2026-06-18,C015921,P00921,E00421,R001,1,290.34,17.42,272.92,181.47,25.0,4.91
95952,Invalid Foreign Key: Order_ID; Invalid Foreign Key: Order_Item_ID; Invalid Foreign Key: Customer_ID,SA00095951,O0095951,OI00095951,2026-07-19,C015952,P00952,E00452,R012,2,1368.25,27.36,1340.88,857.97,56.0,24.14
95959,Invalid Foreign Key: Order_ID; Invalid Foreign Key: Order_Item_ID,SA00095958,O0095958,OI00095958,2026-07-26,C015959,P00959,E00459,R019,4,3092.17,61.84,3030.33,1939.5,63.0,54.55
95998,Invalid Foreign Key: Order_Item_ID; Invalid Foreign Key: Product_ID,SA00095997,O0095997,OI00095997,2025-09-03,C015998,P00998,E00498,R018,3,3805.33,228.32,3577.01,2388.81,102.0,64.39
96025,Negative Value: Quantity; Negative Value: Gross_Sales; Negative Value: Net_Sales; Invalid Foreign Key: Order_Item_ID,SA00096024,O0096024,OI00096024,2025-09-30,C016025,P00025,E00025,R005,-2,-682.31,-34.12,-648.19,426.81,49.0,0.0
96091,Invalid Foreign Key: Order_Item_ID,SA00096090,O0096090,OI00096090,2025-12-05,C016091,P00091,E00091,R011,1,1179.53,11.8,1167.73,740.38,35.0,21.02
96251,Invalid Foreign Key: Order_ID; Invalid Foreign Key: Order_Item_ID; Invalid Foreign Key: Employee_ID,SA00096250,O0096250,OI00096250,2026-05-14,C016251,P00251,E00251,R011,1,671.42,0.0,671.42,421.0,35.0,12.09
96307,Invalid Foreign Key: Order_Item_ID; Invalid Foreign Key: Product_ID,SA00096306,O0096306,OI00096306,2026-07-09,C016307,P00307,E00307,R007,2,225.02,0.0,225.02,139.37,91.0,4.05
96421,Invalid Foreign Key: Order_Item_ID; Invalid Foreign Key: Product_ID,SA00096420,O0096420,OI00096420,2025-10-31,C016421,P00421,E00421,R001,1,290.34,5.81,284.54,181.47,45.0,5.12
96499,Invalid Foreign Key: Order_Item_ID; Invalid Foreign Key: Product_ID,SA00096498,O0096498,OI00096498,2026-01-17,C016499,P00499,E00499,R019,4,5124.58,153.74,4970.85,3217.02,43.0,89.48
96527,Invalid Foreign Key: Order_ID; Invalid Foreign Key: Order_Item_ID; Invalid Foreign Key: Customer_ID,SA00096526,O0096526,OI00096526,2026-02-14,C016527,P00527,E00027,R007,2,733.12,21.99,711.13,458.74,71.0,12.8
96577,Invalid Foreign Key: Order_Item_ID; Invalid Foreign Key: Product_ID,SA00096576,O0096576,OI00096576,2026-04-05,C016577,P00577,E00077,R017,2,2003.38,80.14,1923.24,1257.19,41.0,34.62
96600,Invalid Foreign Key: Order_ID; Invalid Foreign Key: Order_Item_ID,SA00096599,O0096599,OI00096599,2026-04-28,C016600,P00600,E00100,R020,5,6469.24,388.15,6081.09,4061.2,64.0,109.46
96614,Invalid Foreign Key: Order_Item_ID; Invalid Foreign Key: Product_ID,SA00096613,O0096613,OI00096613,2026-05-12,C016614,P00614,E00114,R014,4,805.71,48.34,757.36,502.3,78.0,13.63
96751,Invalid Foreign Key: Order_ID; Invalid Foreign Key: Order_Item_ID; Invalid Foreign Key: Employee_ID,SA00096750,O0096750,OI00096750,2025-09-26,C016751,P00751,E00251,R011,1,671.42,20.14,651.28,421.0,55.0,11.72
96842,Invalid Foreign Key: Order_Item_ID; Invalid Foreign Key: Product_ID,SA00096841,O0096841,OI00096841,2025-12-26,C016842,P00842,E00342,R002,2,1114.2,33.43,1080.77,698.28,66.0,19.45
96845,Invalid Foreign Key: Order_ID; Invalid Foreign Key: Order_Item_ID,SA00096844,O0096844,OI00096844,2025-12-29,C016845,P00845,E00345,R005,5,2976.03,178.56,2797.47,1865.46,69.0,50.35
96921,Invalid Foreign Key: Order_Item_ID; Invalid Foreign Key: Product_ID,SA00096920,O0096920,OI00096920,2026-03-15,C016921,P00921,E00421,R001,1,290.34,14.52,275.83,181.47,65.0,4.96
96949,Invalid Foreign Key: Order_ID; Invalid Foreign Key: Order_Item_ID; Invalid Foreign Key: Customer_ID,SA00096948,O0096948,OI00096948,2026-04-12,C016949,P00949,E00449,R009,4,2584.07,129.2,2454.86,1620.12,93.0,44.19
96998,Invalid Foreign Key: Order_Item_ID; Invalid Foreign Key: Product_ID,SA00096997,O0096997,OI00096997,2026-05-31,C016998,P00998,E00498,R018,3,3805.33,190.27,3615.06,2388.81,62.0,65.07
97251,Invalid Foreign Key: Order_ID; Invalid Foreign Key: Order_Item_ID; Invalid Foreign Key: Employee_ID,SA00097250,O0097250,OI00097250,2026-02-08,C017251,P00251,E00251,R011,1,671.42,40.29,631.14,421.0,75.0,11.36
97307,Invalid Foreign Key: Order_Item_ID; Invalid Foreign Key: Product_ID,SA00097306,O0097306,OI00097306,2026-04-05,C017307,P00307,E00307,R007,2,225.02,13.5,211.52,139.37,51.0,3.81
97314,Invalid Foreign Key: Order_ID; Invalid Foreign Key: Order_Item_ID; Invalid Foreign Key: Customer_ID,SA00097313,O0097313,OI00097313,2026-04-12,C017314,P00314,E00314,R014,4,805.71,48.34,757.36,502.3,58.0,13.63
97421,Invalid Foreign Key: Order_Item_ID; Invalid Foreign Key: Product_ID,SA00097420,O0097420,OI00097420,2026-07-28,C017421,P00421,E00421,R001,1,290.34,2.9,287.44,181.47,85.0,5.17
97499,Invalid Foreign Key: Order_Item_ID; Invalid Foreign Key: Product_ID,SA00097498,O0097498,OI00097498,2025-10-14,C017499,P00499,E00499,R019,4,5124.58,102.49,5022.09,3217.02,83.0,90.4
97577,Invalid Foreign Key: Order_Item_ID; Invalid Foreign Key: Product_ID,SA00097576,O0097576,OI00097576,2025-12-31,C017577,P00577,E00077,R017,2,2003.38,60.1,1943.28,1257.19,81.0,34.98
97614,Invalid Foreign Key: Order_Item_ID; Invalid Foreign Key: Product_ID,SA00097613,O0097613,OI00097613,2026-02-06,C017614,P00614,E00114,R014,4,805.71,40.29,765.42,502.3,38.0,13.78
97736,Invalid Foreign Key: Order_ID; Invalid Foreign Key: Order_Item_ID,SA00097735,O0097735,OI00097735,2026-06-08,C017736,P00736,E00236,R016,1,480.88,4.81,476.07,301.23,80.0,8.57
97751,Invalid Foreign Key: Order_ID; Invalid Foreign Key: Order_Item_ID; Invalid Foreign Key: Employee_ID,SA00097750,O0097750,OI00097750,2026-06-23,C017751,P00751,E00251,R011,1,671.42,13.43,657.99,421.0,95.0,11.84
97842,Invalid Foreign Key: Order_Item_ID; Invalid Foreign Key: Product_ID,SA00097841,O0097841,OI00097841,2025-09-22,C017842,P00842,E00342,R002,2,1114.2,22.28,1091.91,698.28,26.0,19.65
97921,Invalid Foreign Key: Order_Item_ID; Invalid Foreign Key: Product_ID,SA00097920,O0097920,OI00097920,2025-12-10,C017921,P00921,E00421,R001,1,290.34,11.61,278.73,181.47,25.0,5.02
97946,Invalid Foreign Key: Order_ID; Invalid Foreign Key: Order_Item_ID; Invalid Foreign Key: Customer_ID,SA00097945,O0097945,OI00097945,2026-01-04,C017946,P00946,E00446,R006,1,607.91,6.08,601.83,381.08,50.0,10.83
97998,Invalid Foreign Key: Order_Item_ID; Invalid Foreign Key: Product_ID,SA00097997,O0097997,OI00097997,2026-02-25,C017998,P00998,E00498,R018,3,3805.33,152.21,3653.12,2388.81,102.0,65.76
98015,Invalid Foreign Key: Order_Item_ID,SA00098014,O0098014,OI00098014,2026-03-14,C018015,P00015,E00015,R015,5,1070.65,0.0,1070.65,667.79,39.0,19.27
98101,Invalid Foreign Key: Order_ID; Invalid Foreign Key: Order_Item_ID; Invalid Foreign Key: Customer_ID,SA00098100,O0098100,OI00098100,2026-06-08,C018101,P00101,E00101,R001,1,36.29,0.73,35.57,21.78,45.0,0.64
98251,Invalid Foreign Key: Order_ID; Invalid Foreign Key: Order_Item_ID; Invalid Foreign Key: Employee_ID,SA00098250,O0098250,OI00098250,2025-11-05,C018251,P00251,E00251,R011,1,671.42,33.57,637.85,421.0,35.0,11.48
98307,Invalid Foreign Key: Order_Item_ID; Invalid Foreign Key: Product_ID,SA00098306,O0098306,OI00098306,2025-12-31,C018307,P00307,E00307,R007,2,225.02,11.25,213.77,139.37,91.0,3.85
98421,Invalid Foreign Key: Order_Item_ID; Invalid Foreign Key: Product_ID,SA00098420,O0098420,OI00098420,2026-04-24,C018421,P00421,E00421,R001,1,290.34,0.0,290.34,181.47,45.0,5.23
98499,Invalid Foreign Key: Order_Item_ID; Invalid Foreign Key: Product_ID,SA00098498,O0098498,OI00098498,2026-07-11,C018499,P00499,E00499,R019,4,5124.58,51.25,5073.34,3217.02,43.0,91.32
98577,Invalid Foreign Key: Order_Item_ID; Invalid Foreign Key: Product_ID,SA00098576,O0098576,OI00098576,2025-09-27,C018577,P00577,E00077,R017,2,2003.38,40.07,1963.31,1257.19,41.0,35.34
98614,Invalid Foreign Key: Order_Item_ID; Invalid Foreign Key: Product_ID,SA00098613,O0098613,OI00098613,2025-11-03,C018614,P00614,E00114,R014,4,805.71,32.23,773.48,502.3,78.0,13.92
98751,Invalid Foreign Key: Order_ID; Invalid Foreign Key: Order_Item_ID; Invalid Foreign Key: Employee_ID,SA00098750,O0098750,OI00098750,2026-03-20,C018751,P00751,E00251,R011,1,671.42,6.71,664.71,421.0,55.0,11.96
98842,Invalid Foreign Key: Order_Item_ID; Invalid Foreign Key: Product_ID,SA00098841,O0098841,OI00098841,2026-06-19,C018842,P00842,E00342,R002,2,1114.2,11.14,1103.06,698.28,66.0,19.86
98888,Invalid Foreign Key: Order_ID; Invalid Foreign Key: Order_Item_ID; Invalid Foreign Key: Customer_ID,SA00098887,O0098887,OI00098887,2026-08-04,C018888,P00888,E00388,R008,3,3424.25,171.21,3253.04,2149.28,32.0,58.55
98921,Invalid Foreign Key: Order_Item_ID; Invalid Foreign Key: Product_ID,SA00098920,O0098920,OI00098920,2025-09-06,C018921,P00921,E00421,R001,1,290.34,8.71,281.63,181.47,65.0,5.07
98943,Invalid Foreign Key: Order_ID; Invalid Foreign Key: Order_Item_ID; Invalid Foreign Key: Customer_ID,SA00098942,O0098942,OI00098942,2025-09-28,C018943,P00943,E00443,R003,3,1709.4,68.38,1641.03,1071.37,87.0,29.54
98998,Invalid Foreign Key: Order_Item_ID; Invalid Foreign Key: Product_ID,SA00098997,O0098997,OI00098997,2025-11-22,C018998,P00998,E00498,R018,3,3805.33,114.16,3691.17,2388.81,62.0,66.44
99046,Invalid Foreign Key: Order_ID; Invalid Foreign Key: Order_Item_ID,SA00099045,O0099045,OI00099045,2026-01-09,C019046,P00046,E00046,R006,1,607.91,12.16,595.75,381.08,30.0,10.72
99251,Invalid Foreign Key: Order_ID; Invalid Foreign Key: Order_Item_ID; Invalid Foreign Key: Employee_ID,SA00099250,O0099250,OI00099250,2026-08-02,C019251,P00251,E00251,R011,1,671.42,26.86,644.57,421.0,75.0,11.6
99294,Invalid Foreign Key: Order_Item_ID,SA00099293,O0099293,OI00099293,2025-09-14,C019294,P00294,E00294,R014,4,4870.53,243.53,4627.01,3057.33,38.0,83.29
99307,Invalid Foreign Key: Order_Item_ID; Invalid Foreign Key: Product_ID,SA00099306,O0099306,OI00099306,2025-09-27,C019307,P00307,E00307,R007,2,225.02,9.0,216.02,139.37,51.0,3.89
99421,Invalid Foreign Key: Order_Item_ID; Invalid Foreign Key: Product_ID,SA00099420,O0099420,OI00099420,2026-01-19,C019421,P00421,E00421,R001,1,290.34,17.42,272.92,181.47,85.0,4.91
99499,Invalid Foreign Key: Order_Item_ID; Invalid Foreign Key: Product_ID,SA00099498,O0099498,OI00099498,2026-04-07,C019499,P00499,E00499,R019,4,5124.58,0.0,5124.58,3217.02,83.0,92.24
99513,Invalid Foreign Key: Order_ID; Invalid Foreign Key: Order_Item_ID,SA00099512,O0099512,OI00099512,2026-04-21,C019513,P00513,E00013,R013,3,566.17,0.0,566.17,352.77,97.0,10.19
99577,Invalid Foreign Key: Order_Item_ID; Invalid Foreign Key: Product_ID,SA00099576,O0099576,OI00099576,2026-06-24,C019577,P00577,E00077,R017,2,2003.38,20.03,1983.34,1257.19,81.0,35.7
99614,Invalid Foreign Key: Order_Item_ID; Invalid Foreign Key: Product_ID,SA00099613,O0099613,OI00099613,2026-07-31,C019614,P00614,E00114,R014,4,805.71,24.17,781.54,502.3,38.0,14.07
99675,Invalid Foreign Key: Order_ID; Invalid Foreign Key: Order_Item_ID; Invalid Foreign Key: Customer_ID,SA00099674,O0099674,OI00099674,2025-09-30,C019675,P00675,E00175,R015,5,4881.42,48.81,4832.61,3063.14,99.0,86.99
99751,Invalid Foreign Key: Order_ID; Invalid Foreign Key: Order_Item_ID; Invalid Foreign Key: Employee_ID,SA00099750,O0099750,OI00099750,2025-12-15,C019751,P00751,E00251,R011,1,671.42,0.0,671.42,421.0,95.0,12.09
99842,Invalid Foreign Key: Order_Item_ID; Invalid Foreign Key: Product_ID,SA00099841,O0099841,OI00099841,2026-03-16,C019842,P00842,E00342,R002,2,1114.2,0.0,1114.2,698.28,26.0,20.06
99921,Invalid Foreign Key: Order_Item_ID; Invalid Foreign Key: Product_ID,SA00099920,O0099920,OI00099920,2026-06-03,C019921,P00921,E00421,R001,1,290.34,5.81,284.54,181.47,25.0,5.12
99931,Invalid Foreign Key: Order_ID; Invalid Foreign Key: Order_Item_ID,SA00099930,O0099930,OI00099930,2026-06-13,C019931,P00931,E00431,R011,1,417.37,20.87,396.5,261.31,35.0,7.14
99940,Invalid Foreign Key: Order_ID; Invalid Foreign Key: Order_Item_ID; Invalid Foreign Key: Customer_ID,SA00099939,O0099939,OI00099939,2026-06-22,C019940,P00940,E00440,R020,5,2658.47,0.0,2658.47,1665.85,44.0,47.85
99998,Invalid Foreign Key: Order_Item_ID; Invalid Foreign Key: Product_ID,SA00099997,O0099997,OI00099997,2026-08-19,C019998,P00998,E00498,R018,3,3805.33,76.11,3729.22,2388.81,102.0,67.13
100026,Negative Value: Quantity; Negative Value: Gross_Sales; Negative Value: Net_Sales; Invalid Foreign Key: Order_Item_ID,SA00100025,O0000025,OI00100025,2025-09-16,C000026,P00026,E00026,R006,-2,-707.72,-14.15,-693.56,442.78,50.0,0.0
100061,Invalid Foreign Key: Order_Item_ID,SA00100060,O0000060,OI00100060,2025-10-21,C000061,P00061,E00061,R001,1,798.45,15.97,782.48,500.84,85.0,14.08
100251,Invalid Foreign Key: Order_ID; Invalid Foreign Key: Order_Item_ID; Invalid Foreign Key: Employee_ID,SA00100250,O0000250,OI00100250,2026-04-29,C000251,P00251,E00251,R011,1,671.42,20.14,651.28,421.0,35.0,11.72
100307,Invalid Foreign Key: Order_Item_ID; Invalid Foreign Key: Product_ID,SA00100306,O0000306,OI00100306,2026-06-24,C000307,P00307,E00307,R007,2,225.02,6.75,218.27,139.37,91.0,3.93
100421,Invalid Foreign Key: Order_Item_ID; Invalid Foreign Key: Product_ID,SA00100420,O0000420,OI00100420,2025-10-16,C000421,P00421,E00421,R001,1,290.34,14.52,275.83,181.47,45.0,4.96
100499,Invalid Foreign Key: Order_Item_ID; Invalid Foreign Key: Product_ID,SA00100498,O0000498,OI00100498,2026-01-02,C000499,P00499,E00499,R019,4,5124.58,307.48,4817.11,3217.02,43.0,86.71
100577,Invalid Foreign Key: Order_Item_ID; Invalid Foreign Key: Product_ID,SA00100576,O0000576,OI00100576,2026-03-21,C000577,P00577,E00077,R017,2,2003.38,0.0,2003.38,1257.19,41.0,36.06
100614,Invalid Foreign Key: Order_Item_ID; Invalid Foreign Key: Product_ID,SA00100613,O0000613,OI00100613,2026-04-27,C000614,P00614,E00114,R014,4,805.71,16.11,789.59,502.3,78.0,14.21
100751,Invalid Foreign Key: Order_ID; Invalid Foreign Key: Order_Item_ID; Invalid Foreign Key: Employee_ID,SA00100750,O0000750,OI00100750,2025-09-11,C000751,P00751,E00251,R011,1,671.42,40.29,631.14,421.0,55.0,11.36
100787,Invalid Foreign Key: Order_ID; Invalid Foreign Key: Order_Item_ID; Invalid Foreign Key: Customer_ID,SA00100786,O0000786,OI00100786,2025-10-17,C000787,P00787,E00287,R007,2,2257.43,0.0,2257.43,1416.88,91.0,40.63
100842,Invalid Foreign Key: Order_Item_ID; Invalid Foreign Key: Product_ID,SA00100841,O0000841,OI00100841,2025-12-11,C000842,P00842,E00342,R002,2,1114.2,66.85,1047.35,698.28,66.0,18.85
100921,Invalid Foreign Key: Order_Item_ID; Invalid Foreign Key: Product_ID,SA00100920,O0000920,OI00100920,2026-02-28,C000921,P00921,E00421,R001,1,290.34,2.9,287.44,181.47,65.0,5.17
100997,Invalid Foreign Key: Order_ID; Invalid Foreign Key: Order_Item_ID; Invalid Foreign Key: Customer_ID,SA00100996,O0000996,OI00100996,2026-05-15,C000997,P00997,E00497,R017,2,2511.48,0.0,2511.48,1576.57,61.0,45.21
100998,Invalid Foreign Key: Order_Item_ID; Invalid Foreign Key: Product_ID,SA00100997,O0000997,OI00100997,2026-05-16,C000998,P00998,E00498,R018,3,3805.33,38.05,3767.28,2388.81,62.0,67.81
101251,Invalid Foreign Key: Order_ID; Invalid Foreign Key: Order_Item_ID; Invalid Foreign Key: Employee_ID,SA00101250,O0001250,OI00101250,2026-01-24,C001251,P00251,E00251,R011,1,671.42,13.43,657.99,421.0,75.0,11.84
101307,Invalid Foreign Key: Order_Item_ID; Invalid Foreign Key: Product_ID,SA00101306,O0001306,OI00101306,2026-03-21,C001307,P00307,E00307,R007,2,225.02,4.5,220.52,139.37,51.0,3.97
101421,Invalid Foreign Key: Order_Item_ID; Invalid Foreign Key: Product_ID,SA00101420,O0001420,OI00101420,2026-07-13,C001421,P00421,E00421,R001,1,290.34,11.61,278.73,181.47,85.0,5.02
101499,Invalid Foreign Key: Order_Item_ID; Invalid Foreign Key: Product_ID,SA00101498,O0001498,OI00101498,2025-09-29,C001499,P00499,E00499,R019,4,5124.58,256.23,4868.36,3217.02,83.0,87.63
101574,Invalid Foreign Key: Order_ID; Invalid Foreign Key: Order_Item_ID; Invalid Foreign Key: Customer_ID,SA00101573,O0001573,OI00101573,2025-12-13,C001574,P00574,E00074,R014,4,3854.33,115.63,3738.7,2418.57,78.0,67.3
101577,Invalid Foreign Key: Order_Item_ID; Invalid Foreign Key: Product_ID,SA00101576,O0001576,OI00101576,2025-12-16,C001577,P00577,E00077,R017,2,2003.38,120.2,1883.18,1257.19,81.0,33.9
101614,Invalid Foreign Key: Order_Item_ID; Invalid Foreign Key: Product_ID,SA00101613,O0001613,OI00101613,2026-01-22,C001614,P00614,E00114,R014,4,805.71,8.06,797.65,502.3,38.0,14.36
101751,Invalid Foreign Key: Order_ID; Invalid Foreign Key: Order_Item_ID; Invalid Foreign Key: Employee_ID,SA00101750,O0001750,OI00101750,2026-06-08,C001751,P00751,E00251,R011,1,671.42,33.57,637.85,421.0,95.0,11.48
101778,Invalid Foreign Key: Order_ID; Invalid Foreign Key: Order_Item_ID,SA00101777,O0001777,OI00101777,2026-07-05,C001778,P00778,E00278,R018,3,3043.18,121.73,2921.45,1909.74,42.0,52.59
101842,Invalid Foreign Key: Order_Item_ID; Invalid Foreign Key: Product_ID,SA00101841,O0001841,OI00101841,2025-09-07,C001842,P00842,E00342,R002,2,1114.2,55.71,1058.49,698.28,26.0,19.05
101921,Invalid Foreign Key: Order_Item_ID; Invalid Foreign Key: Product_ID,SA00101920,O0001920,OI00101920,2025-11-25,C001921,P00921,E00421,R001,1,290.34,0.0,290.34,181.47,25.0,5.23
101994,Invalid Foreign Key: Order_ID; Invalid Foreign Key: Order_Item_ID; Invalid Foreign Key: Customer_ID,SA00101993,O0001993,OI00101993,2026-02-06,C001994,P00994,E00494,R014,4,4870.53,146.12,4724.42,3057.33,98.0,85.04
101998,Invalid Foreign Key: Order_Item_ID; Invalid Foreign Key: Product_ID,SA00101997,O0001997,OI00101997,2026-02-10,C001998,P00998,E00498,R018,3,3805.33,0.0,3805.33,2388.81,102.0,68.5
102202,Invalid Foreign Key: Order_ID; Invalid Foreign Key: Order_Item_ID,SA00102201,O0002201,OI00102201,2025-09-02,C002202,P00202,E00202,R002,2,97.99,0.98,97.01,59.52,66.0,1.75
102251,Invalid Foreign Key: Order_ID; Invalid Foreign Key: Order_Item_ID; Invalid Foreign Key: Employee_ID,SA00102250,O0002250,OI00102250,2025-10-21,C002251,P00251,E00251,R011,1,671.42,6.71,664.71,421.0,35.0,11.96
102307,Invalid Foreign Key: Order_Item_ID; Invalid Foreign Key: Product_ID,SA00102306,O0002306,OI00102306,2025-12-16,C002307,P00307,E00307,R007,2,225.02,2.25,222.77,139.37,91.0,4.01
102361,Invalid Foreign Key: Order_ID; Invalid Foreign Key: Order_Item_ID; Invalid Foreign Key: Customer_ID,SA00102360,O0002360,OI00102360,2026-02-08,C002361,P00361,E00361,R001,1,798.45,47.91,750.54,500.84,65.0,13.51
102421,Invalid Foreign Key: Order_Item_ID; Invalid Foreign Key: Product_ID,SA00102420,O0002420,OI00102420,2026-04-09,C002421,P00421,E00421,R001,1,290.34,8.71,281.63,181.47,45.0,5.07
102497,Invalid Foreign Key: Order_Item_ID,SA00102496,O0002496,OI00102496,2026-06-24,C002497,P00497,E00497,R017,2,2511.48,50.23,2461.25,1576.57,41.0,44.3
102499,Invalid Foreign Key: Order_Item_ID; Invalid Foreign Key: Product_ID,SA00102498,O0002498,OI00102498,2026-06-26,C002499,P00499,E00499,R019,4,5124.58,204.98,4919.6,3217.02,43.0,88.55
102577,Invalid Foreign Key: Order_Item_ID; Invalid Foreign Key: Product_ID,SA00102576,O0002576,OI00102576,2025-09-12,C002577,P00577,E00077,R017,2,2003.38,100.17,1903.21,1257.19,41.0,34.26
102614,Invalid Foreign Key: Order_Item_ID; Invalid Foreign Key: Product_ID,SA00102613,O0002613,OI00102613,2025-10-19,C002614,P00614,E00114,R014,4,805.71,0.0,805.71,954.36,78.0,14.5
102751,Invalid Foreign Key: Order_ID; Invalid Foreign Key: Order_Item_ID; Invalid Foreign Key: Employee_ID,SA00102750,O0002750,OI00102750,2026-03-05,C002751,P00751,E00251,R011,1,671.42,26.86,644.57,799.9,55.0,11.6
102842,Invalid Foreign Key: Order_Item_ID; Invalid Foreign Key: Product_ID,SA00102841,O0002841,OI00102841,2026-06-04,C002842,P00842,E00342,R002,2,1114.2,44.57,1069.63,698.28,66.0,19.25
102921,Invalid Foreign Key: Order_Item_ID; Invalid Foreign Key: Product_ID,SA00102920,O0002920,OI00102920,2026-08-22,C002921,P00921,E00421,R001,1,290.34,17.42,272.92,181.47,65.0,4.91
102991,Invalid Foreign Key: Order_ID; Invalid Foreign Key: Order_Item_ID; Invalid Foreign Key: Customer_ID,SA00102990,O0002990,OI00102990,2025-10-31,C002991,P00991,E00491,R011,1,1179.53,70.77,1108.75,740.38,55.0,19.96
102998,Invalid Foreign Key: Order_Item_ID; Invalid Foreign Key: Product_ID,SA00102997,O0002997,OI00102997,2025-11-07,C002998,P00998,E00498,R018,3,3805.33,228.32,3577.01,2388.81,62.0,64.39
103148,Invalid Foreign Key: Order_ID; Invalid Foreign Key: Order_Item_ID; Invalid Foreign Key: Customer_ID,SA00103147,O0003147,OI00103147,2026-04-06,C003148,P00148,E00148,R008,3,1899.94,38.0,1861.94,1191.14,52.0,33.51
103251,Invalid Foreign Key: Order_ID; Invalid Foreign Key: Order_Item_ID; Invalid Foreign Key: Employee_ID,SA00103250,O0003250,OI00103250,2026-07-18,C003251,P00251,E00251,R011,1,671.42,0.0,671.42,421.0,75.0,12.09
103307,Invalid Foreign Key: Order_Item_ID; Invalid Foreign Key: Product_ID,SA00103306,O0003306,OI00103306,2025-09-12,C003307,P00307,E00307,R007,2,225.02,0.0,225.02,139.37,51.0,4.05
103332,Invalid Foreign Key: Order_ID; Invalid Foreign Key: Order_Item_ID,SA00103331,O0003331,OI00103331,2025-10-07,C003332,P00332,E00332,R012,2,860.15,34.41,825.74,538.59,76.0,14.86
103421,Invalid Foreign Key: Order_Item_ID; Invalid Foreign Key: Product_ID,SA00103420,O0003420,OI00103420,2026-01-04,C003421,P00421,E00421,R001,1,290.34,5.81,284.54,181.47,85.0,5.12
103499,Invalid Foreign Key: Order_Item_ID; Invalid Foreign Key: Product_ID,SA00103498,O0003498,OI00103498,2026-03-23,C003499,P00499,E00499,R019,4,5124.58,153.74,4970.85,3217.02,83.0,89.48
103555,Invalid Foreign Key: Order_ID; Invalid Foreign Key: Order_Item_ID,SA00103554,O0003554,OI00103554,2026-05-18,C003555,P00555,E00055,R015,5,3611.16,108.33,3502.83,2264.69,59.0,63.05
103577,Invalid Foreign Key: Order_Item_ID; Invalid Foreign Key: Product_ID,SA00103576,O0003576,OI00103576,2026-06-09,C003577,P00577,E00077,R017,2,2003.38,80.14,1923.24,1257.19,81.0,34.62
103614,Invalid Foreign Key: Order_Item_ID; Invalid Foreign Key: Product_ID,SA00103613,O0003613,OI00103613,2026-07-16,C003614,P00614,E00114,R014,4,805.71,48.34,757.36,502.3,38.0,13.63
103751,Invalid Foreign Key: Order_ID; Invalid Foreign Key: Order_Item_ID; Invalid Foreign Key: Employee_ID,SA00103750,O0003750,OI00103750,2025-11-30,C003751,P00751,E00251,R011,1,671.42,20.14,651.28,421.0,95.0,11.72
103842,Invalid Foreign Key: Order_Item_ID; Invalid Foreign Key: Product_ID,SA00103841,O0003841,OI00103841,2026-03-01,C003842,P00842,E00342,R002,2,1114.2,33.43,1080.77,698.28,26.0,19.45
103921,Invalid Foreign Key: Order_Item_ID; Invalid Foreign Key: Product_ID,SA00103920,O0003920,OI00103920,2026-05-19,C003921,P00921,E00421,R001,1,290.34,14.52,275.83,181.47,25.0,4.96
103935,Invalid Foreign Key: Order_ID; Invalid Foreign Key: Order_Item_ID; Invalid Foreign Key: Customer_ID,SA00103934,O0003934,OI00103934,2026-06-02,C003935,P00935,E00435,R015,5,2340.9,117.05,2223.86,1466.24,39.0,40.03
103988,Invalid Foreign Key: Order_ID; Invalid Foreign Key: Order_Item_ID; Invalid Foreign Key: Customer_ID,SA00103987,O0003987,OI00103987,2026-07-25,C003988,P00988,E00488,R008,3,3424.25,68.49,3355.77,2149.28,92.0,60.4
103998,Invalid Foreign Key: Order_Item_ID; Invalid Foreign Key: Product_ID,SA00103997,O0003997,OI00103997,2026-08-04,C003998,P00998,E00498,R018,3,3805.33,190.27,3615.06,2388.81,102.0,65.07
104027,Negative Value: Quantity; Negative Value: Gross_Sales; Negative Value: Net_Sales; Invalid Foreign Key: Order_Item_ID,SA00104026,O0004026,OI00104026,2025-09-02,C004027,P00027,E00027,R007,-2,-733.12,-43.99,-689.13,458.74,51.0,0.0
104251,Invalid Foreign Key: Order_ID; Invalid Foreign Key: Order_Item_ID; Invalid Foreign Key: Employee_ID,SA00104250,O0004250,OI00104250,2026-04-14,C004251,P00251,E00251,R011,1,671.42,40.29,631.14,421.0,35.0,11.36
104307,Invalid Foreign Key: Order_Item_ID; Invalid Foreign Key: Product_ID,SA00104306,O0004306,OI00104306,2026-06-09,C004307,P00307,E00307,R007,2,225.02,13.5,211.52,139.37,91.0,3.81
104403,Invalid Foreign Key: Order_ID; Invalid Foreign Key: Order_Item_ID,SA00104402,O0004402,OI00104402,2025-09-13,C004403,P00403,E00403,R003,3,185.09,7.4,177.69,113.23,27.0,3.2
104421,Invalid Foreign Key: Order_Item_ID; Invalid Foreign Key: Product_ID,SA00104420,O0004420,OI00104420,2025-10-01,C004421,P00421,E00421,R001,1,290.34,2.9,287.44,181.47,45.0,5.17
104499,Invalid Foreign Key: Order_Item_ID; Invalid Foreign Key: Product_ID,SA00104498,O0004498,OI00104498,2025-12-18,C004499,P00499,E00499,R019,4,5124.58,102.49,5022.09,3217.02,43.0,90.4
104577,Invalid Foreign Key: Order_Item_ID; Invalid Foreign Key: Product_ID,SA00104576,O0004576,OI00104576,2026-03-06,C004577,P00577,E00077,R017,2,2003.38,60.1,1943.28,1257.19,41.0,34.98
104614,Invalid Foreign Key: Order_Item_ID; Invalid Foreign Key: Product_ID,SA00104613,O0004613,OI00104613,2026-04-12,C004614,P00614,E00114,R014,4,805.71,40.29,765.42,502.3,78.0,13.78
104722,Invalid Foreign Key: Order_ID; Invalid Foreign Key: Order_Item_ID; Invalid Foreign Key: Customer_ID,SA00104721,O0004721,OI00104721,2026-07-29,C004722,P00722,E00222,R002,2,606.09,6.06,600.03,378.9,26.0,10.8
104751,Invalid Foreign Key: Order_ID; Invalid Foreign Key: Order_Item_ID; Invalid Foreign Key: Employee_ID,SA00104750,O0004750,OI00104750,2026-08-27,C004751,P00751,E00251,R011,1,671.42,13.43,657.99,421.0,55.0,11.84
104842,Invalid Foreign Key: Order_Item_ID; Invalid Foreign Key: Product_ID,SA00104841,O0004841,OI00104841,2025-11-26,C004842,P00842,E00342,R002,2,1114.2,22.28,1091.91,698.28,66.0,19.65
104921,Invalid Foreign Key: Order_Item_ID; Invalid Foreign Key: Product_ID,SA00104920,O0004920,OI00104920,2026-02-13,C004921,P00921,E00421,R001,1,290.34,11.61,278.73,181.47,65.0,5.02
104985,Invalid Foreign Key: Order_ID; Invalid Foreign Key: Order_Item_ID; Invalid Foreign Key: Customer_ID,SA00104984,O0004984,OI00104984,2026-04-18,C004985,P00985,E00485,R005,5,5516.55,275.83,5240.72,3462.36,49.0,94.33
104998,Invalid Foreign Key: Order_Item_ID; Invalid Foreign Key: Product_ID,SA00104997,O0004997,OI00104997,2026-05-01,C004998,P00998,E00498,R018,3,3805.33,152.21,3653.12,2388.81,62.0,65.76
105016,Invalid Foreign Key: Order_Item_ID,SA00105015,O0005015,OI00105015,2026-05-19,C005016,P00016,E00016,R016,1,226.83,2.27,224.56,141.54,80.0,4.04
105064,Invalid Foreign Key: Order_Item_ID,SA00105063,O0005063,OI00105063,2026-07-06,C005064,P00064,E00064,R004,4,3346.22,0.0,3346.22,2099.19,48.0,60.23
105251,Invalid Foreign Key: Order_ID; Invalid Foreign Key: Order_Item_ID; Invalid Foreign Key: Employee_ID,SA00105250,O0005250,OI00105250,2026-01-09,C005251,P00251,E00251,R011,1,671.42,33.57,637.85,421.0,75.0,11.48
105307,Invalid Foreign Key: Order_Item_ID; Invalid Foreign Key: Product_ID,SA00105306,O0005306,OI00105306,2026-03-06,C005307,P00307,E00307,R007,2,225.02,11.25,213.77,139.37,51.0,3.85
105332,Invalid Foreign Key: Order_ID; Invalid Foreign Key: Order_Item_ID,SA00105331,O0005331,OI00105331,2026-03-31,C005332,P00332,E00332,R012,2,860.15,17.2,842.94,538.59,76.0,15.17
105421,Invalid Foreign Key: Order_Item_ID; Invalid Foreign Key: Product_ID,SA00105420,O0005420,OI00105420,2026-06-28,C005421,P00421,E00421,R001,1,290.34,0.0,290.34,181.47,85.0,5.23
105499,Invalid Foreign Key: Order_Item_ID; Invalid Foreign Key: Product_ID,SA00105498,O0005498,OI00105498,2025-09-14,C005499,P00499,E00499,R019,4,5124.58,51.25,5073.34,3217.02,83.0,91.32
105509,Invalid Foreign Key: Order_ID; Invalid Foreign Key: Order_Item_ID; Invalid Foreign Key: Customer_ID,SA00105508,O0005508,OI00105508,2025-09-24,C005509,P00509,E00009,R009,4,551.65,22.07,529.59,342.61,93.0,9.53
105577,Invalid Foreign Key: Order_Item_ID; Invalid Foreign Key: Product_ID,SA00105576,O0005576,OI00105576,2025-12-01,C005577,P00577,E00077,R017,2,2003.38,40.07,1963.31,1257.19,81.0,35.34
105614,Invalid Foreign Key: Order_Item_ID; Invalid Foreign Key: Product_ID,SA00105613,O0005613,OI00105613,2026-01-07,C005614,P00614,E00114,R014,4,805.71,32.23,773.48,502.3,38.0,13.92
105700,Invalid Foreign Key: Order_Item_ID,SA00105699,O0005699,OI00105699,2026-04-03,C005700,P00700,E00200,R020,5,6469.24,388.15,6081.09,4061.2,44.0,109.46
105751,Invalid Foreign Key: Order_ID; Invalid Foreign Key: Order_Item_ID; Invalid Foreign Key: Employee_ID,SA00105750,O0005750,OI00105750,2026-05-24,C005751,P00751,E00251,R011,1,671.42,6.71,664.71,421.0,95.0,11.96
105842,Invalid Foreign Key: Order_Item_ID; Invalid Foreign Key: Product_ID,SA00105841,O0005841,OI00105841,2026-08-23,C005842,P00842,E00342,R002,2,1114.2,11.14,1103.06,698.28,26.0,19.86
105921,Invalid Foreign Key: Order_Item_ID; Invalid Foreign Key: Product_ID,SA00105920,O0005920,OI00105920,2025-11-10,C005921,P00921,E00421,R001,1,290.34,8.71,281.63,181.47,25.0,5.07
105982,Invalid Foreign Key: Order_ID; Invalid Foreign Key: Order_Item_ID; Invalid Foreign Key: Customer_ID,SA00105981,O0005981,OI00105981,2026-01-10,C005982,P00982,E00482,R002,2,2130.4,21.3,2109.1,1337.04,86.0,37.96
105998,Invalid Foreign Key: Order_Item_ID; Invalid Foreign Key: Product_ID,SA00105997,O0005997,OI00105997,2026-01-26,C005998,P00998,E00498,R018,3,3805.33,114.16,3691.17,2388.81,102.0,66.44
106251,Invalid Foreign Key: Order_ID; Invalid Foreign Key: Order_Item_ID; Invalid Foreign Key: Employee_ID,SA00106250,O0006250,OI00106250,2025-10-06,C006251,P00251,E00251,R011,1,671.42,26.86,644.57,421.0,35.0,11.6
106296,Invalid Foreign Key: Order_ID; Invalid Foreign Key: Order_Item_ID; Invalid Foreign Key: Customer_ID,SA00106295,O0006295,OI00106295,2025-11-20,C006296,P00296,E00296,R016,1,1243.04,0.0,1243.04,780.3,80.0,22.37
106307,Invalid Foreign Key: Order_Item_ID; Invalid Foreign Key: Product_ID,SA00106306,O0006306,OI00106306,2025-12-01,C006307,P00307,E00307,R007,2,225.02,9.0,216.02,139.37,91.0,3.89
106421,Invalid Foreign Key: Order_Item_ID; Invalid Foreign Key: Product_ID,SA00106420,O0006420,OI00106420,2026-03-25,C006421,P00421,E00421,R001,1,290.34,17.42,272.92,181.47,45.0,4.91
106499,Invalid Foreign Key: Order_Item_ID; Invalid Foreign Key: Product_ID,SA00106498,O0006498,OI00106498,2026-06-11,C006499,P00499,E00499,R019,4,5124.58,0.0,5124.58,3217.02,43.0,92.24
106577,Invalid Foreign Key: Order_Item_ID; Invalid Foreign Key: Product_ID,SA00106576,O0006576,OI00106576,2026-08-28,C006577,P00577,E00077,R017,2,2003.38,20.03,1983.34,1257.19,41.0,35.7
106604,Invalid Foreign Key: Order_ID; Invalid Foreign Key: Order_Item_ID,SA00106603,O0006603,OI00106603,2025-09-24,C006604,P00604,E00104,R004,4,297.6,0.0,297.6,182.92,68.0,5.36
106614,Invalid Foreign Key: Order_Item_ID; Invalid Foreign Key: Product_ID,SA00106613,O0006613,OI00106613,2025-10-04,C006614,P00614,E00114,R014,4,805.71,24.17,781.54,502.3,78.0,14.07
106663,Invalid Foreign Key: Order_ID; Invalid Foreign Key: Order_Item_ID,SA00106662,O0006662,OI00106662,2025-11-22,C006663,P00663,E00163,R003,3,2471.56,74.15,2397.41,1550.44,47.0,43.15
106751,Invalid Foreign Key: Order_ID; Invalid Foreign Key: Order_Item_ID; Invalid Foreign Key: Employee_ID,SA00106750,O0006750,OI00106750,2026-02-18,C006751,P00751,E00251,R011,1,671.42,0.0,671.42,421.0,55.0,12.09
106842,Invalid Foreign Key: Order_Item_ID; Invalid Foreign Key: Product_ID,SA00106841,O0006841,OI00106841,2026-05-20,C006842,P00842,E00342,R002,2,1114.2,0.0,1114.2,698.28,66.0,20.06
106921,Invalid Foreign Key: Order_Item_ID; Invalid Foreign Key: Product_ID,SA00106920,O0006920,OI00106920,2026-08-07,C006921,P00921,E00421,R001,1,290.34,5.81,284.54,181.47,65.0,5.12
106979,Invalid Foreign Key: Order_ID; Invalid Foreign Key: Order_Item_ID; Invalid Foreign Key: Customer_ID,SA00106978,O0006978,OI00106978,2025-10-04,C006979,P00979,E00479,R019,4,4108.38,164.34,3944.04,2578.26,43.0,70.99
106998,Invalid Foreign Key: Order_Item_ID; Invalid Foreign Key: Product_ID,SA00106997,O0006997,OI00106997,2025-10-23,C006998,P00998,E00498,R018,3,3805.33,76.11,3729.22,4538.74,62.0,67.13
107083,Invalid Foreign Key: Order_ID; Invalid Foreign Key: Order_Item_ID; Invalid Foreign Key: Customer_ID,SA00107082,O0007082,OI00107082,2026-01-16,C007083,P00083,E00083,R003,3,3233.71,97.01,3136.7,2029.51,67.0,56.46
107109,Invalid Foreign Key: Order_ID; Invalid Foreign Key: Order_Item_ID,SA00107108,O0007108,OI00107108,2026-02-11,C007109,P00109,E00109,R009,4,551.65,5.52,546.14,342.61,93.0,9.83
107251,Invalid Foreign Key: Order_ID; Invalid Foreign Key: Order_Item_ID; Invalid Foreign Key: Employee_ID,SA00107250,O0007250,OI00107250,2026-07-03,C007251,P00251,E00251,R011,1,671.42,20.14,651.28,421.0,75.0,11.72
107307,Invalid Foreign Key: Order_Item_ID; Invalid Foreign Key: Product_ID,SA00107306,O0007306,OI00107306,2026-08-28,C007307,P00307,E00307,R007,2,225.02,6.75,218.27,139.37,51.0,3.93
107421,Invalid Foreign Key: Order_Item_ID; Invalid Foreign Key: Product_ID,SA00107420,O0007420,OI00107420,2025-12-20,C007421,P00421,E00421,R001,1,290.34,14.52,275.83,181.47,85.0,4.96
107499,Invalid Foreign Key: Order_Item_ID; Invalid Foreign Key: Product_ID,SA00107498,O0007498,OI00107498,2026-03-08,C007499,P00499,E00499,R019,4,5124.58,307.48,4817.11,3217.02,83.0,86.71
107577,Invalid Foreign Key: Order_Item_ID; Invalid Foreign Key: Product_ID,SA00107576,O0007576,OI00107576,2026-05-25,C007577,P00577,E00077,R017,2,2003.38,0.0,2003.38,1257.19,81.0,36.06
107614,Invalid Foreign Key: Order_Item_ID; Invalid Foreign Key: Product_ID,SA00107613,O0007613,OI00107613,2026-07-01,C007614,P00614,E00114,R014,4,805.71,16.11,789.59,502.3,38.0,14.21
107751,Invalid Foreign Key: Order_ID; Invalid Foreign Key: Order_Item_ID; Invalid Foreign Key: Employee_ID,SA00107750,O0007750,OI00107750,2025-11-15,C007751,P00751,E00251,R011,1,671.42,40.29,631.14,421.0,95.0,11.36
107842,Invalid Foreign Key: Order_Item_ID; Invalid Foreign Key: Product_ID,SA00107841,O0007841,OI00107841,2026-02-14,C007842,P00842,E00342,R002,2,1114.2,66.85,1047.35,698.28,26.0,18.85
107870,Invalid Foreign Key: Order_ID; Invalid Foreign Key: Order_Item_ID; Invalid Foreign Key: Customer_ID,SA00107869,O0007869,OI00107869,2026-03-14,C007870,P00870,E00370,R010,5,4563.86,273.83,4290.02,2863.52,54.0,77.22
107921,Invalid Foreign Key: Order_Item_ID; Invalid Foreign Key: Product_ID,SA00107920,O0007920,OI00107920,2026-05-04,C007921,P00921,E00421,R001,1,290.34,2.9,287.44,181.47,25.0,5.17
107976,Invalid Foreign Key: Order_ID; Invalid Foreign Key: Order_Item_ID; Invalid Foreign Key: Customer_ID,SA00107975,O0007975,OI00107975,2026-06-28,C007976,P00976,E00476,R016,1,988.99,0.0,988.99,620.61,80.0,17.8
107998,Invalid Foreign Key: Order_Item_ID; Invalid Foreign Key: Product_ID,SA00107997,O0007997,OI00107997,2026-07-20,C007998,P00998,E00498,R018,3,3805.33,38.05,3767.28,2388.81,102.0,67.81
108028,Negative Value: Quantity; Negative Value: Gross_Sales; Negative Value: Net_Sales; Invalid Foreign Key: Order_Item_ID,SA00108027,O0008027,OI00108027,2026-08-19,C008028,P00028,E00028,R008,-2,-758.53,-22.76,-735.77,474.71,52.0,0.0
108251,Invalid Foreign Key: Order_ID; Invalid Foreign Key: Order_Item_ID; Invalid Foreign Key: Employee_ID,SA00108250,O0008250,OI00108250,2026-03-30,C008251,P00251,E00251,R011,1,671.42,13.43,657.99,421.0,35.0,11.84
108307,Invalid Foreign Key: Order_Item_ID; Invalid Foreign Key: Product_ID,SA00108306,O0008306,OI00108306,2026-05-25,C008307,P00307,E00307,R007,2,225.02,4.5,220.52,139.37,91.0,3.97
108421,Invalid Foreign Key: Order_Item_ID; Invalid Foreign Key: Product_ID,SA00108420,O0008420,OI00108420,2025-09-16,C008421,P00421,E00421,R001,1,290.34,11.61,278.73,181.47,45.0,5.02
108499,Invalid Foreign Key: Order_Item_ID; Invalid Foreign Key: Product_ID,SA00108498,O0008498,OI00108498,2025-12-03,C008499,P00499,E00499,R019,4,5124.58,256.23,4868.36,3217.02,43.0,87.63
108577,Invalid Foreign Key: Order_Item_ID; Invalid Foreign Key: Product_ID,SA00108576,O0008576,OI00108576,2026-02-19,C008577,P00577,E00077,R017,2,2003.38,120.2,1883.18,1257.19,41.0,33.9
108614,Invalid Foreign Key: Order_Item_ID; Invalid Foreign Key: Product_ID,SA00108613,O0008613,OI00108613,2026-03-28,C008614,P00614,E00114,R014,4,805.71,8.06,797.65,502.3,78.0,14.36
108657,Invalid Foreign Key: Order_ID; Invalid Foreign Key: Order_Item_ID; Invalid Foreign Key: Customer_ID,SA00108656,O0008656,OI00108656,2026-05-10,C008657,P00657,E00157,R017,2,1495.28,29.91,1465.37,937.81,41.0,26.38
108751,Invalid Foreign Key: Order_ID; Invalid Foreign Key: Order_Item_ID; Invalid Foreign Key: Employee_ID,SA00108750,O0008750,OI00108750,2026-08-12,C008751,P00751,E00251,R011,1,671.42,33.57,637.85,421.0,55.0,11.48
108805,Invalid Foreign Key: Order_ID; Invalid Foreign Key: Order_Item_ID,SA00108804,O0008804,OI00108804,2025-10-05,C008805,P00805,E00305,R005,5,435.52,13.07,422.45,268.57,29.0,7.6
108842,Invalid Foreign Key: Order_Item_ID; Invalid Foreign Key: Product_ID,SA00108841,O0008841,OI00108841,2025-11-11,C008842,P00842,E00342,R002,2,1114.2,55.71,1058.49,698.28,66.0,19.05
108886,Invalid Foreign Key: Order_ID; Invalid Foreign Key: Order_Item_ID,SA00108885,O0008885,OI00108885,2025-12-25,C008886,P00886,E00386,R006,1,1116.01,0.0,1116.01,700.46,30.0,20.09
108903,Invalid Foreign Key: Order_Item_ID,SA00108902,O0008902,OI00108902,2026-01-11,C008903,P00903,E00403,R003,3,185.09,5.55,179.54,113.23,47.0,3.23
108921,Invalid Foreign Key: Order_Item_ID; Invalid Foreign Key: Product_ID,SA00108920,O0008920,OI00108920,2026-01-29,C008921,P00921,E00421,R001,1,290.34,0.0,290.34,181.47,65.0,5.23
108973,Invalid Foreign Key: Order_ID; Invalid Foreign Key: Order_Item_ID; Invalid Foreign Key: Customer_ID,SA00108972,O0008972,OI00108972,2026-03-22,C008973,P00973,E00473,R013,3,2852.64,85.58,2767.06,1789.98,37.0,49.81
108998,Invalid Foreign Key: Order_Item_ID; Invalid Foreign Key: Product_ID,SA00108997,O0008997,OI00108997,2026-04-16,C008998,P00998,E00498,R018,3,3805.33,0.0,3805.33,2388.81,62.0,68.5
109251,Invalid Foreign Key: Order_ID; Invalid Foreign Key: Order_Item_ID; Invalid Foreign Key: Employee_ID,SA00109250,O0009250,OI00109250,2025-12-25,C009251,P00251,E00251,R011,1,671.42,6.71,664.71,421.0,75.0,11.96
109307,Invalid Foreign Key: Order_Item_ID; Invalid Foreign Key: Product_ID,SA00109306,O0009306,OI00109306,2026-02-19,C009307,P00307,E00307,R007,2,225.02,2.25,222.77,139.37,51.0,4.01
109421,Invalid Foreign Key: Order_Item_ID; Invalid Foreign Key: Product_ID,SA00109420,O0009420,OI00109420,2026-06-13,C009421,P00421,E00421,R001,1,290.34,8.71,281.63,181.47,85.0,5.07
109444,Invalid Foreign Key: Order_ID; Invalid Foreign Key: Order_Item_ID; Invalid Foreign Key: Customer_ID,SA00109443,O0009443,OI00109443,2026-07-06,C009444,P00444,E00444,R004,4,2330.02,116.5,2213.52,1460.43,28.0,39.84
109499,Invalid Foreign Key: Order_Item_ID; Invalid Foreign Key: Product_ID,SA00109498,O0009498,OI00109498,2026-08-30,C009499,P00499,E00499,R019,4,5124.58,204.98,4919.6,3217.02,83.0,88.55
109577,Invalid Foreign Key: Order_Item_ID; Invalid Foreign Key: Product_ID,SA00109576,O0009576,OI00109576,2025-11-16,C009577,P00577,E00077,R017,2,2003.38,100.17,1903.21,1257.19,81.0,34.26
109614,Invalid Foreign Key: Order_Item_ID; Invalid Foreign Key: Product_ID,SA00109613,O0009613,OI00109613,2025-12-23,C009614,P00614,E00114,R014,4,805.71,0.0,805.71,502.3,38.0,14.5
109751,Invalid Foreign Key: Order_ID; Invalid Foreign Key: Order_Item_ID; Invalid Foreign Key: Employee_ID,SA00109750,O0009750,OI00109750,2026-05-09,C009751,P00751,E00251,R011,1,671.42,26.86,644.57,421.0,95.0,11.6
109842,Invalid Foreign Key: Order_Item_ID; Invalid Foreign Key: Product_ID,SA00109841,O0009841,OI00109841,2026-08-08,C009842,P00842,E00342,R002,2,1114.2,44.57,1069.63,698.28,26.0,19.25
109921,Invalid Foreign Key: Order_Item_ID; Invalid Foreign Key: Product_ID,SA00109920,O0009920,OI00109920,2025-10-26,C009921,P00921,E00421,R001,1,290.34,17.42,272.92,181.47,25.0,4.91
109970,Invalid Foreign Key: Order_ID; Invalid Foreign Key: Order_Item_ID; Invalid Foreign Key: Customer_ID,SA00109969,O0009969,OI00109969,2025-12-14,C009970,P00970,E00470,R010,5,4563.86,273.83,4290.02,2863.52,74.0,77.22
109994,Invalid Foreign Key: Order_ID; Invalid Foreign Key: Order_Item_ID,SA00109993,O0009993,OI00109993,2026-01-07,C009994,P00994,E00494,R014,4,4870.53,97.41,4773.12,3057.33,98.0,85.92
109998,Invalid Foreign Key: Order_Item_ID; Invalid Foreign Key: Product_ID,SA00109997,O0009997,OI00109997,2026-01-11,C009998,P00998,E00498,R018,3,3805.33,228.32,3577.01,2388.81,102.0,64.39
110008,Invalid Foreign Key: Order_ID; Invalid Foreign Key: Order_Item_ID,SA00110007,O0010007,OI00110007,2026-01-21,C010008,P00008,E00008,R008,3,375.63,7.51,368.12,233.0,32.0,6.63
110067,Invalid Foreign Key: Order_Item_ID,SA00110066,O0010066,OI00110066,2026-03-21,C010067,P00067,E00067,R007,2,1749.33,87.47,1661.86,1097.5,91.0,29.91
110231,Invalid Foreign Key: Order_ID; Invalid Foreign Key: Order_Item_ID; Invalid Foreign Key: Customer_ID,SA00110230,O0010230,OI00110230,2025-09-01,C010231,P00231,E00231,R011,1,417.37,4.17,413.2,261.31,95.0,7.44
110251,Invalid Foreign Key: Order_ID; Invalid Foreign Key: Order_Item_ID; Invalid Foreign Key: Employee_ID,SA00110250,O0010250,OI00110250,2025-09-21,C010251,P00251,E00251,R011,1,671.42,0.0,671.42,421.0,35.0,12.09
110307,Invalid Foreign Key: Order_Item_ID; Invalid Foreign Key: Product_ID,SA00110306,O0010306,OI00110306,2025-11-16,C010307,P00307,E00307,R007,2,225.02,0.0,225.02,139.37,91.0,4.05
110421,Invalid Foreign Key: Order_Item_ID; Invalid Foreign Key: Product_ID,SA00110420,O0010420,OI00110420,2026-03-10,C010421,P00421,E00421,R001,1,290.34,5.81,284.54,181.47,45.0,5.12
110499,Invalid Foreign Key: Order_Item_ID; Invalid Foreign Key: Product_ID,SA00110498,O0010498,OI00110498,2026-05-27,C010499,P00499,E00499,R019,4,5124.58,153.74,4970.85,3217.02,43.0,89.48
110577,Invalid Foreign Key: Order_Item_ID; Invalid Foreign Key: Product_ID,SA00110576,O0010576,OI00110576,2026-08-13,C010577,P00577,E00077,R017,2,2003.38,80.14,1923.24,1257.19,41.0,34.62
110614,Invalid Foreign Key: Order_Item_ID; Invalid Foreign Key: Product_ID,SA00110613,O0010613,OI00110613,2025-09-19,C010614,P00614,E00114,R014,4,805.71,48.34,757.36,502.3,78.0,13.63
110663,Invalid Foreign Key: Order_ID; Invalid Foreign Key: Order_Item_ID,SA00110662,O0010662,OI00110662,2025-11-07,C010663,P00663,E00163,R003,3,2471.56,148.29,2323.27,1550.44,47.0,41.82
110751,Invalid Foreign Key: Order_ID; Invalid Foreign Key: Order_Item_ID; Invalid Foreign Key: Employee_ID,SA00110750,O0010750,OI00110750,2026-02-03,C010751,P00751,E00251,R011,1,671.42,20.14,651.28,421.0,55.0,11.72
110842,Invalid Foreign Key: Order_Item_ID; Invalid Foreign Key: Product_ID,SA00110841,O0010841,OI00110841,2026-05-05,C010842,P00842,E00342,R002,2,1114.2,33.43,1080.77,698.28,66.0,19.45
110921,Invalid Foreign Key: Order_Item_ID; Invalid Foreign Key: Product_ID,SA00110920,O0010920,OI00110920,2026-07-23,C010921,P00921,E00421,R001,1,290.34,14.52,275.83,181.47,65.0,4.96
110967,Invalid Foreign Key: Order_ID; Invalid Foreign Key: Order_Item_ID; Invalid Foreign Key: Customer_ID,SA00110966,O0010966,OI00110966,2025-09-07,C010967,P00967,E00467,R007,2,1749.33,34.99,1714.34,1097.5,31.0,30.86
110998,Invalid Foreign Key: Order_Item_ID; Invalid Foreign Key: Product_ID,SA00110997,O0010997,OI00110997,2025-10-08,C010998,P00998,E00498,R018,3,3805.33,190.27,3615.06,2388.81,62.0,65.07
111006,Invalid Foreign Key: Order_ID; Invalid Foreign Key: Order_Item_ID,SA00111005,O0011005,OI00111005,2025-10-16,C011006,P00006,E00006,R006,1,99.81,5.99,93.82,61.7,70.0,1.69
111018,Invalid Foreign Key: Order_ID; Invalid Foreign Key: Order_Item_ID; Invalid Foreign Key: Customer_ID,SA00111017,O0011017,OI00111017,2025-10-28,C011018,P00018,E00018,R018,3,756.71,30.27,726.44,472.54,82.0,13.08
111251,Invalid Foreign Key: Order_ID; Invalid Foreign Key: Order_Item_ID; Invalid Foreign Key: Employee_ID,SA00111250,O0011250,OI00111250,2026-06-18,C011251,P00251,E00251,R011,1,671.42,40.29,631.14,421.0,75.0,11.36
111307,Invalid Foreign Key: Order_Item_ID; Invalid Foreign Key: Product_ID,SA00111306,O0011306,OI00111306,2026-08-13,C011307,P00307,E00307,R007,2,225.02,13.5,211.52,139.37,51.0,3.81
111421,Invalid Foreign Key: Order_Item_ID; Invalid Foreign Key: Product_ID,SA00111420,O0011420,OI00111420,2025-12-05,C011421,P00421,E00421,R001,1,290.34,2.9,287.44,181.47,85.0,5.17
111499,Invalid Foreign Key: Order_Item_ID; Invalid Foreign Key: Product_ID,SA00111498,O0011498,OI00111498,2026-02-21,C011499,P00499,E00499,R019,4,5124.58,102.49,5022.09,3217.02,83.0,90.4
111577,Invalid Foreign Key: Order_Item_ID; Invalid Foreign Key: Product_ID,SA00111576,O0011576,OI00111576,2026-05-10,C011577,P00577,E00077,R017,2,2003.38,60.1,1943.28,1257.19,81.0,34.98
111614,Invalid Foreign Key: Order_Item_ID; Invalid Foreign Key: Product_ID,SA00111613,O0011613,OI00111613,2026-06-16,C011614,P00614,E00114,R014,4,805.71,40.29,765.42,502.3,38.0,13.78
111751,Invalid Foreign Key: Order_ID; Invalid Foreign Key: Order_Item_ID; Invalid Foreign Key: Employee_ID,SA00111750,O0011750,OI00111750,2025-10-31,C011751,P00751,E00251,R011,1,671.42,13.43,657.99,421.0,95.0,11.84
111805,Invalid Foreign Key: Order_ID; Invalid Foreign Key: Order_Item_ID; Invalid Foreign Key: Customer_ID,SA00111804,O0011804,OI00111804,2025-12-24,C011805,P00805,E00305,R005,5,435.52,0.0,435.52,268.57,69.0,7.84
111842,Invalid Foreign Key: Order_Item_ID; Invalid Foreign Key: Product_ID,SA00111841,O0011841,OI00111841,2026-01-30,C011842,P00842,E00342,R002,2,1114.2,22.28,1091.91,698.28,26.0,19.65
111921,Invalid Foreign Key: Order_Item_ID; Invalid Foreign Key: Product_ID,SA00111920,O0011920,OI00111920,2026-04-19,C011921,P00921,E00421,R001,1,290.34,11.61,278.73,181.47,25.0,5.02
111964,Invalid Foreign Key: Order_ID; Invalid Foreign Key: Order_Item_ID; Invalid Foreign Key: Customer_ID,SA00111963,O0011963,OI00111963,2026-06-01,C011964,P00964,E00464,R004,4,3346.22,167.31,3178.91,2099.19,68.0,57.22
111998,Invalid Foreign Key: Order_Item_ID; Invalid Foreign Key: Product_ID,SA00111997,O0011997,OI00111997,2026-07-05,C011998,P00998,E00498,R018,3,3805.33,152.21,3653.12,2388.81,102.0,65.76
112017,Invalid Foreign Key: Order_Item_ID,SA00112016,O0012016,OI00112016,2026-07-24,C012017,P00017,E00017,R017,2,479.07,9.58,469.49,299.06,41.0,8.45
112029,Negative Value: Quantity; Negative Value: Gross_Sales; Negative Value: Net_Sales; Invalid Foreign Key: Order_Item_ID,SA00112028,O0012028,OI00112028,2026-08-05,C012029,P00029,E00029,R009,-2,-783.93,0.0,-783.93,490.68,53.0,0.0
112106,Invalid Foreign Key: Order_Item_ID,SA00112105,O0012105,OI00112105,2025-10-21,C012106,P00106,E00106,R006,1,99.81,0.0,99.81,61.7,50.0,1.8
112251,Invalid Foreign Key: Order_ID; Invalid Foreign Key: Order_Item_ID; Invalid Foreign Key: Employee_ID,SA00112250,O0012250,OI00112250,2026-03-15,C012251,P00251,E00251,R011,1,671.42,33.57,637.85,421.0,35.0,11.48
112307,Invalid Foreign Key: Order_Item_ID; Invalid Foreign Key: Product_ID,SA00112306,O0012306,OI00112306,2026-05-10,C012307,P00307,E00307,R007,2,225.02,11.25,213.77,139.37,91.0,3.85
112421,Invalid Foreign Key: Order_Item_ID; Invalid Foreign Key: Product_ID,SA00112420,O0012420,OI00112420,2025-09-01,C012421,P00421,E00421,R001,1,290.34,0.0,290.34,181.47,45.0,5.23
112440,Invalid Foreign Key: Order_ID; Invalid Foreign Key: Order_Item_ID,SA00112439,O0012439,OI00112439,2025-09-20,C012440,P00440,E00440,R020,5,2658.47,132.92,2525.55,1665.85,64.0,45.46
112499,Invalid Foreign Key: Order_Item_ID; Invalid Foreign Key: Product_ID,SA00112498,O0012498,OI00112498,2025-11-18,C012499,P00499,E00499,R019,4,5124.58,51.25,5073.34,3217.02,43.0,91.32
112577,Invalid Foreign Key: Order_Item_ID; Invalid Foreign Key: Product_ID,SA00112576,O0012576,OI00112576,2026-02-04,C012577,P00577,E00077,R017,2,2003.38,40.07,1963.31,1257.19,41.0,35.34
112592,Invalid Foreign Key: Order_ID; Invalid Foreign Key: Order_Item_ID; Invalid Foreign Key: Customer_ID,SA00112591,O0012591,OI00112591,2026-02-19,C012592,P00592,E00092,R012,2,2384.46,71.53,2312.92,1496.73,56.0,41.63
112614,Invalid Foreign Key: Order_Item_ID; Invalid Foreign Key: Product_ID,SA00112613,O0012613,OI00112613,2026-03-13,C012614,P00614,E00114,R014,4,805.71,32.23,773.48,502.3,78.0,13.92
112751,Invalid Foreign Key: Order_ID; Invalid Foreign Key: Order_Item_ID; Invalid Foreign Key: Employee_ID,SA00112750,O0012750,OI00112750,2026-07-28,C012751,P00751,E00251,R011,1,671.42,6.71,664.71,421.0,55.0,11.96
112842,Invalid Foreign Key: Order_Item_ID; Invalid Foreign Key: Product_ID,SA00112841,O0012841,OI00112841,2025-10-27,C012842,P00842,E00342,R002,2,1114.2,11.14,1103.06,698.28,66.0,19.86
112921,Invalid Foreign Key: Order_Item_ID; Invalid Foreign Key: Product_ID,SA00112920,O0012920,OI00112920,2026-01-14,C012921,P00921,E00421,R001,1,290.34,8.71,281.63,181.47,65.0,5.07
112961,Invalid Foreign Key: Order_ID; Invalid Foreign Key: Order_Item_ID; Invalid Foreign Key: Customer_ID,SA00112960,O0012960,OI00112960,2026-02-23,C012961,P00961,E00461,R001,1,798.45,7.98,790.46,500.84,25.0,14.23
112998,Invalid Foreign Key: Order_Item_ID; Invalid Foreign Key: Product_ID,SA00112997,O0012997,OI00112997,2026-04-01,C012998,P00998,E00498,R018,3,3805.33,114.16,3691.17,2388.81,62.0,66.44
113207,Invalid Foreign Key: Order_ID; Invalid Foreign Key: Order_Item_ID,SA00113206,O0013206,OI00113206,2025-10-27,C013207,P00207,E00207,R007,2,225.02,4.5,220.52,139.37,31.0,3.97
113251,Invalid Foreign Key: Order_ID; Invalid Foreign Key: Order_Item_ID; Invalid Foreign Key: Employee_ID,SA00113250,O0013250,OI00113250,2025-12-10,C013251,P00251,E00251,R011,1,671.42,26.86,644.57,421.0,75.0,11.6
113307,Invalid Foreign Key: Order_Item_ID; Invalid Foreign Key: Product_ID,SA00113306,O0013306,OI00113306,2026-02-04,C013307,P00307,E00307,R007,2,225.02,9.0,216.02,139.37,51.0,3.89
113325,Invalid Foreign Key: Order_ID; Invalid Foreign Key: Order_Item_ID,SA00113324,O0013324,OI00113324,2026-02-22,C013325,P00325,E00325,R005,5,1705.78,17.06,1688.72,1067.02,69.0,30.4
113379,Invalid Foreign Key: Order_ID; Invalid Foreign Key: Order_Item_ID; Invalid Foreign Key: Customer_ID,SA00113378,O0013378,OI00113378,2026-04-17,C013379,P00379,E00379,R019,4,4108.38,246.5,3861.88,2578.26,43.0,69.51
113421,Invalid Foreign Key: Order_Item_ID; Invalid Foreign Key: Product_ID,SA00113420,O0013420,OI00113420,2026-05-29,C013421,P00421,E00421,R001,1,290.34,17.42,272.92,181.47,85.0,4.91
113499,Invalid Foreign Key: Order_Item_ID; Invalid Foreign Key: Product_ID,SA00113498,O0013498,OI00113498,2026-08-15,C013499,P00499,E00499,R019,4,5124.58,0.0,5124.58,3217.02,83.0,92.24
113577,Invalid Foreign Key: Order_Item_ID; Invalid Foreign Key: Product_ID,SA00113576,O0013576,OI00113576,2025-11-01,C013577,P00577,E00077,R017,2,2003.38,20.03,1983.34,1257.19,81.0,35.7
113614,Invalid Foreign Key: Order_Item_ID; Invalid Foreign Key: Product_ID,SA00113613,O0013613,OI00113613,2025-12-08,C013614,P00614,E00114,R014,4,805.71,24.17,781.54,502.3,38.0,14.07
113751,Invalid Foreign Key: Order_ID; Invalid Foreign Key: Order_Item_ID; Invalid Foreign Key: Employee_ID,SA00113750,O0013750,OI00113750,2026-04-24,C013751,P00751,E00251,R011,1,671.42,0.0,671.42,421.0,95.0,12.09
113842,Invalid Foreign Key: Order_Item_ID; Invalid Foreign Key: Product_ID,SA00113841,O0013841,OI00113841,2026-07-24,C013842,P00842,E00342,R002,2,1114.2,0.0,1114.2,698.28,26.0,20.06
113921,Invalid Foreign Key: Order_Item_ID; Invalid Foreign Key: Product_ID,SA00113920,O0013920,OI00113920,2025-10-11,C013921,P00921,E00421,R001,1,290.34,5.81,284.54,181.47,25.0,5.12
113958,Invalid Foreign Key: Order_ID; Invalid Foreign Key: Order_Item_ID; Invalid Foreign Key: Customer_ID,SA00113957,O0013957,OI00113957,2025-11-17,C013958,P00958,E00458,R018,3,2281.02,91.24,2189.78,1430.67,62.0,39.42
113998,Invalid Foreign Key: Order_Item_ID; Invalid Foreign Key: Product_ID,SA00113997,O0013997,OI00113997,2025-12-27,C013998,P00998,E00498,R018,3,3805.33,76.11,3729.22,2388.81,102.0,67.13
114166,Invalid Foreign Key: Order_ID; Invalid Foreign Key: Order_Item_ID; Invalid Foreign Key: Customer_ID,SA00114165,O0014165,OI00114165,2026-06-13,C014166,P00166,E00166,R006,1,861.96,17.24,844.72,540.77,30.0,15.2
114217,Invalid Foreign Key: Order_ID; Invalid Foreign Key: Order_Item_ID,SA00114216,O0014216,OI00114216,2026-08-03,C014217,P00217,E00217,R017,2,479.07,19.16,459.91,299.06,81.0,8.28
114251,Invalid Foreign Key: Order_ID; Invalid Foreign Key: Order_Item_ID; Invalid Foreign Key: Employee_ID,SA00114250,O0014250,OI00114250,2025-09-06,C014251,P00251,E00251,R011,1,671.42,20.14,651.28,421.0,35.0,11.72
114307,Invalid Foreign Key: Order_Item_ID; Invalid Foreign Key: Product_ID,SA00114306,O0014306,OI00114306,2025-11-01,C014307,P00307,E00307,R007,2,225.02,6.75,218.27,139.37,91.0,3.93
114421,Invalid Foreign Key: Order_Item_ID; Invalid Foreign Key: Product_ID,SA00114420,O0014420,OI00114420,2026-02-23,C014421,P00421,E00421,R001,1,290.34,14.52,275.83,181.47,45.0,4.96
114499,Invalid Foreign Key: Order_Item_ID; Invalid Foreign Key: Product_ID,SA00114498,O0014498,OI00114498,2026-05-12,C014499,P00499,E00499,R019,4,5124.58,307.48,4817.11,3217.02,43.0,86.71
114577,Invalid Foreign Key: Order_Item_ID; Invalid Foreign Key: Product_ID,SA00114576,O0014576,OI00114576,2026-07-29,C014577,P00577,E00077,R017,2,2003.38,0.0,2003.38,1257.19,41.0,36.06
114614,Invalid Foreign Key: Order_Item_ID; Invalid Foreign Key: Product_ID,SA00114613,O0014613,OI00114613,2025-09-04,C014614,P00614,E00114,R014,4,805.71,16.11,789.59,502.3,78.0,14.21
114751,Invalid Foreign Key: Order_ID; Invalid Foreign Key: Order_Item_ID; Invalid Foreign Key: Employee_ID,SA00114750,O0014750,OI00114750,2026-01-19,C014751,P00751,E00251,R011,1,671.42,40.29,631.14,421.0,55.0,11.36
114842,Invalid Foreign Key: Order_Item_ID; Invalid Foreign Key: Product_ID,SA00114841,O0014841,OI00114841,2026-04-20,C014842,P00842,E00342,R002,2,1114.2,66.85,1047.35,698.28,66.0,18.85
114921,Invalid Foreign Key: Order_Item_ID; Invalid Foreign Key: Product_ID,SA00114920,O0014920,OI00114920,2026-07-08,C014921,P00921,E00421,R001,1,290.34,2.9,287.44,181.47,65.0,5.17
114953,Invalid Foreign Key: Order_ID; Invalid Foreign Key: Order_Item_ID; Invalid Foreign Key: Customer_ID,SA00114952,O0014952,OI00114952,2026-08-09,C014953,P00953,E00453,R013,3,2090.48,104.52,1985.96,1310.91,97.0,35.75
114955,Invalid Foreign Key: Order_ID; Invalid Foreign Key: Order_Item_ID; Invalid Foreign Key: Customer_ID,SA00114954,O0014954,OI00114954,2026-08-11,C014955,P00955,E00455,R015,5,3611.16,0.0,3611.16,2264.69,99.0,65.0
114998,Invalid Foreign Key: Order_Item_ID; Invalid Foreign Key: Product_ID,SA00114997,O0014997,OI00114997,2025-09-23,C014998,P00998,E00498,R018,3,3805.33,38.05,3767.28,2388.81,62.0,67.81
115070,Invalid Foreign Key: Order_Item_ID,SA00115069,O0015069,OI00115069,2025-12-04,C015070,P00070,E00070,R010,5,4563.86,136.92,4426.94,2863.52,54.0,79.68
115251,Invalid Foreign Key: Order_ID; Invalid Foreign Key: Order_Item_ID; Invalid Foreign Key: Employee_ID,SA00115250,O0015250,OI00115250,2026-06-03,C015251,P00251,E00251,R011,1,671.42,13.43,657.99,421.0,75.0,11.84
115307,Invalid Foreign Key: Order_Item_ID; Invalid Foreign Key: Product_ID,SA00115306,O0015306,OI00115306,2026-07-29,C015307,P00307,E00307,R007,2,225.02,4.5,220.52,139.37,51.0,3.97
115309,Invalid Foreign Key: Order_Item_ID,SA00115308,O0015308,OI00115308,2026-07-31,C015309,P00309,E00309,R009,4,551.65,22.07,529.59,342.61,53.0,9.53
115408,Invalid Foreign Key: Order_ID; Invalid Foreign Key: Order_Item_ID,SA00115407,O0015407,OI00115407,2025-11-07,C015408,P00408,E00408,R008,3,375.63,18.78,356.85,233.0,72.0,6.42
115421,Invalid Foreign Key: Order_Item_ID; Invalid Foreign Key: Product_ID,SA00115420,O0015420,OI00115420,2025-11-20,C015421,P00421,E00421,R001,1,290.34,11.61,278.73,181.47,85.0,5.02
115499,Invalid Foreign Key: Order_Item_ID; Invalid Foreign Key: Product_ID,SA00115498,O0015498,OI00115498,2026-02-06,C015499,P00499,E00499,R019,4,5124.58,256.23,4868.36,3217.02,83.0,87.63
115577,Invalid Foreign Key: Order_Item_ID; Invalid Foreign Key: Product_ID,SA00115576,O0015576,OI00115576,2026-04-25,C015577,P00577,E00077,R017,2,2003.38,120.2,1883.18,1257.19,81.0,33.9
115614,Invalid Foreign Key: Order_Item_ID; Invalid Foreign Key: Product_ID,SA00115613,O0015613,OI00115613,2026-06-01,C015614,P00614,E00114,R014,4,805.71,8.06,797.65,502.3,38.0,14.36
115740,Invalid Foreign Key: Order_ID; Invalid Foreign Key: Order_Item_ID; Invalid Foreign Key: Customer_ID,SA00115739,O0015739,OI00115739,2025-10-05,C015740,P00740,E00240,R020,5,2658.47,26.58,2631.88,1665.85,84.0,47.37
115751,Invalid Foreign Key: Order_ID; Invalid Foreign Key: Order_Item_ID; Invalid Foreign Key: Employee_ID,SA00115750,O0015750,OI00115750,2025-10-16,C015751,P00751,E00251,R011,1,671.42,33.57,637.85,421.0,95.0,11.48
115842,Invalid Foreign Key: Order_Item_ID; Invalid Foreign Key: Product_ID,SA00115841,O0015841,OI00115841,2026-01-15,C015842,P00842,E00342,R002,2,1114.2,55.71,1058.49,698.28,26.0,19.05
115921,Invalid Foreign Key: Order_Item_ID; Invalid Foreign Key: Product_ID,SA00115920,O0015920,OI00115920,2026-04-04,C015921,P00921,E00421,R001,1,290.34,0.0,290.34,181.47,25.0,5.23
115952,Invalid Foreign Key: Order_ID; Invalid Foreign Key: Order_Item_ID; Invalid Foreign Key: Customer_ID,SA00115951,O0015951,OI00115951,2026-05-05,C015952,P00952,E00452,R012,2,1368.25,41.05,1327.2,857.97,56.0,23.89
115994,Invalid Foreign Key: Order_ID; Invalid Foreign Key: Order_Item_ID,SA00115993,O0015993,OI00115993,2026-06-16,C015994,P00994,E00494,R014,4,4870.53,146.12,4724.42,3057.33,98.0,85.04
115998,Invalid Foreign Key: Order_Item_ID; Invalid Foreign Key: Product_ID,SA00115997,O0015997,OI00115997,2026-06-20,C015998,P00998,E00498,R018,3,3805.33,0.0,3805.33,2388.81,102.0,68.5
116030,Negative Value: Quantity; Negative Value: Gross_Sales; Negative Value: Net_Sales; Invalid Foreign Key: Order_Item_ID,SA00116029,O0016029,OI00116029,2026-07-22,C016030,P00030,E00030,R010,-2,-809.34,-32.37,-776.96,506.65,54.0,0.0
116251,Invalid Foreign Key: Order_ID; Invalid Foreign Key: Order_Item_ID; Invalid Foreign Key: Employee_ID,SA00116250,O0016250,OI00116250,2026-02-28,C016251,P00251,E00251,R011,1,671.42,6.71,664.71,421.0,35.0,11.96
116307,Invalid Foreign Key: Order_Item_ID; Invalid Foreign Key: Product_ID,SA00116306,O0016306,OI00116306,2026-04-25,C016307,P00307,E00307,R007,2,225.02,2.25,222.77,139.37,91.0,4.01
116421,Invalid Foreign Key: Order_Item_ID; Invalid Foreign Key: Product_ID,SA00116420,O0016420,OI00116420,2026-08-17,C016421,P00421,E00421,R001,1,290.34,8.71,281.63,181.47,45.0,5.07
116499,Invalid Foreign Key: Order_Item_ID; Invalid Foreign Key: Product_ID,SA00116498,O0016498,OI00116498,2025-11-03,C016499,P00499,E00499,R019,4,5124.58,204.98,4919.6,3217.02,43.0,88.55
116527,Invalid Foreign Key: Order_ID; Invalid Foreign Key: Order_Item_ID; Invalid Foreign Key: Customer_ID,SA00116526,O0016526,OI00116526,2025-12-01,C016527,P00527,E00027,R007,2,733.12,29.32,703.8,458.74,71.0,12.67
116577,Invalid Foreign Key: Order_Item_ID; Invalid Foreign Key: Product_ID,SA00116576,O0016576,OI00116576,2026-01-20,C016577,P00577,E00077,R017,2,2003.38,100.17,1903.21,1257.19,41.0,34.26
116614,Invalid Foreign Key: Order_Item_ID; Invalid Foreign Key: Product_ID,SA00116613,O0016613,OI00116613,2026-02-26,C016614,P00614,E00114,R014,4,805.71,0.0,805.71,502.3,78.0,14.5
116656,Invalid Foreign Key: Order_ID; Invalid Foreign Key: Order_Item_ID,SA00116655,O0016655,OI00116655,2026-04-09,C016656,P00656,E00156,R016,1,734.94,0.0,734.94,460.92,40.0,13.23
116751,Invalid Foreign Key: Order_ID; Invalid Foreign Key: Order_Item_ID; Invalid Foreign Key: Employee_ID,SA00116750,O0016750,OI00116750,2026-07-13,C016751,P00751,E00251,R011,1,671.42,26.86,644.57,421.0,55.0,11.6
116842,Invalid Foreign Key: Order_Item_ID; Invalid Foreign Key: Product_ID,SA00116841,O0016841,OI00116841,2025-10-12,C016842,P00842,E00342,R002,2,1114.2,44.57,1069.63,698.28,66.0,19.25
116921,Invalid Foreign Key: Order_Item_ID; Invalid Foreign Key: Product_ID,SA00116920,O0016920,OI00116920,2025-12-30,C016921,P00921,E00421,R001,1,290.34,17.42,272.92,181.47,65.0,4.91
116949,Invalid Foreign Key: Order_ID; Invalid Foreign Key: Order_Item_ID; Invalid Foreign Key: Customer_ID,SA00116948,O0016948,OI00116948,2026-01-27,C016949,P00949,E00449,R009,4,2584.07,155.04,2429.02,1620.12,93.0,43.72
116998,Invalid Foreign Key: Order_Item_ID; Invalid Foreign Key: Product_ID,SA00116997,O0016997,OI00116997,2026-03-17,C016998,P00998,E00498,R018,3,3805.33,228.32,3577.01,2388.81,62.0,64.39
117251,Invalid Foreign Key: Order_ID; Invalid Foreign Key: Order_Item_ID; Invalid Foreign Key: Employee_ID,SA00117250,O0017250,OI00117250,2025-11-25,C017251,P00251,E00251,R011,1,671.42,0.0,671.42,421.0,75.0,12.09
117307,Invalid Foreign Key: Order_Item_ID; Invalid Foreign Key: Product_ID,SA00117306,O0017306,OI00117306,2026-01-20,C017307,P00307,E00307,R007,2,225.02,0.0,225.02,139.37,51.0,4.05
117314,Invalid Foreign Key: Order_ID; Invalid Foreign Key: Order_Item_ID; Invalid Foreign Key: Customer_ID,SA00117313,O0017313,OI00117313,2026-01-27,C017314,P00314,E00314,R014,4,805.71,0.0,805.71,502.3,58.0,14.5
117421,Invalid Foreign Key: Order_Item_ID; Invalid Foreign Key: Product_ID,SA00117420,O0017420,OI00117420,2026-05-14,C017421,P00421,E00421,R001,1,290.34,5.81,284.54,181.47,85.0,5.12
117499,Invalid Foreign Key: Order_Item_ID; Invalid Foreign Key: Product_ID,SA00117498,O0017498,OI00117498,2026-07-31,C017499,P00499,E00499,R019,4,5124.58,153.74,4970.85,3217.02,83.0,89.48
117577,Invalid Foreign Key: Order_Item_ID; Invalid Foreign Key: Product_ID,SA00117576,O0017576,OI00117576,2025-10-17,C017577,P00577,E00077,R017,2,2003.38,80.14,1923.24,1257.19,81.0,34.62
117609,Invalid Foreign Key: Order_ID; Invalid Foreign Key: Order_Item_ID,SA00117608,O0017608,OI00117608,2025-11-18,C017609,P00609,E00109,R009,4,551.65,5.52,546.14,342.61,33.0,9.83
117614,Invalid Foreign Key: Order_Item_ID; Invalid Foreign Key: Product_ID,SA00117613,O0017613,OI00117613,2025-11-23,C017614,P00614,E00114,R014,4,805.71,48.34,757.36,502.3,38.0,13.63
117751,Invalid Foreign Key: Order_ID; Invalid Foreign Key: Order_Item_ID; Invalid Foreign Key: Employee_ID,SA00117750,O0017750,OI00117750,2026-04-09,C017751,P00751,E00251,R011,1,671.42,20.14,651.28,421.0,95.0,11.72
117771,Invalid Foreign Key: Order_ID; Invalid Foreign Key: Order_Item_ID,SA00117770,O0017770,OI00117770,2026-04-29,C017771,P00771,E00271,R011,1,925.47,18.51,906.96,580.69,35.0,16.33
117842,Invalid Foreign Key: Order_Item_ID; Invalid Foreign Key: Product_ID,SA00117841,O0017841,OI00117841,2026-07-09,C017842,P00842,E00342,R002,2,1114.2,33.43,1080.77,698.28,26.0,19.45
117921,Invalid Foreign Key: Order_Item_ID; Invalid Foreign Key: Product_ID,SA00117920,O0017920,OI00117920,2025-09-26,C017921,P00921,E00421,R001,1,290.34,14.52,275.83,181.47,25.0,4.96
117946,Invalid Foreign Key: Order_ID; Invalid Foreign Key: Order_Item_ID; Invalid Foreign Key: Customer_ID,SA00117945,O0017945,OI00117945,2025-10-21,C017946,P00946,E00446,R006,1,607.91,12.16,595.75,381.08,50.0,10.72
117998,Invalid Foreign Key: Order_Item_ID; Invalid Foreign Key: Product_ID,SA00117997,O0017997,OI00117997,2025-12-12,C017998,P00998,E00498,R018,3,3805.33,190.27,3615.06,2388.81,102.0,65.07
118101,Invalid Foreign Key: Order_ID; Invalid Foreign Key: Order_Item_ID; Invalid Foreign Key: Customer_ID,SA00118100,O0018100,OI00118100,2026-03-25,C018101,P00101,E00101,R001,1,36.29,1.09,35.2,21.78,45.0,0.63
118251,Invalid Foreign Key: Order_ID; Invalid Foreign Key: Order_Item_ID; Invalid Foreign Key: Employee_ID,SA00118250,O0018250,OI00118250,2026-08-22,C018251,P00251,E00251,R011,1,671.42,40.29,631.14,421.0,35.0,11.36
118307,Invalid Foreign Key: Order_Item_ID; Invalid Foreign Key: Product_ID,SA00118306,O0018306,OI00118306,2025-10-17,C018307,P00307,E00307,R007,2,225.02,13.5,211.52,139.37,91.0,3.81
118421,Invalid Foreign Key: Order_Item_ID; Invalid Foreign Key: Product_ID,SA00118420,O0018420,OI00118420,2026-02-08,C018421,P00421,E00421,R001,1,290.34,2.9,287.44,181.47,45.0,5.17
118499,Invalid Foreign Key: Order_Item_ID; Invalid Foreign Key: Product_ID,SA00118498,O0018498,OI00118498,2026-04-27,C018499,P00499,E00499,R019,4,5124.58,102.49,5022.09,3217.02,43.0,90.4
118512,Invalid Foreign Key: Order_Item_ID,SA00118511,O0018511,OI00118511,2026-05-10,C018512,P00512,E00012,R012,2,352.04,3.52,348.52,219.21,56.0,6.27
118577,Invalid Foreign Key: Order_Item_ID; Invalid Foreign Key: Product_ID,SA00118576,O0018576,OI00118576,2026-07-14,C018577,P00577,E00077,R017,2,2003.38,60.1,1943.28,1257.19,41.0,34.98
118614,Invalid Foreign Key: Order_Item_ID; Invalid Foreign Key: Product_ID,SA00118613,O0018613,OI00118613,2026-08-20,C018614,P00614,E00114,R014,4,805.71,40.29,765.42,502.3,78.0,13.78
118751,Invalid Foreign Key: Order_ID; Invalid Foreign Key: Order_Item_ID; Invalid Foreign Key: Employee_ID,SA00118750,O0018750,OI00118750,2026-01-04,C018751,P00751,E00251,R011,1,671.42,13.43,657.99,421.0,55.0,11.84
118842,Invalid Foreign Key: Order_Item_ID; Invalid Foreign Key: Product_ID,SA00118841,O0018841,OI00118841,2026-04-05,C018842,P00842,E00342,R002,2,1114.2,22.28,1091.91,698.28,66.0,19.65
118888,Invalid Foreign Key: Order_ID; Invalid Foreign Key: Order_Item_ID; Invalid Foreign Key: Customer_ID,SA00118887,O0018887,OI00118887,2026-05-21,C018888,P00888,E00388,R008,3,3424.25,205.46,3218.8,2149.28,32.0,57.94
118921,Invalid Foreign Key: Order_Item_ID; Invalid Foreign Key: Product_ID,SA00118920,O0018920,OI00118920,2026-06-23,C018921,P00921,E00421,R001,1,290.34,11.61,278.73,181.47,65.0,5.02
118943,Invalid Foreign Key: Order_ID; Invalid Foreign Key: Order_Item_ID; Invalid Foreign Key: Customer_ID,SA00118942,O0018942,OI00118942,2026-07-15,C018943,P00943,E00443,R003,3,1709.4,85.47,1623.93,1071.37,87.0,29.23
118998,Invalid Foreign Key: Order_Item_ID; Invalid Foreign Key: Product_ID,SA00118997,O0018997,OI00118997,2025-09-08,C018998,P00998,E00498,R018,3,3805.33,152.21,3653.12,2388.81,62.0,65.76
119018,Invalid Foreign Key: Order_Item_ID,SA00119017,O0019017,OI00119017,2025-09-28,C019018,P00018,E00018,R018,3,756.71,22.7,734.01,472.54,82.0,13.21
119251,Invalid Foreign Key: Order_ID; Invalid Foreign Key: Order_Item_ID; Invalid Foreign Key: Employee_ID,SA00119250,O0019250,OI00119250,2026-05-19,C019251,P00251,E00251,R011,1,671.42,33.57,637.85,421.0,75.0,11.48
119307,Invalid Foreign Key: Order_Item_ID; Invalid Foreign Key: Product_ID,SA00119306,O0019306,OI00119306,2026-07-14,C019307,P00307,E00307,R007,2,225.02,11.25,213.77,139.37,51.0,3.85
119421,Invalid Foreign Key: Order_Item_ID; Invalid Foreign Key: Product_ID,SA00119420,O0019420,OI00119420,2025-11-05,C019421,P00421,E00421,R001,1,290.34,0.0,290.34,181.47,85.0,5.23
119499,Invalid Foreign Key: Order_Item_ID; Invalid Foreign Key: Product_ID,SA00119498,O0019498,OI00119498,2026-01-22,C019499,P00499,E00499,R019,4,5124.58,51.25,5073.34,3217.02,83.0,91.32
119548,Invalid Foreign Key: Order_ID; Invalid Foreign Key: Order_Item_ID,SA00119547,O0019547,OI00119547,2026-03-12,C019548,P00548,E00048,R008,3,1899.94,19.0,1880.94,1191.14,52.0,33.86
119577,Invalid Foreign Key: Order_Item_ID; Invalid Foreign Key: Product_ID,SA00119576,O0019576,OI00119576,2026-04-10,C019577,P00577,E00077,R017,2,2003.38,40.07,1963.31,1257.19,81.0,35.34
119614,Invalid Foreign Key: Order_Item_ID; Invalid Foreign Key: Product_ID,SA00119613,O0019613,OI00119613,2026-05-17,C019614,P00614,E00114,R014,4,805.71,32.23,773.48,502.3,38.0,13.92
119675,Invalid Foreign Key: Order_ID; Invalid Foreign Key: Order_Item_ID; Invalid Foreign Key: Customer_ID,SA00119674,O0019674,OI00119674,2026-07-17,C019675,P00675,E00175,R015,5,4881.42,97.63,4783.79,3063.14,99.0,86.11
119751,Invalid Foreign Key: Order_ID; Invalid Foreign Key: Order_Item_ID; Invalid Foreign Key: Employee_ID,SA00119750,O0019750,OI00119750,2025-10-01,C019751,P00751,E00251,R011,1,671.42,6.71,664.71,421.0,95.0,11.96
119810,Invalid Foreign Key: Order_ID; Invalid Foreign Key: Order_Item_ID,SA00119809,O0019809,OI00119809,2025-11-29,C019810,P00810,E00310,R010,5,753.08,30.12,722.96,468.18,74.0,13.01
119842,Invalid Foreign Key: Order_Item_ID; Invalid Foreign Key: Product_ID,SA00119841,O0019841,OI00119841,2025-12-31,C019842,P00842,E00342,R002,2,1114.2,11.14,1103.06,698.28,26.0,19.86
119921,Invalid Foreign Key: Order_Item_ID; Invalid Foreign Key: Product_ID,SA00119920,O0019920,OI00119920,2026-03-20,C019921,P00921,E00421,R001,1,290.34,8.71,281.63,181.47,25.0,5.07
119940,Invalid Foreign Key: Order_ID; Invalid Foreign Key: Order_Item_ID; Invalid Foreign Key: Customer_ID,SA00119939,O0019939,OI00119939,2026-04-08,C019940,P00940,E00440,R020,5,2658.47,26.58,2631.88,1665.85,44.0,47.37
119987,Invalid Foreign Key: Order_ID; Invalid Foreign Key: Order_Item_ID,SA00119986,O0019986,OI00119986,2026-05-25,C019987,P00987,E00487,R007,2,2257.43,135.45,2121.98,1416.88,91.0,38.2
119998,Invalid Foreign Key: Order_Item_ID; Invalid Foreign Key: Product_ID,SA00119997,O0019997,OI00119997,2026-06-05,C019998,P00998,E00498,R018,3,3805.33,114.16,3691.17,2388.81,102.0,66.44
120015,Invalid Foreign Key: Order_ID; Invalid Foreign Key: Order_Item_ID,SA00120014,O0020014,OI00120014,2026-06-22,C000015,P00015,E00015,R015,5,1070.65,64.24,1006.41,667.79,39.0,18.12
120031,Negative Value: Quantity; Negative Value: Gross_Sales; Negative Value: Net_Sales; Invalid Foreign Key: Order_Item_ID,SA00120030,O0020030,OI00120030,2026-07-08,C000031,P00031,E00031,R011,-2,-834.74,-8.35,-826.39,522.62,55.0,0.0
120073,Invalid Foreign Key: Order_Item_ID,SA00120072,O0020072,OI00120072,2026-08-19,C000073,P00073,E00073,R013,3,2852.64,28.53,2824.11,1789.98,97.0,50.83
120251,Invalid Foreign Key: Order_ID; Invalid Foreign Key: Order_Item_ID; Invalid Foreign Key: Employee_ID,SA00120250,O0020250,OI00120250,2026-02-13,C000251,P00251,E00251,R011,1,671.42,26.86,644.57,421.0,35.0,11.6
120307,Invalid Foreign Key: Order_Item_ID; Invalid Foreign Key: Product_ID,SA00120306,O0020306,OI00120306,2026-04-10,C000307,P00307,E00307,R007,2,225.02,9.0,216.02,139.37,91.0,3.89
120421,Invalid Foreign Key: Order_Item_ID; Invalid Foreign Key: Product_ID,SA00120420,O0020420,OI00120420,2026-08-02,C000421,P00421,E00421,R001,1,290.34,17.42,272.92,181.47,45.0,4.91
120499,Invalid Foreign Key: Order_Item_ID; Invalid Foreign Key: Product_ID,SA00120498,O0020498,OI00120498,2025-10-19,C000499,P00499,E00499,R019,4,5124.58,0.0,5124.58,3217.02,43.0,92.24
120577,Invalid Foreign Key: Order_Item_ID; Invalid Foreign Key: Product_ID,SA00120576,O0020576,OI00120576,2026-01-05,C000577,P00577,E00077,R017,2,2003.38,20.03,1983.34,1257.19,41.0,35.7
120614,Invalid Foreign Key: Order_Item_ID; Invalid Foreign Key: Product_ID,SA00120613,O0020613,OI00120613,2026-02-11,C000614,P00614,E00114,R014,4,805.71,24.17,781.54,502.3,78.0,14.07
120751,Invalid Foreign Key: Order_ID; Invalid Foreign Key: Order_Item_ID; Invalid Foreign Key: Employee_ID,SA00120750,O0020750,OI00120750,2026-06-28,C000751,P00751,E00251,R011,1,671.42,0.0,671.42,421.0,55.0,12.09
120787,Invalid Foreign Key: Order_ID; Invalid Foreign Key: Order_Item_ID; Invalid Foreign Key: Customer_ID,SA00120786,O0020786,OI00120786,2026-08-03,C000787,P00787,E00287,R007,2,2257.43,22.57,2234.86,1416.88,91.0,40.23
120842,Invalid Foreign Key: Order_Item_ID; Invalid Foreign Key: Product_ID,SA00120841,O0020841,OI00120841,2025-09-27,C000842,P00842,E00342,R002,2,1114.2,0.0,1114.2,698.28,66.0,20.06
120921,Invalid Foreign Key: Order_Item_ID; Invalid Foreign Key: Product_ID,SA00120920,O0020920,OI00120920,2025-12-15,C000921,P00921,E00421,R001,1,290.34,5.81,284.54,181.47,65.0,5.12
120997,Invalid Foreign Key: Order_ID; Invalid Foreign Key: Order_Item_ID; Invalid Foreign Key: Customer_ID,SA00120996,O0020996,OI00120996,2026-03-01,C000997,P00997,E00497,R017,2,2511.48,25.11,2486.37,1576.57,61.0,44.75
120998,Invalid Foreign Key: Order_Item_ID; Invalid Foreign Key: Product_ID,SA00120997,O0020997,OI00120997,2026-03-02,C000998,P00998,E00498,R018,3,3805.33,76.11,3729.22,2388.81,62.0,67.13
121251,Invalid Foreign Key: Order_ID; Invalid Foreign Key: Order_Item_ID; Invalid Foreign Key: Employee_ID,SA00121250,O0021250,OI00121250,2025-11-10,C001251,P00251,E00251,R011,1,671.42,20.14,651.28,421.0,75.0,11.72
121307,Invalid Foreign Key: Order_Item_ID; Invalid Foreign Key: Product_ID,SA00121306,O0021306,OI00121306,2026-01-05,C001307,P00307,E00307,R007,2,225.02,6.75,218.27,139.37,51.0,3.93
121325,Invalid Foreign Key: Order_ID; Invalid Foreign Key: Order_Item_ID,SA00121324,O0021324,OI00121324,2026-01-23,C001325,P00325,E00325,R005,5,1705.78,0.0,1705.78,1067.02,69.0,30.7
121421,Invalid Foreign Key: Order_Item_ID; Invalid Foreign Key: Product_ID,SA00121420,O0021420,OI00121420,2026-04-29,C001421,P00421,E00421,R001,1,290.34,14.52,275.83,181.47,85.0,4.96
121499,Invalid Foreign Key: Order_Item_ID; Invalid Foreign Key: Product_ID,SA00121498,O0021498,OI00121498,2026-07-16,C001499,P00499,E00499,R019,4,5124.58,307.48,4817.11,3217.02,83.0,86.71
121574,Invalid Foreign Key: Order_ID; Invalid Foreign Key: Order_Item_ID; Invalid Foreign Key: Customer_ID,SA00121573,O0021573,OI00121573,2025-09-29,C001574,P00574,E00074,R014,4,3854.33,154.17,3700.15,2418.57,78.0,66.6
121577,Invalid Foreign Key: Order_Item_ID; Invalid Foreign Key: Product_ID,SA00121576,O0021576,OI00121576,2025-10-02,C001577,P00577,E00077,R017,2,2003.38,0.0,2003.38,1257.19,81.0,36.06
121614,Invalid Foreign Key: Order_Item_ID; Invalid Foreign Key: Product_ID,SA00121613,O0021613,OI00121613,2025-11-08,C001614,P00614,E00114,R014,4,805.71,16.11,789.59,502.3,38.0,14.21
121715,Invalid Foreign Key: Order_Item_ID,SA00121714,O0021714,OI00121714,2026-02-17,C001715,P00715,E00215,R015,5,1070.65,53.53,1017.11,667.79,59.0,18.31
121751,Invalid Foreign Key: Order_ID; Invalid Foreign Key: Order_Item_ID; Invalid Foreign Key: Employee_ID,SA00121750,O0021750,OI00121750,2026-03-25,C001751,P00751,E00251,R011,1,671.42,40.29,631.14,421.0,95.0,11.36
121842,Invalid Foreign Key: Order_Item_ID; Invalid Foreign Key: Product_ID,SA00121841,O0021841,OI00121841,2026-06-24,C001842,P00842,E00342,R002,2,1114.2,66.85,1047.35,698.28,26.0,18.85
121921,Invalid Foreign Key: Order_Item_ID; Invalid Foreign Key: Product_ID,SA00121920,O0021920,OI00121920,2025-09-11,C001921,P00921,E00421,R001,1,290.34,2.9,287.44,181.47,25.0,5.17
121994,Invalid Foreign Key: Order_ID; Invalid Foreign Key: Order_Item_ID; Invalid Foreign Key: Customer_ID,SA00121993,O0021993,OI00121993,2025-11-23,C001994,P00994,E00494,R014,4,4870.53,194.82,4675.71,3057.33,98.0,84.16
121998,Invalid Foreign Key: Order_Item_ID; Invalid Foreign Key: Product_ID,SA00121997,O0021997,OI00121997,2025-11-27,C001998,P00998,E00498,R018,3,3805.33,38.05,3767.28,2388.81,102.0,67.81
122011,Invalid Foreign Key: Order_ID; Invalid Foreign Key: Order_Item_ID,SA00122010,O0022010,OI00122010,2025-12-10,C002011,P00011,E00011,R011,1,163.32,0.0,163.32,101.62,35.0,2.94
122251,Invalid Foreign Key: Order_ID; Invalid Foreign Key: Order_Item_ID; Invalid Foreign Key: Employee_ID,SA00122250,O0022250,OI00122250,2026-08-07,C002251,P00251,E00251,R011,1,671.42,13.43,657.99,421.0,35.0,11.84
122307,Invalid Foreign Key: Order_Item_ID; Invalid Foreign Key: Product_ID,SA00122306,O0022306,OI00122306,2025-10-02,C002307,P00307,E00307,R007,2,225.02,4.5,220.52,139.37,91.0,3.97
122361,Invalid Foreign Key: Order_ID; Invalid Foreign Key: Order_Item_ID; Invalid Foreign Key: Customer_ID,SA00122360,O0022360,OI00122360,2025-11-25,C002361,P00361,E00361,R001,1,798.45,0.0,798.45,500.84,65.0,14.37
122421,Invalid Foreign Key: Order_Item_ID; Invalid Foreign Key: Product_ID,SA00122420,O0022420,OI00122420,2026-01-24,C002421,P00421,E00421,R001,1,290.34,11.61,278.73,181.47,45.0,5.02
122499,Invalid Foreign Key: Order_Item_ID; Invalid Foreign Key: Product_ID,SA00122498,O0022498,OI00122498,2026-04-12,C002499,P00499,E00499,R019,4,5124.58,256.23,4868.36,3217.02,43.0,87.63
122577,Invalid Foreign Key: Order_Item_ID; Invalid Foreign Key: Product_ID,SA00122576,O0022576,OI00122576,2026-06-29,C002577,P00577,E00077,R017,2,2003.38,120.2,1883.18,1257.19,41.0,33.9
122614,Invalid Foreign Key: Order_Item_ID; Invalid Foreign Key: Product_ID,SA00122613,O0022613,OI00122613,2026-08-05,C002614,P00614,E00114,R014,4,805.71,8.06,797.65,502.3,78.0,14.36
122751,Invalid Foreign Key: Order_ID; Invalid Foreign Key: Order_Item_ID; Invalid Foreign Key: Employee_ID,SA00122750,O0022750,OI00122750,2025-12-20,C002751,P00751,E00251,R011,1,671.42,33.57,637.85,421.0,55.0,11.48
122842,Invalid Foreign Key: Order_Item_ID; Invalid Foreign Key: Product_ID,SA00122841,O0022841,OI00122841,2026-03-21,C002842,P00842,E00342,R002,2,1114.2,55.71,1058.49,698.28,66.0,19.05
122921,Invalid Foreign Key: Order_Item_ID; Invalid Foreign Key: Product_ID,SA00122920,O0022920,OI00122920,2026-06-08,C002921,P00921,E00421,R001,1,290.34,0.0,290.34,181.47,65.0,5.23
122991,Invalid Foreign Key: Order_ID; Invalid Foreign Key: Order_Item_ID; Invalid Foreign Key: Customer_ID,SA00122990,O0022990,OI00122990,2026-08-17,C002991,P00991,E00491,R011,1,1179.53,0.0,1179.53,740.38,55.0,21.23
122998,Invalid Foreign Key: Order_Item_ID; Invalid Foreign Key: Product_ID,SA00122997,O0022997,OI00122997,2026-08-24,C002998,P00998,E00498,R018,3,3805.33,0.0,3805.33,2388.81,62.0,68.5
123102,Invalid Foreign Key: Order_ID; Invalid Foreign Key: Order_Item_ID,SA00123101,O0023101,OI00123101,2025-12-06,C003102,P00102,E00102,R002,2,97.99,5.88,92.11,59.52,86.0,1.66
123148,Invalid Foreign Key: Order_ID; Invalid Foreign Key: Order_Item_ID; Invalid Foreign Key: Customer_ID,SA00123147,O0023147,OI00123147,2026-01-21,C003148,P00148,E00148,R008,3,1899.94,57.0,1842.95,1191.14,52.0,33.17
123251,Invalid Foreign Key: Order_ID; Invalid Foreign Key: Order_Item_ID; Invalid Foreign Key: Employee_ID,SA00123250,O0023250,OI00123250,2026-05-04,C003251,P00251,E00251,R011,1,671.42,6.71,664.71,421.0,75.0,11.96
123307,Invalid Foreign Key: Order_Item_ID; Invalid Foreign Key: Product_ID,SA00123306,O0023306,OI00123306,2026-06-29,C003307,P00307,E00307,R007,2,225.02,2.25,222.77,139.37,51.0,4.01
123318,Invalid Foreign Key: Order_ID; Invalid Foreign Key: Order_Item_ID,SA00123317,O0023317,OI00123317,2026-07-10,C003318,P00318,E00318,R018,3,756.71,37.84,718.88,472.54,62.0,12.94
123421,Invalid Foreign Key: Order_Item_ID; Invalid Foreign Key: Product_ID,SA00123420,O0023420,OI00123420,2025-10-21,C003421,P00421,E00421,R001,1,290.34,8.71,281.63,181.47,85.0,5.07
123499,Invalid Foreign Key: Order_Item_ID; Invalid Foreign Key: Product_ID,SA00123498,O0023498,OI00123498,2026-01-07,C003499,P00499,E00499,R019,4,5124.58,204.98,4919.6,3217.02,83.0,88.55
123577,Invalid Foreign Key: Order_Item_ID; Invalid Foreign Key: Product_ID,SA00123576,O0023576,OI00123576,2026-03-26,C003577,P00577,E00077,R017,2,2003.38,100.17,1903.21,1257.19,81.0,34.26
123614,Invalid Foreign Key: Order_Item_ID; Invalid Foreign Key: Product_ID,SA00123613,O0023613,OI00123613,2026-05-02,C003614,P00614,E00114,R014,4,805.71,0.0,805.71,502.3,38.0,14.5
123751,Invalid Foreign Key: Order_ID; Invalid Foreign Key: Order_Item_ID; Invalid Foreign Key: Employee_ID,SA00123750,O0023750,OI00123750,2025-09-16,C003751,P00751,E00251,R011,1,671.42,26.86,644.57,421.0,95.0,11.6
123842,Invalid Foreign Key: Order_Item_ID; Invalid Foreign Key: Product_ID,SA00123841,O0023841,OI00123841,2025-12-16,C003842,P00842,E00342,R002,2,1114.2,44.57,1069.63,698.28,26.0,19.25
123921,Invalid Foreign Key: Order_Item_ID; Invalid Foreign Key: Product_ID,SA00123920,O0023920,OI00123920,2026-03-05,C003921,P00921,E00421,R001,1,290.34,17.42,272.92,181.47,25.0,4.91
123935,Invalid Foreign Key: Order_ID; Invalid Foreign Key: Order_Item_ID; Invalid Foreign Key: Customer_ID,SA00123934,O0023934,OI00123934,2026-03-19,C003935,P00935,E00435,R015,5,2340.9,140.45,2200.45,1466.24,39.0,39.61
123988,Invalid Foreign Key: Order_ID; Invalid Foreign Key: Order_Item_ID; Invalid Foreign Key: Customer_ID,SA00123987,O0023987,OI00123987,2026-05-11,C003988,P00988,E00488,R008,3,3424.25,102.73,3321.53,2149.28,92.0,59.79
123998,Invalid Foreign Key: Order_Item_ID; Invalid Foreign Key: Product_ID,SA00123997,O0023997,OI00123997,2026-05-21,C003998,P00998,E00498,R018,3,3805.33,228.32,3577.01,2388.81,102.0,64.39
124032,Negative Value: Quantity; Negative Value: Gross_Sales; Negative Value: Net_Sales; Invalid Foreign Key: Order_Item_ID,SA00124031,O0024031,OI00124031,2026-06-24,C004032,P00032,E00032,R012,-2,-860.15,-43.01,-817.14,538.59,56.0,0.0
124212,Invalid Foreign Key: Order_ID; Invalid Foreign Key: Order_Item_ID,SA00124211,O0024211,OI00124211,2025-12-21,C004212,P00212,E00212,R012,2,352.04,10.56,341.48,219.21,76.0,6.15
124251,Invalid Foreign Key: Order_ID; Invalid Foreign Key: Order_Item_ID; Invalid Foreign Key: Employee_ID,SA00124250,O0024250,OI00124250,2026-01-29,C004251,P00251,E00251,R011,1,671.42,0.0,671.42,421.0,35.0,12.09
124307,Invalid Foreign Key: Order_Item_ID; Invalid Foreign Key: Product_ID,SA00124306,O0024306,OI00124306,2026-03-26,C004307,P00307,E00307,R007,2,225.02,0.0,225.02,139.37,91.0,4.05
124421,Invalid Foreign Key: Order_Item_ID; Invalid Foreign Key: Product_ID,SA00124420,O0024420,OI00124420,2026-07-18,C004421,P00421,E00421,R001,1,290.34,5.81,284.54,181.47,45.0,5.12
124499,Invalid Foreign Key: Order_Item_ID; Invalid Foreign Key: Product_ID,SA00124498,O0024498,OI00124498,2025-10-04,C004499,P00499,E00499,R019,4,5124.58,153.74,4970.85,3217.02,43.0,89.48
124577,Invalid Foreign Key: Order_Item_ID; Invalid Foreign Key: Product_ID,SA00124576,O0024576,OI00124576,2025-12-21,C004577,P00577,E00077,R017,2,2003.38,80.14,1923.24,1257.19,41.0,34.62
124614,Invalid Foreign Key: Order_Item_ID; Invalid Foreign Key: Product_ID,SA00124613,O0024613,OI00124613,2026-01-27,C004614,P00614,E00114,R014,4,805.71,48.34,757.36,502.3,78.0,13.63
124722,Invalid Foreign Key: Order_ID; Invalid Foreign Key: Order_Item_ID; Invalid Foreign Key: Customer_ID,SA00124721,O0024721,OI00124721,2026-05-15,C004722,P00722,E00222,R002,2,606.09,12.12,593.97,378.9,26.0,10.69
124751,Invalid Foreign Key: Order_ID; Invalid Foreign Key: Order_Item_ID; Invalid Foreign Key: Employee_ID,SA00124750,O0024750,OI00124750,2026-06-13,C004751,P00751,E00251,R011,1,671.42,20.14,651.28,421.0,55.0,11.72
124842,Invalid Foreign Key: Order_Item_ID; Invalid Foreign Key: Product_ID,SA00124841,O0024841,OI00124841,2025-09-12,C004842,P00842,E00342,R002,2,1114.2,33.43,1080.77,698.28,66.0,19.45
124879,Invalid Foreign Key: Order_ID; Invalid Foreign Key: Order_Item_ID,SA00124878,O0024878,OI00124878,2025-10-19,C004879,P00879,E00379,R019,4,4108.38,205.42,3902.96,2578.26,103.0,70.25
124918,Invalid Foreign Key: Order_Item_ID,SA00124917,O0024917,OI00124917,2025-11-27,C004918,P00918,E00418,R018,3,756.71,15.13,741.58,472.54,62.0,13.35
124921,Invalid Foreign Key: Order_Item_ID; Invalid Foreign Key: Product_ID,SA00124920,O0024920,OI00124920,2025-11-30,C004921,P00921,E00421,R001,1,290.34,14.52,275.83,181.47,65.0,4.96
124985,Invalid Foreign Key: Order_ID; Invalid Foreign Key: Order_Item_ID; Invalid Foreign Key: Customer_ID,SA00124984,O0024984,OI00124984,2026-02-02,C004985,P00985,E00485,R005,5,5516.55,330.99,5185.56,3462.36,49.0,93.34
124998,Invalid Foreign Key: Order_Item_ID; Invalid Foreign Key: Product_ID,SA00124997,O0024997,OI00124997,2026-02-15,C004998,P00998,E00498,R018,3,3805.33,190.27,3615.06,2388.81,62.0,65.07
125076,Invalid Foreign Key: Order_Item_ID,SA00125075,O0025075,OI00125075,2026-05-04,C005076,P00076,E00076,R016,1,988.99,59.34,929.65,620.61,60.0,16.73
125251,Invalid Foreign Key: Order_ID; Invalid Foreign Key: Order_Item_ID; Invalid Foreign Key: Employee_ID,SA00125250,O0025250,OI00125250,2025-10-26,C005251,P00251,E00251,R011,1,671.42,40.29,631.14,421.0,75.0,11.36
125307,Invalid Foreign Key: Order_Item_ID; Invalid Foreign Key: Product_ID,SA00125306,O0025306,OI00125306,2025-12-21,C005307,P00307,E00307,R007,2,225.02,13.5,211.52,139.37,51.0,3.81
125421,Invalid Foreign Key: Order_Item_ID; Invalid Foreign Key: Product_ID,SA00125420,O0025420,OI00125420,2026-04-14,C005421,P00421,E00421,R001,1,290.34,2.9,287.44,181.47,85.0,5.17
125499,Invalid Foreign Key: Order_Item_ID; Invalid Foreign Key: Product_ID,SA00125498,O0025498,OI00125498,2026-07-01,C005499,P00499,E00499,R019,4,5124.58,102.49,5022.09,3217.02,83.0,90.4
125509,Invalid Foreign Key: Order_ID; Invalid Foreign Key: Order_Item_ID; Invalid Foreign Key: Customer_ID,SA00125508,O0025508,OI00125508,2026-07-11,C005509,P00509,E00009,R009,4,551.65,27.58,524.07,342.61,93.0,9.43
125577,Invalid Foreign Key: Order_Item_ID; Invalid Foreign Key: Product_ID,SA00125576,O0025576,OI00125576,2025-09-17,C005577,P00577,E00077,R017,2,2003.38,60.1,1943.28,1257.19,81.0,34.98
125614,Invalid Foreign Key: Order_Item_ID; Invalid Foreign Key: Product_ID,SA00125613,O0025613,OI00125613,2025-10-24,C005614,P00614,E00114,R014,4,805.71,40.29,765.42,502.3,38.0,13.78
125751,Invalid Foreign Key: Order_ID; Invalid Foreign Key: Order_Item_ID; Invalid Foreign Key: Employee_ID,SA00125750,O0025750,OI00125750,2026-03-10,C005751,P00751,E00251,R011,1,671.42,13.43,657.99,421.0,95.0,11.84
125842,Invalid Foreign Key: Order_Item_ID; Invalid Foreign Key: Product_ID,SA00125841,O0025841,OI00125841,2026-06-09,C005842,P00842,E00342,R002,2,1114.2,22.28,1091.91,698.28,26.0,19.65
125921,Invalid Foreign Key: Order_Item_ID; Invalid Foreign Key: Product_ID,SA00125920,O0025920,OI00125920,2026-08-27,C005921,P00921,E00421,R001,1,290.34,11.61,278.73,181.47,25.0,5.02
125982,Invalid Foreign Key: Order_ID; Invalid Foreign Key: Order_Item_ID; Invalid Foreign Key: Customer_ID,SA00125981,O0025981,OI00125981,2025-10-27,C005982,P00982,E00482,R002,2,2130.4,42.61,2087.8,1337.04,86.0,37.58
125998,Invalid Foreign Key: Order_Item_ID; Invalid Foreign Key: Product_ID,SA00125997,O0025997,OI00125997,2025-11-12,C005998,P00998,E00498,R018,3,3805.33,152.21,3653.12,2388.81,102.0,65.76
126019,Invalid Foreign Key: Order_Item_ID,SA00126018,O0026018,OI00126018,2025-12-03,C006019,P00019,E00019,R019,4,1059.76,42.39,1017.37,661.99,43.0,18.31
126251,Invalid Foreign Key: Order_ID; Invalid Foreign Key: Order_Item_ID; Invalid Foreign Key: Employee_ID,SA00126250,O0026250,OI00126250,2026-07-23,C006251,P00251,E00251,R011,1,671.42,33.57,637.85,421.0,35.0,11.48
126296,Invalid Foreign Key: Order_ID; Invalid Foreign Key: Order_Item_ID; Invalid Foreign Key: Customer_ID,SA00126295,O0026295,OI00126295,2025-09-06,C006296,P00296,E00296,R016,1,1243.04,12.43,1230.61,780.3,80.0,22.15
126307,Invalid Foreign Key: Order_Item_ID; Invalid Foreign Key: Product_ID,SA00126306,O0026306,OI00126306,2025-09-17,C006307,P00307,E00307,R007,2,225.02,11.25,213.77,139.37,91.0,3.85
126413,Invalid Foreign Key: Order_ID; Invalid Foreign Key: Order_Item_ID,SA00126412,O0026412,OI00126412,2026-01-01,C006413,P00413,E00413,R013,3,566.17,33.97,532.2,352.77,37.0,9.58
126421,Invalid Foreign Key: Order_Item_ID; Invalid Foreign Key: Product_ID,SA00126420,O0026420,OI00126420,2026-01-09,C006421,P00421,E00421,R001,1,290.34,0.0,290.34,181.47,45.0,5.23
126499,Invalid Foreign Key: Order_Item_ID; Invalid Foreign Key: Product_ID,SA00126498,O0026498,OI00126498,2026-03-28,C006499,P00499,E00499,R019,4,5124.58,51.25,5073.34,3217.02,43.0,91.32
126577,Invalid Foreign Key: Order_Item_ID; Invalid Foreign Key: Product_ID,SA00126576,O0026576,OI00126576,2026-06-14,C006577,P00577,E00077,R017,2,2003.38,40.07,1963.31,1257.19,41.0,35.34
126614,Invalid Foreign Key: Order_Item_ID; Invalid Foreign Key: Product_ID,SA00126613,O0026613,OI00126613,2026-07-21,C006614,P00614,E00114,R014,4,805.71,32.23,773.48,502.3,78.0,13.92
126649,Invalid Foreign Key: Order_ID; Invalid Foreign Key: Order_Item_ID,SA00126648,O0026648,OI00126648,2026-08-25,C006649,P00649,E00149,R009,4,2584.07,103.36,2480.71,1620.12,33.0,44.65
126656,Invalid Foreign Key: Order_ID; Invalid Foreign Key: Order_Item_ID,SA00126655,O0026655,OI00126655,2025-09-01,C006656,P00656,E00156,R016,1,734.94,29.4,705.54,460.92,40.0,12.7
126751,Invalid Foreign Key: Order_ID; Invalid Foreign Key: Order_Item_ID; Invalid Foreign Key: Employee_ID,SA00126750,O0026750,OI00126750,2025-12-05,C006751,P00751,E00251,R011,1,671.42,6.71,664.71,421.0,55.0,11.96
126842,Invalid Foreign Key: Order_Item_ID; Invalid Foreign Key: Product_ID,SA00126841,O0026841,OI00126841,2026-03-06,C006842,P00842,E00342,R002,2,1114.2,11.14,1103.06,698.28,66.0,19.86
126921,Invalid Foreign Key: Order_Item_ID; Invalid Foreign Key: Product_ID,SA00126920,O0026920,OI00126920,2026-05-24,C006921,P00921,E00421,R001,1,290.34,8.71,281.63,181.47,65.0,5.07
126979,Invalid Foreign Key: Order_ID; Invalid Foreign Key: Order_Item_ID; Invalid Foreign Key: Customer_ID,SA00126978,O0026978,OI00126978,2026-07-21,C006979,P00979,E00479,R019,4,4108.38,205.42,3902.96,2578.26,43.0,70.25
126998,Invalid Foreign Key: Order_Item_ID; Invalid Foreign Key: Product_ID,SA00126997,O0026997,OI00126997,2026-08-09,C006998,P00998,E00498,R018,3,3805.33,114.16,3691.17,2388.81,62.0,66.44
127083,Invalid Foreign Key: Order_ID; Invalid Foreign Key: Order_Item_ID; Invalid Foreign Key: Customer_ID,SA00127082,O0027082,OI00127082,2025-11-02,C007083,P00083,E00083,R003,3,3233.71,129.35,3104.37,2029.51,67.0,55.88
127251,Invalid Foreign Key: Order_ID; Invalid Foreign Key: Order_Item_ID; Invalid Foreign Key: Employee_ID,SA00127250,O0027250,OI00127250,2026-04-19,C007251,P00251,E00251,R011,1,671.42,26.86,644.57,421.0,75.0,11.6
127307,Invalid Foreign Key: Order_Item_ID; Invalid Foreign Key: Product_ID,SA00127306,O0027306,OI00127306,2026-06-14,C007307,P00307,E00307,R007,2,225.02,9.0,216.02,139.37,51.0,3.89
127421,Invalid Foreign Key: Order_Item_ID; Invalid Foreign Key: Product_ID,SA00127420,O0027420,OI00127420,2025-10-06,C007421,P00421,E00421,R001,1,290.34,17.42,272.92,181.47,85.0,4.91
127499,Invalid Foreign Key: Order_Item_ID; Invalid Foreign Key: Product_ID,SA00127498,O0027498,OI00127498,2025-12-23,C007499,P00499,E00499,R019,4,5124.58,0.0,5124.58,3217.02,83.0,92.24
127577,Invalid Foreign Key: Order_Item_ID; Invalid Foreign Key: Product_ID,SA00127576,O0027576,OI00127576,2026-03-11,C007577,P00577,E00077,R017,2,2003.38,20.03,1983.34,1257.19,81.0,35.7
127614,Invalid Foreign Key: Order_Item_ID; Invalid Foreign Key: Product_ID,SA00127613,O0027613,OI00127613,2026-04-17,C007614,P00614,E00114,R014,4,805.71,24.17,781.54,502.3,38.0,14.07
127751,Invalid Foreign Key: Order_ID; Invalid Foreign Key: Order_Item_ID; Invalid Foreign Key: Employee_ID,SA00127750,O0027750,OI00127750,2025-09-01,C007751,P00751,E00251,R011,1,671.42,0.0,671.42,421.0,95.0,12.09
127842,Invalid Foreign Key: Order_Item_ID; Invalid Foreign Key: Product_ID,SA00127841,O0027841,OI00127841,2025-12-01,C007842,P00842,E00342,R002,2,1114.2,0.0,1114.2,698.28,26.0,20.06
127870,Invalid Foreign Key: Order_ID; Invalid Foreign Key: Order_Item_ID; Invalid Foreign Key: Customer_ID,SA00127869,O0027869,OI00127869,2025-12-29,C007870,P00870,E00370,R010,5,4563.86,0.0,4563.86,2863.52,54.0,82.15
127921,Invalid Foreign Key: Order_Item_ID; Invalid Foreign Key: Product_ID,SA00127920,O0027920,OI00127920,2026-02-18,C007921,P00921,E00421,R001,1,290.34,5.81,284.54,181.47,25.0,5.12
127976,Invalid Foreign Key: Order_ID; Invalid Foreign Key: Order_Item_ID; Invalid Foreign Key: Customer_ID,SA00127975,O0027975,OI00127975,2026-04-14,C007976,P00976,E00476,R016,1,988.99,9.89,979.1,620.61,80.0,17.62
127998,Invalid Foreign Key: Order_Item_ID; Invalid Foreign Key: Product_ID,SA00127997,O0027997,OI00127997,2026-05-06,C007998,P00998,E00498,R018,3,3805.33,76.11,3729.22,2388.81,102.0,67.13
128033,Negative Value: Quantity; Negative Value: Gross_Sales; Negative Value: Net_Sales; Invalid Foreign Key: Order_Item_ID,SA00128032,O0028032,OI00128032,2026-06-10,C008033,P00033,E00033,R013,-2,-885.55,-17.71,-867.84,554.56,57.0,0.0
128121,Invalid Foreign Key: Order_Item_ID,SA00128120,O0028120,OI00128120,2025-09-06,C008121,P00121,E00121,R001,1,290.34,17.42,272.92,181.47,65.0,4.91
128251,Invalid Foreign Key: Order_ID; Invalid Foreign Key: Order_Item_ID; Invalid Foreign Key: Employee_ID,SA00128250,O0028250,OI00128250,2026-01-14,C008251,P00251,E00251,R011,1,671.42,20.14,651.28,421.0,35.0,11.72
128307,Invalid Foreign Key: Order_Item_ID; Invalid Foreign Key: Product_ID,SA00128306,O0028306,OI00128306,2026-03-11,C008307,P00307,E00307,R007,2,225.02,6.75,218.27,139.37,91.0,3.93
128421,Invalid Foreign Key: Order_Item_ID; Invalid Foreign Key: Product_ID,SA00128420,O0028420,OI00128420,2026-07-03,C008421,P00421,E00421,R001,1,290.34,14.52,275.83,181.47,45.0,4.96
128433,Invalid Foreign Key: Order_ID; Invalid Foreign Key: Order_Item_ID,SA00128432,O0028432,OI00128432,2026-07-15,C008433,P00433,E00433,R013,3,1328.33,39.85,1288.48,831.84,57.0,23.19
128499,Invalid Foreign Key: Order_Item_ID; Invalid Foreign Key: Product_ID,SA00128498,O0028498,OI00128498,2025-09-19,C008499,P00499,E00499,R019,4,5124.58,307.48,4817.11,3217.02,43.0,86.71
128577,Invalid Foreign Key: Order_Item_ID; Invalid Foreign Key: Product_ID,SA00128576,O0028576,OI00128576,2025-12-06,C008577,P00577,E00077,R017,2,2003.38,0.0,2003.38,1257.19,41.0,36.06
128614,Invalid Foreign Key: Order_ID; Invalid Foreign Key: Order_Item_ID; Invalid Foreign Key: Product_ID,SA00128613,O0028613,OI00128613,2026-01-12,C008614,P00614,E00114,R014,4,805.71,16.11,789.59,502.3,78.0,14.21
128657,Invalid Foreign Key: Order_ID; Invalid Foreign Key: Order_Item_ID; Invalid Foreign Key: Customer_ID,SA00128656,O0028656,OI00128656,2026-02-24,C008657,P00657,E00157,R017,2,1495.28,44.86,1450.42,937.81,41.0,26.11
128751,Invalid Foreign Key: Order_ID; Invalid Foreign Key: Order_Item_ID; Invalid Foreign Key: Employee_ID,SA00128750,O0028750,OI00128750,2026-05-29,C008751,P00751,E00251,R011,1,671.42,40.29,631.14,421.0,55.0,11.36
128842,Invalid Foreign Key: Order_Item_ID; Invalid Foreign Key: Product_ID,SA00128841,O0028841,OI00128841,2026-08-28,C008842,P00842,E00342,R002,2,1114.2,66.85,1047.35,698.28,66.0,18.85
128921,Invalid Foreign Key: Order_Item_ID; Invalid Foreign Key: Product_ID,SA00128920,O0028920,OI00128920,2025-11-15,C008921,P00921,E00421,R001,1,290.34,2.9,287.44,181.47,65.0,5.17
128973,Invalid Foreign Key: Order_ID; Invalid Foreign Key: Order_Item_ID; Invalid Foreign Key: Customer_ID,SA00128972,O0028972,OI00128972,2026-01-06,C008973,P00973,E00473,R013,3,2852.64,114.11,2738.53,1789.98,37.0,49.29
128998,Invalid Foreign Key: Order_Item_ID; Invalid Foreign Key: Product_ID,SA00128997,O0028997,OI00128997,2026-01-31,C008998,P00998,E00498,R018,3,3805.33,38.05,3767.28,2388.81,62.0,67.81
129251,Invalid Foreign Key: Order_ID; Invalid Foreign Key: Order_Item_ID; Invalid Foreign Key: Employee_ID,SA00129250,O0029250,OI00129250,2025-10-11,C009251,P00251,E00251,R011,1,671.42,13.43,657.99,421.0,75.0,11.84
129307,Invalid Foreign Key: Order_Item_ID; Invalid Foreign Key: Product_ID,SA00129306,O0029306,OI00129306,2025-12-06,C009307,P00307,E00307,R007,2,225.02,4.5,220.52,139.37,51.0,3.97
129421,Invalid Foreign Key: Order_Item_ID; Invalid Foreign Key: Product_ID,SA00129420,O0029420,OI00129420,2026-03-30,C009421,P00421,E00421,R001,1,290.34,11.61,278.73,181.47,85.0,5.02
129444,Invalid Foreign Key: Order_ID; Invalid Foreign Key: Order_Item_ID; Invalid Foreign Key: Customer_ID,SA00129443,O0029443,OI00129443,2026-04-22,C009444,P00444,E00444,R004,4,2330.02,139.8,2190.22,1460.43,28.0,39.42
129499,Invalid Foreign Key: Order_Item_ID; Invalid Foreign Key: Product_ID,SA00129498,O0029498,OI00129498,2026-06-16,C009499,P00499,E00499,R019,4,5124.58,256.23,4868.36,3217.02,83.0,87.63
129577,Invalid Foreign Key: Order_Item_ID; Invalid Foreign Key: Product_ID,SA00129576,O0029576,OI00129576,2025-09-02,C009577,P00577,E00077,R017,2,2003.38,120.2,1883.18,1257.19,81.0,33.9
129614,Invalid Foreign Key: Order_Item_ID; Invalid Foreign Key: Product_ID,SA00129613,O0029613,OI00129613,2025-10-09,C009614,P00614,E00114,R014,4,805.71,8.06,797.65,502.3,38.0,14.36
129751,Invalid Foreign Key: Order_ID; Invalid Foreign Key: Order_Item_ID; Invalid Foreign Key: Employee_ID,SA00129750,O0029750,OI00129750,2026-02-23,C009751,P00751,E00251,R011,1,671.42,33.57,637.85,421.0,95.0,11.48
129842,Invalid Foreign Key: Order_Item_ID; Invalid Foreign Key: Product_ID,SA00129841,O0029841,OI00129841,2026-05-25,C009842,P00842,E00342,R002,2,1114.2,55.71,1058.49,698.28,26.0,19.05
129921,Invalid Foreign Key: Order_Item_ID; Invalid Foreign Key: Product_ID,SA00129920,O0029920,OI00129920,2026-08-12,C009921,P00921,E00421,R001,1,290.34,0.0,290.34,181.47,25.0,5.23
129970,Invalid Foreign Key: Order_ID; Invalid Foreign Key: Order_Item_ID; Invalid Foreign Key: Customer_ID,SA00129969,O0029969,OI00129969,2025-09-30,C009970,P00970,E00470,R010,5,4563.86,0.0,4563.86,2863.52,74.0,82.15
129980,Invalid Foreign Key: Order_ID; Invalid Foreign Key: Order_Item_ID,SA00129979,O0029979,OI00129979,2025-10-10,C009980,P00980,E00480,R020,5,5198.99,155.97,5043.02,3262.75,84.0,90.77
129998,Invalid Foreign Key: Order_Item_ID; Invalid Foreign Key: Product_ID,SA00129997,O0029997,OI00129997,2025-10-28,C009998,P00998,E00498,R018,3,3805.33,0.0,3805.33,2388.81,102.0,68.5
130022,Invalid Foreign Key: Order_ID; Invalid Foreign Key: Order_Item_ID,SA00130021,O0030021,OI00130021,2025-11-21,C010022,P00022,E00022,R002,2,606.09,18.18,587.91,378.9,46.0,10.58
130079,Invalid Foreign Key: Order_Item_ID,SA00130078,O0030078,OI00130078,2026-01-17,C010079,P00079,E00079,R019,4,4108.38,164.34,3944.04,2578.26,103.0,70.99
130210,Invalid Foreign Key: Order_ID; Invalid Foreign Key: Order_Item_ID,SA00130209,O0030209,OI00130209,2026-05-28,C010210,P00210,E00210,R010,5,753.08,15.06,738.02,468.18,74.0,13.28
130231,Invalid Foreign Key: Order_ID; Invalid Foreign Key: Order_Item_ID; Invalid Foreign Key: Customer_ID,SA00130230,O0030230,OI00130230,2026-06-18,C010231,P00231,E00231,R011,1,417.37,8.35,409.02,261.31,95.0,7.36
130251,Invalid Foreign Key: Order_ID; Invalid Foreign Key: Order_Item_ID; Invalid Foreign Key: Employee_ID,SA00130250,O0030250,OI00130250,2026-07-08,C010251,P00251,E00251,R011,1,671.42,6.71,664.71,421.0,35.0,11.96
130307,Invalid Foreign Key: Order_Item_ID; Invalid Foreign Key: Product_ID,SA00130306,O0030306,OI00130306,2025-09-02,C010307,P00307,E00307,R007,2,225.02,2.25,222.77,139.37,91.0,4.01
130421,Invalid Foreign Key: Order_Item_ID; Invalid Foreign Key: Product_ID,SA00130420,O0030420,OI00130420,2025-12-25,C010421,P00421,E00421,R001,1,290.34,8.71,281.63,181.47,45.0,5.07
130499,Invalid Foreign Key: Order_Item_ID; Invalid Foreign Key: Product_ID,SA00130498,O0030498,OI00130498,2026-03-13,C010499,P00499,E00499,R019,4,5124.58,204.98,4919.6,3217.02,43.0,88.55
130577,Invalid Foreign Key: Order_Item_ID; Invalid Foreign Key: Product_ID,SA00130576,O0030576,OI00130576,2026-05-30,C010577,P00577,E00077,R017,2,2003.38,100.17,1903.21,1257.19,41.0,34.26
130614,Invalid Foreign Key: Order_Item_ID; Invalid Foreign Key: Product_ID,SA00130613,O0030613,OI00130613,2026-07-06,C010614,P00614,E00114,R014,4,805.71,0.0,805.71,502.3,78.0,14.5
130751,Invalid Foreign Key: Order_ID; Invalid Foreign Key: Order_Item_ID; Invalid Foreign Key: Employee_ID,SA00130750,O0030750,OI00130750,2025-11-20,C010751,P00751,E00251,R011,1,671.42,26.86,644.57,421.0,55.0,11.6
130815,Invalid Foreign Key: Order_ID; Invalid Foreign Key: Order_Item_ID,SA00130814,O0030814,OI00130814,2026-01-23,C010815,P00815,E00315,R015,5,1070.65,53.53,1017.11,667.79,39.0,18.31
130842,Invalid Foreign Key: Order_Item_ID; Invalid Foreign Key: Product_ID,SA00130841,O0030841,OI00130841,2026-02-19,C010842,P00842,E00342,R002,2,1114.2,44.57,1069.63,698.28,66.0,19.25
130921,Invalid Foreign Key: Order_Item_ID; Invalid Foreign Key: Product_ID,SA00130920,O0030920,OI00130920,2026-05-09,C010921,P00921,E00421,R001,1,290.34,17.42,272.92,181.47,65.0,4.91
130967,Invalid Foreign Key: Order_ID; Invalid Foreign Key: Order_Item_ID; Invalid Foreign Key: Customer_ID,SA00130966,O0030966,OI00130966,2026-06-24,C010967,P00967,E00467,R007,2,1749.33,52.48,1696.85,1097.5,31.0,30.54
130998,Invalid Foreign Key: Order_Item_ID; Invalid Foreign Key: Product_ID,SA00130997,O0030997,OI00130997,2026-07-25,C010998,P00998,E00498,R018,3,3805.33,228.32,3577.01,2388.81,62.0,64.39
131018,Invalid Foreign Key: Order_ID; Invalid Foreign Key: Order_Item_ID; Invalid Foreign Key: Customer_ID,SA00131017,O0031017,OI00131017,2026-08-14,C011018,P00018,E00018,R018,3,756.71,37.84,718.88,472.54,82.0,12.94
131251,Invalid Foreign Key: Order_ID; Invalid Foreign Key: Order_Item_ID; Invalid Foreign Key: Employee_ID,SA00131250,O0031250,OI00131250,2026-04-04,C011251,P00251,E00251,R011,1,671.42,0.0,671.42,421.0,75.0,12.09
131307,Invalid Foreign Key: Order_Item_ID; Invalid Foreign Key: Product_ID,SA00131306,O0031306,OI00131306,2026-05-30,C011307,P00307,E00307,R007,2,225.02,0.0,225.02,139.37,51.0,4.05
131324,Invalid Foreign Key: Order_Item_ID,SA00131323,O0031323,OI00131323,2026-06-16,C011324,P00324,E00324,R004,4,1313.81,39.41,1274.4,821.68,68.0,22.94
131421,Invalid Foreign Key: Order_Item_ID; Invalid Foreign Key: Product_ID,SA00131420,O0031420,OI00131420,2025-09-21,C011421,P00421,E00421,R001,1,290.34,5.81,284.54,181.47,85.0,5.12
131499,Invalid Foreign Key: Order_Item_ID; Invalid Foreign Key: Product_ID,SA00131498,O0031498,OI00131498,2025-12-08,C011499,P00499,E00499,R019,4,5124.58,153.74,4970.85,3217.02,83.0,89.48
131577,Invalid Foreign Key: Order_Item_ID; Invalid Foreign Key: Product_ID,SA00131576,O0031576,OI00131576,2026-02-24,C011577,P00577,E00077,R017,2,2003.38,80.14,1923.24,1257.19,81.0,34.62
131614,Invalid Foreign Key: Order_Item_ID; Invalid Foreign Key: Product_ID,SA00131613,O0031613,OI00131613,2026-04-02,C011614,P00614,E00114,R014,4,805.71,48.34,757.36,502.3,38.0,13.63
131751,Invalid Foreign Key: Order_ID; Invalid Foreign Key: Order_Item_ID; Invalid Foreign Key: Employee_ID,SA00131750,O0031750,OI00131750,2026-08-17,C011751,P00751,E00251,R011,1,671.42,20.14,651.28,421.0,95.0,11.72
131805,Invalid Foreign Key: Order_ID; Invalid Foreign Key: Order_Item_ID; Invalid Foreign Key: Customer_ID,SA00131804,O0031804,OI00131804,2025-10-10,C011805,P00805,E00305,R005,5,435.52,4.36,431.16,268.57,69.0,7.76
131842,Invalid Foreign Key: Order_Item_ID; Invalid Foreign Key: Product_ID,SA00131841,O0031841,OI00131841,2025-11-16,C011842,P00842,E00342,R002,2,1114.2,33.43,1080.77,698.28,26.0,19.45
131921,Invalid Foreign Key: Order_Item_ID; Invalid Foreign Key: Product_ID,SA00131920,O0031920,OI00131920,2026-02-03,C011921,P00921,E00421,R001,1,290.34,14.52,275.83,181.47,25.0,4.96
131964,Invalid Foreign Key: Order_ID; Invalid Foreign Key: Order_Item_ID; Invalid Foreign Key: Customer_ID,SA00131963,O0031963,OI00131963,2026-03-18,C011964,P00964,E00464,R004,4,3346.22,200.77,3145.45,2099.19,68.0,56.62
131987,Invalid Foreign Key: Order_ID; Invalid Foreign Key: Order_Item_ID,SA00131986,O0031986,OI00131986,2026-04-10,C011987,P00987,E00487,R007,2,2257.43,22.57,2234.86,1416.88,91.0,40.23
131998,Invalid Foreign Key: Order_Item_ID; Invalid Foreign Key: Product_ID,SA00131997,O0031997,OI00131997,2026-04-21,C011998,P00998,E00498,R018,3,3805.33,190.27,3615.06,2388.81,102.0,65.07
132034,Negative Value: Quantity; Negative Value: Gross_Sales; Negative Value: Net_Sales; Invalid Foreign Key: Order_Item_ID,SA00132033,O0032033,OI00132033,2026-05-27,C012034,P00034,E00034,R014,-2,-910.96,-54.66,-856.3,570.53,58.0,0.0
132251,Invalid Foreign Key: Order_ID; Invalid Foreign Key: Order_Item_ID; Invalid Foreign Key: Employee_ID,SA00132250,O0032250,OI00132250,2025-12-30,C012251,P00251,E00251,R011,1,671.42,40.29,631.14,421.0,35.0,11.36
132307,Invalid Foreign Key: Order_Item_ID; Invalid Foreign Key: Product_ID,SA00132306,O0032306,OI00132306,2026-02-24,C012307,P00307,E00307,R007,2,225.02,13.5,211.52,139.37,91.0,3.81
132421,Invalid Foreign Key: Order_Item_ID; Invalid Foreign Key: Product_ID,SA00132420,O0032420,OI00132420,2026-06-18,C012421,P00421,E00421,R001,1,290.34,2.9,287.44,181.47,45.0,5.17
132499,Invalid Foreign Key: Order_Item_ID; Invalid Foreign Key: Product_ID,SA00132498,O0032498,OI00132498,2025-09-04,C012499,P00499,E00499,R019,4,5124.58,102.49,5022.09,3217.02,43.0,90.4
132577,Invalid Foreign Key: Order_Item_ID; Invalid Foreign Key: Product_ID,SA00132576,O0032576,OI00132576,2025-11-21,C012577,P00577,E00077,R017,2,2003.38,60.1,1943.28,1257.19,41.0,34.98
132592,Invalid Foreign Key: Order_ID; Invalid Foreign Key: Order_Item_ID; Invalid Foreign Key: Customer_ID,SA00132591,O0032591,OI00132591,2025-12-06,C012592,P00592,E00092,R012,2,2384.46,95.38,2289.08,1496.73,56.0,41.2
132614,Invalid Foreign Key: Order_Item_ID; Invalid Foreign Key: Product_ID,SA00132613,O0032613,OI00132613,2025-12-28,C012614,P00614,E00114,R014,4,805.71,40.29,765.42,502.3,78.0,13.78
132751,Invalid Foreign Key: Order_ID; Invalid Foreign Key: Order_Item_ID; Invalid Foreign Key: Employee_ID,SA00132750,O0032750,OI00132750,2026-05-14,C012751,P00751,E00251,R011,1,671.42,13.43,657.99,421.0,55.0,11.84
132842,Invalid Foreign Key: Order_Item_ID; Invalid Foreign Key: Product_ID,SA00132841,O0032841,OI00132841,2026-08-13,C012842,P00842,E00342,R002,2,1114.2,22.28,1091.91,698.28,66.0,19.65
132921,Invalid Foreign Key: Order_Item_ID; Invalid Foreign Key: Product_ID,SA00132920,O0032920,OI00132920,2025-10-31,C012921,P00921,E00421,R001,1,290.34,11.61,278.73,181.47,65.0,5.02
132961,Invalid Foreign Key: Order_ID; Invalid Foreign Key: Order_Item_ID; Invalid Foreign Key: Customer_ID,SA00132960,O0032960,OI00132960,2025-12-10,C012961,P00961,E00461,R001,1,798.45,15.97,782.48,500.84,25.0,14.08
132998,Invalid Foreign Key: Order_Item_ID; Invalid Foreign Key: Product_ID,SA00132997,O0032997,OI00132997,2026-01-16,C012998,P00998,E00498,R018,3,3805.33,152.21,3653.12,2388.81,62.0,65.76
133016,Invalid Foreign Key: Order_ID; Invalid Foreign Key: Order_Item_ID,SA00133015,O0033015,OI00133015,2026-02-03,C013016,P00016,E00016,R016,1,226.83,2.27,224.56,141.54,80.0,4.04
133020,Invalid Foreign Key: Order_Item_ID,SA00133019,O0033019,OI00133019,2026-02-07,C013020,P00020,E00020,R020,5,1388.21,69.41,1318.8,867.4,84.0,23.74
133251,Invalid Foreign Key: Order_ID; Invalid Foreign Key: Order_Item_ID; Invalid Foreign Key: Employee_ID,SA00133250,O0033250,OI00133250,2025-09-26,C013251,P00251,E00251,R011,1,671.42,33.57,637.85,421.0,75.0,11.48
133307,Invalid Foreign Key: Order_Item_ID; Invalid Foreign Key: Product_ID,SA00133306,O0033306,OI00133306,2025-11-21,C013307,P00307,E00307,R007,2,225.02,11.25,213.77,139.37,51.0,3.85
133311,Invalid Foreign Key: Order_ID; Invalid Foreign Key: Order_Item_ID,SA00133310,O0033310,OI00133310,2025-11-25,C013311,P00311,E00311,R011,1,163.32,3.27,160.05,101.62,55.0,2.88
133379,Invalid Foreign Key: Order_ID; Invalid Foreign Key: Order_Item_ID; Invalid Foreign Key: Customer_ID,SA00133378,O0033378,OI00133378,2026-02-01,C013379,P00379,E00379,R019,4,4108.38,0.0,4108.38,2578.26,43.0,73.95
133421,Invalid Foreign Key: Order_Item_ID; Invalid Foreign Key: Product_ID,SA00133420,O0033420,OI00133420,2026-03-15,C013421,P00421,E00421,R001,1,290.34,0.0,290.34,181.47,85.0,5.23
133499,Invalid Foreign Key: Order_Item_ID; Invalid Foreign Key: Product_ID,SA00133498,O0033498,OI00133498,2026-06-01,C013499,P00499,E00499,R019,4,5124.58,51.25,5073.34,3217.02,83.0,91.32
133577,Invalid Foreign Key: Order_Item_ID; Invalid Foreign Key: Product_ID,SA00133576,O0033576,OI00133576,2026-08-18,C013577,P00577,E00077,R017,2,2003.38,40.07,1963.31,1257.19,81.0,35.34
133614,Invalid Foreign Key: Order_Item_ID; Invalid Foreign Key: Product_ID,SA00133613,O0033613,OI00133613,2025-09-24,C013614,P00614,E00114,R014,4,805.71,32.23,773.48,502.3,38.0,13.92
133751,Invalid Foreign Key: Order_ID; Invalid Foreign Key: Order_Item_ID; Invalid Foreign Key: Employee_ID,SA00133750,O0033750,OI00133750,2026-02-08,C013751,P00751,E00251,R011,1,671.42,6.71,664.71,421.0,95.0,11.96
133764,Invalid Foreign Key: Order_ID; Invalid Foreign Key: Order_Item_ID,SA00133763,O0033763,OI00133763,2026-02-21,C013764,P00764,E00264,R004,4,3346.22,0.0,3346.22,2099.19,28.0,60.23
133842,Invalid Foreign Key: Order_Item_ID; Invalid Foreign Key: Product_ID,SA00133841,O0033841,OI00133841,2026-05-10,C013842,P00842,E00342,R002,2,1114.2,11.14,1103.06,698.28,26.0,19.86
133921,Invalid Foreign Key: Order_Item_ID; Invalid Foreign Key: Product_ID,SA00133920,O0033920,OI00133920,2026-07-28,C013921,P00921,E00421,R001,1,290.34,8.71,281.63,181.47,25.0,5.07
133958,Invalid Foreign Key: Order_ID; Invalid Foreign Key: Order_Item_ID; Invalid Foreign Key: Customer_ID,SA00133957,O0033957,OI00133957,2025-09-03,C013958,P00958,E00458,R018,3,2281.02,114.05,2166.97,1430.67,62.0,39.01
133998,Invalid Foreign Key: Order_Item_ID; Invalid Foreign Key: Product_ID,SA00133997,O0033997,OI00133997,2025-10-13,C013998,P00998,E00498,R018,3,3805.33,114.16,3691.17,2388.81,102.0,66.44
134166,Invalid Foreign Key: Order_ID; Invalid Foreign Key: Order_Item_ID; Invalid Foreign Key: Customer_ID,SA00134165,O0034165,OI00134165,2026-03-30,C014166,P00166,E00166,R006,1,861.96,25.86,836.1,540.77,30.0,15.05
134251,Invalid Foreign Key: Order_ID; Invalid Foreign Key: Order_Item_ID; Invalid Foreign Key: Employee_ID,SA00134250,O0034250,OI00134250,2026-06-23,C014251,P00251,E00251,R011,1,671.42,26.86,644.57,421.0,35.0,11.6
134307,Invalid Foreign Key: Order_Item_ID; Invalid Foreign Key: Product_ID,SA00134306,O0034306,OI00134306,2026-08-18,C014307,P00307,E00307,R007,2,225.02,9.0,216.02,139.37,91.0,3.89
134421,Invalid Foreign Key: Order_Item_ID; Invalid Foreign Key: Product_ID,SA00134420,O0034420,OI00134420,2025-12-10,C014421,P00421,E00421,R001,1,290.34,17.42,272.92,181.47,45.0,4.91
134499,Invalid Foreign Key: Order_Item_ID; Invalid Foreign Key: Product_ID,SA00134498,O0034498,OI00134498,2026-02-26,C014499,P00499,E00499,R019,4,5124.58,0.0,5124.58,3217.02,43.0,92.24
134527,Invalid Foreign Key: Order_Item_ID,SA00134526,O0034526,OI00134526,2026-03-26,C014527,P00527,E00027,R007,2,733.12,0.0,733.12,458.74,71.0,13.2
134577,Invalid Foreign Key: Order_Item_ID; Invalid Foreign Key: Product_ID,SA00134576,O0034576,OI00134576,2026-05-15,C014577,P00577,E00077,R017,2,2003.38,20.03,1983.34,1257.19,41.0,35.7
134614,Invalid Foreign Key: Order_Item_ID; Invalid Foreign Key: Product_ID,SA00134613,O0034613,OI00134613,2026-06-21,C014614,P00614,E00114,R014,4,805.71,24.17,781.54,502.3,78.0,14.07
134751,Invalid Foreign Key: Order_ID; Invalid Foreign Key: Order_Item_ID; Invalid Foreign Key: Employee_ID,SA00134750,O0034750,OI00134750,2025-11-05,C014751,P00751,E00251,R011,1,671.42,0.0,671.42,421.0,55.0,12.09
134842,Invalid Foreign Key: Order_Item_ID; Invalid Foreign Key: Product_ID,SA00134841,O0034841,OI00134841,2026-02-04,C014842,P00842,E00342,R002,2,1114.2,0.0,1114.2,698.28,66.0,20.06
134921,Invalid Foreign Key: Order_Item_ID; Invalid Foreign Key: Product_ID,SA00134920,O0034920,OI00134920,2026-04-24,C014921,P00921,E00421,R001,1,290.34,5.81,284.54,181.47,65.0,5.12
134953,Invalid Foreign Key: Order_ID; Invalid Foreign Key: Order_Item_ID; Invalid Foreign Key: Customer_ID,SA00134952,O0034952,OI00134952,2026-05-26,C014953,P00953,E00453,R013,3,2090.48,125.43,1965.05,1310.91,97.0,35.37
134955,Invalid Foreign Key: Order_ID; Invalid Foreign Key: Order_Item_ID; Invalid Foreign Key: Customer_ID,SA00134954,O0034954,OI00134954,2026-05-28,C014955,P00955,E00455,R015,5,3611.16,36.11,3575.05,2264.69,99.0,64.35
134998,Invalid Foreign Key: Order_Item_ID; Invalid Foreign Key: Product_ID,SA00134997,O0034997,OI00134997,2026-07-10,C014998,P00998,E00498,R018,3,3805.33,76.11,3729.22,2388.81,62.0,67.13
135082,Invalid Foreign Key: Order_Item_ID,SA00135081,O0035081,OI00135081,2025-10-02,C015082,P00082,E00082,R002,2,2130.4,42.61,2087.8,1337.04,66.0,37.58
135217,Invalid Foreign Key: Order_ID; Invalid Foreign Key: Order_Item_ID,SA00135216,O0035216,OI00135216,2026-02-14,C015217,P00217,E00217,R017,2,479.07,19.16,459.91,299.06,41.0,8.28
135251,Invalid Foreign Key: Order_ID; Invalid Foreign Key: Order_Item_ID; Invalid Foreign Key: Employee_ID,SA00135250,O0035250,OI00135250,2026-03-20,C015251,P00251,E00251,R011,1,671.42,20.14,651.28,421.0,75.0,11.72
135307,Invalid Foreign Key: Order_Item_ID; Invalid Foreign Key: Product_ID,SA00135306,O0035306,OI00135306,2026-05-15,C015307,P00307,E00307,R007,2,225.02,6.75,218.27,139.37,51.0,3.93
135421,Invalid Foreign Key: Order_Item_ID; Invalid Foreign Key: Product_ID,SA00135420,O0035420,OI00135420,2025-09-06,C015421,P00421,E00421,R001,1,290.34,14.52,275.83,181.47,85.0,4.96
135499,Invalid Foreign Key: Order_Item_ID; Invalid Foreign Key: Product_ID,SA00135498,O0035498,OI00135498,2025-11-23,C015499,P00499,E00499,R019,4,5124.58,307.48,4817.11,3217.02,83.0,86.71
135541,Invalid Foreign Key: Order_ID; Invalid Foreign Key: Order_Item_ID,SA00135540,O0035540,OI00135540,2026-01-04,C015541,P00541,E00041,R001,1,544.4,32.66,511.73,341.16,45.0,9.21
135577,Invalid Foreign Key: Order_Item_ID; Invalid Foreign Key: Product_ID,SA00135576,O0035576,OI00135576,2026-02-09,C015577,P00577,E00077,R017,2,2003.38,0.0,2003.38,1257.19,81.0,36.06
135614,Invalid Foreign Key: Order_Item_ID; Invalid Foreign Key: Product_ID,SA00135613,O0035613,OI00135613,2026-03-18,C015614,P00614,E00114,R014,4,805.71,16.11,789.59,502.3,38.0,14.21
135740,Invalid Foreign Key: Order_ID; Invalid Foreign Key: Order_Item_ID; Invalid Foreign Key: Customer_ID,SA00135739,O0035739,OI00135739,2026-07-22,C015740,P00740,E00240,R020,5,2658.47,53.17,2605.3,1665.85,84.0,46.9
135751,Invalid Foreign Key: Order_ID; Invalid Foreign Key: Order_Item_ID; Invalid Foreign Key: Employee_ID,SA00135750,O0035750,OI00135750,2026-08-02,C015751,P00751,E00251,R011,1,671.42,40.29,631.14,421.0,95.0,11.36
135842,Invalid Foreign Key: Order_Item_ID; Invalid Foreign Key: Product_ID,SA00135841,O0035841,OI00135841,2025-11-01,C015842,P00842,E00342,R002,2,1114.2,66.85,1047.35,698.28,26.0,18.85
135921,Invalid Foreign Key: Order_Item_ID; Invalid Foreign Key: Product_ID,SA00135920,O0035920,OI00135920,2026-01-19,C015921,P00921,E00421,R001,1,290.34,2.9,287.44,181.47,25.0,5.17
135952,Invalid Foreign Key: Order_ID; Invalid Foreign Key: Order_Item_ID; Invalid Foreign Key: Customer_ID,SA00135951,O0035951,OI00135951,2026-02-19,C015952,P00952,E00452,R012,2,1368.25,54.73,1313.52,857.97,56.0,23.64
135998,Invalid Foreign Key: Order_Item_ID; Invalid Foreign Key: Product_ID,SA00135997,O0035997,OI00135997,2026-04-06,C015998,P00998,E00498,R018,3,3805.33,38.05,3767.28,2388.81,102.0,67.81
136035,Negative Value: Quantity; Negative Value: Gross_Sales; Negative Value: Net_Sales; Invalid Foreign Key: Order_Item_ID,SA00136034,O0036034,OI00136034,2026-05-13,C016035,P00035,E00035,R015,-2,-936.36,-28.09,-908.27,586.5,59.0,0.0
136251,Invalid Foreign Key: Order_ID; Invalid Foreign Key: Order_Item_ID; Invalid Foreign Key: Employee_ID,SA00136250,O0036250,OI00136250,2025-12-15,C016251,P00251,E00251,R011,1,671.42,13.43,657.99,421.0,35.0,11.84
136307,Invalid Foreign Key: Order_Item_ID; Invalid Foreign Key: Product_ID,SA00136306,O0036306,OI00136306,2026-02-09,C016307,P00307,E00307,R007,2,225.02,4.5,220.52,139.37,91.0,3.97
136421,Invalid Foreign Key: Order_Item_ID; Invalid Foreign Key: Product_ID,SA00136420,O0036420,OI00136420,2026-06-03,C016421,P00421,E00421,R001,1,290.34,11.61,278.73,181.47,45.0,5.02
136499,Invalid Foreign Key: Order_Item_ID; Invalid Foreign Key: Product_ID,SA00136498,O0036498,OI00136498,2026-08-20,C016499,P00499,E00499,R019,4,5124.58,256.23,4868.36,3217.02,43.0,87.63
136527,Invalid Foreign Key: Order_ID; Invalid Foreign Key: Order_Item_ID; Invalid Foreign Key: Customer_ID,SA00136526,O0036526,OI00136526,2025-09-17,C016527,P00527,E00027,R007,2,733.12,36.66,696.46,458.74,71.0,12.54
136577,Invalid Foreign Key: Order_Item_ID; Invalid Foreign Key: Product_ID,SA00136576,O0036576,OI00136576,2025-11-06,C016577,P00577,E00077,R017,2,2003.38,120.2,1883.18,1257.19,41.0,33.9
136614,Invalid Foreign Key: Order_Item_ID; Invalid Foreign Key: Product_ID,SA00136613,O0036613,OI00136613,2025-12-13,C016614,P00614,E00114,R014,4,805.71,8.06,797.65,502.3,78.0,14.36
136642,Invalid Foreign Key: Order_ID; Invalid Foreign Key: Order_Item_ID,SA00136641,O0036641,OI00136641,2026-01-10,C016642,P00642,E00142,R002,2,1114.2,11.14,1103.06,698.28,26.0,19.86
136751,Invalid Foreign Key: Order_ID; Invalid Foreign Key: Order_Item_ID; Invalid Foreign Key: Employee_ID,SA00136750,O0036750,OI00136750,2026-04-29,C016751,P00751,E00251,R011,1,671.42,33.57,637.85,421.0,55.0,11.48
136842,Invalid Foreign Key: Order_Item_ID; Invalid Foreign Key: Product_ID,SA00136841,O0036841,OI00136841,2026-07-29,C016842,P00842,E00342,R002,2,1114.2,55.71,1058.49,698.28,66.0,19.05
136921,Invalid Foreign Key: Order_Item_ID; Invalid Foreign Key: Product_ID,SA00136920,O0036920,OI00136920,2025-10-16,C016921,P00921,E00421,R001,1,290.34,0.0,290.34,181.47,65.0,5.23
136949,Invalid Foreign Key: Order_ID; Invalid Foreign Key: Order_Item_ID; Invalid Foreign Key: Customer_ID,SA00136948,O0036948,OI00136948,2025-11-13,C016949,P00949,E00449,R009,4,2584.07,0.0,2584.07,1620.12,93.0,46.51
136998,Invalid Foreign Key: Order_Item_ID; Invalid Foreign Key: Product_ID,SA00136997,O0036997,OI00136997,2026-01-01,C016998,P00998,E00498,R018,3,3805.33,0.0,3805.33,2388.81,62.0,68.5
137251,Invalid Foreign Key: Order_ID; Invalid Foreign Key: Order_Item_ID; Invalid Foreign Key: Employee_ID,SA00137250,O0037250,OI00137250,2025-09-11,C017251,P00251,E00251,R011,1,671.42,6.71,664.71,421.0,75.0,11.96
137307,Invalid Foreign Key: Order_Item_ID; Invalid Foreign Key: Product_ID,SA00137306,O0037306,OI00137306,2025-11-06,C017307,P00307,E00307,R007,2,225.02,2.25,222.77,139.37,51.0,4.01
137314,Invalid Foreign Key: Order_ID; Invalid Foreign Key: Order_Item_ID; Invalid Foreign Key: Customer_ID,SA00137313,O0037313,OI00137313,2025-11-13,C017314,P00314,E00314,R014,4,805.71,8.06,797.65,502.3,58.0,14.36
137318,Invalid Foreign Key: Order_ID; Invalid Foreign Key: Order_Item_ID,SA00137317,O0037317,OI00137317,2025-11-17,C017318,P00318,E00318,R018,3,756.71,37.84,718.88,472.54,62.0,12.94
137418,Invalid Foreign Key: Order_ID; Invalid Foreign Key: Order_Item_ID,SA00137417,O0037417,OI00137417,2026-02-25,C017418,P00418,E00418,R018,3,756.71,0.0,756.71,472.54,82.0,13.62
137421,Invalid Foreign Key: Order_Item_ID; Invalid Foreign Key: Product_ID,SA00137420,O0037420,OI00137420,2026-02-28,C017421,P00421,E00421,R001,1,290.34,8.71,281.63,181.47,85.0,5.07
137499,Invalid Foreign Key: Order_Item_ID; Invalid Foreign Key: Product_ID,SA00137498,O0037498,OI00137498,2026-05-17,C017499,P00499,E00499,R019,4,5124.58,204.98,4919.6,3217.02,83.0,88.55
137577,Invalid Foreign Key: Order_Item_ID; Invalid Foreign Key: Product_ID,SA00137576,O0037576,OI00137576,2026-08-03,C017577,P00577,E00077,R017,2,2003.38,100.17,1903.21,1257.19,81.0,34.26
137614,Invalid Foreign Key: Order_Item_ID; Invalid Foreign Key: Product_ID,SA00137613,O0037613,OI00137613,2025-09-09,C017614,P00614,E00114,R014,4,805.71,0.0,805.71,502.3,38.0,14.5
137730,Invalid Foreign Key: Order_Item_ID,SA00137729,O0037729,OI00137729,2026-01-03,C017730,P00730,E00230,R010,5,2023.34,80.93,1942.41,1266.63,74.0,34.96
137751,Invalid Foreign Key: Order_ID; Invalid Foreign Key: Order_Item_ID; Invalid Foreign Key: Employee_ID,SA00137750,O0037750,OI00137750,2026-01-24,C017751,P00751,E00251,R011,1,671.42,26.86,644.57,421.0,95.0,11.6
137842,Invalid Foreign Key: Order_Item_ID; Invalid Foreign Key: Product_ID,SA00137841,O0037841,OI00137841,2026-04-25,C017842,P00842,E00342,R002,2,1114.2,44.57,1069.63,698.28,26.0,19.25
137921,Invalid Foreign Key: Order_Item_ID; Invalid Foreign Key: Product_ID,SA00137920,O0037920,OI00137920,2026-07-13,C017921,P00921,E00421,R001,1,290.34,17.42,272.92,181.47,25.0,4.91
137946,Invalid Foreign Key: Order_ID; Invalid Foreign Key: Order_Item_ID; Invalid Foreign Key: Customer_ID,SA00137945,O0037945,OI00137945,2026-08-07,C017946,P00946,E00446,R006,1,607.91,18.24,589.67,381.08,50.0,10.61
137998,Invalid Foreign Key: Order_Item_ID; Invalid Foreign Key: Product_ID,SA00137997,O0037997,OI00137997,2025-09-28,C017998,P00998,E00498,R018,3,3805.33,228.32,3577.01,2388.81,102.0,64.39
138101,Invalid Foreign Key: Order_ID; Invalid Foreign Key: Order_Item_ID; Invalid Foreign Key: Customer_ID,SA00138100,O0038100,OI00138100,2026-01-09,C018101,P00101,E00101,R001,1,36.29,1.45,34.84,21.78,45.0,0.63
138251,Invalid Foreign Key: Order_ID; Invalid Foreign Key: Order_Item_ID; Invalid Foreign Key: Employee_ID,SA00138250,O0038250,OI00138250,2026-06-08,C018251,P00251,E00251,R011,1,671.42,0.0,671.42,421.0,35.0,12.09
138307,Invalid Foreign Key: Order_Item_ID; Invalid Foreign Key: Product_ID,SA00138306,O0038306,OI00138306,2026-08-03,C018307,P00307,E00307,R007,2,225.02,0.0,225.02,139.37,91.0,4.05
138421,Invalid Foreign Key: Order_Item_ID; Invalid Foreign Key: Product_ID,SA00138420,O0038420,OI00138420,2025-11-25,C018421,P00421,E00421,R001,1,290.34,5.81,284.54,181.47,45.0,5.12
138499,Invalid Foreign Key: Order_Item_ID; Invalid Foreign Key: Product_ID,SA00138498,O0038498,OI00138498,2026-02-11,C018499,P00499,E00499,R019,4,5124.58,153.74,4970.85,3217.02,43.0,89.48
138577,Invalid Foreign Key: Order_Item_ID; Invalid Foreign Key: Product_ID,SA00138576,O0038576,OI00138576,2026-04-30,C018577,P00577,E00077,R017,2,2003.38,80.14,1923.24,1257.19,41.0,34.62
138614,Invalid Foreign Key: Order_Item_ID; Invalid Foreign Key: Product_ID,SA00138613,O0038613,OI00138613,2026-06-06,C018614,P00614,E00114,R014,4,805.71,48.34,757.36,502.3,78.0,13.63
138751,Invalid Foreign Key: Order_ID; Invalid Foreign Key: Order_Item_ID; Invalid Foreign Key: Employee_ID,SA00138750,O0038750,OI00138750,2025-10-21,C018751,P00751,E00251,R011,1,671.42,20.14,651.28,421.0,55.0,11.72
138842,Invalid Foreign Key: Order_Item_ID; Invalid Foreign Key: Product_ID,SA00138841,O0038841,OI00138841,2026-01-20,C018842,P00842,E00342,R002,2,1114.2,33.43,1080.77,698.28,66.0,19.45
138888,Invalid Foreign Key: Order_ID; Invalid Foreign Key: Order_Item_ID; Invalid Foreign Key: Customer_ID,SA00138887,O0038887,OI00138887,2026-03-07,C018888,P00888,E00388,R008,3,3424.25,0.0,3424.25,2149.28,32.0,61.64
138921,Invalid Foreign Key: Order_Item_ID; Invalid Foreign Key: Product_ID,SA00138920,O0038920,OI00138920,2026-04-09,C018921,P00921,E00421,R001,1,290.34,14.52,275.83,181.47,65.0,4.96
138943,Invalid Foreign Key: Order_ID; Invalid Foreign Key: Order_Item_ID; Invalid Foreign Key: Customer_ID,SA00138942,O0038942,OI00138942,2026-05-01,C018943,P00943,E00443,R003,3,1709.4,102.56,1606.84,1071.37,87.0,28.92
138998,Invalid Foreign Key: Order_Item_ID; Invalid Foreign Key: Product_ID,SA00138997,O0038997,OI00138997,2026-06-25,C018998,P00998,E00498,R018,3,3805.33,190.27,3615.06,2388.81,62.0,65.07
139095,Invalid Foreign Key: Order_ID; Invalid Foreign Key: Order_Item_ID,SA00139094,O0039094,OI00139094,2025-09-30,C019095,P00095,E00095,R015,5,6151.68,246.07,5905.61,3861.58,79.0,106.3
139251,Invalid Foreign Key: Order_ID; Invalid Foreign Key: Order_Item_ID; Invalid Foreign Key: Employee_ID,SA00139250,O0039250,OI00139250,2026-03-05,C019251,P00251,E00251,R011,1,671.42,40.29,631.14,421.0,75.0,11.36
139307,Invalid Foreign Key: Order_Item_ID; Invalid Foreign Key: Product_ID,SA00139306,O0039306,OI00139306,2026-04-30,C019307,P00307,E00307,R007,2,225.02,13.5,211.52,139.37,51.0,3.81
139421,Invalid Foreign Key: Order_Item_ID; Invalid Foreign Key: Product_ID,SA00139420,O0039420,OI00139420,2026-08-22,C019421,P00421,E00421,R001,1,290.34,2.9,287.44,181.47,85.0,5.17
139499,Invalid Foreign Key: Order_Item_ID; Invalid Foreign Key: Product_ID,SA00139498,O0039498,OI00139498,2025-11-08,C019499,P00499,E00499,R019,4,5124.58,102.49,5022.09,3217.02,83.0,90.4
139577,Invalid Foreign Key: Order_Item_ID; Invalid Foreign Key: Product_ID,SA00139576,O0039576,OI00139576,2026-01-25,C019577,P00577,E00077,R017,2,2003.38,60.1,1943.28,1257.19,81.0,34.98
139614,Invalid Foreign Key: Order_Item_ID; Invalid Foreign Key: Product_ID,SA00139613,O0039613,OI00139613,2026-03-03,C019614,P00614,E00114,R014,4,805.71,40.29,765.42,502.3,38.0,13.78
139619,Invalid Foreign Key: Order_ID; Invalid Foreign Key: Order_Item_ID,SA00139618,O0039618,OI00139618,2026-03-08,C019619,P00619,E00119,R019,4,1059.76,31.79,1027.97,661.99,43.0,18.5
139675,Invalid Foreign Key: Order_ID; Invalid Foreign Key: Order_Item_ID; Invalid Foreign Key: Customer_ID,SA00139674,O0039674,OI00139674,2026-05-03,C019675,P00675,E00175,R015,5,4881.42,146.44,4734.98,3063.14,99.0,85.23
139751,Invalid Foreign Key: Order_ID; Invalid Foreign Key: Order_Item_ID; Invalid Foreign Key: Employee_ID,SA00139750,O0039750,OI00139750,2026-07-18,C019751,P00751,E00251,R011,1,671.42,13.43,657.99,421.0,95.0,11.84
139842,Invalid Foreign Key: Order_Item_ID; Invalid Foreign Key: Product_ID,SA00139841,O0039841,OI00139841,2025-10-17,C019842,P00842,E00342,R002,2,1114.2,22.28,1091.91,698.28,26.0,19.65
139921,Invalid Foreign Key: Order_Item_ID; Invalid Foreign Key: Product_ID,SA00139920,O0039920,OI00139920,2026-01-04,C019921,P00921,E00421,R001,1,290.34,11.61,278.73,181.47,25.0,5.02
139940,Invalid Foreign Key: Order_ID; Invalid Foreign Key: Order_Item_ID; Invalid Foreign Key: Customer_ID,SA00139939,O0039939,OI00139939,2026-01-23,C019940,P00940,E00440,R020,5,2658.47,53.17,2605.3,1665.85,44.0,46.9
139973,Invalid Foreign Key: Order_ID; Invalid Foreign Key: Order_Item_ID,SA00139972,O0039972,OI00139972,2026-02-25,C019973,P00973,E00473,R013,3,2852.64,0.0,2852.64,1789.98,77.0,51.35
139998,Invalid Foreign Key: Order_Item_ID; Invalid Foreign Key: Product_ID,SA00139997,O0039997,OI00139997,2026-03-22,C019998,P00998,E00498,R018,3,3805.33,152.21,3653.12,2388.81,102.0,65.76
140021,Invalid Foreign Key: Order_Item_ID,SA00140020,O0040020,OI00140020,2026-04-14,C000021,P00021,E00021,R001,1,290.34,17.42,272.92,181.47,45.0,4.91
140029,Invalid Foreign Key: Order_ID; Invalid Foreign Key: Order_Item_ID,SA00140028,O0040028,OI00140028,2026-04-22,C000029,P00029,E00029,R009,4,1567.86,0.0,1567.86,981.37,53.0,28.22
140036,Negative Value: Quantity; Negative Value: Gross_Sales; Negative Value: Net_Sales; Invalid Foreign Key: Order_Item_ID,SA00140035,O0040035,OI00140035,2026-04-29,C000036,P00036,E00036,R016,-2,-961.77,0.0,-961.77,602.47,60.0,0.0
140085,Invalid Foreign Key: Order_Item_ID,SA00140084,O0040084,OI00140084,2026-06-17,C000085,P00085,E00085,R005,5,5516.55,0.0,5516.55,3462.36,29.0,99.3
140251,Invalid Foreign Key: Order_ID; Invalid Foreign Key: Order_Item_ID; Invalid Foreign Key: Employee_ID,SA00140250,O0040250,OI00140250,2025-11-30,C000251,P00251,E00251,R011,1,671.42,33.57,637.85,421.0,35.0,11.48
140307,Invalid Foreign Key: Order_Item_ID; Invalid Foreign Key: Product_ID,SA00140306,O0040306,OI00140306,2026-01-25,C000307,P00307,E00307,R007,2,225.02,11.25,213.77,139.37,91.0,3.85
140421,Invalid Foreign Key: Order_Item_ID; Invalid Foreign Key: Product_ID,SA00140420,O0040420,OI00140420,2026-05-19,C000421,P00421,E00421,R001,1,290.34,0.0,290.34,181.47,45.0,5.23
140499,Invalid Foreign Key: Order_Item_ID; Invalid Foreign Key: Product_ID,SA00140498,O0040498,OI00140498,2026-08-05,C000499,P00499,E00499,R019,4,5124.58,51.25,5073.34,3217.02,43.0,91.32
140577,Invalid Foreign Key: Order_Item_ID; Invalid Foreign Key: Product_ID,SA00140576,O0040576,OI00140576,2025-10-22,C000577,P00577,E00077,R017,2,2003.38,40.07,1963.31,1257.19,41.0,35.34
140614,Invalid Foreign Key: Order_Item_ID; Invalid Foreign Key: Product_ID,SA00140613,O0040613,OI00140613,2025-11-28,C000614,P00614,E00114,R014,4,805.71,32.23,773.48,502.3,78.0,13.92
140751,Invalid Foreign Key: Order_ID; Invalid Foreign Key: Order_Item_ID; Invalid Foreign Key: Employee_ID,SA00140750,O0040750,OI00140750,2026-04-14,C000751,P00751,E00251,R011,1,671.42,6.71,664.71,421.0,55.0,11.96
140787,Invalid Foreign Key: Order_ID; Invalid Foreign Key: Order_Item_ID; Invalid Foreign Key: Customer_ID,SA00140786,O0040786,OI00140786,2026-05-20,C000787,P00787,E00287,R007,2,2257.43,45.15,2212.28,1416.88,91.0,39.82
140842,Invalid Foreign Key: Order_Item_ID; Invalid Foreign Key: Product_ID,SA00140841,O0040841,OI00140841,2026-07-14,C000842,P00842,E00342,R002,2,1114.2,11.14,1103.06,698.28,66.0,19.86
140872,Invalid Foreign Key: Order_ID; Invalid Foreign Key: Order_Item_ID,SA00140871,O0040871,OI00140871,2026-08-13,C000872,P00872,E00372,R012,2,1876.35,56.29,1820.06,1177.35,96.0,32.76
140921,Invalid Foreign Key: Order_Item_ID; Invalid Foreign Key: Product_ID,SA00140920,O0040920,OI00140920,2025-10-01,C000921,P00921,E00421,R001,1,290.34,8.71,281.63,181.47,65.0,5.07
140933,Invalid Foreign Key: Order_Item_ID,SA00140932,O0040932,OI00140932,2025-10-13,C000933,P00933,E00433,R013,3,1328.33,13.28,1315.04,831.84,77.0,23.67
140997,Invalid Foreign Key: Order_ID; Invalid Foreign Key: Order_Item_ID; Invalid Foreign Key: Customer_ID,SA00140996,O0040996,OI00140996,2025-12-16,C000997,P00997,E00497,R017,2,2511.48,50.23,2461.25,1576.57,61.0,44.3
140998,Invalid Foreign Key: Order_Item_ID; Invalid Foreign Key: Product_ID,SA00140997,O0040997,OI00140997,2025-12-17,C000998,P00998,E00498,R018,3,3805.33,114.16,3691.17,2388.81,62.0,66.44
141251,Invalid Foreign Key: Order_ID; Invalid Foreign Key: Order_Item_ID; Invalid Foreign Key: Employee_ID,SA00141250,O0041250,OI00141250,2026-08-27,C001251,P00251,E00251,R011,1,671.42,26.86,644.57,421.0,75.0,11.6
141307,Invalid Foreign Key: Order_Item_ID; Invalid Foreign Key: Product_ID,SA00141306,O0041306,OI00141306,2025-10-22,C001307,P00307,E00307,R007,2,225.02,9.0,216.02,139.37,51.0,3.89
141421,Invalid Foreign Key: Order_Item_ID; Invalid Foreign Key: Product_ID,SA00141420,O0041420,OI00141420,2026-02-13,C001421,P00421,E00421,R001,1,290.34,17.42,272.92,181.47,85.0,4.91
141499,Invalid Foreign Key: Order_Item_ID; Invalid Foreign Key: Product_ID,SA00141498,O0041498,OI00141498,2026-05-02,C001499,P00499,E00499,R019,4,5124.58,0.0,5124.58,3217.02,83.0,92.24
141574,Invalid Foreign Key: Order_ID; Invalid Foreign Key: Order_Item_ID; Invalid Foreign Key: Customer_ID,SA00141573,O0041573,OI00141573,2026-07-16,C001574,P00574,E00074,R014,4,3854.33,192.72,3661.61,2418.57,78.0,65.91
141577,Invalid Foreign Key: Order_Item_ID; Invalid Foreign Key: Product_ID,SA00141576,O0041576,OI00141576,2026-07-19,C001577,P00577,E00077,R017,2,2003.38,20.03,1983.34,1257.19,81.0,35.7
141614,Invalid Foreign Key: Order_Item_ID; Invalid Foreign Key: Product_ID,SA00141613,O0041613,OI00141613,2026-08-25,C001614,P00614,E00114,R014,4,805.71,24.17,781.54,502.3,38.0,14.07
141751,Invalid Foreign Key: Order_ID; Invalid Foreign Key: Order_Item_ID; Invalid Foreign Key: Employee_ID,SA00141750,O0041750,OI00141750,2026-01-09,C001751,P00751,E00251,R011,1,671.42,0.0,671.42,421.0,95.0,12.09
141820,Invalid Foreign Key: Order_ID; Invalid Foreign Key: Order_Item_ID,SA00141819,O0041819,OI00141819,2026-03-19,C001820,P00820,E00320,R020,5,1388.21,83.29,1304.92,867.4,84.0,23.49
141842,Invalid Foreign Key: Order_Item_ID; Invalid Foreign Key: Product_ID,SA00141841,O0041841,OI00141841,2026-04-10,C001842,P00842,E00342,R002,2,1114.2,0.0,1114.2,698.28,26.0,20.06
141921,Invalid Foreign Key: Order_Item_ID; Invalid Foreign Key: Product_ID,SA00141920,O0041920,OI00141920,2026-06-28,C001921,P00921,E00421,R001,1,290.34,5.81,284.54,181.47,25.0,5.12
141994,Invalid Foreign Key: Order_ID; Invalid Foreign Key: Order_Item_ID; Invalid Foreign Key: Customer_ID,SA00141993,O0041993,OI00141993,2025-09-09,C001994,P00994,E00494,R014,4,4870.53,243.53,4627.01,3057.33,98.0,83.29
141998,Invalid Foreign Key: Order_Item_ID; Invalid Foreign Key: Product_ID,SA00141997,O0041997,OI00141997,2025-09-13,C001998,P00998,E00498,R018,3,3805.33,76.11,3729.22,2388.81,102.0,67.13
142251,Invalid Foreign Key: Order_ID; Invalid Foreign Key: Order_Item_ID; Invalid Foreign Key: Employee_ID,SA00142250,O0042250,OI00142250,2026-05-24,C002251,P00251,E00251,R011,1,671.42,20.14,651.28,421.0,35.0,11.72
142307,Invalid Foreign Key: Order_Item_ID; Invalid Foreign Key: Product_ID,SA00142306,O0042306,OI00142306,2026-07-19,C002307,P00307,E00307,R007,2,225.02,6.75,218.27,139.37,91.0,3.93
142361,Invalid Foreign Key: Order_ID; Invalid Foreign Key: Order_Item_ID; Invalid Foreign Key: Customer_ID,SA00142360,O0042360,OI00142360,2025-09-11,C002361,P00361,E00361,R001,1,798.45,7.98,790.46,500.84,65.0,14.23
142421,Invalid Foreign Key: Order_Item_ID; Invalid Foreign Key: Product_ID,SA00142420,O0042420,OI00142420,2025-11-10,C002421,P00421,E00421,R001,1,290.34,14.52,275.83,181.47,45.0,4.96
142499,Invalid Foreign Key: Order_Item_ID; Invalid Foreign Key: Product_ID,SA00142498,O0042498,OI00142498,2026-01-27,C002499,P00499,E00499,R019,4,5124.58,307.48,4817.11,3217.02,43.0,86.71
142577,Invalid Foreign Key: Order_Item_ID; Invalid Foreign Key: Product_ID,SA00142576,O0042576,OI00142576,2026-04-15,C002577,P00577,E00077,R017,2,2003.38,0.0,2003.38,1257.19,41.0,36.06
142614,Invalid Foreign Key: Order_Item_ID; Invalid Foreign Key: Product_ID,SA00142613,O0042613,OI00142613,2026-05-22,C002614,P00614,E00114,R014,4,805.71,16.11,789.59,502.3,78.0,14.21
142649,Invalid Foreign Key: Order_ID; Invalid Foreign Key: Order_Item_ID,SA00142648,O0042648,OI00142648,2026-06-26,C002649,P00649,E00149,R009,4,2584.07,51.68,2532.39,1620.12,33.0,45.58
142751,Invalid Foreign Key: Order_ID; Invalid Foreign Key: Order_Item_ID; Invalid Foreign Key: Employee_ID,SA00142750,O0042750,OI00142750,2025-10-06,C002751,P00751,E00251,R011,1,671.42,40.29,631.14,421.0,55.0,11.36
142842,Invalid Foreign Key: Order_Item_ID; Invalid Foreign Key: Product_ID,SA00142841,O0042841,OI00142841,2026-01-05,C002842,P00842,E00342,R002,2,1114.2,66.85,1047.35,698.28,66.0,18.85
142921,Invalid Foreign Key: Order_Item_ID; Invalid Foreign Key: Product_ID,SA00142920,O0042920,OI00142920,2026-03-25,C002921,P00921,E00421,R001,1,290.34,2.9,287.44,181.47,65.0,5.17
142991,Invalid Foreign Key: Order_ID; Invalid Foreign Key: Order_Item_ID; Invalid Foreign Key: Customer_ID,SA00142990,O0042990,OI00142990,2026-06-03,C002991,P00991,E00491,R011,1,1179.53,11.8,1167.73,740.38,55.0,21.02
142998,Invalid Foreign Key: Order_Item_ID; Invalid Foreign Key: Product_ID,SA00142997,O0042997,OI00142997,2026-06-10,C002998,P00998,E00498,R018,3,3805.33,38.05,3767.28,2388.81,62.0,67.81
143148,Invalid Foreign Key: Order_ID; Invalid Foreign Key: Order_Item_ID; Invalid Foreign Key: Customer_ID,SA00143147,O0043147,OI00143147,2025-11-07,C003148,P00148,E00148,R008,3,1899.94,76.0,1823.95,1191.14,52.0,32.83
143251,Invalid Foreign Key: Order_ID; Invalid Foreign Key: Order_Item_ID; Invalid Foreign Key: Employee_ID,SA00143250,O0043250,OI00143250,2026-02-18,C003251,P00251,E00251,R011,1,671.42,13.43,657.99,421.0,75.0,11.84
143304,Invalid Foreign Key: Order_ID; Invalid Foreign Key: Order_Item_ID,SA00143303,O0043303,OI00143303,2026-04-12,C003304,P00304,E00304,R004,4,297.6,17.86,279.75,182.92,48.0,5.04
143307,Invalid Foreign Key: Order_Item_ID; Invalid Foreign Key: Product_ID,SA00143306,O0043306,OI00143306,2026-04-15,C003307,P00307,E00307,R007,2,225.02,4.5,220.52,139.37,51.0,3.97
143421,Invalid Foreign Key: Order_Item_ID; Invalid Foreign Key: Product_ID,SA00143420,O0043420,OI00143420,2026-08-07,C003421,P00421,E00421,R001,1,290.34,11.61,278.73,181.47,85.0,5.02
143499,Invalid Foreign Key: Order_Item_ID; Invalid Foreign Key: Product_ID,SA00143498,O0043498,OI00143498,2025-10-24,C003499,P00499,E00499,R019,4,5124.58,256.23,4868.36,3217.02,83.0,87.63
143577,Invalid Foreign Key: Order_Item_ID; Invalid Foreign Key: Product_ID,SA00143576,O0043576,OI00143576,2026-01-10,C003577,P00577,E00077,R017,2,2003.38,120.2,1883.18,2388.67,81.0,33.9
143614,Invalid Foreign Key: Order_Item_ID; Invalid Foreign Key: Product_ID,SA00143613,O0043613,OI00143613,2026-02-16,C003614,P00614,E00114,R014,4,805.71,8.06,797.65,502.3,38.0,14.36
143751,Invalid Foreign Key: Order_ID; Invalid Foreign Key: Order_Item_ID; Invalid Foreign Key: Employee_ID,SA00143750,O0043750,OI00143750,2026-07-03,C003751,P00751,E00251,R011,1,671.42,33.57,637.85,421.0,95.0,11.48
143842,Invalid Foreign Key: Order_Item_ID; Invalid Foreign Key: Product_ID,SA00143841,O0043841,OI00143841,2025-10-02,C003842,P00842,E00342,R002,2,1114.2,55.71,1058.49,698.28,26.0,19.05
143921,Invalid Foreign Key: Order_Item_ID; Invalid Foreign Key: Product_ID,SA00143920,O0043920,OI00143920,2025-12-20,C003921,P00921,E00421,R001,1,290.34,0.0,290.34,181.47,25.0,5.23
143935,Invalid Foreign Key: Order_ID; Invalid Foreign Key: Order_Item_ID; Invalid Foreign Key: Customer_ID,SA00143934,O0043934,OI00143934,2026-01-03,C003935,P00935,E00435,R015,5,2340.9,0.0,2340.9,1466.24,39.0,42.14
143988,Invalid Foreign Key: Order_ID; Invalid Foreign Key: Order_Item_ID; Invalid Foreign Key: Customer_ID,SA00143987,O0043987,OI00143987,2026-02-25,C003988,P00988,E00488,R008,3,3424.25,136.97,3287.28,4083.63,92.0,59.17
143998,Invalid Foreign Key: Order_Item_ID; Invalid Foreign Key: Product_ID,SA00143997,O0043997,OI00143997,2026-03-07,C003998,P00998,E00498,R018,3,3805.33,0.0,3805.33,2388.81,102.0,68.5
144021,Invalid Foreign Key: Order_ID; Invalid Foreign Key: Order_Item_ID,SA00144020,O0044020,OI00144020,2026-03-30,C004021,P00021,E00021,R001,1,290.34,5.81,284.54,181.47,45.0,5.12
144037,Negative Value: Quantity; Negative Value: Gross_Sales; Negative Value: Net_Sales; Invalid Foreign Key: Order_Item_ID,SA00144036,O0044036,OI00144036,2026-04-15,C004037,P00037,E00037,R017,-2,-987.17,-39.49,-947.69,618.43,61.0,0.0
144136,Invalid Foreign Key: Order_Item_ID,SA00144135,O0044135,OI00144135,2026-07-23,C004136,P00136,E00136,R016,1,480.88,24.04,456.84,301.23,80.0,8.22
144251,Invalid Foreign Key: Order_ID; Invalid Foreign Key: Order_Item_ID; Invalid Foreign Key: Employee_ID,SA00144250,O0044250,OI00144250,2025-11-15,C004251,P00251,E00251,R011,1,671.42,6.71,664.71,421.0,35.0,11.96
144307,Invalid Foreign Key: Order_Item_ID; Invalid Foreign Key: Product_ID,SA00144306,O0044306,OI00144306,2026-01-10,C004307,P00307,E00307,R007,2,225.02,2.25,222.77,139.37,91.0,4.01
144421,Invalid Foreign Key: Order_Item_ID; Invalid Foreign Key: Product_ID,SA00144420,O0044420,OI00144420,2026-05-04,C004421,P00421,E00421,R001,1,290.34,8.71,281.63,181.47,45.0,5.07
144426,Invalid Foreign Key: Order_ID; Invalid Foreign Key: Order_Item_ID,SA00144425,O0044425,OI00144425,2026-05-09,C004426,P00426,E00426,R006,1,353.86,3.54,350.32,221.39,50.0,6.31
144499,Invalid Foreign Key: Order_Item_ID; Invalid Foreign Key: Product_ID,SA00144498,O0044498,OI00144498,2026-07-21,C004499,P00499,E00499,R019,4,5124.58,204.98,4919.6,3217.02,43.0,88.55
144577,Invalid Foreign Key: Order_Item_ID; Invalid Foreign Key: Product_ID,SA00144576,O0044576,OI00144576,2025-10-07,C004577,P00577,E00077,R017,2,2003.38,100.17,1903.21,1257.19,41.0,34.26
144614,Invalid Foreign Key: Order_Item_ID; Invalid Foreign Key: Product_ID,SA00144613,O0044613,OI00144613,2025-11-13,C004614,P00614,E00114,R014,4,805.71,0.0,805.71,502.3,78.0,14.5
144722,Invalid Foreign Key: Order_ID; Invalid Foreign Key: Order_Item_ID; Invalid Foreign Key: Customer_ID,SA00144721,O0044721,OI00144721,2026-03-01,C004722,P00722,E00222,R002,2,606.09,18.18,587.91,378.9,26.0,10.58
144751,Invalid Foreign Key: Order_ID; Invalid Foreign Key: Order_Item_ID; Invalid Foreign Key: Employee_ID,SA00144750,O0044750,OI00144750,2026-03-30,C004751,P00751,E00251,R011,1,671.42,26.86,644.57,421.0,55.0,11.6
144842,Invalid Foreign Key: Order_Item_ID; Invalid Foreign Key: Product_ID,SA00144841,O0044841,OI00144841,2026-06-29,C004842,P00842,E00342,R002,2,1114.2,44.57,1069.63,698.28,66.0,19.25
144921,Invalid Foreign Key: Order_Item_ID; Invalid Foreign Key: Product_ID,SA00144920,O0044920,OI00144920,2025-09-16,C004921,P00921,E00421,R001,1,290.34,17.42,272.92,181.47,65.0,4.91
144985,Invalid Foreign Key: Order_ID; Invalid Foreign Key: Order_Item_ID; Invalid Foreign Key: Customer_ID,SA00144984,O0044984,OI00144984,2025-11-19,C004985,P00985,E00485,R005,5,5516.55,0.0,5516.55,3462.36,49.0,99.3
144998,Invalid Foreign Key: Order_Item_ID; Invalid Foreign Key: Product_ID,SA00144997,O0044997,OI00144997,2025-12-02,C004998,P00998,E00498,R018,3,3805.33,228.32,3577.01,2388.81,62.0,64.39
145088,Invalid Foreign Key: Order_Item_ID,SA00145087,O0045087,OI00145087,2026-03-02,C005088,P00088,E00088,R008,3,3424.25,171.21,3253.04,2149.28,72.0,58.55
145251,Invalid Foreign Key: Order_ID; Invalid Foreign Key: Order_Item_ID; Invalid Foreign Key: Employee_ID,SA00145250,O0045250,OI00145250,2026-08-12,C005251,P00251,E00251,R011,1,671.42,0.0,671.42,421.0,75.0,12.09
145307,Invalid Foreign Key: Order_Item_ID; Invalid Foreign Key: Product_ID,SA00145306,O0045306,OI00145306,2025-10-07,C005307,P00307,E00307,R007,2,225.02,0.0,225.02,139.37,51.0,4.05
145421,Invalid Foreign Key: Order_Item_ID; Invalid Foreign Key: Product_ID,SA00145420,O0045420,OI00145420,2026-01-29,C005421,P00421,E00421,R001,1,290.34,5.81,284.54,181.47,85.0,5.12
145499,Invalid Foreign Key: Order_Item_ID; Invalid Foreign Key: Product_ID,SA00145498,O0045498,OI00145498,2026-04-17,C005499,P00499,E00499,R019,4,5124.58,153.74,4970.85,3217.02,83.0,89.48
145509,Invalid Foreign Key: Order_ID; Invalid Foreign Key: Order_Item_ID; Invalid Foreign Key: Customer_ID,SA00145508,O0045508,OI00145508,2026-04-27,C005509,P00509,E00009,R009,4,551.65,33.1,518.56,342.61,93.0,9.33
145577,Invalid Foreign Key: Order_Item_ID; Invalid Foreign Key: Product_ID,SA00145576,O0045576,OI00145576,2026-07-04,C005577,P00577,E00077,R017,2,2003.38,80.14,1923.24,1257.19,81.0,34.62
145614,Invalid Foreign Key: Order_Item_ID; Invalid Foreign Key: Product_ID,SA00145613,O0045613,OI00145613,2026-08-10,C005614,P00614,E00114,R014,4,805.71,48.34,757.36,502.3,38.0,13.63
145751,Invalid Foreign Key: Order_ID; Invalid Foreign Key: Order_Item_ID; Invalid Foreign Key: Employee_ID,SA00145750,O0045750,OI00145750,2025-12-25,C005751,P00751,E00251,R011,1,671.42,20.14,651.28,421.0,95.0,11.72
145842,Invalid Foreign Key: Order_Item_ID; Invalid Foreign Key: Product_ID,SA00145841,O0045841,OI00145841,2026-03-26,C005842,P00842,E00342,R002,2,1114.2,33.43,1080.77,698.28,26.0,19.45
145921,Invalid Foreign Key: Order_Item_ID; Invalid Foreign Key: Product_ID,SA00145920,O0045920,OI00145920,2026-06-13,C005921,P00921,E00421,R001,1,290.34,14.52,275.83,181.47,25.0,4.96
145982,Invalid Foreign Key: Order_ID; Invalid Foreign Key: Order_Item_ID; Invalid Foreign Key: Customer_ID,SA00145981,O0045981,OI00145981,2026-08-13,C005982,P00982,E00482,R002,2,2130.4,63.91,2066.49,1337.04,86.0,37.2
145998,Invalid Foreign Key: Order_Item_ID; Invalid Foreign Key: Product_ID,SA00145997,O0045997,OI00145997,2026-08-29,C005998,P00998,E00498,R018,3,3805.33,190.27,3615.06,2388.81,102.0,65.07
146203,Invalid Foreign Key: Order_ID; Invalid Foreign Key: Order_Item_ID,SA00146202,O0046202,OI00146202,2026-03-22,C006203,P00203,E00203,R003,3,185.09,0.0,185.09,113.23,67.0,3.33
146222,Invalid Foreign Key: Order_ID; Invalid Foreign Key: Order_Item_ID,SA00146221,O0046221,OI00146221,2026-04-10,C006222,P00222,E00222,R002,2,606.09,30.3,575.79,378.9,86.0,10.36
146251,Invalid Foreign Key: Order_ID; Invalid Foreign Key: Order_Item_ID; Invalid Foreign Key: Employee_ID,SA00146250,O0046250,OI00146250,2026-05-09,C006251,P00251,E00251,R011,1,671.42,40.29,631.14,421.0,35.0,11.36
146296,Invalid Foreign Key: Order_ID; Invalid Foreign Key: Order_Item_ID; Invalid Foreign Key: Customer_ID,SA00146295,O0046295,OI00146295,2026-06-23,C006296,P00296,E00296,R016,1,1243.04,24.86,1218.18,780.3,80.0,21.93
146307,Invalid Foreign Key: Order_Item_ID; Invalid Foreign Key: Product_ID,SA00146306,O0046306,OI00146306,2026-07-04,C006307,P00307,E00307,R007,2,225.02,13.5,211.52,139.37,91.0,3.81
146421,Invalid Foreign Key: Order_Item_ID; Invalid Foreign Key: Product_ID,SA00146420,O0046420,OI00146420,2025-10-26,C006421,P00421,E00421,R001,1,290.34,2.9,287.44,181.47,45.0,5.17
146499,Invalid Foreign Key: Order_Item_ID; Invalid Foreign Key: Product_ID,SA00146498,O0046498,OI00146498,2026-01-12,C006499,P00499,E00499,R019,4,5124.58,102.49,5022.09,3217.02,43.0,90.4
146577,Invalid Foreign Key: Order_Item_ID; Invalid Foreign Key: Product_ID,SA00146576,O0046576,OI00146576,2026-03-31,C006577,P00577,E00077,R017,2,2003.38,60.1,1943.28,1257.19,41.0,34.98
146614,Invalid Foreign Key: Order_Item_ID; Invalid Foreign Key: Product_ID,SA00146613,O0046613,OI00146613,2026-05-07,C006614,P00614,E00114,R014,4,805.71,40.29,765.42,502.3,78.0,13.78
146635,Invalid Foreign Key: Order_ID; Invalid Foreign Key: Order_Item_ID,SA00146634,O0046634,OI00146634,2026-05-28,C006635,P00635,E00135,R015,5,2340.9,117.05,2223.86,1466.24,99.0,40.03
146751,Invalid Foreign Key: Order_ID; Invalid Foreign Key: Order_Item_ID; Invalid Foreign Key: Employee_ID,SA00146750,O0046750,OI00146750,2025-09-21,C006751,P00751,E00251,R011,1,671.42,13.43,657.99,421.0,55.0,11.84
146842,Invalid Foreign Key: Order_Item_ID; Invalid Foreign Key: Product_ID,SA00146841,O0046841,OI00146841,2025-12-21,C006842,P00842,E00342,R002,2,1114.2,22.28,1091.91,698.28,66.0,19.65
146921,Invalid Foreign Key: Order_Item_ID; Invalid Foreign Key: Product_ID,SA00146920,O0046920,OI00146920,2026-03-10,C006921,P00921,E00421,R001,1,290.34,11.61,278.73,181.47,65.0,5.02
146979,Invalid Foreign Key: Order_ID; Invalid Foreign Key: Order_Item_ID; Invalid Foreign Key: Customer_ID,SA00146978,O0046978,OI00146978,2026-05-07,C006979,P00979,E00479,R019,4,4108.38,246.5,3861.88,2578.26,43.0,69.51
146998,Invalid Foreign Key: Order_Item_ID; Invalid Foreign Key: Product_ID,SA00146997,O0046997,OI00146997,2026-05-26,C006998,P00998,E00498,R018,3,3805.33,152.21,3653.12,2388.81,62.0,65.76
147022,Invalid Foreign Key: Order_Item_ID,SA00147021,O0047021,OI00147021,2026-06-19,C007022,P00022,E00022,R002,2,606.09,0.0,606.09,378.9,86.0,10.91
147083,Invalid Foreign Key: Order_ID; Invalid Foreign Key: Order_Item_ID; Invalid Foreign Key: Customer_ID,SA00147082,O0047082,OI00147082,2026-08-19,C007083,P00083,E00083,R003,3,3233.71,161.69,3072.03,2029.51,67.0,55.3
147251,Invalid Foreign Key: Order_ID; Invalid Foreign Key: Order_Item_ID; Invalid Foreign Key: Employee_ID,SA00147250,O0047250,OI00147250,2026-02-03,C007251,P00251,E00251,R011,1,671.42,33.57,637.85,421.0,75.0,11.48
147307,Invalid Foreign Key: Order_Item_ID; Invalid Foreign Key: Product_ID,SA00147306,O0047306,OI00147306,2026-03-31,C007307,P00307,E00307,R007,2,225.02,11.25,213.77,139.37,51.0,3.85
147339,Invalid Foreign Key: Order_Item_ID,SA00147338,O0047338,OI00147338,2026-05-02,C007339,P00339,E00339,R019,4,2075.96,41.52,2034.45,1300.74,83.0,36.62
147421,Invalid Foreign Key: Order_Item_ID; Invalid Foreign Key: Product_ID,SA00147420,O0047420,OI00147420,2026-07-23,C007421,P00421,E00421,R001,1,290.34,0.0,290.34,181.47,85.0,5.23
147499,Invalid Foreign Key: Order_Item_ID; Invalid Foreign Key: Product_ID,SA00147498,O0047498,OI00147498,2025-10-09,C007499,P00499,E00499,R019,4,5124.58,51.25,5073.34,3217.02,83.0,91.32
147577,Invalid Foreign Key: Order_Item_ID; Invalid Foreign Key: Product_ID,SA00147576,O0047576,OI00147576,2025-12-26,C007577,P00577,E00077,R017,2,2003.38,40.07,1963.31,1257.19,81.0,35.34
147614,Invalid Foreign Key: Order_Item_ID; Invalid Foreign Key: Product_ID,SA00147613,O0047613,OI00147613,2026-02-01,C007614,P00614,E00114,R014,4,805.71,32.23,773.48,502.3,38.0,13.92
147751,Invalid Foreign Key: Order_ID; Invalid Foreign Key: Order_Item_ID; Invalid Foreign Key: Employee_ID,SA00147750,O0047750,OI00147750,2026-06-18,C007751,P00751,E00251,R011,1,671.42,6.71,664.71,421.0,95.0,11.96
147842,Invalid Foreign Key: Order_Item_ID; Invalid Foreign Key: Product_ID,SA00147841,O0047841,OI00147841,2025-09-17,C007842,P00842,E00342,R002,2,1114.2,11.14,1103.06,698.28,26.0,19.86
147870,Invalid Foreign Key: Order_ID; Invalid Foreign Key: Order_Item_ID; Invalid Foreign Key: Customer_ID,SA00147869,O0047869,OI00147869,2025-10-15,C007870,P00870,E00370,R010,5,4563.86,45.64,4518.22,2863.52,54.0,81.33
147921,Invalid Foreign Key: Order_Item_ID; Invalid Foreign Key: Product_ID,SA00147920,O0047920,OI00147920,2025-12-05,C007921,P00921,E00421,R001,1,290.34,8.71,281.63,181.47,25.0,5.07
147976,Invalid Foreign Key: Order_ID; Invalid Foreign Key: Order_Item_ID; Invalid Foreign Key: Customer_ID,SA00147975,O0047975,OI00147975,2026-01-29,C007976,P00976,E00476,R016,1,988.99,19.78,969.21,620.61,80.0,17.45
147980,Invalid Foreign Key: Order_ID; Invalid Foreign Key: Order_Item_ID,SA00147979,O0047979,OI00147979,2026-02-02,C007980,P00980,E00480,R020,5,5198.99,311.94,4887.05,3262.75,84.0,87.97
147998,Invalid Foreign Key: Order_Item_ID; Invalid Foreign Key: Product_ID,SA00147997,O0047997,OI00147997,2026-02-20,C007998,P00998,E00498,R018,3,3805.33,114.16,3691.17,2388.81,102.0,66.44
148038,Negative Value: Quantity; Negative Value: Gross_Sales; Negative Value: Net_Sales; Invalid Foreign Key: Order_Item_ID,SA00148037,O0048037,OI00148037,2026-04-01,C008038,P00038,E00038,R018,-2,-1012.58,-10.13,-1002.45,634.4,62.0,0.0
148251,Invalid Foreign Key: Order_ID; Invalid Foreign Key: Order_Item_ID; Invalid Foreign Key: Employee_ID,SA00148250,O0048250,OI00148250,2025-10-31,C008251,P00251,E00251,R011,1,671.42,26.86,644.57,421.0,35.0,11.6
148307,Invalid Foreign Key: Order_Item_ID; Invalid Foreign Key: Product_ID,SA00148306,O0048306,OI00148306,2025-12-26,C008307,P00307,E00307,R007,2,225.02,9.0,216.02,139.37,91.0,3.89
148421,Invalid Foreign Key: Order_Item_ID; Invalid Foreign Key: Product_ID,SA00148420,O0048420,OI00148420,2026-04-19,C008421,P00421,E00421,R001,1,290.34,17.42,272.92,181.47,45.0,4.91
148423,Invalid Foreign Key: Order_ID; Invalid Foreign Key: Order_Item_ID,SA00148422,O0048422,OI00148422,2026-04-21,C008423,P00423,E00423,R003,3,947.25,9.47,937.78,592.3,47.0,16.88
148499,Invalid Foreign Key: Order_Item_ID; Invalid Foreign Key: Product_ID,SA00148498,O0048498,OI00148498,2026-07-06,C008499,P00499,E00499,R019,4,5124.58,0.0,5124.58,3217.02,43.0,92.24
148577,Invalid Foreign Key: Order_Item_ID; Invalid Foreign Key: Product_ID,SA00148576,O0048576,OI00148576,2025-09-22,C008577,P00577,E00077,R017,2,2003.38,20.03,1983.34,1257.19,41.0,35.7
148614,Invalid Foreign Key: Order_Item_ID; Invalid Foreign Key: Product_ID,SA00148613,O0048613,OI00148613,2025-10-29,C008614,P00614,E00114,R014,4,805.71,24.17,781.54,502.3,78.0,14.07
148657,Invalid Foreign Key: Order_ID; Invalid Foreign Key: Order_Item_ID; Invalid Foreign Key: Customer_ID,SA00148656,O0048656,OI00148656,2025-12-11,C008657,P00657,E00157,R017,2,1495.28,59.81,1435.46,937.81,41.0,25.84
148751,Invalid Foreign Key: Order_ID; Invalid Foreign Key: Order_Item_ID; Invalid Foreign Key: Employee_ID,SA00148750,O0048750,OI00148750,2026-03-15,C008751,P00751,E00251,R011,1,671.42,0.0,671.42,421.0,55.0,12.09
148842,Invalid Foreign Key: Order_Item_ID; Invalid Foreign Key: Product_ID,SA00148841,O0048841,OI00148841,2026-06-14,C008842,P00842,E00342,R002,2,1114.2,0.0,1114.2,698.28,66.0,20.06
148921,Invalid Foreign Key: Order_Item_ID; Invalid Foreign Key: Product_ID,SA00148920,O0048920,OI00148920,2025-09-01,C008921,P00921,E00421,R001,1,290.34,5.81,284.54,181.47,65.0,5.12
148973,Invalid Foreign Key: Order_ID; Invalid Foreign Key: Order_Item_ID; Invalid Foreign Key: Customer_ID,SA00148972,O0048972,OI00148972,2025-10-23,C008973,P00973,E00473,R013,3,2852.64,142.63,2710.01,1789.98,37.0,48.78
148998,Invalid Foreign Key: Order_Item_ID; Invalid Foreign Key: Product_ID,SA00148997,O0048997,OI00148997,2025-11-17,C008998,P00998,E00498,R018,3,3805.33,76.11,3729.22,2388.81,62.0,67.13
149251,Invalid Foreign Key: Order_ID; Invalid Foreign Key: Order_Item_ID; Invalid Foreign Key: Employee_ID,SA00149250,O0049250,OI00149250,2026-07-28,C009251,P00251,E00251,R011,1,671.42,20.14,651.28,421.0,75.0,11.72
149307,Invalid Foreign Key: Order_Item_ID; Invalid Foreign Key: Product_ID,SA00149306,O0049306,OI00149306,2025-09-22,C009307,P00307,E00307,R007,2,225.02,6.75,218.27,139.37,51.0,3.93
149421,Invalid Foreign Key: Order_Item_ID; Invalid Foreign Key: Product_ID,SA00149420,O0049420,OI00149420,2026-01-14,C009421,P00421,E00421,R001,1,290.34,14.52,275.83,181.47,85.0,4.96
149444,Invalid Foreign Key: Order_ID; Invalid Foreign Key: Order_Item_ID; Invalid Foreign Key: Customer_ID,SA00149443,O0049443,OI00149443,2026-02-06,C009444,P00444,E00444,R004,4,2330.02,0.0,2330.02,1460.43,28.0,41.94
149499,Invalid Foreign Key: Order_Item_ID; Invalid Foreign Key: Product_ID,SA00149498,O0049498,OI00149498,2026-04-02,C009499,P00499,E00499,R019,4,5124.58,307.48,4817.11,3217.02,83.0,86.71
149577,Invalid Foreign Key: Order_Item_ID; Invalid Foreign Key: Product_ID,SA00149576,O0049576,OI00149576,2026-06-19,C009577,P00577,E00077,R017,2,2003.38,0.0,2003.38,1257.19,81.0,36.06
149614,Invalid Foreign Key: Order_Item_ID; Invalid Foreign Key: Product_ID,SA00149613,O0049613,OI00149613,2026-07-26,C009614,P00614,E00114,R014,4,805.71,16.11,789.59,502.3,38.0,14.21
149751,Invalid Foreign Key: Order_ID; Invalid Foreign Key: Order_Item_ID; Invalid Foreign Key: Employee_ID,SA00149750,O0049750,OI00149750,2025-12-10,C009751,P00751,E00251,R011,1,671.42,40.29,631.14,421.0,95.0,11.36
149757,Invalid Foreign Key: Order_ID; Invalid Foreign Key: Order_Item_ID,SA00149756,O0049756,OI00149756,2025-12-16,C009757,P00757,E00257,R017,2,1495.28,74.76,1420.51,937.81,101.0,25.57
149842,Invalid Foreign Key: Order_Item_ID; Invalid Foreign Key: Product_ID,SA00149841,O0049841,OI00149841,2026-03-11,C009842,P00842,E00342,R002,2,1114.2,66.85,1047.35,698.28,26.0,18.85
149921,Invalid Foreign Key: Order_Item_ID; Invalid Foreign Key: Product_ID,SA00149920,O0049920,OI00149920,2026-05-29,C009921,P00921,E00421,R001,1,290.34,2.9,287.44,181.47,25.0,5.17
149966,Invalid Foreign Key: Order_ID; Invalid Foreign Key: Order_Item_ID,SA00149965,O0049965,OI00149965,2026-07-13,C009966,P00966,E00466,R006,1,861.96,34.48,827.48,540.77,70.0,14.89
149970,Invalid Foreign Key: Order_ID; Invalid Foreign Key: Order_Item_ID; Invalid Foreign Key: Customer_ID,SA00149969,O0049969,OI00149969,2026-07-17,C009970,P00970,E00470,R010,5,4563.86,45.64,4518.22,2863.52,74.0,81.33
149998,Invalid Foreign Key: Order_Item_ID; Invalid Foreign Key: Product_ID,SA00149997,O0049997,OI00149997,2026-08-14,C009998,P00998,E00498,R018,3,3805.33,38.05,3767.28,2388.81,102.0,67.81
150036,Invalid Foreign Key: Order_ID; Invalid Foreign Key: Order_Item_ID,SA00150035,O0050035,OI00150035,2025-09-21,C010036,P00036,E00036,R016,1,480.88,19.24,461.65,301.23,60.0,8.31
150091,Invalid Foreign Key: Order_Item_ID,SA00150090,O0050090,OI00150090,2025-11-15,C010091,P00091,E00091,R011,1,1179.53,35.39,1144.14,740.38,35.0,20.59
150231,Invalid Foreign Key: Order_ID; Invalid Foreign Key: Order_Item_ID; Invalid Foreign Key: Customer_ID,SA00150230,O0050230,OI00150230,2026-04-04,C010231,P00231,E00231,R011,1,417.37,12.52,404.85,261.31,95.0,7.29
150251,Invalid Foreign Key: Order_ID; Invalid Foreign Key: Order_Item_ID; Invalid Foreign Key: Employee_ID,SA00150250,O0050250,OI00150250,2026-04-24,C010251,P00251,E00251,R011,1,671.42,13.43,657.99,421.0,35.0,11.84
150307,Invalid Foreign Key: Order_Item_ID; Invalid Foreign Key: Product_ID,SA00150306,O0050306,OI00150306,2026-06-19,C010307,P00307,E00307,R007,2,225.02,4.5,220.52,139.37,91.0,3.97
150421,Invalid Foreign Key: Order_Item_ID; Invalid Foreign Key: Product_ID,SA00150420,O0050420,OI00150420,2025-10-11,C010421,P00421,E00421,R001,1,290.34,11.61,278.73,181.47,45.0,5.02
150499,Invalid Foreign Key: Order_Item_ID; Invalid Foreign Key: Product_ID,SA00150498,O0050498,OI00150498,2025-12-28,C010499,P00499,E00499,R019,4,5124.58,256.23,4868.36,3217.02,43.0,87.63
150542,Invalid Foreign Key: Order_Item_ID,SA00150541,O0050541,OI00150541,2026-02-09,C010542,P00542,E00042,R002,2,1114.2,66.85,1047.35,698.28,86.0,18.85
150577,Invalid Foreign Key: Order_Item_ID; Invalid Foreign Key: Product_ID,SA00150576,O0050576,OI00150576,2026-03-16,C010577,P00577,E00077,R017,2,2003.38,120.2,1883.18,1257.19,41.0,33.9
150614,Invalid Foreign Key: Order_Item_ID; Invalid Foreign Key: Product_ID,SA00150613,O0050613,OI00150613,2026-04-22,C010614,P00614,E00114,R014,4,805.71,8.06,797.65,502.3,78.0,14.36
150624,Invalid Foreign Key: Order_ID; Invalid Foreign Key: Order_Item_ID,SA00150623,O0050623,OI00150623,2026-05-02,C010624,P00624,E00124,R004,4,1313.81,52.55,1261.26,821.68,88.0,22.7
150751,Invalid Foreign Key: Order_ID; Invalid Foreign Key: Order_Item_ID; Invalid Foreign Key: Employee_ID,SA00150750,O0050750,OI00150750,2025-09-06,C010751,P00751,E00251,R011,1,671.42,33.57,637.85,421.0,55.0,11.48
150842,Invalid Foreign Key: Order_Item_ID; Invalid Foreign Key: Product_ID,SA00150841,O0050841,OI00150841,2025-12-06,C010842,P00842,E00342,R002,2,1114.2,55.71,1058.49,698.28,66.0,19.05
150921,Invalid Foreign Key: Order_Item_ID; Invalid Foreign Key: Product_ID,SA00150920,O0050920,OI00150920,2026-02-23,C010921,P00921,E00421,R001,1,290.34,0.0,290.34,181.47,65.0,5.23
150967,Invalid Foreign Key: Order_ID; Invalid Foreign Key: Order_Item_ID; Invalid Foreign Key: Customer_ID,SA00150966,O0050966,OI00150966,2026-04-10,C010967,P00967,E00467,R007,2,1749.33,69.97,1679.35,1097.5,31.0,30.23
150998,Invalid Foreign Key: Order_Item_ID; Invalid Foreign Key: Product_ID,SA00150997,O0050997,OI00150997,2026-05-11,C010998,P00998,E00498,R018,3,3805.33,0.0,3805.33,2388.81,62.0,68.5
151018,Invalid Foreign Key: Order_ID; Invalid Foreign Key: Order_Item_ID; Invalid Foreign Key: Customer_ID,SA00151017,O0051017,OI00151017,2026-05-31,C011018,P00018,E00018,R018,3,756.71,45.4,711.31,472.54,82.0,12.8
151251,Invalid Foreign Key: Order_ID; Invalid Foreign Key: Order_Item_ID; Invalid Foreign Key: Employee_ID,SA00151250,O0051250,OI00151250,2026-01-19,C011251,P00251,E00251,R011,1,671.42,6.71,664.71,421.0,75.0,11.96
151307,Invalid Foreign Key: Order_Item_ID; Invalid Foreign Key: Product_ID,SA00151306,O0051306,OI00151306,2026-03-16,C011307,P00307,E00307,R007,2,225.02,2.25,222.77,139.37,51.0,4.01
151421,Invalid Foreign Key: Order_Item_ID; Invalid Foreign Key: Product_ID,SA00151420,O0051420,OI00151420,2026-07-08,C011421,P00421,E00421,R001,1,290.34,8.71,281.63,181.47,85.0,5.07
151499,Invalid Foreign Key: Order_Item_ID; Invalid Foreign Key: Product_ID,SA00151498,O0051498,OI00151498,2025-09-24,C011499,P00499,E00499,R019,4,5124.58,204.98,4919.6,3217.02,83.0,88.55
151534,Invalid Foreign Key: Order_ID; Invalid Foreign Key: Order_Item_ID,SA00151533,O0051533,OI00151533,2025-10-29,C011534,P00534,E00034,R014,4,1821.91,72.88,1749.04,1141.05,38.0,31.48
151577,Invalid Foreign Key: Order_Item_ID; Invalid Foreign Key: Product_ID,SA00151576,O0051576,OI00151576,2025-12-11,C011577,P00577,E00077,R017,2,2003.38,100.17,1903.21,1257.19,81.0,34.26
151614,Invalid Foreign Key: Order_Item_ID; Invalid Foreign Key: Product_ID,SA00151613,O0051613,OI00151613,2026-01-17,C011614,P00614,E00114,R014,4,805.71,0.0,805.71,502.3,38.0,14.5
151751,Invalid Foreign Key: Order_ID; Invalid Foreign Key: Order_Item_ID; Invalid Foreign Key: Employee_ID,SA00151750,O0051750,OI00151750,2026-06-03,C011751,P00751,E00251,R011,1,671.42,26.86,644.57,421.0,95.0,11.6
151805,Invalid Foreign Key: Order_ID; Invalid Foreign Key: Order_Item_ID; Invalid Foreign Key: Customer_ID,SA00151804,O0051804,OI00151804,2026-07-27,C011805,P00805,E00305,R005,5,435.52,8.71,426.81,268.57,69.0,7.68
151842,Invalid Foreign Key: Order_Item_ID; Invalid Foreign Key: Product_ID,SA00151841,O0051841,OI00151841,2025-09-02,C011842,P00842,E00342,R002,2,1114.2,44.57,1069.63,698.28,26.0,19.25
151921,Invalid Foreign Key: Order_Item_ID; Invalid Foreign Key: Product_ID,SA00151920,O0051920,OI00151920,2025-11-20,C011921,P00921,E00421,R001,1,290.34,17.42,272.92,181.47,25.0,4.91
151964,Invalid Foreign Key: Order_ID; Invalid Foreign Key: Order_Item_ID; Invalid Foreign Key: Customer_ID,SA00151963,O0051963,OI00151963,2026-01-02,C011964,P00964,E00464,R004,4,3346.22,0.0,3346.22,2099.19,68.0,60.23
151998,Invalid Foreign Key: Order_Item_ID; Invalid Foreign Key: Product_ID,SA00151997,O0051997,OI00151997,2026-02-05,C011998,P00998,E00498,R018,3,3805.33,228.32,3577.01,2388.81,102.0,64.39
152039,Negative Value: Quantity; Negative Value: Gross_Sales; Negative Value: Net_Sales; Invalid Foreign Key: Order_Item_ID,SA00152038,O0052038,OI00152038,2026-03-18,C012039,P00039,E00039,R019,-2,-1037.98,-51.9,-986.08,650.37,63.0,0.0
152251,Invalid Foreign Key: Order_ID; Invalid Foreign Key: Order_Item_ID; Invalid Foreign Key: Employee_ID,SA00152250,O0052250,OI00152250,2025-10-16,C012251,P00251,E00251,R011,1,671.42,0.0,671.42,421.0,35.0,12.09
152307,Invalid Foreign Key: Order_Item_ID; Invalid Foreign Key: Product_ID,SA00152306,O0052306,OI00152306,2025-12-11,C012307,P00307,E00307,R007,2,225.02,0.0,225.02,139.37,91.0,4.05
152421,Invalid Foreign Key: Order_Item_ID; Invalid Foreign Key: Product_ID,SA00152420,O0052420,OI00152420,2026-04-04,C012421,P00421,E00421,R001,1,290.34,5.81,284.54,181.47,45.0,5.12
152499,Invalid Foreign Key: Order_Item_ID; Invalid Foreign Key: Product_ID,SA00152498,O0052498,OI00152498,2026-06-21,C012499,P00499,E00499,R019,4,5124.58,153.74,4970.85,3217.02,43.0,89.48
152577,Invalid Foreign Key: Order_Item_ID; Invalid Foreign Key: Product_ID,SA00152576,O0052576,OI00152576,2025-09-07,C012577,P00577,E00077,R017,2,2003.38,80.14,1923.24,1257.19,41.0,34.62
152592,Invalid Foreign Key: Order_ID; Invalid Foreign Key: Order_Item_ID; Invalid Foreign Key: Customer_ID,SA00152591,O0052591,OI00152591,2025-09-22,C012592,P00592,E00092,R012,2,2384.46,119.22,2265.23,1496.73,56.0,40.77
152614,Invalid Foreign Key: Order_Item_ID; Invalid Foreign Key: Product_ID,SA00152613,O0052613,OI00152613,2025-10-14,C012614,P00614,E00114,R014,4,805.71,48.34,757.36,502.3,78.0,13.63
152751,Invalid Foreign Key: Order_ID; Invalid Foreign Key: Order_Item_ID; Invalid Foreign Key: Employee_ID,SA00152750,O0052750,OI00152750,2026-02-28,C012751,P00751,E00251,R011,1,671.42,20.14,651.28,421.0,55.0,11.72
152825,Invalid Foreign Key: Order_ID; Invalid Foreign Key: Order_Item_ID,SA00152824,O0052824,OI00152824,2026-05-13,C012825,P00825,E00325,R005,5,1705.78,0.0,1705.78,1067.02,49.0,30.7
152842,Invalid Foreign Key: Order_Item_ID; Invalid Foreign Key: Product_ID,SA00152841,O0052841,OI00152841,2026-05-30,C012842,P00842,E00342,R002,2,1114.2,33.43,1080.77,698.28,66.0,19.45
152921,Invalid Foreign Key: Order_Item_ID; Invalid Foreign Key: Product_ID,SA00152920,O0052920,OI00152920,2026-08-17,C012921,P00921,E00421,R001,1,290.34,14.52,275.83,181.47,65.0,4.96
152961,Invalid Foreign Key: Order_ID; Invalid Foreign Key: Order_Item_ID; Invalid Foreign Key: Customer_ID,SA00152960,O0052960,OI00152960,2025-09-26,C012961,P00961,E00461,R001,1,798.45,23.95,774.49,500.84,25.0,13.94
152998,Invalid Foreign Key: Order_Item_ID; Invalid Foreign Key: Product_ID,SA00152997,O0052997,OI00152997,2025-11-02,C012998,P00998,E00498,R018,3,3805.33,190.27,3615.06,2388.81,62.0,65.07
153251,Invalid Foreign Key: Order_ID; Invalid Foreign Key: Order_Item_ID; Invalid Foreign Key: Employee_ID,SA00153250,O0053250,OI00153250,2026-07-13,C013251,P00251,E00251,R011,1,671.42,40.29,631.14,421.0,75.0,11.36
153297,Invalid Foreign Key: Order_ID; Invalid Foreign Key: Order_Item_ID,SA00153296,O0053296,OI00153296,2026-08-28,C013297,P00297,E00297,R017,2,2511.48,75.34,2436.14,1576.57,41.0,43.85
153307,Invalid Foreign Key: Order_Item_ID; Invalid Foreign Key: Product_ID,SA00153306,O0053306,OI00153306,2025-09-07,C013307,P00307,E00307,R007,2,225.02,13.5,211.52,139.37,51.0,3.81
153311,Invalid Foreign Key: Order_ID; Invalid Foreign Key: Order_Item_ID,SA00153310,O0053310,OI00153310,2025-09-11,C013311,P00311,E00311,R011,1,163.32,4.9,158.42,101.62,55.0,2.85
153379,Invalid Foreign Key: Order_ID; Invalid Foreign Key: Order_Item_ID; Invalid Foreign Key: Customer_ID,SA00153378,O0053378,OI00153378,2025-11-18,C013379,P00379,E00379,R019,4,4108.38,41.08,4067.29,2578.26,43.0,73.21
153421,Invalid Foreign Key: Order_Item_ID; Invalid Foreign Key: Product_ID,SA00153420,O0053420,OI00153420,2025-12-30,C013421,P00421,E00421,R001,1,290.34,2.9,287.44,181.47,85.0,5.17
153499,Invalid Foreign Key: Order_Item_ID; Invalid Foreign Key: Product_ID,SA00153498,O0053498,OI00153498,2026-03-18,C013499,P00499,E00499,R019,4,5124.58,102.49,5022.09,3217.02,83.0,90.4
153577,Invalid Foreign Key: Order_Item_ID; Invalid Foreign Key: Product_ID,SA00153576,O0053576,OI00153576,2026-06-04,C013577,P00577,E00077,R017,2,2003.38,60.1,1943.28,1257.19,81.0,34.98
153614,Invalid Foreign Key: Order_Item_ID; Invalid Foreign Key: Product_ID,SA00153613,O0053613,OI00153613,2026-07-11,C013614,P00614,E00114,R014,4,805.71,40.29,765.42,502.3,38.0,13.78
153745,Invalid Foreign Key: Order_Item_ID,SA00153744,O0053744,OI00153744,2025-11-19,C013745,P00745,E00245,R005,5,2976.03,89.28,2886.75,1865.46,89.0,51.96
153751,Invalid Foreign Key: Order_ID; Invalid Foreign Key: Order_Item_ID; Invalid Foreign Key: Employee_ID,SA00153750,O0053750,OI00153750,2025-11-25,C013751,P00751,E00251,R011,1,671.42,13.43,657.99,421.0,95.0,11.84
153842,Invalid Foreign Key: Order_Item_ID; Invalid Foreign Key: Product_ID,SA00153841,O0053841,OI00153841,2026-02-24,C013842,P00842,E00342,R002,2,1114.2,22.28,1091.91,698.28,26.0,19.65
153921,Invalid Foreign Key: Order_Item_ID; Invalid Foreign Key: Product_ID,SA00153920,O0053920,OI00153920,2026-05-14,C013921,P00921,E00421,R001,1,290.34,11.61,278.73,181.47,25.0,5.02
153958,Invalid Foreign Key: Order_ID; Invalid Foreign Key: Order_Item_ID; Invalid Foreign Key: Customer_ID,SA00153957,O0053957,OI00153957,2026-06-20,C013958,P00958,E00458,R018,3,2281.02,136.86,2144.16,1430.67,62.0,38.59
153998,Invalid Foreign Key: Order_Item_ID; Invalid Foreign Key: Product_ID,SA00153997,O0053997,OI00153997,2026-07-30,C013998,P00998,E00498,R018,3,3805.33,152.21,3653.12,2388.81,102.0,65.76
154023,Invalid Foreign Key: Order_Item_ID,SA00154022,O0054022,OI00154022,2026-08-24,C014023,P00023,E00023,R003,3,947.25,9.47,937.78,592.3,47.0,16.88
154166,Invalid Foreign Key: Order_ID; Invalid Foreign Key: Order_Item_ID; Invalid Foreign Key: Customer_ID,SA00154165,O0054165,OI00154165,2026-01-14,C014166,P00166,E00166,R006,1,861.96,34.48,827.48,540.77,30.0,14.89
154251,Invalid Foreign Key: Order_ID; Invalid Foreign Key: Order_Item_ID; Invalid Foreign Key: Employee_ID,SA00154250,O0054250,OI00154250,2026-04-09,C014251,P00251,E00251,R011,1,671.42,33.57,637.85,421.0,35.0,11.48
154307,Invalid Foreign Key: Order_Item_ID; Invalid Foreign Key: Product_ID,SA00154306,O0054306,OI00154306,2026-06-04,C014307,P00307,E00307,R007,2,225.02,11.25,213.77,139.37,91.0,3.85
154421,Invalid Foreign Key: Order_Item_ID; Invalid Foreign Key: Product_ID,SA00154420,O0054420,OI00154420,2025-09-26,C014421,P00421,E00421,R001,1,290.34,0.0,290.34,181.47,45.0,5.23
154499,Invalid Foreign Key: Order_Item_ID; Invalid Foreign Key: Product_ID,SA00154498,O0054498,OI00154498,2025-12-13,C014499,P00499,E00499,R019,4,5124.58,51.25,5073.34,3217.02,43.0,91.32
154577,Invalid Foreign Key: Order_Item_ID; Invalid Foreign Key: Product_ID,SA00154576,O0054576,OI00154576,2026-03-01,C014577,P00577,E00077,R017,2,2003.38,40.07,1963.31,1257.19,41.0,35.34
154614,Invalid Foreign Key: Order_Item_ID; Invalid Foreign Key: Product_ID,SA00154613,O0054613,OI00154613,2026-04-07,C014614,P00614,E00114,R014,4,805.71,32.23,773.48,502.3,78.0,13.92
154751,Invalid Foreign Key: Order_ID; Invalid Foreign Key: Order_Item_ID; Invalid Foreign Key: Employee_ID,SA00154750,O0054750,OI00154750,2026-08-22,C014751,P00751,E00251,R011,1,671.42,6.71,664.71,421.0,55.0,11.96
154842,Invalid Foreign Key: Order_Item_ID; Invalid Foreign Key: Product_ID,SA00154841,O0054841,OI00154841,2025-11-21,C014842,P00842,E00342,R002,2,1114.2,11.14,1103.06,698.28,66.0,19.86
154921,Invalid Foreign Key: Order_Item_ID; Invalid Foreign Key: Product_ID,SA00154920,O0054920,OI00154920,2026-02-08,C014921,P00921,E00421,R001,1,290.34,8.71,281.63,181.47,65.0,5.07
154953,Invalid Foreign Key: Order_ID; Invalid Foreign Key: Order_Item_ID; Invalid Foreign Key: Customer_ID,SA00154952,O0054952,OI00154952,2026-03-12,C014953,P00953,E00453,R013,3,2090.48,0.0,2090.48,1310.91,97.0,37.63
154955,Invalid Foreign Key: Order_ID; Invalid Foreign Key: Order_Item_ID; Invalid Foreign Key: Customer_ID,SA00154954,O0054954,OI00154954,2026-03-14,C014955,P00955,E00455,R015,5,3611.16,72.22,3538.94,2264.69,99.0,63.7
154998,Invalid Foreign Key: Order_Item_ID; Invalid Foreign Key: Product_ID,SA00154997,O0054997,OI00154997,2026-04-26,C014998,P00998,E00498,R018,3,3805.33,114.16,3691.17,2388.81,62.0,66.44
155026,Invalid Foreign Key: Order_ID; Invalid Foreign Key: Order_Item_ID,SA00155025,O0055025,OI00155025,2026-05-24,C015026,P00026,E00026,R006,1,353.86,10.62,343.24,221.39,90.0,6.18
155088,Invalid Foreign Key: Order_ID; Invalid Foreign Key: Order_Item_ID,SA00155087,O0055087,OI00155087,2026-07-25,C015088,P00088,E00088,R008,3,3424.25,68.49,3355.77,2149.28,72.0,60.4
155094,Invalid Foreign Key: Order_Item_ID,SA00155093,O0055093,OI00155093,2026-07-31,C015094,P00094,E00094,R014,4,4870.53,48.71,4821.83,3057.33,78.0,86.79
155251,Invalid Foreign Key: Order_ID; Invalid Foreign Key: Order_Item_ID; Invalid Foreign Key: Employee_ID,SA00155250,O0055250,OI00155250,2026-01-04,C015251,P00251,E00251,R011,1,671.42,26.86,644.57,421.0,75.0,11.6
155307,Invalid Foreign Key: Order_Item_ID; Invalid Foreign Key: Product_ID,SA00155306,O0055306,OI00155306,2026-03-01,C015307,P00307,E00307,R007,2,225.02,9.0,216.02,139.37,51.0,3.89
155421,Invalid Foreign Key: Order_Item_ID; Invalid Foreign Key: Product_ID,SA00155420,O0055420,OI00155420,2026-06-23,C015421,P00421,E00421,R001,1,290.34,17.42,272.92,181.47,85.0,4.91
155499,Invalid Foreign Key: Order_Item_ID; Invalid Foreign Key: Product_ID,SA00155498,O0055498,OI00155498,2025-09-09,C015499,P00499,E00499,R019,4,5124.58,0.0,5124.58,3217.02,83.0,92.24
155577,Invalid Foreign Key: Order_Item_ID; Invalid Foreign Key: Product_ID,SA00155576,O0055576,OI00155576,2025-11-26,C015577,P00577,E00077,R017,2,2003.38,20.03,1983.34,1257.19,81.0,35.7
155614,Invalid Foreign Key: Order_Item_ID; Invalid Foreign Key: Product_ID,SA00155613,O0055613,OI00155613,2026-01-02,C015614,P00614,E00114,R014,4,805.71,24.17,781.54,502.3,38.0,14.07
155740,Invalid Foreign Key: Order_ID; Invalid Foreign Key: Order_Item_ID; Invalid Foreign Key: Customer_ID,SA00155739,O0055739,OI00155739,2026-05-08,C015740,P00740,E00240,R020,5,2658.47,79.75,2578.71,1665.85,84.0,46.42
155751,Invalid Foreign Key: Order_ID; Invalid Foreign Key: Order_Item_ID; Invalid Foreign Key: Employee_ID,SA00155750,O0055750,OI00155750,2026-05-19,C015751,P00751,E00251,R011,1,671.42,0.0,671.42,421.0,95.0,12.09
155842,Invalid Foreign Key: Order_Item_ID; Invalid Foreign Key: Product_ID,SA00155841,O0055841,OI00155841,2026-08-18,C015842,P00842,E00342,R002,2,1114.2,0.0,1114.2,698.28,26.0,20.06
155921,Invalid Foreign Key: Order_Item_ID; Invalid Foreign Key: Product_ID,SA00155920,O0055920,OI00155920,2025-11-05,C015921,P00921,E00421,R001,1,290.34,5.81,284.54,181.47,25.0,5.12
155952,Invalid Foreign Key: Order_ID; Invalid Foreign Key: Order_Item_ID; Invalid Foreign Key: Customer_ID,SA00155951,O0055951,OI00155951,2025-12-06,C015952,P00952,E00452,R012,2,1368.25,68.41,1299.84,857.97,56.0,23.4
155998,Invalid Foreign Key: Order_Item_ID; Invalid Foreign Key: Product_ID,SA00155997,O0055997,OI00155997,2026-01-21,C015998,P00998,E00498,R018,3,3805.33,76.11,3729.22,2388.81,102.0,67.13
156040,Negative Value: Quantity; Negative Value: Gross_Sales; Negative Value: Net_Sales; Invalid Foreign Key: Order_Item_ID,SA00156039,O0056039,OI00156039,2026-03-04,C016040,P00040,E00040,R020,-2,-1063.39,-21.27,-1042.12,666.34,64.0,0.0
156251,Invalid Foreign Key: Order_ID; Invalid Foreign Key: Order_Item_ID; Invalid Foreign Key: Employee_ID,SA00156250,O0056250,OI00156250,2025-10-01,C016251,P00251,E00251,R011,1,671.42,20.14,651.28,421.0,35.0,11.72
156307,Invalid Foreign Key: Order_Item_ID; Invalid Foreign Key: Product_ID,SA00156306,O0056306,OI00156306,2025-11-26,C016307,P00307,E00307,R007,2,225.02,6.75,218.27,139.37,91.0,3.93
156421,Invalid Foreign Key: Order_Item_ID; Invalid Foreign Key: Product_ID,SA00156420,O0056420,OI00156420,2026-03-20,C016421,P00421,E00421,R001,1,290.34,14.52,275.83,181.47,45.0,4.96
156499,Invalid Foreign Key: Order_Item_ID; Invalid Foreign Key: Product_ID,SA00156498,O0056498,OI00156498,2026-06-06,C016499,P00499,E00499,R019,4,5124.58,307.48,4817.11,3217.02,43.0,86.71
156527,Invalid Foreign Key: Order_ID; Invalid Foreign Key: Order_Item_ID; Invalid Foreign Key: Customer_ID,SA00156526,O0056526,OI00156526,2026-07-04,C016527,P00527,E00027,R007,2,733.12,43.99,689.13,458.74,71.0,12.4
156577,Invalid Foreign Key: Order_Item_ID; Invalid Foreign Key: Product_ID,SA00156576,O0056576,OI00156576,2026-08-23,C016577,P00577,E00077,R017,2,2003.38,0.0,2003.38,1257.19,41.0,36.06
156614,Invalid Foreign Key: Order_Item_ID; Invalid Foreign Key: Product_ID,SA00156613,O0056613,OI00156613,2025-09-29,C016614,P00614,E00114,R014,4,805.71,16.11,789.59,502.3,78.0,14.21
156628,Invalid Foreign Key: Order_ID; Invalid Foreign Key: Order_Item_ID,SA00156627,O0056627,OI00156627,2025-10-13,C016628,P00628,E00128,R008,3,1137.79,22.76,1115.03,712.07,92.0,20.07
156751,Invalid Foreign Key: Order_ID; Invalid Foreign Key: Order_Item_ID; Invalid Foreign Key: Employee_ID,SA00156750,O0056750,OI00156750,2026-02-13,C016751,P00751,E00251,R011,1,671.42,40.29,631.14,421.0,55.0,11.36
156842,Invalid Foreign Key: Order_Item_ID; Invalid Foreign Key: Product_ID,SA00156841,O0056841,OI00156841,2026-05-15,C016842,P00842,E00342,R002,2,1114.2,66.85,1047.35,698.28,66.0,18.85
156865,Invalid Foreign Key: Order_ID; Invalid Foreign Key: Order_Item_ID,SA00156864,O0056864,OI00156864,2026-06-07,C016865,P00865,E00365,R005,5,4246.29,42.46,4203.83,2663.91,89.0,75.67
156921,Invalid Foreign Key: Order_Item_ID; Invalid Foreign Key: Product_ID,SA00156920,O0056920,OI00156920,2026-08-02,C016921,P00921,E00421,R001,1,290.34,2.9,287.44,181.47,65.0,5.17
156948,Invalid Foreign Key: Order_Item_ID,SA00156947,O0056947,OI00156947,2026-08-29,C016948,P00948,E00448,R008,3,1899.94,0.0,1899.94,1191.14,92.0,34.2
156949,Invalid Foreign Key: Order_ID; Invalid Foreign Key: Order_Item_ID; Invalid Foreign Key: Customer_ID,SA00156948,O0056948,OI00156948,2026-08-30,C016949,P00949,E00449,R009,4,2584.07,25.84,2558.23,1620.12,93.0,46.05
156998,Invalid Foreign Key: Order_Item_ID; Invalid Foreign Key: Product_ID,SA00156997,O0056997,OI00156997,2025-10-18,C016998,P00998,E00498,R018,3,3805.33,38.05,3767.28,2388.81,62.0,67.81
157227,Invalid Foreign Key: Order_ID; Invalid Foreign Key: Order_Item_ID,SA00157226,O0057226,OI00157226,2026-06-04,C017227,P00227,E00227,R007,2,733.12,43.99,689.13,458.74,51.0,12.4
157251,Invalid Foreign Key: Order_ID; Invalid Foreign Key: Order_Item_ID; Invalid Foreign Key: Employee_ID,SA00157250,O0057250,OI00157250,2026-06-28,C017251,P00251,E00251,R011,1,671.42,13.43,657.99,421.0,75.0,11.84
157307,Invalid Foreign Key: Order_Item_ID; Invalid Foreign Key: Product_ID,SA00157306,O0057306,OI00157306,2026-08-23,C017307,P00307,E00307,R007,2,225.02,4.5,220.52,139.37,51.0,3.97
157314,Invalid Foreign Key: Order_ID; Invalid Foreign Key: Order_Item_ID; Invalid Foreign Key: Customer_ID,SA00157313,O0057313,OI00157313,2026-08-30,C017314,P00314,E00314,R014,4,805.71,16.11,789.59,502.3,58.0,14.21
157421,Invalid Foreign Key: Order_Item_ID; Invalid Foreign Key: Product_ID,SA00157420,O0057420,OI00157420,2025-12-15,C017421,P00421,E00421,R001,1,290.34,11.61,278.73,181.47,85.0,5.02
157499,Invalid Foreign Key: Order_Item_ID; Invalid Foreign Key: Product_ID,SA00157498,O0057498,OI00157498,2026-03-03,C017499,P00499,E00499,R019,4,5124.58,256.23,4868.36,3217.02,83.0,87.63
157577,Invalid Foreign Key: Order_Item_ID; Invalid Foreign Key: Product_ID,SA00157576,O0057576,OI00157576,2026-05-20,C017577,P00577,E00077,R017,2,2003.38,120.2,1883.18,1257.19,81.0,33.9
157614,Invalid Foreign Key: Order_Item_ID; Invalid Foreign Key: Product_ID,SA00157613,O0057613,OI00157613,2026-06-26,C017614,P00614,E00114,R014,4,805.71,8.06,797.65,502.3,38.0,14.36
157751,Invalid Foreign Key: Order_ID; Invalid Foreign Key: Order_Item_ID; Invalid Foreign Key: Employee_ID,SA00157750,O0057750,OI00157750,2025-11-10,C017751,P00751,E00251,R011,1,671.42,33.57,637.85,421.0,95.0,11.48
157842,Invalid Foreign Key: Order_Item_ID; Invalid Foreign Key: Product_ID,SA00157841,O0057841,OI00157841,2026-02-09,C017842,P00842,E00342,R002,2,1114.2,55.71,1058.49,698.28,26.0,19.05
157921,Invalid Foreign Key: Order_Item_ID; Invalid Foreign Key: Product_ID,SA00157920,O0057920,OI00157920,2026-04-29,C017921,P00921,E00421,R001,1,290.34,0.0,290.34,181.47,25.0,5.23
157946,Invalid Foreign Key: Order_ID; Invalid Foreign Key: Order_Item_ID; Invalid Foreign Key: Customer_ID,SA00157945,O0057945,OI00157945,2026-05-24,C017946,P00946,E00446,R006,1,607.91,24.32,583.59,381.08,50.0,10.5
157998,Invalid Foreign Key: Order_Item_ID; Invalid Foreign Key: Product_ID,SA00157997,O0057997,OI00157997,2026-07-15,C017998,P00998,E00498,R018,3,3805.33,0.0,3805.33,2388.81,102.0,68.5
158101,Invalid Foreign Key: Order_ID; Invalid Foreign Key: Order_Item_ID; Invalid Foreign Key: Customer_ID,SA00158100,O0058100,OI00158100,2025-10-26,C018101,P00101,E00101,R001,1,36.29,1.81,34.48,21.78,45.0,0.62
158251,Invalid Foreign Key: Order_ID; Invalid Foreign Key: Order_Item_ID; Invalid Foreign Key: Employee_ID,SA00158250,O0058250,OI00158250,2026-03-25,C018251,P00251,E00251,R011,1,671.42,6.71,664.71,421.0,35.0,11.96
158307,Invalid Foreign Key: Order_Item_ID; Invalid Foreign Key: Product_ID,SA00158306,O0058306,OI00158306,2026-05-20,C018307,P00307,E00307,R007,2,225.02,2.25,222.77,139.37,91.0,4.01
158421,Invalid Foreign Key: Order_Item_ID; Invalid Foreign Key: Product_ID,SA00158420,O0058420,OI00158420,2025-09-11,C018421,P00421,E00421,R001,1,290.34,8.71,281.63,181.47,45.0,5.07
158499,Invalid Foreign Key: Order_Item_ID; Invalid Foreign Key: Product_ID,SA00158498,O0058498,OI00158498,2025-11-28,C018499,P00499,E00499,R019,4,5124.58,204.98,4919.6,3217.02,43.0,88.55
158577,Invalid Foreign Key: Order_Item_ID; Invalid Foreign Key: Product_ID,SA00158576,O0058576,OI00158576,2026-02-14,C018577,P00577,E00077,R017,2,2003.38,100.17,1903.21,1257.19,41.0,34.26
158614,Invalid Foreign Key: Order_Item_ID; Invalid Foreign Key: Product_ID,SA00158613,O0058613,OI00158613,2026-03-23,C018614,P00614,E00114,R014,4,805.71,0.0,805.71,502.3,78.0,14.5
158642,Invalid Foreign Key: Order_ID; Invalid Foreign Key: Order_Item_ID,SA00158641,O0058641,OI00158641,2026-04-20,C018642,P00642,E00142,R002,2,1114.2,0.0,1114.2,698.28,26.0,20.06
158751,Invalid Foreign Key: Order_ID; Invalid Foreign Key: Order_Item_ID; Invalid Foreign Key: Employee_ID,SA00158750,O0058750,OI00158750,2026-08-07,C018751,P00751,E00251,R011,1,671.42,26.86,644.57,421.0,55.0,11.6
158842,Invalid Foreign Key: Order_Item_ID; Invalid Foreign Key: Product_ID,SA00158841,O0058841,OI00158841,2025-11-06,C018842,P00842,E00342,R002,2,1114.2,44.57,1069.63,698.28,66.0,19.25
158888,Invalid Foreign Key: Order_ID; Invalid Foreign Key: Order_Item_ID; Invalid Foreign Key: Customer_ID,SA00158887,O0058887,OI00158887,2025-12-22,C018888,P00888,E00388,R008,3,3424.25,34.24,3390.01,2149.28,32.0,61.02
158921,Invalid Foreign Key: Order_Item_ID; Invalid Foreign Key: Product_ID,SA00158920,O0058920,OI00158920,2026-01-24,C018921,P00921,E00421,R001,1,290.34,17.42,272.92,344.78,65.0,4.91
158943,Invalid Foreign Key: Order_ID; Invalid Foreign Key: Order_Item_ID; Invalid Foreign Key: Customer_ID,SA00158942,O0058942,OI00158942,2026-02-15,C018943,P00943,E00443,R003,3,1709.4,0.0,1709.4,1071.37,87.0,30.77
158998,Invalid Foreign Key: Order_Item_ID; Invalid Foreign Key: Product_ID,SA00158997,O0058997,OI00158997,2026-04-11,C018998,P00998,E00498,R018,3,3805.33,228.32,3577.01,2388.81,62.0,64.39
159251,Invalid Foreign Key: Order_ID; Invalid Foreign Key: Order_Item_ID; Invalid Foreign Key: Employee_ID,SA00159250,O0059250,OI00159250,2025-12-20,C019251,P00251,E00251,R011,1,671.42,0.0,671.42,421.0,75.0,12.09
159307,Invalid Foreign Key: Order_Item_ID; Invalid Foreign Key: Product_ID,SA00159306,O0059306,OI00159306,2026-02-14,C019307,P00307,E00307,R007,2,225.02,0.0,225.02,139.37,51.0,4.05
159421,Invalid Foreign Key: Order_Item_ID; Invalid Foreign Key: Product_ID,SA00159420,O0059420,OI00159420,2026-06-08,C019421,P00421,E00421,R001,1,290.34,5.81,284.54,181.47,85.0,5.12
159428,Invalid Foreign Key: Order_ID; Invalid Foreign Key: Order_Item_ID,SA00159427,O0059427,OI00159427,2026-06-15,C019428,P00428,E00428,R008,3,1137.79,22.76,1115.03,712.07,92.0,20.07
159499,Invalid Foreign Key: Order_Item_ID; Invalid Foreign Key: Product_ID,SA00159498,O0059498,OI00159498,2026-08-25,C019499,P00499,E00499,R019,4,5124.58,153.74,4970.85,3217.02,83.0,89.48
159577,Invalid Foreign Key: Order_Item_ID; Invalid Foreign Key: Product_ID,SA00159576,O0059576,OI00159576,2025-11-11,C019577,P00577,E00077,R017,2,2003.38,80.14,1923.24,1257.19,81.0,34.62
159614,Invalid Foreign Key: Order_Item_ID; Invalid Foreign Key: Product_ID,SA00159613,O0059613,OI00159613,2025-12-18,C019614,P00614,E00114,R014,4,805.71,48.34,757.36,502.3,38.0,13.63
159675,Invalid Foreign Key: Order_ID; Invalid Foreign Key: Order_Item_ID; Invalid Foreign Key: Customer_ID,SA00159674,O0059674,OI00159674,2026-02-17,C019675,P00675,E00175,R015,5,4881.42,195.26,4686.16,3063.14,99.0,84.35
159751,Invalid Foreign Key: Order_ID; Invalid Foreign Key: Order_Item_ID; Invalid Foreign Key: Employee_ID,SA00159750,O0059750,OI00159750,2026-05-04,C019751,P00751,E00251,R011,1,671.42,20.14,651.28,421.0,95.0,11.72
159842,Invalid Foreign Key: Order_Item_ID; Invalid Foreign Key: Product_ID,SA00159841,O0059841,OI00159841,2026-08-03,C019842,P00842,E00342,R002,2,1114.2,33.43,1080.77,698.28,26.0,19.45
159921,Invalid Foreign Key: Order_Item_ID; Invalid Foreign Key: Product_ID,SA00159920,O0059920,OI00159920,2025-10-21,C019921,P00921,E00421,R001,1,290.34,14.52,275.83,181.47,25.0,4.96
159940,Invalid Foreign Key: Order_ID; Invalid Foreign Key: Order_Item_ID; Invalid Foreign Key: Customer_ID,SA00159939,O0059939,OI00159939,2025-11-09,C019940,P00940,E00440,R020,5,2658.47,79.75,2578.71,1665.85,44.0,46.42
159959,Invalid Foreign Key: Order_ID; Invalid Foreign Key: Order_Item_ID,SA00159958,O0059958,OI00159958,2025-11-28,C019959,P00959,E00459,R019,4,3092.17,30.92,3061.25,1939.5,63.0,55.1
159998,Invalid Foreign Key: Order_Item_ID; Invalid Foreign Key: Product_ID,SA00159997,O0059997,OI00159997,2026-01-06,C019998,P00998,E00498,R018,3,3805.33,190.27,3615.06,2388.81,102.0,65.07
160041,Negative Value: Quantity; Negative Value: Gross_Sales; Negative Value: Net_Sales; Invalid Foreign Key: Order_Item_ID,SA00160040,O0060040,OI00160040,2026-02-18,C000041,P00041,E00041,R001,-2,-1088.79,-65.33,-1023.47,682.31,65.0,0.0
160043,Invalid Foreign Key: Order_ID; Invalid Foreign Key: Order_Item_ID,SA00160042,O0060042,OI00160042,2026-02-20,C000043,P00043,E00043,R003,3,1709.4,17.09,1692.31,1071.37,67.0,30.46
160097,Invalid Foreign Key: Order_Item_ID,SA00160096,O0060096,OI00160096,2026-04-15,C000097,P00097,E00097,R017,2,2511.48,150.69,2360.79,1576.57,41.0,42.49
160151,Invalid Foreign Key: Order_Item_ID,SA00160150,O0060150,OI00160150,2026-06-08,C000151,P00151,E00151,R011,1,671.42,26.86,644.57,421.0,95.0,11.6
160251,Invalid Foreign Key: Order_ID; Invalid Foreign Key: Order_Item_ID; Invalid Foreign Key: Employee_ID,SA00160250,O0060250,OI00160250,2025-09-16,C000251,P00251,E00251,R011,1,671.42,40.29,631.14,421.0,35.0,11.36
160307,Invalid Foreign Key: Order_Item_ID; Invalid Foreign Key: Product_ID,SA00160306,O0060306,OI00160306,2025-11-11,C000307,P00307,E00307,R007,2,225.02,13.5,211.52,139.37,91.0,3.81
160419,Invalid Foreign Key: Order_ID; Invalid Foreign Key: Order_Item_ID,SA00160418,O0060418,OI00160418,2026-03-03,C000419,P00419,E00419,R019,4,1059.76,63.59,996.17,661.99,43.0,17.93
160421,Invalid Foreign Key: Order_Item_ID; Invalid Foreign Key: Product_ID,SA00160420,O0060420,OI00160420,2026-03-05,C000421,P00421,E00421,R001,1,290.34,2.9,287.44,181.47,45.0,5.17
160499,Invalid Foreign Key: Order_Item_ID; Invalid Foreign Key: Product_ID,SA00160498,O0060498,OI00160498,2026-05-22,C000499,P00499,E00499,R019,4,5124.58,102.49,5022.09,3217.02,43.0,90.4
160577,Invalid Foreign Key: Order_Item_ID; Invalid Foreign Key: Product_ID,SA00160576,O0060576,OI00160576,2026-08-08,C000577,P00577,E00077,R017,2,2003.38,60.1,1943.28,1257.19,41.0,34.98
160614,Invalid Foreign Key: Order_Item_ID; Invalid Foreign Key: Product_ID,SA00160613,O0060613,OI00160613,2025-09-14,C000614,P00614,E00114,R014,4,805.71,40.29,765.42,502.3,78.0,13.78
160751,Invalid Foreign Key: Order_ID; Invalid Foreign Key: Order_Item_ID; Invalid Foreign Key: Employee_ID,SA00160750,O0060750,OI00160750,2026-01-29,C000751,P00751,E00251,R011,1,671.42,13.43,657.99,421.0,55.0,11.84
160787,Invalid Foreign Key: Order_ID; Invalid Foreign Key: Order_Item_ID; Invalid Foreign Key: Customer_ID,SA00160786,O0060786,OI00160786,2026-03-06,C000787,P00787,E00287,R007,2,2257.43,67.72,2189.71,1416.88,91.0,39.41
160842,Invalid Foreign Key: Order_Item_ID; Invalid Foreign Key: Product_ID,SA00160841,O0060841,OI00160841,2026-04-30,C000842,P00842,E00342,R002,2,1114.2,22.28,1091.91,698.28,66.0,19.65
160921,Invalid Foreign Key: Order_Item_ID; Invalid Foreign Key: Product_ID,SA00160920,O0060920,OI00160920,2026-07-18,C000921,P00921,E00421,R001,1,290.34,11.61,278.73,181.47,65.0,5.02
160997,Invalid Foreign Key: Order_ID; Invalid Foreign Key: Order_Item_ID; Invalid Foreign Key: Customer_ID,SA00160996,O0060996,OI00160996,2025-10-02,C000997,P00997,E00497,R017,2,2511.48,75.34,2436.14,1576.57,61.0,43.85
160998,Invalid Foreign Key: Order_Item_ID; Invalid Foreign Key: Product_ID,SA00160997,O0060997,OI00160997,2025-10-03,C000998,P00998,E00498,R018,3,3805.33,152.21,3653.12,2388.81,62.0,65.76
161024,Invalid Foreign Key: Order_Item_ID,SA00161023,O0061023,OI00161023,2025-10-29,C001024,P00024,E00024,R004,4,1313.81,26.28,1287.53,821.68,88.0,23.18
161251,Invalid Foreign Key: Order_ID; Invalid Foreign Key: Order_Item_ID; Invalid Foreign Key: Employee_ID,SA00161250,O0061250,OI00161250,2026-06-13,C001251,P00251,E00251,R011,1,671.42,33.57,637.85,421.0,75.0,11.48
161307,Invalid Foreign Key: Order_Item_ID; Invalid Foreign Key: Product_ID,SA00161306,O0061306,OI00161306,2026-08-08,C001307,P00307,E00307,R007,2,225.02,11.25,213.77,139.37,51.0,3.85
161421,Invalid Foreign Key: Order_Item_ID; Invalid Foreign Key: Product_ID,SA00161420,O0061420,OI00161420,2025-11-30,C001421,P00421,E00421,R001,1,290.34,0.0,290.34,181.47,85.0,5.23
161499,Invalid Foreign Key: Order_Item_ID; Invalid Foreign Key: Product_ID,SA00161498,O0061498,OI00161498,2026-02-16,C001499,P00499,E00499,R019,4,5124.58,51.25,5073.34,3217.02,83.0,91.32
161574,Invalid Foreign Key: Order_ID; Invalid Foreign Key: Order_Item_ID; Invalid Foreign Key: Customer_ID,SA00161573,O0061573,OI00161573,2026-05-02,C001574,P00574,E00074,R014,4,3854.33,231.26,3623.07,2418.57,78.0,65.22
161577,Invalid Foreign Key: Order_Item_ID; Invalid Foreign Key: Product_ID,SA00161576,O0061576,OI00161576,2026-05-05,C001577,P00577,E00077,R017,2,2003.38,40.07,1963.31,1257.19,81.0,35.34
161614,Invalid Foreign Key: Order_Item_ID; Invalid Foreign Key: Product_ID,SA00161613,O0061613,OI00161613,2026-06-11,C001614,P00614,E00114,R014,4,805.71,32.23,773.48,502.3,38.0,13.92
161629,Invalid Foreign Key: Order_ID; Invalid Foreign Key: Order_Item_ID,SA00161628,O0061628,OI00161628,2026-06-26,C001629,P00629,E00129,R009,4,1567.86,78.39,1489.47,981.37,53.0,26.81
161751,Invalid Foreign Key: Order_ID; Invalid Foreign Key: Order_Item_ID; Invalid Foreign Key: Employee_ID,SA00161750,O0061750,OI00161750,2025-10-26,C001751,P00751,E00251,R011,1,671.42,6.71,664.71,421.0,95.0,11.96
161842,Invalid Foreign Key: Order_Item_ID; Invalid Foreign Key: Product_ID,SA00161841,O0061841,OI00161841,2026-01-25,C001842,P00842,E00342,R002,2,1114.2,11.14,1103.06,698.28,26.0,19.86
161921,Invalid Foreign Key: Order_Item_ID; Invalid Foreign Key: Product_ID,SA00161920,O0061920,OI00161920,2026-04-14,C001921,P00921,E00421,R001,1,290.34,8.71,281.63,181.47,25.0,5.07
161994,Invalid Foreign Key: Order_ID; Invalid Foreign Key: Order_Item_ID; Invalid Foreign Key: Customer_ID,SA00161993,O0061993,OI00161993,2026-06-26,C001994,P00994,E00494,R014,4,4870.53,292.23,4578.3,3057.33,98.0,82.41
161998,Invalid Foreign Key: Order_Item_ID; Invalid Foreign Key: Product_ID,SA00161997,O0061997,OI00161997,2026-06-30,C001998,P00998,E00498,R018,3,3805.33,114.16,3691.17,2388.81,102.0,66.44
162196,Invalid Foreign Key: Order_ID; Invalid Foreign Key: Order_Item_ID,SA00162195,O0062195,OI00162195,2026-01-14,C002196,P00196,E00196,R016,1,1243.04,62.15,1180.89,780.3,60.0,21.26
162251,Invalid Foreign Key: Order_ID; Invalid Foreign Key: Order_Item_ID; Invalid Foreign Key: Employee_ID,SA00162250,O0062250,OI00162250,2026-03-10,C002251,P00251,E00251,R011,1,671.42,26.86,644.57,421.0,35.0,11.6
162307,Invalid Foreign Key: Order_Item_ID; Invalid Foreign Key: Product_ID,SA00162306,O0062306,OI00162306,2026-05-05,C002307,P00307,E00307,R007,2,225.02,9.0,216.02,139.37,91.0,3.89
162361,Invalid Foreign Key: Order_ID; Invalid Foreign Key: Order_Item_ID; Invalid Foreign Key: Customer_ID,SA00162360,O0062360,OI00162360,2026-06-28,C002361,P00361,E00361,R001,1,798.45,15.97,782.48,500.84,65.0,14.08
162421,Invalid Foreign Key: Order_Item_ID; Invalid Foreign Key: Product_ID,SA00162420,O0062420,OI00162420,2026-08-27,C002421,P00421,E00421,R001,1,290.34,17.42,272.92,181.47,45.0,4.91
162499,Invalid Foreign Key: Order_Item_ID; Invalid Foreign Key: Product_ID,SA00162498,O0062498,OI00162498,2025-11-13,C002499,P00499,E00499,R019,4,5124.58,0.0,5124.58,3217.02,43.0,92.24
162577,Invalid Foreign Key: Order_Item_ID; Invalid Foreign Key: Product_ID,SA00162576,O0062576,OI00162576,2026-01-30,C002577,P00577,E00077,R017,2,2003.38,20.03,1983.34,1257.19,41.0,35.7
162614,Invalid Foreign Key: Order_Item_ID; Invalid Foreign Key: Product_ID,SA00162613,O0062613,OI00162613,2026-03-08,C002614,P00614,E00114,R014,4,805.71,24.17,781.54,502.3,78.0,14.07
162751,Invalid Foreign Key: Order_ID; Invalid Foreign Key: Order_Item_ID; Invalid Foreign Key: Employee_ID,SA00162750,O0062750,OI00162750,2026-07-23,C002751,P00751,E00251,R011,1,671.42,0.0,671.42,421.0,55.0,12.09
162842,Invalid Foreign Key: Order_Item_ID; Invalid Foreign Key: Product_ID,SA00162841,O0062841,OI00162841,2025-10-22,C002842,P00842,E00342,R002,2,1114.2,0.0,1114.2,698.28,66.0,20.06
162921,Invalid Foreign Key: Order_Item_ID; Invalid Foreign Key: Product_ID,SA00162920,O0062920,OI00162920,2026-01-09,C002921,P00921,E00421,R001,1,290.34,5.81,284.54,181.47,65.0,5.12
162991,Invalid Foreign Key: Order_ID; Invalid Foreign Key: Order_Item_ID; Invalid Foreign Key: Customer_ID,SA00162990,O0062990,OI00162990,2026-03-20,C002991,P00991,E00491,R011,1,1179.53,23.59,1155.93,740.38,55.0,20.81
162998,Invalid Foreign Key: Order_Item_ID; Invalid Foreign Key: Product_ID,SA00162997,O0062997,OI00162997,2026-03-27,C002998,P00998,E00498,R018,3,3805.33,76.11,3729.22,2388.81,62.0,67.13
163148,Invalid Foreign Key: Order_ID; Invalid Foreign Key: Order_Item_ID; Invalid Foreign Key: Customer_ID,SA00163147,O0063147,OI00163147,2026-08-24,C003148,P00148,E00148,R008,3,1899.94,95.0,1804.95,1191.14,52.0,32.49
163251,Invalid Foreign Key: Order_ID; Invalid Foreign Key: Order_Item_ID; Invalid Foreign Key: Employee_ID,SA00163250,O0063250,OI00163250,2025-12-05,C003251,P00251,E00251,R011,1,671.42,20.14,651.28,421.0,75.0,11.72
163290,Invalid Foreign Key: Order_ID; Invalid Foreign Key: Order_Item_ID,SA00163289,O0063289,OI00163289,2026-01-13,C003290,P00290,E00290,R010,5,5834.11,0.0,5834.11,3661.97,34.0,105.01
163307,Invalid Foreign Key: Order_Item_ID; Invalid Foreign Key: Product_ID,SA00163306,O0063306,OI00163306,2026-01-30,C003307,P00307,E00307,R007,2,225.02,6.75,218.27,139.37,51.0,3.93
163354,Invalid Foreign Key: Order_Item_ID,SA00163353,O0063353,OI00163353,2026-03-18,C003354,P00354,E00354,R014,4,2838.12,28.38,2809.74,1779.81,98.0,50.58
163421,Invalid Foreign Key: Order_Item_ID; Invalid Foreign Key: Product_ID,SA00163420,O0063420,OI00163420,2026-05-24,C003421,P00421,E00421,R001,1,290.34,14.52,275.83,181.47,85.0,4.96
163499,Invalid Foreign Key: Order_Item_ID; Invalid Foreign Key: Product_ID,SA00163498,O0063498,OI00163498,2026-08-10,C003499,P00499,E00499,R019,4,5124.58,307.48,4817.11,3217.02,83.0,86.71
163577,Invalid Foreign Key: Order_Item_ID; Invalid Foreign Key: Product_ID,SA00163576,O0063576,OI00163576,2025-10-27,C003577,P00577,E00077,R017,2,2003.38,0.0,2003.38,1257.19,81.0,36.06
163614,Invalid Foreign Key: Order_Item_ID; Invalid Foreign Key: Product_ID,SA00163613,O0063613,OI00163613,2025-12-03,C003614,P00614,E00114,R014,4,805.71,16.11,789.59,502.3,38.0,14.21
163751,Invalid Foreign Key: Order_ID; Invalid Foreign Key: Order_Item_ID; Invalid Foreign Key: Employee_ID,SA00163750,O0063750,OI00163750,2026-04-19,C003751,P00751,E00251,R011,1,671.42,40.29,631.14,421.0,95.0,11.36
163830,Invalid Foreign Key: Order_ID; Invalid Foreign Key: Order_Item_ID,SA00163829,O0063829,OI00163829,2026-07-07,C003830,P00830,E00330,R010,5,2023.34,20.23,2003.11,1266.63,94.0,36.06
163842,Invalid Foreign Key: Order_Item_ID; Invalid Foreign Key: Product_ID,SA00163841,O0063841,OI00163841,2026-07-19,C003842,P00842,E00342,R002,2,1114.2,66.85,1047.35,698.28,26.0,18.85
163921,Invalid Foreign Key: Order_Item_ID; Invalid Foreign Key: Product_ID,SA00163920,O0063920,OI00163920,2025-10-06,C003921,P00921,E00421,R001,1,290.34,2.9,287.44,181.47,25.0,5.17
163935,Invalid Foreign Key: Order_ID; Invalid Foreign Key: Order_Item_ID; Invalid Foreign Key: Customer_ID,SA00163934,O0063934,OI00163934,2025-10-20,C003935,P00935,E00435,R015,5,2340.9,23.41,2317.5,1466.24,39.0,41.71
163973,Invalid Foreign Key: Order_ID; Invalid Foreign Key: Order_Item_ID,SA00163972,O0063972,OI00163972,2025-11-27,C003973,P00973,E00473,R013,3,2852.64,114.11,2738.53,1789.98,77.0,49.29
163988,Invalid Foreign Key: Order_ID; Invalid Foreign Key: Order_Item_ID; Invalid Foreign Key: Customer_ID,SA00163987,O0063987,OI00163987,2025-12-12,C003988,P00988,E00488,R008,3,3424.25,171.21,3253.04,2149.28,92.0,58.55
163998,Invalid Foreign Key: Order_Item_ID; Invalid Foreign Key: Product_ID,SA00163997,O0063997,OI00163997,2025-12-22,C003998,P00998,E00498,R018,3,3805.33,38.05,3767.28,2388.81,102.0,67.81
164042,Negative Value: Quantity; Negative Value: Gross_Sales; Negative Value: Net_Sales; Invalid Foreign Key: Order_Item_ID,SA00164041,O0064041,OI00164041,2026-02-04,C004042,P00042,E00042,R002,-2,-1114.2,-33.43,-1080.77,698.28,66.0,0.0
164251,Invalid Foreign Key: Order_ID; Invalid Foreign Key: Order_Item_ID; Invalid Foreign Key: Employee_ID,SA00164250,O0064250,OI00164250,2025-09-01,C004251,P00251,E00251,R011,1,671.42,13.43,657.99,421.0,35.0,11.84
164307,Invalid Foreign Key: Order_Item_ID; Invalid Foreign Key: Product_ID,SA00164306,O0064306,OI00164306,2025-10-27,C004307,P00307,E00307,R007,2,225.02,4.5,220.52,139.37,91.0,3.97
164421,Invalid Foreign Key: Order_Item_ID; Invalid Foreign Key: Product_ID,SA00164420,O0064420,OI00164420,2026-02-18,C004421,P00421,E00421,R001,1,290.34,11.61,278.73,181.47,45.0,5.02
164499,Invalid Foreign Key: Order_Item_ID; Invalid Foreign Key: Product_ID,SA00164498,O0064498,OI00164498,2026-05-07,C004499,P00499,E00499,R019,4,5124.58,256.23,4868.36,3217.02,43.0,87.63
164577,Invalid Foreign Key: Order_Item_ID; Invalid Foreign Key: Product_ID,SA00164576,O0064576,OI00164576,2026-07-24,C004577,P00577,E00077,R017,2,2003.38,120.2,1883.18,1257.19,41.0,33.9
164614,Invalid Foreign Key: Order_Item_ID; Invalid Foreign Key: Product_ID,SA00164613,O0064613,OI00164613,2026-08-30,C004614,P00614,E00114,R014,4,805.71,8.06,797.65,502.3,78.0,14.36
164722,Invalid Foreign Key: Order_ID; Invalid Foreign Key: Order_Item_ID; Invalid Foreign Key: Customer_ID,SA00164721,O0064721,OI00164721,2025-12-16,C004722,P00722,E00222,R002,2,606.09,24.24,581.85,378.9,26.0,10.47
164751,Invalid Foreign Key: Order_ID; Invalid Foreign Key: Order_Item_ID; Invalid Foreign Key: Employee_ID,SA00164750,O0064750,OI00164750,2026-01-14,C004751,P00751,E00251,R011,1,671.42,33.57,637.85,421.0,55.0,11.48
164842,Invalid Foreign Key: Order_Item_ID; Invalid Foreign Key: Product_ID,SA00164841,O0064841,OI00164841,2026-04-15,C004842,P00842,E00342,R002,2,1114.2,55.71,1058.49,698.28,66.0,19.05
164921,Invalid Foreign Key: Order_Item_ID; Invalid Foreign Key: Product_ID,SA00164920,O0064920,OI00164920,2026-07-03,C004921,P00921,E00421,R001,1,290.34,0.0,290.34,181.47,65.0,5.23
164985,Invalid Foreign Key: Order_ID; Invalid Foreign Key: Order_Item_ID; Invalid Foreign Key: Customer_ID,SA00164984,O0064984,OI00164984,2025-09-05,C004985,P00985,E00485,R005,5,5516.55,55.17,5461.38,3462.36,49.0,98.3
164998,Invalid Foreign Key: Order_Item_ID; Invalid Foreign Key: Product_ID,SA00164997,O0064997,OI00164997,2025-09-18,C004998,P00998,E00498,R018,3,3805.33,0.0,3805.33,2388.81,62.0,68.5
165100,Invalid Foreign Key: Order_Item_ID,SA00165099,O0065099,OI00165099,2025-12-29,C005100,P00100,E00100,R020,5,6469.24,258.77,6210.47,4061.2,84.0,111.79
165251,Invalid Foreign Key: Order_ID; Invalid Foreign Key: Order_Item_ID; Invalid Foreign Key: Employee_ID,SA00165250,O0065250,OI00165250,2026-05-29,C005251,P00251,E00251,R011,1,671.42,6.71,664.71,421.0,75.0,11.96
165307,Invalid Foreign Key: Order_Item_ID; Invalid Foreign Key: Product_ID,SA00165306,O0065306,OI00165306,2026-07-24,C005307,P00307,E00307,R007,2,225.02,2.25,222.77,139.37,51.0,4.01
165421,Invalid Foreign Key: Order_Item_ID; Invalid Foreign Key: Product_ID,SA00165420,O0065420,OI00165420,2025-11-15,C005421,P00421,E00421,R001,1,290.34,8.71,281.63,181.47,85.0,5.07
165499,Invalid Foreign Key: Order_Item_ID; Invalid Foreign Key: Product_ID,SA00165498,O0065498,OI00165498,2026-02-01,C005499,P00499,E00499,R019,4,5124.58,204.98,4919.6,3217.02,83.0,88.55
165509,Invalid Foreign Key: Order_ID; Invalid Foreign Key: Order_Item_ID; Invalid Foreign Key: Customer_ID,SA00165508,O0065508,OI00165508,2026-02-11,C005509,P00509,E00009,R009,4,551.65,0.0,551.65,342.61,93.0,9.93
165577,Invalid Foreign Key: Order_Item_ID; Invalid Foreign Key: Product_ID,SA00165576,O0065576,OI00165576,2026-04-20,C005577,P00577,E00077,R017,2,2003.38,100.17,1903.21,1257.19,81.0,34.26
165614,Invalid Foreign Key: Order_Item_ID; Invalid Foreign Key: Product_ID,SA00165613,O0065613,OI00165613,2026-05-27,C005614,P00614,E00114,R014,4,805.71,0.0,805.71,502.3,38.0,14.5
165750,Invalid Foreign Key: Order_ID; Invalid Foreign Key: Order_Item_ID,SA00165749,O0065749,OI00165749,2025-10-10,C005750,P00750,E00250,R010,5,3293.6,98.81,3194.79,2065.08,94.0,57.51
165751,Invalid Foreign Key: Order_ID; Invalid Foreign Key: Order_Item_ID; Invalid Foreign Key: Employee_ID,SA00165750,O0065750,OI00165750,2025-10-11,C005751,P00751,E00251,R011,1,671.42,26.86,644.57,421.0,95.0,11.6
165842,Invalid Foreign Key: Order_Item_ID; Invalid Foreign Key: Product_ID,SA00165841,O0065841,OI00165841,2026-01-10,C005842,P00842,E00342,R002,2,1114.2,44.57,1069.63,698.28,26.0,19.25
165921,Invalid Foreign Key: Order_Item_ID; Invalid Foreign Key: Product_ID,SA00165920,O0065920,OI00165920,2026-03-30,C005921,P00921,E00421,R001,1,290.34,17.42,272.92,181.47,25.0,4.91
165982,Invalid Foreign Key: Order_ID; Invalid Foreign Key: Order_Item_ID; Invalid Foreign Key: Customer_ID,SA00165981,O0065981,OI00165981,2026-05-30,C005982,P00982,E00482,R002,2,2130.4,85.22,2045.19,1337.04,86.0,36.81
165998,Invalid Foreign Key: Order_Item_ID; Invalid Foreign Key: Product_ID,SA00165997,O0065997,OI00165997,2026-06-15,C005998,P00998,E00498,R018,3,3805.33,228.32,3577.01,2388.81,102.0,64.39
166031,Invalid Foreign Key: Order_ID; Invalid Foreign Key: Order_Item_ID,SA00166030,O0066030,OI00166030,2026-07-18,C006031,P00031,E00031,R011,1,417.37,16.69,400.68,261.31,55.0,7.21
166251,Invalid Foreign Key: Order_ID; Invalid Foreign Key: Order_Item_ID; Invalid Foreign Key: Employee_ID,SA00166250,O0066250,OI00166250,2026-02-23,C006251,P00251,E00251,R011,1,671.42,0.0,671.42,421.0,35.0,12.09
166296,Invalid Foreign Key: Order_ID; Invalid Foreign Key: Order_Item_ID; Invalid Foreign Key: Customer_ID,SA00166295,O0066295,OI00166295,2026-04-09,C006296,P00296,E00296,R016,1,1243.04,37.29,1205.75,780.3,80.0,21.7
166307,Invalid Foreign Key: Order_Item_ID; Invalid Foreign Key: Product_ID,SA00166306,O0066306,OI00166306,2026-04-20,C006307,P00307,E00307,R007,2,225.02,0.0,225.02,139.37,91.0,4.05
166421,Invalid Foreign Key: Order_Item_ID; Invalid Foreign Key: Product_ID,SA00166420,O0066420,OI00166420,2026-08-12,C006421,P00421,E00421,R001,1,290.34,5.81,284.54,181.47,45.0,5.12
166499,Invalid Foreign Key: Order_Item_ID; Invalid Foreign Key: Product_ID,SA00166498,O0066498,OI00166498,2025-10-29,C006499,P00499,E00499,R019,4,5124.58,153.74,4970.85,3217.02,43.0,89.48
166557,Invalid Foreign Key: Order_Item_ID,SA00166556,O0066556,OI00166556,2025-12-26,C006557,P00557,E00057,R017,2,1495.28,74.76,1420.51,937.81,101.0,25.57
166577,Invalid Foreign Key: Order_Item_ID; Invalid Foreign Key: Product_ID,SA00166576,O0066576,OI00166576,2026-01-15,C006577,P00577,E00077,R017,2,2003.38,80.14,1923.24,1257.19,41.0,34.62
166614,Invalid Foreign Key: Order_Item_ID; Invalid Foreign Key: Product_ID,SA00166613,O0066613,OI00166613,2026-02-21,C006614,P00614,E00114,R014,4,805.71,48.34,757.36,502.3,78.0,13.63
166621,Invalid Foreign Key: Order_ID; Invalid Foreign Key: Order_Item_ID,SA00166620,O0066620,OI00166620,2026-02-28,C006621,P00621,E00121,R001,1,290.34,17.42,272.92,181.47,85.0,4.91
166751,Invalid Foreign Key: Order_ID; Invalid Foreign Key: Order_Item_ID; Invalid Foreign Key: Employee_ID,SA00166750,O0066750,OI00166750,2026-07-08,C006751,P00751,E00251,R011,1,671.42,20.14,651.28,421.0,55.0,11.72
166842,Invalid Foreign Key: Order_Item_ID; Invalid Foreign Key: Product_ID,SA00166841,O0066841,OI00166841,2025-10-07,C006842,P00842,E00342,R002,2,1114.2,33.43,1080.77,698.28,66.0,19.45
166921,Invalid Foreign Key: Order_Item_ID; Invalid Foreign Key: Product_ID,SA00166920,O0066920,OI00166920,2025-12-25,C006921,P00921,E00421,R001,1,290.34,14.52,275.83,181.47,65.0,4.96
166979,Invalid Foreign Key: Order_ID; Invalid Foreign Key: Order_Item_ID; Invalid Foreign Key: Customer_ID,SA00166978,O0066978,OI00166978,2026-02-21,C006979,P00979,E00479,R019,4,4108.38,0.0,4108.38,2578.26,43.0,73.95
166998,Invalid Foreign Key: Order_Item_ID; Invalid Foreign Key: Product_ID,SA00166997,O0066997,OI00166997,2026-03-12,C006998,P00998,E00498,R018,3,3805.33,190.27,3615.06,2388.81,62.0,65.07
167083,Invalid Foreign Key: Order_ID; Invalid Foreign Key: Order_Item_ID; Invalid Foreign Key: Customer_ID,SA00167082,O0067082,OI00167082,2026-06-05,C007083,P00083,E00083,R003,3,3233.71,194.02,3039.69,2029.51,67.0,54.71
167251,Invalid Foreign Key: Order_ID; Invalid Foreign Key: Order_Item_ID; Invalid Foreign Key: Employee_ID,SA00167250,O0067250,OI00167250,2025-11-20,C007251,P00251,E00251,R011,1,671.42,40.29,631.14,421.0,75.0,11.36
167307,Invalid Foreign Key: Order_Item_ID; Invalid Foreign Key: Product_ID,SA00167306,O0067306,OI00167306,2026-01-15,C007307,P00307,E00307,R007,2,225.02,13.5,211.52,139.37,51.0,3.81
167421,Invalid Foreign Key: Order_Item_ID; Invalid Foreign Key: Product_ID,SA00167420,O0067420,OI00167420,2026-05-09,C007421,P00421,E00421,R001,1,290.34,2.9,287.44,181.47,85.0,5.17
167499,Invalid Foreign Key: Order_Item_ID; Invalid Foreign Key: Product_ID,SA00167498,O0067498,OI00167498,2026-07-26,C007499,P00499,E00499,R019,4,5124.58,102.49,5022.09,3217.02,83.0,90.4
167527,Invalid Foreign Key: Order_ID; Invalid Foreign Key: Order_Item_ID,SA00167526,O0067526,OI00167526,2026-08-23,C007527,P00527,E00027,R007,2,733.12,14.66,718.46,458.74,31.0,12.93
167577,Invalid Foreign Key: Order_Item_ID; Invalid Foreign Key: Product_ID,SA00167576,O0067576,OI00167576,2025-10-12,C007577,P00577,E00077,R017,2,2003.38,60.1,1943.28,1257.19,81.0,34.98
167614,Invalid Foreign Key: Order_Item_ID; Invalid Foreign Key: Product_ID,SA00167613,O0067613,OI00167613,2025-11-18,C007614,P00614,E00114,R014,4,805.71,40.29,765.42,502.3,38.0,13.78
167751,Invalid Foreign Key: Order_ID; Invalid Foreign Key: Order_Item_ID; Invalid Foreign Key: Employee_ID,SA00167750,O0067750,OI00167750,2026-04-04,C007751,P00751,E00251,R011,1,671.42,13.43,657.99,421.0,95.0,11.84
167842,Invalid Foreign Key: Order_Item_ID; Invalid Foreign Key: Product_ID,SA00167841,O0067841,OI00167841,2026-07-04,C007842,P00842,E00342,R002,2,1114.2,22.28,1091.91,698.28,26.0,19.65
167870,Invalid Foreign Key: Order_ID; Invalid Foreign Key: Order_Item_ID; Invalid Foreign Key: Customer_ID,SA00167869,O0067869,OI00167869,2026-08-01,C007870,P00870,E00370,R010,5,4563.86,91.28,4472.58,2863.52,54.0,80.51
167921,Invalid Foreign Key: Order_Item_ID; Invalid Foreign Key: Product_ID,SA00167920,O0067920,OI00167920,2025-09-21,C007921,P00921,E00421,R001,1,290.34,11.61,278.73,181.47,25.0,5.02
167976,Invalid Foreign Key: Order_ID; Invalid Foreign Key: Order_Item_ID; Invalid Foreign Key: Customer_ID,SA00167975,O0067975,OI00167975,2025-11-15,C007976,P00976,E00476,R016,1,988.99,29.67,959.32,620.61,80.0,17.27
167998,Invalid Foreign Key: Order_Item_ID; Invalid Foreign Key: Product_ID,SA00167997,O0067997,OI00167997,2025-12-07,C007998,P00998,E00498,R018,3,3805.33,152.21,3653.12,2388.81,102.0,65.76
168025,Invalid Foreign Key: Order_Item_ID,SA00168024,O0068024,OI00168024,2026-01-03,C008025,P00025,E00025,R005,5,1705.78,51.17,1654.6,1067.02,49.0,29.78
168043,Negative Value: Quantity; Negative Value: Gross_Sales; Negative Value: Net_Sales; Invalid Foreign Key: Order_Item_ID,SA00168042,O0068042,OI00168042,2026-01-21,C008043,P00043,E00043,R003,-2,-1139.6,0.0,-1139.6,714.25,67.0,0.0
168232,Invalid Foreign Key: Order_ID; Invalid Foreign Key: Order_Item_ID,SA00168231,O0068231,OI00168231,2026-07-29,C008232,P00232,E00232,R012,2,860.15,0.0,860.15,538.59,96.0,15.48
168251,Invalid Foreign Key: Order_ID; Invalid Foreign Key: Order_Item_ID; Invalid Foreign Key: Employee_ID,SA00168250,O0068250,OI00168250,2026-08-17,C008251,P00251,E00251,R011,1,671.42,33.57,637.85,421.0,35.0,11.48
168307,Invalid Foreign Key: Order_Item_ID; Invalid Foreign Key: Product_ID,SA00168306,O0068306,OI00168306,2025-10-12,C008307,P00307,E00307,R007,2,225.02,11.25,213.77,139.37,91.0,3.85
168421,Invalid Foreign Key: Order_Item_ID; Invalid Foreign Key: Product_ID,SA00168420,O0068420,OI00168420,2026-02-03,C008421,P00421,E00421,R001,1,290.34,0.0,290.34,181.47,45.0,5.23
168499,Invalid Foreign Key: Order_Item_ID; Invalid Foreign Key: Product_ID,SA00168498,O0068498,OI00168498,2026-04-22,C008499,P00499,E00499,R019,4,5124.58,51.25,5073.34,3217.02,43.0,91.32
168577,Invalid Foreign Key: Order_Item_ID; Invalid Foreign Key: Product_ID,SA00168576,O0068576,OI00168576,2026-07-09,C008577,P00577,E00077,R017,2,2003.38,40.07,1963.31,1257.19,41.0,35.34
168614,Invalid Foreign Key: Order_Item_ID; Invalid Foreign Key: Product_ID,SA00168613,O0068613,OI00168613,2026-08-15,C008614,P00614,E00114,R014,4,805.71,32.23,773.48,502.3,78.0,13.92
168657,Invalid Foreign Key: Order_ID; Invalid Foreign Key: Order_Item_ID; Invalid Foreign Key: Customer_ID,SA00168656,O0068656,OI00168656,2025-09-27,C008657,P00657,E00157,R017,2,1495.28,74.76,1420.51,937.81,41.0,25.57
168751,Invalid Foreign Key: Order_ID; Invalid Foreign Key: Order_Item_ID; Invalid Foreign Key: Employee_ID,SA00168750,O0068750,OI00168750,2025-12-30,C008751,P00751,E00251,R011,1,671.42,6.71,664.71,421.0,55.0,11.96
168842,Invalid Foreign Key: Order_Item_ID; Invalid Foreign Key: Product_ID,SA00168841,O0068841,OI00168841,2026-03-31,C008842,P00842,E00342,R002,2,1114.2,11.14,1103.06,698.28,66.0,19.86
168921,Invalid Foreign Key: Order_Item_ID; Invalid Foreign Key: Product_ID,SA00168920,O0068920,OI00168920,2026-06-18,C008921,P00921,E00421,R001,1,290.34,8.71,281.63,181.47,65.0,5.07
168973,Invalid Foreign Key: Order_ID; Invalid Foreign Key: Order_Item_ID; Invalid Foreign Key: Customer_ID,SA00168972,O0068972,OI00168972,2026-08-09,C008973,P00973,E00473,R013,3,2852.64,171.16,2681.48,1789.98,37.0,48.27
168998,Invalid Foreign Key: Order_Item_ID; Invalid Foreign Key: Product_ID,SA00168997,O0068997,OI00168997,2025-09-03,C008998,P00998,E00498,R018,3,3805.33,114.16,3691.17,2388.81,62.0,66.44
169251,Invalid Foreign Key: Order_ID; Invalid Foreign Key: Order_Item_ID; Invalid Foreign Key: Employee_ID,SA00169250,O0069250,OI00169250,2026-05-14,C009251,P00251,E00251,R011,1,671.42,26.86,644.57,421.0,75.0,11.6
169304,Invalid Foreign Key: Order_ID; Invalid Foreign Key: Order_Item_ID,SA00169303,O0069303,OI00169303,2026-07-06,C009304,P00304,E00304,R004,4,297.6,2.98,294.63,182.92,48.0,5.3
169307,Invalid Foreign Key: Order_Item_ID; Invalid Foreign Key: Product_ID,SA00169306,O0069306,OI00169306,2026-07-09,C009307,P00307,E00307,R007,2,225.02,9.0,216.02,139.37,51.0,3.89
169421,Invalid Foreign Key: Order_Item_ID; Invalid Foreign Key: Product_ID,SA00169420,O0069420,OI00169420,2025-10-31,C009421,P00421,E00421,R001,1,290.34,17.42,272.92,181.47,85.0,4.91
169444,Invalid Foreign Key: Order_ID; Invalid Foreign Key: Order_Item_ID; Invalid Foreign Key: Customer_ID,SA00169443,O0069443,OI00169443,2025-11-23,C009444,P00444,E00444,R004,4,2330.02,23.3,2306.72,1460.43,28.0,41.52
169499,Invalid Foreign Key: Order_Item_ID; Invalid Foreign Key: Product_ID,SA00169498,O0069498,OI00169498,2026-01-17,C009499,P00499,E00499,R019,4,5124.58,0.0,5124.58,3217.02,83.0,92.24
169577,Invalid Foreign Key: Order_Item_ID; Invalid Foreign Key: Product_ID,SA00169576,O0069576,OI00169576,2026-04-05,C009577,P00577,E00077,R017,2,2003.38,20.03,1983.34,1257.19,81.0,35.7
169614,Invalid Foreign Key: Order_Item_ID; Invalid Foreign Key: Product_ID,SA00169613,O0069613,OI00169613,2026-05-12,C009614,P00614,E00114,R014,4,805.71,24.17,781.54,502.3,38.0,14.07
169751,Invalid Foreign Key: Order_ID; Invalid Foreign Key: Order_Item_ID; Invalid Foreign Key: Employee_ID,SA00169750,O0069750,OI00169750,2025-09-26,C009751,P00751,E00251,R011,1,671.42,0.0,671.42,421.0,95.0,12.09
169760,Invalid Foreign Key: Order_Item_ID,SA00169759,O0069759,OI00169759,2025-10-05,C009760,P00760,E00260,R020,5,3928.73,78.57,3850.15,2464.3,104.0,69.3
169842,Invalid Foreign Key: Order_Item_ID; Invalid Foreign Key: Product_ID,SA00169841,O0069841,OI00169841,2025-12-26,C009842,P00842,E00342,R002,2,1114.2,0.0,1114.2,698.28,26.0,20.06
169921,Invalid Foreign Key: Order_Item_ID; Invalid Foreign Key: Product_ID,SA00169920,O0069920,OI00169920,2026-03-15,C009921,P00921,E00421,R001,1,290.34,5.81,284.54,181.47,25.0,5.12
169952,Invalid Foreign Key: Order_ID; Invalid Foreign Key: Order_Item_ID,SA00169951,O0069951,OI00169951,2026-04-15,C009952,P00952,E00452,R012,2,1368.25,68.41,1299.84,857.97,56.0,23.4
169970,Invalid Foreign Key: Order_ID; Invalid Foreign Key: Order_Item_ID; Invalid Foreign Key: Customer_ID,SA00169969,O0069969,OI00169969,2026-05-03,C009970,P00970,E00470,R010,5,4563.86,91.28,4472.58,2863.52,74.0,80.51
169998,Invalid Foreign Key: Order_Item_ID; Invalid Foreign Key: Product_ID,SA00169997,O0069997,OI00169997,2026-05-31,C009998,P00998,E00498,R018,3,3805.33,76.11,3729.22,2388.81,102.0,67.13
170050,Invalid Foreign Key: Order_ID; Invalid Foreign Key: Order_Item_ID,SA00170049,O0070049,OI00170049,2026-07-22,C010050,P00050,E00050,R010,5,3293.6,164.68,3128.92,2065.08,74.0,56.32
170103,Invalid Foreign Key: Order_Item_ID,SA00170102,O0070102,OI00170102,2025-09-13,C010103,P00103,E00103,R003,3,185.09,3.7,181.39,113.23,47.0,3.27
170231,Invalid Foreign Key: Order_ID; Invalid Foreign Key: Order_Item_ID; Invalid Foreign Key: Customer_ID,SA00170230,O0070230,OI00170230,2026-01-19,C010231,P00231,E00231,R011,1,417.37,16.69,400.68,261.31,95.0,7.21
170251,Invalid Foreign Key: Order_ID; Invalid Foreign Key: Order_Item_ID; Invalid Foreign Key: Employee_ID,SA00170250,O0070250,OI00170250,2026-02-08,C010251,P00251,E00251,R011,1,671.42,20.14,651.28,421.0,35.0,11.72
170307,Invalid Foreign Key: Order_Item_ID; Invalid Foreign Key: Product_ID,SA00170306,O0070306,OI00170306,2026-04-05,C010307,P00307,E00307,R007,2,225.02,6.75,218.27,139.37,91.0,3.93
170421,Invalid Foreign Key: Order_Item_ID; Invalid Foreign Key: Product_ID,SA00170420,O0070420,OI00170420,2026-07-28,C010421,P00421,E00421,R001,1,290.34,14.52,275.83,181.47,45.0,4.96
170433,Invalid Foreign Key: Order_ID; Invalid Foreign Key: Order_Item_ID,SA00170432,O0070432,OI00170432,2026-08-09,C010433,P00433,E00433,R013,3,1328.33,39.85,1288.48,831.84,57.0,23.19
170499,Invalid Foreign Key: Order_Item_ID; Invalid Foreign Key: Product_ID,SA00170498,O0070498,OI00170498,2025-10-14,C010499,P00499,E00499,R019,4,5124.58,307.48,4817.11,3217.02,43.0,86.71
170577,Invalid Foreign Key: Order_Item_ID; Invalid Foreign Key: Product_ID,SA00170576,O0070576,OI00170576,2025-12-31,C010577,P00577,E00077,R017,2,2003.38,0.0,2003.38,1257.19,41.0,36.06
170614,Invalid Foreign Key: Order_Item_ID; Invalid Foreign Key: Product_ID,SA00170613,O0070613,OI00170613,2026-02-06,C010614,P00614,E00114,R014,4,805.71,16.11,789.59,502.3,78.0,14.21
170751,Invalid Foreign Key: Order_ID; Invalid Foreign Key: Order_Item_ID; Invalid Foreign Key: Employee_ID,SA00170750,O0070750,OI00170750,2026-06-23,C010751,P00751,E00251,R011,1,671.42,40.29,631.14,421.0,55.0,11.36
170842,Invalid Foreign Key: Order_Item_ID; Invalid Foreign Key: Product_ID,SA00170841,O0070841,OI00170841,2025-09-22,C010842,P00842,E00342,R002,2,1114.2,66.85,1047.35,698.28,66.0,18.85
170921,Invalid Foreign Key: Order_Item_ID; Invalid Foreign Key: Product_ID,SA00170920,O0070920,OI00170920,2025-12-10,C010921,P00921,E00421,R001,1,290.34,2.9,287.44,181.47,65.0,5.17
170967,Invalid Foreign Key: Order_ID; Invalid Foreign Key: Order_Item_ID; Invalid Foreign Key: Customer_ID,SA00170966,O0070966,OI00170966,2026-01-25,C010967,P00967,E00467,R007,2,1749.33,87.47,1661.86,1097.5,31.0,29.91
170998,Invalid Foreign Key: Order_Item_ID; Invalid Foreign Key: Product_ID,SA00170997,O0070997,OI00170997,2026-02-25,C010998,P00998,E00498,R018,3,3805.33,38.05,3767.28,2388.81,62.0,67.81
171018,Invalid Foreign Key: Order_ID; Invalid Foreign Key: Order_Item_ID; Invalid Foreign Key: Customer_ID,SA00171017,O0071017,OI00171017,2026-03-17,C011018,P00018,E00018,R018,3,756.71,0.0,756.71,472.54,82.0,13.62
171081,Invalid Foreign Key: Order_ID; Invalid Foreign Key: Order_Item_ID,SA00171080,O0071080,OI00171080,2026-05-19,C011081,P00081,E00081,R001,1,1052.5,0.0,1052.5,660.53,65.0,18.94
171251,Invalid Foreign Key: Order_ID; Invalid Foreign Key: Order_Item_ID; Invalid Foreign Key: Employee_ID,SA00171250,O0071250,OI00171250,2025-11-05,C011251,P00251,E00251,R011,1,671.42,13.43,657.99,799.9,75.0,11.84
171307,Invalid Foreign Key: Order_Item_ID; Invalid Foreign Key: Product_ID,SA00171306,O0071306,OI00171306,2025-12-31,C011307,P00307,E00307,R007,2,225.02,4.5,220.52,139.37,51.0,3.97
171421,Invalid Foreign Key: Order_Item_ID; Invalid Foreign Key: Product_ID,SA00171420,O0071420,OI00171420,2026-04-24,C011421,P00421,E00421,R001,1,290.34,11.61,278.73,181.47,85.0,5.02
171499,Invalid Foreign Key: Order_Item_ID; Invalid Foreign Key: Product_ID,SA00171498,O0071498,OI00171498,2026-07-11,C011499,P00499,E00499,R019,4,5124.58,256.23,4868.36,3217.02,83.0,87.63
171577,Invalid Foreign Key: Order_Item_ID; Invalid Foreign Key: Product_ID,SA00171576,O0071576,OI00171576,2025-09-27,C011577,P00577,E00077,R017,2,2003.38,120.2,1883.18,1257.19,81.0,33.9
171614,Invalid Foreign Key: Order_Item_ID; Invalid Foreign Key: Product_ID,SA00171613,O0071613,OI00171613,2025-11-03,C011614,P00614,E00114,R014,4,805.71,8.06,797.65,502.3,38.0,14.36
171751,Invalid Foreign Key: Order_ID; Invalid Foreign Key: Order_Item_ID; Invalid Foreign Key: Employee_ID,SA00171750,O0071750,OI00171750,2026-03-20,C011751,P00751,E00251,R011,1,671.42,33.57,637.85,421.0,95.0,11.48
171805,Invalid Foreign Key: Order_ID; Invalid Foreign Key: Order_Item_ID; Invalid Foreign Key: Customer_ID,SA00171804,O0071804,OI00171804,2026-05-13,C011805,P00805,E00305,R005,5,435.52,13.07,422.45,268.57,69.0,7.6
171842,Invalid Foreign Key: Order_Item_ID; Invalid Foreign Key: Product_ID,SA00171841,O0071841,OI00171841,2026-06-19,C011842,P00842,E00342,R002,2,1114.2,55.71,1058.49,698.28,26.0,19.05
171921,Invalid Foreign Key: Order_Item_ID; Invalid Foreign Key: Product_ID,SA00171920,O0071920,OI00171920,2025-09-06,C011921,P00921,E00421,R001,1,290.34,0.0,290.34,181.47,25.0,5.23
171964,Invalid Foreign Key: Order_ID; Invalid Foreign Key: Order_Item_ID; Invalid Foreign Key: Customer_ID,SA00171963,O0071963,OI00171963,2025-10-19,C011964,P00964,E00464,R004,4,3346.22,33.46,3312.76,2099.19,68.0,59.63
171998,Invalid Foreign Key: Order_Item_ID; Invalid Foreign Key: Product_ID,SA00171997,O0071997,OI00171997,2025-11-22,C011998,P00998,E00498,R018,3,3805.33,0.0,3805.33,2388.81,102.0,68.5
172044,Negative Value: Quantity; Negative Value: Gross_Sales; Negative Value: Net_Sales; Invalid Foreign Key: Order_Item_ID,SA00172043,O0072043,OI00172043,2026-01-07,C012044,P00044,E00044,R004,-2,-1165.01,-46.6,-1118.41,730.22,68.0,0.0
172251,Invalid Foreign Key: Order_ID; Invalid Foreign Key: Order_Item_ID; Invalid Foreign Key: Employee_ID,SA00172250,O0072250,OI00172250,2026-08-02,C012251,P00251,E00251,R011,1,671.42,6.71,664.71,421.0,35.0,11.96
172307,Invalid Foreign Key: Order_Item_ID; Invalid Foreign Key: Product_ID,SA00172306,O0072306,OI00172306,2025-09-27,C012307,P00307,E00307,R007,2,225.02,2.25,222.77,139.37,91.0,4.01
172421,Invalid Foreign Key: Order_Item_ID; Invalid Foreign Key: Product_ID,SA00172420,O0072420,OI00172420,2026-01-19,C012421,P00421,E00421,R001,1,290.34,8.71,281.63,181.47,45.0,5.07
172499,Invalid Foreign Key: Order_Item_ID; Invalid Foreign Key: Product_ID,SA00172498,O0072498,OI00172498,2026-04-07,C012499,P00499,E00499,R019,4,5124.58,204.98,4919.6,3217.02,43.0,88.55
172577,Invalid Foreign Key: Order_Item_ID; Invalid Foreign Key: Product_ID,SA00172576,O0072576,OI00172576,2026-06-24,C012577,P00577,E00077,R017,2,2003.38,100.17,1903.21,1257.19,41.0,34.26
172592,Invalid Foreign Key: Order_ID; Invalid Foreign Key: Order_Item_ID; Invalid Foreign Key: Customer_ID,SA00172591,O0072591,OI00172591,2026-07-09,C012592,P00592,E00092,R012,2,2384.46,143.07,2241.39,1496.73,56.0,40.34
172614,Invalid Foreign Key: Order_Item_ID; Invalid Foreign Key: Product_ID,SA00172613,O0072613,OI00172613,2026-07-31,C012614,P00614,E00114,R014,4,805.71,0.0,805.71,502.3,78.0,14.5
172634,Invalid Foreign Key: Order_ID; Invalid Foreign Key: Order_Item_ID,SA00172633,O0072633,OI00172633,2026-08-20,C012634,P00634,E00134,R014,4,1821.91,109.31,1712.6,1141.05,98.0,30.83
172751,Invalid Foreign Key: Order_ID; Invalid Foreign Key: Order_Item_ID; Invalid Foreign Key: Employee_ID,SA00172750,O0072750,OI00172750,2025-12-15,C012751,P00751,E00251,R011,1,671.42,26.86,644.57,421.0,55.0,11.6
172842,Invalid Foreign Key: Order_Item_ID; Invalid Foreign Key: Product_ID,SA00172841,O0072841,OI00172841,2026-03-16,C012842,P00842,E00342,R002,2,1114.2,44.57,1069.63,698.28,66.0,19.25
172858,Invalid Foreign Key: Order_ID; Invalid Foreign Key: Order_Item_ID,SA00172857,O0072857,OI00172857,2026-04-01,C012858,P00858,E00358,R018,3,2281.02,136.86,2144.16,1430.67,82.0,38.59
172921,Invalid Foreign Key: Order_Item_ID; Invalid Foreign Key: Product_ID,SA00172920,O0072920,OI00172920,2026-06-03,C012921,P00921,E00421,R001,1,290.34,17.42,272.92,181.47,65.0,4.91
172961,Invalid Foreign Key: Order_ID; Invalid Foreign Key: Order_Item_ID; Invalid Foreign Key: Customer_ID,SA00172960,O0072960,OI00172960,2026-07-13,C012961,P00961,E00461,R001,1,798.45,31.94,766.51,500.84,25.0,13.8
172963,Invalid Foreign Key: Order_Item_ID,SA00172962,O0072962,OI00172962,2026-07-15,C012963,P00963,E00463,R003,3,2471.56,148.29,2323.27,1550.44,27.0,41.82
172998,Invalid Foreign Key: Order_Item_ID; Invalid Foreign Key: Product_ID,SA00172997,O0072997,OI00172997,2026-08-19,C012998,P00998,E00498,R018,3,3805.33,228.32,3577.01,2388.81,62.0,64.39
173251,Invalid Foreign Key: Order_ID; Invalid Foreign Key: Order_Item_ID; Invalid Foreign Key: Employee_ID,SA00173250,O0073250,OI00173250,2026-04-29,C013251,P00251,E00251,R011,1,671.42,0.0,671.42,421.0,75.0,12.09
173283,Invalid Foreign Key: Order_ID; Invalid Foreign Key: Order_Item_ID,SA00173282,O0073282,OI00173282,2026-05-31,C013283,P00283,E00283,R003,3,3233.71,129.35,3104.37,2029.51,27.0,55.88
173307,Invalid Foreign Key: Order_Item_ID; Invalid Foreign Key: Product_ID,SA00173306,O0073306,OI00173306,2026-06-24,C013307,P00307,E00307,R007,2,225.02,0.0,225.02,139.37,51.0,4.05
173379,Invalid Foreign Key: Order_ID; Invalid Foreign Key: Order_Item_ID; Invalid Foreign Key: Customer_ID,SA00173378,O0073378,OI00173378,2025-09-04,C013379,P00379,E00379,R019,4,4108.38,82.17,4026.21,2578.26,43.0,72.47
173421,Invalid Foreign Key: Order_Item_ID; Invalid Foreign Key: Product_ID,SA00173420,O0073420,OI00173420,2025-10-16,C013421,P00421,E00421,R001,1,290.34,5.81,284.54,181.47,85.0,5.12
173499,Invalid Foreign Key: Order_Item_ID; Invalid Foreign Key: Product_ID,SA00173498,O0073498,OI00173498,2026-01-02,C013499,P00499,E00499,R019,4,5124.58,153.74,4970.85,3217.02,83.0,89.48
173577,Invalid Foreign Key: Order_Item_ID; Invalid Foreign Key: Product_ID,SA00173576,O0073576,OI00173576,2026-03-21,C013577,P00577,E00077,R017,2,2003.38,80.14,1923.24,1257.19,81.0,34.62
173614,Invalid Foreign Key: Order_Item_ID; Invalid Foreign Key: Product_ID,SA00173613,O0073613,OI00173613,2026-04-27,C013614,P00614,E00114,R014,4,805.71,48.34,757.36,502.3,38.0,13.63
173751,Invalid Foreign Key: Order_ID; Invalid Foreign Key: Order_Item_ID; Invalid Foreign Key: Employee_ID,SA00173750,O0073750,OI00173750,2025-09-11,C013751,P00751,E00251,R011,1,671.42,20.14,651.28,421.0,95.0,11.72
173842,Invalid Foreign Key: Order_Item_ID; Invalid Foreign Key: Product_ID,SA00173841,O0073841,OI00173841,2025-12-11,C013842,P00842,E00342,R002,2,1114.2,33.43,1080.77,698.28,26.0,19.45
173921,Invalid Foreign Key: Order_Item_ID; Invalid Foreign Key: Product_ID,SA00173920,O0073920,OI00173920,2026-02-28,C013921,P00921,E00421,R001,1,290.34,14.52,275.83,181.47,25.0,4.96
173958,Invalid Foreign Key: Order_ID; Invalid Foreign Key: Order_Item_ID; Invalid Foreign Key: Customer_ID,SA00173957,O0073957,OI00173957,2026-04-06,C013958,P00958,E00458,R018,3,2281.02,0.0,2281.02,1430.67,62.0,41.06
173998,Invalid Foreign Key: Order_Item_ID; Invalid Foreign Key: Product_ID,SA00173997,O0073997,OI00173997,2026-05-16,C013998,P00998,E00498,R018,3,3805.33,190.27,3615.06,2388.81,102.0,65.07
174166,Invalid Foreign Key: Order_ID; Invalid Foreign Key: Order_Item_ID; Invalid Foreign Key: Customer_ID,SA00174165,O0074165,OI00174165,2025-10-31,C014166,P00166,E00166,R006,1,861.96,43.1,818.86,540.77,30.0,14.74
174251,Invalid Foreign Key: Order_ID; Invalid Foreign Key: Order_Item_ID; Invalid Foreign Key: Employee_ID,SA00174250,O0074250,OI00174250,2026-01-24,C014251,P00251,E00251,R011,1,671.42,40.29,631.14,421.0,35.0,11.36
174307,Invalid Foreign Key: Order_Item_ID; Invalid Foreign Key: Product_ID,SA00174306,O0074306,OI00174306,2026-03-21,C014307,P00307,E00307,R007,2,225.02,13.5,211.52,139.37,91.0,3.81
174421,Invalid Foreign Key: Order_Item_ID; Invalid Foreign Key: Product_ID,SA00174420,O0074420,OI00174420,2026-07-13,C014421,P00421,E00421,R001,1,290.34,2.9,287.44,181.47,45.0,5.17
174499,Invalid Foreign Key: Order_Item_ID; Invalid Foreign Key: Product_ID,SA00174498,O0074498,OI00174498,2025-09-29,C014499,P00499,E00499,R019,4,5124.58,102.49,5022.09,3217.02,43.0,90.4
174577,Invalid Foreign Key: Order_Item_ID; Invalid Foreign Key: Product_ID,SA00174576,O0074576,OI00174576,2025-12-16,C014577,P00577,E00077,R017,2,2003.38,60.1,1943.28,1257.19,41.0,34.98
174614,Invalid Foreign Key: Order_Item_ID; Invalid Foreign Key: Product_ID,SA00174613,O0074613,OI00174613,2026-01-22,C014614,P00614,E00114,R014,4,805.71,40.29,765.42,502.3,78.0,13.78
174635,Invalid Foreign Key: Order_ID; Invalid Foreign Key: Order_Item_ID,SA00174634,O0074634,OI00174634,2026-02-12,C014635,P00635,E00135,R015,5,2340.9,117.05,2223.86,1466.24,99.0,40.03
174751,Invalid Foreign Key: Order_ID; Invalid Foreign Key: Order_Item_ID; Invalid Foreign Key: Employee_ID,SA00174750,O0074750,OI00174750,2026-06-08,C014751,P00751,E00251,R011,1,671.42,13.43,657.99,421.0,55.0,11.84
174835,Invalid Foreign Key: Order_ID; Invalid Foreign Key: Order_Item_ID,SA00174834,O0074834,OI00174834,2026-08-31,C014835,P00835,E00335,R015,5,2340.9,46.82,2294.09,1466.24,59.0,41.29
174842,Invalid Foreign Key: Order_Item_ID; Invalid Foreign Key: Product_ID,SA00174841,O0074841,OI00174841,2025-09-07,C014842,P00842,E00342,R002,2,1114.2,22.28,1091.91,698.28,66.0,19.65
174921,Invalid Foreign Key: Order_Item_ID; Invalid Foreign Key: Product_ID,SA00174920,O0074920,OI00174920,2025-11-25,C014921,P00921,E00421,R001,1,290.34,11.61,278.73,181.47,65.0,5.02
174953,Invalid Foreign Key: Order_ID; Invalid Foreign Key: Order_Item_ID; Invalid Foreign Key: Customer_ID,SA00174952,O0074952,OI00174952,2025-12-27,C014953,P00953,E00453,R013,3,2090.48,20.9,2069.58,1310.91,97.0,37.25
174955,Invalid Foreign Key: Order_ID; Invalid Foreign Key: Order_Item_ID; Invalid Foreign Key: Customer_ID,SA00174954,O0074954,OI00174954,2025-12-29,C014955,P00955,E00455,R015,5,3611.16,108.33,3502.83,2264.69,99.0,63.05
174998,Invalid Foreign Key: Order_Item_ID; Invalid Foreign Key: Product_ID,SA00174997,O0074997,OI00174997,2026-02-10,C014998,P00998,E00498,R018,3,3805.33,152.21,3653.12,2388.81,62.0,65.76
175026,Invalid Foreign Key: Order_Item_ID,SA00175025,O0075025,OI00175025,2026-03-10,C015026,P00026,E00026,R006,1,353.86,14.15,339.7,221.39,90.0,6.11
175106,Invalid Foreign Key: Order_Item_ID,SA00175105,O0075105,OI00175105,2026-05-29,C015106,P00106,E00106,R006,1,99.81,0.0,99.81,61.7,90.0,1.8
175251,Invalid Foreign Key: Order_ID; Invalid Foreign Key: Order_Item_ID; Invalid Foreign Key: Employee_ID,SA00175250,O0075250,OI00175250,2025-10-21,C015251,P00251,E00251,R011,1,671.42,33.57,637.85,421.0,75.0,11.48
175307,Invalid Foreign Key: Order_Item_ID; Invalid Foreign Key: Product_ID,SA00175306,O0075306,OI00175306,2025-12-16,C015307,P00307,E00307,R007,2,225.02,11.25,213.77,139.37,51.0,3.85
175421,Invalid Foreign Key: Order_Item_ID; Invalid Foreign Key: Product_ID,SA00175420,O0075420,OI00175420,2026-04-09,C015421,P00421,E00421,R001,1,290.34,0.0,290.34,181.47,85.0,5.23
175499,Invalid Foreign Key: Order_Item_ID; Invalid Foreign Key: Product_ID,SA00175498,O0075498,OI00175498,2026-06-26,C015499,P00499,E00499,R019,4,5124.58,51.25,5073.34,3217.02,83.0,91.32
175577,Invalid Foreign Key: Order_Item_ID; Invalid Foreign Key: Product_ID,SA00175576,O0075576,OI00175576,2025-09-12,C015577,P00577,E00077,R017,2,2003.38,40.07,1963.31,1257.19,81.0,35.34
175614,Invalid Foreign Key: Order_Item_ID; Invalid Foreign Key: Product_ID,SA00175613,O0075613,OI00175613,2025-10-19,C015614,P00614,E00114,R014,4,805.71,32.23,773.48,502.3,38.0,13.92
175740,Invalid Foreign Key: Order_ID; Invalid Foreign Key: Order_Item_ID; Invalid Foreign Key: Customer_ID,SA00175739,O0075739,OI00175739,2026-02-22,C015740,P00740,E00240,R020,5,2658.47,106.34,2552.13,1665.85,84.0,45.94
175751,Invalid Foreign Key: Order_ID; Invalid Foreign Key: Order_Item_ID; Invalid Foreign Key: Employee_ID,SA00175750,O0075750,OI00175750,2026-03-05,C015751,P00751,E00251,R011,1,671.42,6.71,664.71,421.0,95.0,11.96
175842,Invalid Foreign Key: Order_Item_ID; Invalid Foreign Key: Product_ID,SA00175841,O0075841,OI00175841,2026-06-04,C015842,P00842,E00342,R002,2,1114.2,11.14,1103.06,698.28,26.0,19.86
175921,Invalid Foreign Key: Order_Item_ID; Invalid Foreign Key: Product_ID,SA00175920,O0075920,OI00175920,2026-08-22,C015921,P00921,E00421,R001,1,290.34,8.71,281.63,181.47,25.0,5.07
175952,Invalid Foreign Key: Order_ID; Invalid Foreign Key: Order_Item_ID; Invalid Foreign Key: Customer_ID,SA00175951,O0075951,OI00175951,2025-09-22,C015952,P00952,E00452,R012,2,1368.25,82.09,1286.15,857.97,56.0,23.15
175998,Invalid Foreign Key: Order_Item_ID; Invalid Foreign Key: Product_ID,SA00175997,O0075997,OI00175997,2025-11-07,C015998,P00998,E00498,R018,3,3805.33,114.16,3691.17,2388.81,102.0,66.44
176045,Negative Value: Quantity; Negative Value: Gross_Sales; Negative Value: Net_Sales; Invalid Foreign Key: Order_Item_ID,SA00176044,O0076044,OI00176044,2025-12-24,C016045,P00045,E00045,R005,-2,-1190.41,-11.9,-1178.51,746.19,69.0,0.0
176166,Invalid Foreign Key: Order_Item_ID,SA00176165,O0076165,OI00176165,2026-04-24,C016166,P00166,E00166,R006,1,861.96,25.86,836.1,540.77,30.0,15.05
176251,Invalid Foreign Key: Order_ID; Invalid Foreign Key: Order_Item_ID; Invalid Foreign Key: Employee_ID,SA00176250,O0076250,OI00176250,2026-07-18,C016251,P00251,E00251,R011,1,671.42,26.86,644.57,421.0,35.0,11.6
176307,Invalid Foreign Key: Order_Item_ID; Invalid Foreign Key: Product_ID,SA00176306,O0076306,OI00176306,2025-09-12,C016307,P00307,E00307,R007,2,225.02,9.0,216.02,139.37,91.0,3.89
176412,Invalid Foreign Key: Order_ID; Invalid Foreign Key: Order_Item_ID,SA00176411,O0076411,OI00176411,2025-12-26,C016412,P00412,E00412,R012,2,352.04,14.08,337.96,219.21,36.0,6.08
176421,Invalid Foreign Key: Order_Item_ID; Invalid Foreign Key: Product_ID,SA00176420,O0076420,OI00176420,2026-01-04,C016421,P00421,E00421,R001,1,290.34,17.42,272.92,181.47,45.0,4.91
176499,Invalid Foreign Key: Order_Item_ID; Invalid Foreign Key: Product_ID,SA00176498,O0076498,OI00176498,2026-03-23,C016499,P00499,E00499,R019,4,5124.58,0.0,5124.58,3217.02,43.0,92.24
176527,Invalid Foreign Key: Order_ID; Invalid Foreign Key: Order_Item_ID; Invalid Foreign Key: Customer_ID,SA00176526,O0076526,OI00176526,2026-04-20,C016527,P00527,E00027,R007,2,733.12,0.0,733.12,458.74,71.0,13.2
176577,Invalid Foreign Key: Order_Item_ID; Invalid Foreign Key: Product_ID,SA00176576,O0076576,OI00176576,2026-06-09,C016577,P00577,E00077,R017,2,2003.38,20.03,1983.34,1257.19,41.0,35.7
176614,Invalid Foreign Key: Order_ID; Invalid Foreign Key: Order_Item_ID; Invalid Foreign Key: Product_ID,SA00176613,O0076613,OI00176613,2026-07-16,C016614,P00614,E00114,R014,4,805.71,24.17,781.54,502.3,78.0,14.07
176751,Invalid Foreign Key: Order_ID; Invalid Foreign Key: Order_Item_ID; Invalid Foreign Key: Employee_ID,SA00176750,O0076750,OI00176750,2025-11-30,C016751,P00751,E00251,R011,1,671.42,0.0,671.42,421.0,55.0,12.09
176842,Invalid Foreign Key: Order_Item_ID; Invalid Foreign Key: Product_ID,SA00176841,O0076841,OI00176841,2026-03-01,C016842,P00842,E00342,R002,2,1114.2,0.0,1114.2,698.28,66.0,20.06
176921,Invalid Foreign Key: Order_Item_ID; Invalid Foreign Key: Product_ID,SA00176920,O0076920,OI00176920,2026-05-19,C016921,P00921,E00421,R001,1,290.34,5.81,284.54,181.47,65.0,5.12
176949,Invalid Foreign Key: Order_ID; Invalid Foreign Key: Order_Item_ID; Invalid Foreign Key: Customer_ID,SA00176948,O0076948,OI00176948,2026-06-16,C016949,P00949,E00449,R009,4,2584.07,51.68,2532.39,1620.12,93.0,45.58
176998,Invalid Foreign Key: Order_Item_ID; Invalid Foreign Key: Product_ID,SA00176997,O0076997,OI00176997,2026-08-04,C016998,P00998,E00498,R018,3,3805.33,76.11,3729.22,2388.81,62.0,67.13
177036,Invalid Foreign Key: Order_ID; Invalid Foreign Key: Order_Item_ID,SA00177035,O0077035,OI00177035,2025-09-11,C017036,P00036,E00036,R016,1,480.88,24.04,456.84,301.23,100.0,8.22
177251,Invalid Foreign Key: Order_ID; Invalid Foreign Key: Order_Item_ID; Invalid Foreign Key: Employee_ID,SA00177250,O0077250,OI00177250,2026-04-14,C017251,P00251,E00251,R011,1,671.42,20.14,651.28,421.0,75.0,11.72
177307,Invalid Foreign Key: Order_Item_ID; Invalid Foreign Key: Product_ID,SA00177306,O0077306,OI00177306,2026-06-09,C017307,P00307,E00307,R007,2,225.02,6.75,218.27,139.37,51.0,3.93
177314,Invalid Foreign Key: Order_ID; Invalid Foreign Key: Order_Item_ID; Invalid Foreign Key: Customer_ID,SA00177313,O0077313,OI00177313,2026-06-16,C017314,P00314,E00314,R014,4,805.71,24.17,781.54,502.3,58.0,14.07
177421,Invalid Foreign Key: Order_Item_ID; Invalid Foreign Key: Product_ID,SA00177420,O0077420,OI00177420,2025-10-01,C017421,P00421,E00421,R001,1,290.34,14.52,275.83,181.47,85.0,4.96
177499,Invalid Foreign Key: Order_Item_ID; Invalid Foreign Key: Product_ID,SA00177498,O0077498,OI00177498,2025-12-18,C017499,P00499,E00499,R019,4,5124.58,307.48,4817.11,3217.02,83.0,86.71
177577,Invalid Foreign Key: Order_Item_ID; Invalid Foreign Key: Product_ID,SA00177576,O0077576,OI00177576,2026-03-06,C017577,P00577,E00077,R017,2,2003.38,0.0,2003.38,1257.19,81.0,36.06
177614,Invalid Foreign Key: Order_Item_ID; Invalid Foreign Key: Product_ID,SA00177613,O0077613,OI00177613,2026-04-12,C017614,P00614,E00114,R014,4,805.71,16.11,789.59,502.3,38.0,14.21
177751,Invalid Foreign Key: Order_ID; Invalid Foreign Key: Order_Item_ID; Invalid Foreign Key: Employee_ID,SA00177750,O0077750,OI00177750,2026-08-27,C017751,P00751,E00251,R011,1,671.42,40.29,631.14,421.0,95.0,11.36
177842,Invalid Foreign Key: Order_Item_ID; Invalid Foreign Key: Product_ID,SA00177841,O0077841,OI00177841,2025-11-26,C017842,P00842,E00342,R002,2,1114.2,66.85,1047.35,698.28,26.0,18.85
177921,Invalid Foreign Key: Order_Item_ID; Invalid Foreign Key: Product_ID,SA00177920,O0077920,OI00177920,2026-02-13,C017921,P00921,E00421,R001,1,290.34,2.9,287.44,181.47,25.0,5.17
177946,Invalid Foreign Key: Order_ID; Invalid Foreign Key: Order_Item_ID; Invalid Foreign Key: Customer_ID,SA00177945,O0077945,OI00177945,2026-03-10,C017946,P00946,E00446,R006,1,607.91,30.4,577.51,381.08,50.0,10.4
177998,Invalid Foreign Key: Order_Item_ID; Invalid Foreign Key: Product_ID,SA00177997,O0077997,OI00177997,2026-05-01,C017998,P00998,E00498,R018,3,3805.33,38.05,3767.28,2388.81,102.0,67.81
178101,Invalid Foreign Key: Order_ID; Invalid Foreign Key: Order_Item_ID; Invalid Foreign Key: Customer_ID,SA00178100,O0078100,OI00178100,2026-08-12,C018101,P00101,E00101,R001,1,36.29,2.18,34.12,41.37,45.0,0.61
178189,Invalid Foreign Key: Order_ID; Invalid Foreign Key: Order_Item_ID,SA00178188,O0078188,OI00178188,2025-11-08,C018189,P00189,E00189,R009,4,4616.48,138.49,4477.99,2897.64,53.0,80.6
178251,Invalid Foreign Key: Order_ID; Invalid Foreign Key: Order_Item_ID; Invalid Foreign Key: Employee_ID,SA00178250,O0078250,OI00178250,2026-01-09,C018251,P00251,E00251,R011,1,671.42,13.43,657.99,421.0,35.0,11.84
178307,Invalid Foreign Key: Order_Item_ID; Invalid Foreign Key: Product_ID,SA00178306,O0078306,OI00178306,2026-03-06,C018307,P00307,E00307,R007,2,225.02,4.5,220.52,139.37,91.0,3.97
178421,Invalid Foreign Key: Order_Item_ID; Invalid Foreign Key: Product_ID,SA00178420,O0078420,OI00178420,2026-06-28,C018421,P00421,E00421,R001,1,290.34,11.61,278.73,181.47,45.0,5.02
178499,Invalid Foreign Key: Order_Item_ID; Invalid Foreign Key: Product_ID,SA00178498,O0078498,OI00178498,2025-09-14,C018499,P00499,E00499,R019,4,5124.58,256.23,4868.36,3217.02,43.0,87.63
178577,Invalid Foreign Key: Order_Item_ID; Invalid Foreign Key: Product_ID,SA00178576,O0078576,OI00178576,2025-12-01,C018577,P00577,E00077,R017,2,2003.38,120.2,1883.18,1257.19,41.0,33.9
178614,Invalid Foreign Key: Order_Item_ID; Invalid Foreign Key: Product_ID,SA00178613,O0078613,OI00178613,2026-01-07,C018614,P00614,E00114,R014,4,805.71,8.06,797.65,502.3,78.0,14.36
178751,Invalid Foreign Key: Order_ID; Invalid Foreign Key: Order_Item_ID; Invalid Foreign Key: Employee_ID,SA00178750,O0078750,OI00178750,2026-05-24,C018751,P00751,E00251,R011,1,671.42,33.57,637.85,421.0,55.0,11.48
178842,Invalid Foreign Key: Order_Item_ID; Invalid Foreign Key: Product_ID,SA00178841,O0078841,OI00178841,2026-08-23,C018842,P00842,E00342,R002,2,1114.2,55.71,1058.49,698.28,66.0,19.05
178888,Invalid Foreign Key: Order_ID; Invalid Foreign Key: Order_Item_ID; Invalid Foreign Key: Customer_ID,SA00178887,O0078887,OI00178887,2025-10-08,C018888,P00888,E00388,R008,3,3424.25,68.49,3355.77,2149.28,32.0,60.4
178921,Invalid Foreign Key: Order_Item_ID; Invalid Foreign Key: Product_ID,SA00178920,O0078920,OI00178920,2025-11-10,C018921,P00921,E00421,R001,1,290.34,0.0,290.34,181.47,65.0,5.23
178943,Invalid Foreign Key: Order_ID; Invalid Foreign Key: Order_Item_ID; Invalid Foreign Key: Customer_ID,SA00178942,O0078942,OI00178942,2025-12-02,C018943,P00943,E00443,R003,3,1709.4,17.09,1692.31,1071.37,87.0,30.46
178998,Invalid Foreign Key: Order_Item_ID; Invalid Foreign Key: Product_ID,SA00178997,O0078997,OI00178997,2026-01-26,C018998,P00998,E00498,R018,3,3805.33,0.0,3805.33,2388.81,62.0,68.5
179237,Invalid Foreign Key: Order_ID; Invalid Foreign Key: Order_Item_ID,SA00179236,O0079236,OI00179236,2025-09-22,C019237,P00237,E00237,R017,2,987.17,9.87,977.3,618.43,61.0,17.59
179251,Invalid Foreign Key: Order_ID; Invalid Foreign Key: Order_Item_ID; Invalid Foreign Key: Employee_ID,SA00179250,O0079250,OI00179250,2025-10-06,C019251,P00251,E00251,R011,1,671.42,6.71,664.71,421.0,75.0,11.96
179307,Invalid Foreign Key: Order_Item_ID; Invalid Foreign Key: Product_ID,SA00179306,O0079306,OI00179306,2025-12-01,C019307,P00307,E00307,R007,2,225.02,2.25,222.77,139.37,51.0,4.01
179369,Invalid Foreign Key: Order_Item_ID,SA00179368,O0079368,OI00179368,2026-02-01,C019369,P00369,E00369,R009,4,3600.27,0.0,3600.27,2258.88,33.0,64.8
179421,Invalid Foreign Key: Order_Item_ID; Invalid Foreign Key: Product_ID,SA00179420,O0079420,OI00179420,2026-03-25,C019421,P00421,E00421,R001,1,290.34,8.71,281.63,181.47,85.0,5.07
179499,Invalid Foreign Key: Order_Item_ID; Invalid Foreign Key: Product_ID,SA00179498,O0079498,OI00179498,2026-06-11,C019499,P00499,E00499,R019,4,5124.58,204.98,4919.6,3217.02,83.0,88.55
179577,Invalid Foreign Key: Order_Item_ID; Invalid Foreign Key: Product_ID,SA00179576,O0079576,OI00179576,2026-08-28,C019577,P00577,E00077,R017,2,2003.38,100.17,1903.21,1257.19,81.0,34.26
179614,Invalid Foreign Key: Order_Item_ID; Invalid Foreign Key: Product_ID,SA00179613,O0079613,OI00179613,2025-10-04,C019614,P00614,E00114,R014,4,805.71,0.0,805.71,502.3,38.0,14.5
179675,Invalid Foreign Key: Order_ID; Invalid Foreign Key: Order_Item_ID; Invalid Foreign Key: Customer_ID,SA00179674,O0079674,OI00179674,2025-12-04,C019675,P00675,E00175,R015,5,4881.42,244.07,4637.35,3063.14,99.0,83.47
179751,Invalid Foreign Key: Order_ID; Invalid Foreign Key: Order_Item_ID; Invalid Foreign Key: Employee_ID,SA00179750,O0079750,OI00179750,2026-02-18,C019751,P00751,E00251,R011,1,671.42,26.86,644.57,421.0,95.0,11.6
179842,Invalid Foreign Key: Order_Item_ID; Invalid Foreign Key: Product_ID,SA00179841,O0079841,OI00179841,2026-05-20,C019842,P00842,E00342,R002,2,1114.2,44.57,1069.63,698.28,26.0,19.25
179921,Invalid Foreign Key: Order_Item_ID; Invalid Foreign Key: Product_ID,SA00179920,O0079920,OI00179920,2026-08-07,C019921,P00921,E00421,R001,1,290.34,17.42,272.92,181.47,25.0,4.91
179940,Invalid Foreign Key: Order_ID; Invalid Foreign Key: Order_Item_ID; Invalid Foreign Key: Customer_ID,SA00179939,O0079939,OI00179939,2026-08-26,C019940,P00940,E00440,R020,5,2658.47,106.34,2552.13,1665.85,44.0,45.94
179945,Invalid Foreign Key: Order_ID; Invalid Foreign Key: Order_Item_ID,SA00179944,O0079944,OI00179944,2026-08-31,C019945,P00945,E00445,R005,5,2976.03,59.52,2916.51,1865.46,49.0,52.5
179966,Invalid Foreign Key: Order_ID; Invalid Foreign Key: Order_Item_ID,SA00179965,O0079965,OI00179965,2025-09-21,C019966,P00966,E00466,R006,1,861.96,17.24,844.72,540.77,70.0,15.2
179998,Invalid Foreign Key: Order_Item_ID; Invalid Foreign Key: Product_ID,SA00179997,O0079997,OI00179997,2025-10-23,C019998,P00998,E00498,R018,3,3805.33,228.32,3577.01,2388.81,102.0,64.39
180046,Negative Value: Quantity; Negative Value: Gross_Sales; Negative Value: Net_Sales; Invalid Foreign Key: Order_Item_ID,SA00180045,O0080045,OI00180045,2025-12-10,C000046,P00046,E00046,R006,-2,-1215.82,-60.79,-1155.03,762.15,70.0,0.0
180057,Invalid Foreign Key: Order_ID; Invalid Foreign Key: Order_Item_ID,SA00180056,O0080056,OI00180056,2025-12-21,C000057,P00057,E00057,R017,2,1495.28,29.91,1465.37,937.81,81.0,26.38
180109,Invalid Foreign Key: Order_Item_ID,SA00180108,O0080108,OI00180108,2026-02-11,C000109,P00109,E00109,R009,4,551.65,27.58,524.07,342.61,53.0,9.43
180251,Invalid Foreign Key: Order_ID; Invalid Foreign Key: Order_Item_ID; Invalid Foreign Key: Employee_ID,SA00180250,O0080250,OI00180250,2026-07-03,C000251,P00251,E00251,R011,1,671.42,0.0,671.42,421.0,35.0,12.09
180307,Invalid Foreign Key: Order_Item_ID; Invalid Foreign Key: Product_ID,SA00180306,O0080306,OI00180306,2026-08-28,C000307,P00307,E00307,R007,2,225.02,0.0,225.02,139.37,91.0,4.05
180421,Invalid Foreign Key: Order_Item_ID; Invalid Foreign Key: Product_ID,SA00180420,O0080420,OI00180420,2025-12-20,C000421,P00421,E00421,R001,1,290.34,5.81,284.54,181.47,45.0,5.12
180499,Invalid Foreign Key: Order_Item_ID; Invalid Foreign Key: Product_ID,SA00180498,O0080498,OI00180498,2026-03-08,C000499,P00499,E00499,R019,4,5124.58,153.74,4970.85,3217.02,43.0,89.48
180577,Invalid Foreign Key: Order_Item_ID; Invalid Foreign Key: Product_ID,SA00180576,O0080576,OI00180576,2026-05-25,C000577,P00577,E00077,R017,2,2003.38,80.14,1923.24,1257.19,41.0,34.62
180614,Invalid Foreign Key: Order_Item_ID; Invalid Foreign Key: Product_ID,SA00180613,O0080613,OI00180613,2026-07-01,C000614,P00614,E00114,R014,4,805.71,48.34,757.36,502.3,78.0,13.63
180751,Invalid Foreign Key: Order_ID; Invalid Foreign Key: Order_Item_ID; Invalid Foreign Key: Employee_ID,SA00180750,O0080750,OI00180750,2025-11-15,C000751,P00751,E00251,R011,1,671.42,20.14,651.28,421.0,55.0,11.72
180787,Invalid Foreign Key: Order_ID; Invalid Foreign Key: Order_Item_ID; Invalid Foreign Key: Customer_ID,SA00180786,O0080786,OI00180786,2025-12-21,C000787,P00787,E00287,R007,2,2257.43,90.3,2167.13,1416.88,91.0,39.01
180842,Invalid Foreign Key: Order_Item_ID; Invalid Foreign Key: Product_ID,SA00180841,O0080841,OI00180841,2026-02-14,C000842,P00842,E00342,R002,2,1114.2,33.43,1080.77,698.28,66.0,19.45
180921,Invalid Foreign Key: Order_Item_ID; Invalid Foreign Key: Product_ID,SA00180920,O0080920,OI00180920,2026-05-04,C000921,P00921,E00421,R001,1,290.34,14.52,275.83,181.47,65.0,4.96
180997,Invalid Foreign Key: Order_ID; Invalid Foreign Key: Order_Item_ID; Invalid Foreign Key: Customer_ID,SA00180996,O0080996,OI00180996,2026-07-19,C000997,P00997,E00497,R017,2,2511.48,100.46,2411.02,1576.57,61.0,43.4
180998,Invalid Foreign Key: Order_Item_ID; Invalid Foreign Key: Product_ID,SA00180997,O0080997,OI00180997,2026-07-20,C000998,P00998,E00498,R018,3,3805.33,190.27,3615.06,2388.81,62.0,65.07
181251,Invalid Foreign Key: Order_ID; Invalid Foreign Key: Order_Item_ID; Invalid Foreign Key: Employee_ID,SA00181250,O0081250,OI00181250,2026-03-30,C001251,P00251,E00251,R011,1,671.42,40.29,631.14,421.0,75.0,11.36
181307,Invalid Foreign Key: Order_Item_ID; Invalid Foreign Key: Product_ID,SA00181306,O0081306,OI00181306,2026-05-25,C001307,P00307,E00307,R007,2,225.02,13.5,211.52,139.37,51.0,3.81
181421,Invalid Foreign Key: Order_Item_ID; Invalid Foreign Key: Product_ID,SA00181420,O0081420,OI00181420,2025-09-16,C001421,P00421,E00421,R001,1,290.34,2.9,287.44,181.47,85.0,5.17
181438,Invalid Foreign Key: Order_ID; Invalid Foreign Key: Order_Item_ID,SA00181437,O0081437,OI00181437,2025-10-03,C001438,P00438,E00438,R018,3,1518.87,60.75,1458.11,951.6,102.0,26.25
181499,Invalid Foreign Key: Order_Item_ID; Invalid Foreign Key: Product_ID,SA00181498,O0081498,OI00181498,2025-12-03,C001499,P00499,E00499,R019,4,5124.58,102.49,5022.09,3217.02,83.0,90.4
181574,Invalid Foreign Key: Order_ID; Invalid Foreign Key: Order_Item_ID; Invalid Foreign Key: Customer_ID,SA00181573,O0081573,OI00181573,2026-02-16,C001574,P00574,E00074,R014,4,3854.33,0.0,3854.33,2418.57,78.0,69.38
181577,Invalid Foreign Key: Order_Item_ID; Invalid Foreign Key: Product_ID,SA00181576,O0081576,OI00181576,2026-02-19,C001577,P00577,E00077,R017,2,2003.38,60.1,1943.28,1257.19,81.0,34.98
181614,Invalid Foreign Key: Order_Item_ID; Invalid Foreign Key: Product_ID,SA00181613,O0081613,OI00181613,2026-03-28,C001614,P00614,E00114,R014,4,805.71,40.29,765.42,502.3,38.0,13.78
181743,Invalid Foreign Key: Order_ID; Invalid Foreign Key: Order_Item_ID,SA00181742,O0081742,OI00181742,2026-08-04,C001743,P00743,E00243,R003,3,1709.4,17.09,1692.31,1071.37,87.0,30.46
181751,Invalid Foreign Key: Order_ID; Invalid Foreign Key: Order_Item_ID; Invalid Foreign Key: Employee_ID,SA00181750,O0081750,OI00181750,2026-08-12,C001751,P00751,E00251,R011,1,671.42,13.43,657.99,421.0,95.0,11.84
181842,Invalid Foreign Key: Order_Item_ID; Invalid Foreign Key: Product_ID,SA00181841,O0081841,OI00181841,2025-11-11,C001842,P00842,E00342,R002,2,1114.2,22.28,1091.91,698.28,26.0,19.65
181921,Invalid Foreign Key: Order_Item_ID; Invalid Foreign Key: Product_ID,SA00181920,O0081920,OI00181920,2026-01-29,C001921,P00921,E00421,R001,1,290.34,11.61,278.73,181.47,25.0,5.02
181994,Invalid Foreign Key: Order_ID; Invalid Foreign Key: Order_Item_ID; Invalid Foreign Key: Customer_ID,SA00181993,O0081993,OI00181993,2026-04-12,C001994,P00994,E00494,R014,4,4870.53,0.0,4870.53,3057.33,98.0,87.67
181998,Invalid Foreign Key: Order_Item_ID; Invalid Foreign Key: Product_ID,SA00181997,O0081997,OI00181997,2026-04-16,C001998,P00998,E00498,R018,3,3805.33,152.21,3653.12,2388.81,102.0,65.76
182027,Invalid Foreign Key: Order_Item_ID,SA00182026,O0082026,OI00182026,2026-05-15,C002027,P00027,E00027,R007,2,733.12,36.66,696.46,458.74,51.0,12.54
182251,Invalid Foreign Key: Order_ID; Invalid Foreign Key: Order_Item_ID; Invalid Foreign Key: Employee_ID,SA00182250,O0082250,OI00182250,2025-12-25,C002251,P00251,E00251,R011,1,671.42,33.57,637.85,421.0,35.0,11.48
182307,Invalid Foreign Key: Order_Item_ID; Invalid Foreign Key: Product_ID,SA00182306,O0082306,OI00182306,2026-02-19,C002307,P00307,E00307,R007,2,225.02,11.25,213.77,139.37,91.0,3.85
182361,Invalid Foreign Key: Order_ID; Invalid Foreign Key: Order_Item_ID; Invalid Foreign Key: Customer_ID,SA00182360,O0082360,OI00182360,2026-04-14,C002361,P00361,E00361,R001,1,798.45,23.95,774.49,500.84,65.0,13.94
182421,Invalid Foreign Key: Order_Item_ID; Invalid Foreign Key: Product_ID,SA00182420,O0082420,OI00182420,2026-06-13,C002421,P00421,E00421,R001,1,290.34,0.0,290.34,181.47,45.0,5.23
182499,Invalid Foreign Key: Order_Item_ID; Invalid Foreign Key: Product_ID,SA00182498,O0082498,OI00182498,2026-08-30,C002499,P00499,E00499,R019,4,5124.58,51.25,5073.34,3217.02,43.0,91.32
182572,Invalid Foreign Key: Order_Item_ID,SA00182571,O0082571,OI00182571,2025-11-11,C002572,P00572,E00072,R012,2,1876.35,75.05,1801.3,1177.35,36.0,32.42
182577,Invalid Foreign Key: Order_Item_ID; Invalid Foreign Key: Product_ID,SA00182576,O0082576,OI00182576,2025-11-16,C002577,P00577,E00077,R017,2,2003.38,40.07,1963.31,1257.19,41.0,35.34
182614,Invalid Foreign Key: Order_Item_ID; Invalid Foreign Key: Product_ID,SA00182613,O0082613,OI00182613,2025-12-23,C002614,P00614,E00114,R014,4,805.71,32.23,773.48,502.3,78.0,13.92
182751,Invalid Foreign Key: Order_ID; Invalid Foreign Key: Order_Item_ID; Invalid Foreign Key: Employee_ID,SA00182750,O0082750,OI00182750,2026-05-09,C002751,P00751,E00251,R011,1,671.42,6.71,664.71,421.0,55.0,11.96
182842,Invalid Foreign Key: Order_Item_ID; Invalid Foreign Key: Product_ID,SA00182841,O0082841,OI00182841,2026-08-08,C002842,P00842,E00342,R002,2,1114.2,11.14,1103.06,698.28,66.0,19.86
182921,Invalid Foreign Key: Order_Item_ID; Invalid Foreign Key: Product_ID,SA00182920,O0082920,OI00182920,2025-10-26,C002921,P00921,E00421,R001,1,290.34,8.71,281.63,181.47,65.0,5.07
182991,Invalid Foreign Key: Order_ID; Invalid Foreign Key: Order_Item_ID; Invalid Foreign Key: Customer_ID,SA00182990,O0082990,OI00182990,2026-01-04,C002991,P00991,E00491,R011,1,1179.53,35.39,1144.14,740.38,55.0,20.59
182998,Invalid Foreign Key: Order_Item_ID; Invalid Foreign Key: Product_ID,SA00182997,O0082997,OI00182997,2026-01-11,C002998,P00998,E00498,R018,3,3805.33,114.16,3691.17,2388.81,62.0,66.44
183148,Invalid Foreign Key: Order_ID; Invalid Foreign Key: Order_Item_ID; Invalid Foreign Key: Customer_ID,SA00183147,O0083147,OI00183147,2026-06-10,C003148,P00148,E00148,R008,3,1899.94,114.0,1785.95,1191.14,52.0,32.15
183251,Invalid Foreign Key: Order_ID; Invalid Foreign Key: Order_Item_ID; Invalid Foreign Key: Employee_ID,SA00183250,O0083250,OI00183250,2025-09-21,C003251,P00251,E00251,R011,1,671.42,26.86,644.57,421.0,75.0,11.6
183276,Invalid Foreign Key: Order_ID; Invalid Foreign Key: Order_Item_ID,SA00183275,O0083275,OI00183275,2025-10-16,C003276,P00276,E00276,R016,1,988.99,9.89,979.1,620.61,100.0,17.62
183307,Invalid Foreign Key: Order_Item_ID; Invalid Foreign Key: Product_ID,SA00183306,O0083306,OI00183306,2025-11-16,C003307,P00307,E00307,R007,2,225.02,9.0,216.02,264.79,51.0,3.89
183421,Invalid Foreign Key: Order_Item_ID; Invalid Foreign Key: Product_ID,SA00183420,O0083420,OI00183420,2026-03-10,C003421,P00421,E00421,R001,1,290.34,17.42,272.92,181.47,85.0,4.91
183499,Invalid Foreign Key: Order_Item_ID; Invalid Foreign Key: Product_ID,SA00183498,O0083498,OI00183498,2026-05-27,C003499,P00499,E00499,R019,4,5124.58,0.0,5124.58,3217.02,83.0,92.24
183520,Invalid Foreign Key: Order_ID; Invalid Foreign Key: Order_Item_ID,SA00183519,O0083519,OI00183519,2026-06-17,C003520,P00520,E00020,R020,5,1388.21,0.0,1388.21,867.4,104.0,24.99
183577,Invalid Foreign Key: Order_Item_ID; Invalid Foreign Key: Product_ID,SA00183576,O0083576,OI00183576,2026-08-13,C003577,P00577,E00077,R017,2,2003.38,20.03,1983.34,1257.19,81.0,35.7
183614,Invalid Foreign Key: Order_Item_ID; Invalid Foreign Key: Product_ID,SA00183613,O0083613,OI00183613,2025-09-19,C003614,P00614,E00114,R014,4,805.71,24.17,781.54,502.3,38.0,14.07
183639,Invalid Foreign Key: Order_ID; Invalid Foreign Key: Order_Item_ID,SA00183638,O0083638,OI00183638,2025-10-14,C003639,P00639,E00139,R019,4,2075.96,0.0,2075.96,1300.74,63.0,37.37
183751,Invalid Foreign Key: Order_ID; Invalid Foreign Key: Order_Item_ID; Invalid Foreign Key: Employee_ID,SA00183750,O0083750,OI00183750,2026-02-03,C003751,P00751,E00251,R011,1,671.42,0.0,671.42,421.0,95.0,12.09
183842,Invalid Foreign Key: Order_Item_ID; Invalid Foreign Key: Product_ID,SA00183841,O0083841,OI00183841,2026-05-05,C003842,P00842,E00342,R002,2,1114.2,0.0,1114.2,698.28,26.0,20.06
183921,Invalid Foreign Key: Order_Item_ID; Invalid Foreign Key: Product_ID,SA00183920,O0083920,OI00183920,2026-07-23,C003921,P00921,E00421,R001,1,290.34,5.81,284.54,181.47,25.0,5.12
183935,Invalid Foreign Key: Order_ID; Invalid Foreign Key: Order_Item_ID; Invalid Foreign Key: Customer_ID,SA00183934,O0083934,OI00183934,2026-08-06,C003935,P00935,E00435,R015,5,2340.9,46.82,2294.09,1466.24,39.0,41.29
183988,Invalid Foreign Key: Order_ID; Invalid Foreign Key: Order_Item_ID; Invalid Foreign Key: Customer_ID,SA00183987,O0083987,OI00183987,2025-09-28,C003988,P00988,E00488,R008,3,3424.25,205.46,3218.8,2149.28,92.0,57.94
183998,Invalid Foreign Key: Order_Item_ID; Invalid Foreign Key: Product_ID,SA00183997,O0083997,OI00183997,2025-10-08,C003998,P00998,E00498,R018,3,3805.33,76.11,3729.22,2388.81,102.0,67.13
184047,Negative Value: Quantity; Negative Value: Gross_Sales; Negative Value: Net_Sales; Invalid Foreign Key: Order_Item_ID,SA00184046,O0084046,OI00184046,2025-11-26,C004047,P00047,E00047,R007,-2,-1241.22,-24.82,-1216.4,778.12,71.0,0.0
184251,Invalid Foreign Key: Order_ID; Invalid Foreign Key: Order_Item_ID; Invalid Foreign Key: Employee_ID,SA00184250,O0084250,OI00184250,2026-06-18,C004251,P00251,E00251,R011,1,671.42,20.14,651.28,421.0,35.0,11.72
184307,Invalid Foreign Key: Order_Item_ID; Invalid Foreign Key: Product_ID,SA00184306,O0084306,OI00184306,2026-08-13,C004307,P00307,E00307,R007,2,225.02,6.75,218.27,139.37,91.0,3.93
184421,Invalid Foreign Key: Order_Item_ID; Invalid Foreign Key: Product_ID,SA00184420,O0084420,OI00184420,2025-12-05,C004421,P00421,E00421,R001,1,290.34,14.52,275.83,181.47,45.0,4.96
184499,Invalid Foreign Key: Order_Item_ID; Invalid Foreign Key: Product_ID,SA00184498,O0084498,OI00184498,2026-02-21,C004499,P00499,E00499,R019,4,5124.58,307.48,4817.11,3217.02,43.0,86.71
184577,Invalid Foreign Key: Order_Item_ID; Invalid Foreign Key: Product_ID,SA00184576,O0084576,OI00184576,2026-05-10,C004577,P00577,E00077,R017,2,2003.38,0.0,2003.38,1257.19,41.0,36.06
184614,Invalid Foreign Key: Order_Item_ID; Invalid Foreign Key: Product_ID,SA00184613,O0084613,OI00184613,2026-06-16,C004614,P00614,E00114,R014,4,805.71,16.11,789.59,502.3,78.0,14.21
184722,Invalid Foreign Key: Order_ID; Invalid Foreign Key: Order_Item_ID; Invalid Foreign Key: Customer_ID,SA00184721,O0084721,OI00184721,2025-10-02,C004722,P00722,E00222,R002,2,606.09,30.3,575.79,378.9,26.0,10.36
184751,Invalid Foreign Key: Order_ID; Invalid Foreign Key: Order_Item_ID; Invalid Foreign Key: Employee_ID,SA00184750,O0084750,OI00184750,2025-10-31,C004751,P00751,E00251,R011,1,671.42,40.29,631.14,421.0,55.0,11.36
184842,Invalid Foreign Key: Order_Item_ID; Invalid Foreign Key: Product_ID,SA00184841,O0084841,OI00184841,2026-01-30,C004842,P00842,E00342,R002,2,1114.2,66.85,1047.35,698.28,66.0,18.85
184921,Invalid Foreign Key: Order_Item_ID; Invalid Foreign Key: Product_ID,SA00184920,O0084920,OI00184920,2026-04-19,C004921,P00921,E00421,R001,1,290.34,2.9,287.44,181.47,65.0,5.17
184985,Invalid Foreign Key: Order_ID; Invalid Foreign Key: Order_Item_ID; Invalid Foreign Key: Customer_ID,SA00184984,O0084984,OI00184984,2026-06-22,C004985,P00985,E00485,R005,5,5516.55,110.33,5406.22,3462.36,49.0,97.31
184998,Invalid Foreign Key: Order_Item_ID; Invalid Foreign Key: Product_ID,SA00184997,O0084997,OI00184997,2026-07-05,C004998,P00998,E00498,R018,3,3805.33,38.05,3767.28,2388.81,62.0,67.81
185112,Invalid Foreign Key: Order_Item_ID,SA00185111,O0085111,OI00185111,2025-10-27,C005112,P00112,E00112,R012,2,352.04,10.56,341.48,219.21,96.0,6.15
185251,Invalid Foreign Key: Order_ID; Invalid Foreign Key: Order_Item_ID; Invalid Foreign Key: Employee_ID,SA00185250,O0085250,OI00185250,2026-03-15,C005251,P00251,E00251,R011,1,671.42,13.43,657.99,421.0,75.0,11.84
185297,Invalid Foreign Key: Order_ID; Invalid Foreign Key: Order_Item_ID,SA00185296,O0085296,OI00185296,2026-04-30,C005297,P00297,E00297,R017,2,2511.48,150.69,2360.79,1576.57,41.0,42.49
185307,Invalid Foreign Key: Order_Item_ID; Invalid Foreign Key: Product_ID,SA00185306,O0085306,OI00185306,2026-05-10,C005307,P00307,E00307,R007,2,225.02,4.5,220.52,139.37,51.0,3.97
185421,Invalid Foreign Key: Order_Item_ID; Invalid Foreign Key: Product_ID,SA00185420,O0085420,OI00185420,2025-09-01,C005421,P00421,E00421,R001,1,290.34,11.61,278.73,181.47,85.0,5.02
185499,Invalid Foreign Key: Order_Item_ID; Invalid Foreign Key: Product_ID,SA00185498,O0085498,OI00185498,2025-11-18,C005499,P00499,E00499,R019,4,5124.58,256.23,4868.36,6112.34,83.0,87.63
185509,Invalid Foreign Key: Order_ID; Invalid Foreign Key: Order_Item_ID; Invalid Foreign Key: Customer_ID,SA00185508,O0085508,OI00185508,2025-11-28,C005509,P00509,E00009,R009,4,551.65,5.52,546.14,342.61,93.0,9.83
185577,Invalid Foreign Key: Order_Item_ID; Invalid Foreign Key: Product_ID,SA00185576,O0085576,OI00185576,2026-02-04,C005577,P00577,E00077,R017,2,2003.38,120.2,1883.18,1257.19,81.0,33.9
185614,Invalid Foreign Key: Order_Item_ID; Invalid Foreign Key: Product_ID,SA00185613,O0085613,OI00185613,2026-03-13,C005614,P00614,E00114,R014,4,805.71,8.06,797.65,502.3,38.0,14.36
185751,Invalid Foreign Key: Order_ID; Invalid Foreign Key: Order_Item_ID; Invalid Foreign Key: Employee_ID,SA00185750,O0085750,OI00185750,2026-07-28,C005751,P00751,E00251,R011,1,671.42,33.57,637.85,421.0,95.0,11.48
185775,Invalid Foreign Key: Order_Item_ID,SA00185774,O0085774,OI00185774,2026-08-21,C005775,P00775,E00275,R015,5,4881.42,48.81,4832.61,3063.14,39.0,86.99
185840,Invalid Foreign Key: Order_ID; Invalid Foreign Key: Order_Item_ID,SA00185839,O0085839,OI00185839,2025-10-25,C005840,P00840,E00340,R020,5,2658.47,79.75,2578.71,1665.85,104.0,46.42
185842,Invalid Foreign Key: Order_Item_ID; Invalid Foreign Key: Product_ID,SA00185841,O0085841,OI00185841,2025-10-27,C005842,P00842,E00342,R002,2,1114.2,55.71,1058.49,698.28,26.0,19.05
185921,Invalid Foreign Key: Order_Item_ID; Invalid Foreign Key: Product_ID,SA00185920,O0085920,OI00185920,2026-01-14,C005921,P00921,E00421,R001,1,290.34,0.0,290.34,181.47,25.0,5.23
185982,Invalid Foreign Key: Order_ID; Invalid Foreign Key: Order_Item_ID; Invalid Foreign Key: Customer_ID,SA00185981,O0085981,OI00185981,2026-03-16,C005982,P00982,E00482,R002,2,2130.4,106.52,2023.88,1337.04,86.0,36.43
185998,Invalid Foreign Key: Order_Item_ID; Invalid Foreign Key: Product_ID,SA00185997,O0085997,OI00185997,2026-04-01,C005998,P00998,E00498,R018,3,3805.33,0.0,3805.33,2388.81,102.0,68.5
186251,Invalid Foreign Key: Order_ID; Invalid Foreign Key: Order_Item_ID; Invalid Foreign Key: Employee_ID,SA00186250,O0086250,OI00186250,2025-12-10,C006251,P00251,E00251,R011,1,671.42,6.71,664.71,421.0,35.0,11.96
186296,Invalid Foreign Key: Order_ID; Invalid Foreign Key: Order_Item_ID; Invalid Foreign Key: Customer_ID,SA00186295,O0086295,OI00186295,2026-01-24,C006296,P00296,E00296,R016,1,1243.04,49.72,1193.32,780.3,80.0,21.48
186307,Invalid Foreign Key: Order_Item_ID; Invalid Foreign Key: Product_ID,SA00186306,O0086306,OI00186306,2026-02-04,C006307,P00307,E00307,R007,2,225.02,2.25,222.77,139.37,91.0,4.01
186421,Invalid Foreign Key: Order_Item_ID; Invalid Foreign Key: Product_ID,SA00186420,O0086420,OI00186420,2026-05-29,C006421,P00421,E00421,R001,1,290.34,8.71,281.63,181.47,45.0,5.07
186499,Invalid Foreign Key: Order_Item_ID; Invalid Foreign Key: Product_ID,SA00186498,O0086498,OI00186498,2026-08-15,C006499,P00499,E00499,R019,4,5124.58,204.98,4919.6,3217.02,43.0,88.55
186577,Invalid Foreign Key: Order_Item_ID; Invalid Foreign Key: Product_ID,SA00186576,O0086576,OI00186576,2025-11-01,C006577,P00577,E00077,R017,2,2003.38,100.17,1903.21,1257.19,41.0,34.26
186607,Invalid Foreign Key: Order_ID; Invalid Foreign Key: Order_Item_ID,SA00186606,O0086606,OI00186606,2025-12-01,C006607,P00607,E00107,R007,2,225.02,0.0,225.02,139.37,71.0,4.05
186614,Invalid Foreign Key: Order_Item_ID; Invalid Foreign Key: Product_ID,SA00186613,O0086613,OI00186613,2025-12-08,C006614,P00614,E00114,R014,4,805.71,0.0,805.71,502.3,78.0,14.5
186751,Invalid Foreign Key: Order_ID; Invalid Foreign Key: Order_Item_ID; Invalid Foreign Key: Employee_ID,SA00186750,O0086750,OI00186750,2026-04-24,C006751,P00751,E00251,R011,1,671.42,26.86,644.57,421.0,55.0,11.6
186842,Invalid Foreign Key: Order_Item_ID; Invalid Foreign Key: Product_ID,SA00186841,O0086841,OI00186841,2026-07-24,C006842,P00842,E00342,R002,2,1114.2,44.57,1069.63,698.28,66.0,19.25
186921,Invalid Foreign Key: Order_Item_ID; Invalid Foreign Key: Product_ID,SA00186920,O0086920,OI00186920,2025-10-11,C006921,P00921,E00421,R001,1,290.34,17.42,272.92,181.47,65.0,4.91
186979,Invalid Foreign Key: Order_ID; Invalid Foreign Key: Order_Item_ID; Invalid Foreign Key: Customer_ID,SA00186978,O0086978,OI00186978,2025-12-08,C006979,P00979,E00479,R019,4,4108.38,41.08,4067.29,2578.26,43.0,73.21
186998,Invalid Foreign Key: Order_Item_ID; Invalid Foreign Key: Product_ID,SA00186997,O0086997,OI00186997,2025-12-27,C006998,P00998,E00498,R018,3,3805.33,228.32,3577.01,2388.81,62.0,64.39
187074,Invalid Foreign Key: Order_ID; Invalid Foreign Key: Order_Item_ID,SA00187073,O0087073,OI00187073,2026-03-13,C007074,P00074,E00074,R014,4,3854.33,192.72,3661.61,2418.57,58.0,65.91
187083,Invalid Foreign Key: Order_ID; Invalid Foreign Key: Order_Item_ID; Invalid Foreign Key: Customer_ID,SA00187082,O0087082,OI00187082,2026-03-22,C007083,P00083,E00083,R003,3,3233.71,0.0,3233.71,2029.51,67.0,58.21
187251,Invalid Foreign Key: Order_ID; Invalid Foreign Key: Order_Item_ID; Invalid Foreign Key: Employee_ID,SA00187250,O0087250,OI00187250,2025-09-06,C007251,P00251,E00251,R011,1,671.42,0.0,671.42,421.0,75.0,12.09
187307,Invalid Foreign Key: Order_Item_ID; Invalid Foreign Key: Product_ID,SA00187306,O0087306,OI00187306,2025-11-01,C007307,P00307,E00307,R007,2,225.02,0.0,225.02,139.37,51.0,4.05
187421,Invalid Foreign Key: Order_Item_ID; Invalid Foreign Key: Product_ID,SA00187420,O0087420,OI00187420,2026-02-23,C007421,P00421,E00421,R001,1,290.34,5.81,284.54,181.47,85.0,5.12
187499,Invalid Foreign Key: Order_Item_ID; Invalid Foreign Key: Product_ID,SA00187498,O0087498,OI00187498,2026-05-12,C007499,P00499,E00499,R019,4,5124.58,153.74,4970.85,3217.02,83.0,89.48
187577,Invalid Foreign Key: Order_Item_ID; Invalid Foreign Key: Product_ID,SA00187576,O0087576,OI00187576,2026-07-29,C007577,P00577,E00077,R017,2,2003.38,80.14,1923.24,1257.19,81.0,34.62
187614,Invalid Foreign Key: Order_Item_ID; Invalid Foreign Key: Product_ID,SA00187613,O0087613,OI00187613,2025-09-04,C007614,P00614,E00114,R014,4,805.71,48.34,757.36,502.3,38.0,13.63
187751,Invalid Foreign Key: Order_ID; Invalid Foreign Key: Order_Item_ID; Invalid Foreign Key: Employee_ID,SA00187750,O0087750,OI00187750,2026-01-19,C007751,P00751,E00251,R011,1,671.42,20.14,651.28,421.0,95.0,11.72
187842,Invalid Foreign Key: Order_Item_ID; Invalid Foreign Key: Product_ID,SA00187841,O0087841,OI00187841,2026-04-20,C007842,P00842,E00342,R002,2,1114.2,33.43,1080.77,698.28,26.0,19.45
187870,Invalid Foreign Key: Order_ID; Invalid Foreign Key: Order_Item_ID; Invalid Foreign Key: Customer_ID,SA00187869,O0087869,OI00187869,2026-05-18,C007870,P00870,E00370,R010,5,4563.86,136.92,4426.94,2863.52,54.0,79.68
187921,Invalid Foreign Key: Order_Item_ID; Invalid Foreign Key: Product_ID,SA00187920,O0087920,OI00187920,2026-07-08,C007921,P00921,E00421,R001,1,290.34,14.52,275.83,181.47,25.0,4.96
187976,Invalid Foreign Key: Order_ID; Invalid Foreign Key: Order_Item_ID; Invalid Foreign Key: Customer_ID,SA00187975,O0087975,OI00187975,2025-09-01,C007976,P00976,E00476,R016,1,988.99,39.56,949.43,620.61,80.0,17.09
187998,Invalid Foreign Key: Order_Item_ID; Invalid Foreign Key: Product_ID,SA00187997,O0087997,OI00187997,2025-09-23,C007998,P00998,E00498,R018,3,3805.33,190.27,3615.06,2388.81,102.0,65.07
188041,Invalid Foreign Key: Order_ID; Invalid Foreign Key: Order_Item_ID,SA00188040,O0088040,OI00188040,2025-11-05,C008041,P00041,E00041,R001,1,544.4,32.66,511.73,341.16,65.0,9.21
188048,Negative Value: Quantity; Negative Value: Gross_Sales; Negative Value: Net_Sales; Invalid Foreign Key: Order_Item_ID,SA00188047,O0088047,OI00188047,2025-11-12,C008048,P00048,E00048,R008,-2,-1266.63,-76.0,-1190.63,794.09,72.0,0.0
188251,Invalid Foreign Key: Order_ID; Invalid Foreign Key: Order_Item_ID; Invalid Foreign Key: Employee_ID,SA00188250,O0088250,OI00188250,2026-06-03,C008251,P00251,E00251,R011,1,671.42,40.29,631.14,421.0,35.0,11.36
188307,Invalid Foreign Key: Order_Item_ID; Invalid Foreign Key: Product_ID,SA00188306,O0088306,OI00188306,2026-07-29,C008307,P00307,E00307,R007,2,225.02,13.5,211.52,139.37,91.0,3.81
188421,Invalid Foreign Key: Order_Item_ID; Invalid Foreign Key: Product_ID,SA00188420,O0088420,OI00188420,2025-11-20,C008421,P00421,E00421,R001,1,290.34,2.9,287.44,181.47,45.0,5.17
188499,Invalid Foreign Key: Order_Item_ID; Invalid Foreign Key: Product_ID,SA00188498,O0088498,OI00188498,2026-02-06,C008499,P00499,E00499,R019,4,5124.58,102.49,5022.09,3217.02,43.0,90.4
188577,Invalid Foreign Key: Order_Item_ID; Invalid Foreign Key: Product_ID,SA00188576,O0088576,OI00188576,2026-04-25,C008577,P00577,E00077,R017,2,2003.38,60.1,1943.28,1257.19,41.0,34.98
188614,Invalid Foreign Key: Order_Item_ID; Invalid Foreign Key: Product_ID,SA00188613,O0088613,OI00188613,2026-06-01,C008614,P00614,E00114,R014,4,805.71,40.29,765.42,502.3,78.0,13.78
188657,Invalid Foreign Key: Order_ID; Invalid Foreign Key: Order_Item_ID; Invalid Foreign Key: Customer_ID,SA00188656,O0088656,OI00188656,2026-07-14,C008657,P00657,E00157,R017,2,1495.28,89.72,1405.56,937.81,41.0,25.3
188751,Invalid Foreign Key: Order_ID; Invalid Foreign Key: Order_Item_ID; Invalid Foreign Key: Employee_ID,SA00188750,O0088750,OI00188750,2025-10-16,C008751,P00751,E00251,R011,1,671.42,13.43,657.99,421.0,55.0,11.84
188842,Invalid Foreign Key: Order_Item_ID; Invalid Foreign Key: Product_ID,SA00188841,O0088841,OI00188841,2026-01-15,C008842,P00842,E00342,R002,2,1114.2,22.28,1091.91,698.28,66.0,19.65
188851,Invalid Foreign Key: Order_ID; Invalid Foreign Key: Order_Item_ID,SA00188850,O0088850,OI00188850,2026-01-24,C008851,P00851,E00351,R011,1,671.42,26.86,644.57,421.0,75.0,11.6
188921,Invalid Foreign Key: Order_Item_ID; Invalid Foreign Key: Product_ID,SA00188920,O0088920,OI00188920,2026-04-04,C008921,P00921,E00421,R001,1,290.34,11.61,278.73,181.47,65.0,5.02
188973,Invalid Foreign Key: Order_ID; Invalid Foreign Key: Order_Item_ID; Invalid Foreign Key: Customer_ID,SA00188972,O0088972,OI00188972,2026-05-26,C008973,P00973,E00473,R013,3,2852.64,0.0,2852.64,1789.98,37.0,51.35
188978,Invalid Foreign Key: Order_Item_ID,SA00188977,O0088977,OI00188977,2026-05-31,C008978,P00978,E00478,R018,3,3043.18,152.16,2891.02,1909.74,42.0,52.04
188998,Invalid Foreign Key: Order_Item_ID; Invalid Foreign Key: Product_ID,SA00188997,O0088997,OI00188997,2026-06-20,C008998,P00998,E00498,R018,3,3805.33,152.21,3653.12,2388.81,62.0,65.76
189028,Invalid Foreign Key: Order_Item_ID,SA00189027,O0089027,OI00189027,2026-07-20,C009028,P00028,E00028,R008,3,1137.79,68.27,1069.52,712.07,92.0,19.25
189251,Invalid Foreign Key: Order_ID; Invalid Foreign Key: Order_Item_ID; Invalid Foreign Key: Employee_ID,SA00189250,O0089250,OI00189250,2026-02-28,C009251,P00251,E00251,R011,1,671.42,33.57,637.85,421.0,75.0,11.48
189307,Invalid Foreign Key: Order_Item_ID; Invalid Foreign Key: Product_ID,SA00189306,O0089306,OI00189306,2026-04-25,C009307,P00307,E00307,R007,2,225.02,11.25,213.77,139.37,51.0,3.85
189421,Invalid Foreign Key: Order_Item_ID; Invalid Foreign Key: Product_ID,SA00189420,O0089420,OI00189420,2026-08-17,C009421,P00421,E00421,R001,1,290.34,0.0,290.34,181.47,85.0,5.23
189444,Invalid Foreign Key: Order_ID; Invalid Foreign Key: Order_Item_ID; Invalid Foreign Key: Customer_ID,SA00189443,O0089443,OI00189443,2025-09-09,C009444,P00444,E00444,R004,4,2330.02,46.6,2283.42,1460.43,28.0,41.1
189499,Invalid Foreign Key: Order_Item_ID; Invalid Foreign Key: Product_ID,SA00189498,O0089498,OI00189498,2025-11-03,C009499,P00499,E00499,R019,4,5124.58,51.25,5073.34,3217.02,83.0,91.32
189577,Invalid Foreign Key: Order_Item_ID; Invalid Foreign Key: Product_ID,SA00189576,O0089576,OI00189576,2026-01-20,C009577,P00577,E00077,R017,2,2003.38,40.07,1963.31,1257.19,81.0,35.34
189614,Invalid Foreign Key: Order_Item_ID; Invalid Foreign Key: Product_ID,SA00189613,O0089613,OI00189613,2026-02-26,C009614,P00614,E00114,R014,4,805.71,32.23,773.48,502.3,38.0,13.92
189751,Invalid Foreign Key: Order_ID; Invalid Foreign Key: Order_Item_ID; Invalid Foreign Key: Employee_ID,SA00189750,O0089750,OI00189750,2026-07-13,C009751,P00751,E00251,R011,1,671.42,6.71,664.71,421.0,95.0,11.96
189842,Invalid Foreign Key: Order_Item_ID; Invalid Foreign Key: Product_ID,SA00189841,O0089841,OI00189841,2025-10-12,C009842,P00842,E00342,R002,2,1114.2,11.14,1103.06,698.28,26.0,19.86
189921,Invalid Foreign Key: Order_Item_ID; Invalid Foreign Key: Product_ID,SA00189920,O0089920,OI00189920,2025-12-30,C009921,P00921,E00421,R001,1,290.34,8.71,281.63,181.47,25.0,5.07
189938,Invalid Foreign Key: Order_ID; Invalid Foreign Key: Order_Item_ID,SA00189937,O0089937,OI00189937,2026-01-16,C009938,P00938,E00438,R018,3,1518.87,91.13,1427.73,951.6,42.0,25.7
189970,Invalid Foreign Key: Order_ID; Invalid Foreign Key: Order_Item_ID; Invalid Foreign Key: Customer_ID,SA00189969,O0089969,OI00189969,2026-02-17,C009970,P00970,E00470,R010,5,4563.86,136.92,4426.94,2863.52,74.0,79.68
189998,Invalid Foreign Key: Order_Item_ID; Invalid Foreign Key: Product_ID,SA00189997,O0089997,OI00189997,2026-03-17,C009998,P00998,E00498,R018,3,3805.33,114.16,3691.17,2388.81,102.0,66.44
190064,Invalid Foreign Key: Order_ID; Invalid Foreign Key: Order_Item_ID,SA00190063,O0090063,OI00190063,2026-05-22,C010064,P00064,E00064,R004,4,3346.22,200.77,3145.45,2099.19,88.0,56.62
190115,Invalid Foreign Key: Order_Item_ID,SA00190114,O0090114,OI00190114,2026-07-12,C010115,P00115,E00115,R015,5,1070.65,10.71,1059.94,667.79,59.0,19.08
190231,Invalid Foreign Key: Order_ID; Invalid Foreign Key: Order_Item_ID; Invalid Foreign Key: Customer_ID,SA00190230,O0090230,OI00190230,2025-11-05,C010231,P00231,E00231,R011,1,417.37,20.87,396.5,261.31,95.0,7.14
190242,Invalid Foreign Key: Order_ID; Invalid Foreign Key: Order_Item_ID,SA00190241,O0090241,OI00190241,2025-11-16,C010242,P00242,E00242,R002,2,1114.2,22.28,1091.91,698.28,26.0,19.65
190251,Invalid Foreign Key: Order_ID; Invalid Foreign Key: Order_Item_ID; Invalid Foreign Key: Employee_ID,SA00190250,O0090250,OI00190250,2025-11-25,C010251,P00251,E00251,R011,1,671.42,26.86,644.57,421.0,35.0,11.6
190307,Invalid Foreign Key: Order_Item_ID; Invalid Foreign Key: Product_ID,SA00190306,O0090306,OI00190306,2026-01-20,C010307,P00307,E00307,R007,2,225.02,9.0,216.02,139.37,91.0,3.89
190421,Invalid Foreign Key: Order_Item_ID; Invalid Foreign Key: Product_ID,SA00190420,O0090420,OI00190420,2026-05-14,C010421,P00421,E00421,R001,1,290.34,17.42,272.92,181.47,45.0,4.91
190499,Invalid Foreign Key: Order_Item_ID; Invalid Foreign Key: Product_ID,SA00190498,O0090498,OI00190498,2026-07-31,C010499,P00499,E00499,R019,4,5124.58,0.0,5124.58,3217.02,43.0,92.24
190577,Invalid Foreign Key: Order_Item_ID; Invalid Foreign Key: Product_ID,SA00190576,O0090576,OI00190576,2025-10-17,C010577,P00577,E00077,R017,2,2003.38,20.03,1983.34,1257.19,41.0,35.7
190614,Invalid Foreign Key: Order_Item_ID; Invalid Foreign Key: Product_ID,SA00190613,O0090613,OI00190613,2025-11-23,C010614,P00614,E00114,R014,4,805.71,24.17,781.54,502.3,78.0,14.07
190628,Invalid Foreign Key: Order_ID; Invalid Foreign Key: Order_Item_ID,SA00190627,O0090627,OI00190627,2025-12-07,C010628,P00628,E00128,R008,3,1137.79,34.13,1103.65,712.07,92.0,19.87
190751,Invalid Foreign Key: Order_ID; Invalid Foreign Key: Order_Item_ID; Invalid Foreign Key: Employee_ID,SA00190750,O0090750,OI00190750,2026-04-09,C010751,P00751,E00251,R011,1,671.42,0.0,671.42,421.0,55.0,12.09
190842,Invalid Foreign Key: Order_Item_ID; Invalid Foreign Key: Product_ID,SA00190841,O0090841,OI00190841,2026-07-09,C010842,P00842,E00342,R002,2,1114.2,0.0,1114.2,1326.73,66.0,20.06
190921,Invalid Foreign Key: Order_Item_ID; Invalid Foreign Key: Product_ID,SA00190920,O0090920,OI00190920,2025-09-26,C010921,P00921,E00421,R001,1,290.34,5.81,284.54,181.47,65.0,5.12
190967,Invalid Foreign Key: Order_ID; Invalid Foreign Key: Order_Item_ID; Invalid Foreign Key: Customer_ID,SA00190966,O0090966,OI00190966,2025-11-11,C010967,P00967,E00467,R007,2,1749.33,104.96,1644.37,1097.5,31.0,29.6
190998,Invalid Foreign Key: Order_Item_ID; Invalid Foreign Key: Product_ID,SA00190997,O0090997,OI00190997,2025-12-12,C010998,P00998,E00498,R018,3,3805.33,76.11,3729.22,2388.81,62.0,67.13
191018,Invalid Foreign Key: Order_ID; Invalid Foreign Key: Order_Item_ID; Invalid Foreign Key: Customer_ID,SA00191017,O0091017,OI00191017,2026-01-01,C011018,P00018,E00018,R018,3,756.71,7.57,749.14,472.54,82.0,13.48
191251,Invalid Foreign Key: Order_ID; Invalid Foreign Key: Order_Item_ID; Invalid Foreign Key: Employee_ID,SA00191250,O0091250,OI00191250,2026-08-22,C011251,P00251,E00251,R011,1,671.42,20.14,651.28,421.0,75.0,11.72
191307,Invalid Foreign Key: Order_Item_ID; Invalid Foreign Key: Product_ID,SA00191306,O0091306,OI00191306,2025-10-17,C011307,P00307,E00307,R007,2,225.02,6.75,218.27,139.37,51.0,3.93
191421,Invalid Foreign Key: Order_Item_ID; Invalid Foreign Key: Product_ID,SA00191420,O0091420,OI00191420,2026-02-08,C011421,P00421,E00421,R001,1,290.34,14.52,275.83,181.47,85.0,4.96
191499,Invalid Foreign Key: Order_Item_ID; Invalid Foreign Key: Product_ID,SA00191498,O0091498,OI00191498,2026-04-27,C011499,P00499,E00499,R019,4,5124.58,307.48,4817.11,3217.02,83.0,86.71
191577,Invalid Foreign Key: Order_Item_ID; Invalid Foreign Key: Product_ID,SA00191576,O0091576,OI00191576,2026-07-14,C011577,P00577,E00077,R017,2,2003.38,0.0,2003.38,1257.19,81.0,36.06
191614,Invalid Foreign Key: Order_Item_ID; Invalid Foreign Key: Product_ID,SA00191613,O0091613,OI00191613,2026-08-20,C011614,P00614,E00114,R014,4,805.71,16.11,789.59,502.3,38.0,14.21
191751,Invalid Foreign Key: Order_ID; Invalid Foreign Key: Order_Item_ID; Invalid Foreign Key: Employee_ID,SA00191750,O0091750,OI00191750,2026-01-04,C011751,P00751,E00251,R011,1,671.42,40.29,631.14,421.0,95.0,11.36
191805,Invalid Foreign Key: Order_ID; Invalid Foreign Key: Order_Item_ID; Invalid Foreign Key: Customer_ID,SA00191804,O0091804,OI00191804,2026-02-27,C011805,P00805,E00305,R005,5,435.52,17.42,418.1,268.57,69.0,7.53
191842,Invalid Foreign Key: Order_Item_ID; Invalid Foreign Key: Product_ID,SA00191841,O0091841,OI00191841,2026-04-05,C011842,P00842,E00342,R002,2,1114.2,66.85,1047.35,698.28,26.0,18.85
191921,Invalid Foreign Key: Order_Item_ID; Invalid Foreign Key: Product_ID,SA00191920,O0091920,OI00191920,2026-06-23,C011921,P00921,E00421,R001,1,290.34,2.9,287.44,181.47,25.0,5.17
191964,Invalid Foreign Key: Order_ID; Invalid Foreign Key: Order_Item_ID; Invalid Foreign Key: Customer_ID,SA00191963,O0091963,OI00191963,2026-08-05,C011964,P00964,E00464,R004,4,3346.22,66.92,3279.3,2099.19,68.0,59.03
191998,Invalid Foreign Key: Order_Item_ID; Invalid Foreign Key: Product_ID,SA00191997,O0091997,OI00191997,2025-09-08,C011998,P00998,E00498,R018,3,3805.33,38.05,3767.28,2388.81,102.0,67.81
192049,Negative Value: Quantity; Negative Value: Gross_Sales; Negative Value: Net_Sales; Invalid Foreign Key: Order_Item_ID,SA00192048,O0092048,OI00192048,2025-10-29,C012049,P00049,E00049,R009,-2,-1292.03,-38.76,-1253.27,810.06,73.0,0.0
192181,Invalid Foreign Key: Order_Item_ID,SA00192180,O0092180,OI00192180,2026-03-10,C012181,P00181,E00181,R001,1,1052.5,21.05,1031.45,660.53,45.0,18.57
192251,Invalid Foreign Key: Order_ID; Invalid Foreign Key: Order_Item_ID; Invalid Foreign Key: Employee_ID,SA00192250,O0092250,OI00192250,2026-05-19,C012251,P00251,E00251,R011,1,671.42,13.43,657.99,421.0,35.0,11.84
192307,Invalid Foreign Key: Order_Item_ID; Invalid Foreign Key: Product_ID,SA00192306,O0092306,OI00192306,2026-07-14,C012307,P00307,E00307,R007,2,225.02,4.5,220.52,139.37,91.0,3.97
192405,Invalid Foreign Key: Order_ID; Invalid Foreign Key: Order_Item_ID,SA00192404,O0092404,OI00192404,2025-10-20,C012405,P00405,E00405,R005,5,435.52,8.71,426.81,268.57,29.0,7.68
192421,Invalid Foreign Key: Order_Item_ID; Invalid Foreign Key: Product_ID,SA00192420,O0092420,OI00192420,2025-11-05,C012421,P00421,E00421,R001,1,290.34,11.61,278.73,181.47,45.0,5.02
192443,Invalid Foreign Key: Order_ID; Invalid Foreign Key: Order_Item_ID,SA00192442,O0092442,OI00192442,2025-11-27,C012443,P00443,E00443,R003,3,1709.4,85.47,1623.93,1071.37,67.0,29.23
192499,Invalid Foreign Key: Order_Item_ID; Invalid Foreign Key: Product_ID,SA00192498,O0092498,OI00192498,2026-01-22,C012499,P00499,E00499,R019,4,5124.58,256.23,4868.36,3217.02,43.0,87.63
192577,Invalid Foreign Key: Order_Item_ID; Invalid Foreign Key: Product_ID,SA00192576,O0092576,OI00192576,2026-04-10,C012577,P00577,E00077,R017,2,2003.38,120.2,1883.18,1257.19,41.0,33.9
192592,Invalid Foreign Key: Order_ID; Invalid Foreign Key: Order_Item_ID; Invalid Foreign Key: Customer_ID,SA00192591,O0092591,OI00192591,2026-04-25,C012592,P00592,E00092,R012,2,2384.46,0.0,2384.46,1496.73,56.0,42.92
192614,Invalid Foreign Key: Order_Item_ID; Invalid Foreign Key: Product_ID,SA00192613,O0092613,OI00192613,2026-05-17,C012614,P00614,E00114,R014,4,805.71,8.06,797.65,502.3,78.0,14.36
192751,Invalid Foreign Key: Order_ID; Invalid Foreign Key: Order_Item_ID; Invalid Foreign Key: Employee_ID,SA00192750,O0092750,OI00192750,2025-10-01,C012751,P00751,E00251,R011,1,671.42,33.57,637.85,421.0,55.0,11.48
192842,Invalid Foreign Key: Order_Item_ID; Invalid Foreign Key: Product_ID,SA00192841,O0092841,OI00192841,2025-12-31,C012842,P00842,E00342,R002,2,1114.2,55.71,1058.49,698.28,66.0,19.05
192921,Invalid Foreign Key: Order_Item_ID; Invalid Foreign Key: Product_ID,SA00192920,O0092920,OI00192920,2026-03-20,C012921,P00921,E00421,R001,1,290.34,0.0,290.34,181.47,65.0,5.23
192961,Invalid Foreign Key: Order_ID; Invalid Foreign Key: Order_Item_ID; Invalid Foreign Key: Customer_ID,SA00192960,O0092960,OI00192960,2026-04-29,C012961,P00961,E00461,R001,1,798.45,39.92,758.53,500.84,25.0,13.65
192998,Invalid Foreign Key: Order_Item_ID; Invalid Foreign Key: Product_ID,SA00192997,O0092997,OI00192997,2026-06-05,C012998,P00998,E00498,R018,3,3805.33,0.0,3805.33,2388.81,62.0,68.5
193251,Invalid Foreign Key: Order_ID; Invalid Foreign Key: Order_Item_ID; Invalid Foreign Key: Employee_ID,SA00193250,O0093250,OI00193250,2026-02-13,C013251,P00251,E00251,R011,1,671.42,6.71,664.71,421.0,75.0,11.96
193269,Invalid Foreign Key: Order_ID; Invalid Foreign Key: Order_Item_ID,SA00193268,O0093268,OI00193268,2026-03-03,C013269,P00269,E00269,R009,4,3600.27,180.01,3420.26,2258.88,93.0,61.56
193307,Invalid Foreign Key: Order_Item_ID; Invalid Foreign Key: Product_ID,SA00193306,O0093306,OI00193306,2026-04-10,C013307,P00307,E00307,R007,2,225.02,2.25,222.77,139.37,51.0,4.01
193379,Invalid Foreign Key: Order_ID; Invalid Foreign Key: Order_Item_ID; Invalid Foreign Key: Customer_ID,SA00193378,O0093378,OI00193378,2026-06-21,C013379,P00379,E00379,R019,4,4108.38,123.25,3985.13,2578.26,43.0,71.73
193421,Invalid Foreign Key: Order_Item_ID; Invalid Foreign Key: Product_ID,SA00193420,O0093420,OI00193420,2026-08-02,C013421,P00421,E00421,R001,1,290.34,8.71,281.63,181.47,85.0,5.07
193499,Invalid Foreign Key: Order_Item_ID; Invalid Foreign Key: Product_ID,SA00193498,O0093498,OI00193498,2025-10-19,C013499,P00499,E00499,R019,4,5124.58,204.98,4919.6,3217.02,83.0,88.55
193577,Invalid Foreign Key: Order_Item_ID; Invalid Foreign Key: Product_ID,SA00193576,O0093576,OI00193576,2026-01-05,C013577,P00577,E00077,R017,2,2003.38,100.17,1903.21,1257.19,81.0,34.26
193614,Invalid Foreign Key: Order_Item_ID; Invalid Foreign Key: Product_ID,SA00193613,O0093613,OI00193613,2026-02-11,C013614,P00614,E00114,R014,4,805.71,0.0,805.71,502.3,38.0,14.5
193751,Invalid Foreign Key: Order_ID; Invalid Foreign Key: Order_Item_ID; Invalid Foreign Key: Employee_ID,SA00193750,O0093750,OI00193750,2026-06-28,C013751,P00751,E00251,R011,1,671.42,26.86,644.57,421.0,95.0,11.6
193842,Invalid Foreign Key: Order_Item_ID; Invalid Foreign Key: Product_ID,SA00193841,O0093841,OI00193841,2025-09-27,C013842,P00842,E00342,R002,2,1114.2,44.57,1069.63,698.28,26.0,19.25
193921,Invalid Foreign Key: Order_Item_ID; Invalid Foreign Key: Product_ID,SA00193920,O0093920,OI00193920,2025-12-15,C013921,P00921,E00421,R001,1,290.34,17.42,272.92,181.47,25.0,4.91
193958,Invalid Foreign Key: Order_ID; Invalid Foreign Key: Order_Item_ID; Invalid Foreign Key: Customer_ID,SA00193957,O0093957,OI00193957,2026-01-21,C013958,P00958,E00458,R018,3,2281.02,22.81,2258.21,1430.67,62.0,40.65
193998,Invalid Foreign Key: Order_Item_ID; Invalid Foreign Key: Product_ID,SA00193997,O0093997,OI00193997,2026-03-02,C013998,P00998,E00498,R018,3,3805.33,228.32,3577.01,2388.81,102.0,64.39
194166,Invalid Foreign Key: Order_ID; Invalid Foreign Key: Order_Item_ID; Invalid Foreign Key: Customer_ID,SA00194165,O0094165,OI00194165,2026-08-17,C014166,P00166,E00166,R006,1,861.96,51.72,810.24,540.77,30.0,14.58
194182,Invalid Foreign Key: Order_ID; Invalid Foreign Key: Order_Item_ID,SA00194181,O0094181,OI00194181,2025-09-02,C014182,P00182,E00182,R002,2,2130.4,21.3,2109.1,1337.04,46.0,37.96
194251,Invalid Foreign Key: Order_ID; Invalid Foreign Key: Order_Item_ID; Invalid Foreign Key: Employee_ID,SA00194250,O0094250,OI00194250,2025-11-10,C014251,P00251,E00251,R011,1,671.42,0.0,671.42,421.0,35.0,12.09
194307,Invalid Foreign Key: Order_Item_ID; Invalid Foreign Key: Product_ID,SA00194306,O0094306,OI00194306,2026-01-05,C014307,P00307,E00307,R007,2,225.02,0.0,225.02,139.37,91.0,4.05
194421,Invalid Foreign Key: Order_Item_ID; Invalid Foreign Key: Product_ID,SA00194420,O0094420,OI00194420,2026-04-29,C014421,P00421,E00421,R001,1,290.34,5.81,284.54,181.47,45.0,5.12
194499,Invalid Foreign Key: Order_Item_ID; Invalid Foreign Key: Product_ID,SA00194498,O0094498,OI00194498,2026-07-16,C014499,P00499,E00499,R019,4,5124.58,153.74,4970.85,3217.02,43.0,89.48
194577,Invalid Foreign Key: Order_Item_ID; Invalid Foreign Key: Product_ID,SA00194576,O0094576,OI00194576,2025-10-02,C014577,P00577,E00077,R017,2,2003.38,80.14,1923.24,1257.19,41.0,34.62
194614,Invalid Foreign Key: Order_Item_ID; Invalid Foreign Key: Product_ID,SA00194613,O0094613,OI00194613,2025-11-08,C014614,P00614,E00114,R014,4,805.71,48.34,757.36,502.3,78.0,13.63
194644,Invalid Foreign Key: Order_ID; Invalid Foreign Key: Order_Item_ID,SA00194643,O0094643,OI00194643,2025-12-08,C014644,P00644,E00144,R004,4,2330.02,23.3,2306.72,1460.43,28.0,41.52
194751,Invalid Foreign Key: Order_ID; Invalid Foreign Key: Order_Item_ID; Invalid Foreign Key: Employee_ID,SA00194750,O0094750,OI00194750,2026-03-25,C014751,P00751,E00251,R011,1,671.42,20.14,651.28,421.0,55.0,11.72
194842,Invalid Foreign Key: Order_Item_ID; Invalid Foreign Key: Product_ID,SA00194841,O0094841,OI00194841,2026-06-24,C014842,P00842,E00342,R002,2,1114.2,33.43,1080.77,698.28,66.0,19.45
194921,Invalid Foreign Key: Order_Item_ID; Invalid Foreign Key: Product_ID,SA00194920,O0094920,OI00194920,2025-09-11,C014921,P00921,E00421,R001,1,290.34,14.52,275.83,181.47,65.0,4.96
194953,Invalid Foreign Key: Order_ID; Invalid Foreign Key: Order_Item_ID; Invalid Foreign Key: Customer_ID,SA00194952,O0094952,OI00194952,2025-10-13,C014953,P00953,E00453,R013,3,2090.48,41.81,2048.67,1310.91,97.0,36.88
194955,Invalid Foreign Key: Order_ID; Invalid Foreign Key: Order_Item_ID; Invalid Foreign Key: Customer_ID,SA00194954,O0094954,OI00194954,2025-10-15,C014955,P00955,E00455,R015,5,3611.16,144.45,3466.72,2264.69,99.0,62.4
194998,Invalid Foreign Key: Order_Item_ID; Invalid Foreign Key: Product_ID,SA00194997,O0094997,OI00194997,2025-11-27,C014998,P00998,E00498,R018,3,3805.33,190.27,3615.06,2388.81,62.0,65.07
195118,Invalid Foreign Key: Order_Item_ID,SA00195117,O0095117,OI00195117,2026-03-27,C015118,P00118,E00118,R018,3,756.71,45.4,711.31,472.54,102.0,12.8
195251,Invalid Foreign Key: Order_ID; Invalid Foreign Key: Order_Item_ID; Invalid Foreign Key: Employee_ID,SA00195250,O0095250,OI00195250,2026-08-07,C015251,P00251,E00251,R011,1,671.42,40.29,631.14,421.0,75.0,11.36
195307,Invalid Foreign Key: Order_Item_ID; Invalid Foreign Key: Product_ID,SA00195306,O0095306,OI00195306,2025-10-02,C015307,P00307,E00307,R007,2,225.02,13.5,211.52,139.37,51.0,3.81
195384,Invalid Foreign Key: Order_Item_ID,SA00195383,O0095383,OI00195383,2025-12-18,C015384,P00384,E00384,R004,4,4362.43,261.75,4100.68,2737.95,48.0,73.81
195421,Invalid Foreign Key: Order_Item_ID; Invalid Foreign Key: Product_ID,SA00195420,O0095420,OI00195420,2026-01-24,C015421,P00421,E00421,R001,1,290.34,2.9,287.44,181.47,85.0,5.17
195499,Invalid Foreign Key: Order_Item_ID; Invalid Foreign Key: Product_ID,SA00195498,O0095498,OI00195498,2026-04-12,C015499,P00499,E00499,R019,4,5124.58,102.49,5022.09,3217.02,83.0,90.4
195577,Invalid Foreign Key: Order_Item_ID; Invalid Foreign Key: Product_ID,SA00195576,O0095576,OI00195576,2026-06-29,C015577,P00577,E00077,R017,2,2003.38,60.1,1943.28,1257.19,81.0,34.98
195614,Invalid Foreign Key: Order_Item_ID; Invalid Foreign Key: Product_ID,SA00195613,O0095613,OI00195613,2026-08-05,C015614,P00614,E00114,R014,4,805.71,40.29,765.42,502.3,38.0,13.78
195740,Invalid Foreign Key: Order_ID; Invalid Foreign Key: Order_Item_ID; Invalid Foreign Key: Customer_ID,SA00195739,O0095739,OI00195739,2025-12-09,C015740,P00740,E00240,R020,5,2658.47,132.92,2525.55,1665.85,84.0,45.46
195751,Invalid Foreign Key: Order_ID; Invalid Foreign Key: Order_Item_ID; Invalid Foreign Key: Employee_ID,SA00195750,O0095750,OI00195750,2025-12-20,C015751,P00751,E00251,R011,1,671.42,13.43,657.99,421.0,95.0,11.84
195842,Invalid Foreign Key: Order_Item_ID; Invalid Foreign Key: Product_ID,SA00195841,O0095841,OI00195841,2026-03-21,C015842,P00842,E00342,R002,2,1114.2,22.28,1091.91,698.28,26.0,19.65
195921,Invalid Foreign Key: Order_Item_ID; Invalid Foreign Key: Product_ID,SA00195920,O0095920,OI00195920,2026-06-08,C015921,P00921,E00421,R001,1,290.34,11.61,278.73,181.47,25.0,5.02
195952,Invalid Foreign Key: Order_ID; Invalid Foreign Key: Order_Item_ID; Invalid Foreign Key: Customer_ID,SA00195951,O0095951,OI00195951,2026-07-09,C015952,P00952,E00452,R012,2,1368.25,0.0,1368.25,857.97,56.0,24.63
195959,Invalid Foreign Key: Order_ID; Invalid Foreign Key: Order_Item_ID,SA00195958,O0095958,OI00195958,2026-07-16,C015959,P00959,E00459,R019,4,3092.17,0.0,3092.17,1939.5,63.0,55.66
195998,Invalid Foreign Key: Order_Item_ID; Invalid Foreign Key: Product_ID,SA00195997,O0095997,OI00195997,2026-08-24,C015998,P00998,E00498,R018,3,3805.33,152.21,3653.12,2388.81,102.0,65.76
196029,Invalid Foreign Key: Order_Item_ID,SA00196028,O0096028,OI00196028,2025-09-24,C016029,P00029,E00029,R009,4,1567.86,0.0,1567.86,981.37,53.0,28.22
196050,Negative Value: Quantity; Negative Value: Gross_Sales; Negative Value: Net_Sales; Invalid Foreign Key: Order_Item_ID,SA00196049,O0096049,OI00196049,2025-10-15,C016050,P00050,E00050,R010,-2,-1317.44,0.0,-1317.44,826.03,74.0,0.0
196251,Invalid Foreign Key: Order_ID; Invalid Foreign Key: Order_Item_ID; Invalid Foreign Key: Employee_ID,SA00196250,O0096250,OI00196250,2026-05-04,C016251,P00251,E00251,R011,1,671.42,33.57,637.85,421.0,35.0,11.48
196307,Invalid Foreign Key: Order_Item_ID; Invalid Foreign Key: Product_ID,SA00196306,O0096306,OI00196306,2026-06-29,C016307,P00307,E00307,R007,2,225.02,11.25,213.77,139.37,91.0,3.85
196421,Invalid Foreign Key: Order_Item_ID; Invalid Foreign Key: Product_ID,SA00196420,O0096420,OI00196420,2025-10-21,C016421,P00421,E00421,R001,1,290.34,0.0,290.34,181.47,45.0,5.23
196499,Invalid Foreign Key: Order_Item_ID; Invalid Foreign Key: Product_ID,SA00196498,O0096498,OI00196498,2026-01-07,C016499,P00499,E00499,R019,4,5124.58,51.25,5073.34,3217.02,43.0,91.32
196527,Invalid Foreign Key: Order_ID; Invalid Foreign Key: Order_Item_ID; Invalid Foreign Key: Customer_ID,SA00196526,O0096526,OI00196526,2026-02-04,C016527,P00527,E00027,R007,2,733.12,7.33,725.79,458.74,71.0,13.06
196577,Invalid Foreign Key: Order_Item_ID; Invalid Foreign Key: Product_ID,SA00196576,O0096576,OI00196576,2026-03-26,C016577,P00577,E00077,R017,2,2003.38,40.07,1963.31,1257.19,41.0,35.34
196600,Invalid Foreign Key: Order_ID; Invalid Foreign Key: Order_Item_ID,SA00196599,O0096599,OI00196599,2026-04-18,C016600,P00600,E00100,R020,5,6469.24,258.77,6210.47,4061.2,64.0,111.79
196614,Invalid Foreign Key: Order_Item_ID; Invalid Foreign Key: Product_ID,SA00196613,O0096613,OI00196613,2026-05-02,C016614,P00614,E00114,R014,4,805.71,32.23,773.48,502.3,78.0,13.92
196751,Invalid Foreign Key: Order_ID; Invalid Foreign Key: Order_Item_ID; Invalid Foreign Key: Employee_ID,SA00196750,O0096750,OI00196750,2025-09-16,C016751,P00751,E00251,R011,1,671.42,6.71,664.71,421.0,55.0,11.96
196842,Invalid Foreign Key: Order_Item_ID; Invalid Foreign Key: Product_ID,SA00196841,O0096841,OI00196841,2025-12-16,C016842,P00842,E00342,R002,2,1114.2,11.14,1103.06,698.28,66.0,19.86
196845,Invalid Foreign Key: Order_ID; Invalid Foreign Key: Order_Item_ID,SA00196844,O0096844,OI00196844,2025-12-19,C016845,P00845,E00345,R005,5,2976.03,119.04,2856.99,1865.46,69.0,51.43
196921,Invalid Foreign Key: Order_Item_ID; Invalid Foreign Key: Product_ID,SA00196920,O0096920,OI00196920,2026-03-05,C016921,P00921,E00421,R001,1,290.34,8.71,281.63,181.47,65.0,5.07
196949,Invalid Foreign Key: Order_ID; Invalid Foreign Key: Order_Item_ID; Invalid Foreign Key: Customer_ID,SA00196948,O0096948,OI00196948,2026-04-02,C016949,P00949,E00449,R009,4,2584.07,77.52,2506.55,1620.12,93.0,45.12
196998,Invalid Foreign Key: Order_Item_ID; Invalid Foreign Key: Product_ID,SA00196997,O0096997,OI00196997,2026-05-21,C016998,P00998,E00498,R018,3,3805.33,114.16,3691.17,2388.81,62.0,66.44
197251,Invalid Foreign Key: Order_ID; Invalid Foreign Key: Order_Item_ID; Invalid Foreign Key: Employee_ID,SA00197250,O0097250,OI00197250,2026-01-29,C017251,P00251,E00251,R011,1,671.42,26.86,644.57,421.0,75.0,11.6
197307,Invalid Foreign Key: Order_Item_ID; Invalid Foreign Key: Product_ID,SA00197306,O0097306,OI00197306,2026-03-26,C017307,P00307,E00307,R007,2,225.02,9.0,216.02,139.37,51.0,3.89
197314,Invalid Foreign Key: Order_ID; Invalid Foreign Key: Order_Item_ID; Invalid Foreign Key: Customer_ID,SA00197313,O0097313,OI00197313,2026-04-02,C017314,P00314,E00314,R014,4,805.71,32.23,773.48,502.3,58.0,13.92
197421,Invalid Foreign Key: Order_Item_ID; Invalid Foreign Key: Product_ID,SA00197420,O0097420,OI00197420,2026-07-18,C017421,P00421,E00421,R001,1,290.34,17.42,272.92,181.47,85.0,4.91
197499,Invalid Foreign Key: Order_Item_ID; Invalid Foreign Key: Product_ID,SA00197498,O0097498,OI00197498,2025-10-04,C017499,P00499,E00499,R019,4,5124.58,0.0,5124.58,3217.02,83.0,92.24
197577,Invalid Foreign Key: Order_Item_ID; Invalid Foreign Key: Product_ID,SA00197576,O0097576,OI00197576,2025-12-21,C017577,P00577,E00077,R017,2,2003.38,20.03,1983.34,1257.19,81.0,35.7
197614,Invalid Foreign Key: Order_Item_ID; Invalid Foreign Key: Product_ID,SA00197613,O0097613,OI00197613,2026-01-27,C017614,P00614,E00114,R014,4,805.71,24.17,781.54,502.3,38.0,14.07
197736,Invalid Foreign Key: Order_ID; Invalid Foreign Key: Order_Item_ID,SA00197735,O0097735,OI00197735,2026-05-29,C017736,P00736,E00236,R016,1,480.88,28.85,452.03,301.23,80.0,8.14
197751,Invalid Foreign Key: Order_ID; Invalid Foreign Key: Order_Item_ID; Invalid Foreign Key: Employee_ID,SA00197750,O0097750,OI00197750,2026-06-13,C017751,P00751,E00251,R011,1,671.42,0.0,671.42,421.0,95.0,12.09
197842,Invalid Foreign Key: Order_Item_ID; Invalid Foreign Key: Product_ID,SA00197841,O0097841,OI00197841,2025-09-12,C017842,P00842,E00342,R002,2,1114.2,0.0,1114.2,698.28,26.0,20.06
197921,Invalid Foreign Key: Order_Item_ID; Invalid Foreign Key: Product_ID,SA00197920,O0097920,OI00197920,2025-11-30,C017921,P00921,E00421,R001,1,290.34,5.81,284.54,181.47,25.0,5.12
197946,Invalid Foreign Key: Order_ID; Invalid Foreign Key: Order_Item_ID; Invalid Foreign Key: Customer_ID,SA00197945,O0097945,OI00197945,2025-12-25,C017946,P00946,E00446,R006,1,607.91,36.47,571.43,381.08,50.0,10.29
197998,Invalid Foreign Key: Order_Item_ID; Invalid Foreign Key: Product_ID,SA00197997,O0097997,OI00197997,2026-02-15,C017998,P00998,E00498,R018,3,3805.33,76.11,3729.22,2388.81,102.0,67.13
198101,Invalid Foreign Key: Order_ID; Invalid Foreign Key: Order_Item_ID; Invalid Foreign Key: Customer_ID,SA00198100,O0098100,OI00198100,2026-05-29,C018101,P00101,E00101,R001,1,36.29,0.0,36.29,21.78,45.0,0.65
198251,Invalid Foreign Key: Order_ID; Invalid Foreign Key: Order_Item_ID; Invalid Foreign Key: Employee_ID,SA00198250,O0098250,OI00198250,2025-10-26,C018251,P00251,E00251,R011,1,671.42,20.14,651.28,421.0,35.0,11.72
198307,Invalid Foreign Key: Order_Item_ID; Invalid Foreign Key: Product_ID,SA00198306,O0098306,OI00198306,2025-12-21,C018307,P00307,E00307,R007,2,225.02,6.75,218.27,139.37,91.0,3.93
198421,Invalid Foreign Key: Order_Item_ID; Invalid Foreign Key: Product_ID,SA00198420,O0098420,OI00198420,2026-04-14,C018421,P00421,E00421,R001,1,290.34,14.52,275.83,181.47,45.0,4.96
198499,Invalid Foreign Key: Order_Item_ID; Invalid Foreign Key: Product_ID,SA00198498,O0098498,OI00198498,2026-07-01,C018499,P00499,E00499,R019,4,5124.58,307.48,4817.11,3217.02,43.0,86.71
198577,Invalid Foreign Key: Order_Item_ID; Invalid Foreign Key: Product_ID,SA00198576,O0098576,OI00198576,2025-09-17,C018577,P00577,E00077,R017,2,2003.38,0.0,2003.38,1257.19,41.0,36.06
198587,Invalid Foreign Key: Order_Item_ID,SA00198586,O0098586,OI00198586,2025-09-27,C018587,P00587,E00087,R007,2,2257.43,67.72,2189.71,1416.88,51.0,39.41
198614,Invalid Foreign Key: Order_Item_ID; Invalid Foreign Key: Product_ID,SA00198613,O0098613,OI00198613,2025-10-24,C018614,P00614,E00114,R014,4,805.71,16.11,789.59,502.3,78.0,14.21
198751,Invalid Foreign Key: Order_ID; Invalid Foreign Key: Order_Item_ID; Invalid Foreign Key: Employee_ID,SA00198750,O0098750,OI00198750,2026-03-10,C018751,P00751,E00251,R011,1,671.42,40.29,631.14,421.0,55.0,11.36
198842,Invalid Foreign Key: Order_Item_ID; Invalid Foreign Key: Product_ID,SA00198841,O0098841,OI00198841,2026-06-09,C018842,P00842,E00342,R002,2,1114.2,66.85,1047.35,698.28,66.0,18.85
198888,Invalid Foreign Key: Order_ID; Invalid Foreign Key: Order_Item_ID; Invalid Foreign Key: Customer_ID,SA00198887,O0098887,OI00198887,2026-07-25,C018888,P00888,E00388,R008,3,3424.25,102.73,3321.53,2149.28,32.0,59.79
198921,Invalid Foreign Key: Order_Item_ID; Invalid Foreign Key: Product_ID,SA00198920,O0098920,OI00198920,2026-08-27,C018921,P00921,E00421,R001,1,290.34,2.9,287.44,181.47,65.0,5.17
198943,Invalid Foreign Key: Order_ID; Invalid Foreign Key: Order_Item_ID; Invalid Foreign Key: Customer_ID,SA00198942,O0098942,OI00198942,2025-09-18,C018943,P00943,E00443,R003,3,1709.4,34.19,1675.22,1071.37,87.0,30.15
198998,Invalid Foreign Key: Order_Item_ID; Invalid Foreign Key: Product_ID,SA00198997,O0098997,OI00198997,2025-11-12,C018998,P00998,E00498,R018,3,3805.33,38.05,3767.28,2388.81,62.0,67.81
199046,Invalid Foreign Key: Order_ID; Invalid Foreign Key: Order_Item_ID,SA00199045,O0099045,OI00199045,2025-12-30,C019046,P00046,E00046,R006,1,607.91,0.0,607.91,381.08,30.0,10.94
199251,Invalid Foreign Key: Order_ID; Invalid Foreign Key: Order_Item_ID; Invalid Foreign Key: Employee_ID,SA00199250,O0099250,OI00199250,2026-07-23,C019251,P00251,E00251,R011,1,671.42,13.43,657.99,421.0,75.0,11.84
199307,Invalid Foreign Key: Order_Item_ID; Invalid Foreign Key: Product_ID,SA00199306,O0099306,OI00199306,2025-09-17,C019307,P00307,E00307,R007,2,225.02,4.5,220.52,139.37,51.0,3.97
199421,Invalid Foreign Key: Order_Item_ID; Invalid Foreign Key: Product_ID,SA00199420,O0099420,OI00199420,2026-01-09,C019421,P00421,E00421,R001,1,290.34,11.61,278.73,181.47,85.0,5.02
199499,Invalid Foreign Key: Order_Item_ID; Invalid Foreign Key: Product_ID,SA00199498,O0099498,OI00199498,2026-03-28,C019499,P00499,E00499,R019,4,5124.58,256.23,4868.36,3217.02,83.0,87.63
199513,Invalid Foreign Key: Order_ID; Invalid Foreign Key: Order_Item_ID,SA00199512,O0099512,OI00199512,2026-04-11,C019513,P00513,E00013,R013,3,566.17,28.31,537.86,352.77,97.0,9.68
199577,Invalid Foreign Key: Order_Item_ID; Invalid Foreign Key: Product_ID,SA00199576,O0099576,OI00199576,2026-06-14,C019577,P00577,E00077,R017,2,2003.38,120.2,1883.18,1257.19,81.0,33.9
199614,Invalid Foreign Key: Order_Item_ID; Invalid Foreign Key: Product_ID,SA00199613,O0099613,OI00199613,2026-07-21,C019614,P00614,E00114,R014,4,805.71,8.06,797.65,502.3,38.0,14.36
199675,Invalid Foreign Key: Order_ID; Invalid Foreign Key: Order_Item_ID; Invalid Foreign Key: Customer_ID,SA00199674,O0099674,OI00199674,2025-09-20,C019675,P00675,E00175,R015,5,4881.42,292.89,4588.54,3063.14,99.0,82.59
199751,Invalid Foreign Key: Order_ID; Invalid Foreign Key: Order_Item_ID; Invalid Foreign Key: Employee_ID,SA00199750,O0099750,OI00199750,2025-12-05,C019751,P00751,E00251,R011,1,671.42,33.57,637.85,421.0,95.0,11.48
199842,Invalid Foreign Key: Order_Item_ID; Invalid Foreign Key: Product_ID,SA00199841,O0099841,OI00199841,2026-03-06,C019842,P00842,E00342,R002,2,1114.2,55.71,1058.49,698.28,26.0,19.05
199921,Invalid Foreign Key: Order_Item_ID; Invalid Foreign Key: Product_ID,SA00199920,O0099920,OI00199920,2026-05-24,C019921,P00921,E00421,R001,1,290.34,0.0,290.34,181.47,25.0,5.23
199931,Invalid Foreign Key: Order_ID; Invalid Foreign Key: Order_Item_ID,SA00199930,O0099930,OI00199930,2026-06-03,C019931,P00931,E00431,R011,1,417.37,12.52,404.85,261.31,35.0,7.29
199940,Invalid Foreign Key: Order_ID; Invalid Foreign Key: Order_Item_ID; Invalid Foreign Key: Customer_ID,SA00199939,O0099939,OI00199939,2026-06-12,C019940,P00940,E00440,R020,5,2658.47,132.92,2525.55,1665.85,44.0,45.46
199998,Invalid Foreign Key: Order_Item_ID; Invalid Foreign Key: Product_ID,SA00199997,O0099997,OI00199997,2026-08-09,C019998,P00998,E00498,R018,3,3805.33,0.0,3805.33,2388.81,102.0,68.5
200051,Negative Value: Quantity; Negative Value: Gross_Sales; Negative Value: Net_Sales; Invalid Foreign Key: Order_Item_ID,SA00200050,O0000050,OI00200050,2025-10-01,C000051,P00051,E00051,R011,-2,-1342.84,-53.71,-1289.13,842.0,75.0,0.0
200121,Invalid Foreign Key: Order_Item_ID,SA00200120,O0000120,OI00200120,2025-12-10,C000121,P00121,E00121,R001,1,290.34,11.61,278.73,181.47,65.0,5.02
200251,Invalid Foreign Key: Order_ID; Invalid Foreign Key: Order_Item_ID; Invalid Foreign Key: Employee_ID,SA00200250,O0000250,OI00200250,2026-04-19,C000251,P00251,E00251,R011,1,671.42,6.71,664.71,421.0,35.0,11.96
200307,Invalid Foreign Key: Order_Item_ID; Invalid Foreign Key: Product_ID,SA00200306,O0000306,OI00200306,2026-06-14,C000307,P00307,E00307,R007,2,225.02,2.25,222.77,139.37,91.0,4.01
200421,Invalid Foreign Key: Order_Item_ID; Invalid Foreign Key: Product_ID,SA00200420,O0000420,OI00200420,2025-10-06,C000421,P00421,E00421,R001,1,290.34,8.71,281.63,181.47,45.0,5.07
200499,Invalid Foreign Key: Order_Item_ID; Invalid Foreign Key: Product_ID,SA00200498,O0000498,OI00200498,2025-12-23,C000499,P00499,E00499,R019,4,5124.58,204.98,4919.6,3217.02,43.0,88.55
200577,Invalid Foreign Key: Order_Item_ID; Invalid Foreign Key: Product_ID,SA00200576,O0000576,OI00200576,2026-03-11,C000577,P00577,E00077,R017,2,2003.38,100.17,1903.21,1257.19,41.0,34.26
200614,Invalid Foreign Key: Order_Item_ID; Invalid Foreign Key: Product_ID,SA00200613,O0000613,OI00200613,2026-04-17,C000614,P00614,E00114,R014,4,805.71,0.0,805.71,502.3,78.0,14.5
200751,Invalid Foreign Key: Order_ID; Invalid Foreign Key: Order_Item_ID; Invalid Foreign Key: Employee_ID,SA00200750,O0000750,OI00200750,2025-09-01,C000751,P00751,E00251,R011,1,671.42,26.86,644.57,421.0,55.0,11.6
200787,Invalid Foreign Key: Order_ID; Invalid Foreign Key: Order_Item_ID; Invalid Foreign Key: Customer_ID,SA00200786,O0000786,OI00200786,2025-10-07,C000787,P00787,E00287,R007,2,2257.43,112.87,2144.56,1416.88,91.0,38.6
200842,Invalid Foreign Key: Order_Item_ID; Invalid Foreign Key: Product_ID,SA00200841,O0000841,OI00200841,2025-12-01,C000842,P00842,E00342,R002,2,1114.2,44.57,1069.63,698.28,66.0,19.25
200921,Invalid Foreign Key: Order_Item_ID; Invalid Foreign Key: Product_ID,SA00200920,O0000920,OI00200920,2026-02-18,C000921,P00921,E00421,R001,1,290.34,17.42,272.92,181.47,65.0,4.91
200997,Invalid Foreign Key: Order_ID; Invalid Foreign Key: Order_Item_ID; Invalid Foreign Key: Customer_ID,SA00200996,O0000996,OI00200996,2026-05-05,C000997,P00997,E00497,R017,2,2511.48,125.57,2385.91,1576.57,61.0,42.95
200998,Invalid Foreign Key: Order_Item_ID; Invalid Foreign Key: Product_ID,SA00200997,O0000997,OI00200997,2026-05-06,C000998,P00998,E00498,R018,3,3805.33,228.32,3577.01,2388.81,62.0,64.39
201251,Invalid Foreign Key: Order_ID; Invalid Foreign Key: Order_Item_ID; Invalid Foreign Key: Employee_ID,SA00201250,O0001250,OI00201250,2026-01-14,C001251,P00251,E00251,R011,1,671.42,0.0,671.42,421.0,75.0,12.09
201307,Invalid Foreign Key: Order_Item_ID; Invalid Foreign Key: Product_ID,SA00201306,O0001306,OI00201306,2026-03-11,C001307,P00307,E00307,R007,2,225.02,0.0,225.02,139.37,51.0,4.05
201421,Invalid Foreign Key: Order_Item_ID; Invalid Foreign Key: Product_ID,SA00201420,O0001420,OI00201420,2026-07-03,C001421,P00421,E00421,R001,1,290.34,5.81,284.54,181.47,85.0,5.12
201499,Invalid Foreign Key: Order_Item_ID; Invalid Foreign Key: Product_ID,SA00201498,O0001498,OI00201498,2025-09-19,C001499,P00499,E00499,R019,4,5124.58,153.74,4970.85,3217.02,83.0,89.48
201574,Invalid Foreign Key: Order_ID; Invalid Foreign Key: Order_Item_ID; Invalid Foreign Key: Customer_ID,SA00201573,O0001573,OI00201573,2025-12-03,C001574,P00574,E00074,R014,4,3854.33,38.54,3815.78,2418.57,78.0,68.68
201577,Invalid Foreign Key: Order_Item_ID; Invalid Foreign Key: Product_ID,SA00201576,O0001576,OI00201576,2025-12-06,C001577,P00577,E00077,R017,2,2003.38,80.14,1923.24,1257.19,81.0,34.62
201614,Invalid Foreign Key: Order_Item_ID; Invalid Foreign Key: Product_ID,SA00201613,O0001613,OI00201613,2026-01-12,C001614,P00614,E00114,R014,4,805.71,48.34,757.36,502.3,38.0,13.63
201751,Invalid Foreign Key: Order_ID; Invalid Foreign Key: Order_Item_ID; Invalid Foreign Key: Employee_ID,SA00201750,O0001750,OI00201750,2026-05-29,C001751,P00751,E00251,R011,1,671.42,20.14,651.28,421.0,95.0,11.72
201778,Invalid Foreign Key: Order_ID; Invalid Foreign Key: Order_Item_ID,SA00201777,O0001777,OI00201777,2026-06-25,C001778,P00778,E00278,R018,3,3043.18,60.86,2982.31,1909.74,42.0,53.68
201790,Invalid Foreign Key: Order_Item_ID,SA00201789,O0001789,OI00201789,2026-07-07,C001790,P00790,E00290,R010,5,5834.11,0.0,5834.11,3661.97,54.0,105.01
201842,Invalid Foreign Key: Order_Item_ID; Invalid Foreign Key: Product_ID,SA00201841,O0001841,OI00201841,2026-08-28,C001842,P00842,E00342,R002,2,1114.2,33.43,1080.77,698.28,26.0,19.45
201921,Invalid Foreign Key: Order_Item_ID; Invalid Foreign Key: Product_ID,SA00201920,O0001920,OI00201920,2025-11-15,C001921,P00921,E00421,R001,1,290.34,14.52,275.83,181.47,25.0,4.96
201994,Invalid Foreign Key: Order_ID; Invalid Foreign Key: Order_Item_ID; Invalid Foreign Key: Customer_ID,SA00201993,O0001993,OI00201993,2026-01-27,C001994,P00994,E00494,R014,4,4870.53,48.71,4821.83,3057.33,98.0,86.79
201998,Invalid Foreign Key: Order_Item_ID; Invalid Foreign Key: Product_ID,SA00201997,O0001997,OI00201997,2026-01-31,C001998,P00998,E00498,R018,3,3805.33,190.27,3615.06,2388.81,102.0,65.07
202202,Invalid Foreign Key: Order_ID; Invalid Foreign Key: Order_Item_ID,SA00202201,O0002201,OI00202201,2026-08-23,C002202,P00202,E00202,R002,2,97.99,5.88,92.11,59.52,66.0,1.66
202251,Invalid Foreign Key: Order_ID; Invalid Foreign Key: Order_Item_ID; Invalid Foreign Key: Employee_ID,SA00202250,O0002250,OI00202250,2025-10-11,C002251,P00251,E00251,R011,1,671.42,40.29,631.14,421.0,35.0,11.36
202307,Invalid Foreign Key: Order_Item_ID; Invalid Foreign Key: Product_ID,SA00202306,O0002306,OI00202306,2025-12-06,C002307,P00307,E00307,R007,2,225.02,13.5,211.52,139.37,91.0,3.81
202361,Invalid Foreign Key: Order_ID; Invalid Foreign Key: Order_Item_ID; Invalid Foreign Key: Customer_ID,SA00202360,O0002360,OI00202360,2026-01-29,C002361,P00361,E00361,R001,1,798.45,31.94,766.51,500.84,65.0,13.8
202421,Invalid Foreign Key: Order_Item_ID; Invalid Foreign Key: Product_ID,SA00202420,O0002420,OI00202420,2026-03-30,C002421,P00421,E00421,R001,1,290.34,2.9,287.44,181.47,45.0,5.17
202499,Invalid Foreign Key: Order_Item_ID; Invalid Foreign Key: Product_ID,SA00202498,O0002498,OI00202498,2026-06-16,C002499,P00499,E00499,R019,4,5124.58,102.49,5022.09,3217.02,43.0,90.4
202577,Invalid Foreign Key: Order_Item_ID; Invalid Foreign Key: Product_ID,SA00202576,O0002576,OI00202576,2025-09-02,C002577,P00577,E00077,R017,2,2003.38,60.1,1943.28,1257.19,41.0,34.98
202614,Invalid Foreign Key: Order_Item_ID; Invalid Foreign Key: Product_ID,SA00202613,O0002613,OI00202613,2025-10-09,C002614,P00614,E00114,R014,4,805.71,40.29,765.42,502.3,78.0,13.78
202751,Invalid Foreign Key: Order_ID; Invalid Foreign Key: Order_Item_ID; Invalid Foreign Key: Employee_ID,SA00202750,O0002750,OI00202750,2026-02-23,C002751,P00751,E00251,R011,1,671.42,13.43,657.99,421.0,55.0,11.84
202842,Invalid Foreign Key: Order_Item_ID; Invalid Foreign Key: Product_ID,SA00202841,O0002841,OI00202841,2026-05-25,C002842,P00842,E00342,R002,2,1114.2,22.28,1091.91,698.28,66.0,19.65
202921,Invalid Foreign Key: Order_Item_ID; Invalid Foreign Key: Product_ID,SA00202920,O0002920,OI00202920,2026-08-12,C002921,P00921,E00421,R001,1,290.34,11.61,278.73,181.47,65.0,5.02
202991,Invalid Foreign Key: Order_ID; Invalid Foreign Key: Order_Item_ID; Invalid Foreign Key: Customer_ID,SA00202990,O0002990,OI00202990,2025-10-21,C002991,P00991,E00491,R011,1,1179.53,47.18,1132.34,740.38,55.0,20.38
202998,Invalid Foreign Key: Order_Item_ID; Invalid Foreign Key: Product_ID,SA00202997,O0002997,OI00202997,2025-10-28,C002998,P00998,E00498,R018,3,3805.33,152.21,3653.12,2388.81,62.0,65.76
203030,Invalid Foreign Key: Order_Item_ID,SA00203029,O0003029,OI00203029,2025-11-29,C003030,P00030,E00030,R010,5,2023.34,20.23,2003.11,1266.63,94.0,36.06
203148,Invalid Foreign Key: Order_ID; Invalid Foreign Key: Order_Item_ID; Invalid Foreign Key: Customer_ID,SA00203147,O0003147,OI00203147,2026-03-27,C003148,P00148,E00148,R008,3,1899.94,0.0,1899.94,1191.14,52.0,34.2
203251,Invalid Foreign Key: Order_ID; Invalid Foreign Key: Order_Item_ID; Invalid Foreign Key: Employee_ID,SA00203250,O0003250,OI00203250,2026-07-08,C003251,P00251,E00251,R011,1,671.42,33.57,637.85,421.0,75.0,11.48
203307,Invalid Foreign Key: Order_Item_ID; Invalid Foreign Key: Product_ID,SA00203306,O0003306,OI00203306,2025-09-02,C003307,P00307,E00307,R007,2,225.02,11.25,213.77,139.37,51.0,3.85
203332,Invalid Foreign Key: Order_ID; Invalid Foreign Key: Order_Item_ID,SA00203331,O0003331,OI00203331,2025-09-27,C003332,P00332,E00332,R012,2,860.15,17.2,842.94,538.59,76.0,15.17
203421,Invalid Foreign Key: Order_Item_ID; Invalid Foreign Key: Product_ID,SA00203420,O0003420,OI00203420,2025-12-25,C003421,P00421,E00421,R001,1,290.34,0.0,290.34,181.47,85.0,5.23
203499,Invalid Foreign Key: Order_Item_ID; Invalid Foreign Key: Product_ID,SA00203498,O0003498,OI00203498,2026-03-13,C003499,P00499,E00499,R019,4,5124.58,51.25,5073.34,3217.02,83.0,91.32
203555,Invalid Foreign Key: Order_ID; Invalid Foreign Key: Order_Item_ID,SA00203554,O0003554,OI00203554,2026-05-08,C003555,P00555,E00055,R015,5,3611.16,36.11,3575.05,2264.69,59.0,64.35
203577,Invalid Foreign Key: Order_Item_ID; Invalid Foreign Key: Product_ID,SA00203576,O0003576,OI00203576,2026-05-30,C003577,P00577,E00077,R017,2,2003.38,40.07,1963.31,1257.19,81.0,35.34
203614,Invalid Foreign Key: Order_Item_ID; Invalid Foreign Key: Product_ID,SA00203613,O0003613,OI00203613,2026-07-06,C003614,P00614,E00114,R014,4,805.71,32.23,773.48,502.3,38.0,13.92
203751,Invalid Foreign Key: Order_ID; Invalid Foreign Key: Order_Item_ID; Invalid Foreign Key: Employee_ID,SA00203750,O0003750,OI00203750,2025-11-20,C003751,P00751,E00251,R011,1,671.42,6.71,664.71,421.0,95.0,11.96
203842,Invalid Foreign Key: Order_Item_ID; Invalid Foreign Key: Product_ID,SA00203841,O0003841,OI00203841,2026-02-19,C003842,P00842,E00342,R002,2,1114.2,11.14,1103.06,698.28,26.0,19.86
203921,Invalid Foreign Key: Order_Item_ID; Invalid Foreign Key: Product_ID,SA00203920,O0003920,OI00203920,2026-05-09,C003921,P00921,E00421,R001,1,290.34,8.71,281.63,181.47,25.0,5.07
203935,Invalid Foreign Key: Order_ID; Invalid Foreign Key: Order_Item_ID; Invalid Foreign Key: Customer_ID,SA00203934,O0003934,OI00203934,2026-05-23,C003935,P00935,E00435,R015,5,2340.9,70.23,2270.68,1466.24,39.0,40.87
203988,Invalid Foreign Key: Order_ID; Invalid Foreign Key: Order_Item_ID; Invalid Foreign Key: Customer_ID,SA00203987,O0003987,OI00203987,2026-07-15,C003988,P00988,E00488,R008,3,3424.25,0.0,3424.25,2149.28,92.0,61.64
203998,Invalid Foreign Key: Order_Item_ID; Invalid Foreign Key: Product_ID,SA00203997,O0003997,OI00203997,2026-07-25,C003998,P00998,E00498,R018,3,3805.33,114.16,3691.17,2388.81,102.0,66.44
204052,Negative Value: Quantity; Negative Value: Gross_Sales; Negative Value: Net_Sales; Invalid Foreign Key: Order_Item_ID,SA00204051,O0004051,OI00204051,2025-09-17,C004052,P00052,E00052,R012,-2,-1368.25,-13.68,-1354.57,857.97,76.0,0.0
204251,Invalid Foreign Key: Order_ID; Invalid Foreign Key: Order_Item_ID; Invalid Foreign Key: Employee_ID,SA00204250,O0004250,OI00204250,2026-04-04,C004251,P00251,E00251,R011,1,671.42,26.86,644.57,421.0,35.0,11.6
204307,Invalid Foreign Key: Order_Item_ID; Invalid Foreign Key: Product_ID,SA00204306,O0004306,OI00204306,2026-05-30,C004307,P00307,E00307,R007,2,225.02,9.0,216.02,139.37,91.0,3.89
204403,Invalid Foreign Key: Order_ID; Invalid Foreign Key: Order_Item_ID,SA00204402,O0004402,OI00204402,2025-09-03,C004403,P00403,E00403,R003,3,185.09,3.7,181.39,113.23,27.0,3.27
204421,Invalid Foreign Key: Order_Item_ID; Invalid Foreign Key: Product_ID,SA00204420,O0004420,OI00204420,2025-09-21,C004421,P00421,E00421,R001,1,290.34,17.42,272.92,181.47,45.0,4.91
204499,Invalid Foreign Key: Order_Item_ID; Invalid Foreign Key: Product_ID,SA00204498,O0004498,OI00204498,2025-12-08,C004499,P00499,E00499,R019,4,5124.58,0.0,5124.58,3217.02,43.0,92.24
204577,Invalid Foreign Key: Order_Item_ID; Invalid Foreign Key: Product_ID,SA00204576,O0004576,OI00204576,2026-02-24,C004577,P00577,E00077,R017,2,2003.38,20.03,1983.34,1257.19,41.0,35.7
204614,Invalid Foreign Key: Order_Item_ID; Invalid Foreign Key: Product_ID,SA00204613,O0004613,OI00204613,2026-04-02,C004614,P00614,E00114,R014,4,805.71,24.17,781.54,502.3,78.0,14.07
204722,Invalid Foreign Key: Order_ID; Invalid Foreign Key: Order_Item_ID; Invalid Foreign Key: Customer_ID,SA00204721,O0004721,OI00204721,2026-07-19,C004722,P00722,E00222,R002,2,606.09,36.37,569.73,378.9,26.0,10.26
204751,Invalid Foreign Key: Order_ID; Invalid Foreign Key: Order_Item_ID; Invalid Foreign Key: Employee_ID,SA00204750,O0004750,OI00204750,2026-08-17,C004751,P00751,E00251,R011,1,671.42,0.0,671.42,421.0,55.0,12.09
204842,Invalid Foreign Key: Order_Item_ID; Invalid Foreign Key: Product_ID,SA00204841,O0004841,OI00204841,2025-11-16,C004842,P00842,E00342,R002,2,1114.2,0.0,1114.2,698.28,66.0,20.06
204921,Invalid Foreign Key: Order_Item_ID; Invalid Foreign Key: Product_ID,SA00204920,O0004920,OI00204920,2026-02-03,C004921,P00921,E00421,R001,1,290.34,5.81,284.54,181.47,65.0,5.12
204985,Invalid Foreign Key: Order_ID; Invalid Foreign Key: Order_Item_ID; Invalid Foreign Key: Customer_ID,SA00204984,O0004984,OI00204984,2026-04-08,C004985,P00985,E00485,R005,5,5516.55,165.5,5351.05,3462.36,49.0,96.32
204993,Invalid Foreign Key: Order_Item_ID,SA00204992,O0004992,OI00204992,2026-04-16,C004993,P00993,E00493,R013,3,3614.79,144.59,3470.2,2269.04,57.0,62.46
204998,Invalid Foreign Key: Order_Item_ID; Invalid Foreign Key: Product_ID,SA00204997,O0004997,OI00204997,2026-04-21,C004998,P00998,E00498,R018,3,3805.33,76.11,3729.22,2388.81,62.0,67.13
205124,Invalid Foreign Key: Order_Item_ID,SA00205123,O0005123,OI00205123,2026-08-25,C005124,P00124,E00124,R004,4,1313.81,26.28,1287.53,821.68,28.0,23.18
205251,Invalid Foreign Key: Order_ID; Invalid Foreign Key: Order_Item_ID; Invalid Foreign Key: Employee_ID,SA00205250,O0005250,OI00205250,2025-12-30,C005251,P00251,E00251,R011,1,671.42,20.14,651.28,421.0,75.0,11.72
205307,Invalid Foreign Key: Order_Item_ID; Invalid Foreign Key: Product_ID,SA00205306,O0005306,OI00205306,2026-02-24,C005307,P00307,E00307,R007,2,225.02,6.75,218.27,139.37,51.0,3.93
205332,Invalid Foreign Key: Order_ID; Invalid Foreign Key: Order_Item_ID,SA00205331,O0005331,OI00205331,2026-03-21,C005332,P00332,E00332,R012,2,860.15,0.0,860.15,538.59,76.0,15.48
205421,Invalid Foreign Key: Order_Item_ID; Invalid Foreign Key: Product_ID,SA00205420,O0005420,OI00205420,2026-06-18,C005421,P00421,E00421,R001,1,290.34,14.52,275.83,181.47,85.0,4.96
205499,Invalid Foreign Key: Order_Item_ID; Invalid Foreign Key: Product_ID,SA00205498,O0005498,OI00205498,2025-09-04,C005499,P00499,E00499,R019,4,5124.58,307.48,4817.11,3217.02,83.0,86.71
205509,Invalid Foreign Key: Order_ID; Invalid Foreign Key: Order_Item_ID; Invalid Foreign Key: Customer_ID,SA00205508,O0005508,OI00205508,2025-09-14,C005509,P00509,E00009,R009,4,551.65,11.03,540.62,342.61,93.0,9.73
205577,Invalid Foreign Key: Order_Item_ID; Invalid Foreign Key: Product_ID,SA00205576,O0005576,OI00205576,2025-11-21,C005577,P00577,E00077,R017,2,2003.38,0.0,2003.38,1257.19,81.0,36.06
205614,Invalid Foreign Key: Order_Item_ID; Invalid Foreign Key: Product_ID,SA00205613,O0005613,OI00205613,2025-12-28,C005614,P00614,E00114,R014,4,805.71,16.11,789.59,502.3,38.0,14.21
205751,Invalid Foreign Key: Order_ID; Invalid Foreign Key: Order_Item_ID; Invalid Foreign Key: Employee_ID,SA00205750,O0005750,OI00205750,2026-05-14,C005751,P00751,E00251,R011,1,671.42,40.29,631.14,421.0,95.0,11.36
205842,Invalid Foreign Key: Order_Item_ID; Invalid Foreign Key: Product_ID,SA00205841,O0005841,OI00205841,2026-08-13,C005842,P00842,E00342,R002,2,1114.2,66.85,1047.35,698.28,26.0,18.85
205921,Invalid Foreign Key: Order_Item_ID; Invalid Foreign Key: Product_ID,SA00205920,O0005920,OI00205920,2025-10-31,C005921,P00921,E00421,R001,1,290.34,2.9,287.44,181.47,25.0,5.17
205982,Invalid Foreign Key: Order_ID; Invalid Foreign Key: Order_Item_ID; Invalid Foreign Key: Customer_ID,SA00205981,O0005981,OI00205981,2025-12-31,C005982,P00982,E00482,R002,2,2130.4,127.82,2002.58,1337.04,86.0,36.05
205998,Invalid Foreign Key: Order_Item_ID; Invalid Foreign Key: Product_ID,SA00205997,O0005997,OI00205997,2026-01-16,C005998,P00998,E00498,R018,3,3805.33,38.05,3767.28,2388.81,102.0,67.81
206251,Invalid Foreign Key: Order_ID; Invalid Foreign Key: Order_Item_ID; Invalid Foreign Key: Employee_ID,SA00206250,O0006250,OI00206250,2025-09-26,C006251,P00251,E00251,R011,1,671.42,13.43,657.99,421.0,35.0,11.84
206296,Invalid Foreign Key: Order_ID; Invalid Foreign Key: Order_Item_ID; Invalid Foreign Key: Customer_ID,SA00206295,O0006295,OI00206295,2025-11-10,C006296,P00296,E00296,R016,1,1243.04,62.15,1180.89,780.3,80.0,21.26
206307,Invalid Foreign Key: Order_Item_ID; Invalid Foreign Key: Product_ID,SA00206306,O0006306,OI00206306,2025-11-21,C006307,P00307,E00307,R007,2,225.02,4.5,220.52,139.37,91.0,3.97
206421,Invalid Foreign Key: Order_Item_ID; Invalid Foreign Key: Product_ID,SA00206420,O0006420,OI00206420,2026-03-15,C006421,P00421,E00421,R001,1,290.34,11.61,278.73,181.47,45.0,5.02
206499,Invalid Foreign Key: Order_Item_ID; Invalid Foreign Key: Product_ID,SA00206498,O0006498,OI00206498,2026-06-01,C006499,P00499,E00499,R019,4,5124.58,256.23,4868.36,3217.02,43.0,87.63
206577,Invalid Foreign Key: Order_Item_ID; Invalid Foreign Key: Product_ID,SA00206576,O0006576,OI00206576,2026-08-18,C006577,P00577,E00077,R017,2,2003.38,120.2,1883.18,1257.19,41.0,33.9
206604,Invalid Foreign Key: Order_ID; Invalid Foreign Key: Order_Item_ID,SA00206603,O0006603,OI00206603,2025-09-14,C006604,P00604,E00104,R004,4,297.6,14.88,282.72,182.92,68.0,5.09
206614,Invalid Foreign Key: Order_Item_ID; Invalid Foreign Key: Product_ID,SA00206613,O0006613,OI00206613,2025-09-24,C006614,P00614,E00114,R014,4,805.71,8.06,797.65,502.3,78.0,14.36
206663,Invalid Foreign Key: Order_ID; Invalid Foreign Key: Order_Item_ID,SA00206662,O0006662,OI00206662,2025-11-12,C006663,P00663,E00163,R003,3,2471.56,24.72,2446.84,1550.44,47.0,44.04
206751,Invalid Foreign Key: Order_ID; Invalid Foreign Key: Order_Item_ID; Invalid Foreign Key: Employee_ID,SA00206750,O0006750,OI00206750,2026-02-08,C006751,P00751,E00251,R011,1,671.42,33.57,637.85,421.0,55.0,11.48
206842,Invalid Foreign Key: Order_Item_ID; Invalid Foreign Key: Product_ID,SA00206841,O0006841,OI00206841,2026-05-10,C006842,P00842,E00342,R002,2,1114.2,55.71,1058.49,698.28,66.0,19.05
206921,Invalid Foreign Key: Order_Item_ID; Invalid Foreign Key: Product_ID,SA00206920,O0006920,OI00206920,2026-07-28,C006921,P00921,E00421,R001,1,290.34,0.0,290.34,181.47,65.0,5.23
206979,Invalid Foreign Key: Order_ID; Invalid Foreign Key: Order_Item_ID; Invalid Foreign Key: Customer_ID,SA00206978,O0006978,OI00206978,2025-09-24,C006979,P00979,E00479,R019,4,4108.38,82.17,4026.21,2578.26,43.0,72.47
206998,Invalid Foreign Key: Order_Item_ID; Invalid Foreign Key: Product_ID,SA00206997,O0006997,OI00206997,2025-10-13,C006998,P00998,E00498,R018,3,3805.33,0.0,3805.33,2388.81,62.0,68.5
207083,Invalid Foreign Key: Order_ID; Invalid Foreign Key: Order_Item_ID; Invalid Foreign Key: Customer_ID,SA00207082,O0007082,OI00207082,2026-01-06,C007083,P00083,E00083,R003,3,3233.71,32.34,3201.38,2029.51,67.0,57.62
207109,Invalid Foreign Key: Order_ID; Invalid Foreign Key: Order_Item_ID,SA00207108,O0007108,OI00207108,2026-02-01,C007109,P00109,E00109,R009,4,551.65,33.1,518.56,342.61,93.0,9.33
207251,Invalid Foreign Key: Order_ID; Invalid Foreign Key: Order_Item_ID; Invalid Foreign Key: Employee_ID,SA00207250,O0007250,OI00207250,2026-06-23,C007251,P00251,E00251,R011,1,671.42,6.71,664.71,421.0,75.0,11.96
207307,Invalid Foreign Key: Order_Item_ID; Invalid Foreign Key: Product_ID,SA00207306,O0007306,OI00207306,2026-08-18,C007307,P00307,E00307,R007,2,225.02,2.25,222.77,139.37,51.0,4.01
207421,Invalid Foreign Key: Order_Item_ID; Invalid Foreign Key: Product_ID,SA00207420,O0007420,OI00207420,2025-12-10,C007421,P00421,E00421,R001,1,290.34,8.71,281.63,181.47,85.0,5.07
207499,Invalid Foreign Key: Order_Item_ID; Invalid Foreign Key: Product_ID,SA00207498,O0007498,OI00207498,2026-02-26,C007499,P00499,E00499,R019,4,5124.58,204.98,4919.6,3217.02,83.0,88.55
207577,Invalid Foreign Key: Order_Item_ID; Invalid Foreign Key: Product_ID,SA00207576,O0007576,OI00207576,2026-05-15,C007577,P00577,E00077,R017,2,2003.38,100.17,1903.21,1257.19,81.0,34.26
207614,Invalid Foreign Key: Order_Item_ID; Invalid Foreign Key: Product_ID,SA00207613,O0007613,OI00207613,2026-06-21,C007614,P00614,E00114,R014,4,805.71,0.0,805.71,502.3,38.0,14.5
207751,Invalid Foreign Key: Order_ID; Invalid Foreign Key: Order_Item_ID; Invalid Foreign Key: Employee_ID,SA00207750,O0007750,OI00207750,2025-11-05,C007751,P00751,E00251,R011,1,671.42,26.86,644.57,421.0,95.0,11.6
207842,Invalid Foreign Key: Order_Item_ID; Invalid Foreign Key: Product_ID,SA00207841,O0007841,OI00207841,2026-02-04,C007842,P00842,E00342,R002,2,1114.2,44.57,1069.63,698.28,26.0,19.25
207870,Invalid Foreign Key: Order_ID; Invalid Foreign Key: Order_Item_ID; Invalid Foreign Key: Customer_ID,SA00207869,O0007869,OI00207869,2026-03-04,C007870,P00870,E00370,R010,5,4563.86,182.55,4381.3,2863.52,54.0,78.86
207921,Invalid Foreign Key: Order_Item_ID; Invalid Foreign Key: Product_ID,SA00207920,O0007920,OI00207920,2026-04-24,C007921,P00921,E00421,R001,1,290.34,17.42,272.92,181.47,25.0,4.91
207976,Invalid Foreign Key: Order_ID; Invalid Foreign Key: Order_Item_ID; Invalid Foreign Key: Customer_ID,SA00207975,O0007975,OI00207975,2026-06-18,C007976,P00976,E00476,R016,1,988.99,49.45,939.54,620.61,80.0,16.91
207998,Invalid Foreign Key: Order_Item_ID; Invalid Foreign Key: Product_ID,SA00207997,O0007997,OI00207997,2026-07-10,C007998,P00998,E00498,R018,3,3805.33,228.32,3577.01,2388.81,102.0,64.39
208053,Negative Value: Quantity; Negative Value: Gross_Sales; Negative Value: Net_Sales; Invalid Foreign Key: Order_Item_ID,SA00208052,O0008052,OI00208052,2025-09-03,C008053,P00053,E00053,R013,-2,-1393.65,-69.68,-1323.97,873.94,77.0,0.0
208196,Invalid Foreign Key: Order_Item_ID,SA00208195,O0008195,OI00208195,2026-01-24,C008196,P00196,E00196,R016,1,1243.04,12.43,1230.61,780.3,60.0,22.15
208251,Invalid Foreign Key: Order_ID; Invalid Foreign Key: Order_Item_ID; Invalid Foreign Key: Employee_ID,SA00208250,O0008250,OI00208250,2026-03-20,C008251,P00251,E00251,R011,1,671.42,0.0,671.42,421.0,35.0,12.09
208307,Invalid Foreign Key: Order_Item_ID; Invalid Foreign Key: Product_ID,SA00208306,O0008306,OI00208306,2026-05-15,C008307,P00307,E00307,R007,2,225.02,0.0,225.02,139.37,91.0,4.05
208421,Invalid Foreign Key: Order_Item_ID; Invalid Foreign Key: Product_ID,SA00208420,O0008420,OI00208420,2025-09-06,C008421,P00421,E00421,R001,1,290.34,5.81,284.54,181.47,45.0,5.12
208499,Invalid Foreign Key: Order_Item_ID; Invalid Foreign Key: Product_ID,SA00208498,O0008498,OI00208498,2025-11-23,C008499,P00499,E00499,R019,4,5124.58,153.74,4970.85,3217.02,43.0,89.48
208577,Invalid Foreign Key: Order_Item_ID; Invalid Foreign Key: Product_ID,SA00208576,O0008576,OI00208576,2026-02-09,C008577,P00577,E00077,R017,2,2003.38,80.14,1923.24,1257.19,41.0,34.62
208614,Invalid Foreign Key: Order_Item_ID; Invalid Foreign Key: Product_ID,SA00208613,O0008613,OI00208613,2026-03-18,C008614,P00614,E00114,R014,4,805.71,48.34,757.36,502.3,78.0,13.63
208657,Invalid Foreign Key: Order_ID; Invalid Foreign Key: Order_Item_ID; Invalid Foreign Key: Customer_ID,SA00208656,O0008656,OI00208656,2026-04-30,C008657,P00657,E00157,R017,2,1495.28,0.0,1495.28,937.81,41.0,26.91
208751,Invalid Foreign Key: Order_ID; Invalid Foreign Key: Order_Item_ID; Invalid Foreign Key: Employee_ID,SA00208750,O0008750,OI00208750,2026-08-02,C008751,P00751,E00251,R011,1,671.42,20.14,651.28,421.0,55.0,11.72
208805,Invalid Foreign Key: Order_ID; Invalid Foreign Key: Order_Item_ID,SA00208804,O0008804,OI00208804,2025-09-25,C008805,P00805,E00305,R005,5,435.52,4.36,431.16,268.57,29.0,7.76
208842,Invalid Foreign Key: Order_Item_ID; Invalid Foreign Key: Product_ID,SA00208841,O0008841,OI00208841,2025-11-01,C008842,P00842,E00342,R002,2,1114.2,33.43,1080.77,698.28,66.0,19.45
208886,Invalid Foreign Key: Order_ID; Invalid Foreign Key: Order_Item_ID,SA00208885,O0008885,OI00208885,2025-12-15,C008886,P00886,E00386,R006,1,1116.01,55.8,1060.21,700.46,30.0,19.08
208921,Invalid Foreign Key: Order_Item_ID; Invalid Foreign Key: Product_ID,SA00208920,O0008920,OI00208920,2026-01-19,C008921,P00921,E00421,R001,1,290.34,14.52,275.83,181.47,65.0,4.96
208973,Invalid Foreign Key: Order_ID; Invalid Foreign Key: Order_Item_ID; Invalid Foreign Key: Customer_ID,SA00208972,O0008972,OI00208972,2026-03-12,C008973,P00973,E00473,R013,3,2852.64,28.53,2824.11,1789.98,37.0,50.83
208998,Invalid Foreign Key: Order_Item_ID; Invalid Foreign Key: Product_ID,SA00208997,O0008997,OI00208997,2026-04-06,C008998,P00998,E00498,R018,3,3805.33,190.27,3615.06,2388.81,62.0,65.07
209251,Invalid Foreign Key: Order_ID; Invalid Foreign Key: Order_Item_ID; Invalid Foreign Key: Employee_ID,SA00209250,O0009250,OI00209250,2025-12-15,C009251,P00251,E00251,R011,1,671.42,40.29,631.14,421.0,75.0,11.36
209307,Invalid Foreign Key: Order_Item_ID; Invalid Foreign Key: Product_ID,SA00209306,O0009306,OI00209306,2026-02-09,C009307,P00307,E00307,R007,2,225.02,13.5,211.52,139.37,51.0,3.81
209421,Invalid Foreign Key: Order_Item_ID; Invalid Foreign Key: Product_ID,SA00209420,O0009420,OI00209420,2026-06-03,C009421,P00421,E00421,R001,1,290.34,2.9,287.44,181.47,85.0,5.17
209444,Invalid Foreign Key: Order_ID; Invalid Foreign Key: Order_Item_ID; Invalid Foreign Key: Customer_ID,SA00209443,O0009443,OI00209443,2026-06-26,C009444,P00444,E00444,R004,4,2330.02,69.9,2260.12,1460.43,28.0,40.68
209499,Invalid Foreign Key: Order_Item_ID; Invalid Foreign Key: Product_ID,SA00209498,O0009498,OI00209498,2026-08-20,C009499,P00499,E00499,R019,4,5124.58,102.49,5022.09,3217.02,83.0,90.4
209577,Invalid Foreign Key: Order_Item_ID; Invalid Foreign Key: Product_ID,SA00209576,O0009576,OI00209576,2025-11-06,C009577,P00577,E00077,R017,2,2003.38,60.1,1943.28,1257.19,81.0,34.98
209614,Invalid Foreign Key: Order_Item_ID; Invalid Foreign Key: Product_ID,SA00209613,O0009613,OI00209613,2025-12-13,C009614,P00614,E00114,R014,4,805.71,40.29,765.42,502.3,38.0,13.78
209751,Invalid Foreign Key: Order_ID; Invalid Foreign Key: Order_Item_ID; Invalid Foreign Key: Employee_ID,SA00209750,O0009750,OI00209750,2026-04-29,C009751,P00751,E00251,R011,1,671.42,13.43,657.99,421.0,95.0,11.84
209842,Invalid Foreign Key: Order_Item_ID; Invalid Foreign Key: Product_ID,SA00209841,O0009841,OI00209841,2026-07-29,C009842,P00842,E00342,R002,2,1114.2,22.28,1091.91,698.28,26.0,19.65
209921,Invalid Foreign Key: Order_Item_ID; Invalid Foreign Key: Product_ID,SA00209920,O0009920,OI00209920,2025-10-16,C009921,P00921,E00421,R001,1,290.34,11.61,278.73,181.47,25.0,5.02
209970,Invalid Foreign Key: Order_ID; Invalid Foreign Key: Order_Item_ID; Invalid Foreign Key: Customer_ID,SA00209969,O0009969,OI00209969,2025-12-04,C009970,P00970,E00470,R010,5,4563.86,182.55,4381.3,2863.52,74.0,78.86
209994,Invalid Foreign Key: Order_ID; Invalid Foreign Key: Order_Item_ID,SA00209993,O0009993,OI00209993,2025-12-28,C009994,P00994,E00494,R014,4,4870.53,0.0,4870.53,3057.33,98.0,87.67
209998,Invalid Foreign Key: Order_Item_ID; Invalid Foreign Key: Product_ID,SA00209997,O0009997,OI00209997,2026-01-01,C009998,P00998,E00498,R018,3,3805.33,152.21,3653.12,2388.81,102.0,65.76
210008,Invalid Foreign Key: Order_ID; Invalid Foreign Key: Order_Item_ID,SA00210007,O0010007,OI00210007,2026-01-11,C010008,P00008,E00008,R008,3,375.63,0.0,375.63,233.0,32.0,6.76
210031,Invalid Foreign Key: Order_Item_ID,SA00210030,O0010030,OI00210030,2026-02-03,C010031,P00031,E00031,R011,1,417.37,8.35,409.02,261.31,55.0,7.36
210127,Invalid Foreign Key: Order_Item_ID,SA00210126,O0010126,OI00210126,2026-05-10,C010127,P00127,E00127,R007,2,733.12,0.0,733.12,458.74,71.0,13.2
210231,Invalid Foreign Key: Order_ID; Invalid Foreign Key: Order_Item_ID; Invalid Foreign Key: Customer_ID,SA00210230,O0010230,OI00210230,2026-08-22,C010231,P00231,E00231,R011,1,417.37,25.04,392.33,261.31,95.0,7.06
210251,Invalid Foreign Key: Order_ID; Invalid Foreign Key: Order_Item_ID; Invalid Foreign Key: Employee_ID,SA00210250,O0010250,OI00210250,2025-09-11,C010251,P00251,E00251,R011,1,671.42,33.57,637.85,421.0,35.0,11.48
210307,Invalid Foreign Key: Order_Item_ID; Invalid Foreign Key: Product_ID,SA00210306,O0010306,OI00210306,2025-11-06,C010307,P00307,E00307,R007,2,225.02,11.25,213.77,139.37,91.0,3.85
210421,Invalid Foreign Key: Order_Item_ID; Invalid Foreign Key: Product_ID,SA00210420,O0010420,OI00210420,2026-02-28,C010421,P00421,E00421,R001,1,290.34,0.0,290.34,181.47,45.0,5.23
210499,Invalid Foreign Key: Order_Item_ID; Invalid Foreign Key: Product_ID,SA00210498,O0010498,OI00210498,2026-05-17,C010499,P00499,E00499,R019,4,5124.58,51.25,5073.34,3217.02,43.0,91.32
210577,Invalid Foreign Key: Order_Item_ID; Invalid Foreign Key: Product_ID,SA00210576,O0010576,OI00210576,2026-08-03,C010577,P00577,E00077,R017,2,2003.38,40.07,1963.31,1257.19,41.0,35.34
210614,Invalid Foreign Key: Order_Item_ID; Invalid Foreign Key: Product_ID,SA00210613,O0010613,OI00210613,2025-09-09,C010614,P00614,E00114,R014,4,805.71,32.23,773.48,502.3,78.0,13.92
210663,Invalid Foreign Key: Order_ID; Invalid Foreign Key: Order_Item_ID,SA00210662,O0010662,OI00210662,2025-10-28,C010663,P00663,E00163,R003,3,2471.56,98.86,2372.7,1550.44,47.0,42.71
210751,Invalid Foreign Key: Order_ID; Invalid Foreign Key: Order_Item_ID; Invalid Foreign Key: Employee_ID,SA00210750,O0010750,OI00210750,2026-01-24,C010751,P00751,E00251,R011,1,671.42,6.71,664.71,421.0,55.0,11.96
210842,Invalid Foreign Key: Order_Item_ID; Invalid Foreign Key: Product_ID,SA00210841,O0010841,OI00210841,2026-04-25,C010842,P00842,E00342,R002,2,1114.2,11.14,1103.06,698.28,66.0,19.86
210921,Invalid Foreign Key: Order_Item_ID; Invalid Foreign Key: Product_ID,SA00210920,O0010920,OI00210920,2026-07-13,C010921,P00921,E00421,R001,1,290.34,8.71,281.63,181.47,65.0,5.07
210967,Invalid Foreign Key: Order_ID; Invalid Foreign Key: Order_Item_ID; Invalid Foreign Key: Customer_ID,SA00210966,O0010966,OI00210966,2026-08-28,C010967,P00967,E00467,R007,2,1749.33,0.0,1749.33,1097.5,31.0,31.49
210998,Invalid Foreign Key: Order_Item_ID; Invalid Foreign Key: Product_ID,SA00210997,O0010997,OI00210997,2025-09-28,C010998,P00998,E00498,R018,3,3805.33,114.16,3691.17,2388.81,62.0,66.44
211006,Invalid Foreign Key: Order_ID; Invalid Foreign Key: Order_Item_ID,SA00211005,O0011005,OI00211005,2025-10-06,C011006,P00006,E00006,R006,1,99.81,3.99,95.81,61.7,70.0,1.72
211018,Invalid Foreign Key: Order_ID; Invalid Foreign Key: Order_Item_ID; Invalid Foreign Key: Customer_ID,SA00211017,O0011017,OI00211017,2025-10-18,C011018,P00018,E00018,R018,3,756.71,15.13,741.58,472.54,82.0,13.35
211251,Invalid Foreign Key: Order_ID; Invalid Foreign Key: Order_Item_ID; Invalid Foreign Key: Employee_ID,SA00211250,O0011250,OI00211250,2026-06-08,C011251,P00251,E00251,R011,1,671.42,26.86,644.57,421.0,75.0,11.6
211307,Invalid Foreign Key: Order_Item_ID; Invalid Foreign Key: Product_ID,SA00211306,O0011306,OI00211306,2026-08-03,C011307,P00307,E00307,R007,2,225.02,9.0,216.02,139.37,51.0,3.89
211399,Invalid Foreign Key: Order_Item_ID,SA00211398,O0011398,OI00211398,2025-11-03,C011399,P00399,E00399,R019,4,5124.58,256.23,4868.36,3217.02,63.0,87.63
211421,Invalid Foreign Key: Order_Item_ID; Invalid Foreign Key: Product_ID,SA00211420,O0011420,OI00211420,2025-11-25,C011421,P00421,E00421,R001,1,290.34,17.42,272.92,181.47,85.0,4.91
211499,Invalid Foreign Key: Order_Item_ID; Invalid Foreign Key: Product_ID,SA00211498,O0011498,OI00211498,2026-02-11,C011499,P00499,E00499,R019,4,5124.58,0.0,5124.58,3217.02,83.0,92.24
211577,Invalid Foreign Key: Order_Item_ID; Invalid Foreign Key: Product_ID,SA00211576,O0011576,OI00211576,2026-04-30,C011577,P00577,E00077,R017,2,2003.38,20.03,1983.34,1257.19,81.0,35.7
211614,Invalid Foreign Key: Order_Item_ID; Invalid Foreign Key: Product_ID,SA00211613,O0011613,OI00211613,2026-06-06,C011614,P00614,E00114,R014,4,805.71,24.17,781.54,502.3,38.0,14.07
211751,Invalid Foreign Key: Order_ID; Invalid Foreign Key: Order_Item_ID; Invalid Foreign Key: Employee_ID,SA00211750,O0011750,OI00211750,2025-10-21,C011751,P00751,E00251,R011,1,671.42,0.0,671.42,421.0,95.0,12.09
211805,Invalid Foreign Key: Order_ID; Invalid Foreign Key: Order_Item_ID; Invalid Foreign Key: Customer_ID,SA00211804,O0011804,OI00211804,2025-12-14,C011805,P00805,E00305,R005,5,435.52,21.78,413.74,268.57,69.0,7.45
211842,Invalid Foreign Key: Order_Item_ID; Invalid Foreign Key: Product_ID,SA00211841,O0011841,OI00211841,2026-01-20,C011842,P00842,E00342,R002,2,1114.2,0.0,1114.2,698.28,26.0,20.06
211921,Invalid Foreign Key: Order_Item_ID; Invalid Foreign Key: Product_ID,SA00211920,O0011920,OI00211920,2026-04-09,C011921,P00921,E00421,R001,1,290.34,5.81,284.54,181.47,25.0,5.12
211964,Invalid Foreign Key: Order_ID; Invalid Foreign Key: Order_Item_ID; Invalid Foreign Key: Customer_ID,SA00211963,O0011963,OI00211963,2026-05-22,C011964,P00964,E00464,R004,4,3346.22,100.39,3245.84,2099.19,68.0,58.43
211998,Invalid Foreign Key: Order_Item_ID; Invalid Foreign Key: Product_ID,SA00211997,O0011997,OI00211997,2026-06-25,C011998,P00998,E00498,R018,3,3805.33,76.11,3729.22,2388.81,102.0,67.13
212054,Negative Value: Quantity; Negative Value: Gross_Sales; Negative Value: Net_Sales; Invalid Foreign Key: Order_Item_ID,SA00212053,O0012053,OI00212053,2026-08-20,C012054,P00054,E00054,R014,-2,-1419.06,-28.38,-1390.68,889.91,78.0,0.0
212251,Invalid Foreign Key: Order_ID; Invalid Foreign Key: Order_Item_ID; Invalid Foreign Key: Employee_ID,SA00212250,O0012250,OI00212250,2026-03-05,C012251,P00251,E00251,R011,1,671.42,20.14,651.28,421.0,35.0,11.72
212307,Invalid Foreign Key: Order_Item_ID; Invalid Foreign Key: Product_ID,SA00212306,O0012306,OI00212306,2026-04-30,C012307,P00307,E00307,R007,2,225.02,6.75,218.27,139.37,91.0,3.93
212421,Invalid Foreign Key: Order_Item_ID; Invalid Foreign Key: Product_ID,SA00212420,O0012420,OI00212420,2026-08-22,C012421,P00421,E00421,R001,1,290.34,14.52,275.83,181.47,45.0,4.96
212440,Invalid Foreign Key: Order_ID; Invalid Foreign Key: Order_Item_ID,SA00212439,O0012439,OI00212439,2025-09-10,C012440,P00440,E00440,R020,5,2658.47,79.75,2578.71,1665.85,64.0,46.42
212499,Invalid Foreign Key: Order_Item_ID; Invalid Foreign Key: Product_ID,SA00212498,O0012498,OI00212498,2025-11-08,C012499,P00499,E00499,R019,4,5124.58,307.48,4817.11,3217.02,43.0,86.71
212577,Invalid Foreign Key: Order_Item_ID; Invalid Foreign Key: Product_ID,SA00212576,O0012576,OI00212576,2026-01-25,C012577,P00577,E00077,R017,2,2003.38,0.0,2003.38,1257.19,41.0,36.06
212592,Invalid Foreign Key: Order_ID; Invalid Foreign Key: Order_Item_ID; Invalid Foreign Key: Customer_ID,SA00212591,O0012591,OI00212591,2026-02-09,C012592,P00592,E00092,R012,2,2384.46,23.84,2360.61,1496.73,56.0,42.49
212614,Invalid Foreign Key: Order_Item_ID; Invalid Foreign Key: Product_ID,SA00212613,O0012613,OI00212613,2026-03-03,C012614,P00614,E00114,R014,4,805.71,16.11,789.59,502.3,78.0,14.21
212751,Invalid Foreign Key: Order_ID; Invalid Foreign Key: Order_Item_ID; Invalid Foreign Key: Employee_ID,SA00212750,O0012750,OI00212750,2026-07-18,C012751,P00751,E00251,R011,1,671.42,40.29,631.14,421.0,55.0,11.36
212842,Invalid Foreign Key: Order_Item_ID; Invalid Foreign Key: Product_ID,SA00212841,O0012841,OI00212841,2025-10-17,C012842,P00842,E00342,R002,2,1114.2,66.85,1047.35,698.28,66.0,18.85
212921,Invalid Foreign Key: Order_Item_ID; Invalid Foreign Key: Product_ID,SA00212920,O0012920,OI00212920,2026-01-04,C012921,P00921,E00421,R001,1,290.34,2.9,287.44,181.47,65.0,5.17
212961,Invalid Foreign Key: Order_ID; Invalid Foreign Key: Order_Item_ID; Invalid Foreign Key: Customer_ID,SA00212960,O0012960,OI00212960,2026-02-13,C012961,P00961,E00461,R001,1,798.45,47.91,750.54,500.84,25.0,13.51
212998,Invalid Foreign Key: Order_Item_ID; Invalid Foreign Key: Product_ID,SA00212997,O0012997,OI00212997,2026-03-22,C012998,P00998,E00498,R018,3,3805.33,38.05,3767.28,2388.81,62.0,67.81
213207,Invalid Foreign Key: Order_ID; Invalid Foreign Key: Order_Item_ID,SA00213206,O0013206,OI00213206,2025-10-17,C013207,P00207,E00207,R007,2,225.02,0.0,225.02,139.37,31.0,4.05
213251,Invalid Foreign Key: Order_ID; Invalid Foreign Key: Order_Item_ID; Invalid Foreign Key: Employee_ID,SA00213250,O0013250,OI00213250,2025-11-30,C013251,P00251,E00251,R011,1,671.42,13.43,657.99,421.0,75.0,11.84
213307,Invalid Foreign Key: Order_Item_ID; Invalid Foreign Key: Product_ID,SA00213306,O0013306,OI00213306,2026-01-25,C013307,P00307,E00307,R007,2,225.02,4.5,220.52,139.37,51.0,3.97
213325,Invalid Foreign Key: Order_ID; Invalid Foreign Key: Order_Item_ID,SA00213324,O0013324,OI00213324,2026-02-12,C013325,P00325,E00325,R005,5,1705.78,102.35,1603.43,1067.02,69.0,28.86
213379,Invalid Foreign Key: Order_ID; Invalid Foreign Key: Order_Item_ID; Invalid Foreign Key: Customer_ID,SA00213378,O0013378,OI00213378,2026-04-07,C013379,P00379,E00379,R019,4,4108.38,164.34,3944.04,2578.26,43.0,70.99
213421,Invalid Foreign Key: Order_Item_ID; Invalid Foreign Key: Product_ID,SA00213420,O0013420,OI00213420,2026-05-19,C013421,P00421,E00421,R001,1,290.34,11.61,278.73,181.47,85.0,5.02
213499,Invalid Foreign Key: Order_Item_ID; Invalid Foreign Key: Product_ID,SA00213498,O0013498,OI00213498,2026-08-05,C013499,P00499,E00499,R019,4,5124.58,256.23,4868.36,3217.02,83.0,87.63
213577,Invalid Foreign Key: Order_Item_ID; Invalid Foreign Key: Product_ID,SA00213576,O0013576,OI00213576,2025-10-22,C013577,P00577,E00077,R017,2,2003.38,120.2,1883.18,1257.19,81.0,33.9
213614,Invalid Foreign Key: Order_Item_ID; Invalid Foreign Key: Product_ID,SA00213613,O0013613,OI00213613,2025-11-28,C013614,P00614,E00114,R014,4,805.71,8.06,797.65,502.3,38.0,14.36
213751,Invalid Foreign Key: Order_ID; Invalid Foreign Key: Order_Item_ID; Invalid Foreign Key: Employee_ID,SA00213750,O0013750,OI00213750,2026-04-14,C013751,P00751,E00251,R011,1,671.42,33.57,637.85,421.0,95.0,11.48
213842,Invalid Foreign Key: Order_Item_ID; Invalid Foreign Key: Product_ID,SA00213841,O0013841,OI00213841,2026-07-14,C013842,P00842,E00342,R002,2,1114.2,55.71,1058.49,698.28,26.0,19.05
213921,Invalid Foreign Key: Order_Item_ID; Invalid Foreign Key: Product_ID,SA00213920,O0013920,OI00213920,2025-10-01,C013921,P00921,E00421,R001,1,290.34,0.0,290.34,181.47,25.0,5.23
213958,Invalid Foreign Key: Order_ID; Invalid Foreign Key: Order_Item_ID; Invalid Foreign Key: Customer_ID,SA00213957,O0013957,OI00213957,2025-11-07,C013958,P00958,E00458,R018,3,2281.02,45.62,2235.4,1430.67,62.0,40.24
213998,Invalid Foreign Key: Order_Item_ID; Invalid Foreign Key: Product_ID,SA00213997,O0013997,OI00213997,2025-12-17,C013998,P00998,E00498,R018,3,3805.33,0.0,3805.33,2388.81,102.0,68.5
214166,Invalid Foreign Key: Order_ID; Invalid Foreign Key: Order_Item_ID; Invalid Foreign Key: Customer_ID,SA00214165,O0014165,OI00214165,2026-06-03,C014166,P00166,E00166,R006,1,861.96,0.0,861.96,540.77,30.0,15.52
214217,Invalid Foreign Key: Order_ID; Invalid Foreign Key: Order_Item_ID,SA00214216,O0014216,OI00214216,2026-07-24,C014217,P00217,E00217,R017,2,479.07,9.58,469.49,299.06,81.0,8.45
214251,Invalid Foreign Key: Order_ID; Invalid Foreign Key: Order_Item_ID; Invalid Foreign Key: Employee_ID,SA00214250,O0014250,OI00214250,2026-08-27,C014251,P00251,E00251,R011,1,671.42,6.71,664.71,421.0,35.0,11.96
214307,Invalid Foreign Key: Order_Item_ID; Invalid Foreign Key: Product_ID,SA00214306,O0014306,OI00214306,2025-10-22,C014307,P00307,E00307,R007,2,225.02,2.25,222.77,139.37,91.0,4.01
214421,Invalid Foreign Key: Order_Item_ID; Invalid Foreign Key: Product_ID,SA00214420,O0014420,OI00214420,2026-02-13,C014421,P00421,E00421,R001,1,290.34,8.71,281.63,181.47,45.0,5.07
214499,Invalid Foreign Key: Order_Item_ID; Invalid Foreign Key: Product_ID,SA00214498,O0014498,OI00214498,2026-05-02,C014499,P00499,E00499,R019,4,5124.58,204.98,4919.6,3217.02,43.0,88.55
214577,Invalid Foreign Key: Order_Item_ID; Invalid Foreign Key: Product_ID,SA00214576,O0014576,OI00214576,2026-07-19,C014577,P00577,E00077,R017,2,2003.38,100.17,1903.21,1257.19,41.0,34.26
214602,Invalid Foreign Key: Order_Item_ID,SA00214601,O0014601,OI00214601,2026-08-13,C014602,P00602,E00102,R002,2,97.99,1.96,96.03,59.52,66.0,1.73
214614,Invalid Foreign Key: Order_Item_ID; Invalid Foreign Key: Product_ID,SA00214613,O0014613,OI00214613,2026-08-25,C014614,P00614,E00114,R014,4,805.71,0.0,805.71,502.3,78.0,14.5
214751,Invalid Foreign Key: Order_ID; Invalid Foreign Key: Order_Item_ID; Invalid Foreign Key: Employee_ID,SA00214750,O0014750,OI00214750,2026-01-09,C014751,P00751,E00251,R011,1,671.42,26.86,644.57,421.0,55.0,11.6
214842,Invalid Foreign Key: Order_Item_ID; Invalid Foreign Key: Product_ID,SA00214841,O0014841,OI00214841,2026-04-10,C014842,P00842,E00342,R002,2,1114.2,44.57,1069.63,698.28,66.0,19.25
214921,Invalid Foreign Key: Order_Item_ID; Invalid Foreign Key: Product_ID,SA00214920,O0014920,OI00214920,2026-06-28,C014921,P00921,E00421,R001,1,290.34,17.42,272.92,181.47,65.0,4.91
214953,Invalid Foreign Key: Order_ID; Invalid Foreign Key: Order_Item_ID; Invalid Foreign Key: Customer_ID,SA00214952,O0014952,OI00214952,2026-07-30,C014953,P00953,E00453,R013,3,2090.48,62.71,2027.77,1310.91,97.0,36.5
214955,Invalid Foreign Key: Order_ID; Invalid Foreign Key: Order_Item_ID; Invalid Foreign Key: Customer_ID,SA00214954,O0014954,OI00214954,2026-08-01,C014955,P00955,E00455,R015,5,3611.16,180.56,3430.6,2264.69,99.0,61.75
214998,Invalid Foreign Key: Order_Item_ID; Invalid Foreign Key: Product_ID,SA00214997,O0014997,OI00214997,2025-09-13,C014998,P00998,E00498,R018,3,3805.33,228.32,3577.01,2388.81,62.0,64.39
215130,Invalid Foreign Key: Order_Item_ID,SA00215129,O0015129,OI00215129,2026-01-23,C015130,P00130,E00130,R010,5,2023.34,101.17,1922.17,1266.63,34.0,34.6
215251,Invalid Foreign Key: Order_ID; Invalid Foreign Key: Order_Item_ID; Invalid Foreign Key: Employee_ID,SA00215250,O0015250,OI00215250,2026-05-24,C015251,P00251,E00251,R011,1,671.42,0.0,671.42,421.0,75.0,12.09
215307,Invalid Foreign Key: Order_Item_ID; Invalid Foreign Key: Product_ID,SA00215306,O0015306,OI00215306,2026-07-19,C015307,P00307,E00307,R007,2,225.02,0.0,225.02,139.37,51.0,4.05
215408,Invalid Foreign Key: Order_ID; Invalid Foreign Key: Order_Item_ID,SA00215407,O0015407,OI00215407,2025-10-28,C015408,P00408,E00408,R008,3,375.63,11.27,364.36,233.0,72.0,6.56
215421,Invalid Foreign Key: Order_Item_ID; Invalid Foreign Key: Product_ID,SA00215420,O0015420,OI00215420,2025-11-10,C015421,P00421,E00421,R001,1,290.34,5.81,284.54,181.47,85.0,5.12
215499,Invalid Foreign Key: Order_Item_ID; Invalid Foreign Key: Product_ID,SA00215498,O0015498,OI00215498,2026-01-27,C015499,P00499,E00499,R019,4,5124.58,153.74,4970.85,3217.02,83.0,89.48
215577,Invalid Foreign Key: Order_Item_ID; Invalid Foreign Key: Product_ID,SA00215576,O0015576,OI00215576,2026-04-15,C015577,P00577,E00077,R017,2,2003.38,80.14,1923.24,1257.19,81.0,34.62
215614,Invalid Foreign Key: Order_Item_ID; Invalid Foreign Key: Product_ID,SA00215613,O0015613,OI00215613,2026-05-22,C015614,P00614,E00114,R014,4,805.71,48.34,757.36,502.3,38.0,13.63
215740,Invalid Foreign Key: Order_ID; Invalid Foreign Key: Order_Item_ID; Invalid Foreign Key: Customer_ID,SA00215739,O0015739,OI00215739,2025-09-25,C015740,P00740,E00240,R020,5,2658.47,159.51,2498.96,1665.85,84.0,44.98
215751,Invalid Foreign Key: Order_ID; Invalid Foreign Key: Order_Item_ID; Invalid Foreign Key: Employee_ID,SA00215750,O0015750,OI00215750,2025-10-06,C015751,P00751,E00251,R011,1,671.42,20.14,651.28,421.0,95.0,11.72
215842,Invalid Foreign Key: Order_Item_ID; Invalid Foreign Key: Product_ID,SA00215841,O0015841,OI00215841,2026-01-05,C015842,P00842,E00342,R002,2,1114.2,33.43,1080.77,698.28,26.0,19.45
215921,Invalid Foreign Key: Order_Item_ID; Invalid Foreign Key: Product_ID,SA00215920,O0015920,OI00215920,2026-03-25,C015921,P00921,E00421,R001,1,290.34,14.52,275.83,181.47,25.0,4.96
215952,Invalid Foreign Key: Order_ID; Invalid Foreign Key: Order_Item_ID; Invalid Foreign Key: Customer_ID,SA00215951,O0015951,OI00215951,2026-04-25,C015952,P00952,E00452,R012,2,1368.25,13.68,1354.57,857.97,56.0,24.38
215994,Invalid Foreign Key: Order_ID; Invalid Foreign Key: Order_Item_ID,SA00215993,O0015993,OI00215993,2026-06-06,C015994,P00994,E00494,R014,4,4870.53,48.71,4821.83,3057.33,98.0,86.79
215998,Invalid Foreign Key: Order_Item_ID; Invalid Foreign Key: Product_ID,SA00215997,O0015997,OI00215997,2026-06-10,C015998,P00998,E00498,R018,3,3805.33,190.27,3615.06,2388.81,102.0,65.07
216055,Negative Value: Quantity; Negative Value: Gross_Sales; Negative Value: Net_Sales; Invalid Foreign Key: Order_Item_ID,SA00216054,O0016054,OI00216054,2026-08-06,C016055,P00055,E00055,R015,-2,-1444.47,-86.67,-1357.8,905.88,79.0,0.0
216251,Invalid Foreign Key: Order_ID; Invalid Foreign Key: Order_Item_ID; Invalid Foreign Key: Employee_ID,SA00216250,O0016250,OI00216250,2026-02-18,C016251,P00251,E00251,R011,1,671.42,40.29,631.14,421.0,35.0,11.36
216307,Invalid Foreign Key: Order_Item_ID; Invalid Foreign Key: Product_ID,SA00216306,O0016306,OI00216306,2026-04-15,C016307,P00307,E00307,R007,2,225.02,13.5,211.52,139.37,91.0,3.81
216421,Invalid Foreign Key: Order_Item_ID; Invalid Foreign Key: Product_ID,SA00216420,O0016420,OI00216420,2026-08-07,C016421,P00421,E00421,R001,1,290.34,2.9,287.44,181.47,45.0,5.17
216499,Invalid Foreign Key: Order_Item_ID; Invalid Foreign Key: Product_ID,SA00216498,O0016498,OI00216498,2025-10-24,C016499,P00499,E00499,R019,4,5124.58,102.49,5022.09,3217.02,43.0,90.4
216527,Invalid Foreign Key: Order_ID; Invalid Foreign Key: Order_Item_ID; Invalid Foreign Key: Customer_ID,SA00216526,O0016526,OI00216526,2025-11-21,C016527,P00527,E00027,R007,2,733.12,14.66,718.46,458.74,71.0,12.93
216577,Invalid Foreign Key: Order_Item_ID; Invalid Foreign Key: Product_ID,SA00216576,O0016576,OI00216576,2026-01-10,C016577,P00577,E00077,R017,2,2003.38,60.1,1943.28,1257.19,41.0,34.98
216614,Invalid Foreign Key: Order_Item_ID; Invalid Foreign Key: Product_ID,SA00216613,O0016613,OI00216613,2026-02-16,C016614,P00614,E00114,R014,4,805.71,40.29,765.42,502.3,78.0,13.78
216656,Invalid Foreign Key: Order_ID; Invalid Foreign Key: Order_Item_ID,SA00216655,O0016655,OI00216655,2026-03-30,C016656,P00656,E00156,R016,1,734.94,36.75,698.19,460.92,40.0,12.57
216751,Invalid Foreign Key: Order_ID; Invalid Foreign Key: Order_Item_ID; Invalid Foreign Key: Employee_ID,SA00216750,O0016750,OI00216750,2026-07-03,C016751,P00751,E00251,R011,1,671.42,13.43,657.99,421.0,55.0,11.84
216842,Invalid Foreign Key: Order_Item_ID; Invalid Foreign Key: Product_ID,SA00216841,O0016841,OI00216841,2025-10-02,C016842,P00842,E00342,R002,2,1114.2,22.28,1091.91,698.28,66.0,19.65
216921,Invalid Foreign Key: Order_Item_ID; Invalid Foreign Key: Product_ID,SA00216920,O0016920,OI00216920,2025-12-20,C016921,P00921,E00421,R001,1,290.34,11.61,278.73,181.47,65.0,5.02
216949,Invalid Foreign Key: Order_ID; Invalid Foreign Key: Order_Item_ID; Invalid Foreign Key: Customer_ID,SA00216948,O0016948,OI00216948,2026-01-17,C016949,P00949,E00449,R009,4,2584.07,103.36,2480.71,1620.12,93.0,44.65
216998,Invalid Foreign Key: Order_Item_ID; Invalid Foreign Key: Product_ID,SA00216997,O0016997,OI00216997,2026-03-07,C016998,P00998,E00498,R018,3,3805.33,152.21,3653.12,2388.81,62.0,65.76
217032,Invalid Foreign Key: Order_Item_ID,SA00217031,O0017031,OI00217031,2026-04-10,C017032,P00032,E00032,R012,2,860.15,25.8,834.34,538.59,96.0,15.02
217251,Invalid Foreign Key: Order_ID; Invalid Foreign Key: Order_Item_ID; Invalid Foreign Key: Employee_ID,SA00217250,O0017250,OI00217250,2025-11-15,C017251,P00251,E00251,R011,1,671.42,33.57,637.85,421.0,75.0,11.48
217307,Invalid Foreign Key: Order_Item_ID; Invalid Foreign Key: Product_ID,SA00217306,O0017306,OI00217306,2026-01-10,C017307,P00307,E00307,R007,2,225.02,11.25,213.77,139.37,51.0,3.85
217314,Invalid Foreign Key: Order_ID; Invalid Foreign Key: Order_Item_ID; Invalid Foreign Key: Customer_ID,SA00217313,O0017313,OI00217313,2026-01-17,C017314,P00314,E00314,R014,4,805.71,40.29,765.42,502.3,58.0,13.78
217421,Invalid Foreign Key: Order_Item_ID; Invalid Foreign Key: Product_ID,SA00217420,O0017420,OI00217420,2026-05-04,C017421,P00421,E00421,R001,1,290.34,0.0,290.34,181.47,85.0,5.23
217499,Invalid Foreign Key: Order_Item_ID; Invalid Foreign Key: Product_ID,SA00217498,O0017498,OI00217498,2026-07-21,C017499,P00499,E00499,R019,4,5124.58,51.25,5073.34,3217.02,83.0,91.32
217577,Invalid Foreign Key: Order_Item_ID; Invalid Foreign Key: Product_ID,SA00217576,O0017576,OI00217576,2025-10-07,C017577,P00577,E00077,R017,2,2003.38,40.07,1963.31,1257.19,81.0,35.34
217609,Invalid Foreign Key: Order_ID; Invalid Foreign Key: Order_Item_ID,SA00217608,O0017608,OI00217608,2025-11-08,C017609,P00609,E00109,R009,4,551.65,33.1,518.56,342.61,33.0,9.33
217614,Invalid Foreign Key: Order_Item_ID; Invalid Foreign Key: Product_ID,SA00217613,O0017613,OI00217613,2025-11-13,C017614,P00614,E00114,R014,4,805.71,32.23,773.48,502.3,38.0,13.92
217751,Invalid Foreign Key: Order_ID; Invalid Foreign Key: Order_Item_ID; Invalid Foreign Key: Employee_ID,SA00217750,O0017750,OI00217750,2026-03-30,C017751,P00751,E00251,R011,1,671.42,6.71,664.71,421.0,95.0,11.96
217771,Invalid Foreign Key: Order_ID; Invalid Foreign Key: Order_Item_ID,SA00217770,O0017770,OI00217770,2026-04-19,C017771,P00771,E00271,R011,1,925.47,0.0,925.47,580.69,35.0,16.66
217805,Invalid Foreign Key: Order_Item_ID,SA00217804,O0017804,OI00217804,2026-05-23,C017805,P00805,E00305,R005,5,435.52,26.13,409.39,268.57,69.0,7.37
217842,Invalid Foreign Key: Order_Item_ID; Invalid Foreign Key: Product_ID,SA00217841,O0017841,OI00217841,2026-06-29,C017842,P00842,E00342,R002,2,1114.2,11.14,1103.06,698.28,26.0,19.86
217921,Invalid Foreign Key: Order_Item_ID; Invalid Foreign Key: Product_ID,SA00217920,O0017920,OI00217920,2025-09-16,C017921,P00921,E00421,R001,1,290.34,8.71,281.63,181.47,25.0,5.07
217946,Invalid Foreign Key: Order_ID; Invalid Foreign Key: Order_Item_ID; Invalid Foreign Key: Customer_ID,SA00217945,O0017945,OI00217945,2025-10-11,C017946,P00946,E00446,R006,1,607.91,0.0,607.91,381.08,50.0,10.94
217998,Invalid Foreign Key: Order_Item_ID; Invalid Foreign Key: Product_ID,SA00217997,O0017997,OI00217997,2025-12-02,C017998,P00998,E00498,R018,3,3805.33,114.16,3691.17,2388.81,102.0,66.44
218101,Invalid Foreign Key: Order_ID; Invalid Foreign Key: Order_Item_ID; Invalid Foreign Key: Customer_ID,SA00218100,O0018100,OI00218100,2026-03-15,C018101,P00101,E00101,R001,1,36.29,0.36,35.93,21.78,45.0,0.65
218251,Invalid Foreign Key: Order_ID; Invalid Foreign Key: Order_Item_ID; Invalid Foreign Key: Employee_ID,SA00218250,O0018250,OI00218250,2026-08-12,C018251,P00251,E00251,R011,1,671.42,26.86,644.57,421.0,35.0,11.6
218307,Invalid Foreign Key: Order_Item_ID; Invalid Foreign Key: Product_ID,SA00218306,O0018306,OI00218306,2025-10-07,C018307,P00307,E00307,R007,2,225.02,9.0,216.02,139.37,91.0,3.89
218421,Invalid Foreign Key: Order_Item_ID; Invalid Foreign Key: Product_ID,SA00218420,O0018420,OI00218420,2026-01-29,C018421,P00421,E00421,R001,1,290.34,17.42,272.92,181.47,45.0,4.91
218499,Invalid Foreign Key: Order_Item_ID; Invalid Foreign Key: Product_ID,SA00218498,O0018498,OI00218498,2026-04-17,C018499,P00499,E00499,R019,4,5124.58,0.0,5124.58,3217.02,43.0,92.24
218577,Invalid Foreign Key: Order_Item_ID; Invalid Foreign Key: Product_ID,SA00218576,O0018576,OI00218576,2026-07-04,C018577,P00577,E00077,R017,2,2003.38,20.03,1983.34,1257.19,41.0,35.7
218614,Invalid Foreign Key: Order_Item_ID; Invalid Foreign Key: Product_ID,SA00218613,O0018613,OI00218613,2026-08-10,C018614,P00614,E00114,R014,4,805.71,24.17,781.54,502.3,78.0,14.07
218751,Invalid Foreign Key: Order_ID; Invalid Foreign Key: Order_Item_ID; Invalid Foreign Key: Employee_ID,SA00218750,O0018750,OI00218750,2025-12-25,C018751,P00751,E00251,R011,1,671.42,0.0,671.42,421.0,55.0,12.09
218842,Invalid Foreign Key: Order_Item_ID; Invalid Foreign Key: Product_ID,SA00218841,O0018841,OI00218841,2026-03-26,C018842,P00842,E00342,R002,2,1114.2,0.0,1114.2,698.28,66.0,20.06
218888,Invalid Foreign Key: Order_ID; Invalid Foreign Key: Order_Item_ID; Invalid Foreign Key: Customer_ID,SA00218887,O0018887,OI00218887,2026-05-11,C018888,P00888,E00388,R008,3,3424.25,136.97,3287.28,2149.28,32.0,59.17
218921,Invalid Foreign Key: Order_Item_ID; Invalid Foreign Key: Product_ID,SA00218920,O0018920,OI00218920,2026-06-13,C018921,P00921,E00421,R001,1,290.34,5.81,284.54,181.47,65.0,5.12
218943,Invalid Foreign Key: Order_ID; Invalid Foreign Key: Order_Item_ID; Invalid Foreign Key: Customer_ID,SA00218942,O0018942,OI00218942,2026-07-05,C018943,P00943,E00443,R003,3,1709.4,51.28,1658.12,1071.37,87.0,29.85
218998,Invalid Foreign Key: Order_Item_ID; Invalid Foreign Key: Product_ID,SA00218997,O0018997,OI00218997,2026-08-29,C018998,P00998,E00498,R018,3,3805.33,76.11,3729.22,2388.81,62.0,67.13
219251,Invalid Foreign Key: Order_ID; Invalid Foreign Key: Order_Item_ID; Invalid Foreign Key: Employee_ID,SA00219250,O0019250,OI00219250,2026-05-09,C019251,P00251,E00251,R011,1,671.42,20.14,651.28,421.0,75.0,11.72
219307,Invalid Foreign Key: Order_Item_ID; Invalid Foreign Key: Product_ID,SA00219306,O0019306,OI00219306,2026-07-04,C019307,P00307,E00307,R007,2,225.02,6.75,218.27,139.37,51.0,3.93
219421,Invalid Foreign Key: Order_Item_ID; Invalid Foreign Key: Product_ID,SA00219420,O0019420,OI00219420,2025-10-26,C019421,P00421,E00421,R001,1,290.34,14.52,275.83,181.47,85.0,4.96
219499,Invalid Foreign Key: Order_Item_ID; Invalid Foreign Key: Product_ID,SA00219498,O0019498,OI00219498,2026-01-12,C019499,P00499,E00499,R019,4,5124.58,307.48,4817.11,3217.02,83.0,86.71
219548,Invalid Foreign Key: Order_ID; Invalid Foreign Key: Order_Item_ID,SA00219547,O0019547,OI00219547,2026-03-02,C019548,P00548,E00048,R008,3,1899.94,114.0,1785.95,1191.14,52.0,32.15
219577,Invalid Foreign Key: Order_Item_ID; Invalid Foreign Key: Product_ID,SA00219576,O0019576,OI00219576,2026-03-31,C019577,P00577,E00077,R017,2,2003.38,0.0,2003.38,1257.19,81.0,36.06
219614,Invalid Foreign Key: Order_Item_ID; Invalid Foreign Key: Product_ID,SA00219613,O0019613,OI00219613,2026-05-07,C019614,P00614,E00114,R014,4,805.71,16.11,789.59,502.3,38.0,14.21
219675,Invalid Foreign Key: Order_ID; Invalid Foreign Key: Order_Item_ID; Invalid Foreign Key: Customer_ID,SA00219674,O0019674,OI00219674,2026-07-07,C019675,P00675,E00175,R015,5,4881.42,0.0,4881.42,3063.14,99.0,87.87
219751,Invalid Foreign Key: Order_ID; Invalid Foreign Key: Order_Item_ID; Invalid Foreign Key: Employee_ID,SA00219750,O0019750,OI00219750,2025-09-21,C019751,P00751,E00251,R011,1,671.42,40.29,631.14,421.0,95.0,11.36
219810,Invalid Foreign Key: Order_ID; Invalid Foreign Key: Order_Item_ID,SA00219809,O0019809,OI00219809,2025-11-19,C019810,P00810,E00310,R010,5,753.08,15.06,738.02,468.18,74.0,13.28
219842,Invalid Foreign Key: Order_Item_ID; Invalid Foreign Key: Product_ID,SA00219841,O0019841,OI00219841,2025-12-21,C019842,P00842,E00342,R002,2,1114.2,66.85,1047.35,698.28,26.0,18.85
219921,Invalid Foreign Key: Order_Item_ID; Invalid Foreign Key: Product_ID,SA00219920,O0019920,OI00219920,2026-03-10,C019921,P00921,E00421,R001,1,290.34,2.9,287.44,181.47,25.0,5.17
219940,Invalid Foreign Key: Order_ID; Invalid Foreign Key: Order_Item_ID; Invalid Foreign Key: Customer_ID,SA00219939,O0019939,OI00219939,2026-03-29,C019940,P00940,E00440,R020,5,2658.47,159.51,2498.96,1665.85,44.0,44.98
219987,Invalid Foreign Key: Order_ID; Invalid Foreign Key: Order_Item_ID,SA00219986,O0019986,OI00219986,2026-05-15,C019987,P00987,E00487,R007,2,2257.43,90.3,2167.13,1416.88,91.0,39.01
219998,Invalid Foreign Key: Order_Item_ID; Invalid Foreign Key: Product_ID,SA00219997,O0019997,OI00219997,2026-05-26,C019998,P00998,E00498,R018,3,3805.33,38.05,3767.28,2388.81,102.0,67.81
220015,Invalid Foreign Key: Order_ID; Invalid Foreign Key: Order_Item_ID,SA00220014,O0020014,OI00220014,2026-06-12,C000015,P00015,E00015,R015,5,1070.65,42.83,1027.82,667.79,39.0,18.5
220056,Negative Value: Quantity; Negative Value: Gross_Sales; Negative Value: Net_Sales; Invalid Foreign Key: Order_Item_ID,SA00220055,O0020055,OI00220055,2026-07-23,C000056,P00056,E00056,R016,-2,-1469.87,-44.1,-1425.77,921.84,80.0,0.0
220133,Invalid Foreign Key: Order_Item_ID,SA00220132,O0020132,OI00220132,2025-10-08,C000133,P00133,E00133,R013,3,1328.33,39.85,1288.48,831.84,77.0,23.19
220251,Invalid Foreign Key: Order_ID; Invalid Foreign Key: Order_Item_ID; Invalid Foreign Key: Employee_ID,SA00220250,O0020250,OI00220250,2026-02-03,C000251,P00251,E00251,R011,1,671.42,13.43,657.99,421.0,35.0,11.84
220307,Invalid Foreign Key: Order_Item_ID; Invalid Foreign Key: Product_ID,SA00220306,O0020306,OI00220306,2026-03-31,C000307,P00307,E00307,R007,2,225.02,4.5,220.52,139.37,91.0,3.97
220421,Invalid Foreign Key: Order_Item_ID; Invalid Foreign Key: Product_ID,SA00220420,O0020420,OI00220420,2026-07-23,C000421,P00421,E00421,R001,1,290.34,11.61,278.73,181.47,45.0,5.02
220499,Invalid Foreign Key: Order_Item_ID; Invalid Foreign Key: Product_ID,SA00220498,O0020498,OI00220498,2025-10-09,C000499,P00499,E00499,R019,4,5124.58,256.23,4868.36,3217.02,43.0,87.63
220577,Invalid Foreign Key: Order_Item_ID; Invalid Foreign Key: Product_ID,SA00220576,O0020576,OI00220576,2025-12-26,C000577,P00577,E00077,R017,2,2003.38,120.2,1883.18,1257.19,41.0,33.9
220614,Invalid Foreign Key: Order_Item_ID; Invalid Foreign Key: Product_ID,SA00220613,O0020613,OI00220613,2026-02-01,C000614,P00614,E00114,R014,4,805.71,8.06,797.65,502.3,78.0,14.36
220751,Invalid Foreign Key: Order_ID; Invalid Foreign Key: Order_Item_ID; Invalid Foreign Key: Employee_ID,SA00220750,O0020750,OI00220750,2026-06-18,C000751,P00751,E00251,R011,1,671.42,33.57,637.85,421.0,55.0,11.48
220787,Invalid Foreign Key: Order_ID; Invalid Foreign Key: Order_Item_ID; Invalid Foreign Key: Customer_ID,SA00220786,O0020786,OI00220786,2026-07-24,C000787,P00787,E00287,R007,2,2257.43,135.45,2121.98,1416.88,91.0,38.2
220842,Invalid Foreign Key: Order_Item_ID; Invalid Foreign Key: Product_ID,SA00220841,O0020841,OI00220841,2025-09-17,C000842,P00842,E00342,R002,2,1114.2,55.71,1058.49,698.28,66.0,19.05
220921,Invalid Foreign Key: Order_Item_ID; Invalid Foreign Key: Product_ID,SA00220920,O0020920,OI00220920,2025-12-05,C000921,P00921,E00421,R001,1,290.34,0.0,290.34,181.47,65.0,5.23
220997,Invalid Foreign Key: Order_ID; Invalid Foreign Key: Order_Item_ID; Invalid Foreign Key: Customer_ID,SA00220996,O0020996,OI00220996,2026-02-19,C000997,P00997,E00497,R017,2,2511.48,150.69,2360.79,1576.57,61.0,42.49
220998,Invalid Foreign Key: Order_Item_ID; Invalid Foreign Key: Product_ID,SA00220997,O0020997,OI00220997,2026-02-20,C000998,P00998,E00498,R018,3,3805.33,0.0,3805.33,2388.81,62.0,68.5
221008,Invalid Foreign Key: Order_Item_ID,SA00221007,O0021007,OI00221007,2026-03-02,C001008,P00008,E00008,R008,3,375.63,11.27,364.36,233.0,72.0,6.56
221251,Invalid Foreign Key: Order_ID; Invalid Foreign Key: Order_Item_ID; Invalid Foreign Key: Employee_ID,SA00221250,O0021250,OI00221250,2025-10-31,C001251,P00251,E00251,R011,1,671.42,6.71,664.71,421.0,75.0,11.96
221307,Invalid Foreign Key: Order_Item_ID; Invalid Foreign Key: Product_ID,SA00221306,O0021306,OI00221306,2025-12-26,C001307,P00307,E00307,R007,2,225.02,2.25,222.77,139.37,51.0,4.01
221325,Invalid Foreign Key: Order_ID; Invalid Foreign Key: Order_Item_ID,SA00221324,O0021324,OI00221324,2026-01-13,C001325,P00325,E00325,R005,5,1705.78,85.29,1620.49,1067.02,69.0,29.17
221421,Invalid Foreign Key: Order_Item_ID; Invalid Foreign Key: Product_ID,SA00221420,O0021420,OI00221420,2026-04-19,C001421,P00421,E00421,R001,1,290.34,8.71,281.63,181.47,85.0,5.07
221499,Invalid Foreign Key: Order_Item_ID; Invalid Foreign Key: Product_ID,SA00221498,O0021498,OI00221498,2026-07-06,C001499,P00499,E00499,R019,4,5124.58,204.98,4919.6,3217.02,83.0,88.55
221574,Invalid Foreign Key: Order_ID; Invalid Foreign Key: Order_Item_ID; Invalid Foreign Key: Customer_ID,SA00221573,O0021573,OI00221573,2025-09-19,C001574,P00574,E00074,R014,4,3854.33,77.09,3777.24,2418.57,78.0,67.99
221577,Invalid Foreign Key: Order_Item_ID; Invalid Foreign Key: Product_ID,SA00221576,O0021576,OI00221576,2025-09-22,C001577,P00577,E00077,R017,2,2003.38,100.17,1903.21,1257.19,81.0,34.26
221614,Invalid Foreign Key: Order_Item_ID; Invalid Foreign Key: Product_ID,SA00221613,O0021613,OI00221613,2025-10-29,C001614,P00614,E00114,R014,4,805.71,0.0,805.71,502.3,38.0,14.5
221751,Invalid Foreign Key: Order_ID; Invalid Foreign Key: Order_Item_ID; Invalid Foreign Key: Employee_ID,SA00221750,O0021750,OI00221750,2026-03-15,C001751,P00751,E00251,R011,1,671.42,26.86,644.57,421.0,95.0,11.6
221842,Invalid Foreign Key: Order_Item_ID; Invalid Foreign Key: Product_ID,SA00221841,O0021841,OI00221841,2026-06-14,C001842,P00842,E00342,R002,2,1114.2,44.57,1069.63,698.28,26.0,19.25
221921,Invalid Foreign Key: Order_Item_ID; Invalid Foreign Key: Product_ID,SA00221920,O0021920,OI00221920,2025-09-01,C001921,P00921,E00421,R001,1,290.34,17.42,272.92,181.47,25.0,4.91
221994,Invalid Foreign Key: Order_ID; Invalid Foreign Key: Order_Item_ID; Invalid Foreign Key: Customer_ID,SA00221993,O0021993,OI00221993,2025-11-13,C001994,P00994,E00494,R014,4,4870.53,97.41,4773.12,3057.33,98.0,85.92
221998,Invalid Foreign Key: Order_Item_ID; Invalid Foreign Key: Product_ID,SA00221997,O0021997,OI00221997,2025-11-17,C001998,P00998,E00498,R018,3,3805.33,228.32,3577.01,2388.81,102.0,64.39
222011,Invalid Foreign Key: Order_ID; Invalid Foreign Key: Order_Item_ID,SA00222010,O0022010,OI00222010,2025-11-30,C002011,P00011,E00011,R011,1,163.32,8.17,155.15,101.62,35.0,2.79
222251,Invalid Foreign Key: Order_ID; Invalid Foreign Key: Order_Item_ID; Invalid Foreign Key: Employee_ID,SA00222250,O0022250,OI00222250,2026-07-28,C002251,P00251,E00251,R011,1,671.42,0.0,671.42,421.0,35.0,12.09
222307,Invalid Foreign Key: Order_Item_ID; Invalid Foreign Key: Product_ID,SA00222306,O0022306,OI00222306,2025-09-22,C002307,P00307,E00307,R007,2,225.02,0.0,225.02,139.37,91.0,4.05
222361,Invalid Foreign Key: Order_ID; Invalid Foreign Key: Order_Item_ID; Invalid Foreign Key: Customer_ID,SA00222360,O0022360,OI00222360,2025-11-15,C002361,P00361,E00361,R001,1,798.45,39.92,758.53,500.84,65.0,13.65
222421,Invalid Foreign Key: Order_Item_ID; Invalid Foreign Key: Product_ID,SA00222420,O0022420,OI00222420,2026-01-14,C002421,P00421,E00421,R001,1,290.34,5.81,284.54,181.47,45.0,5.12
222499,Invalid Foreign Key: Order_Item_ID; Invalid Foreign Key: Product_ID,SA00222498,O0022498,OI00222498,2026-04-02,C002499,P00499,E00499,R019,4,5124.58,153.74,4970.85,3217.02,43.0,89.48
222577,Invalid Foreign Key: Order_Item_ID; Invalid Foreign Key: Product_ID,SA00222576,O0022576,OI00222576,2026-06-19,C002577,P00577,E00077,R017,2,2003.38,80.14,1923.24,1257.19,41.0,34.62
222614,Invalid Foreign Key: Order_Item_ID; Invalid Foreign Key: Product_ID,SA00222613,O0022613,OI00222613,2026-07-26,C002614,P00614,E00114,R014,4,805.71,48.34,757.36,502.3,78.0,13.63
222751,Invalid Foreign Key: Order_ID; Invalid Foreign Key: Order_Item_ID; Invalid Foreign Key: Employee_ID,SA00222750,O0022750,OI00222750,2025-12-10,C002751,P00751,E00251,R011,1,671.42,20.14,651.28,421.0,55.0,11.72
222842,Invalid Foreign Key: Order_Item_ID; Invalid Foreign Key: Product_ID,SA00222841,O0022841,OI00222841,2026-03-11,C002842,P00842,E00342,R002,2,1114.2,33.43,1080.77,698.28,66.0,19.45
222921,Invalid Foreign Key: Order_Item_ID; Invalid Foreign Key: Product_ID,SA00222920,O0022920,OI00222920,2026-05-29,C002921,P00921,E00421,R001,1,290.34,14.52,275.83,181.47,65.0,4.96
222991,Invalid Foreign Key: Order_ID; Invalid Foreign Key: Order_Item_ID; Invalid Foreign Key: Customer_ID,SA00222990,O0022990,OI00222990,2026-08-07,C002991,P00991,E00491,R011,1,1179.53,58.98,1120.55,740.38,55.0,20.17
222998,Invalid Foreign Key: Order_Item_ID; Invalid Foreign Key: Product_ID,SA00222997,O0022997,OI00222997,2026-08-14,C002998,P00998,E00498,R018,3,3805.33,190.27,3615.06,2388.81,62.0,65.07
223102,Invalid Foreign Key: Order_ID; Invalid Foreign Key: Order_Item_ID,SA00223101,O0023101,OI00223101,2025-11-26,C003102,P00102,E00102,R002,2,97.99,3.92,94.07,59.52,86.0,1.69
223148,Invalid Foreign Key: Order_ID; Invalid Foreign Key: Order_Item_ID; Invalid Foreign Key: Customer_ID,SA00223147,O0023147,OI00223147,2026-01-11,C003148,P00148,E00148,R008,3,1899.94,19.0,1880.94,1191.14,52.0,33.86
223251,Invalid Foreign Key: Order_ID; Invalid Foreign Key: Order_Item_ID; Invalid Foreign Key: Employee_ID,SA00223250,O0023250,OI00223250,2026-04-24,C003251,P00251,E00251,R011,1,671.42,40.29,631.14,421.0,75.0,11.36
223307,Invalid Foreign Key: Order_Item_ID; Invalid Foreign Key: Product_ID,SA00223306,O0023306,OI00223306,2026-06-19,C003307,P00307,E00307,R007,2,225.02,13.5,211.52,139.37,51.0,3.81
223318,Invalid Foreign Key: Order_ID; Invalid Foreign Key: Order_Item_ID,SA00223317,O0023317,OI00223317,2026-06-30,C003318,P00318,E00318,R018,3,756.71,22.7,734.01,472.54,62.0,13.21
223421,Invalid Foreign Key: Order_Item_ID; Invalid Foreign Key: Product_ID,SA00223420,O0023420,OI00223420,2025-10-11,C003421,P00421,E00421,R001,1,290.34,2.9,287.44,181.47,85.0,5.17
223499,Invalid Foreign Key: Order_Item_ID; Invalid Foreign Key: Product_ID,SA00223498,O0023498,OI00223498,2025-12-28,C003499,P00499,E00499,R019,4,5124.58,102.49,5022.09,3217.02,83.0,90.4
223577,Invalid Foreign Key: Order_Item_ID; Invalid Foreign Key: Product_ID,SA00223576,O0023576,OI00223576,2026-03-16,C003577,P00577,E00077,R017,2,2003.38,60.1,1943.28,1257.19,81.0,34.98
223614,Invalid Foreign Key: Order_Item_ID; Invalid Foreign Key: Product_ID,SA00223613,O0023613,OI00223613,2026-04-22,C003614,P00614,E00114,R014,4,805.71,40.29,765.42,502.3,38.0,13.78
223751,Invalid Foreign Key: Order_ID; Invalid Foreign Key: Order_Item_ID; Invalid Foreign Key: Employee_ID,SA00223750,O0023750,OI00223750,2025-09-06,C003751,P00751,E00251,R011,1,671.42,13.43,657.99,421.0,95.0,11.84
223842,Invalid Foreign Key: Order_Item_ID; Invalid Foreign Key: Product_ID,SA00223841,O0023841,OI00223841,2025-12-06,C003842,P00842,E00342,R002,2,1114.2,22.28,1091.91,698.28,26.0,19.65
223921,Invalid Foreign Key: Order_Item_ID; Invalid Foreign Key: Product_ID,SA00223920,O0023920,OI00223920,2026-02-23,C003921,P00921,E00421,R001,1,290.34,11.61,278.73,181.47,25.0,5.02
223935,Invalid Foreign Key: Order_ID; Invalid Foreign Key: Order_Item_ID; Invalid Foreign Key: Customer_ID,SA00223934,O0023934,OI00223934,2026-03-09,C003935,P00935,E00435,R015,5,2340.9,93.64,2247.27,1466.24,39.0,40.45
223988,Invalid Foreign Key: Order_ID; Invalid Foreign Key: Order_Item_ID; Invalid Foreign Key: Customer_ID,SA00223987,O0023987,OI00223987,2026-05-01,C003988,P00988,E00488,R008,3,3424.25,34.24,3390.01,2149.28,92.0,61.02
223998,Invalid Foreign Key: Order_Item_ID; Invalid Foreign Key: Product_ID,SA00223997,O0023997,OI00223997,2026-05-11,C003998,P00998,E00498,R018,3,3805.33,152.21,3653.12,2388.81,102.0,65.76
224033,Invalid Foreign Key: Order_Item_ID,SA00224032,O0024032,OI00224032,2026-06-15,C004033,P00033,E00033,R013,3,1328.33,53.13,1275.19,831.84,57.0,22.95
224057,Negative Value: Quantity; Negative Value: Gross_Sales; Negative Value: Net_Sales; Invalid Foreign Key: Order_Item_ID,SA00224056,O0024056,OI00224056,2026-07-09,C004057,P00057,E00057,R017,-2,-1495.28,0.0,-1495.28,937.81,81.0,0.0
224211,Invalid Foreign Key: Order_Item_ID,SA00224210,O0024210,OI00224210,2025-12-10,C004211,P00211,E00211,R011,1,163.32,0.0,163.32,101.62,75.0,2.94
224212,Invalid Foreign Key: Order_ID; Invalid Foreign Key: Order_Item_ID,SA00224211,O0024211,OI00224211,2025-12-11,C004212,P00212,E00212,R012,2,352.04,3.52,348.52,219.21,76.0,6.27
224251,Invalid Foreign Key: Order_ID; Invalid Foreign Key: Order_Item_ID; Invalid Foreign Key: Employee_ID,SA00224250,O0024250,OI00224250,2026-01-19,C004251,P00251,E00251,R011,1,671.42,33.57,637.85,421.0,35.0,11.48
224307,Invalid Foreign Key: Order_Item_ID; Invalid Foreign Key: Product_ID,SA00224306,O0024306,OI00224306,2026-03-16,C004307,P00307,E00307,R007,2,225.02,11.25,213.77,139.37,91.0,3.85
224421,Invalid Foreign Key: Order_Item_ID; Invalid Foreign Key: Product_ID,SA00224420,O0024420,OI00224420,2026-07-08,C004421,P00421,E00421,R001,1,290.34,0.0,290.34,181.47,45.0,5.23
224499,Invalid Foreign Key: Order_Item_ID; Invalid Foreign Key: Product_ID,SA00224498,O0024498,OI00224498,2025-09-24,C004499,P00499,E00499,R019,4,5124.58,51.25,5073.34,3217.02,43.0,91.32
224577,Invalid Foreign Key: Order_Item_ID; Invalid Foreign Key: Product_ID,SA00224576,O0024576,OI00224576,2025-12-11,C004577,P00577,E00077,R017,2,2003.38,40.07,1963.31,1257.19,41.0,35.34
224614,Invalid Foreign Key: Order_Item_ID; Invalid Foreign Key: Product_ID,SA00224613,O0024613,OI00224613,2026-01-17,C004614,P00614,E00114,R014,4,805.71,32.23,773.48,502.3,78.0,13.92
224722,Invalid Foreign Key: Order_ID; Invalid Foreign Key: Order_Item_ID; Invalid Foreign Key: Customer_ID,SA00224721,O0024721,OI00224721,2026-05-05,C004722,P00722,E00222,R002,2,606.09,0.0,606.09,378.9,26.0,10.91
224751,Invalid Foreign Key: Order_ID; Invalid Foreign Key: Order_Item_ID; Invalid Foreign Key: Employee_ID,SA00224750,O0024750,OI00224750,2026-06-03,C004751,P00751,E00251,R011,1,671.42,6.71,664.71,421.0,55.0,11.96
224842,Invalid Foreign Key: Order_Item_ID; Invalid Foreign Key: Product_ID,SA00224841,O0024841,OI00224841,2025-09-02,C004842,P00842,E00342,R002,2,1114.2,11.14,1103.06,698.28,66.0,19.86
224879,Invalid Foreign Key: Order_ID; Invalid Foreign Key: Order_Item_ID,SA00224878,O0024878,OI00224878,2025-10-09,C004879,P00879,E00379,R019,4,4108.38,123.25,3985.13,2578.26,103.0,71.73
224921,Invalid Foreign Key: Order_Item_ID; Invalid Foreign Key: Product_ID,SA00224920,O0024920,OI00224920,2025-11-20,C004921,P00921,E00421,R001,1,290.34,8.71,281.63,181.47,65.0,5.07
224985,Invalid Foreign Key: Order_ID; Invalid Foreign Key: Order_Item_ID; Invalid Foreign Key: Customer_ID,SA00224984,O0024984,OI00224984,2026-01-23,C004985,P00985,E00485,R005,5,5516.55,220.66,5295.89,3462.36,49.0,95.33
224998,Invalid Foreign Key: Order_Item_ID; Invalid Foreign Key: Product_ID,SA00224997,O0024997,OI00224997,2026-02-05,C004998,P00998,E00498,R018,3,3805.33,114.16,3691.17,2388.81,62.0,66.44
225136,Invalid Foreign Key: Order_Item_ID,SA00225135,O0025135,OI00225135,2026-06-23,C005136,P00136,E00136,R016,1,480.88,4.81,476.07,301.23,40.0,8.57
225251,Invalid Foreign Key: Order_ID; Invalid Foreign Key: Order_Item_ID; Invalid Foreign Key: Employee_ID,SA00225250,O0025250,OI00225250,2025-10-16,C005251,P00251,E00251,R011,1,671.42,26.86,644.57,421.0,75.0,11.6
225307,Invalid Foreign Key: Order_Item_ID; Invalid Foreign Key: Product_ID,SA00225306,O0025306,OI00225306,2025-12-11,C005307,P00307,E00307,R007,2,225.02,9.0,216.02,139.37,51.0,3.89
225421,Invalid Foreign Key: Order_Item_ID; Invalid Foreign Key: Product_ID,SA00225420,O0025420,OI00225420,2026-04-04,C005421,P00421,E00421,R001,1,290.34,17.42,272.92,181.47,85.0,4.91
225499,Invalid Foreign Key: Order_Item_ID; Invalid Foreign Key: Product_ID,SA00225498,O0025498,OI00225498,2026-06-21,C005499,P00499,E00499,R019,4,5124.58,0.0,5124.58,3217.02,83.0,92.24
225509,Invalid Foreign Key: Order_ID; Invalid Foreign Key: Order_Item_ID; Invalid Foreign Key: Customer_ID,SA00225508,O0025508,OI00225508,2026-07-01,C005509,P00509,E00009,R009,4,551.65,16.55,535.11,342.61,93.0,9.63
225577,Invalid Foreign Key: Order_Item_ID; Invalid Foreign Key: Product_ID,SA00225576,O0025576,OI00225576,2025-09-07,C005577,P00577,E00077,R017,2,2003.38,20.03,1983.34,1257.19,81.0,35.7
225614,Invalid Foreign Key: Order_Item_ID; Invalid Foreign Key: Product_ID,SA00225613,O0025613,OI00225613,2025-10-14,C005614,P00614,E00114,R014,4,805.71,24.17,781.54,502.3,38.0,14.07
225751,Invalid Foreign Key: Order_ID; Invalid Foreign Key: Order_Item_ID; Invalid Foreign Key: Employee_ID,SA00225750,O0025750,OI00225750,2026-02-28,C005751,P00751,E00251,R011,1,671.42,0.0,671.42,421.0,95.0,12.09
225842,Invalid Foreign Key: Order_Item_ID; Invalid Foreign Key: Product_ID,SA00225841,O0025841,OI00225841,2026-05-30,C005842,P00842,E00342,R002,2,1114.2,0.0,1114.2,698.28,26.0,20.06
225921,Invalid Foreign Key: Order_Item_ID; Invalid Foreign Key: Product_ID,SA00225920,O0025920,OI00225920,2026-08-17,C005921,P00921,E00421,R001,1,290.34,5.81,284.54,181.47,25.0,5.12
225982,Invalid Foreign Key: Order_ID; Invalid Foreign Key: Order_Item_ID; Invalid Foreign Key: Customer_ID,SA00225981,O0025981,OI00225981,2025-10-17,C005982,P00982,E00482,R002,2,2130.4,0.0,2130.4,1337.04,86.0,38.35
225998,Invalid Foreign Key: Order_Item_ID; Invalid Foreign Key: Product_ID,SA00225997,O0025997,OI00225997,2025-11-02,C005998,P00998,E00498,R018,3,3805.33,76.11,3729.22,2388.81,102.0,67.13
226251,Invalid Foreign Key: Order_ID; Invalid Foreign Key: Order_Item_ID; Invalid Foreign Key: Employee_ID,SA00226250,O0026250,OI00226250,2026-07-13,C006251,P00251,E00251,R011,1,671.42,20.14,651.28,421.0,35.0,11.72
226296,Invalid Foreign Key: Order_ID; Invalid Foreign Key: Order_Item_ID; Invalid Foreign Key: Customer_ID,SA00226295,O0026295,OI00226295,2026-08-27,C006296,P00296,E00296,R016,1,1243.04,74.58,1168.46,780.3,80.0,21.03
226307,Invalid Foreign Key: Order_Item_ID; Invalid Foreign Key: Product_ID,SA00226306,O0026306,OI00226306,2025-09-07,C006307,P00307,E00307,R007,2,225.02,6.75,218.27,139.37,91.0,3.93
226413,Invalid Foreign Key: Order_ID; Invalid Foreign Key: Order_Item_ID,SA00226412,O0026412,OI00226412,2025-12-22,C006413,P00413,E00413,R013,3,566.17,22.65,543.53,352.77,37.0,9.78
226421,Invalid Foreign Key: Order_Item_ID; Invalid Foreign Key: Product_ID,SA00226420,O0026420,OI00226420,2025-12-30,C006421,P00421,E00421,R001,1,290.34,14.52,275.83,181.47,45.0,4.96
226499,Invalid Foreign Key: Order_Item_ID; Invalid Foreign Key: Product_ID,SA00226498,O0026498,OI00226498,2026-03-18,C006499,P00499,E00499,R019,4,5124.58,307.48,4817.11,3217.02,43.0,86.71
226577,Invalid Foreign Key: Order_Item_ID; Invalid Foreign Key: Product_ID,SA00226576,O0026576,OI00226576,2026-06-04,C006577,P00577,E00077,R017,2,2003.38,0.0,2003.38,1257.19,41.0,36.06
226614,Invalid Foreign Key: Order_Item_ID; Invalid Foreign Key: Product_ID,SA00226613,O0026613,OI00226613,2026-07-11,C006614,P00614,E00114,R014,4,805.71,16.11,789.59,502.3,78.0,14.21
226649,Invalid Foreign Key: Order_ID; Invalid Foreign Key: Order_Item_ID,SA00226648,O0026648,OI00226648,2026-08-15,C006649,P00649,E00149,R009,4,2584.07,51.68,2532.39,1620.12,33.0,45.58
226656,Invalid Foreign Key: Order_ID; Invalid Foreign Key: Order_Item_ID,SA00226655,O0026655,OI00226655,2026-08-22,C006656,P00656,E00156,R016,1,734.94,14.7,720.24,460.92,40.0,12.96
226751,Invalid Foreign Key: Order_ID; Invalid Foreign Key: Order_Item_ID; Invalid Foreign Key: Employee_ID,SA00226750,O0026750,OI00226750,2025-11-25,C006751,P00751,E00251,R011,1,671.42,40.29,631.14,421.0,55.0,11.36
226842,Invalid Foreign Key: Order_Item_ID; Invalid Foreign Key: Product_ID,SA00226841,O0026841,OI00226841,2026-02-24,C006842,P00842,E00342,R002,2,1114.2,66.85,1047.35,698.28,66.0,18.85
226921,Invalid Foreign Key: Order_Item_ID; Invalid Foreign Key: Product_ID,SA00226920,O0026920,OI00226920,2026-05-14,C006921,P00921,E00421,R001,1,290.34,2.9,287.44,181.47,65.0,5.17
226979,Invalid Foreign Key: Order_ID; Invalid Foreign Key: Order_Item_ID; Invalid Foreign Key: Customer_ID,SA00226978,O0026978,OI00226978,2026-07-11,C006979,P00979,E00479,R019,4,4108.38,123.25,3985.13,2578.26,43.0,71.73
226998,Invalid Foreign Key: Order_Item_ID; Invalid Foreign Key: Product_ID,SA00226997,O0026997,OI00226997,2026-07-30,C006998,P00998,E00498,R018,3,3805.33,38.05,3767.28,2388.81,62.0,67.81
227083,Invalid Foreign Key: Order_ID; Invalid Foreign Key: Order_Item_ID; Invalid Foreign Key: Customer_ID,SA00227082,O0027082,OI00227082,2025-10-23,C007083,P00083,E00083,R003,3,3233.71,64.67,3169.04,2029.51,67.0,57.04
227251,Invalid Foreign Key: Order_ID; Invalid Foreign Key: Order_Item_ID; Invalid Foreign Key: Employee_ID,SA00227250,O0027250,OI00227250,2026-04-09,C007251,P00251,E00251,R011,1,671.42,13.43,657.99,421.0,75.0,11.84
227307,Invalid Foreign Key: Order_Item_ID; Invalid Foreign Key: Product_ID,SA00227306,O0027306,OI00227306,2026-06-04,C007307,P00307,E00307,R007,2,225.02,4.5,220.52,139.37,51.0,3.97
227414,Invalid Foreign Key: Order_Item_ID,SA00227413,O0027413,OI00227413,2025-09-19,C007414,P00414,E00414,R014,4,805.71,32.23,773.48,502.3,78.0,13.92
227421,Invalid Foreign Key: Order_Item_ID; Invalid Foreign Key: Product_ID,SA00227420,O0027420,OI00227420,2025-09-26,C007421,P00421,E00421,R001,1,290.34,11.61,278.73,344.78,85.0,5.02
227499,Invalid Foreign Key: Order_Item_ID; Invalid Foreign Key: Product_ID,SA00227498,O0027498,OI00227498,2025-12-13,C007499,P00499,E00499,R019,4,5124.58,256.23,4868.36,3217.02,83.0,87.63
227577,Invalid Foreign Key: Order_Item_ID; Invalid Foreign Key: Product_ID,SA00227576,O0027576,OI00227576,2026-03-01,C007577,P00577,E00077,R017,2,2003.38,120.2,1883.18,1257.19,81.0,33.9
227614,Invalid Foreign Key: Order_Item_ID; Invalid Foreign Key: Product_ID,SA00227613,O0027613,OI00227613,2026-04-07,C007614,P00614,E00114,R014,4,805.71,8.06,797.65,502.3,38.0,14.36
227751,Invalid Foreign Key: Order_ID; Invalid Foreign Key: Order_Item_ID; Invalid Foreign Key: Employee_ID,SA00227750,O0027750,OI00227750,2026-08-22,C007751,P00751,E00251,R011,1,671.42,33.57,637.85,421.0,95.0,11.48
227842,Invalid Foreign Key: Order_Item_ID; Invalid Foreign Key: Product_ID,SA00227841,O0027841,OI00227841,2025-11-21,C007842,P00842,E00342,R002,2,1114.2,55.71,1058.49,698.28,26.0,19.05
227870,Invalid Foreign Key: Order_ID; Invalid Foreign Key: Order_Item_ID; Invalid Foreign Key: Customer_ID,SA00227869,O0027869,OI00227869,2025-12-19,C007870,P00870,E00370,R010,5,4563.86,228.19,4335.66,2863.52,54.0,78.04
227921,Invalid Foreign Key: Order_Item_ID; Invalid Foreign Key: Product_ID,SA00227920,O0027920,OI00227920,2026-02-08,C007921,P00921,E00421,R001,1,290.34,0.0,290.34,181.47,25.0,5.23
227976,Invalid Foreign Key: Order_ID; Invalid Foreign Key: Order_Item_ID; Invalid Foreign Key: Customer_ID,SA00227975,O0027975,OI00227975,2026-04-04,C007976,P00976,E00476,R016,1,988.99,59.34,929.65,620.61,80.0,16.73
227998,Invalid Foreign Key: Order_Item_ID; Invalid Foreign Key: Product_ID,SA00227997,O0027997,OI00227997,2026-04-26,C007998,P00998,E00498,R018,3,3805.33,0.0,3805.33,2388.81,102.0,68.5
228058,Negative Value: Quantity; Negative Value: Gross_Sales; Negative Value: Net_Sales; Invalid Foreign Key: Order_Item_ID,SA00228057,O0028057,OI00228057,2026-06-25,C008058,P00058,E00058,R018,-2,-1520.68,-60.83,-1459.85,953.78,82.0,0.0
228251,Invalid Foreign Key: Order_ID; Invalid Foreign Key: Order_Item_ID; Invalid Foreign Key: Employee_ID,SA00228250,O0028250,OI00228250,2026-01-04,C008251,P00251,E00251,R011,1,671.42,6.71,664.71,421.0,35.0,11.96
228307,Invalid Foreign Key: Order_Item_ID; Invalid Foreign Key: Product_ID,SA00228306,O0028306,OI00228306,2026-03-01,C008307,P00307,E00307,R007,2,225.02,2.25,222.77,139.37,91.0,4.01
228421,Invalid Foreign Key: Order_Item_ID; Invalid Foreign Key: Product_ID,SA00228420,O0028420,OI00228420,2026-06-23,C008421,P00421,E00421,R001,1,290.34,8.71,281.63,181.47,45.0,5.07
228433,Invalid Foreign Key: Order_ID; Invalid Foreign Key: Order_Item_ID,SA00228432,O0028432,OI00228432,2026-07-05,C008433,P00433,E00433,R013,3,1328.33,13.28,1315.04,831.84,57.0,23.67
228499,Invalid Foreign Key: Order_Item_ID; Invalid Foreign Key: Product_ID,SA00228498,O0028498,OI00228498,2025-09-09,C008499,P00499,E00499,R019,4,5124.58,204.98,4919.6,3217.02,43.0,88.55
228577,Invalid Foreign Key: Order_Item_ID; Invalid Foreign Key: Product_ID,SA00228576,O0028576,OI00228576,2025-11-26,C008577,P00577,E00077,R017,2,2003.38,100.17,1903.21,1257.19,41.0,34.26
228614,Invalid Foreign Key: Order_ID; Invalid Foreign Key: Order_Item_ID; Invalid Foreign Key: Product_ID,SA00228613,O0028613,OI00228613,2026-01-02,C008614,P00614,E00114,R014,4,805.71,0.0,805.71,502.3,78.0,14.5
228657,Invalid Foreign Key: Order_ID; Invalid Foreign Key: Order_Item_ID; Invalid Foreign Key: Customer_ID,SA00228656,O0028656,OI00228656,2026-02-14,C008657,P00657,E00157,R017,2,1495.28,14.95,1480.32,937.81,41.0,26.65
228751,Invalid Foreign Key: Order_ID; Invalid Foreign Key: Order_Item_ID; Invalid Foreign Key: Employee_ID,SA00228750,O0028750,OI00228750,2026-05-19,C008751,P00751,E00251,R011,1,671.42,26.86,644.57,421.0,55.0,11.6
228842,Invalid Foreign Key: Order_Item_ID; Invalid Foreign Key: Product_ID,SA00228841,O0028841,OI00228841,2026-08-18,C008842,P00842,E00342,R002,2,1114.2,44.57,1069.63,698.28,66.0,19.25
228921,Invalid Foreign Key: Order_Item_ID; Invalid Foreign Key: Product_ID,SA00228920,O0028920,OI00228920,2025-11-05,C008921,P00921,E00421,R001,1,290.34,17.42,272.92,181.47,65.0,4.91
228973,Invalid Foreign Key: Order_ID; Invalid Foreign Key: Order_Item_ID; Invalid Foreign Key: Customer_ID,SA00228972,O0028972,OI00228972,2025-12-27,C008973,P00973,E00473,R013,3,2852.64,57.05,2795.58,1789.98,37.0,50.32
228998,Invalid Foreign Key: Order_Item_ID; Invalid Foreign Key: Product_ID,SA00228997,O0028997,OI00228997,2026-01-21,C008998,P00998,E00498,R018,3,3805.33,228.32,3577.01,2388.81,62.0,64.39
229251,Invalid Foreign Key: Order_ID; Invalid Foreign Key: Order_Item_ID; Invalid Foreign Key: Employee_ID,SA00229250,O0029250,OI00229250,2025-10-01,C009251,P00251,E00251,R011,1,671.42,0.0,671.42,421.0,75.0,12.09
229307,Invalid Foreign Key: Order_Item_ID; Invalid Foreign Key: Product_ID,SA00229306,O0029306,OI00229306,2025-11-26,C009307,P00307,E00307,R007,2,225.02,0.0,225.02,139.37,51.0,4.05
229421,Invalid Foreign Key: Order_Item_ID; Invalid Foreign Key: Product_ID,SA00229420,O0029420,OI00229420,2026-03-20,C009421,P00421,E00421,R001,1,290.34,5.81,284.54,181.47,85.0,5.12
229444,Invalid Foreign Key: Order_ID; Invalid Foreign Key: Order_Item_ID; Invalid Foreign Key: Customer_ID,SA00229443,O0029443,OI00229443,2026-04-12,C009444,P00444,E00444,R004,4,2330.02,93.2,2236.82,1460.43,28.0,40.26
229499,Invalid Foreign Key: Order_Item_ID; Invalid Foreign Key: Product_ID,SA00229498,O0029498,OI00229498,2026-06-06,C009499,P00499,E00499,R019,4,5124.58,153.74,4970.85,3217.02,83.0,89.48
229577,Invalid Foreign Key: Order_Item_ID; Invalid Foreign Key: Product_ID,SA00229576,O0029576,OI00229576,2026-08-23,C009577,P00577,E00077,R017,2,2003.38,80.14,1923.24,1257.19,81.0,34.62
229614,Invalid Foreign Key: Order_Item_ID; Invalid Foreign Key: Product_ID,SA00229613,O0029613,OI00229613,2025-09-29,C009614,P00614,E00114,R014,4,805.71,48.34,757.36,502.3,38.0,13.63
229751,Invalid Foreign Key: Order_ID; Invalid Foreign Key: Order_Item_ID; Invalid Foreign Key: Employee_ID,SA00229750,O0029750,OI00229750,2026-02-13,C009751,P00751,E00251,R011,1,671.42,20.14,651.28,421.0,95.0,11.72
229842,Invalid Foreign Key: Order_Item_ID; Invalid Foreign Key: Product_ID,SA00229841,O0029841,OI00229841,2026-05-15,C009842,P00842,E00342,R002,2,1114.2,33.43,1080.77,698.28,26.0,19.45
229921,Invalid Foreign Key: Order_Item_ID; Invalid Foreign Key: Product_ID,SA00229920,O0029920,OI00229920,2026-08-02,C009921,P00921,E00421,R001,1,290.34,14.52,275.83,181.47,25.0,4.96
229970,Invalid Foreign Key: Order_ID; Invalid Foreign Key: Order_Item_ID; Invalid Foreign Key: Customer_ID,SA00229969,O0029969,OI00229969,2025-09-20,C009970,P00970,E00470,R010,5,4563.86,228.19,4335.66,2863.52,74.0,78.04
229980,Invalid Foreign Key: Order_ID; Invalid Foreign Key: Order_Item_ID,SA00229979,O0029979,OI00229979,2025-09-30,C009980,P00980,E00480,R020,5,5198.99,51.99,5147.0,3262.75,84.0,92.65
229998,Invalid Foreign Key: Order_Item_ID; Invalid Foreign Key: Product_ID,SA00229997,O0029997,OI00229997,2025-10-18,C009998,P00998,E00498,R018,3,3805.33,190.27,3615.06,2388.81,102.0,65.07
230022,Invalid Foreign Key: Order_ID; Invalid Foreign Key: Order_Item_ID,SA00230021,O0030021,OI00230021,2025-11-11,C010022,P00022,E00022,R002,2,606.09,6.06,600.03,378.9,46.0,10.8
230139,Invalid Foreign Key: Order_Item_ID,SA00230138,O0030138,OI00230138,2026-03-08,C010139,P00139,E00139,R019,4,2075.96,124.56,1951.41,1300.74,83.0,35.13
230210,Invalid Foreign Key: Order_ID; Invalid Foreign Key: Order_Item_ID,SA00230209,O0030209,OI00230209,2026-05-18,C010210,P00210,E00210,R010,5,753.08,0.0,753.08,468.18,74.0,13.56
230231,Invalid Foreign Key: Order_ID; Invalid Foreign Key: Order_Item_ID; Invalid Foreign Key: Customer_ID,SA00230230,O0030230,OI00230230,2026-06-08,C010231,P00231,E00231,R011,1,417.37,0.0,417.37,261.31,95.0,7.51
230251,Invalid Foreign Key: Order_ID; Invalid Foreign Key: Order_Item_ID; Invalid Foreign Key: Employee_ID,SA00230250,O0030250,OI00230250,2026-06-28,C010251,P00251,E00251,R011,1,671.42,40.29,631.14,421.0,35.0,11.36
230307,Invalid Foreign Key: Order_Item_ID; Invalid Foreign Key: Product_ID,SA00230306,O0030306,OI00230306,2026-08-23,C010307,P00307,E00307,R007,2,225.02,13.5,211.52,139.37,91.0,3.81
230421,Invalid Foreign Key: Order_Item_ID; Invalid Foreign Key: Product_ID,SA00230420,O0030420,OI00230420,2025-12-15,C010421,P00421,E00421,R001,1,290.34,2.9,287.44,181.47,45.0,5.17
230499,Invalid Foreign Key: Order_Item_ID; Invalid Foreign Key: Product_ID,SA00230498,O0030498,OI00230498,2026-03-03,C010499,P00499,E00499,R019,4,5124.58,102.49,5022.09,3217.02,43.0,90.4
230577,Invalid Foreign Key: Order_Item_ID; Invalid Foreign Key: Product_ID,SA00230576,O0030576,OI00230576,2026-05-20,C010577,P00577,E00077,R017,2,2003.38,60.1,1943.28,1257.19,41.0,34.98
230614,Invalid Foreign Key: Order_Item_ID; Invalid Foreign Key: Product_ID,SA00230613,O0030613,OI00230613,2026-06-26,C010614,P00614,E00114,R014,4,805.71,40.29,765.42,502.3,78.0,13.78
230617,Invalid Foreign Key: Order_Item_ID,SA00230616,O0030616,OI00230616,2026-06-29,C010617,P00617,E00117,R017,2,479.07,4.79,474.28,299.06,81.0,8.54
230751,Invalid Foreign Key: Order_ID; Invalid Foreign Key: Order_Item_ID; Invalid Foreign Key: Employee_ID,SA00230750,O0030750,OI00230750,2025-11-10,C010751,P00751,E00251,R011,1,671.42,13.43,657.99,421.0,55.0,11.84
230815,Invalid Foreign Key: Order_ID; Invalid Foreign Key: Order_Item_ID,SA00230814,O0030814,OI00230814,2026-01-13,C010815,P00815,E00315,R015,5,1070.65,32.12,1038.53,667.79,39.0,18.69
230842,Invalid Foreign Key: Order_Item_ID; Invalid Foreign Key: Product_ID,SA00230841,O0030841,OI00230841,2026-02-09,C010842,P00842,E00342,R002,2,1114.2,22.28,1091.91,698.28,66.0,19.65
230921,Invalid Foreign Key: Order_Item_ID; Invalid Foreign Key: Product_ID,SA00230920,O0030920,OI00230920,2026-04-29,C010921,P00921,E00421,R001,1,290.34,11.61,278.73,181.47,65.0,5.02
230967,Invalid Foreign Key: Order_ID; Invalid Foreign Key: Order_Item_ID; Invalid Foreign Key: Customer_ID,SA00230966,O0030966,OI00230966,2026-06-14,C010967,P00967,E00467,R007,2,1749.33,17.49,1731.83,1097.5,31.0,31.17
230998,Invalid Foreign Key: Order_Item_ID; Invalid Foreign Key: Product_ID,SA00230997,O0030997,OI00230997,2026-07-15,C010998,P00998,E00498,R018,3,3805.33,152.21,3653.12,2388.81,62.0,65.76
231018,Invalid Foreign Key: Order_ID; Invalid Foreign Key: Order_Item_ID; Invalid Foreign Key: Customer_ID,SA00231017,O0031017,OI00231017,2026-08-04,C011018,P00018,E00018,R018,3,756.71,22.7,734.01,472.54,82.0,13.21
231034,Invalid Foreign Key: Order_Item_ID,SA00231033,O0031033,OI00231033,2026-08-20,C011034,P00034,E00034,R014,4,1821.91,91.1,1730.82,1141.05,98.0,31.15
231251,Invalid Foreign Key: Order_ID; Invalid Foreign Key: Order_Item_ID; Invalid Foreign Key: Employee_ID,SA00231250,O0031250,OI00231250,2026-03-25,C011251,P00251,E00251,R011,1,671.42,33.57,637.85,421.0,75.0,11.48
231307,Invalid Foreign Key: Order_Item_ID; Invalid Foreign Key: Product_ID,SA00231306,O0031306,OI00231306,2026-05-20,C011307,P00307,E00307,R007,2,225.02,11.25,213.77,139.37,51.0,3.85
231421,Invalid Foreign Key: Order_Item_ID; Invalid Foreign Key: Product_ID,SA00231420,O0031420,OI00231420,2025-09-11,C011421,P00421,E00421,R001,1,290.34,0.0,290.34,181.47,85.0,5.23
231499,Invalid Foreign Key: Order_Item_ID; Invalid Foreign Key: Product_ID,SA00231498,O0031498,OI00231498,2025-11-28,C011499,P00499,E00499,R019,4,5124.58,51.25,5073.34,3217.02,83.0,91.32
231577,Invalid Foreign Key: Order_Item_ID; Invalid Foreign Key: Product_ID,SA00231576,O0031576,OI00231576,2026-02-14,C011577,P00577,E00077,R017,2,2003.38,40.07,1963.31,1257.19,81.0,35.34
231614,Invalid Foreign Key: Order_Item_ID; Invalid Foreign Key: Product_ID,SA00231613,O0031613,OI00231613,2026-03-23,C011614,P00614,E00114,R014,4,805.71,32.23,773.48,502.3,38.0,13.92
231751,Invalid Foreign Key: Order_ID; Invalid Foreign Key: Order_Item_ID; Invalid Foreign Key: Employee_ID,SA00231750,O0031750,OI00231750,2026-08-07,C011751,P00751,E00251,R011,1,671.42,6.71,664.71,421.0,95.0,11.96
231805,Invalid Foreign Key: Order_ID; Invalid Foreign Key: Order_Item_ID; Invalid Foreign Key: Customer_ID,SA00231804,O0031804,OI00231804,2025-09-30,C011805,P00805,E00305,R005,5,435.52,26.13,409.39,510.28,69.0,7.37
231842,Invalid Foreign Key: Order_Item_ID; Invalid Foreign Key: Product_ID,SA00231841,O0031841,OI00231841,2025-11-06,C011842,P00842,E00342,R002,2,1114.2,11.14,1103.06,698.28,26.0,19.86
231921,Invalid Foreign Key: Order_Item_ID; Invalid Foreign Key: Product_ID,SA00231920,O0031920,OI00231920,2026-01-24,C011921,P00921,E00421,R001,1,290.34,8.71,281.63,181.47,25.0,5.07
231964,Invalid Foreign Key: Order_ID; Invalid Foreign Key: Order_Item_ID; Invalid Foreign Key: Customer_ID,SA00231963,O0031963,OI00231963,2026-03-08,C011964,P00964,E00464,R004,4,3346.22,133.85,3212.37,2099.19,68.0,57.82
231987,Invalid Foreign Key: Order_ID; Invalid Foreign Key: Order_Item_ID,SA00231986,O0031986,OI00231986,2026-03-31,C011987,P00987,E00487,R007,2,2257.43,135.45,2121.98,1416.88,91.0,38.2
231998,Invalid Foreign Key: Order_Item_ID; Invalid Foreign Key: Product_ID,SA00231997,O0031997,OI00231997,2026-04-11,C011998,P00998,E00498,R018,3,3805.33,114.16,3691.17,2388.81,102.0,66.44
232059,Negative Value: Quantity; Negative Value: Gross_Sales; Negative Value: Net_Sales; Invalid Foreign Key: Order_Item_ID,SA00232058,O0032058,OI00232058,2026-06-11,C012059,P00059,E00059,R019,-2,-1546.09,-15.46,-1530.62,969.75,83.0,0.0
232251,Invalid Foreign Key: Order_ID; Invalid Foreign Key: Order_Item_ID; Invalid Foreign Key: Employee_ID,SA00232250,O0032250,OI00232250,2025-12-20,C012251,P00251,E00251,R011,1,671.42,26.86,644.57,421.0,35.0,11.6
232307,Invalid Foreign Key: Order_Item_ID; Invalid Foreign Key: Product_ID,SA00232306,O0032306,OI00232306,2026-02-14,C012307,P00307,E00307,R007,2,225.02,9.0,216.02,139.37,91.0,3.89
232421,Invalid Foreign Key: Order_Item_ID; Invalid Foreign Key: Product_ID,SA00232420,O0032420,OI00232420,2026-06-08,C012421,P00421,E00421,R001,1,290.34,17.42,272.92,181.47,45.0,4.91
232499,Invalid Foreign Key: Order_Item_ID; Invalid Foreign Key: Product_ID,SA00232498,O0032498,OI00232498,2026-08-25,C012499,P00499,E00499,R019,4,5124.58,0.0,5124.58,3217.02,43.0,92.24
232577,Invalid Foreign Key: Order_Item_ID; Invalid Foreign Key: Product_ID,SA00232576,O0032576,OI00232576,2025-11-11,C012577,P00577,E00077,R017,2,2003.38,20.03,1983.34,1257.19,41.0,35.7
232592,Invalid Foreign Key: Order_ID; Invalid Foreign Key: Order_Item_ID; Invalid Foreign Key: Customer_ID,SA00232591,O0032591,OI00232591,2025-11-26,C012592,P00592,E00092,R012,2,2384.46,47.69,2336.77,1496.73,56.0,42.06
232614,Invalid Foreign Key: Order_Item_ID; Invalid Foreign Key: Product_ID,SA00232613,O0032613,OI00232613,2025-12-18,C012614,P00614,E00114,R014,4,805.71,24.17,781.54,502.3,78.0,14.07
232751,Invalid Foreign Key: Order_ID; Invalid Foreign Key: Order_Item_ID; Invalid Foreign Key: Employee_ID,SA00232750,O0032750,OI00232750,2026-05-04,C012751,P00751,E00251,R011,1,671.42,0.0,671.42,421.0,55.0,12.09
232842,Invalid Foreign Key: Order_Item_ID; Invalid Foreign Key: Product_ID,SA00232841,O0032841,OI00232841,2026-08-03,C012842,P00842,E00342,R002,2,1114.2,0.0,1114.2,698.28,66.0,20.06
232921,Invalid Foreign Key: Order_Item_ID; Invalid Foreign Key: Product_ID,SA00232920,O0032920,OI00232920,2025-10-21,C012921,P00921,E00421,R001,1,290.34,5.81,284.54,181.47,65.0,5.12
232961,Invalid Foreign Key: Order_ID; Invalid Foreign Key: Order_Item_ID; Invalid Foreign Key: Customer_ID,SA00232960,O0032960,OI00232960,2025-11-30,C012961,P00961,E00461,R001,1,798.45,0.0,798.45,500.84,25.0,14.37
232998,Invalid Foreign Key: Order_Item_ID; Invalid Foreign Key: Product_ID,SA00232997,O0032997,OI00232997,2026-01-06,C012998,P00998,E00498,R018,3,3805.33,76.11,3729.22,2388.81,62.0,67.13
233016,Invalid Foreign Key: Order_ID; Invalid Foreign Key: Order_Item_ID,SA00233015,O0033015,OI00233015,2026-01-24,C013016,P00016,E00016,R016,1,226.83,13.61,213.22,141.54,80.0,3.84
233251,Invalid Foreign Key: Order_ID; Invalid Foreign Key: Order_Item_ID; Invalid Foreign Key: Employee_ID,SA00233250,O0033250,OI00233250,2025-09-16,C013251,P00251,E00251,R011,1,671.42,20.14,651.28,421.0,75.0,11.72
233307,Invalid Foreign Key: Order_Item_ID; Invalid Foreign Key: Product_ID,SA00233306,O0033306,OI00233306,2025-11-11,C013307,P00307,E00307,R007,2,225.02,6.75,218.27,139.37,51.0,3.93
233311,Invalid Foreign Key: Order_ID; Invalid Foreign Key: Order_Item_ID,SA00233310,O0033310,OI00233310,2025-11-15,C013311,P00311,E00311,R011,1,163.32,0.0,163.32,101.62,55.0,2.94
233379,Invalid Foreign Key: Order_ID; Invalid Foreign Key: Order_Item_ID; Invalid Foreign Key: Customer_ID,SA00233378,O0033378,OI00233378,2026-01-22,C013379,P00379,E00379,R019,4,4108.38,205.42,3902.96,2578.26,43.0,70.25
233421,Invalid Foreign Key: Order_Item_ID; Invalid Foreign Key: Product_ID,SA00233420,O0033420,OI00233420,2026-03-05,C013421,P00421,E00421,R001,1,290.34,14.52,275.83,181.47,85.0,4.96
233499,Invalid Foreign Key: Order_Item_ID; Invalid Foreign Key: Product_ID,SA00233498,O0033498,OI00233498,2026-05-22,C013499,P00499,E00499,R019,4,5124.58,307.48,4817.11,3217.02,83.0,86.71
233577,Invalid Foreign Key: Order_Item_ID; Invalid Foreign Key: Product_ID,SA00233576,O0033576,OI00233576,2026-08-08,C013577,P00577,E00077,R017,2,2003.38,0.0,2003.38,1257.19,81.0,36.06
233614,Invalid Foreign Key: Order_Item_ID; Invalid Foreign Key: Product_ID,SA00233613,O0033613,OI00233613,2025-09-14,C013614,P00614,E00114,R014,4,805.71,16.11,789.59,502.3,38.0,14.21
233751,Invalid Foreign Key: Order_ID; Invalid Foreign Key: Order_Item_ID; Invalid Foreign Key: Employee_ID,SA00233750,O0033750,OI00233750,2026-01-29,C013751,P00751,E00251,R011,1,671.42,40.29,631.14,421.0,95.0,11.36
233764,Invalid Foreign Key: Order_ID; Invalid Foreign Key: Order_Item_ID,SA00233763,O0033763,OI00233763,2026-02-11,C013764,P00764,E00264,R004,4,3346.22,167.31,3178.91,2099.19,28.0,57.22
233820,Invalid Foreign Key: Order_Item_ID,SA00233819,O0033819,OI00233819,2026-04-08,C013820,P00820,E00320,R020,5,1388.21,69.41,1318.8,867.4,84.0,23.74
233842,Invalid Foreign Key: Order_Item_ID; Invalid Foreign Key: Product_ID,SA00233841,O0033841,OI00233841,2026-04-30,C013842,P00842,E00342,R002,2,1114.2,66.85,1047.35,698.28,26.0,18.85
233921,Invalid Foreign Key: Order_Item_ID; Invalid Foreign Key: Product_ID,SA00233920,O0033920,OI00233920,2026-07-18,C013921,P00921,E00421,R001,1,290.34,2.9,287.44,181.47,25.0,5.17
233958,Invalid Foreign Key: Order_ID; Invalid Foreign Key: Order_Item_ID; Invalid Foreign Key: Customer_ID,SA00233957,O0033957,OI00233957,2026-08-24,C013958,P00958,E00458,R018,3,2281.02,68.43,2212.59,1430.67,62.0,39.83
233998,Invalid Foreign Key: Order_Item_ID; Invalid Foreign Key: Product_ID,SA00233997,O0033997,OI00233997,2025-10-03,C013998,P00998,E00498,R018,3,3805.33,38.05,3767.28,2388.81,102.0,67.81
234166,Invalid Foreign Key: Order_ID; Invalid Foreign Key: Order_Item_ID; Invalid Foreign Key: Customer_ID,SA00234165,O0034165,OI00234165,2026-03-20,C014166,P00166,E00166,R006,1,861.96,8.62,853.34,540.77,30.0,15.36
234251,Invalid Foreign Key: Order_ID; Invalid Foreign Key: Order_Item_ID; Invalid Foreign Key: Employee_ID,SA00234250,O0034250,OI00234250,2026-06-13,C014251,P00251,E00251,R011,1,671.42,13.43,657.99,421.0,35.0,11.84
234307,Invalid Foreign Key: Order_Item_ID; Invalid Foreign Key: Product_ID,SA00234306,O0034306,OI00234306,2026-08-08,C014307,P00307,E00307,R007,2,225.02,4.5,220.52,139.37,91.0,3.97
234421,Invalid Foreign Key: Order_Item_ID; Invalid Foreign Key: Product_ID,SA00234420,O0034420,OI00234420,2025-11-30,C014421,P00421,E00421,R001,1,290.34,11.61,278.73,181.47,45.0,5.02
234499,Invalid Foreign Key: Order_Item_ID; Invalid Foreign Key: Product_ID,SA00234498,O0034498,OI00234498,2026-02-16,C014499,P00499,E00499,R019,4,5124.58,256.23,4868.36,3217.02,43.0,87.63
234577,Invalid Foreign Key: Order_Item_ID; Invalid Foreign Key: Product_ID,SA00234576,O0034576,OI00234576,2026-05-05,C014577,P00577,E00077,R017,2,2003.38,120.2,1883.18,1257.19,41.0,33.9
234614,Invalid Foreign Key: Order_Item_ID; Invalid Foreign Key: Product_ID,SA00234613,O0034613,OI00234613,2026-06-11,C014614,P00614,E00114,R014,4,805.71,8.06,797.65,502.3,78.0,14.36
234751,Invalid Foreign Key: Order_ID; Invalid Foreign Key: Order_Item_ID; Invalid Foreign Key: Employee_ID,SA00234750,O0034750,OI00234750,2025-10-26,C014751,P00751,E00251,R011,1,671.42,33.57,637.85,421.0,55.0,11.48
234842,Invalid Foreign Key: Order_Item_ID; Invalid Foreign Key: Product_ID,SA00234841,O0034841,OI00234841,2026-01-25,C014842,P00842,E00342,R002,2,1114.2,55.71,1058.49,698.28,66.0,19.05
234921,Invalid Foreign Key: Order_Item_ID; Invalid Foreign Key: Product_ID,SA00234920,O0034920,OI00234920,2026-04-14,C014921,P00921,E00421,R001,1,290.34,0.0,290.34,181.47,65.0,5.23
234953,Invalid Foreign Key: Order_ID; Invalid Foreign Key: Order_Item_ID; Invalid Foreign Key: Customer_ID,SA00234952,O0034952,OI00234952,2026-05-16,C014953,P00953,E00453,R013,3,2090.48,83.62,2006.86,1310.91,97.0,36.12
234955,Invalid Foreign Key: Order_ID; Invalid Foreign Key: Order_Item_ID; Invalid Foreign Key: Customer_ID,SA00234954,O0034954,OI00234954,2026-05-18,C014955,P00955,E00455,R015,5,3611.16,216.67,3394.49,2264.69,99.0,61.1
234998,Invalid Foreign Key: Order_Item_ID; Invalid Foreign Key: Product_ID,SA00234997,O0034997,OI00234997,2026-06-30,C014998,P00998,E00498,R018,3,3805.33,0.0,3805.33,2388.81,62.0,68.5
235142,Invalid Foreign Key: Order_Item_ID,SA00235141,O0035141,OI00235141,2025-11-21,C015142,P00142,E00142,R002,2,1114.2,44.57,1069.63,698.28,46.0,19.25
235217,Invalid Foreign Key: Order_ID; Invalid Foreign Key: Order_Item_ID,SA00235216,O0035216,OI00235216,2026-02-04,C015217,P00217,E00217,R017,2,479.07,9.58,469.49,299.06,41.0,8.45
235251,Invalid Foreign Key: Order_ID; Invalid Foreign Key: Order_Item_ID; Invalid Foreign Key: Employee_ID,SA00235250,O0035250,OI00235250,2026-03-10,C015251,P00251,E00251,R011,1,671.42,6.71,664.71,421.0,75.0,11.96
235307,Invalid Foreign Key: Order_Item_ID; Invalid Foreign Key: Product_ID,SA00235306,O0035306,OI00235306,2026-05-05,C015307,P00307,E00307,R007,2,225.02,2.25,222.77,139.37,51.0,4.01
235421,Invalid Foreign Key: Order_Item_ID; Invalid Foreign Key: Product_ID,SA00235420,O0035420,OI00235420,2026-08-27,C015421,P00421,E00421,R001,1,290.34,8.71,281.63,181.47,85.0,5.07
235499,Invalid Foreign Key: Order_Item_ID; Invalid Foreign Key: Product_ID,SA00235498,O0035498,OI00235498,2025-11-13,C015499,P00499,E00499,R019,4,5124.58,204.98,4919.6,3217.02,83.0,88.55
235541,Invalid Foreign Key: Order_ID; Invalid Foreign Key: Order_Item_ID,SA00235540,O0035540,OI00235540,2025-12-25,C015541,P00541,E00041,R001,1,544.4,21.78,522.62,341.16,45.0,9.41
235577,Invalid Foreign Key: Order_Item_ID; Invalid Foreign Key: Product_ID,SA00235576,O0035576,OI00235576,2026-01-30,C015577,P00577,E00077,R017,2,2003.38,100.17,1903.21,1257.19,81.0,34.26
235614,Invalid Foreign Key: Order_Item_ID; Invalid Foreign Key: Product_ID,SA00235613,O0035613,OI00235613,2026-03-08,C015614,P00614,E00114,R014,4,805.71,0.0,805.71,502.3,38.0,14.5
235740,Invalid Foreign Key: Order_ID; Invalid Foreign Key: Order_Item_ID; Invalid Foreign Key: Customer_ID,SA00235739,O0035739,OI00235739,2026-07-12,C015740,P00740,E00240,R020,5,2658.47,0.0,2658.47,1665.85,84.0,47.85
235751,Invalid Foreign Key: Order_ID; Invalid Foreign Key: Order_Item_ID; Invalid Foreign Key: Employee_ID,SA00235750,O0035750,OI00235750,2026-07-23,C015751,P00751,E00251,R011,1,671.42,26.86,644.57,421.0,95.0,11.6
235842,Invalid Foreign Key: Order_Item_ID; Invalid Foreign Key: Product_ID,SA00235841,O0035841,OI00235841,2025-10-22,C015842,P00842,E00342,R002,2,1114.2,44.57,1069.63,698.28,26.0,19.25
235921,Invalid Foreign Key: Order_Item_ID; Invalid Foreign Key: Product_ID,SA00235920,O0035920,OI00235920,2026-01-09,C015921,P00921,E00421,R001,1,290.34,17.42,272.92,181.47,25.0,4.91
235952,Invalid Foreign Key: Order_ID; Invalid Foreign Key: Order_Item_ID; Invalid Foreign Key: Customer_ID,SA00235951,O0035951,OI00235951,2026-02-09,C015952,P00952,E00452,R012,2,1368.25,27.36,1340.88,857.97,56.0,24.14
235998,Invalid Foreign Key: Order_Item_ID; Invalid Foreign Key: Product_ID,SA00235997,O0035997,OI00235997,2026-03-27,C015998,P00998,E00498,R018,3,3805.33,228.32,3577.01,2388.81,102.0,64.39
236060,Negative Value: Quantity; Negative Value: Gross_Sales; Negative Value: Net_Sales; Invalid Foreign Key: Order_Item_ID,SA00236059,O0036059,OI00236059,2026-05-28,C016060,P00060,E00060,R020,-2,-1571.49,-78.57,-1492.92,985.72,84.0,0.0
236251,Invalid Foreign Key: Order_ID; Invalid Foreign Key: Order_Item_ID; Invalid Foreign Key: Employee_ID,SA00236250,O0036250,OI00236250,2025-12-05,C016251,P00251,E00251,R011,1,671.42,0.0,671.42,421.0,35.0,12.09
236307,Invalid Foreign Key: Order_Item_ID; Invalid Foreign Key: Product_ID,SA00236306,O0036306,OI00236306,2026-01-30,C016307,P00307,E00307,R007,2,225.02,0.0,225.02,139.37,91.0,4.05
236421,Invalid Foreign Key: Order_Item_ID; Invalid Foreign Key: Product_ID,SA00236420,O0036420,OI00236420,2026-05-24,C016421,P00421,E00421,R001,1,290.34,5.81,284.54,181.47,45.0,5.12
236499,Invalid Foreign Key: Order_Item_ID; Invalid Foreign Key: Product_ID,SA00236498,O0036498,OI00236498,2026-08-10,C016499,P00499,E00499,R019,4,5124.58,153.74,4970.85,3217.02,43.0,89.48
236527,Invalid Foreign Key: Order_ID; Invalid Foreign Key: Order_Item_ID; Invalid Foreign Key: Customer_ID,SA00236526,O0036526,OI00236526,2025-09-07,C016527,P00527,E00027,R007,2,733.12,21.99,711.13,458.74,71.0,12.8
236577,Invalid Foreign Key: Order_Item_ID; Invalid Foreign Key: Product_ID,SA00236576,O0036576,OI00236576,2025-10-27,C016577,P00577,E00077,R017,2,2003.38,80.14,1923.24,1257.19,41.0,34.62
236614,Invalid Foreign Key: Order_Item_ID; Invalid Foreign Key: Product_ID,SA00236613,O0036613,OI00236613,2025-12-03,C016614,P00614,E00114,R014,4,805.71,48.34,757.36,502.3,78.0,13.63
236642,Invalid Foreign Key: Order_ID; Invalid Foreign Key: Order_Item_ID,SA00236641,O0036641,OI00236641,2025-12-31,C016642,P00642,E00142,R002,2,1114.2,66.85,1047.35,698.28,26.0,18.85
236751,Invalid Foreign Key: Order_ID; Invalid Foreign Key: Order_Item_ID; Invalid Foreign Key: Employee_ID,SA00236750,O0036750,OI00236750,2026-04-19,C016751,P00751,E00251,R011,1,671.42,20.14,651.28,421.0,55.0,11.72
236842,Invalid Foreign Key: Order_Item_ID; Invalid Foreign Key: Product_ID,SA00236841,O0036841,OI00236841,2026-07-19,C016842,P00842,E00342,R002,2,1114.2,33.43,1080.77,698.28,66.0,19.45
236921,Invalid Foreign Key: Order_Item_ID; Invalid Foreign Key: Product_ID,SA00236920,O0036920,OI00236920,2025-10-06,C016921,P00921,E00421,R001,1,290.34,14.52,275.83,181.47,65.0,4.96
236949,Invalid Foreign Key: Order_ID; Invalid Foreign Key: Order_Item_ID; Invalid Foreign Key: Customer_ID,SA00236948,O0036948,OI00236948,2025-11-03,C016949,P00949,E00449,R009,4,2584.07,129.2,2454.86,1620.12,93.0,44.19
236998,Invalid Foreign Key: Order_Item_ID; Invalid Foreign Key: Product_ID,SA00236997,O0036997,OI00236997,2025-12-22,C016998,P00998,E00498,R018,3,3805.33,190.27,3615.06,2388.81,62.0,65.07
237023,Invalid Foreign Key: Order_Item_ID,SA00237022,O0037022,OI00237022,2026-01-16,C017023,P00023,E00023,R003,3,947.25,18.94,928.3,592.3,87.0,16.71
237251,Invalid Foreign Key: Order_ID; Invalid Foreign Key: Order_Item_ID; Invalid Foreign Key: Employee_ID,SA00237250,O0037250,OI00237250,2025-09-01,C017251,P00251,E00251,R011,1,671.42,40.29,631.14,421.0,75.0,11.36
237307,Invalid Foreign Key: Order_Item_ID; Invalid Foreign Key: Product_ID,SA00237306,O0037306,OI00237306,2025-10-27,C017307,P00307,E00307,R007,2,225.02,13.5,211.52,139.37,51.0,3.81
237314,Invalid Foreign Key: Order_ID; Invalid Foreign Key: Order_Item_ID; Invalid Foreign Key: Customer_ID,SA00237313,O0037313,OI00237313,2025-11-03,C017314,P00314,E00314,R014,4,805.71,48.34,757.36,502.3,58.0,13.63
237318,Invalid Foreign Key: Order_ID; Invalid Foreign Key: Order_Item_ID,SA00237317,O0037317,OI00237317,2025-11-07,C017318,P00318,E00318,R018,3,756.71,22.7,734.01,472.54,62.0,13.21
237418,Invalid Foreign Key: Order_ID; Invalid Foreign Key: Order_Item_ID,SA00237417,O0037417,OI00237417,2026-02-15,C017418,P00418,E00418,R018,3,756.71,37.84,718.88,472.54,82.0,12.94
237421,Invalid Foreign Key: Order_Item_ID; Invalid Foreign Key: Product_ID,SA00237420,O0037420,OI00237420,2026-02-18,C017421,P00421,E00421,R001,1,290.34,2.9,287.44,181.47,85.0,5.17
237499,Invalid Foreign Key: Order_Item_ID; Invalid Foreign Key: Product_ID,SA00237498,O0037498,OI00237498,2026-05-07,C017499,P00499,E00499,R019,4,5124.58,102.49,5022.09,3217.02,83.0,90.4
237577,Invalid Foreign Key: Order_Item_ID; Invalid Foreign Key: Product_ID,SA00237576,O0037576,OI00237576,2026-07-24,C017577,P00577,E00077,R017,2,2003.38,60.1,1943.28,1257.19,81.0,34.98
237614,Invalid Foreign Key: Order_Item_ID; Invalid Foreign Key: Product_ID,SA00237613,O0037613,OI00237613,2026-08-30,C017614,P00614,E00114,R014,4,805.71,40.29,765.42,502.3,38.0,13.78
237751,Invalid Foreign Key: Order_ID; Invalid Foreign Key: Order_Item_ID; Invalid Foreign Key: Employee_ID,SA00237750,O0037750,OI00237750,2026-01-14,C017751,P00751,E00251,R011,1,671.42,13.43,657.99,421.0,95.0,11.84
237842,Invalid Foreign Key: Order_Item_ID; Invalid Foreign Key: Product_ID,SA00237841,O0037841,OI00237841,2026-04-15,C017842,P00842,E00342,R002,2,1114.2,22.28,1091.91,698.28,26.0,19.65
237921,Invalid Foreign Key: Order_Item_ID; Invalid Foreign Key: Product_ID,SA00237920,O0037920,OI00237920,2026-07-03,C017921,P00921,E00421,R001,1,290.34,11.61,278.73,181.47,25.0,5.02
237946,Invalid Foreign Key: Order_ID; Invalid Foreign Key: Order_Item_ID; Invalid Foreign Key: Customer_ID,SA00237945,O0037945,OI00237945,2026-07-28,C017946,P00946,E00446,R006,1,607.91,6.08,601.83,381.08,50.0,10.83
237998,Invalid Foreign Key: Order_Item_ID; Invalid Foreign Key: Product_ID,SA00237997,O0037997,OI00237997,2025-09-18,C017998,P00998,E00498,R018,3,3805.33,152.21,3653.12,2388.81,102.0,65.76
238035,Invalid Foreign Key: Order_Item_ID,SA00238034,O0038034,OI00238034,2025-10-25,C018035,P00035,E00035,R015,5,2340.9,140.45,2200.45,1466.24,59.0,39.61
238101,Invalid Foreign Key: Order_ID; Invalid Foreign Key: Order_Item_ID; Invalid Foreign Key: Customer_ID,SA00238100,O0038100,OI00238100,2025-12-30,C018101,P00101,E00101,R001,1,36.29,0.73,35.57,21.78,45.0,0.64
238251,Invalid Foreign Key: Order_ID; Invalid Foreign Key: Order_Item_ID; Invalid Foreign Key: Employee_ID,SA00238250,O0038250,OI00238250,2026-05-29,C018251,P00251,E00251,R011,1,671.42,33.57,637.85,421.0,35.0,11.48
238307,Invalid Foreign Key: Order_Item_ID; Invalid Foreign Key: Product_ID,SA00238306,O0038306,OI00238306,2026-07-24,C018307,P00307,E00307,R007,2,225.02,11.25,213.77,139.37,91.0,3.85
238421,Invalid Foreign Key: Order_Item_ID; Invalid Foreign Key: Product_ID,SA00238420,O0038420,OI00238420,2025-11-15,C018421,P00421,E00421,R001,1,290.34,0.0,290.34,181.47,45.0,5.23
238499,Invalid Foreign Key: Order_Item_ID; Invalid Foreign Key: Product_ID,SA00238498,O0038498,OI00238498,2026-02-01,C018499,P00499,E00499,R019,4,5124.58,51.25,5073.34,3217.02,43.0,91.32
238577,Invalid Foreign Key: Order_Item_ID; Invalid Foreign Key: Product_ID,SA00238576,O0038576,OI00238576,2026-04-20,C018577,P00577,E00077,R017,2,2003.38,40.07,1963.31,1257.19,41.0,35.34
238614,Invalid Foreign Key: Order_Item_ID; Invalid Foreign Key: Product_ID,SA00238613,O0038613,OI00238613,2026-05-27,C018614,P00614,E00114,R014,4,805.71,32.23,773.48,502.3,78.0,13.92
238751,Invalid Foreign Key: Order_ID; Invalid Foreign Key: Order_Item_ID; Invalid Foreign Key: Employee_ID,SA00238750,O0038750,OI00238750,2025-10-11,C018751,P00751,E00251,R011,1,671.42,6.71,664.71,421.0,55.0,11.96
238842,Invalid Foreign Key: Order_Item_ID; Invalid Foreign Key: Product_ID,SA00238841,O0038841,OI00238841,2026-01-10,C018842,P00842,E00342,R002,2,1114.2,11.14,1103.06,698.28,66.0,19.86
238888,Invalid Foreign Key: Order_ID; Invalid Foreign Key: Order_Item_ID; Invalid Foreign Key: Customer_ID,SA00238887,O0038887,OI00238887,2026-02-25,C018888,P00888,E00388,R008,3,3424.25,171.21,3253.04,2149.28,32.0,58.55
238921,Invalid Foreign Key: Order_Item_ID; Invalid Foreign Key: Product_ID,SA00238920,O0038920,OI00238920,2026-03-30,C018921,P00921,E00421,R001,1,290.34,8.71,281.63,181.47,65.0,5.07
238943,Invalid Foreign Key: Order_ID; Invalid Foreign Key: Order_Item_ID; Invalid Foreign Key: Customer_ID,SA00238942,O0038942,OI00238942,2026-04-21,C018943,P00943,E00443,R003,3,1709.4,68.38,1641.03,1071.37,87.0,29.54
238998,Invalid Foreign Key: Order_Item_ID; Invalid Foreign Key: Product_ID,SA00238997,O0038997,OI00238997,2026-06-15,C018998,P00998,E00498,R018,3,3805.33,114.16,3691.17,2388.81,62.0,66.44
239095,Invalid Foreign Key: Order_ID; Invalid Foreign Key: Order_Item_ID,SA00239094,O0039094,OI00239094,2025-09-20,C019095,P00095,E00095,R015,5,6151.68,123.03,6028.65,3861.58,79.0,108.52
239251,Invalid Foreign Key: Order_ID; Invalid Foreign Key: Order_Item_ID; Invalid Foreign Key: Employee_ID,SA00239250,O0039250,OI00239250,2026-02-23,C019251,P00251,E00251,R011,1,671.42,26.86,644.57,421.0,75.0,11.6
239307,Invalid Foreign Key: Order_Item_ID; Invalid Foreign Key: Product_ID,SA00239306,O0039306,OI00239306,2026-04-20,C019307,P00307,E00307,R007,2,225.02,9.0,216.02,139.37,51.0,3.89
239421,Invalid Foreign Key: Order_Item_ID; Invalid Foreign Key: Product_ID,SA00239420,O0039420,OI00239420,2026-08-12,C019421,P00421,E00421,R001,1,290.34,17.42,272.92,181.47,85.0,4.91
239499,Invalid Foreign Key: Order_Item_ID; Invalid Foreign Key: Product_ID,SA00239498,O0039498,OI00239498,2025-10-29,C019499,P00499,E00499,R019,4,5124.58,0.0,5124.58,3217.02,83.0,92.24
239577,Invalid Foreign Key: Order_Item_ID; Invalid Foreign Key: Product_ID,SA00239576,O0039576,OI00239576,2026-01-15,C019577,P00577,E00077,R017,2,2003.38,20.03,1983.34,1257.19,81.0,35.7
239614,Invalid Foreign Key: Order_Item_ID; Invalid Foreign Key: Product_ID,SA00239613,O0039613,OI00239613,2026-02-21,C019614,P00614,E00114,R014,4,805.71,24.17,781.54,954.36,38.0,14.07
239619,Invalid Foreign Key: Order_ID; Invalid Foreign Key: Order_Item_ID,SA00239618,O0039618,OI00239618,2026-02-26,C019619,P00619,E00119,R019,4,1059.76,10.6,1049.16,661.99,43.0,18.88
239675,Invalid Foreign Key: Order_ID; Invalid Foreign Key: Order_Item_ID; Invalid Foreign Key: Customer_ID,SA00239674,O0039674,OI00239674,2026-04-23,C019675,P00675,E00175,R015,5,4881.42,48.81,4832.61,3063.14,99.0,86.99
239751,Invalid Foreign Key: Order_ID; Invalid Foreign Key: Order_Item_ID; Invalid Foreign Key: Employee_ID,SA00239750,O0039750,OI00239750,2026-07-08,C019751,P00751,E00251,R011,1,671.42,0.0,671.42,799.9,95.0,12.09
239842,Invalid Foreign Key: Order_Item_ID; Invalid Foreign Key: Product_ID,SA00239841,O0039841,OI00239841,2025-10-07,C019842,P00842,E00342,R002,2,1114.2,0.0,1114.2,698.28,26.0,20.06
239921,Invalid Foreign Key: Order_Item_ID; Invalid Foreign Key: Product_ID,SA00239920,O0039920,OI00239920,2025-12-25,C019921,P00921,E00421,R001,1,290.34,5.81,284.54,181.47,25.0,5.12
239940,Invalid Foreign Key: Order_ID; Invalid Foreign Key: Order_Item_ID; Invalid Foreign Key: Customer_ID,SA00239939,O0039939,OI00239939,2026-01-13,C019940,P00940,E00440,R020,5,2658.47,0.0,2658.47,1665.85,44.0,47.85
239973,Invalid Foreign Key: Order_ID; Invalid Foreign Key: Order_Item_ID,SA00239972,O0039972,OI00239972,2026-02-15,C019973,P00973,E00473,R013,3,2852.64,142.63,2710.01,1789.98,77.0,48.78
239998,Invalid Foreign Key: Order_Item_ID; Invalid Foreign Key: Product_ID,SA00239997,O0039997,OI00239997,2026-03-12,C019998,P00998,E00498,R018,3,3805.33,76.11,3729.22,2388.81,102.0,67.13
240029,Invalid Foreign Key: Order_ID; Invalid Foreign Key: Order_Item_ID,SA00240028,O0040028,OI00240028,2026-04-12,C000029,P00029,E00029,R009,4,1567.86,78.39,1489.47,981.37,53.0,26.81
240061,Negative Value: Quantity; Negative Value: Gross_Sales; Negative Value: Net_Sales; Invalid Foreign Key: Order_Item_ID,SA00240060,O0040060,OI00240060,2026-05-14,C000061,P00061,E00061,R001,-2,-1596.9,-31.94,-1564.96,1001.69,85.0,0.0
240145,Invalid Foreign Key: Order_Item_ID,SA00240144,O0040144,OI00240144,2026-08-06,C000145,P00145,E00145,R005,5,2976.03,59.52,2916.51,1865.46,89.0,52.5
240226,Invalid Foreign Key: Order_Item_ID,SA00240225,O0040225,OI00240225,2025-10-26,C000226,P00226,E00226,R006,1,353.86,21.23,332.63,221.39,90.0,5.99
240251,Invalid Foreign Key: Order_ID; Invalid Foreign Key: Order_Item_ID; Invalid Foreign Key: Employee_ID,SA00240250,O0040250,OI00240250,2025-11-20,C000251,P00251,E00251,R011,1,671.42,20.14,651.28,421.0,35.0,11.72
240307,Invalid Foreign Key: Order_Item_ID; Invalid Foreign Key: Product_ID,SA00240306,O0040306,OI00240306,2026-01-15,C000307,P00307,E00307,R007,2,225.02,6.75,218.27,139.37,91.0,3.93
240421,Invalid Foreign Key: Order_Item_ID; Invalid Foreign Key: Product_ID,SA00240420,O0040420,OI00240420,2026-05-09,C000421,P00421,E00421,R001,1,290.34,14.52,275.83,181.47,45.0,4.96
240499,Invalid Foreign Key: Order_Item_ID; Invalid Foreign Key: Product_ID,SA00240498,O0040498,OI00240498,2026-07-26,C000499,P00499,E00499,R019,4,5124.58,307.48,4817.11,3217.02,43.0,86.71
240577,Invalid Foreign Key: Order_Item_ID; Invalid Foreign Key: Product_ID,SA00240576,O0040576,OI00240576,2025-10-12,C000577,P00577,E00077,R017,2,2003.38,0.0,2003.38,1257.19,41.0,36.06
240614,Invalid Foreign Key: Order_Item_ID; Invalid Foreign Key: Product_ID,SA00240613,O0040613,OI00240613,2025-11-18,C000614,P00614,E00114,R014,4,805.71,16.11,789.59,502.3,78.0,14.21
240751,Invalid Foreign Key: Order_ID; Invalid Foreign Key: Order_Item_ID; Invalid Foreign Key: Employee_ID,SA00240750,O0040750,OI00240750,2026-04-04,C000751,P00751,E00251,R011,1,671.42,40.29,631.14,421.0,55.0,11.36
240787,Invalid Foreign Key: Order_ID; Invalid Foreign Key: Order_Item_ID; Invalid Foreign Key: Customer_ID,SA00240786,O0040786,OI00240786,2026-05-10,C000787,P00787,E00287,R007,2,2257.43,0.0,2257.43,1416.88,91.0,40.63
240842,Invalid Foreign Key: Order_Item_ID; Invalid Foreign Key: Product_ID,SA00240841,O0040841,OI00240841,2026-07-04,C000842,P00842,E00342,R002,2,1114.2,66.85,1047.35,698.28,66.0,18.85
240872,Invalid Foreign Key: Order_ID; Invalid Foreign Key: Order_Item_ID,SA00240871,O0040871,OI00240871,2026-08-03,C000872,P00872,E00372,R012,2,1876.35,18.76,1857.59,1177.35,96.0,33.44
240921,Invalid Foreign Key: Order_Item_ID; Invalid Foreign Key: Product_ID,SA00240920,O0040920,OI00240920,2025-09-21,C000921,P00921,E00421,R001,1,290.34,2.9,287.44,181.47,65.0,5.17
240997,Invalid Foreign Key: Order_ID; Invalid Foreign Key: Order_Item_ID; Invalid Foreign Key: Customer_ID,SA00240996,O0040996,OI00240996,2025-12-06,C000997,P00997,E00497,R017,2,2511.48,0.0,2511.48,1576.57,61.0,45.21
240998,Invalid Foreign Key: Order_Item_ID; Invalid Foreign Key: Product_ID,SA00240997,O0040997,OI00240997,2025-12-07,C000998,P00998,E00498,R018,3,3805.33,38.05,3767.28,2388.81,62.0,67.81
241251,Invalid Foreign Key: Order_ID; Invalid Foreign Key: Order_Item_ID; Invalid Foreign Key: Employee_ID,SA00241250,O0041250,OI00241250,2026-08-17,C001251,P00251,E00251,R011,1,671.42,13.43,657.99,421.0,75.0,11.84
241307,Invalid Foreign Key: Order_Item_ID; Invalid Foreign Key: Product_ID,SA00241306,O0041306,OI00241306,2025-10-12,C001307,P00307,E00307,R007,2,225.02,4.5,220.52,139.37,51.0,3.97
241421,Invalid Foreign Key: Order_Item_ID; Invalid Foreign Key: Product_ID,SA00241420,O0041420,OI00241420,2026-02-03,C001421,P00421,E00421,R001,1,290.34,11.61,278.73,181.47,85.0,5.02
241499,Invalid Foreign Key: Order_Item_ID; Invalid Foreign Key: Product_ID,SA00241498,O0041498,OI00241498,2026-04-22,C001499,P00499,E00499,R019,4,5124.58,256.23,4868.36,3217.02,83.0,87.63
241574,Invalid Foreign Key: Order_ID; Invalid Foreign Key: Order_Item_ID; Invalid Foreign Key: Customer_ID,SA00241573,O0041573,OI00241573,2026-07-06,C001574,P00574,E00074,R014,4,3854.33,115.63,3738.7,2418.57,78.0,67.3
241577,Invalid Foreign Key: Order_Item_ID; Invalid Foreign Key: Product_ID,SA00241576,O0041576,OI00241576,2026-07-09,C001577,P00577,E00077,R017,2,2003.38,120.2,1883.18,1257.19,81.0,33.9
241614,Invalid Foreign Key: Order_Item_ID; Invalid Foreign Key: Product_ID,SA00241613,O0041613,OI00241613,2026-08-15,C001614,P00614,E00114,R014,4,805.71,8.06,797.65,502.3,38.0,14.36
241751,Invalid Foreign Key: Order_ID; Invalid Foreign Key: Order_Item_ID; Invalid Foreign Key: Employee_ID,SA00241750,O0041750,OI00241750,2025-12-30,C001751,P00751,E00251,R011,1,671.42,33.57,637.85,421.0,95.0,11.48
241820,Invalid Foreign Key: Order_ID; Invalid Foreign Key: Order_Item_ID,SA00241819,O0041819,OI00241819,2026-03-09,C001820,P00820,E00320,R020,5,1388.21,55.53,1332.68,867.4,84.0,23.99
241842,Invalid Foreign Key: Order_Item_ID; Invalid Foreign Key: Product_ID,SA00241841,O0041841,OI00241841,2026-03-31,C001842,P00842,E00342,R002,2,1114.2,55.71,1058.49,698.28,26.0,19.05
241921,Invalid Foreign Key: Order_Item_ID; Invalid Foreign Key: Product_ID,SA00241920,O0041920,OI00241920,2026-06-18,C001921,P00921,E00421,R001,1,290.34,0.0,290.34,181.47,25.0,5.23
241994,Invalid Foreign Key: Order_ID; Invalid Foreign Key: Order_Item_ID; Invalid Foreign Key: Customer_ID,SA00241993,O0041993,OI00241993,2026-08-30,C001994,P00994,E00494,R014,4,4870.53,146.12,4724.42,3057.33,98.0,85.04
241998,Invalid Foreign Key: Order_Item_ID; Invalid Foreign Key: Product_ID,SA00241997,O0041997,OI00241997,2025-09-03,C001998,P00998,E00498,R018,3,3805.33,0.0,3805.33,2388.81,102.0,68.5
242251,Invalid Foreign Key: Order_ID; Invalid Foreign Key: Order_Item_ID; Invalid Foreign Key: Employee_ID,SA00242250,O0042250,OI00242250,2026-05-14,C002251,P00251,E00251,R011,1,671.42,6.71,664.71,421.0,35.0,11.96
242307,Invalid Foreign Key: Order_Item_ID; Invalid Foreign Key: Product_ID,SA00242306,O0042306,OI00242306,2026-07-09,C002307,P00307,E00307,R007,2,225.02,2.25,222.77,139.37,91.0,4.01
242361,Invalid Foreign Key: Order_ID; Invalid Foreign Key: Order_Item_ID; Invalid Foreign Key: Customer_ID,SA00242360,O0042360,OI00242360,2025-09-01,C002361,P00361,E00361,R001,1,798.45,47.91,750.54,500.84,65.0,13.51
242421,Invalid Foreign Key: Order_Item_ID; Invalid Foreign Key: Product_ID,SA00242420,O0042420,OI00242420,2025-10-31,C002421,P00421,E00421,R001,1,290.34,8.71,281.63,181.47,45.0,5.07
242499,Invalid Foreign Key: Order_Item_ID; Invalid Foreign Key: Product_ID,SA00242498,O0042498,OI00242498,2026-01-17,C002499,P00499,E00499,R019,4,5124.58,204.98,4919.6,3217.02,43.0,88.55
242577,Invalid Foreign Key: Order_Item_ID; Invalid Foreign Key: Product_ID,SA00242576,O0042576,OI00242576,2026-04-05,C002577,P00577,E00077,R017,2,2003.38,100.17,1903.21,1257.19,41.0,34.26
242614,Invalid Foreign Key: Order_Item_ID; Invalid Foreign Key: Product_ID,SA00242613,O0042613,OI00242613,2026-05-12,C002614,P00614,E00114,R014,4,805.71,0.0,805.71,502.3,78.0,14.5
242649,Invalid Foreign Key: Order_ID; Invalid Foreign Key: Order_Item_ID,SA00242648,O0042648,OI00242648,2026-06-16,C002649,P00649,E00149,R009,4,2584.07,0.0,2584.07,1620.12,33.0,46.51
242751,Invalid Foreign Key: Order_ID; Invalid Foreign Key: Order_Item_ID; Invalid Foreign Key: Employee_ID,SA00242750,O0042750,OI00242750,2025-09-26,C002751,P00751,E00251,R011,1,671.42,26.86,644.57,421.0,55.0,11.6
242842,Invalid Foreign Key: Order_Item_ID; Invalid Foreign Key: Product_ID,SA00242841,O0042841,OI00242841,2025-12-26,C002842,P00842,E00342,R002,2,1114.2,44.57,1069.63,698.28,66.0,19.25
242921,Invalid Foreign Key: Order_Item_ID; Invalid Foreign Key: Product_ID,SA00242920,O0042920,OI00242920,2026-03-15,C002921,P00921,E00421,R001,1,290.34,17.42,272.92,181.47,65.0,4.91
242991,Invalid Foreign Key: Order_ID; Invalid Foreign Key: Order_Item_ID; Invalid Foreign Key: Customer_ID,SA00242990,O0042990,OI00242990,2026-05-24,C002991,P00991,E00491,R011,1,1179.53,70.77,1108.75,740.38,55.0,19.96
242998,Invalid Foreign Key: Order_Item_ID; Invalid Foreign Key: Product_ID,SA00242997,O0042997,OI00242997,2026-05-31,C002998,P00998,E00498,R018,3,3805.33,228.32,3577.01,2388.81,62.0,64.39
243148,Invalid Foreign Key: Order_ID; Invalid Foreign Key: Order_Item_ID; Invalid Foreign Key: Customer_ID,SA00243147,O0043147,OI00243147,2025-10-28,C003148,P00148,E00148,R008,3,1899.94,38.0,1861.94,1191.14,52.0,33.51
243251,Invalid Foreign Key: Order_ID; Invalid Foreign Key: Order_Item_ID; Invalid Foreign Key: Employee_ID,SA00243250,O0043250,OI00243250,2026-02-08,C003251,P00251,E00251,R011,1,671.42,0.0,671.42,421.0,75.0,12.09
243304,Invalid Foreign Key: Order_ID; Invalid Foreign Key: Order_Item_ID,SA00243303,O0043303,OI00243303,2026-04-02,C003304,P00304,E00304,R004,4,297.6,11.9,285.7,182.92,48.0,5.14
243307,Invalid Foreign Key: Order_Item_ID; Invalid Foreign Key: Product_ID,SA00243306,O0043306,OI00243306,2026-04-05,C003307,P00307,E00307,R007,2,225.02,0.0,225.02,139.37,51.0,4.05
243421,Invalid Foreign Key: Order_Item_ID; Invalid Foreign Key: Product_ID,SA00243420,O0043420,OI00243420,2026-07-28,C003421,P00421,E00421,R001,1,290.34,5.81,284.54,181.47,85.0,5.12
243429,Invalid Foreign Key: Order_Item_ID,SA00243428,O0043428,OI00243428,2026-08-05,C003429,P00429,E00429,R009,4,1567.86,47.04,1520.83,981.37,93.0,27.37
243499,Invalid Foreign Key: Order_Item_ID; Invalid Foreign Key: Product_ID,SA00243498,O0043498,OI00243498,2025-10-14,C003499,P00499,E00499,R019,4,5124.58,153.74,4970.85,3217.02,83.0,89.48
243577,Invalid Foreign Key: Order_Item_ID; Invalid Foreign Key: Product_ID,SA00243576,O0043576,OI00243576,2025-12-31,C003577,P00577,E00077,R017,2,2003.38,80.14,1923.24,1257.19,81.0,34.62
243614,Invalid Foreign Key: Order_Item_ID; Invalid Foreign Key: Product_ID,SA00243613,O0043613,OI00243613,2026-02-06,C003614,P00614,E00114,R014,4,805.71,48.34,757.36,502.3,38.0,13.63
243751,Invalid Foreign Key: Order_ID; Invalid Foreign Key: Order_Item_ID; Invalid Foreign Key: Employee_ID,SA00243750,O0043750,OI00243750,2026-06-23,C003751,P00751,E00251,R011,1,671.42,20.14,651.28,421.0,95.0,11.72
243842,Invalid Foreign Key: Order_Item_ID; Invalid Foreign Key: Product_ID,SA00243841,O0043841,OI00243841,2025-09-22,C003842,P00842,E00342,R002,2,1114.2,33.43,1080.77,698.28,26.0,19.45
243921,Invalid Foreign Key: Order_Item_ID; Invalid Foreign Key: Product_ID,SA00243920,O0043920,OI00243920,2025-12-10,C003921,P00921,E00421,R001,1,290.34,14.52,275.83,181.47,25.0,4.96
243935,Invalid Foreign Key: Order_ID; Invalid Foreign Key: Order_Item_ID; Invalid Foreign Key: Customer_ID,SA00243934,O0043934,OI00243934,2025-12-24,C003935,P00935,E00435,R015,5,2340.9,117.05,2223.86,1466.24,39.0,40.03
243988,Invalid Foreign Key: Order_ID; Invalid Foreign Key: Order_Item_ID; Invalid Foreign Key: Customer_ID,SA00243987,O0043987,OI00243987,2026-02-15,C003988,P00988,E00488,R008,3,3424.25,68.49,3355.77,2149.28,92.0,60.4
243998,Invalid Foreign Key: Order_Item_ID; Invalid Foreign Key: Product_ID,SA00243997,O0043997,OI00243997,2026-02-25,C003998,P00998,E00498,R018,3,3805.33,190.27,3615.06,4538.74,102.0,65.07
244021,Invalid Foreign Key: Order_ID; Invalid Foreign Key: Order_Item_ID,SA00244020,O0044020,OI00244020,2026-03-20,C004021,P00021,E00021,R001,1,290.34,0.0,290.34,181.47,45.0,5.23
244062,Negative Value: Quantity; Negative Value: Gross_Sales; Negative Value: Net_Sales; Invalid Foreign Key: Order_Item_ID,SA00244061,O0044061,OI00244061,2026-04-30,C004062,P00062,E00062,R002,-2,-1622.3,-97.34,-1524.96,1017.66,86.0,0.0
244251,Invalid Foreign Key: Order_ID; Invalid Foreign Key: Order_Item_ID; Invalid Foreign Key: Employee_ID,SA00244250,O0044250,OI00244250,2025-11-05,C004251,P00251,E00251,R011,1,671.42,40.29,631.14,421.0,35.0,11.36
244307,Invalid Foreign Key: Order_Item_ID; Invalid Foreign Key: Product_ID,SA00244306,O0044306,OI00244306,2025-12-31,C004307,P00307,E00307,R007,2,225.02,13.5,211.52,139.37,91.0,3.81
244421,Invalid Foreign Key: Order_Item_ID; Invalid Foreign Key: Product_ID,SA00244420,O0044420,OI00244420,2026-04-24,C004421,P00421,E00421,R001,1,290.34,2.9,287.44,181.47,45.0,5.17
244426,Invalid Foreign Key: Order_ID; Invalid Foreign Key: Order_Item_ID,SA00244425,O0044425,OI00244425,2026-04-29,C004426,P00426,E00426,R006,1,353.86,21.23,332.63,221.39,50.0,5.99
244499,Invalid Foreign Key: Order_Item_ID; Invalid Foreign Key: Product_ID,SA00244498,O0044498,OI00244498,2026-07-11,C004499,P00499,E00499,R019,4,5124.58,102.49,5022.09,3217.02,43.0,90.4
244577,Invalid Foreign Key: Order_Item_ID; Invalid Foreign Key: Product_ID,SA00244576,O0044576,OI00244576,2025-09-27,C004577,P00577,E00077,R017,2,2003.38,60.1,1943.28,1257.19,41.0,34.98
244614,Invalid Foreign Key: Order_Item_ID; Invalid Foreign Key: Product_ID,SA00244613,O0044613,OI00244613,2025-11-03,C004614,P00614,E00114,R014,4,805.71,40.29,765.42,502.3,78.0,13.78
244722,Invalid Foreign Key: Order_ID; Invalid Foreign Key: Order_Item_ID; Invalid Foreign Key: Customer_ID,SA00244721,O0044721,OI00244721,2026-02-19,C004722,P00722,E00222,R002,2,606.09,6.06,600.03,378.9,26.0,10.8
244751,Invalid Foreign Key: Order_ID; Invalid Foreign Key: Order_Item_ID; Invalid Foreign Key: Employee_ID,SA00244750,O0044750,OI00244750,2026-03-20,C004751,P00751,E00251,R011,1,671.42,13.43,657.99,421.0,55.0,11.84
244842,Invalid Foreign Key: Order_Item_ID; Invalid Foreign Key: Product_ID,SA00244841,O0044841,OI00244841,2026-06-19,C004842,P00842,E00342,R002,2,1114.2,22.28,1091.91,698.28,66.0,19.65
244921,Invalid Foreign Key: Order_Item_ID; Invalid Foreign Key: Product_ID,SA00244920,O0044920,OI00244920,2025-09-06,C004921,P00921,E00421,R001,1,290.34,11.61,278.73,181.47,65.0,5.02
244985,Invalid Foreign Key: Order_ID; Invalid Foreign Key: Order_Item_ID; Invalid Foreign Key: Customer_ID,SA00244984,O0044984,OI00244984,2025-11-09,C004985,P00985,E00485,R005,5,5516.55,275.83,5240.72,3462.36,49.0,94.33
244998,Invalid Foreign Key: Order_Item_ID; Invalid Foreign Key: Product_ID,SA00244997,O0044997,OI00244997,2025-11-22,C004998,P00998,E00498,R018,3,3805.33,152.21,3653.12,2388.81,62.0,65.76
245036,Invalid Foreign Key: Order_Item_ID,SA00245035,O0045035,OI00245035,2025-12-30,C005036,P00036,E00036,R016,1,480.88,0.0,480.88,301.23,100.0,8.66
245148,Invalid Foreign Key: Order_Item_ID,SA00245147,O0045147,OI00245147,2026-04-21,C005148,P00148,E00148,R008,3,1899.94,0.0,1899.94,1191.14,52.0,34.2
245251,Invalid Foreign Key: Order_ID; Invalid Foreign Key: Order_Item_ID; Invalid Foreign Key: Employee_ID,SA00245250,O0045250,OI00245250,2026-08-02,C005251,P00251,E00251,R011,1,671.42,33.57,637.85,421.0,75.0,11.48
245307,Invalid Foreign Key: Order_Item_ID; Invalid Foreign Key: Product_ID,SA00245306,O0045306,OI00245306,2025-09-27,C005307,P00307,E00307,R007,2,225.02,11.25,213.77,139.37,51.0,3.85
245421,Invalid Foreign Key: Order_Item_ID; Invalid Foreign Key: Product_ID,SA00245420,O0045420,OI00245420,2026-01-19,C005421,P00421,E00421,R001,1,290.34,0.0,290.34,181.47,85.0,5.23
245499,Invalid Foreign Key: Order_Item_ID; Invalid Foreign Key: Product_ID,SA00245498,O0045498,OI00245498,2026-04-07,C005499,P00499,E00499,R019,4,5124.58,51.25,5073.34,3217.02,83.0,91.32
245509,Invalid Foreign Key: Order_ID; Invalid Foreign Key: Order_Item_ID; Invalid Foreign Key: Customer_ID,SA00245508,O0045508,OI00245508,2026-04-17,C005509,P00509,E00009,R009,4,551.65,22.07,529.59,342.61,93.0,9.53
245577,Invalid Foreign Key: Order_Item_ID; Invalid Foreign Key: Product_ID,SA00245576,O0045576,OI00245576,2026-06-24,C005577,P00577,E00077,R017,2,2003.38,40.07,1963.31,1257.19,81.0,35.34
245614,Invalid Foreign Key: Order_Item_ID; Invalid Foreign Key: Product_ID,SA00245613,O0045613,OI00245613,2026-07-31,C005614,P00614,E00114,R014,4,805.71,32.23,773.48,502.3,38.0,13.92
245751,Invalid Foreign Key: Order_ID; Invalid Foreign Key: Order_Item_ID; Invalid Foreign Key: Employee_ID,SA00245750,O0045750,OI00245750,2025-12-15,C005751,P00751,E00251,R011,1,671.42,6.71,664.71,421.0,95.0,11.96
245842,Invalid Foreign Key: Order_Item_ID; Invalid Foreign Key: Product_ID,SA00245841,O0045841,OI00245841,2026-03-16,C005842,P00842,E00342,R002,2,1114.2,11.14,1103.06,698.28,26.0,19.86
245921,Invalid Foreign Key: Order_Item_ID; Invalid Foreign Key: Product_ID,SA00245920,O0045920,OI00245920,2026-06-03,C005921,P00921,E00421,R001,1,290.34,8.71,281.63,181.47,25.0,5.07
245982,Invalid Foreign Key: Order_ID; Invalid Foreign Key: Order_Item_ID; Invalid Foreign Key: Customer_ID,SA00245981,O0045981,OI00245981,2026-08-03,C005982,P00982,E00482,R002,2,2130.4,21.3,2109.1,1337.04,86.0,37.96
245998,Invalid Foreign Key: Order_Item_ID; Invalid Foreign Key: Product_ID,SA00245997,O0045997,OI00245997,2026-08-19,C005998,P00998,E00498,R018,3,3805.33,114.16,3691.17,2388.81,102.0,66.44
246203,Invalid Foreign Key: Order_ID; Invalid Foreign Key: Order_Item_ID,SA00246202,O0046202,OI00246202,2026-03-12,C006203,P00203,E00203,R003,3,185.09,9.25,175.84,113.23,67.0,3.17
246222,Invalid Foreign Key: Order_ID; Invalid Foreign Key: Order_Item_ID,SA00246221,O0046221,OI00246221,2026-03-31,C006222,P00222,E00222,R002,2,606.09,18.18,587.91,378.9,86.0,10.58
246251,Invalid Foreign Key: Order_ID; Invalid Foreign Key: Order_Item_ID; Invalid Foreign Key: Employee_ID,SA00246250,O0046250,OI00246250,2026-04-29,C006251,P00251,E00251,R011,1,671.42,26.86,644.57,421.0,35.0,11.6
246296,Invalid Foreign Key: Order_ID; Invalid Foreign Key: Order_Item_ID; Invalid Foreign Key: Customer_ID,SA00246295,O0046295,OI00246295,2026-06-13,C006296,P00296,E00296,R016,1,1243.04,0.0,1243.04,780.3,80.0,22.37
246307,Invalid Foreign Key: Order_Item_ID; Invalid Foreign Key: Product_ID,SA00246306,O0046306,OI00246306,2026-06-24,C006307,P00307,E00307,R007,2,225.02,9.0,216.02,139.37,91.0,3.89
246421,Invalid Foreign Key: Order_Item_ID; Invalid Foreign Key: Product_ID,SA00246420,O0046420,OI00246420,2025-10-16,C006421,P00421,E00421,R001,1,290.34,17.42,272.92,181.47,45.0,4.91
246499,Invalid Foreign Key: Order_Item_ID; Invalid Foreign Key: Product_ID,SA00246498,O0046498,OI00246498,2026-01-02,C006499,P00499,E00499,R019,4,5124.58,0.0,5124.58,3217.02,43.0,92.24
246577,Invalid Foreign Key: Order_Item_ID; Invalid Foreign Key: Product_ID,SA00246576,O0046576,OI00246576,2026-03-21,C006577,P00577,E00077,R017,2,2003.38,20.03,1983.34,1257.19,41.0,35.7
246614,Invalid Foreign Key: Order_Item_ID; Invalid Foreign Key: Product_ID,SA00246613,O0046613,OI00246613,2026-04-27,C006614,P00614,E00114,R014,4,805.71,24.17,781.54,502.3,78.0,14.07
246632,Invalid Foreign Key: Order_Item_ID,SA00246631,O0046631,OI00246631,2026-05-15,C006632,P00632,E00132,R012,2,860.15,0.0,860.15,538.59,96.0,15.48
246635,Invalid Foreign Key: Order_ID; Invalid Foreign Key: Order_Item_ID,SA00246634,O0046634,OI00246634,2026-05-18,C006635,P00635,E00135,R015,5,2340.9,70.23,2270.68,1466.24,99.0,40.87
246751,Invalid Foreign Key: Order_ID; Invalid Foreign Key: Order_Item_ID; Invalid Foreign Key: Employee_ID,SA00246750,O0046750,OI00246750,2025-09-11,C006751,P00751,E00251,R011,1,671.42,0.0,671.42,421.0,55.0,12.09
246842,Invalid Foreign Key: Order_Item_ID; Invalid Foreign Key: Product_ID,SA00246841,O0046841,OI00246841,2025-12-11,C006842,P00842,E00342,R002,2,1114.2,0.0,1114.2,698.28,66.0,20.06
246921,Invalid Foreign Key: Order_Item_ID; Invalid Foreign Key: Product_ID,SA00246920,O0046920,OI00246920,2026-02-28,C006921,P00921,E00421,R001,1,290.34,5.81,284.54,181.47,65.0,5.12
246979,Invalid Foreign Key: Order_ID; Invalid Foreign Key: Order_Item_ID; Invalid Foreign Key: Customer_ID,SA00246978,O0046978,OI00246978,2026-04-27,C006979,P00979,E00479,R019,4,4108.38,164.34,3944.04,2578.26,43.0,70.99
246998,Invalid Foreign Key: Order_Item_ID; Invalid Foreign Key: Product_ID,SA00246997,O0046997,OI00246997,2026-05-16,C006998,P00998,E00498,R018,3,3805.33,76.11,3729.22,2388.81,62.0,67.13
247083,Invalid Foreign Key: Order_ID; Invalid Foreign Key: Order_Item_ID; Invalid Foreign Key: Customer_ID,SA00247082,O0047082,OI00247082,2026-08-09,C007083,P00083,E00083,R003,3,3233.71,97.01,3136.7,2029.51,67.0,56.46
247251,Invalid Foreign Key: Order_ID; Invalid Foreign Key: Order_Item_ID; Invalid Foreign Key: Employee_ID,SA00247250,O0047250,OI00247250,2026-01-24,C007251,P00251,E00251,R011,1,671.42,20.14,651.28,421.0,75.0,11.72
247307,Invalid Foreign Key: Order_Item_ID; Invalid Foreign Key: Product_ID,SA00247306,O0047306,OI00247306,2026-03-21,C007307,P00307,E00307,R007,2,225.02,6.75,218.27,139.37,51.0,3.93
247421,Invalid Foreign Key: Order_Item_ID; Invalid Foreign Key: Product_ID,SA00247420,O0047420,OI00247420,2026-07-13,C007421,P00421,E00421,R001,1,290.34,14.52,275.83,181.47,85.0,4.96
247499,Invalid Foreign Key: Order_Item_ID; Invalid Foreign Key: Product_ID,SA00247498,O0047498,OI00247498,2025-09-29,C007499,P00499,E00499,R019,4,5124.58,307.48,4817.11,3217.02,83.0,86.71
247577,Invalid Foreign Key: Order_Item_ID; Invalid Foreign Key: Product_ID,SA00247576,O0047576,OI00247576,2025-12-16,C007577,P00577,E00077,R017,2,2003.38,0.0,2003.38,1257.19,81.0,36.06
247614,Invalid Foreign Key: Order_Item_ID; Invalid Foreign Key: Product_ID,SA00247613,O0047613,OI00247613,2026-01-22,C007614,P00614,E00114,R014,4,805.71,16.11,789.59,502.3,38.0,14.21
247751,Invalid Foreign Key: Order_ID; Invalid Foreign Key: Order_Item_ID; Invalid Foreign Key: Employee_ID,SA00247750,O0047750,OI00247750,2026-06-08,C007751,P00751,E00251,R011,1,671.42,40.29,631.14,421.0,95.0,11.36
247842,Invalid Foreign Key: Order_Item_ID; Invalid Foreign Key: Product_ID,SA00247841,O0047841,OI00247841,2025-09-07,C007842,P00842,E00342,R002,2,1114.2,66.85,1047.35,698.28,26.0,18.85
247870,Invalid Foreign Key: Order_ID; Invalid Foreign Key: Order_Item_ID; Invalid Foreign Key: Customer_ID,SA00247869,O0047869,OI00247869,2025-10-05,C007870,P00870,E00370,R010,5,4563.86,273.83,4290.02,2863.52,54.0,77.22
247921,Invalid Foreign Key: Order_Item_ID; Invalid Foreign Key: Product_ID,SA00247920,O0047920,OI00247920,2025-11-25,C007921,P00921,E00421,R001,1,290.34,2.9,287.44,181.47,25.0,5.17
247976,Invalid Foreign Key: Order_ID; Invalid Foreign Key: Order_Item_ID; Invalid Foreign Key: Customer_ID,SA00247975,O0047975,OI00247975,2026-01-19,C007976,P00976,E00476,R016,1,988.99,0.0,988.99,620.61,80.0,17.8
247980,Invalid Foreign Key: Order_ID; Invalid Foreign Key: Order_Item_ID,SA00247979,O0047979,OI00247979,2026-01-23,C007980,P00980,E00480,R020,5,5198.99,207.96,4991.03,3262.75,84.0,89.84
247998,Invalid Foreign Key: Order_Item_ID; Invalid Foreign Key: Product_ID,SA00247997,O0047997,OI00247997,2026-02-10,C007998,P00998,E00498,R018,3,3805.33,38.05,3767.28,2388.81,102.0,67.81
248063,Negative Value: Quantity; Negative Value: Gross_Sales; Negative Value: Net_Sales; Invalid Foreign Key: Order_Item_ID,SA00248062,O0048062,OI00248062,2026-04-16,C008063,P00063,E00063,R003,-2,-1647.71,-49.43,-1598.28,1033.63,87.0,0.0
248251,Invalid Foreign Key: Order_ID; Invalid Foreign Key: Order_Item_ID; Invalid Foreign Key: Employee_ID,SA00248250,O0048250,OI00248250,2025-10-21,C008251,P00251,E00251,R011,1,671.42,13.43,657.99,421.0,35.0,11.84
248307,Invalid Foreign Key: Order_Item_ID; Invalid Foreign Key: Product_ID,SA00248306,O0048306,OI00248306,2025-12-16,C008307,P00307,E00307,R007,2,225.02,4.5,220.52,139.37,91.0,3.97
248421,Invalid Foreign Key: Order_Item_ID; Invalid Foreign Key: Product_ID,SA00248420,O0048420,OI00248420,2026-04-09,C008421,P00421,E00421,R001,1,290.34,11.61,278.73,181.47,45.0,5.02
248423,Invalid Foreign Key: Order_ID; Invalid Foreign Key: Order_Item_ID,SA00248422,O0048422,OI00248422,2026-04-11,C008423,P00423,E00423,R003,3,947.25,56.83,890.41,592.3,47.0,16.03
248499,Invalid Foreign Key: Order_Item_ID; Invalid Foreign Key: Product_ID,SA00248498,O0048498,OI00248498,2026-06-26,C008499,P00499,E00499,R019,4,5124.58,256.23,4868.36,3217.02,43.0,87.63
248577,Invalid Foreign Key: Order_Item_ID; Invalid Foreign Key: Product_ID,SA00248576,O0048576,OI00248576,2025-09-12,C008577,P00577,E00077,R017,2,2003.38,120.2,1883.18,1257.19,41.0,33.9
248614,Invalid Foreign Key: Order_Item_ID; Invalid Foreign Key: Product_ID,SA00248613,O0048613,OI00248613,2025-10-19,C008614,P00614,E00114,R014,4,805.71,8.06,797.65,502.3,78.0,14.36
248657,Invalid Foreign Key: Order_ID; Invalid Foreign Key: Order_Item_ID; Invalid Foreign Key: Customer_ID,SA00248656,O0048656,OI00248656,2025-12-01,C008657,P00657,E00157,R017,2,1495.28,29.91,1465.37,937.81,41.0,26.38
248751,Invalid Foreign Key: Order_ID; Invalid Foreign Key: Order_Item_ID; Invalid Foreign Key: Employee_ID,SA00248750,O0048750,OI00248750,2026-03-05,C008751,P00751,E00251,R011,1,671.42,33.57,637.85,421.0,55.0,11.48
248842,Invalid Foreign Key: Order_Item_ID; Invalid Foreign Key: Product_ID,SA00248841,O0048841,OI00248841,2026-06-04,C008842,P00842,E00342,R002,2,1114.2,55.71,1058.49,698.28,66.0,19.05
248921,Invalid Foreign Key: Order_Item_ID; Invalid Foreign Key: Product_ID,SA00248920,O0048920,OI00248920,2026-08-22,C008921,P00921,E00421,R001,1,290.34,0.0,290.34,181.47,65.0,5.23
248973,Invalid Foreign Key: Order_ID; Invalid Foreign Key: Order_Item_ID; Invalid Foreign Key: Customer_ID,SA00248972,O0048972,OI00248972,2025-10-13,C008973,P00973,E00473,R013,3,2852.64,85.58,2767.06,1789.98,37.0,49.81
248998,Invalid Foreign Key: Order_Item_ID; Invalid Foreign Key: Product_ID,SA00248997,O0048997,OI00248997,2025-11-07,C008998,P00998,E00498,R018,3,3805.33,0.0,3805.33,2388.81,62.0,68.5
249251,Invalid Foreign Key: Order_ID; Invalid Foreign Key: Order_Item_ID; Invalid Foreign Key: Employee_ID,SA00249250,O0049250,OI00249250,2026-07-18,C009251,P00251,E00251,R011,1,671.42,6.71,664.71,421.0,75.0,11.96
249307,Invalid Foreign Key: Order_Item_ID; Invalid Foreign Key: Product_ID,SA00249306,O0049306,OI00249306,2025-09-12,C009307,P00307,E00307,R007,2,225.02,2.25,222.77,139.37,51.0,4.01
249421,Invalid Foreign Key: Order_Item_ID; Invalid Foreign Key: Product_ID,SA00249420,O0049420,OI00249420,2026-01-04,C009421,P00421,E00421,R001,1,290.34,8.71,281.63,181.47,85.0,5.07
249444,Invalid Foreign Key: Order_ID; Invalid Foreign Key: Order_Item_ID; Invalid Foreign Key: Customer_ID,SA00249443,O0049443,OI00249443,2026-01-27,C009444,P00444,E00444,R004,4,2330.02,116.5,2213.52,1460.43,28.0,39.84
249499,Invalid Foreign Key: Order_Item_ID; Invalid Foreign Key: Product_ID,SA00249498,O0049498,OI00249498,2026-03-23,C009499,P00499,E00499,R019,4,5124.58,204.98,4919.6,3217.02,83.0,88.55
249577,Invalid Foreign Key: Order_Item_ID; Invalid Foreign Key: Product_ID,SA00249576,O0049576,OI00249576,2026-06-09,C009577,P00577,E00077,R017,2,2003.38,100.17,1903.21,1257.19,81.0,34.26
249614,Invalid Foreign Key: Order_Item_ID; Invalid Foreign Key: Product_ID,SA00249613,O0049613,OI00249613,2026-07-16,C009614,P00614,E00114,R014,4,805.71,0.0,805.71,502.3,38.0,14.5
249751,Invalid Foreign Key: Order_ID; Invalid Foreign Key: Order_Item_ID; Invalid Foreign Key: Employee_ID,SA00249750,O0049750,OI00249750,2025-11-30,C009751,P00751,E00251,R011,1,671.42,26.86,644.57,421.0,95.0,11.6
249757,Invalid Foreign Key: Order_ID; Invalid Foreign Key: Order_Item_ID,SA00249756,O0049756,OI00249756,2025-12-06,C009757,P00757,E00257,R017,2,1495.28,44.86,1450.42,937.81,101.0,26.11
249835,Invalid Foreign Key: Order_Item_ID,SA00249834,O0049834,OI00249834,2026-02-22,C009835,P00835,E00335,R015,5,2340.9,93.64,2247.27,1466.24,99.0,40.45
249842,Invalid Foreign Key: Order_Item_ID; Invalid Foreign Key: Product_ID,SA00249841,O0049841,OI00249841,2026-03-01,C009842,P00842,E00342,R002,2,1114.2,44.57,1069.63,698.28,26.0,19.25
249921,Invalid Foreign Key: Order_Item_ID; Invalid Foreign Key: Product_ID,SA00249920,O0049920,OI00249920,2026-05-19,C009921,P00921,E00421,R001,1,290.34,17.42,272.92,181.47,25.0,4.91
249966,Invalid Foreign Key: Order_ID; Invalid Foreign Key: Order_Item_ID,SA00249965,O0049965,OI00249965,2026-07-03,C009966,P00966,E00466,R006,1,861.96,17.24,844.72,540.77,70.0,15.2
249970,Invalid Foreign Key: Order_ID; Invalid Foreign Key: Order_Item_ID; Invalid Foreign Key: Customer_ID,SA00249969,O0049969,OI00249969,2026-07-07,C009970,P00970,E00470,R010,5,4563.86,273.83,4290.02,2863.52,74.0,77.22
249998,Invalid Foreign Key: Order_Item_ID; Invalid Foreign Key: Product_ID,SA00249997,O0049997,OI00249997,2026-08-04,C009998,P00998,E00498,R018,3,3805.33,228.32,3577.01,2388.81,102.0,64.39
